experiment_id,model_name,transaction_id,feature_name,prediction_time,available_time,source,reported_accuracy,expected_status
EXP-001,FraudRisk-v12,EXP-001-TX-0001,transaction_amount,2026-01-01T03:00:00,2026-01-01T02:39:00,payments,0.978,SAFE
EXP-001,FraudRisk-v12,EXP-001-TX-0001,customer_risk_score,2026-01-01T03:00:00,2026-01-01T02:56:00,risk_engine,0.978,SAFE
EXP-001,FraudRisk-v12,EXP-001-TX-0001,merchant_risk_score,2026-01-01T03:00:00,2026-01-01T02:59:00,merchant_risk,0.978,SAFE
EXP-001,FraudRisk-v12,EXP-001-TX-0001,device_risk_score,2026-01-01T03:00:00,2026-01-01T02:36:00,device_intelligence,0.978,SAFE
EXP-001,FraudRisk-v12,EXP-001-TX-0001,transaction_velocity,2026-01-01T03:00:00,2026-01-01T02:51:00,payments,0.978,SAFE
EXP-001,FraudRisk-v12,EXP-001-TX-0001,chargeback_result,2026-01-01T03:00:00,2026-01-08T10:00:00,payments,0.978,LEAKAGE
EXP-001,FraudRisk-v12,EXP-001-TX-0001,settlement_status,2026-01-01T03:00:00,2026-01-03T10:00:00,payments,0.978,LEAKAGE
EXP-001,FraudRisk-v12,EXP-001-TX-0002,transaction_amount,2026-01-01T06:00:00,2026-01-01T05:55:00,payments,0.978,SAFE
EXP-001,FraudRisk-v12,EXP-001-TX-0002,customer_risk_score,2026-01-01T06:00:00,2026-01-01T05:36:00,risk_engine,0.978,SAFE
EXP-001,FraudRisk-v12,EXP-001-TX-0002,merchant_risk_score,2026-01-01T06:00:00,2026-01-01T05:56:00,merchant_risk,0.978,SAFE
EXP-001,FraudRisk-v12,EXP-001-TX-0002,device_risk_score,2026-01-01T06:00:00,2026-01-01T05:38:00,device_intelligence,0.978,SAFE
EXP-001,FraudRisk-v12,EXP-001-TX-0002,transaction_velocity,2026-01-01T06:00:00,2026-01-01T05:36:00,payments,0.978,SAFE
EXP-001,FraudRisk-v12,EXP-001-TX-0002,chargeback_result,2026-01-01T06:00:00,2026-01-08T23:00:00,payments,0.978,LEAKAGE
EXP-001,FraudRisk-v12,EXP-001-TX-0002,settlement_status,2026-01-01T06:00:00,2026-01-03T08:00:00,payments,0.978,LEAKAGE
EXP-001,FraudRisk-v12,EXP-001-TX-0003,transaction_amount,2026-01-01T09:00:00,2026-01-01T08:41:00,payments,0.978,SAFE
EXP-001,FraudRisk-v12,EXP-001-TX-0003,customer_risk_score,2026-01-01T09:00:00,2026-01-01T08:46:00,risk_engine,0.978,SAFE
EXP-001,FraudRisk-v12,EXP-001-TX-0003,merchant_risk_score,2026-01-01T09:00:00,2026-01-01T08:58:00,merchant_risk,0.978,SAFE
EXP-001,FraudRisk-v12,EXP-001-TX-0003,device_risk_score,2026-01-01T09:00:00,2026-01-01T08:59:00,device_intelligence,0.978,SAFE
EXP-001,FraudRisk-v12,EXP-001-TX-0003,transaction_velocity,2026-01-01T09:00:00,2026-01-01T08:57:00,payments,0.978,SAFE
EXP-001,FraudRisk-v12,EXP-001-TX-0003,chargeback_result,2026-01-01T09:00:00,2026-01-08T15:00:00,payments,0.978,LEAKAGE
EXP-001,FraudRisk-v12,EXP-001-TX-0003,settlement_status,2026-01-01T09:00:00,2026-01-03T16:00:00,payments,0.978,LEAKAGE
EXP-001,FraudRisk-v12,EXP-001-TX-0004,transaction_amount,2026-01-01T12:00:00,2026-01-01T11:43:00,payments,0.978,SAFE
EXP-001,FraudRisk-v12,EXP-001-TX-0004,customer_risk_score,2026-01-01T12:00:00,2026-01-01T11:40:00,risk_engine,0.978,SAFE
EXP-001,FraudRisk-v12,EXP-001-TX-0004,merchant_risk_score,2026-01-01T12:00:00,2026-01-01T11:59:00,merchant_risk,0.978,SAFE
EXP-001,FraudRisk-v12,EXP-001-TX-0004,device_risk_score,2026-01-01T12:00:00,2026-01-01T11:42:00,device_intelligence,0.978,SAFE
EXP-001,FraudRisk-v12,EXP-001-TX-0004,transaction_velocity,2026-01-01T12:00:00,2026-01-01T11:53:00,payments,0.978,SAFE
EXP-001,FraudRisk-v12,EXP-001-TX-0004,chargeback_result,2026-01-01T12:00:00,2026-01-09T10:00:00,payments,0.978,LEAKAGE
EXP-001,FraudRisk-v12,EXP-001-TX-0004,settlement_status,2026-01-01T12:00:00,2026-01-04T08:00:00,payments,0.978,LEAKAGE
EXP-001,FraudRisk-v12,EXP-001-TX-0005,transaction_amount,2026-01-01T15:00:00,2026-01-01T14:37:00,payments,0.978,SAFE
EXP-001,FraudRisk-v12,EXP-001-TX-0005,customer_risk_score,2026-01-01T15:00:00,2026-01-01T14:42:00,risk_engine,0.978,SAFE
EXP-001,FraudRisk-v12,EXP-001-TX-0005,merchant_risk_score,2026-01-01T15:00:00,2026-01-01T14:46:00,merchant_risk,0.978,SAFE
EXP-001,FraudRisk-v12,EXP-001-TX-0005,device_risk_score,2026-01-01T15:00:00,2026-01-01T14:52:00,device_intelligence,0.978,SAFE
EXP-001,FraudRisk-v12,EXP-001-TX-0005,transaction_velocity,2026-01-01T15:00:00,2026-01-01T14:45:00,payments,0.978,SAFE
EXP-001,FraudRisk-v12,EXP-001-TX-0005,chargeback_result,2026-01-01T15:00:00,2026-01-09T09:00:00,payments,0.978,LEAKAGE
EXP-001,FraudRisk-v12,EXP-001-TX-0005,settlement_status,2026-01-01T15:00:00,2026-01-03T23:00:00,payments,0.978,LEAKAGE
EXP-001,FraudRisk-v12,EXP-001-TX-0006,transaction_amount,2026-01-01T18:00:00,2026-01-01T17:34:00,payments,0.978,SAFE
EXP-001,FraudRisk-v12,EXP-001-TX-0006,customer_risk_score,2026-01-01T18:00:00,2026-01-01T17:32:00,risk_engine,0.978,SAFE
EXP-001,FraudRisk-v12,EXP-001-TX-0006,merchant_risk_score,2026-01-01T18:00:00,2026-01-01T17:59:00,merchant_risk,0.978,SAFE
EXP-001,FraudRisk-v12,EXP-001-TX-0006,device_risk_score,2026-01-01T18:00:00,2026-01-01T17:35:00,device_intelligence,0.978,SAFE
EXP-001,FraudRisk-v12,EXP-001-TX-0006,transaction_velocity,2026-01-01T18:00:00,2026-01-01T17:34:00,payments,0.978,SAFE
EXP-001,FraudRisk-v12,EXP-001-TX-0006,chargeback_result,2026-01-01T18:00:00,2026-01-08T23:00:00,payments,0.978,LEAKAGE
EXP-001,FraudRisk-v12,EXP-001-TX-0006,settlement_status,2026-01-01T18:00:00,2026-01-04T16:00:00,payments,0.978,LEAKAGE
EXP-001,FraudRisk-v12,EXP-001-TX-0007,transaction_amount,2026-01-01T21:00:00,2026-01-01T20:46:00,payments,0.978,SAFE
EXP-001,FraudRisk-v12,EXP-001-TX-0007,customer_risk_score,2026-01-01T21:00:00,2026-01-01T20:49:00,risk_engine,0.978,SAFE
EXP-001,FraudRisk-v12,EXP-001-TX-0007,merchant_risk_score,2026-01-01T21:00:00,2026-01-01T20:51:00,merchant_risk,0.978,SAFE
EXP-001,FraudRisk-v12,EXP-001-TX-0007,device_risk_score,2026-01-01T21:00:00,2026-01-01T20:55:00,device_intelligence,0.978,SAFE
EXP-001,FraudRisk-v12,EXP-001-TX-0007,transaction_velocity,2026-01-01T21:00:00,2026-01-01T20:53:00,payments,0.978,SAFE
EXP-001,FraudRisk-v12,EXP-001-TX-0007,chargeback_result,2026-01-01T21:00:00,2026-01-09T07:00:00,payments,0.978,LEAKAGE
EXP-001,FraudRisk-v12,EXP-001-TX-0007,settlement_status,2026-01-01T21:00:00,2026-01-04T00:00:00,payments,0.978,LEAKAGE
EXP-001,FraudRisk-v12,EXP-001-TX-0008,transaction_amount,2026-01-02T00:00:00,2026-01-01T23:57:00,payments,0.978,SAFE
EXP-001,FraudRisk-v12,EXP-001-TX-0008,customer_risk_score,2026-01-02T00:00:00,2026-01-01T23:47:00,risk_engine,0.978,SAFE
EXP-001,FraudRisk-v12,EXP-001-TX-0008,merchant_risk_score,2026-01-02T00:00:00,2026-01-01T23:56:00,merchant_risk,0.978,SAFE
EXP-001,FraudRisk-v12,EXP-001-TX-0008,device_risk_score,2026-01-02T00:00:00,2026-01-01T23:48:00,device_intelligence,0.978,SAFE
EXP-001,FraudRisk-v12,EXP-001-TX-0008,transaction_velocity,2026-01-02T00:00:00,2026-01-01T23:32:00,payments,0.978,SAFE
EXP-001,FraudRisk-v12,EXP-001-TX-0008,chargeback_result,2026-01-02T00:00:00,2026-01-09T11:00:00,payments,0.978,LEAKAGE
EXP-001,FraudRisk-v12,EXP-001-TX-0008,settlement_status,2026-01-02T00:00:00,2026-01-04T19:00:00,payments,0.978,LEAKAGE
EXP-001,FraudRisk-v12,EXP-001-TX-0009,transaction_amount,2026-01-02T03:00:00,2026-01-02T02:51:00,payments,0.978,SAFE
EXP-001,FraudRisk-v12,EXP-001-TX-0009,customer_risk_score,2026-01-02T03:00:00,2026-01-02T02:34:00,risk_engine,0.978,SAFE
EXP-001,FraudRisk-v12,EXP-001-TX-0009,merchant_risk_score,2026-01-02T03:00:00,2026-01-02T02:58:00,merchant_risk,0.978,SAFE
EXP-001,FraudRisk-v12,EXP-001-TX-0009,device_risk_score,2026-01-02T03:00:00,2026-01-02T02:36:00,device_intelligence,0.978,SAFE
EXP-001,FraudRisk-v12,EXP-001-TX-0009,transaction_velocity,2026-01-02T03:00:00,2026-01-02T02:45:00,payments,0.978,SAFE
EXP-001,FraudRisk-v12,EXP-001-TX-0009,chargeback_result,2026-01-02T03:00:00,2026-01-09T20:00:00,payments,0.978,LEAKAGE
EXP-001,FraudRisk-v12,EXP-001-TX-0009,settlement_status,2026-01-02T03:00:00,2026-01-04T06:00:00,payments,0.978,LEAKAGE
EXP-001,FraudRisk-v12,EXP-001-TX-0010,transaction_amount,2026-01-02T06:00:00,2026-01-02T05:30:00,payments,0.978,SAFE
EXP-001,FraudRisk-v12,EXP-001-TX-0010,customer_risk_score,2026-01-02T06:00:00,2026-01-02T05:47:00,risk_engine,0.978,SAFE
EXP-001,FraudRisk-v12,EXP-001-TX-0010,merchant_risk_score,2026-01-02T06:00:00,2026-01-02T05:57:00,merchant_risk,0.978,SAFE
EXP-001,FraudRisk-v12,EXP-001-TX-0010,device_risk_score,2026-01-02T06:00:00,2026-01-02T05:42:00,device_intelligence,0.978,SAFE
EXP-001,FraudRisk-v12,EXP-001-TX-0010,transaction_velocity,2026-01-02T06:00:00,2026-01-02T05:50:00,payments,0.978,SAFE
EXP-001,FraudRisk-v12,EXP-001-TX-0010,chargeback_result,2026-01-02T06:00:00,2026-01-10T02:00:00,payments,0.978,LEAKAGE
EXP-001,FraudRisk-v12,EXP-001-TX-0010,settlement_status,2026-01-02T06:00:00,2026-01-05T01:00:00,payments,0.978,LEAKAGE
EXP-001,FraudRisk-v12,EXP-001-TX-0011,transaction_amount,2026-01-02T09:00:00,2026-01-02T08:31:00,payments,0.978,SAFE
EXP-001,FraudRisk-v12,EXP-001-TX-0011,customer_risk_score,2026-01-02T09:00:00,2026-01-02T08:32:00,risk_engine,0.978,SAFE
EXP-001,FraudRisk-v12,EXP-001-TX-0011,merchant_risk_score,2026-01-02T09:00:00,2026-01-02T08:48:00,merchant_risk,0.978,SAFE
EXP-001,FraudRisk-v12,EXP-001-TX-0011,device_risk_score,2026-01-02T09:00:00,2026-01-02T08:41:00,device_intelligence,0.978,SAFE
EXP-001,FraudRisk-v12,EXP-001-TX-0011,transaction_velocity,2026-01-02T09:00:00,2026-01-02T08:53:00,payments,0.978,SAFE
EXP-001,FraudRisk-v12,EXP-001-TX-0011,chargeback_result,2026-01-02T09:00:00,2026-01-10T07:00:00,payments,0.978,LEAKAGE
EXP-001,FraudRisk-v12,EXP-001-TX-0011,settlement_status,2026-01-02T09:00:00,2026-01-04T11:00:00,payments,0.978,LEAKAGE
EXP-001,FraudRisk-v12,EXP-001-TX-0012,transaction_amount,2026-01-02T12:00:00,2026-01-02T11:58:00,payments,0.978,SAFE
EXP-001,FraudRisk-v12,EXP-001-TX-0012,customer_risk_score,2026-01-02T12:00:00,2026-01-02T11:38:00,risk_engine,0.978,SAFE
EXP-001,FraudRisk-v12,EXP-001-TX-0012,merchant_risk_score,2026-01-02T12:00:00,2026-01-02T11:52:00,merchant_risk,0.978,SAFE
EXP-001,FraudRisk-v12,EXP-001-TX-0012,device_risk_score,2026-01-02T12:00:00,2026-01-02T11:35:00,device_intelligence,0.978,SAFE
EXP-001,FraudRisk-v12,EXP-001-TX-0012,transaction_velocity,2026-01-02T12:00:00,2026-01-02T11:50:00,payments,0.978,SAFE
EXP-001,FraudRisk-v12,EXP-001-TX-0012,chargeback_result,2026-01-02T12:00:00,2026-01-09T14:00:00,payments,0.978,LEAKAGE
EXP-001,FraudRisk-v12,EXP-001-TX-0012,settlement_status,2026-01-02T12:00:00,2026-01-04T19:00:00,payments,0.978,LEAKAGE
EXP-001,FraudRisk-v12,EXP-001-TX-0013,transaction_amount,2026-01-02T15:00:00,2026-01-02T14:32:00,payments,0.978,SAFE
EXP-001,FraudRisk-v12,EXP-001-TX-0013,customer_risk_score,2026-01-02T15:00:00,2026-01-02T14:56:00,risk_engine,0.978,SAFE
EXP-001,FraudRisk-v12,EXP-001-TX-0013,merchant_risk_score,2026-01-02T15:00:00,2026-01-02T14:47:00,merchant_risk,0.978,SAFE
EXP-001,FraudRisk-v12,EXP-001-TX-0013,device_risk_score,2026-01-02T15:00:00,2026-01-02T14:51:00,device_intelligence,0.978,SAFE
EXP-001,FraudRisk-v12,EXP-001-TX-0013,transaction_velocity,2026-01-02T15:00:00,2026-01-02T14:45:00,payments,0.978,SAFE
EXP-001,FraudRisk-v12,EXP-001-TX-0013,chargeback_result,2026-01-02T15:00:00,2026-01-10T11:00:00,payments,0.978,LEAKAGE
EXP-001,FraudRisk-v12,EXP-001-TX-0013,settlement_status,2026-01-02T15:00:00,2026-01-05T02:00:00,payments,0.978,LEAKAGE
EXP-001,FraudRisk-v12,EXP-001-TX-0014,transaction_amount,2026-01-02T18:00:00,2026-01-02T17:54:00,payments,0.978,SAFE
EXP-001,FraudRisk-v12,EXP-001-TX-0014,customer_risk_score,2026-01-02T18:00:00,2026-01-02T17:48:00,risk_engine,0.978,SAFE
EXP-001,FraudRisk-v12,EXP-001-TX-0014,merchant_risk_score,2026-01-02T18:00:00,2026-01-02T17:48:00,merchant_risk,0.978,SAFE
EXP-001,FraudRisk-v12,EXP-001-TX-0014,device_risk_score,2026-01-02T18:00:00,2026-01-02T17:53:00,device_intelligence,0.978,SAFE
EXP-001,FraudRisk-v12,EXP-001-TX-0014,transaction_velocity,2026-01-02T18:00:00,2026-01-02T17:38:00,payments,0.978,SAFE
EXP-001,FraudRisk-v12,EXP-001-TX-0014,chargeback_result,2026-01-02T18:00:00,2026-01-10T02:00:00,payments,0.978,LEAKAGE
EXP-001,FraudRisk-v12,EXP-001-TX-0014,settlement_status,2026-01-02T18:00:00,2026-01-05T16:00:00,payments,0.978,LEAKAGE
EXP-001,FraudRisk-v12,EXP-001-TX-0015,transaction_amount,2026-01-02T21:00:00,2026-01-02T20:30:00,payments,0.978,SAFE
EXP-001,FraudRisk-v12,EXP-001-TX-0015,customer_risk_score,2026-01-02T21:00:00,2026-01-02T20:38:00,risk_engine,0.978,SAFE
EXP-001,FraudRisk-v12,EXP-001-TX-0015,merchant_risk_score,2026-01-02T21:00:00,2026-01-02T20:39:00,merchant_risk,0.978,SAFE
EXP-001,FraudRisk-v12,EXP-001-TX-0015,device_risk_score,2026-01-02T21:00:00,2026-01-02T20:57:00,device_intelligence,0.978,SAFE
EXP-001,FraudRisk-v12,EXP-001-TX-0015,transaction_velocity,2026-01-02T21:00:00,2026-01-02T20:40:00,payments,0.978,SAFE
EXP-001,FraudRisk-v12,EXP-001-TX-0015,chargeback_result,2026-01-02T21:00:00,2026-01-10T17:00:00,payments,0.978,LEAKAGE
EXP-001,FraudRisk-v12,EXP-001-TX-0015,settlement_status,2026-01-02T21:00:00,2026-01-05T02:00:00,payments,0.978,LEAKAGE
EXP-001,FraudRisk-v12,EXP-001-TX-0016,transaction_amount,2026-01-03T00:00:00,2026-01-02T23:42:00,payments,0.978,SAFE
EXP-001,FraudRisk-v12,EXP-001-TX-0016,customer_risk_score,2026-01-03T00:00:00,2026-01-02T23:36:00,risk_engine,0.978,SAFE
EXP-001,FraudRisk-v12,EXP-001-TX-0016,merchant_risk_score,2026-01-03T00:00:00,2026-01-02T23:52:00,merchant_risk,0.978,SAFE
EXP-001,FraudRisk-v12,EXP-001-TX-0016,device_risk_score,2026-01-03T00:00:00,2026-01-02T23:54:00,device_intelligence,0.978,SAFE
EXP-001,FraudRisk-v12,EXP-001-TX-0016,transaction_velocity,2026-01-03T00:00:00,2026-01-02T23:45:00,payments,0.978,SAFE
EXP-001,FraudRisk-v12,EXP-001-TX-0016,chargeback_result,2026-01-03T00:00:00,2026-01-10T12:00:00,payments,0.978,LEAKAGE
EXP-001,FraudRisk-v12,EXP-001-TX-0016,settlement_status,2026-01-03T00:00:00,2026-01-05T08:00:00,payments,0.978,LEAKAGE
EXP-001,FraudRisk-v12,EXP-001-TX-0017,transaction_amount,2026-01-03T03:00:00,2026-01-03T02:30:00,payments,0.978,SAFE
EXP-001,FraudRisk-v12,EXP-001-TX-0017,customer_risk_score,2026-01-03T03:00:00,2026-01-03T02:39:00,risk_engine,0.978,SAFE
EXP-001,FraudRisk-v12,EXP-001-TX-0017,merchant_risk_score,2026-01-03T03:00:00,2026-01-03T02:37:00,merchant_risk,0.978,SAFE
EXP-001,FraudRisk-v12,EXP-001-TX-0017,device_risk_score,2026-01-03T03:00:00,2026-01-03T02:42:00,device_intelligence,0.978,SAFE
EXP-001,FraudRisk-v12,EXP-001-TX-0017,transaction_velocity,2026-01-03T03:00:00,2026-01-03T02:52:00,payments,0.978,SAFE
EXP-001,FraudRisk-v12,EXP-001-TX-0017,chargeback_result,2026-01-03T03:00:00,2026-01-11T00:00:00,payments,0.978,LEAKAGE
EXP-001,FraudRisk-v12,EXP-001-TX-0017,settlement_status,2026-01-03T03:00:00,2026-01-05T13:00:00,payments,0.978,LEAKAGE
EXP-001,FraudRisk-v12,EXP-001-TX-0018,transaction_amount,2026-01-03T06:00:00,2026-01-03T05:33:00,payments,0.978,SAFE
EXP-001,FraudRisk-v12,EXP-001-TX-0018,customer_risk_score,2026-01-03T06:00:00,2026-01-03T05:35:00,risk_engine,0.978,SAFE
EXP-001,FraudRisk-v12,EXP-001-TX-0018,merchant_risk_score,2026-01-03T06:00:00,2026-01-03T05:35:00,merchant_risk,0.978,SAFE
EXP-001,FraudRisk-v12,EXP-001-TX-0018,device_risk_score,2026-01-03T06:00:00,2026-01-03T05:58:00,device_intelligence,0.978,SAFE
EXP-001,FraudRisk-v12,EXP-001-TX-0018,transaction_velocity,2026-01-03T06:00:00,2026-01-03T05:52:00,payments,0.978,SAFE
EXP-001,FraudRisk-v12,EXP-001-TX-0018,chargeback_result,2026-01-03T06:00:00,2026-01-10T07:00:00,payments,0.978,LEAKAGE
EXP-001,FraudRisk-v12,EXP-001-TX-0018,settlement_status,2026-01-03T06:00:00,2026-01-05T16:00:00,payments,0.978,LEAKAGE
EXP-001,FraudRisk-v12,EXP-001-TX-0019,transaction_amount,2026-01-03T09:00:00,2026-01-03T08:47:00,payments,0.978,SAFE
EXP-001,FraudRisk-v12,EXP-001-TX-0019,customer_risk_score,2026-01-03T09:00:00,2026-01-03T08:51:00,risk_engine,0.978,SAFE
EXP-001,FraudRisk-v12,EXP-001-TX-0019,merchant_risk_score,2026-01-03T09:00:00,2026-01-03T08:57:00,merchant_risk,0.978,SAFE
EXP-001,FraudRisk-v12,EXP-001-TX-0019,device_risk_score,2026-01-03T09:00:00,2026-01-03T08:53:00,device_intelligence,0.978,SAFE
EXP-001,FraudRisk-v12,EXP-001-TX-0019,transaction_velocity,2026-01-03T09:00:00,2026-01-03T08:30:00,payments,0.978,SAFE
EXP-001,FraudRisk-v12,EXP-001-TX-0019,chargeback_result,2026-01-03T09:00:00,2026-01-11T03:00:00,payments,0.978,LEAKAGE
EXP-001,FraudRisk-v12,EXP-001-TX-0019,settlement_status,2026-01-03T09:00:00,2026-01-06T07:00:00,payments,0.978,LEAKAGE
EXP-001,FraudRisk-v12,EXP-001-TX-0020,transaction_amount,2026-01-03T12:00:00,2026-01-03T11:49:00,payments,0.978,SAFE
EXP-001,FraudRisk-v12,EXP-001-TX-0020,customer_risk_score,2026-01-03T12:00:00,2026-01-03T11:53:00,risk_engine,0.978,SAFE
EXP-001,FraudRisk-v12,EXP-001-TX-0020,merchant_risk_score,2026-01-03T12:00:00,2026-01-03T11:39:00,merchant_risk,0.978,SAFE
EXP-001,FraudRisk-v12,EXP-001-TX-0020,device_risk_score,2026-01-03T12:00:00,2026-01-03T11:44:00,device_intelligence,0.978,SAFE
EXP-001,FraudRisk-v12,EXP-001-TX-0020,transaction_velocity,2026-01-03T12:00:00,2026-01-03T11:47:00,payments,0.978,SAFE
EXP-001,FraudRisk-v12,EXP-001-TX-0020,chargeback_result,2026-01-03T12:00:00,2026-01-11T08:00:00,payments,0.978,LEAKAGE
EXP-001,FraudRisk-v12,EXP-001-TX-0020,settlement_status,2026-01-03T12:00:00,2026-01-06T02:00:00,payments,0.978,LEAKAGE
EXP-001,FraudRisk-v12,EXP-001-TX-0021,transaction_amount,2026-01-03T15:00:00,2026-01-03T14:55:00,payments,0.978,SAFE
EXP-001,FraudRisk-v12,EXP-001-TX-0021,customer_risk_score,2026-01-03T15:00:00,2026-01-03T14:51:00,risk_engine,0.978,SAFE
EXP-001,FraudRisk-v12,EXP-001-TX-0021,merchant_risk_score,2026-01-03T15:00:00,2026-01-03T14:55:00,merchant_risk,0.978,SAFE
EXP-001,FraudRisk-v12,EXP-001-TX-0021,device_risk_score,2026-01-03T15:00:00,2026-01-03T14:52:00,device_intelligence,0.978,SAFE
EXP-001,FraudRisk-v12,EXP-001-TX-0021,transaction_velocity,2026-01-03T15:00:00,2026-01-03T14:36:00,payments,0.978,SAFE
EXP-001,FraudRisk-v12,EXP-001-TX-0021,chargeback_result,2026-01-03T15:00:00,2026-01-11T08:00:00,payments,0.978,LEAKAGE
EXP-001,FraudRisk-v12,EXP-001-TX-0021,settlement_status,2026-01-03T15:00:00,2026-01-06T08:00:00,payments,0.978,LEAKAGE
EXP-001,FraudRisk-v12,EXP-001-TX-0022,transaction_amount,2026-01-03T18:00:00,2026-01-03T17:51:00,payments,0.978,SAFE
EXP-001,FraudRisk-v12,EXP-001-TX-0022,customer_risk_score,2026-01-03T18:00:00,2026-01-03T17:36:00,risk_engine,0.978,SAFE
EXP-001,FraudRisk-v12,EXP-001-TX-0022,merchant_risk_score,2026-01-03T18:00:00,2026-01-03T17:41:00,merchant_risk,0.978,SAFE
EXP-001,FraudRisk-v12,EXP-001-TX-0022,device_risk_score,2026-01-03T18:00:00,2026-01-03T17:46:00,device_intelligence,0.978,SAFE
EXP-001,FraudRisk-v12,EXP-001-TX-0022,transaction_velocity,2026-01-03T18:00:00,2026-01-03T17:31:00,payments,0.978,SAFE
EXP-001,FraudRisk-v12,EXP-001-TX-0022,chargeback_result,2026-01-03T18:00:00,2026-01-11T12:00:00,payments,0.978,LEAKAGE
EXP-001,FraudRisk-v12,EXP-001-TX-0022,settlement_status,2026-01-03T18:00:00,2026-01-06T06:00:00,payments,0.978,LEAKAGE
EXP-001,FraudRisk-v12,EXP-001-TX-0023,transaction_amount,2026-01-03T21:00:00,2026-01-03T20:48:00,payments,0.978,SAFE
EXP-001,FraudRisk-v12,EXP-001-TX-0023,customer_risk_score,2026-01-03T21:00:00,2026-01-03T20:52:00,risk_engine,0.978,SAFE
EXP-001,FraudRisk-v12,EXP-001-TX-0023,merchant_risk_score,2026-01-03T21:00:00,2026-01-03T20:55:00,merchant_risk,0.978,SAFE
EXP-001,FraudRisk-v12,EXP-001-TX-0023,device_risk_score,2026-01-03T21:00:00,2026-01-03T20:43:00,device_intelligence,0.978,SAFE
EXP-001,FraudRisk-v12,EXP-001-TX-0023,transaction_velocity,2026-01-03T21:00:00,2026-01-03T20:44:00,payments,0.978,SAFE
EXP-001,FraudRisk-v12,EXP-001-TX-0023,chargeback_result,2026-01-03T21:00:00,2026-01-10T23:00:00,payments,0.978,LEAKAGE
EXP-001,FraudRisk-v12,EXP-001-TX-0023,settlement_status,2026-01-03T21:00:00,2026-01-05T22:00:00,payments,0.978,LEAKAGE
EXP-001,FraudRisk-v12,EXP-001-TX-0024,transaction_amount,2026-01-04T00:00:00,2026-01-03T23:32:00,payments,0.978,SAFE
EXP-001,FraudRisk-v12,EXP-001-TX-0024,customer_risk_score,2026-01-04T00:00:00,2026-01-03T23:56:00,risk_engine,0.978,SAFE
EXP-001,FraudRisk-v12,EXP-001-TX-0024,merchant_risk_score,2026-01-04T00:00:00,2026-01-03T23:55:00,merchant_risk,0.978,SAFE
EXP-001,FraudRisk-v12,EXP-001-TX-0024,device_risk_score,2026-01-04T00:00:00,2026-01-03T23:39:00,device_intelligence,0.978,SAFE
EXP-001,FraudRisk-v12,EXP-001-TX-0024,transaction_velocity,2026-01-04T00:00:00,2026-01-03T23:54:00,payments,0.978,SAFE
EXP-001,FraudRisk-v12,EXP-001-TX-0024,chargeback_result,2026-01-04T00:00:00,2026-01-11T21:00:00,payments,0.978,LEAKAGE
EXP-001,FraudRisk-v12,EXP-001-TX-0024,settlement_status,2026-01-04T00:00:00,2026-01-06T13:00:00,payments,0.978,LEAKAGE
EXP-001,FraudRisk-v12,EXP-001-TX-0025,transaction_amount,2026-01-04T03:00:00,2026-01-04T02:40:00,payments,0.978,SAFE
EXP-001,FraudRisk-v12,EXP-001-TX-0025,customer_risk_score,2026-01-04T03:00:00,2026-01-04T02:57:00,risk_engine,0.978,SAFE
EXP-001,FraudRisk-v12,EXP-001-TX-0025,merchant_risk_score,2026-01-04T03:00:00,2026-01-04T02:47:00,merchant_risk,0.978,SAFE
EXP-001,FraudRisk-v12,EXP-001-TX-0025,device_risk_score,2026-01-04T03:00:00,2026-01-04T02:47:00,device_intelligence,0.978,SAFE
EXP-001,FraudRisk-v12,EXP-001-TX-0025,transaction_velocity,2026-01-04T03:00:00,2026-01-04T02:40:00,payments,0.978,SAFE
EXP-001,FraudRisk-v12,EXP-001-TX-0025,chargeback_result,2026-01-04T03:00:00,2026-01-11T17:00:00,payments,0.978,LEAKAGE
EXP-001,FraudRisk-v12,EXP-001-TX-0025,settlement_status,2026-01-04T03:00:00,2026-01-06T19:00:00,payments,0.978,LEAKAGE
EXP-001,FraudRisk-v12,EXP-001-TX-0026,transaction_amount,2026-01-04T06:00:00,2026-01-04T05:51:00,payments,0.978,SAFE
EXP-001,FraudRisk-v12,EXP-001-TX-0026,customer_risk_score,2026-01-04T06:00:00,2026-01-04T05:42:00,risk_engine,0.978,SAFE
EXP-001,FraudRisk-v12,EXP-001-TX-0026,merchant_risk_score,2026-01-04T06:00:00,2026-01-04T05:32:00,merchant_risk,0.978,SAFE
EXP-001,FraudRisk-v12,EXP-001-TX-0026,device_risk_score,2026-01-04T06:00:00,2026-01-04T05:59:00,device_intelligence,0.978,SAFE
EXP-001,FraudRisk-v12,EXP-001-TX-0026,transaction_velocity,2026-01-04T06:00:00,2026-01-04T05:38:00,payments,0.978,SAFE
EXP-001,FraudRisk-v12,EXP-001-TX-0026,chargeback_result,2026-01-04T06:00:00,2026-01-12T05:00:00,payments,0.978,LEAKAGE
EXP-001,FraudRisk-v12,EXP-001-TX-0026,settlement_status,2026-01-04T06:00:00,2026-01-06T09:00:00,payments,0.978,LEAKAGE
EXP-001,FraudRisk-v12,EXP-001-TX-0027,transaction_amount,2026-01-04T09:00:00,2026-01-04T08:38:00,payments,0.978,SAFE
EXP-001,FraudRisk-v12,EXP-001-TX-0027,customer_risk_score,2026-01-04T09:00:00,2026-01-04T08:31:00,risk_engine,0.978,SAFE
EXP-001,FraudRisk-v12,EXP-001-TX-0027,merchant_risk_score,2026-01-04T09:00:00,2026-01-04T08:42:00,merchant_risk,0.978,SAFE
EXP-001,FraudRisk-v12,EXP-001-TX-0027,device_risk_score,2026-01-04T09:00:00,2026-01-04T08:35:00,device_intelligence,0.978,SAFE
EXP-001,FraudRisk-v12,EXP-001-TX-0027,transaction_velocity,2026-01-04T09:00:00,2026-01-04T08:51:00,payments,0.978,SAFE
EXP-001,FraudRisk-v12,EXP-001-TX-0027,chargeback_result,2026-01-04T09:00:00,2026-01-12T05:00:00,payments,0.978,LEAKAGE
EXP-001,FraudRisk-v12,EXP-001-TX-0027,settlement_status,2026-01-04T09:00:00,2026-01-06T19:00:00,payments,0.978,LEAKAGE
EXP-001,FraudRisk-v12,EXP-001-TX-0028,transaction_amount,2026-01-04T12:00:00,2026-01-04T11:56:00,payments,0.978,SAFE
EXP-001,FraudRisk-v12,EXP-001-TX-0028,customer_risk_score,2026-01-04T12:00:00,2026-01-04T11:50:00,risk_engine,0.978,SAFE
EXP-001,FraudRisk-v12,EXP-001-TX-0028,merchant_risk_score,2026-01-04T12:00:00,2026-01-04T11:46:00,merchant_risk,0.978,SAFE
EXP-001,FraudRisk-v12,EXP-001-TX-0028,device_risk_score,2026-01-04T12:00:00,2026-01-04T11:54:00,device_intelligence,0.978,SAFE
EXP-001,FraudRisk-v12,EXP-001-TX-0028,transaction_velocity,2026-01-04T12:00:00,2026-01-04T11:45:00,payments,0.978,SAFE
EXP-001,FraudRisk-v12,EXP-001-TX-0028,chargeback_result,2026-01-04T12:00:00,2026-01-11T12:00:00,payments,0.978,LEAKAGE
EXP-001,FraudRisk-v12,EXP-001-TX-0028,settlement_status,2026-01-04T12:00:00,2026-01-07T11:00:00,payments,0.978,LEAKAGE
EXP-001,FraudRisk-v12,EXP-001-TX-0029,transaction_amount,2026-01-04T15:00:00,2026-01-04T14:31:00,payments,0.978,SAFE
EXP-001,FraudRisk-v12,EXP-001-TX-0029,customer_risk_score,2026-01-04T15:00:00,2026-01-04T14:36:00,risk_engine,0.978,SAFE
EXP-001,FraudRisk-v12,EXP-001-TX-0029,merchant_risk_score,2026-01-04T15:00:00,2026-01-04T14:51:00,merchant_risk,0.978,SAFE
EXP-001,FraudRisk-v12,EXP-001-TX-0029,device_risk_score,2026-01-04T15:00:00,2026-01-04T14:43:00,device_intelligence,0.978,SAFE
EXP-001,FraudRisk-v12,EXP-001-TX-0029,transaction_velocity,2026-01-04T15:00:00,2026-01-04T14:35:00,payments,0.978,SAFE
EXP-001,FraudRisk-v12,EXP-001-TX-0029,chargeback_result,2026-01-04T15:00:00,2026-01-11T20:00:00,payments,0.978,LEAKAGE
EXP-001,FraudRisk-v12,EXP-001-TX-0029,settlement_status,2026-01-04T15:00:00,2026-01-07T07:00:00,payments,0.978,LEAKAGE
EXP-001,FraudRisk-v12,EXP-001-TX-0030,transaction_amount,2026-01-04T18:00:00,2026-01-04T17:30:00,payments,0.978,SAFE
EXP-001,FraudRisk-v12,EXP-001-TX-0030,customer_risk_score,2026-01-04T18:00:00,2026-01-04T17:56:00,risk_engine,0.978,SAFE
EXP-001,FraudRisk-v12,EXP-001-TX-0030,merchant_risk_score,2026-01-04T18:00:00,2026-01-04T17:32:00,merchant_risk,0.978,SAFE
EXP-001,FraudRisk-v12,EXP-001-TX-0030,device_risk_score,2026-01-04T18:00:00,2026-01-04T17:39:00,device_intelligence,0.978,SAFE
EXP-001,FraudRisk-v12,EXP-001-TX-0030,transaction_velocity,2026-01-04T18:00:00,2026-01-04T17:50:00,payments,0.978,SAFE
EXP-001,FraudRisk-v12,EXP-001-TX-0030,chargeback_result,2026-01-04T18:00:00,2026-01-12T14:00:00,payments,0.978,LEAKAGE
EXP-001,FraudRisk-v12,EXP-001-TX-0030,settlement_status,2026-01-04T18:00:00,2026-01-07T10:00:00,payments,0.978,LEAKAGE
EXP-001,FraudRisk-v12,EXP-001-TX-0031,transaction_amount,2026-01-04T21:00:00,2026-01-04T20:40:00,payments,0.978,SAFE
EXP-001,FraudRisk-v12,EXP-001-TX-0031,customer_risk_score,2026-01-04T21:00:00,2026-01-04T20:53:00,risk_engine,0.978,SAFE
EXP-001,FraudRisk-v12,EXP-001-TX-0031,merchant_risk_score,2026-01-04T21:00:00,2026-01-04T20:55:00,merchant_risk,0.978,SAFE
EXP-001,FraudRisk-v12,EXP-001-TX-0031,device_risk_score,2026-01-04T21:00:00,2026-01-04T20:48:00,device_intelligence,0.978,SAFE
EXP-001,FraudRisk-v12,EXP-001-TX-0031,transaction_velocity,2026-01-04T21:00:00,2026-01-04T20:35:00,payments,0.978,SAFE
EXP-001,FraudRisk-v12,EXP-001-TX-0031,chargeback_result,2026-01-04T21:00:00,2026-01-12T02:00:00,payments,0.978,LEAKAGE
EXP-001,FraudRisk-v12,EXP-001-TX-0031,settlement_status,2026-01-04T21:00:00,2026-01-07T14:00:00,payments,0.978,LEAKAGE
EXP-001,FraudRisk-v12,EXP-001-TX-0032,transaction_amount,2026-01-05T00:00:00,2026-01-04T23:35:00,payments,0.978,SAFE
EXP-001,FraudRisk-v12,EXP-001-TX-0032,customer_risk_score,2026-01-05T00:00:00,2026-01-04T23:30:00,risk_engine,0.978,SAFE
EXP-001,FraudRisk-v12,EXP-001-TX-0032,merchant_risk_score,2026-01-05T00:00:00,2026-01-04T23:43:00,merchant_risk,0.978,SAFE
EXP-001,FraudRisk-v12,EXP-001-TX-0032,device_risk_score,2026-01-05T00:00:00,2026-01-04T23:30:00,device_intelligence,0.978,SAFE
EXP-001,FraudRisk-v12,EXP-001-TX-0032,transaction_velocity,2026-01-05T00:00:00,2026-01-04T23:59:00,payments,0.978,SAFE
EXP-001,FraudRisk-v12,EXP-001-TX-0032,chargeback_result,2026-01-05T00:00:00,2026-01-12T19:00:00,payments,0.978,LEAKAGE
EXP-001,FraudRisk-v12,EXP-001-TX-0032,settlement_status,2026-01-05T00:00:00,2026-01-07T10:00:00,payments,0.978,LEAKAGE
EXP-001,FraudRisk-v12,EXP-001-TX-0033,transaction_amount,2026-01-05T03:00:00,2026-01-05T02:44:00,payments,0.978,SAFE
EXP-001,FraudRisk-v12,EXP-001-TX-0033,customer_risk_score,2026-01-05T03:00:00,2026-01-05T02:59:00,risk_engine,0.978,SAFE
EXP-001,FraudRisk-v12,EXP-001-TX-0033,merchant_risk_score,2026-01-05T03:00:00,2026-01-05T02:56:00,merchant_risk,0.978,SAFE
EXP-001,FraudRisk-v12,EXP-001-TX-0033,device_risk_score,2026-01-05T03:00:00,2026-01-05T02:30:00,device_intelligence,0.978,SAFE
EXP-001,FraudRisk-v12,EXP-001-TX-0033,transaction_velocity,2026-01-05T03:00:00,2026-01-05T02:48:00,payments,0.978,SAFE
EXP-001,FraudRisk-v12,EXP-001-TX-0033,chargeback_result,2026-01-05T03:00:00,2026-01-12T12:00:00,payments,0.978,LEAKAGE
EXP-001,FraudRisk-v12,EXP-001-TX-0033,settlement_status,2026-01-05T03:00:00,2026-01-07T10:00:00,payments,0.978,LEAKAGE
EXP-001,FraudRisk-v12,EXP-001-TX-0034,transaction_amount,2026-01-05T06:00:00,2026-01-05T05:58:00,payments,0.978,SAFE
EXP-001,FraudRisk-v12,EXP-001-TX-0034,customer_risk_score,2026-01-05T06:00:00,2026-01-05T05:52:00,risk_engine,0.978,SAFE
EXP-001,FraudRisk-v12,EXP-001-TX-0034,merchant_risk_score,2026-01-05T06:00:00,2026-01-05T05:31:00,merchant_risk,0.978,SAFE
EXP-001,FraudRisk-v12,EXP-001-TX-0034,device_risk_score,2026-01-05T06:00:00,2026-01-05T05:41:00,device_intelligence,0.978,SAFE
EXP-001,FraudRisk-v12,EXP-001-TX-0034,transaction_velocity,2026-01-05T06:00:00,2026-01-05T05:57:00,payments,0.978,SAFE
EXP-001,FraudRisk-v12,EXP-001-TX-0034,chargeback_result,2026-01-05T06:00:00,2026-01-12T08:00:00,payments,0.978,LEAKAGE
EXP-001,FraudRisk-v12,EXP-001-TX-0034,settlement_status,2026-01-05T06:00:00,2026-01-08T05:00:00,payments,0.978,LEAKAGE
EXP-001,FraudRisk-v12,EXP-001-TX-0035,transaction_amount,2026-01-05T09:00:00,2026-01-05T08:44:00,payments,0.978,SAFE
EXP-001,FraudRisk-v12,EXP-001-TX-0035,customer_risk_score,2026-01-05T09:00:00,2026-01-05T08:33:00,risk_engine,0.978,SAFE
EXP-001,FraudRisk-v12,EXP-001-TX-0035,merchant_risk_score,2026-01-05T09:00:00,2026-01-05T08:57:00,merchant_risk,0.978,SAFE
EXP-001,FraudRisk-v12,EXP-001-TX-0035,device_risk_score,2026-01-05T09:00:00,2026-01-05T08:35:00,device_intelligence,0.978,SAFE
EXP-001,FraudRisk-v12,EXP-001-TX-0035,transaction_velocity,2026-01-05T09:00:00,2026-01-05T08:42:00,payments,0.978,SAFE
EXP-001,FraudRisk-v12,EXP-001-TX-0035,chargeback_result,2026-01-05T09:00:00,2026-01-12T13:00:00,payments,0.978,LEAKAGE
EXP-001,FraudRisk-v12,EXP-001-TX-0035,settlement_status,2026-01-05T09:00:00,2026-01-07T13:00:00,payments,0.978,LEAKAGE
EXP-001,FraudRisk-v12,EXP-001-TX-0036,transaction_amount,2026-01-05T12:00:00,2026-01-05T11:38:00,payments,0.978,SAFE
EXP-001,FraudRisk-v12,EXP-001-TX-0036,customer_risk_score,2026-01-05T12:00:00,2026-01-05T11:44:00,risk_engine,0.978,SAFE
EXP-001,FraudRisk-v12,EXP-001-TX-0036,merchant_risk_score,2026-01-05T12:00:00,2026-01-05T11:42:00,merchant_risk,0.978,SAFE
EXP-001,FraudRisk-v12,EXP-001-TX-0036,device_risk_score,2026-01-05T12:00:00,2026-01-05T11:54:00,device_intelligence,0.978,SAFE
EXP-001,FraudRisk-v12,EXP-001-TX-0036,transaction_velocity,2026-01-05T12:00:00,2026-01-05T11:51:00,payments,0.978,SAFE
EXP-001,FraudRisk-v12,EXP-001-TX-0036,chargeback_result,2026-01-05T12:00:00,2026-01-13T04:00:00,payments,0.978,LEAKAGE
EXP-001,FraudRisk-v12,EXP-001-TX-0036,settlement_status,2026-01-05T12:00:00,2026-01-08T07:00:00,payments,0.978,LEAKAGE
EXP-001,FraudRisk-v12,EXP-001-TX-0037,transaction_amount,2026-01-05T15:00:00,2026-01-05T14:46:00,payments,0.978,SAFE
EXP-001,FraudRisk-v12,EXP-001-TX-0037,customer_risk_score,2026-01-05T15:00:00,2026-01-05T14:53:00,risk_engine,0.978,SAFE
EXP-001,FraudRisk-v12,EXP-001-TX-0037,merchant_risk_score,2026-01-05T15:00:00,2026-01-05T14:30:00,merchant_risk,0.978,SAFE
EXP-001,FraudRisk-v12,EXP-001-TX-0037,device_risk_score,2026-01-05T15:00:00,2026-01-05T14:42:00,device_intelligence,0.978,SAFE
EXP-001,FraudRisk-v12,EXP-001-TX-0037,transaction_velocity,2026-01-05T15:00:00,2026-01-05T14:35:00,payments,0.978,SAFE
EXP-001,FraudRisk-v12,EXP-001-TX-0037,chargeback_result,2026-01-05T15:00:00,2026-01-13T14:00:00,payments,0.978,LEAKAGE
EXP-001,FraudRisk-v12,EXP-001-TX-0037,settlement_status,2026-01-05T15:00:00,2026-01-08T13:00:00,payments,0.978,LEAKAGE
EXP-001,FraudRisk-v12,EXP-001-TX-0038,transaction_amount,2026-01-05T18:00:00,2026-01-05T17:53:00,payments,0.978,SAFE
EXP-001,FraudRisk-v12,EXP-001-TX-0038,customer_risk_score,2026-01-05T18:00:00,2026-01-05T17:37:00,risk_engine,0.978,SAFE
EXP-001,FraudRisk-v12,EXP-001-TX-0038,merchant_risk_score,2026-01-05T18:00:00,2026-01-05T17:50:00,merchant_risk,0.978,SAFE
EXP-001,FraudRisk-v12,EXP-001-TX-0038,device_risk_score,2026-01-05T18:00:00,2026-01-05T17:47:00,device_intelligence,0.978,SAFE
EXP-001,FraudRisk-v12,EXP-001-TX-0038,transaction_velocity,2026-01-05T18:00:00,2026-01-05T17:38:00,payments,0.978,SAFE
EXP-001,FraudRisk-v12,EXP-001-TX-0038,chargeback_result,2026-01-05T18:00:00,2026-01-13T14:00:00,payments,0.978,LEAKAGE
EXP-001,FraudRisk-v12,EXP-001-TX-0038,settlement_status,2026-01-05T18:00:00,2026-01-08T05:00:00,payments,0.978,LEAKAGE
EXP-001,FraudRisk-v12,EXP-001-TX-0039,transaction_amount,2026-01-05T21:00:00,2026-01-05T20:45:00,payments,0.978,SAFE
EXP-001,FraudRisk-v12,EXP-001-TX-0039,customer_risk_score,2026-01-05T21:00:00,2026-01-05T20:31:00,risk_engine,0.978,SAFE
EXP-001,FraudRisk-v12,EXP-001-TX-0039,merchant_risk_score,2026-01-05T21:00:00,2026-01-05T20:43:00,merchant_risk,0.978,SAFE
EXP-001,FraudRisk-v12,EXP-001-TX-0039,device_risk_score,2026-01-05T21:00:00,2026-01-05T20:45:00,device_intelligence,0.978,SAFE
EXP-001,FraudRisk-v12,EXP-001-TX-0039,transaction_velocity,2026-01-05T21:00:00,2026-01-05T20:56:00,payments,0.978,SAFE
EXP-001,FraudRisk-v12,EXP-001-TX-0039,chargeback_result,2026-01-05T21:00:00,2026-01-13T04:00:00,payments,0.978,LEAKAGE
EXP-001,FraudRisk-v12,EXP-001-TX-0039,settlement_status,2026-01-05T21:00:00,2026-01-08T04:00:00,payments,0.978,LEAKAGE
EXP-001,FraudRisk-v12,EXP-001-TX-0040,transaction_amount,2026-01-06T00:00:00,2026-01-05T23:57:00,payments,0.978,SAFE
EXP-001,FraudRisk-v12,EXP-001-TX-0040,customer_risk_score,2026-01-06T00:00:00,2026-01-05T23:49:00,risk_engine,0.978,SAFE
EXP-001,FraudRisk-v12,EXP-001-TX-0040,merchant_risk_score,2026-01-06T00:00:00,2026-01-05T23:59:00,merchant_risk,0.978,SAFE
EXP-001,FraudRisk-v12,EXP-001-TX-0040,device_risk_score,2026-01-06T00:00:00,2026-01-05T23:41:00,device_intelligence,0.978,SAFE
EXP-001,FraudRisk-v12,EXP-001-TX-0040,transaction_velocity,2026-01-06T00:00:00,2026-01-05T23:42:00,payments,0.978,SAFE
EXP-001,FraudRisk-v12,EXP-001-TX-0040,chargeback_result,2026-01-06T00:00:00,2026-01-13T07:00:00,payments,0.978,LEAKAGE
EXP-001,FraudRisk-v12,EXP-001-TX-0040,settlement_status,2026-01-06T00:00:00,2026-01-08T18:00:00,payments,0.978,LEAKAGE
EXP-001,FraudRisk-v12,EXP-001-TX-0041,transaction_amount,2026-01-06T03:00:00,2026-01-06T02:52:00,payments,0.978,SAFE
EXP-001,FraudRisk-v12,EXP-001-TX-0041,customer_risk_score,2026-01-06T03:00:00,2026-01-06T02:59:00,risk_engine,0.978,SAFE
EXP-001,FraudRisk-v12,EXP-001-TX-0041,merchant_risk_score,2026-01-06T03:00:00,2026-01-06T02:57:00,merchant_risk,0.978,SAFE
EXP-001,FraudRisk-v12,EXP-001-TX-0041,device_risk_score,2026-01-06T03:00:00,2026-01-06T02:37:00,device_intelligence,0.978,SAFE
EXP-001,FraudRisk-v12,EXP-001-TX-0041,transaction_velocity,2026-01-06T03:00:00,2026-01-06T02:39:00,payments,0.978,SAFE
EXP-001,FraudRisk-v12,EXP-001-TX-0041,chargeback_result,2026-01-06T03:00:00,2026-01-13T04:00:00,payments,0.978,LEAKAGE
EXP-001,FraudRisk-v12,EXP-001-TX-0041,settlement_status,2026-01-06T03:00:00,2026-01-08T10:00:00,payments,0.978,LEAKAGE
EXP-001,FraudRisk-v12,EXP-001-TX-0042,transaction_amount,2026-01-06T06:00:00,2026-01-06T05:57:00,payments,0.978,SAFE
EXP-001,FraudRisk-v12,EXP-001-TX-0042,customer_risk_score,2026-01-06T06:00:00,2026-01-06T05:31:00,risk_engine,0.978,SAFE
EXP-001,FraudRisk-v12,EXP-001-TX-0042,merchant_risk_score,2026-01-06T06:00:00,2026-01-06T05:58:00,merchant_risk,0.978,SAFE
EXP-001,FraudRisk-v12,EXP-001-TX-0042,device_risk_score,2026-01-06T06:00:00,2026-01-06T05:32:00,device_intelligence,0.978,SAFE
EXP-001,FraudRisk-v12,EXP-001-TX-0042,transaction_velocity,2026-01-06T06:00:00,2026-01-06T05:49:00,payments,0.978,SAFE
EXP-001,FraudRisk-v12,EXP-001-TX-0042,chargeback_result,2026-01-06T06:00:00,2026-01-13T08:00:00,payments,0.978,LEAKAGE
EXP-001,FraudRisk-v12,EXP-001-TX-0042,settlement_status,2026-01-06T06:00:00,2026-01-08T22:00:00,payments,0.978,LEAKAGE
EXP-001,FraudRisk-v12,EXP-001-TX-0043,transaction_amount,2026-01-06T09:00:00,2026-01-06T08:52:00,payments,0.978,SAFE
EXP-001,FraudRisk-v12,EXP-001-TX-0043,customer_risk_score,2026-01-06T09:00:00,2026-01-06T08:51:00,risk_engine,0.978,SAFE
EXP-001,FraudRisk-v12,EXP-001-TX-0043,merchant_risk_score,2026-01-06T09:00:00,2026-01-06T08:38:00,merchant_risk,0.978,SAFE
EXP-001,FraudRisk-v12,EXP-001-TX-0043,device_risk_score,2026-01-06T09:00:00,2026-01-06T08:44:00,device_intelligence,0.978,SAFE
EXP-001,FraudRisk-v12,EXP-001-TX-0043,transaction_velocity,2026-01-06T09:00:00,2026-01-06T08:53:00,payments,0.978,SAFE
EXP-001,FraudRisk-v12,EXP-001-TX-0043,chargeback_result,2026-01-06T09:00:00,2026-01-14T02:00:00,payments,0.978,LEAKAGE
EXP-001,FraudRisk-v12,EXP-001-TX-0043,settlement_status,2026-01-06T09:00:00,2026-01-08T13:00:00,payments,0.978,LEAKAGE
EXP-001,FraudRisk-v12,EXP-001-TX-0044,transaction_amount,2026-01-06T12:00:00,2026-01-06T11:36:00,payments,0.978,SAFE
EXP-001,FraudRisk-v12,EXP-001-TX-0044,customer_risk_score,2026-01-06T12:00:00,2026-01-06T11:30:00,risk_engine,0.978,SAFE
EXP-001,FraudRisk-v12,EXP-001-TX-0044,merchant_risk_score,2026-01-06T12:00:00,2026-01-06T11:31:00,merchant_risk,0.978,SAFE
EXP-001,FraudRisk-v12,EXP-001-TX-0044,device_risk_score,2026-01-06T12:00:00,2026-01-06T11:41:00,device_intelligence,0.978,SAFE
EXP-001,FraudRisk-v12,EXP-001-TX-0044,transaction_velocity,2026-01-06T12:00:00,2026-01-06T11:41:00,payments,0.978,SAFE
EXP-001,FraudRisk-v12,EXP-001-TX-0044,chargeback_result,2026-01-06T12:00:00,2026-01-14T03:00:00,payments,0.978,LEAKAGE
EXP-001,FraudRisk-v12,EXP-001-TX-0044,settlement_status,2026-01-06T12:00:00,2026-01-08T19:00:00,payments,0.978,LEAKAGE
EXP-001,FraudRisk-v12,EXP-001-TX-0045,transaction_amount,2026-01-06T15:00:00,2026-01-06T14:34:00,payments,0.978,SAFE
EXP-001,FraudRisk-v12,EXP-001-TX-0045,customer_risk_score,2026-01-06T15:00:00,2026-01-06T14:44:00,risk_engine,0.978,SAFE
EXP-001,FraudRisk-v12,EXP-001-TX-0045,merchant_risk_score,2026-01-06T15:00:00,2026-01-06T14:34:00,merchant_risk,0.978,SAFE
EXP-001,FraudRisk-v12,EXP-001-TX-0045,device_risk_score,2026-01-06T15:00:00,2026-01-06T14:46:00,device_intelligence,0.978,SAFE
EXP-001,FraudRisk-v12,EXP-001-TX-0045,transaction_velocity,2026-01-06T15:00:00,2026-01-06T14:53:00,payments,0.978,SAFE
EXP-001,FraudRisk-v12,EXP-001-TX-0045,chargeback_result,2026-01-06T15:00:00,2026-01-13T18:00:00,payments,0.978,LEAKAGE
EXP-001,FraudRisk-v12,EXP-001-TX-0045,settlement_status,2026-01-06T15:00:00,2026-01-08T18:00:00,payments,0.978,LEAKAGE
EXP-001,FraudRisk-v12,EXP-001-TX-0046,transaction_amount,2026-01-06T18:00:00,2026-01-06T17:38:00,payments,0.978,SAFE
EXP-001,FraudRisk-v12,EXP-001-TX-0046,customer_risk_score,2026-01-06T18:00:00,2026-01-06T17:46:00,risk_engine,0.978,SAFE
EXP-001,FraudRisk-v12,EXP-001-TX-0046,merchant_risk_score,2026-01-06T18:00:00,2026-01-06T17:48:00,merchant_risk,0.978,SAFE
EXP-001,FraudRisk-v12,EXP-001-TX-0046,device_risk_score,2026-01-06T18:00:00,2026-01-06T17:46:00,device_intelligence,0.978,SAFE
EXP-001,FraudRisk-v12,EXP-001-TX-0046,transaction_velocity,2026-01-06T18:00:00,2026-01-06T17:46:00,payments,0.978,SAFE
EXP-001,FraudRisk-v12,EXP-001-TX-0046,chargeback_result,2026-01-06T18:00:00,2026-01-14T08:00:00,payments,0.978,LEAKAGE
EXP-001,FraudRisk-v12,EXP-001-TX-0046,settlement_status,2026-01-06T18:00:00,2026-01-09T17:00:00,payments,0.978,LEAKAGE
EXP-001,FraudRisk-v12,EXP-001-TX-0047,transaction_amount,2026-01-06T21:00:00,2026-01-06T20:58:00,payments,0.978,SAFE
EXP-001,FraudRisk-v12,EXP-001-TX-0047,customer_risk_score,2026-01-06T21:00:00,2026-01-06T20:38:00,risk_engine,0.978,SAFE
EXP-001,FraudRisk-v12,EXP-001-TX-0047,merchant_risk_score,2026-01-06T21:00:00,2026-01-06T20:39:00,merchant_risk,0.978,SAFE
EXP-001,FraudRisk-v12,EXP-001-TX-0047,device_risk_score,2026-01-06T21:00:00,2026-01-06T20:39:00,device_intelligence,0.978,SAFE
EXP-001,FraudRisk-v12,EXP-001-TX-0047,transaction_velocity,2026-01-06T21:00:00,2026-01-06T20:56:00,payments,0.978,SAFE
EXP-001,FraudRisk-v12,EXP-001-TX-0047,chargeback_result,2026-01-06T21:00:00,2026-01-13T22:00:00,payments,0.978,LEAKAGE
EXP-001,FraudRisk-v12,EXP-001-TX-0047,settlement_status,2026-01-06T21:00:00,2026-01-09T09:00:00,payments,0.978,LEAKAGE
EXP-001,FraudRisk-v12,EXP-001-TX-0048,transaction_amount,2026-01-07T00:00:00,2026-01-06T23:36:00,payments,0.978,SAFE
EXP-001,FraudRisk-v12,EXP-001-TX-0048,customer_risk_score,2026-01-07T00:00:00,2026-01-06T23:49:00,risk_engine,0.978,SAFE
EXP-001,FraudRisk-v12,EXP-001-TX-0048,merchant_risk_score,2026-01-07T00:00:00,2026-01-06T23:34:00,merchant_risk,0.978,SAFE
EXP-001,FraudRisk-v12,EXP-001-TX-0048,device_risk_score,2026-01-07T00:00:00,2026-01-06T23:32:00,device_intelligence,0.978,SAFE
EXP-001,FraudRisk-v12,EXP-001-TX-0048,transaction_velocity,2026-01-07T00:00:00,2026-01-06T23:56:00,payments,0.978,SAFE
EXP-001,FraudRisk-v12,EXP-001-TX-0048,chargeback_result,2026-01-07T00:00:00,2026-01-14T07:00:00,payments,0.978,LEAKAGE
EXP-001,FraudRisk-v12,EXP-001-TX-0048,settlement_status,2026-01-07T00:00:00,2026-01-09T06:00:00,payments,0.978,LEAKAGE
EXP-001,FraudRisk-v12,EXP-001-TX-0049,transaction_amount,2026-01-07T03:00:00,2026-01-07T02:53:00,payments,0.978,SAFE
EXP-001,FraudRisk-v12,EXP-001-TX-0049,customer_risk_score,2026-01-07T03:00:00,2026-01-07T02:42:00,risk_engine,0.978,SAFE
EXP-001,FraudRisk-v12,EXP-001-TX-0049,merchant_risk_score,2026-01-07T03:00:00,2026-01-07T02:45:00,merchant_risk,0.978,SAFE
EXP-001,FraudRisk-v12,EXP-001-TX-0049,device_risk_score,2026-01-07T03:00:00,2026-01-07T02:55:00,device_intelligence,0.978,SAFE
EXP-001,FraudRisk-v12,EXP-001-TX-0049,transaction_velocity,2026-01-07T03:00:00,2026-01-07T02:46:00,payments,0.978,SAFE
EXP-001,FraudRisk-v12,EXP-001-TX-0049,chargeback_result,2026-01-07T03:00:00,2026-01-14T08:00:00,payments,0.978,LEAKAGE
EXP-001,FraudRisk-v12,EXP-001-TX-0049,settlement_status,2026-01-07T03:00:00,2026-01-09T11:00:00,payments,0.978,LEAKAGE
EXP-001,FraudRisk-v12,EXP-001-TX-0050,transaction_amount,2026-01-07T06:00:00,2026-01-07T05:45:00,payments,0.978,SAFE
EXP-001,FraudRisk-v12,EXP-001-TX-0050,customer_risk_score,2026-01-07T06:00:00,2026-01-07T05:52:00,risk_engine,0.978,SAFE
EXP-001,FraudRisk-v12,EXP-001-TX-0050,merchant_risk_score,2026-01-07T06:00:00,2026-01-07T05:32:00,merchant_risk,0.978,SAFE
EXP-001,FraudRisk-v12,EXP-001-TX-0050,device_risk_score,2026-01-07T06:00:00,2026-01-07T05:30:00,device_intelligence,0.978,SAFE
EXP-001,FraudRisk-v12,EXP-001-TX-0050,transaction_velocity,2026-01-07T06:00:00,2026-01-07T05:57:00,payments,0.978,SAFE
EXP-001,FraudRisk-v12,EXP-001-TX-0050,chargeback_result,2026-01-07T06:00:00,2026-01-14T20:00:00,payments,0.978,LEAKAGE
EXP-001,FraudRisk-v12,EXP-001-TX-0050,settlement_status,2026-01-07T06:00:00,2026-01-09T23:00:00,payments,0.978,LEAKAGE
EXP-001,FraudRisk-v12,EXP-001-TX-0051,transaction_amount,2026-01-07T09:00:00,2026-01-07T08:56:00,payments,0.978,SAFE
EXP-001,FraudRisk-v12,EXP-001-TX-0051,customer_risk_score,2026-01-07T09:00:00,2026-01-07T08:58:00,risk_engine,0.978,SAFE
EXP-001,FraudRisk-v12,EXP-001-TX-0051,merchant_risk_score,2026-01-07T09:00:00,2026-01-07T08:39:00,merchant_risk,0.978,SAFE
EXP-001,FraudRisk-v12,EXP-001-TX-0051,device_risk_score,2026-01-07T09:00:00,2026-01-07T08:42:00,device_intelligence,0.978,SAFE
EXP-001,FraudRisk-v12,EXP-001-TX-0051,transaction_velocity,2026-01-07T09:00:00,2026-01-07T08:33:00,payments,0.978,SAFE
EXP-001,FraudRisk-v12,EXP-001-TX-0051,chargeback_result,2026-01-07T09:00:00,2026-01-14T09:00:00,payments,0.978,LEAKAGE
EXP-001,FraudRisk-v12,EXP-001-TX-0051,settlement_status,2026-01-07T09:00:00,2026-01-09T11:00:00,payments,0.978,LEAKAGE
EXP-001,FraudRisk-v12,EXP-001-TX-0052,transaction_amount,2026-01-07T12:00:00,2026-01-07T11:30:00,payments,0.978,SAFE
EXP-001,FraudRisk-v12,EXP-001-TX-0052,customer_risk_score,2026-01-07T12:00:00,2026-01-07T11:35:00,risk_engine,0.978,SAFE
EXP-001,FraudRisk-v12,EXP-001-TX-0052,merchant_risk_score,2026-01-07T12:00:00,2026-01-07T11:32:00,merchant_risk,0.978,SAFE
EXP-001,FraudRisk-v12,EXP-001-TX-0052,device_risk_score,2026-01-07T12:00:00,2026-01-07T11:52:00,device_intelligence,0.978,SAFE
EXP-001,FraudRisk-v12,EXP-001-TX-0052,transaction_velocity,2026-01-07T12:00:00,2026-01-07T11:54:00,payments,0.978,SAFE
EXP-001,FraudRisk-v12,EXP-001-TX-0052,chargeback_result,2026-01-07T12:00:00,2026-01-15T01:00:00,payments,0.978,LEAKAGE
EXP-001,FraudRisk-v12,EXP-001-TX-0052,settlement_status,2026-01-07T12:00:00,2026-01-10T03:00:00,payments,0.978,LEAKAGE
EXP-001,FraudRisk-v12,EXP-001-TX-0053,transaction_amount,2026-01-07T15:00:00,2026-01-07T14:44:00,payments,0.978,SAFE
EXP-001,FraudRisk-v12,EXP-001-TX-0053,customer_risk_score,2026-01-07T15:00:00,2026-01-07T14:53:00,risk_engine,0.978,SAFE
EXP-001,FraudRisk-v12,EXP-001-TX-0053,merchant_risk_score,2026-01-07T15:00:00,2026-01-07T14:32:00,merchant_risk,0.978,SAFE
EXP-001,FraudRisk-v12,EXP-001-TX-0053,device_risk_score,2026-01-07T15:00:00,2026-01-07T14:47:00,device_intelligence,0.978,SAFE
EXP-001,FraudRisk-v12,EXP-001-TX-0053,transaction_velocity,2026-01-07T15:00:00,2026-01-07T14:31:00,payments,0.978,SAFE
EXP-001,FraudRisk-v12,EXP-001-TX-0053,chargeback_result,2026-01-07T15:00:00,2026-01-14T16:00:00,payments,0.978,LEAKAGE
EXP-001,FraudRisk-v12,EXP-001-TX-0053,settlement_status,2026-01-07T15:00:00,2026-01-09T20:00:00,payments,0.978,LEAKAGE
EXP-001,FraudRisk-v12,EXP-001-TX-0054,transaction_amount,2026-01-07T18:00:00,2026-01-07T17:47:00,payments,0.978,SAFE
EXP-001,FraudRisk-v12,EXP-001-TX-0054,customer_risk_score,2026-01-07T18:00:00,2026-01-07T17:59:00,risk_engine,0.978,SAFE
EXP-001,FraudRisk-v12,EXP-001-TX-0054,merchant_risk_score,2026-01-07T18:00:00,2026-01-07T17:47:00,merchant_risk,0.978,SAFE
EXP-001,FraudRisk-v12,EXP-001-TX-0054,device_risk_score,2026-01-07T18:00:00,2026-01-07T17:51:00,device_intelligence,0.978,SAFE
EXP-001,FraudRisk-v12,EXP-001-TX-0054,transaction_velocity,2026-01-07T18:00:00,2026-01-07T17:30:00,payments,0.978,SAFE
EXP-001,FraudRisk-v12,EXP-001-TX-0054,chargeback_result,2026-01-07T18:00:00,2026-01-15T08:00:00,payments,0.978,LEAKAGE
EXP-001,FraudRisk-v12,EXP-001-TX-0054,settlement_status,2026-01-07T18:00:00,2026-01-10T03:00:00,payments,0.978,LEAKAGE
EXP-001,FraudRisk-v12,EXP-001-TX-0055,transaction_amount,2026-01-07T21:00:00,2026-01-07T20:46:00,payments,0.978,SAFE
EXP-001,FraudRisk-v12,EXP-001-TX-0055,customer_risk_score,2026-01-07T21:00:00,2026-01-07T20:37:00,risk_engine,0.978,SAFE
EXP-001,FraudRisk-v12,EXP-001-TX-0055,merchant_risk_score,2026-01-07T21:00:00,2026-01-07T20:36:00,merchant_risk,0.978,SAFE
EXP-001,FraudRisk-v12,EXP-001-TX-0055,device_risk_score,2026-01-07T21:00:00,2026-01-07T20:34:00,device_intelligence,0.978,SAFE
EXP-001,FraudRisk-v12,EXP-001-TX-0055,transaction_velocity,2026-01-07T21:00:00,2026-01-07T20:42:00,payments,0.978,SAFE
EXP-001,FraudRisk-v12,EXP-001-TX-0055,chargeback_result,2026-01-07T21:00:00,2026-01-15T18:00:00,payments,0.978,LEAKAGE
EXP-001,FraudRisk-v12,EXP-001-TX-0055,settlement_status,2026-01-07T21:00:00,2026-01-10T19:00:00,payments,0.978,LEAKAGE
EXP-001,FraudRisk-v12,EXP-001-TX-0056,transaction_amount,2026-01-08T00:00:00,2026-01-07T23:44:00,payments,0.978,SAFE
EXP-001,FraudRisk-v12,EXP-001-TX-0056,customer_risk_score,2026-01-08T00:00:00,2026-01-07T23:55:00,risk_engine,0.978,SAFE
EXP-001,FraudRisk-v12,EXP-001-TX-0056,merchant_risk_score,2026-01-08T00:00:00,2026-01-07T23:53:00,merchant_risk,0.978,SAFE
EXP-001,FraudRisk-v12,EXP-001-TX-0056,device_risk_score,2026-01-08T00:00:00,2026-01-07T23:50:00,device_intelligence,0.978,SAFE
EXP-001,FraudRisk-v12,EXP-001-TX-0056,transaction_velocity,2026-01-08T00:00:00,2026-01-07T23:53:00,payments,0.978,SAFE
EXP-001,FraudRisk-v12,EXP-001-TX-0056,chargeback_result,2026-01-08T00:00:00,2026-01-15T01:00:00,payments,0.978,LEAKAGE
EXP-001,FraudRisk-v12,EXP-001-TX-0056,settlement_status,2026-01-08T00:00:00,2026-01-10T18:00:00,payments,0.978,LEAKAGE
EXP-001,FraudRisk-v12,EXP-001-TX-0057,transaction_amount,2026-01-08T03:00:00,2026-01-08T02:36:00,payments,0.978,SAFE
EXP-001,FraudRisk-v12,EXP-001-TX-0057,customer_risk_score,2026-01-08T03:00:00,2026-01-08T02:42:00,risk_engine,0.978,SAFE
EXP-001,FraudRisk-v12,EXP-001-TX-0057,merchant_risk_score,2026-01-08T03:00:00,2026-01-08T02:58:00,merchant_risk,0.978,SAFE
EXP-001,FraudRisk-v12,EXP-001-TX-0057,device_risk_score,2026-01-08T03:00:00,2026-01-08T02:36:00,device_intelligence,0.978,SAFE
EXP-001,FraudRisk-v12,EXP-001-TX-0057,transaction_velocity,2026-01-08T03:00:00,2026-01-08T02:49:00,payments,0.978,SAFE
EXP-001,FraudRisk-v12,EXP-001-TX-0057,chargeback_result,2026-01-08T03:00:00,2026-01-15T04:00:00,payments,0.978,LEAKAGE
EXP-001,FraudRisk-v12,EXP-001-TX-0057,settlement_status,2026-01-08T03:00:00,2026-01-10T04:00:00,payments,0.978,LEAKAGE
EXP-001,FraudRisk-v12,EXP-001-TX-0058,transaction_amount,2026-01-08T06:00:00,2026-01-08T05:41:00,payments,0.978,SAFE
EXP-001,FraudRisk-v12,EXP-001-TX-0058,customer_risk_score,2026-01-08T06:00:00,2026-01-08T05:44:00,risk_engine,0.978,SAFE
EXP-001,FraudRisk-v12,EXP-001-TX-0058,merchant_risk_score,2026-01-08T06:00:00,2026-01-08T05:43:00,merchant_risk,0.978,SAFE
EXP-001,FraudRisk-v12,EXP-001-TX-0058,device_risk_score,2026-01-08T06:00:00,2026-01-08T05:30:00,device_intelligence,0.978,SAFE
EXP-001,FraudRisk-v12,EXP-001-TX-0058,transaction_velocity,2026-01-08T06:00:00,2026-01-08T05:32:00,payments,0.978,SAFE
EXP-001,FraudRisk-v12,EXP-001-TX-0058,chargeback_result,2026-01-08T06:00:00,2026-01-15T22:00:00,payments,0.978,LEAKAGE
EXP-001,FraudRisk-v12,EXP-001-TX-0058,settlement_status,2026-01-08T06:00:00,2026-01-10T11:00:00,payments,0.978,LEAKAGE
EXP-001,FraudRisk-v12,EXP-001-TX-0059,transaction_amount,2026-01-08T09:00:00,2026-01-08T08:58:00,payments,0.978,SAFE
EXP-001,FraudRisk-v12,EXP-001-TX-0059,customer_risk_score,2026-01-08T09:00:00,2026-01-08T08:43:00,risk_engine,0.978,SAFE
EXP-001,FraudRisk-v12,EXP-001-TX-0059,merchant_risk_score,2026-01-08T09:00:00,2026-01-08T08:57:00,merchant_risk,0.978,SAFE
EXP-001,FraudRisk-v12,EXP-001-TX-0059,device_risk_score,2026-01-08T09:00:00,2026-01-08T08:32:00,device_intelligence,0.978,SAFE
EXP-001,FraudRisk-v12,EXP-001-TX-0059,transaction_velocity,2026-01-08T09:00:00,2026-01-08T08:54:00,payments,0.978,SAFE
EXP-001,FraudRisk-v12,EXP-001-TX-0059,chargeback_result,2026-01-08T09:00:00,2026-01-15T11:00:00,payments,0.978,LEAKAGE
EXP-001,FraudRisk-v12,EXP-001-TX-0059,settlement_status,2026-01-08T09:00:00,2026-01-11T04:00:00,payments,0.978,LEAKAGE
EXP-001,FraudRisk-v12,EXP-001-TX-0060,transaction_amount,2026-01-08T12:00:00,2026-01-08T11:57:00,payments,0.978,SAFE
EXP-001,FraudRisk-v12,EXP-001-TX-0060,customer_risk_score,2026-01-08T12:00:00,2026-01-08T11:38:00,risk_engine,0.978,SAFE
EXP-001,FraudRisk-v12,EXP-001-TX-0060,merchant_risk_score,2026-01-08T12:00:00,2026-01-08T11:32:00,merchant_risk,0.978,SAFE
EXP-001,FraudRisk-v12,EXP-001-TX-0060,device_risk_score,2026-01-08T12:00:00,2026-01-08T11:52:00,device_intelligence,0.978,SAFE
EXP-001,FraudRisk-v12,EXP-001-TX-0060,transaction_velocity,2026-01-08T12:00:00,2026-01-08T11:47:00,payments,0.978,SAFE
EXP-001,FraudRisk-v12,EXP-001-TX-0060,chargeback_result,2026-01-08T12:00:00,2026-01-15T15:00:00,payments,0.978,LEAKAGE
EXP-001,FraudRisk-v12,EXP-001-TX-0060,settlement_status,2026-01-08T12:00:00,2026-01-11T06:00:00,payments,0.978,LEAKAGE
EXP-001,FraudRisk-v12,EXP-001-TX-0061,transaction_amount,2026-01-08T15:00:00,2026-01-08T14:52:00,payments,0.978,SAFE
EXP-001,FraudRisk-v12,EXP-001-TX-0061,customer_risk_score,2026-01-08T15:00:00,2026-01-08T14:41:00,risk_engine,0.978,SAFE
EXP-001,FraudRisk-v12,EXP-001-TX-0061,merchant_risk_score,2026-01-08T15:00:00,2026-01-08T14:40:00,merchant_risk,0.978,SAFE
EXP-001,FraudRisk-v12,EXP-001-TX-0061,device_risk_score,2026-01-08T15:00:00,2026-01-08T14:58:00,device_intelligence,0.978,SAFE
EXP-001,FraudRisk-v12,EXP-001-TX-0061,transaction_velocity,2026-01-08T15:00:00,2026-01-08T14:40:00,payments,0.978,SAFE
EXP-001,FraudRisk-v12,EXP-001-TX-0061,chargeback_result,2026-01-08T15:00:00,2026-01-15T17:00:00,payments,0.978,LEAKAGE
EXP-001,FraudRisk-v12,EXP-001-TX-0061,settlement_status,2026-01-08T15:00:00,2026-01-11T04:00:00,payments,0.978,LEAKAGE
EXP-001,FraudRisk-v12,EXP-001-TX-0062,transaction_amount,2026-01-08T18:00:00,2026-01-08T17:38:00,payments,0.978,SAFE
EXP-001,FraudRisk-v12,EXP-001-TX-0062,customer_risk_score,2026-01-08T18:00:00,2026-01-08T17:41:00,risk_engine,0.978,SAFE
EXP-001,FraudRisk-v12,EXP-001-TX-0062,merchant_risk_score,2026-01-08T18:00:00,2026-01-08T17:41:00,merchant_risk,0.978,SAFE
EXP-001,FraudRisk-v12,EXP-001-TX-0062,device_risk_score,2026-01-08T18:00:00,2026-01-08T17:43:00,device_intelligence,0.978,SAFE
EXP-001,FraudRisk-v12,EXP-001-TX-0062,transaction_velocity,2026-01-08T18:00:00,2026-01-08T17:49:00,payments,0.978,SAFE
EXP-001,FraudRisk-v12,EXP-001-TX-0062,chargeback_result,2026-01-08T18:00:00,2026-01-16T02:00:00,payments,0.978,LEAKAGE
EXP-001,FraudRisk-v12,EXP-001-TX-0062,settlement_status,2026-01-08T18:00:00,2026-01-11T00:00:00,payments,0.978,LEAKAGE
EXP-001,FraudRisk-v12,EXP-001-TX-0063,transaction_amount,2026-01-08T21:00:00,2026-01-08T20:38:00,payments,0.978,SAFE
EXP-001,FraudRisk-v12,EXP-001-TX-0063,customer_risk_score,2026-01-08T21:00:00,2026-01-08T20:37:00,risk_engine,0.978,SAFE
EXP-001,FraudRisk-v12,EXP-001-TX-0063,merchant_risk_score,2026-01-08T21:00:00,2026-01-08T20:49:00,merchant_risk,0.978,SAFE
EXP-001,FraudRisk-v12,EXP-001-TX-0063,device_risk_score,2026-01-08T21:00:00,2026-01-08T20:52:00,device_intelligence,0.978,SAFE
EXP-001,FraudRisk-v12,EXP-001-TX-0063,transaction_velocity,2026-01-08T21:00:00,2026-01-08T20:51:00,payments,0.978,SAFE
EXP-001,FraudRisk-v12,EXP-001-TX-0063,chargeback_result,2026-01-08T21:00:00,2026-01-16T09:00:00,payments,0.978,LEAKAGE
EXP-001,FraudRisk-v12,EXP-001-TX-0063,settlement_status,2026-01-08T21:00:00,2026-01-11T01:00:00,payments,0.978,LEAKAGE
EXP-001,FraudRisk-v12,EXP-001-TX-0064,transaction_amount,2026-01-09T00:00:00,2026-01-08T23:38:00,payments,0.978,SAFE
EXP-001,FraudRisk-v12,EXP-001-TX-0064,customer_risk_score,2026-01-09T00:00:00,2026-01-08T23:39:00,risk_engine,0.978,SAFE
EXP-001,FraudRisk-v12,EXP-001-TX-0064,merchant_risk_score,2026-01-09T00:00:00,2026-01-08T23:50:00,merchant_risk,0.978,SAFE
EXP-001,FraudRisk-v12,EXP-001-TX-0064,device_risk_score,2026-01-09T00:00:00,2026-01-08T23:45:00,device_intelligence,0.978,SAFE
EXP-001,FraudRisk-v12,EXP-001-TX-0064,transaction_velocity,2026-01-09T00:00:00,2026-01-08T23:49:00,payments,0.978,SAFE
EXP-001,FraudRisk-v12,EXP-001-TX-0064,chargeback_result,2026-01-09T00:00:00,2026-01-16T02:00:00,payments,0.978,LEAKAGE
EXP-001,FraudRisk-v12,EXP-001-TX-0064,settlement_status,2026-01-09T00:00:00,2026-01-11T00:00:00,payments,0.978,LEAKAGE
EXP-001,FraudRisk-v12,EXP-001-TX-0065,transaction_amount,2026-01-09T03:00:00,2026-01-09T02:45:00,payments,0.978,SAFE
EXP-001,FraudRisk-v12,EXP-001-TX-0065,customer_risk_score,2026-01-09T03:00:00,2026-01-09T02:40:00,risk_engine,0.978,SAFE
EXP-001,FraudRisk-v12,EXP-001-TX-0065,merchant_risk_score,2026-01-09T03:00:00,2026-01-09T02:41:00,merchant_risk,0.978,SAFE
EXP-001,FraudRisk-v12,EXP-001-TX-0065,device_risk_score,2026-01-09T03:00:00,2026-01-09T02:56:00,device_intelligence,0.978,SAFE
EXP-001,FraudRisk-v12,EXP-001-TX-0065,transaction_velocity,2026-01-09T03:00:00,2026-01-09T02:57:00,payments,0.978,SAFE
EXP-001,FraudRisk-v12,EXP-001-TX-0065,chargeback_result,2026-01-09T03:00:00,2026-01-16T20:00:00,payments,0.978,LEAKAGE
EXP-001,FraudRisk-v12,EXP-001-TX-0065,settlement_status,2026-01-09T03:00:00,2026-01-11T09:00:00,payments,0.978,LEAKAGE
EXP-001,FraudRisk-v12,EXP-001-TX-0066,transaction_amount,2026-01-09T06:00:00,2026-01-09T05:43:00,payments,0.978,SAFE
EXP-001,FraudRisk-v12,EXP-001-TX-0066,customer_risk_score,2026-01-09T06:00:00,2026-01-09T05:51:00,risk_engine,0.978,SAFE
EXP-001,FraudRisk-v12,EXP-001-TX-0066,merchant_risk_score,2026-01-09T06:00:00,2026-01-09T05:55:00,merchant_risk,0.978,SAFE
EXP-001,FraudRisk-v12,EXP-001-TX-0066,device_risk_score,2026-01-09T06:00:00,2026-01-09T05:30:00,device_intelligence,0.978,SAFE
EXP-001,FraudRisk-v12,EXP-001-TX-0066,transaction_velocity,2026-01-09T06:00:00,2026-01-09T05:48:00,payments,0.978,SAFE
EXP-001,FraudRisk-v12,EXP-001-TX-0066,chargeback_result,2026-01-09T06:00:00,2026-01-16T08:00:00,payments,0.978,LEAKAGE
EXP-001,FraudRisk-v12,EXP-001-TX-0066,settlement_status,2026-01-09T06:00:00,2026-01-11T13:00:00,payments,0.978,LEAKAGE
EXP-001,FraudRisk-v12,EXP-001-TX-0067,transaction_amount,2026-01-09T09:00:00,2026-01-09T08:48:00,payments,0.978,SAFE
EXP-001,FraudRisk-v12,EXP-001-TX-0067,customer_risk_score,2026-01-09T09:00:00,2026-01-09T08:50:00,risk_engine,0.978,SAFE
EXP-001,FraudRisk-v12,EXP-001-TX-0067,merchant_risk_score,2026-01-09T09:00:00,2026-01-09T08:54:00,merchant_risk,0.978,SAFE
EXP-001,FraudRisk-v12,EXP-001-TX-0067,device_risk_score,2026-01-09T09:00:00,2026-01-09T08:45:00,device_intelligence,0.978,SAFE
EXP-001,FraudRisk-v12,EXP-001-TX-0067,transaction_velocity,2026-01-09T09:00:00,2026-01-09T08:33:00,payments,0.978,SAFE
EXP-001,FraudRisk-v12,EXP-001-TX-0067,chargeback_result,2026-01-09T09:00:00,2026-01-17T02:00:00,payments,0.978,LEAKAGE
EXP-001,FraudRisk-v12,EXP-001-TX-0067,settlement_status,2026-01-09T09:00:00,2026-01-12T07:00:00,payments,0.978,LEAKAGE
EXP-001,FraudRisk-v12,EXP-001-TX-0068,transaction_amount,2026-01-09T12:00:00,2026-01-09T11:50:00,payments,0.978,SAFE
EXP-001,FraudRisk-v12,EXP-001-TX-0068,customer_risk_score,2026-01-09T12:00:00,2026-01-09T11:40:00,risk_engine,0.978,SAFE
EXP-001,FraudRisk-v12,EXP-001-TX-0068,merchant_risk_score,2026-01-09T12:00:00,2026-01-09T11:34:00,merchant_risk,0.978,SAFE
EXP-001,FraudRisk-v12,EXP-001-TX-0068,device_risk_score,2026-01-09T12:00:00,2026-01-09T11:39:00,device_intelligence,0.978,SAFE
EXP-001,FraudRisk-v12,EXP-001-TX-0068,transaction_velocity,2026-01-09T12:00:00,2026-01-09T11:43:00,payments,0.978,SAFE
EXP-001,FraudRisk-v12,EXP-001-TX-0068,chargeback_result,2026-01-09T12:00:00,2026-01-16T12:00:00,payments,0.978,LEAKAGE
EXP-001,FraudRisk-v12,EXP-001-TX-0068,settlement_status,2026-01-09T12:00:00,2026-01-12T09:00:00,payments,0.978,LEAKAGE
EXP-001,FraudRisk-v12,EXP-001-TX-0069,transaction_amount,2026-01-09T15:00:00,2026-01-09T14:33:00,payments,0.978,SAFE
EXP-001,FraudRisk-v12,EXP-001-TX-0069,customer_risk_score,2026-01-09T15:00:00,2026-01-09T14:42:00,risk_engine,0.978,SAFE
EXP-001,FraudRisk-v12,EXP-001-TX-0069,merchant_risk_score,2026-01-09T15:00:00,2026-01-09T14:50:00,merchant_risk,0.978,SAFE
EXP-001,FraudRisk-v12,EXP-001-TX-0069,device_risk_score,2026-01-09T15:00:00,2026-01-09T14:30:00,device_intelligence,0.978,SAFE
EXP-001,FraudRisk-v12,EXP-001-TX-0069,transaction_velocity,2026-01-09T15:00:00,2026-01-09T14:38:00,payments,0.978,SAFE
EXP-001,FraudRisk-v12,EXP-001-TX-0069,chargeback_result,2026-01-09T15:00:00,2026-01-16T18:00:00,payments,0.978,LEAKAGE
EXP-001,FraudRisk-v12,EXP-001-TX-0069,settlement_status,2026-01-09T15:00:00,2026-01-11T19:00:00,payments,0.978,LEAKAGE
EXP-001,FraudRisk-v12,EXP-001-TX-0070,transaction_amount,2026-01-09T18:00:00,2026-01-09T17:51:00,payments,0.978,SAFE
EXP-001,FraudRisk-v12,EXP-001-TX-0070,customer_risk_score,2026-01-09T18:00:00,2026-01-09T17:56:00,risk_engine,0.978,SAFE
EXP-001,FraudRisk-v12,EXP-001-TX-0070,merchant_risk_score,2026-01-09T18:00:00,2026-01-09T17:31:00,merchant_risk,0.978,SAFE
EXP-001,FraudRisk-v12,EXP-001-TX-0070,device_risk_score,2026-01-09T18:00:00,2026-01-09T17:56:00,device_intelligence,0.978,SAFE
EXP-001,FraudRisk-v12,EXP-001-TX-0070,transaction_velocity,2026-01-09T18:00:00,2026-01-09T17:36:00,payments,0.978,SAFE
EXP-001,FraudRisk-v12,EXP-001-TX-0070,chargeback_result,2026-01-09T18:00:00,2026-01-17T11:00:00,payments,0.978,LEAKAGE
EXP-001,FraudRisk-v12,EXP-001-TX-0070,settlement_status,2026-01-09T18:00:00,2026-01-11T22:00:00,payments,0.978,LEAKAGE
EXP-001,FraudRisk-v12,EXP-001-TX-0071,transaction_amount,2026-01-09T21:00:00,2026-01-09T20:51:00,payments,0.978,SAFE
EXP-001,FraudRisk-v12,EXP-001-TX-0071,customer_risk_score,2026-01-09T21:00:00,2026-01-09T20:50:00,risk_engine,0.978,SAFE
EXP-001,FraudRisk-v12,EXP-001-TX-0071,merchant_risk_score,2026-01-09T21:00:00,2026-01-09T20:40:00,merchant_risk,0.978,SAFE
EXP-001,FraudRisk-v12,EXP-001-TX-0071,device_risk_score,2026-01-09T21:00:00,2026-01-09T20:53:00,device_intelligence,0.978,SAFE
EXP-001,FraudRisk-v12,EXP-001-TX-0071,transaction_velocity,2026-01-09T21:00:00,2026-01-09T20:37:00,payments,0.978,SAFE
EXP-001,FraudRisk-v12,EXP-001-TX-0071,chargeback_result,2026-01-09T21:00:00,2026-01-17T07:00:00,payments,0.978,LEAKAGE
EXP-001,FraudRisk-v12,EXP-001-TX-0071,settlement_status,2026-01-09T21:00:00,2026-01-12T03:00:00,payments,0.978,LEAKAGE
EXP-001,FraudRisk-v12,EXP-001-TX-0072,transaction_amount,2026-01-10T00:00:00,2026-01-09T23:38:00,payments,0.978,SAFE
EXP-001,FraudRisk-v12,EXP-001-TX-0072,customer_risk_score,2026-01-10T00:00:00,2026-01-09T23:39:00,risk_engine,0.978,SAFE
EXP-001,FraudRisk-v12,EXP-001-TX-0072,merchant_risk_score,2026-01-10T00:00:00,2026-01-09T23:32:00,merchant_risk,0.978,SAFE
EXP-001,FraudRisk-v12,EXP-001-TX-0072,device_risk_score,2026-01-10T00:00:00,2026-01-09T23:51:00,device_intelligence,0.978,SAFE
EXP-001,FraudRisk-v12,EXP-001-TX-0072,transaction_velocity,2026-01-10T00:00:00,2026-01-09T23:43:00,payments,0.978,SAFE
EXP-001,FraudRisk-v12,EXP-001-TX-0072,chargeback_result,2026-01-10T00:00:00,2026-01-17T15:00:00,payments,0.978,LEAKAGE
EXP-001,FraudRisk-v12,EXP-001-TX-0072,settlement_status,2026-01-10T00:00:00,2026-01-12T08:00:00,payments,0.978,LEAKAGE
EXP-001,FraudRisk-v12,EXP-001-TX-0073,transaction_amount,2026-01-10T03:00:00,2026-01-10T02:31:00,payments,0.978,SAFE
EXP-001,FraudRisk-v12,EXP-001-TX-0073,customer_risk_score,2026-01-10T03:00:00,2026-01-10T02:30:00,risk_engine,0.978,SAFE
EXP-001,FraudRisk-v12,EXP-001-TX-0073,merchant_risk_score,2026-01-10T03:00:00,2026-01-10T02:32:00,merchant_risk,0.978,SAFE
EXP-001,FraudRisk-v12,EXP-001-TX-0073,device_risk_score,2026-01-10T03:00:00,2026-01-10T02:58:00,device_intelligence,0.978,SAFE
EXP-001,FraudRisk-v12,EXP-001-TX-0073,transaction_velocity,2026-01-10T03:00:00,2026-01-10T02:57:00,payments,0.978,SAFE
EXP-001,FraudRisk-v12,EXP-001-TX-0073,chargeback_result,2026-01-10T03:00:00,2026-01-17T23:00:00,payments,0.978,LEAKAGE
EXP-001,FraudRisk-v12,EXP-001-TX-0073,settlement_status,2026-01-10T03:00:00,2026-01-12T16:00:00,payments,0.978,LEAKAGE
EXP-001,FraudRisk-v12,EXP-001-TX-0074,transaction_amount,2026-01-10T06:00:00,2026-01-10T05:33:00,payments,0.978,SAFE
EXP-001,FraudRisk-v12,EXP-001-TX-0074,customer_risk_score,2026-01-10T06:00:00,2026-01-10T05:51:00,risk_engine,0.978,SAFE
EXP-001,FraudRisk-v12,EXP-001-TX-0074,merchant_risk_score,2026-01-10T06:00:00,2026-01-10T05:58:00,merchant_risk,0.978,SAFE
EXP-001,FraudRisk-v12,EXP-001-TX-0074,device_risk_score,2026-01-10T06:00:00,2026-01-10T05:59:00,device_intelligence,0.978,SAFE
EXP-001,FraudRisk-v12,EXP-001-TX-0074,transaction_velocity,2026-01-10T06:00:00,2026-01-10T05:49:00,payments,0.978,SAFE
EXP-001,FraudRisk-v12,EXP-001-TX-0074,chargeback_result,2026-01-10T06:00:00,2026-01-17T10:00:00,payments,0.978,LEAKAGE
EXP-001,FraudRisk-v12,EXP-001-TX-0074,settlement_status,2026-01-10T06:00:00,2026-01-13T02:00:00,payments,0.978,LEAKAGE
EXP-001,FraudRisk-v12,EXP-001-TX-0075,transaction_amount,2026-01-10T09:00:00,2026-01-10T08:51:00,payments,0.978,SAFE
EXP-001,FraudRisk-v12,EXP-001-TX-0075,customer_risk_score,2026-01-10T09:00:00,2026-01-10T08:54:00,risk_engine,0.978,SAFE
EXP-001,FraudRisk-v12,EXP-001-TX-0075,merchant_risk_score,2026-01-10T09:00:00,2026-01-10T08:36:00,merchant_risk,0.978,SAFE
EXP-001,FraudRisk-v12,EXP-001-TX-0075,device_risk_score,2026-01-10T09:00:00,2026-01-10T08:45:00,device_intelligence,0.978,SAFE
EXP-001,FraudRisk-v12,EXP-001-TX-0075,transaction_velocity,2026-01-10T09:00:00,2026-01-10T08:42:00,payments,0.978,SAFE
EXP-001,FraudRisk-v12,EXP-001-TX-0075,chargeback_result,2026-01-10T09:00:00,2026-01-18T07:00:00,payments,0.978,LEAKAGE
EXP-001,FraudRisk-v12,EXP-001-TX-0075,settlement_status,2026-01-10T09:00:00,2026-01-12T22:00:00,payments,0.978,LEAKAGE
EXP-001,FraudRisk-v12,EXP-001-TX-0076,transaction_amount,2026-01-10T12:00:00,2026-01-10T11:42:00,payments,0.978,SAFE
EXP-001,FraudRisk-v12,EXP-001-TX-0076,customer_risk_score,2026-01-10T12:00:00,2026-01-10T11:59:00,risk_engine,0.978,SAFE
EXP-001,FraudRisk-v12,EXP-001-TX-0076,merchant_risk_score,2026-01-10T12:00:00,2026-01-10T11:56:00,merchant_risk,0.978,SAFE
EXP-001,FraudRisk-v12,EXP-001-TX-0076,device_risk_score,2026-01-10T12:00:00,2026-01-10T11:57:00,device_intelligence,0.978,SAFE
EXP-001,FraudRisk-v12,EXP-001-TX-0076,transaction_velocity,2026-01-10T12:00:00,2026-01-10T11:31:00,payments,0.978,SAFE
EXP-001,FraudRisk-v12,EXP-001-TX-0076,chargeback_result,2026-01-10T12:00:00,2026-01-18T10:00:00,payments,0.978,LEAKAGE
EXP-001,FraudRisk-v12,EXP-001-TX-0076,settlement_status,2026-01-10T12:00:00,2026-01-12T16:00:00,payments,0.978,LEAKAGE
EXP-001,FraudRisk-v12,EXP-001-TX-0077,transaction_amount,2026-01-10T15:00:00,2026-01-10T14:42:00,payments,0.978,SAFE
EXP-001,FraudRisk-v12,EXP-001-TX-0077,customer_risk_score,2026-01-10T15:00:00,2026-01-10T14:58:00,risk_engine,0.978,SAFE
EXP-001,FraudRisk-v12,EXP-001-TX-0077,merchant_risk_score,2026-01-10T15:00:00,2026-01-10T14:33:00,merchant_risk,0.978,SAFE
EXP-001,FraudRisk-v12,EXP-001-TX-0077,device_risk_score,2026-01-10T15:00:00,2026-01-10T14:48:00,device_intelligence,0.978,SAFE
EXP-001,FraudRisk-v12,EXP-001-TX-0077,transaction_velocity,2026-01-10T15:00:00,2026-01-10T14:41:00,payments,0.978,SAFE
EXP-001,FraudRisk-v12,EXP-001-TX-0077,chargeback_result,2026-01-10T15:00:00,2026-01-18T08:00:00,payments,0.978,LEAKAGE
EXP-001,FraudRisk-v12,EXP-001-TX-0077,settlement_status,2026-01-10T15:00:00,2026-01-12T19:00:00,payments,0.978,LEAKAGE
EXP-001,FraudRisk-v12,EXP-001-TX-0078,transaction_amount,2026-01-10T18:00:00,2026-01-10T17:46:00,payments,0.978,SAFE
EXP-001,FraudRisk-v12,EXP-001-TX-0078,customer_risk_score,2026-01-10T18:00:00,2026-01-10T17:55:00,risk_engine,0.978,SAFE
EXP-001,FraudRisk-v12,EXP-001-TX-0078,merchant_risk_score,2026-01-10T18:00:00,2026-01-10T17:58:00,merchant_risk,0.978,SAFE
EXP-001,FraudRisk-v12,EXP-001-TX-0078,device_risk_score,2026-01-10T18:00:00,2026-01-10T17:50:00,device_intelligence,0.978,SAFE
EXP-001,FraudRisk-v12,EXP-001-TX-0078,transaction_velocity,2026-01-10T18:00:00,2026-01-10T17:48:00,payments,0.978,SAFE
EXP-001,FraudRisk-v12,EXP-001-TX-0078,chargeback_result,2026-01-10T18:00:00,2026-01-17T19:00:00,payments,0.978,LEAKAGE
EXP-001,FraudRisk-v12,EXP-001-TX-0078,settlement_status,2026-01-10T18:00:00,2026-01-13T05:00:00,payments,0.978,LEAKAGE
EXP-001,FraudRisk-v12,EXP-001-TX-0079,transaction_amount,2026-01-10T21:00:00,2026-01-10T20:53:00,payments,0.978,SAFE
EXP-001,FraudRisk-v12,EXP-001-TX-0079,customer_risk_score,2026-01-10T21:00:00,2026-01-10T20:38:00,risk_engine,0.978,SAFE
EXP-001,FraudRisk-v12,EXP-001-TX-0079,merchant_risk_score,2026-01-10T21:00:00,2026-01-10T20:52:00,merchant_risk,0.978,SAFE
EXP-001,FraudRisk-v12,EXP-001-TX-0079,device_risk_score,2026-01-10T21:00:00,2026-01-10T20:38:00,device_intelligence,0.978,SAFE
EXP-001,FraudRisk-v12,EXP-001-TX-0079,transaction_velocity,2026-01-10T21:00:00,2026-01-10T20:56:00,payments,0.978,SAFE
EXP-001,FraudRisk-v12,EXP-001-TX-0079,chargeback_result,2026-01-10T21:00:00,2026-01-18T08:00:00,payments,0.978,LEAKAGE
EXP-001,FraudRisk-v12,EXP-001-TX-0079,settlement_status,2026-01-10T21:00:00,2026-01-13T14:00:00,payments,0.978,LEAKAGE
EXP-001,FraudRisk-v12,EXP-001-TX-0080,transaction_amount,2026-01-11T00:00:00,2026-01-10T23:31:00,payments,0.978,SAFE
EXP-001,FraudRisk-v12,EXP-001-TX-0080,customer_risk_score,2026-01-11T00:00:00,2026-01-10T23:32:00,risk_engine,0.978,SAFE
EXP-001,FraudRisk-v12,EXP-001-TX-0080,merchant_risk_score,2026-01-11T00:00:00,2026-01-10T23:46:00,merchant_risk,0.978,SAFE
EXP-001,FraudRisk-v12,EXP-001-TX-0080,device_risk_score,2026-01-11T00:00:00,2026-01-10T23:40:00,device_intelligence,0.978,SAFE
EXP-001,FraudRisk-v12,EXP-001-TX-0080,transaction_velocity,2026-01-11T00:00:00,2026-01-10T23:36:00,payments,0.978,SAFE
EXP-001,FraudRisk-v12,EXP-001-TX-0080,chargeback_result,2026-01-11T00:00:00,2026-01-18T04:00:00,payments,0.978,LEAKAGE
EXP-001,FraudRisk-v12,EXP-001-TX-0080,settlement_status,2026-01-11T00:00:00,2026-01-13T07:00:00,payments,0.978,LEAKAGE
EXP-001,FraudRisk-v12,EXP-001-TX-0081,transaction_amount,2026-01-11T03:00:00,2026-01-11T02:32:00,payments,0.978,SAFE
EXP-001,FraudRisk-v12,EXP-001-TX-0081,customer_risk_score,2026-01-11T03:00:00,2026-01-11T02:54:00,risk_engine,0.978,SAFE
EXP-001,FraudRisk-v12,EXP-001-TX-0081,merchant_risk_score,2026-01-11T03:00:00,2026-01-11T02:34:00,merchant_risk,0.978,SAFE
EXP-001,FraudRisk-v12,EXP-001-TX-0081,device_risk_score,2026-01-11T03:00:00,2026-01-11T02:34:00,device_intelligence,0.978,SAFE
EXP-001,FraudRisk-v12,EXP-001-TX-0081,transaction_velocity,2026-01-11T03:00:00,2026-01-11T02:54:00,payments,0.978,SAFE
EXP-001,FraudRisk-v12,EXP-001-TX-0081,chargeback_result,2026-01-11T03:00:00,2026-01-18T16:00:00,payments,0.978,LEAKAGE
EXP-001,FraudRisk-v12,EXP-001-TX-0081,settlement_status,2026-01-11T03:00:00,2026-01-13T03:00:00,payments,0.978,LEAKAGE
EXP-001,FraudRisk-v12,EXP-001-TX-0082,transaction_amount,2026-01-11T06:00:00,2026-01-11T05:54:00,payments,0.978,SAFE
EXP-001,FraudRisk-v12,EXP-001-TX-0082,customer_risk_score,2026-01-11T06:00:00,2026-01-11T05:36:00,risk_engine,0.978,SAFE
EXP-001,FraudRisk-v12,EXP-001-TX-0082,merchant_risk_score,2026-01-11T06:00:00,2026-01-11T05:30:00,merchant_risk,0.978,SAFE
EXP-001,FraudRisk-v12,EXP-001-TX-0082,device_risk_score,2026-01-11T06:00:00,2026-01-11T05:49:00,device_intelligence,0.978,SAFE
EXP-001,FraudRisk-v12,EXP-001-TX-0082,transaction_velocity,2026-01-11T06:00:00,2026-01-11T05:34:00,payments,0.978,SAFE
EXP-001,FraudRisk-v12,EXP-001-TX-0082,chargeback_result,2026-01-11T06:00:00,2026-01-18T19:00:00,payments,0.978,LEAKAGE
EXP-001,FraudRisk-v12,EXP-001-TX-0082,settlement_status,2026-01-11T06:00:00,2026-01-14T03:00:00,payments,0.978,LEAKAGE
EXP-001,FraudRisk-v12,EXP-001-TX-0083,transaction_amount,2026-01-11T09:00:00,2026-01-11T08:32:00,payments,0.978,SAFE
EXP-001,FraudRisk-v12,EXP-001-TX-0083,customer_risk_score,2026-01-11T09:00:00,2026-01-11T08:36:00,risk_engine,0.978,SAFE
EXP-001,FraudRisk-v12,EXP-001-TX-0083,merchant_risk_score,2026-01-11T09:00:00,2026-01-11T08:34:00,merchant_risk,0.978,SAFE
EXP-001,FraudRisk-v12,EXP-001-TX-0083,device_risk_score,2026-01-11T09:00:00,2026-01-11T08:52:00,device_intelligence,0.978,SAFE
EXP-001,FraudRisk-v12,EXP-001-TX-0083,transaction_velocity,2026-01-11T09:00:00,2026-01-11T08:51:00,payments,0.978,SAFE
EXP-001,FraudRisk-v12,EXP-001-TX-0083,chargeback_result,2026-01-11T09:00:00,2026-01-18T14:00:00,payments,0.978,LEAKAGE
EXP-001,FraudRisk-v12,EXP-001-TX-0083,settlement_status,2026-01-11T09:00:00,2026-01-14T07:00:00,payments,0.978,LEAKAGE
EXP-001,FraudRisk-v12,EXP-001-TX-0084,transaction_amount,2026-01-11T12:00:00,2026-01-11T11:56:00,payments,0.978,SAFE
EXP-001,FraudRisk-v12,EXP-001-TX-0084,customer_risk_score,2026-01-11T12:00:00,2026-01-11T11:47:00,risk_engine,0.978,SAFE
EXP-001,FraudRisk-v12,EXP-001-TX-0084,merchant_risk_score,2026-01-11T12:00:00,2026-01-11T11:32:00,merchant_risk,0.978,SAFE
EXP-001,FraudRisk-v12,EXP-001-TX-0084,device_risk_score,2026-01-11T12:00:00,2026-01-11T11:58:00,device_intelligence,0.978,SAFE
EXP-001,FraudRisk-v12,EXP-001-TX-0084,transaction_velocity,2026-01-11T12:00:00,2026-01-11T11:32:00,payments,0.978,SAFE
EXP-001,FraudRisk-v12,EXP-001-TX-0084,chargeback_result,2026-01-11T12:00:00,2026-01-19T03:00:00,payments,0.978,LEAKAGE
EXP-001,FraudRisk-v12,EXP-001-TX-0084,settlement_status,2026-01-11T12:00:00,2026-01-13T19:00:00,payments,0.978,LEAKAGE
EXP-001,FraudRisk-v12,EXP-001-TX-0085,transaction_amount,2026-01-11T15:00:00,2026-01-11T14:53:00,payments,0.978,SAFE
EXP-001,FraudRisk-v12,EXP-001-TX-0085,customer_risk_score,2026-01-11T15:00:00,2026-01-11T14:33:00,risk_engine,0.978,SAFE
EXP-001,FraudRisk-v12,EXP-001-TX-0085,merchant_risk_score,2026-01-11T15:00:00,2026-01-11T14:30:00,merchant_risk,0.978,SAFE
EXP-001,FraudRisk-v12,EXP-001-TX-0085,device_risk_score,2026-01-11T15:00:00,2026-01-11T14:45:00,device_intelligence,0.978,SAFE
EXP-001,FraudRisk-v12,EXP-001-TX-0085,transaction_velocity,2026-01-11T15:00:00,2026-01-11T14:48:00,payments,0.978,SAFE
EXP-001,FraudRisk-v12,EXP-001-TX-0085,chargeback_result,2026-01-11T15:00:00,2026-01-19T00:00:00,payments,0.978,LEAKAGE
EXP-001,FraudRisk-v12,EXP-001-TX-0085,settlement_status,2026-01-11T15:00:00,2026-01-13T22:00:00,payments,0.978,LEAKAGE
EXP-001,FraudRisk-v12,EXP-001-TX-0086,transaction_amount,2026-01-11T18:00:00,2026-01-11T17:52:00,payments,0.978,SAFE
EXP-001,FraudRisk-v12,EXP-001-TX-0086,customer_risk_score,2026-01-11T18:00:00,2026-01-11T17:59:00,risk_engine,0.978,SAFE
EXP-001,FraudRisk-v12,EXP-001-TX-0086,merchant_risk_score,2026-01-11T18:00:00,2026-01-11T17:38:00,merchant_risk,0.978,SAFE
EXP-001,FraudRisk-v12,EXP-001-TX-0086,device_risk_score,2026-01-11T18:00:00,2026-01-11T17:53:00,device_intelligence,0.978,SAFE
EXP-001,FraudRisk-v12,EXP-001-TX-0086,transaction_velocity,2026-01-11T18:00:00,2026-01-11T17:47:00,payments,0.978,SAFE
EXP-001,FraudRisk-v12,EXP-001-TX-0086,chargeback_result,2026-01-11T18:00:00,2026-01-19T04:00:00,payments,0.978,LEAKAGE
EXP-001,FraudRisk-v12,EXP-001-TX-0086,settlement_status,2026-01-11T18:00:00,2026-01-14T02:00:00,payments,0.978,LEAKAGE
EXP-001,FraudRisk-v12,EXP-001-TX-0087,transaction_amount,2026-01-11T21:00:00,2026-01-11T20:32:00,payments,0.978,SAFE
EXP-001,FraudRisk-v12,EXP-001-TX-0087,customer_risk_score,2026-01-11T21:00:00,2026-01-11T20:57:00,risk_engine,0.978,SAFE
EXP-001,FraudRisk-v12,EXP-001-TX-0087,merchant_risk_score,2026-01-11T21:00:00,2026-01-11T20:35:00,merchant_risk,0.978,SAFE
EXP-001,FraudRisk-v12,EXP-001-TX-0087,device_risk_score,2026-01-11T21:00:00,2026-01-11T20:51:00,device_intelligence,0.978,SAFE
EXP-001,FraudRisk-v12,EXP-001-TX-0087,transaction_velocity,2026-01-11T21:00:00,2026-01-11T20:48:00,payments,0.978,SAFE
EXP-001,FraudRisk-v12,EXP-001-TX-0087,chargeback_result,2026-01-11T21:00:00,2026-01-19T17:00:00,payments,0.978,LEAKAGE
EXP-001,FraudRisk-v12,EXP-001-TX-0087,settlement_status,2026-01-11T21:00:00,2026-01-14T13:00:00,payments,0.978,LEAKAGE
EXP-001,FraudRisk-v12,EXP-001-TX-0088,transaction_amount,2026-01-12T00:00:00,2026-01-11T23:47:00,payments,0.978,SAFE
EXP-001,FraudRisk-v12,EXP-001-TX-0088,customer_risk_score,2026-01-12T00:00:00,2026-01-11T23:38:00,risk_engine,0.978,SAFE
EXP-001,FraudRisk-v12,EXP-001-TX-0088,merchant_risk_score,2026-01-12T00:00:00,2026-01-11T23:33:00,merchant_risk,0.978,SAFE
EXP-001,FraudRisk-v12,EXP-001-TX-0088,device_risk_score,2026-01-12T00:00:00,2026-01-11T23:42:00,device_intelligence,0.978,SAFE
EXP-001,FraudRisk-v12,EXP-001-TX-0088,transaction_velocity,2026-01-12T00:00:00,2026-01-11T23:49:00,payments,0.978,SAFE
EXP-001,FraudRisk-v12,EXP-001-TX-0088,chargeback_result,2026-01-12T00:00:00,2026-01-19T00:00:00,payments,0.978,LEAKAGE
EXP-001,FraudRisk-v12,EXP-001-TX-0088,settlement_status,2026-01-12T00:00:00,2026-01-14T03:00:00,payments,0.978,LEAKAGE
EXP-001,FraudRisk-v12,EXP-001-TX-0089,transaction_amount,2026-01-12T03:00:00,2026-01-12T02:31:00,payments,0.978,SAFE
EXP-001,FraudRisk-v12,EXP-001-TX-0089,customer_risk_score,2026-01-12T03:00:00,2026-01-12T02:51:00,risk_engine,0.978,SAFE
EXP-001,FraudRisk-v12,EXP-001-TX-0089,merchant_risk_score,2026-01-12T03:00:00,2026-01-12T02:54:00,merchant_risk,0.978,SAFE
EXP-001,FraudRisk-v12,EXP-001-TX-0089,device_risk_score,2026-01-12T03:00:00,2026-01-12T02:41:00,device_intelligence,0.978,SAFE
EXP-001,FraudRisk-v12,EXP-001-TX-0089,transaction_velocity,2026-01-12T03:00:00,2026-01-12T02:51:00,payments,0.978,SAFE
EXP-001,FraudRisk-v12,EXP-001-TX-0089,chargeback_result,2026-01-12T03:00:00,2026-01-19T04:00:00,payments,0.978,LEAKAGE
EXP-001,FraudRisk-v12,EXP-001-TX-0089,settlement_status,2026-01-12T03:00:00,2026-01-14T06:00:00,payments,0.978,LEAKAGE
EXP-001,FraudRisk-v12,EXP-001-TX-0090,transaction_amount,2026-01-12T06:00:00,2026-01-12T05:40:00,payments,0.978,SAFE
EXP-001,FraudRisk-v12,EXP-001-TX-0090,customer_risk_score,2026-01-12T06:00:00,2026-01-12T05:46:00,risk_engine,0.978,SAFE
EXP-001,FraudRisk-v12,EXP-001-TX-0090,merchant_risk_score,2026-01-12T06:00:00,2026-01-12T05:48:00,merchant_risk,0.978,SAFE
EXP-001,FraudRisk-v12,EXP-001-TX-0090,device_risk_score,2026-01-12T06:00:00,2026-01-12T05:36:00,device_intelligence,0.978,SAFE
EXP-001,FraudRisk-v12,EXP-001-TX-0090,transaction_velocity,2026-01-12T06:00:00,2026-01-12T05:34:00,payments,0.978,SAFE
EXP-001,FraudRisk-v12,EXP-001-TX-0090,chargeback_result,2026-01-12T06:00:00,2026-01-19T16:00:00,payments,0.978,LEAKAGE
EXP-001,FraudRisk-v12,EXP-001-TX-0090,settlement_status,2026-01-12T06:00:00,2026-01-14T19:00:00,payments,0.978,LEAKAGE
EXP-001,FraudRisk-v12,EXP-001-TX-0091,transaction_amount,2026-01-12T09:00:00,2026-01-12T08:40:00,payments,0.978,SAFE
EXP-001,FraudRisk-v12,EXP-001-TX-0091,customer_risk_score,2026-01-12T09:00:00,2026-01-12T08:43:00,risk_engine,0.978,SAFE
EXP-001,FraudRisk-v12,EXP-001-TX-0091,merchant_risk_score,2026-01-12T09:00:00,2026-01-12T08:56:00,merchant_risk,0.978,SAFE
EXP-001,FraudRisk-v12,EXP-001-TX-0091,device_risk_score,2026-01-12T09:00:00,2026-01-12T08:47:00,device_intelligence,0.978,SAFE
EXP-001,FraudRisk-v12,EXP-001-TX-0091,transaction_velocity,2026-01-12T09:00:00,2026-01-12T08:31:00,payments,0.978,SAFE
EXP-001,FraudRisk-v12,EXP-001-TX-0091,chargeback_result,2026-01-12T09:00:00,2026-01-20T03:00:00,payments,0.978,LEAKAGE
EXP-001,FraudRisk-v12,EXP-001-TX-0091,settlement_status,2026-01-12T09:00:00,2026-01-14T15:00:00,payments,0.978,LEAKAGE
EXP-001,FraudRisk-v12,EXP-001-TX-0092,transaction_amount,2026-01-12T12:00:00,2026-01-12T11:51:00,payments,0.978,SAFE
EXP-001,FraudRisk-v12,EXP-001-TX-0092,customer_risk_score,2026-01-12T12:00:00,2026-01-12T11:58:00,risk_engine,0.978,SAFE
EXP-001,FraudRisk-v12,EXP-001-TX-0092,merchant_risk_score,2026-01-12T12:00:00,2026-01-12T11:37:00,merchant_risk,0.978,SAFE
EXP-001,FraudRisk-v12,EXP-001-TX-0092,device_risk_score,2026-01-12T12:00:00,2026-01-12T11:46:00,device_intelligence,0.978,SAFE
EXP-001,FraudRisk-v12,EXP-001-TX-0092,transaction_velocity,2026-01-12T12:00:00,2026-01-12T11:59:00,payments,0.978,SAFE
EXP-001,FraudRisk-v12,EXP-001-TX-0092,chargeback_result,2026-01-12T12:00:00,2026-01-20T04:00:00,payments,0.978,LEAKAGE
EXP-001,FraudRisk-v12,EXP-001-TX-0092,settlement_status,2026-01-12T12:00:00,2026-01-15T05:00:00,payments,0.978,LEAKAGE
EXP-001,FraudRisk-v12,EXP-001-TX-0093,transaction_amount,2026-01-12T15:00:00,2026-01-12T14:38:00,payments,0.978,SAFE
EXP-001,FraudRisk-v12,EXP-001-TX-0093,customer_risk_score,2026-01-12T15:00:00,2026-01-12T14:36:00,risk_engine,0.978,SAFE
EXP-001,FraudRisk-v12,EXP-001-TX-0093,merchant_risk_score,2026-01-12T15:00:00,2026-01-12T14:36:00,merchant_risk,0.978,SAFE
EXP-001,FraudRisk-v12,EXP-001-TX-0093,device_risk_score,2026-01-12T15:00:00,2026-01-12T14:36:00,device_intelligence,0.978,SAFE
EXP-001,FraudRisk-v12,EXP-001-TX-0093,transaction_velocity,2026-01-12T15:00:00,2026-01-12T14:38:00,payments,0.978,SAFE
EXP-001,FraudRisk-v12,EXP-001-TX-0093,chargeback_result,2026-01-12T15:00:00,2026-01-19T21:00:00,payments,0.978,LEAKAGE
EXP-001,FraudRisk-v12,EXP-001-TX-0093,settlement_status,2026-01-12T15:00:00,2026-01-15T02:00:00,payments,0.978,LEAKAGE
EXP-001,FraudRisk-v12,EXP-001-TX-0094,transaction_amount,2026-01-12T18:00:00,2026-01-12T17:46:00,payments,0.978,SAFE
EXP-001,FraudRisk-v12,EXP-001-TX-0094,customer_risk_score,2026-01-12T18:00:00,2026-01-12T17:57:00,risk_engine,0.978,SAFE
EXP-001,FraudRisk-v12,EXP-001-TX-0094,merchant_risk_score,2026-01-12T18:00:00,2026-01-12T17:38:00,merchant_risk,0.978,SAFE
EXP-001,FraudRisk-v12,EXP-001-TX-0094,device_risk_score,2026-01-12T18:00:00,2026-01-12T17:30:00,device_intelligence,0.978,SAFE
EXP-001,FraudRisk-v12,EXP-001-TX-0094,transaction_velocity,2026-01-12T18:00:00,2026-01-12T17:49:00,payments,0.978,SAFE
EXP-001,FraudRisk-v12,EXP-001-TX-0094,chargeback_result,2026-01-12T18:00:00,2026-01-20T13:00:00,payments,0.978,LEAKAGE
EXP-001,FraudRisk-v12,EXP-001-TX-0094,settlement_status,2026-01-12T18:00:00,2026-01-15T04:00:00,payments,0.978,LEAKAGE
EXP-001,FraudRisk-v12,EXP-001-TX-0095,transaction_amount,2026-01-12T21:00:00,2026-01-12T20:38:00,payments,0.978,SAFE
EXP-001,FraudRisk-v12,EXP-001-TX-0095,customer_risk_score,2026-01-12T21:00:00,2026-01-12T20:32:00,risk_engine,0.978,SAFE
EXP-001,FraudRisk-v12,EXP-001-TX-0095,merchant_risk_score,2026-01-12T21:00:00,2026-01-12T20:56:00,merchant_risk,0.978,SAFE
EXP-001,FraudRisk-v12,EXP-001-TX-0095,device_risk_score,2026-01-12T21:00:00,2026-01-12T20:36:00,device_intelligence,0.978,SAFE
EXP-001,FraudRisk-v12,EXP-001-TX-0095,transaction_velocity,2026-01-12T21:00:00,2026-01-12T20:31:00,payments,0.978,SAFE
EXP-001,FraudRisk-v12,EXP-001-TX-0095,chargeback_result,2026-01-12T21:00:00,2026-01-20T06:00:00,payments,0.978,LEAKAGE
EXP-001,FraudRisk-v12,EXP-001-TX-0095,settlement_status,2026-01-12T21:00:00,2026-01-15T13:00:00,payments,0.978,LEAKAGE
EXP-001,FraudRisk-v12,EXP-001-TX-0096,transaction_amount,2026-01-13T00:00:00,2026-01-12T23:50:00,payments,0.978,SAFE
EXP-001,FraudRisk-v12,EXP-001-TX-0096,customer_risk_score,2026-01-13T00:00:00,2026-01-12T23:38:00,risk_engine,0.978,SAFE
EXP-001,FraudRisk-v12,EXP-001-TX-0096,merchant_risk_score,2026-01-13T00:00:00,2026-01-12T23:46:00,merchant_risk,0.978,SAFE
EXP-001,FraudRisk-v12,EXP-001-TX-0096,device_risk_score,2026-01-13T00:00:00,2026-01-12T23:49:00,device_intelligence,0.978,SAFE
EXP-001,FraudRisk-v12,EXP-001-TX-0096,transaction_velocity,2026-01-13T00:00:00,2026-01-12T23:47:00,payments,0.978,SAFE
EXP-001,FraudRisk-v12,EXP-001-TX-0096,chargeback_result,2026-01-13T00:00:00,2026-01-20T22:00:00,payments,0.978,LEAKAGE
EXP-001,FraudRisk-v12,EXP-001-TX-0096,settlement_status,2026-01-13T00:00:00,2026-01-15T09:00:00,payments,0.978,LEAKAGE
EXP-001,FraudRisk-v12,EXP-001-TX-0097,transaction_amount,2026-01-13T03:00:00,2026-01-13T02:42:00,payments,0.978,SAFE
EXP-001,FraudRisk-v12,EXP-001-TX-0097,customer_risk_score,2026-01-13T03:00:00,2026-01-13T02:55:00,risk_engine,0.978,SAFE
EXP-001,FraudRisk-v12,EXP-001-TX-0097,merchant_risk_score,2026-01-13T03:00:00,2026-01-13T02:53:00,merchant_risk,0.978,SAFE
EXP-001,FraudRisk-v12,EXP-001-TX-0097,device_risk_score,2026-01-13T03:00:00,2026-01-13T02:46:00,device_intelligence,0.978,SAFE
EXP-001,FraudRisk-v12,EXP-001-TX-0097,transaction_velocity,2026-01-13T03:00:00,2026-01-13T02:38:00,payments,0.978,SAFE
EXP-001,FraudRisk-v12,EXP-001-TX-0097,chargeback_result,2026-01-13T03:00:00,2026-01-20T15:00:00,payments,0.978,LEAKAGE
EXP-001,FraudRisk-v12,EXP-001-TX-0097,settlement_status,2026-01-13T03:00:00,2026-01-16T00:00:00,payments,0.978,LEAKAGE
EXP-001,FraudRisk-v12,EXP-001-TX-0098,transaction_amount,2026-01-13T06:00:00,2026-01-13T05:36:00,payments,0.978,SAFE
EXP-001,FraudRisk-v12,EXP-001-TX-0098,customer_risk_score,2026-01-13T06:00:00,2026-01-13T05:31:00,risk_engine,0.978,SAFE
EXP-001,FraudRisk-v12,EXP-001-TX-0098,merchant_risk_score,2026-01-13T06:00:00,2026-01-13T05:54:00,merchant_risk,0.978,SAFE
EXP-001,FraudRisk-v12,EXP-001-TX-0098,device_risk_score,2026-01-13T06:00:00,2026-01-13T05:40:00,device_intelligence,0.978,SAFE
EXP-001,FraudRisk-v12,EXP-001-TX-0098,transaction_velocity,2026-01-13T06:00:00,2026-01-13T05:41:00,payments,0.978,SAFE
EXP-001,FraudRisk-v12,EXP-001-TX-0098,chargeback_result,2026-01-13T06:00:00,2026-01-20T15:00:00,payments,0.978,LEAKAGE
EXP-001,FraudRisk-v12,EXP-001-TX-0098,settlement_status,2026-01-13T06:00:00,2026-01-15T18:00:00,payments,0.978,LEAKAGE
EXP-001,FraudRisk-v12,EXP-001-TX-0099,transaction_amount,2026-01-13T09:00:00,2026-01-13T08:42:00,payments,0.978,SAFE
EXP-001,FraudRisk-v12,EXP-001-TX-0099,customer_risk_score,2026-01-13T09:00:00,2026-01-13T08:33:00,risk_engine,0.978,SAFE
EXP-001,FraudRisk-v12,EXP-001-TX-0099,merchant_risk_score,2026-01-13T09:00:00,2026-01-13T08:59:00,merchant_risk,0.978,SAFE
EXP-001,FraudRisk-v12,EXP-001-TX-0099,device_risk_score,2026-01-13T09:00:00,2026-01-13T08:50:00,device_intelligence,0.978,SAFE
EXP-001,FraudRisk-v12,EXP-001-TX-0099,transaction_velocity,2026-01-13T09:00:00,2026-01-13T08:50:00,payments,0.978,SAFE
EXP-001,FraudRisk-v12,EXP-001-TX-0099,chargeback_result,2026-01-13T09:00:00,2026-01-20T15:00:00,payments,0.978,LEAKAGE
EXP-001,FraudRisk-v12,EXP-001-TX-0099,settlement_status,2026-01-13T09:00:00,2026-01-15T22:00:00,payments,0.978,LEAKAGE
EXP-001,FraudRisk-v12,EXP-001-TX-0100,transaction_amount,2026-01-13T12:00:00,2026-01-13T11:34:00,payments,0.978,SAFE
EXP-001,FraudRisk-v12,EXP-001-TX-0100,customer_risk_score,2026-01-13T12:00:00,2026-01-13T11:41:00,risk_engine,0.978,SAFE
EXP-001,FraudRisk-v12,EXP-001-TX-0100,merchant_risk_score,2026-01-13T12:00:00,2026-01-13T11:40:00,merchant_risk,0.978,SAFE
EXP-001,FraudRisk-v12,EXP-001-TX-0100,device_risk_score,2026-01-13T12:00:00,2026-01-13T11:39:00,device_intelligence,0.978,SAFE
EXP-001,FraudRisk-v12,EXP-001-TX-0100,transaction_velocity,2026-01-13T12:00:00,2026-01-13T11:49:00,payments,0.978,SAFE
EXP-001,FraudRisk-v12,EXP-001-TX-0100,chargeback_result,2026-01-13T12:00:00,2026-01-21T02:00:00,payments,0.978,LEAKAGE
EXP-001,FraudRisk-v12,EXP-001-TX-0100,settlement_status,2026-01-13T12:00:00,2026-01-16T02:00:00,payments,0.978,LEAKAGE
EXP-002,FraudRisk-v13,EXP-002-TX-0001,transaction_amount,2026-01-01T03:00:00,2026-01-01T02:45:00,payments,0.981,SAFE
EXP-002,FraudRisk-v13,EXP-002-TX-0001,customer_risk_score,2026-01-01T03:00:00,2026-01-01T02:38:00,risk_engine,0.981,SAFE
EXP-002,FraudRisk-v13,EXP-002-TX-0001,merchant_risk_score,2026-01-01T03:00:00,2026-01-01T02:53:00,merchant_risk,0.981,SAFE
EXP-002,FraudRisk-v13,EXP-002-TX-0001,device_risk_score,2026-01-01T03:00:00,2026-01-01T02:43:00,device_intelligence,0.981,SAFE
EXP-002,FraudRisk-v13,EXP-002-TX-0001,transaction_velocity,2026-01-01T03:00:00,2026-01-01T02:44:00,payments,0.981,SAFE
EXP-002,FraudRisk-v13,EXP-002-TX-0001,cb_resolution,2026-01-01T03:00:00,2026-01-08T02:00:00,payments,0.981,LEAKAGE
EXP-002,FraudRisk-v13,EXP-002-TX-0001,payment_final_state,2026-01-01T03:00:00,2026-01-04T08:00:00,payments,0.981,LEAKAGE
EXP-002,FraudRisk-v13,EXP-002-TX-0002,transaction_amount,2026-01-01T06:00:00,2026-01-01T05:38:00,payments,0.981,SAFE
EXP-002,FraudRisk-v13,EXP-002-TX-0002,customer_risk_score,2026-01-01T06:00:00,2026-01-01T05:57:00,risk_engine,0.981,SAFE
EXP-002,FraudRisk-v13,EXP-002-TX-0002,merchant_risk_score,2026-01-01T06:00:00,2026-01-01T05:50:00,merchant_risk,0.981,SAFE
EXP-002,FraudRisk-v13,EXP-002-TX-0002,device_risk_score,2026-01-01T06:00:00,2026-01-01T05:43:00,device_intelligence,0.981,SAFE
EXP-002,FraudRisk-v13,EXP-002-TX-0002,transaction_velocity,2026-01-01T06:00:00,2026-01-01T05:38:00,payments,0.981,SAFE
EXP-002,FraudRisk-v13,EXP-002-TX-0002,cb_resolution,2026-01-01T06:00:00,2026-01-08T02:00:00,payments,0.981,LEAKAGE
EXP-002,FraudRisk-v13,EXP-002-TX-0002,payment_final_state,2026-01-01T06:00:00,2026-01-05T01:00:00,payments,0.981,LEAKAGE
EXP-002,FraudRisk-v13,EXP-002-TX-0003,transaction_amount,2026-01-01T09:00:00,2026-01-01T08:49:00,payments,0.981,SAFE
EXP-002,FraudRisk-v13,EXP-002-TX-0003,customer_risk_score,2026-01-01T09:00:00,2026-01-01T08:57:00,risk_engine,0.981,SAFE
EXP-002,FraudRisk-v13,EXP-002-TX-0003,merchant_risk_score,2026-01-01T09:00:00,2026-01-01T08:33:00,merchant_risk,0.981,SAFE
EXP-002,FraudRisk-v13,EXP-002-TX-0003,device_risk_score,2026-01-01T09:00:00,2026-01-01T08:35:00,device_intelligence,0.981,SAFE
EXP-002,FraudRisk-v13,EXP-002-TX-0003,transaction_velocity,2026-01-01T09:00:00,2026-01-01T08:52:00,payments,0.981,SAFE
EXP-002,FraudRisk-v13,EXP-002-TX-0003,cb_resolution,2026-01-01T09:00:00,2026-01-08T06:00:00,payments,0.981,LEAKAGE
EXP-002,FraudRisk-v13,EXP-002-TX-0003,payment_final_state,2026-01-01T09:00:00,2026-01-04T18:00:00,payments,0.981,LEAKAGE
EXP-002,FraudRisk-v13,EXP-002-TX-0004,transaction_amount,2026-01-01T12:00:00,2026-01-01T11:52:00,payments,0.981,SAFE
EXP-002,FraudRisk-v13,EXP-002-TX-0004,customer_risk_score,2026-01-01T12:00:00,2026-01-01T11:34:00,risk_engine,0.981,SAFE
EXP-002,FraudRisk-v13,EXP-002-TX-0004,merchant_risk_score,2026-01-01T12:00:00,2026-01-01T11:53:00,merchant_risk,0.981,SAFE
EXP-002,FraudRisk-v13,EXP-002-TX-0004,device_risk_score,2026-01-01T12:00:00,2026-01-01T11:55:00,device_intelligence,0.981,SAFE
EXP-002,FraudRisk-v13,EXP-002-TX-0004,transaction_velocity,2026-01-01T12:00:00,2026-01-01T11:59:00,payments,0.981,SAFE
EXP-002,FraudRisk-v13,EXP-002-TX-0004,cb_resolution,2026-01-01T12:00:00,2026-01-07T13:00:00,payments,0.981,LEAKAGE
EXP-002,FraudRisk-v13,EXP-002-TX-0004,payment_final_state,2026-01-01T12:00:00,2026-01-04T19:00:00,payments,0.981,LEAKAGE
EXP-002,FraudRisk-v13,EXP-002-TX-0005,transaction_amount,2026-01-01T15:00:00,2026-01-01T14:44:00,payments,0.981,SAFE
EXP-002,FraudRisk-v13,EXP-002-TX-0005,customer_risk_score,2026-01-01T15:00:00,2026-01-01T14:40:00,risk_engine,0.981,SAFE
EXP-002,FraudRisk-v13,EXP-002-TX-0005,merchant_risk_score,2026-01-01T15:00:00,2026-01-01T14:32:00,merchant_risk,0.981,SAFE
EXP-002,FraudRisk-v13,EXP-002-TX-0005,device_risk_score,2026-01-01T15:00:00,2026-01-01T14:35:00,device_intelligence,0.981,SAFE
EXP-002,FraudRisk-v13,EXP-002-TX-0005,transaction_velocity,2026-01-01T15:00:00,2026-01-01T14:57:00,payments,0.981,SAFE
EXP-002,FraudRisk-v13,EXP-002-TX-0005,cb_resolution,2026-01-01T15:00:00,2026-01-08T05:00:00,payments,0.981,LEAKAGE
EXP-002,FraudRisk-v13,EXP-002-TX-0005,payment_final_state,2026-01-01T15:00:00,2026-01-05T04:00:00,payments,0.981,LEAKAGE
EXP-002,FraudRisk-v13,EXP-002-TX-0006,transaction_amount,2026-01-01T18:00:00,2026-01-01T17:31:00,payments,0.981,SAFE
EXP-002,FraudRisk-v13,EXP-002-TX-0006,customer_risk_score,2026-01-01T18:00:00,2026-01-01T17:39:00,risk_engine,0.981,SAFE
EXP-002,FraudRisk-v13,EXP-002-TX-0006,merchant_risk_score,2026-01-01T18:00:00,2026-01-01T17:41:00,merchant_risk,0.981,SAFE
EXP-002,FraudRisk-v13,EXP-002-TX-0006,device_risk_score,2026-01-01T18:00:00,2026-01-01T17:53:00,device_intelligence,0.981,SAFE
EXP-002,FraudRisk-v13,EXP-002-TX-0006,transaction_velocity,2026-01-01T18:00:00,2026-01-01T17:37:00,payments,0.981,SAFE
EXP-002,FraudRisk-v13,EXP-002-TX-0006,cb_resolution,2026-01-01T18:00:00,2026-01-08T16:00:00,payments,0.981,LEAKAGE
EXP-002,FraudRisk-v13,EXP-002-TX-0006,payment_final_state,2026-01-01T18:00:00,2026-01-05T06:00:00,payments,0.981,LEAKAGE
EXP-002,FraudRisk-v13,EXP-002-TX-0007,transaction_amount,2026-01-01T21:00:00,2026-01-01T20:44:00,payments,0.981,SAFE
EXP-002,FraudRisk-v13,EXP-002-TX-0007,customer_risk_score,2026-01-01T21:00:00,2026-01-01T20:47:00,risk_engine,0.981,SAFE
EXP-002,FraudRisk-v13,EXP-002-TX-0007,merchant_risk_score,2026-01-01T21:00:00,2026-01-01T20:52:00,merchant_risk,0.981,SAFE
EXP-002,FraudRisk-v13,EXP-002-TX-0007,device_risk_score,2026-01-01T21:00:00,2026-01-01T20:55:00,device_intelligence,0.981,SAFE
EXP-002,FraudRisk-v13,EXP-002-TX-0007,transaction_velocity,2026-01-01T21:00:00,2026-01-01T20:39:00,payments,0.981,SAFE
EXP-002,FraudRisk-v13,EXP-002-TX-0007,cb_resolution,2026-01-01T21:00:00,2026-01-08T19:00:00,payments,0.981,LEAKAGE
EXP-002,FraudRisk-v13,EXP-002-TX-0007,payment_final_state,2026-01-01T21:00:00,2026-01-04T21:00:00,payments,0.981,LEAKAGE
EXP-002,FraudRisk-v13,EXP-002-TX-0008,transaction_amount,2026-01-02T00:00:00,2026-01-01T23:31:00,payments,0.981,SAFE
EXP-002,FraudRisk-v13,EXP-002-TX-0008,customer_risk_score,2026-01-02T00:00:00,2026-01-01T23:35:00,risk_engine,0.981,SAFE
EXP-002,FraudRisk-v13,EXP-002-TX-0008,merchant_risk_score,2026-01-02T00:00:00,2026-01-01T23:32:00,merchant_risk,0.981,SAFE
EXP-002,FraudRisk-v13,EXP-002-TX-0008,device_risk_score,2026-01-02T00:00:00,2026-01-01T23:35:00,device_intelligence,0.981,SAFE
EXP-002,FraudRisk-v13,EXP-002-TX-0008,transaction_velocity,2026-01-02T00:00:00,2026-01-01T23:31:00,payments,0.981,SAFE
EXP-002,FraudRisk-v13,EXP-002-TX-0008,cb_resolution,2026-01-02T00:00:00,2026-01-08T03:00:00,payments,0.981,LEAKAGE
EXP-002,FraudRisk-v13,EXP-002-TX-0008,payment_final_state,2026-01-02T00:00:00,2026-01-05T13:00:00,payments,0.981,LEAKAGE
EXP-002,FraudRisk-v13,EXP-002-TX-0009,transaction_amount,2026-01-02T03:00:00,2026-01-02T02:52:00,payments,0.981,SAFE
EXP-002,FraudRisk-v13,EXP-002-TX-0009,customer_risk_score,2026-01-02T03:00:00,2026-01-02T02:54:00,risk_engine,0.981,SAFE
EXP-002,FraudRisk-v13,EXP-002-TX-0009,merchant_risk_score,2026-01-02T03:00:00,2026-01-02T02:34:00,merchant_risk,0.981,SAFE
EXP-002,FraudRisk-v13,EXP-002-TX-0009,device_risk_score,2026-01-02T03:00:00,2026-01-02T02:37:00,device_intelligence,0.981,SAFE
EXP-002,FraudRisk-v13,EXP-002-TX-0009,transaction_velocity,2026-01-02T03:00:00,2026-01-02T02:43:00,payments,0.981,SAFE
EXP-002,FraudRisk-v13,EXP-002-TX-0009,cb_resolution,2026-01-02T03:00:00,2026-01-08T17:00:00,payments,0.981,LEAKAGE
EXP-002,FraudRisk-v13,EXP-002-TX-0009,payment_final_state,2026-01-02T03:00:00,2026-01-05T04:00:00,payments,0.981,LEAKAGE
EXP-002,FraudRisk-v13,EXP-002-TX-0010,transaction_amount,2026-01-02T06:00:00,2026-01-02T05:42:00,payments,0.981,SAFE
EXP-002,FraudRisk-v13,EXP-002-TX-0010,customer_risk_score,2026-01-02T06:00:00,2026-01-02T05:52:00,risk_engine,0.981,SAFE
EXP-002,FraudRisk-v13,EXP-002-TX-0010,merchant_risk_score,2026-01-02T06:00:00,2026-01-02T05:30:00,merchant_risk,0.981,SAFE
EXP-002,FraudRisk-v13,EXP-002-TX-0010,device_risk_score,2026-01-02T06:00:00,2026-01-02T05:32:00,device_intelligence,0.981,SAFE
EXP-002,FraudRisk-v13,EXP-002-TX-0010,transaction_velocity,2026-01-02T06:00:00,2026-01-02T05:56:00,payments,0.981,SAFE
EXP-002,FraudRisk-v13,EXP-002-TX-0010,cb_resolution,2026-01-02T06:00:00,2026-01-08T20:00:00,payments,0.981,LEAKAGE
EXP-002,FraudRisk-v13,EXP-002-TX-0010,payment_final_state,2026-01-02T06:00:00,2026-01-05T10:00:00,payments,0.981,LEAKAGE
EXP-002,FraudRisk-v13,EXP-002-TX-0011,transaction_amount,2026-01-02T09:00:00,2026-01-02T08:34:00,payments,0.981,SAFE
EXP-002,FraudRisk-v13,EXP-002-TX-0011,customer_risk_score,2026-01-02T09:00:00,2026-01-02T08:45:00,risk_engine,0.981,SAFE
EXP-002,FraudRisk-v13,EXP-002-TX-0011,merchant_risk_score,2026-01-02T09:00:00,2026-01-02T08:38:00,merchant_risk,0.981,SAFE
EXP-002,FraudRisk-v13,EXP-002-TX-0011,device_risk_score,2026-01-02T09:00:00,2026-01-02T08:43:00,device_intelligence,0.981,SAFE
EXP-002,FraudRisk-v13,EXP-002-TX-0011,transaction_velocity,2026-01-02T09:00:00,2026-01-02T08:42:00,payments,0.981,SAFE
EXP-002,FraudRisk-v13,EXP-002-TX-0011,cb_resolution,2026-01-02T09:00:00,2026-01-09T04:00:00,payments,0.981,LEAKAGE
EXP-002,FraudRisk-v13,EXP-002-TX-0011,payment_final_state,2026-01-02T09:00:00,2026-01-05T19:00:00,payments,0.981,LEAKAGE
EXP-002,FraudRisk-v13,EXP-002-TX-0012,transaction_amount,2026-01-02T12:00:00,2026-01-02T11:35:00,payments,0.981,SAFE
EXP-002,FraudRisk-v13,EXP-002-TX-0012,customer_risk_score,2026-01-02T12:00:00,2026-01-02T11:31:00,risk_engine,0.981,SAFE
EXP-002,FraudRisk-v13,EXP-002-TX-0012,merchant_risk_score,2026-01-02T12:00:00,2026-01-02T11:45:00,merchant_risk,0.981,SAFE
EXP-002,FraudRisk-v13,EXP-002-TX-0012,device_risk_score,2026-01-02T12:00:00,2026-01-02T11:40:00,device_intelligence,0.981,SAFE
EXP-002,FraudRisk-v13,EXP-002-TX-0012,transaction_velocity,2026-01-02T12:00:00,2026-01-02T11:33:00,payments,0.981,SAFE
EXP-002,FraudRisk-v13,EXP-002-TX-0012,cb_resolution,2026-01-02T12:00:00,2026-01-09T11:00:00,payments,0.981,LEAKAGE
EXP-002,FraudRisk-v13,EXP-002-TX-0012,payment_final_state,2026-01-02T12:00:00,2026-01-06T04:00:00,payments,0.981,LEAKAGE
EXP-002,FraudRisk-v13,EXP-002-TX-0013,transaction_amount,2026-01-02T15:00:00,2026-01-02T14:46:00,payments,0.981,SAFE
EXP-002,FraudRisk-v13,EXP-002-TX-0013,customer_risk_score,2026-01-02T15:00:00,2026-01-02T14:33:00,risk_engine,0.981,SAFE
EXP-002,FraudRisk-v13,EXP-002-TX-0013,merchant_risk_score,2026-01-02T15:00:00,2026-01-02T14:30:00,merchant_risk,0.981,SAFE
EXP-002,FraudRisk-v13,EXP-002-TX-0013,device_risk_score,2026-01-02T15:00:00,2026-01-02T14:42:00,device_intelligence,0.981,SAFE
EXP-002,FraudRisk-v13,EXP-002-TX-0013,transaction_velocity,2026-01-02T15:00:00,2026-01-02T14:45:00,payments,0.981,SAFE
EXP-002,FraudRisk-v13,EXP-002-TX-0013,cb_resolution,2026-01-02T15:00:00,2026-01-08T20:00:00,payments,0.981,LEAKAGE
EXP-002,FraudRisk-v13,EXP-002-TX-0013,payment_final_state,2026-01-02T15:00:00,2026-01-06T14:00:00,payments,0.981,LEAKAGE
EXP-002,FraudRisk-v13,EXP-002-TX-0014,transaction_amount,2026-01-02T18:00:00,2026-01-02T17:32:00,payments,0.981,SAFE
EXP-002,FraudRisk-v13,EXP-002-TX-0014,customer_risk_score,2026-01-02T18:00:00,2026-01-02T17:44:00,risk_engine,0.981,SAFE
EXP-002,FraudRisk-v13,EXP-002-TX-0014,merchant_risk_score,2026-01-02T18:00:00,2026-01-02T17:45:00,merchant_risk,0.981,SAFE
EXP-002,FraudRisk-v13,EXP-002-TX-0014,device_risk_score,2026-01-02T18:00:00,2026-01-02T17:51:00,device_intelligence,0.981,SAFE
EXP-002,FraudRisk-v13,EXP-002-TX-0014,transaction_velocity,2026-01-02T18:00:00,2026-01-02T17:35:00,payments,0.981,SAFE
EXP-002,FraudRisk-v13,EXP-002-TX-0014,cb_resolution,2026-01-02T18:00:00,2026-01-09T01:00:00,payments,0.981,LEAKAGE
EXP-002,FraudRisk-v13,EXP-002-TX-0014,payment_final_state,2026-01-02T18:00:00,2026-01-06T14:00:00,payments,0.981,LEAKAGE
EXP-002,FraudRisk-v13,EXP-002-TX-0015,transaction_amount,2026-01-02T21:00:00,2026-01-02T20:51:00,payments,0.981,SAFE
EXP-002,FraudRisk-v13,EXP-002-TX-0015,customer_risk_score,2026-01-02T21:00:00,2026-01-02T20:35:00,risk_engine,0.981,SAFE
EXP-002,FraudRisk-v13,EXP-002-TX-0015,merchant_risk_score,2026-01-02T21:00:00,2026-01-02T20:35:00,merchant_risk,0.981,SAFE
EXP-002,FraudRisk-v13,EXP-002-TX-0015,device_risk_score,2026-01-02T21:00:00,2026-01-02T20:43:00,device_intelligence,0.981,SAFE
EXP-002,FraudRisk-v13,EXP-002-TX-0015,transaction_velocity,2026-01-02T21:00:00,2026-01-02T20:44:00,payments,0.981,SAFE
EXP-002,FraudRisk-v13,EXP-002-TX-0015,cb_resolution,2026-01-02T21:00:00,2026-01-09T17:00:00,payments,0.981,LEAKAGE
EXP-002,FraudRisk-v13,EXP-002-TX-0015,payment_final_state,2026-01-02T21:00:00,2026-01-06T04:00:00,payments,0.981,LEAKAGE
EXP-002,FraudRisk-v13,EXP-002-TX-0016,transaction_amount,2026-01-03T00:00:00,2026-01-02T23:51:00,payments,0.981,SAFE
EXP-002,FraudRisk-v13,EXP-002-TX-0016,customer_risk_score,2026-01-03T00:00:00,2026-01-02T23:45:00,risk_engine,0.981,SAFE
EXP-002,FraudRisk-v13,EXP-002-TX-0016,merchant_risk_score,2026-01-03T00:00:00,2026-01-02T23:57:00,merchant_risk,0.981,SAFE
EXP-002,FraudRisk-v13,EXP-002-TX-0016,device_risk_score,2026-01-03T00:00:00,2026-01-02T23:37:00,device_intelligence,0.981,SAFE
EXP-002,FraudRisk-v13,EXP-002-TX-0016,transaction_velocity,2026-01-03T00:00:00,2026-01-02T23:50:00,payments,0.981,SAFE
EXP-002,FraudRisk-v13,EXP-002-TX-0016,cb_resolution,2026-01-03T00:00:00,2026-01-09T07:00:00,payments,0.981,LEAKAGE
EXP-002,FraudRisk-v13,EXP-002-TX-0016,payment_final_state,2026-01-03T00:00:00,2026-01-06T08:00:00,payments,0.981,LEAKAGE
EXP-002,FraudRisk-v13,EXP-002-TX-0017,transaction_amount,2026-01-03T03:00:00,2026-01-03T02:49:00,payments,0.981,SAFE
EXP-002,FraudRisk-v13,EXP-002-TX-0017,customer_risk_score,2026-01-03T03:00:00,2026-01-03T02:49:00,risk_engine,0.981,SAFE
EXP-002,FraudRisk-v13,EXP-002-TX-0017,merchant_risk_score,2026-01-03T03:00:00,2026-01-03T02:31:00,merchant_risk,0.981,SAFE
EXP-002,FraudRisk-v13,EXP-002-TX-0017,device_risk_score,2026-01-03T03:00:00,2026-01-03T02:42:00,device_intelligence,0.981,SAFE
EXP-002,FraudRisk-v13,EXP-002-TX-0017,transaction_velocity,2026-01-03T03:00:00,2026-01-03T02:57:00,payments,0.981,SAFE
EXP-002,FraudRisk-v13,EXP-002-TX-0017,cb_resolution,2026-01-03T03:00:00,2026-01-09T07:00:00,payments,0.981,LEAKAGE
EXP-002,FraudRisk-v13,EXP-002-TX-0017,payment_final_state,2026-01-03T03:00:00,2026-01-06T07:00:00,payments,0.981,LEAKAGE
EXP-002,FraudRisk-v13,EXP-002-TX-0018,transaction_amount,2026-01-03T06:00:00,2026-01-03T05:52:00,payments,0.981,SAFE
EXP-002,FraudRisk-v13,EXP-002-TX-0018,customer_risk_score,2026-01-03T06:00:00,2026-01-03T05:47:00,risk_engine,0.981,SAFE
EXP-002,FraudRisk-v13,EXP-002-TX-0018,merchant_risk_score,2026-01-03T06:00:00,2026-01-03T05:37:00,merchant_risk,0.981,SAFE
EXP-002,FraudRisk-v13,EXP-002-TX-0018,device_risk_score,2026-01-03T06:00:00,2026-01-03T05:55:00,device_intelligence,0.981,SAFE
EXP-002,FraudRisk-v13,EXP-002-TX-0018,transaction_velocity,2026-01-03T06:00:00,2026-01-03T05:37:00,payments,0.981,SAFE
EXP-002,FraudRisk-v13,EXP-002-TX-0018,cb_resolution,2026-01-03T06:00:00,2026-01-09T12:00:00,payments,0.981,LEAKAGE
EXP-002,FraudRisk-v13,EXP-002-TX-0018,payment_final_state,2026-01-03T06:00:00,2026-01-06T08:00:00,payments,0.981,LEAKAGE
EXP-002,FraudRisk-v13,EXP-002-TX-0019,transaction_amount,2026-01-03T09:00:00,2026-01-03T08:46:00,payments,0.981,SAFE
EXP-002,FraudRisk-v13,EXP-002-TX-0019,customer_risk_score,2026-01-03T09:00:00,2026-01-03T08:46:00,risk_engine,0.981,SAFE
EXP-002,FraudRisk-v13,EXP-002-TX-0019,merchant_risk_score,2026-01-03T09:00:00,2026-01-03T08:49:00,merchant_risk,0.981,SAFE
EXP-002,FraudRisk-v13,EXP-002-TX-0019,device_risk_score,2026-01-03T09:00:00,2026-01-03T08:42:00,device_intelligence,0.981,SAFE
EXP-002,FraudRisk-v13,EXP-002-TX-0019,transaction_velocity,2026-01-03T09:00:00,2026-01-03T08:45:00,payments,0.981,SAFE
EXP-002,FraudRisk-v13,EXP-002-TX-0019,cb_resolution,2026-01-03T09:00:00,2026-01-09T22:00:00,payments,0.981,LEAKAGE
EXP-002,FraudRisk-v13,EXP-002-TX-0019,payment_final_state,2026-01-03T09:00:00,2026-01-06T10:00:00,payments,0.981,LEAKAGE
EXP-002,FraudRisk-v13,EXP-002-TX-0020,transaction_amount,2026-01-03T12:00:00,2026-01-03T11:53:00,payments,0.981,SAFE
EXP-002,FraudRisk-v13,EXP-002-TX-0020,customer_risk_score,2026-01-03T12:00:00,2026-01-03T11:33:00,risk_engine,0.981,SAFE
EXP-002,FraudRisk-v13,EXP-002-TX-0020,merchant_risk_score,2026-01-03T12:00:00,2026-01-03T11:46:00,merchant_risk,0.981,SAFE
EXP-002,FraudRisk-v13,EXP-002-TX-0020,device_risk_score,2026-01-03T12:00:00,2026-01-03T11:47:00,device_intelligence,0.981,SAFE
EXP-002,FraudRisk-v13,EXP-002-TX-0020,transaction_velocity,2026-01-03T12:00:00,2026-01-03T11:31:00,payments,0.981,SAFE
EXP-002,FraudRisk-v13,EXP-002-TX-0020,cb_resolution,2026-01-03T12:00:00,2026-01-10T06:00:00,payments,0.981,LEAKAGE
EXP-002,FraudRisk-v13,EXP-002-TX-0020,payment_final_state,2026-01-03T12:00:00,2026-01-07T10:00:00,payments,0.981,LEAKAGE
EXP-002,FraudRisk-v13,EXP-002-TX-0021,transaction_amount,2026-01-03T15:00:00,2026-01-03T14:59:00,payments,0.981,SAFE
EXP-002,FraudRisk-v13,EXP-002-TX-0021,customer_risk_score,2026-01-03T15:00:00,2026-01-03T14:32:00,risk_engine,0.981,SAFE
EXP-002,FraudRisk-v13,EXP-002-TX-0021,merchant_risk_score,2026-01-03T15:00:00,2026-01-03T14:31:00,merchant_risk,0.981,SAFE
EXP-002,FraudRisk-v13,EXP-002-TX-0021,device_risk_score,2026-01-03T15:00:00,2026-01-03T14:35:00,device_intelligence,0.981,SAFE
EXP-002,FraudRisk-v13,EXP-002-TX-0021,transaction_velocity,2026-01-03T15:00:00,2026-01-03T14:41:00,payments,0.981,SAFE
EXP-002,FraudRisk-v13,EXP-002-TX-0021,cb_resolution,2026-01-03T15:00:00,2026-01-10T03:00:00,payments,0.981,LEAKAGE
EXP-002,FraudRisk-v13,EXP-002-TX-0021,payment_final_state,2026-01-03T15:00:00,2026-01-07T06:00:00,payments,0.981,LEAKAGE
EXP-002,FraudRisk-v13,EXP-002-TX-0022,transaction_amount,2026-01-03T18:00:00,2026-01-03T17:59:00,payments,0.981,SAFE
EXP-002,FraudRisk-v13,EXP-002-TX-0022,customer_risk_score,2026-01-03T18:00:00,2026-01-03T17:48:00,risk_engine,0.981,SAFE
EXP-002,FraudRisk-v13,EXP-002-TX-0022,merchant_risk_score,2026-01-03T18:00:00,2026-01-03T17:50:00,merchant_risk,0.981,SAFE
EXP-002,FraudRisk-v13,EXP-002-TX-0022,device_risk_score,2026-01-03T18:00:00,2026-01-03T17:35:00,device_intelligence,0.981,SAFE
EXP-002,FraudRisk-v13,EXP-002-TX-0022,transaction_velocity,2026-01-03T18:00:00,2026-01-03T17:47:00,payments,0.981,SAFE
EXP-002,FraudRisk-v13,EXP-002-TX-0022,cb_resolution,2026-01-03T18:00:00,2026-01-10T07:00:00,payments,0.981,LEAKAGE
EXP-002,FraudRisk-v13,EXP-002-TX-0022,payment_final_state,2026-01-03T18:00:00,2026-01-07T11:00:00,payments,0.981,LEAKAGE
EXP-002,FraudRisk-v13,EXP-002-TX-0023,transaction_amount,2026-01-03T21:00:00,2026-01-03T20:36:00,payments,0.981,SAFE
EXP-002,FraudRisk-v13,EXP-002-TX-0023,customer_risk_score,2026-01-03T21:00:00,2026-01-03T20:36:00,risk_engine,0.981,SAFE
EXP-002,FraudRisk-v13,EXP-002-TX-0023,merchant_risk_score,2026-01-03T21:00:00,2026-01-03T20:42:00,merchant_risk,0.981,SAFE
EXP-002,FraudRisk-v13,EXP-002-TX-0023,device_risk_score,2026-01-03T21:00:00,2026-01-03T20:34:00,device_intelligence,0.981,SAFE
EXP-002,FraudRisk-v13,EXP-002-TX-0023,transaction_velocity,2026-01-03T21:00:00,2026-01-03T20:40:00,payments,0.981,SAFE
EXP-002,FraudRisk-v13,EXP-002-TX-0023,cb_resolution,2026-01-03T21:00:00,2026-01-10T04:00:00,payments,0.981,LEAKAGE
EXP-002,FraudRisk-v13,EXP-002-TX-0023,payment_final_state,2026-01-03T21:00:00,2026-01-07T12:00:00,payments,0.981,LEAKAGE
EXP-002,FraudRisk-v13,EXP-002-TX-0024,transaction_amount,2026-01-04T00:00:00,2026-01-03T23:52:00,payments,0.981,SAFE
EXP-002,FraudRisk-v13,EXP-002-TX-0024,customer_risk_score,2026-01-04T00:00:00,2026-01-03T23:51:00,risk_engine,0.981,SAFE
EXP-002,FraudRisk-v13,EXP-002-TX-0024,merchant_risk_score,2026-01-04T00:00:00,2026-01-03T23:46:00,merchant_risk,0.981,SAFE
EXP-002,FraudRisk-v13,EXP-002-TX-0024,device_risk_score,2026-01-04T00:00:00,2026-01-03T23:44:00,device_intelligence,0.981,SAFE
EXP-002,FraudRisk-v13,EXP-002-TX-0024,transaction_velocity,2026-01-04T00:00:00,2026-01-03T23:59:00,payments,0.981,SAFE
EXP-002,FraudRisk-v13,EXP-002-TX-0024,cb_resolution,2026-01-04T00:00:00,2026-01-10T12:00:00,payments,0.981,LEAKAGE
EXP-002,FraudRisk-v13,EXP-002-TX-0024,payment_final_state,2026-01-04T00:00:00,2026-01-07T10:00:00,payments,0.981,LEAKAGE
EXP-002,FraudRisk-v13,EXP-002-TX-0025,transaction_amount,2026-01-04T03:00:00,2026-01-04T02:38:00,payments,0.981,SAFE
EXP-002,FraudRisk-v13,EXP-002-TX-0025,customer_risk_score,2026-01-04T03:00:00,2026-01-04T02:38:00,risk_engine,0.981,SAFE
EXP-002,FraudRisk-v13,EXP-002-TX-0025,merchant_risk_score,2026-01-04T03:00:00,2026-01-04T02:34:00,merchant_risk,0.981,SAFE
EXP-002,FraudRisk-v13,EXP-002-TX-0025,device_risk_score,2026-01-04T03:00:00,2026-01-04T02:47:00,device_intelligence,0.981,SAFE
EXP-002,FraudRisk-v13,EXP-002-TX-0025,transaction_velocity,2026-01-04T03:00:00,2026-01-04T02:36:00,payments,0.981,SAFE
EXP-002,FraudRisk-v13,EXP-002-TX-0025,cb_resolution,2026-01-04T03:00:00,2026-01-10T08:00:00,payments,0.981,LEAKAGE
EXP-002,FraudRisk-v13,EXP-002-TX-0025,payment_final_state,2026-01-04T03:00:00,2026-01-07T17:00:00,payments,0.981,LEAKAGE
EXP-002,FraudRisk-v13,EXP-002-TX-0026,transaction_amount,2026-01-04T06:00:00,2026-01-04T05:30:00,payments,0.981,SAFE
EXP-002,FraudRisk-v13,EXP-002-TX-0026,customer_risk_score,2026-01-04T06:00:00,2026-01-04T05:55:00,risk_engine,0.981,SAFE
EXP-002,FraudRisk-v13,EXP-002-TX-0026,merchant_risk_score,2026-01-04T06:00:00,2026-01-04T05:40:00,merchant_risk,0.981,SAFE
EXP-002,FraudRisk-v13,EXP-002-TX-0026,device_risk_score,2026-01-04T06:00:00,2026-01-04T05:42:00,device_intelligence,0.981,SAFE
EXP-002,FraudRisk-v13,EXP-002-TX-0026,transaction_velocity,2026-01-04T06:00:00,2026-01-04T05:59:00,payments,0.981,SAFE
EXP-002,FraudRisk-v13,EXP-002-TX-0026,cb_resolution,2026-01-04T06:00:00,2026-01-10T18:00:00,payments,0.981,LEAKAGE
EXP-002,FraudRisk-v13,EXP-002-TX-0026,payment_final_state,2026-01-04T06:00:00,2026-01-08T00:00:00,payments,0.981,LEAKAGE
EXP-002,FraudRisk-v13,EXP-002-TX-0027,transaction_amount,2026-01-04T09:00:00,2026-01-04T08:41:00,payments,0.981,SAFE
EXP-002,FraudRisk-v13,EXP-002-TX-0027,customer_risk_score,2026-01-04T09:00:00,2026-01-04T08:38:00,risk_engine,0.981,SAFE
EXP-002,FraudRisk-v13,EXP-002-TX-0027,merchant_risk_score,2026-01-04T09:00:00,2026-01-04T08:59:00,merchant_risk,0.981,SAFE
EXP-002,FraudRisk-v13,EXP-002-TX-0027,device_risk_score,2026-01-04T09:00:00,2026-01-04T08:57:00,device_intelligence,0.981,SAFE
EXP-002,FraudRisk-v13,EXP-002-TX-0027,transaction_velocity,2026-01-04T09:00:00,2026-01-04T08:39:00,payments,0.981,SAFE
EXP-002,FraudRisk-v13,EXP-002-TX-0027,cb_resolution,2026-01-04T09:00:00,2026-01-10T22:00:00,payments,0.981,LEAKAGE
EXP-002,FraudRisk-v13,EXP-002-TX-0027,payment_final_state,2026-01-04T09:00:00,2026-01-07T13:00:00,payments,0.981,LEAKAGE
EXP-002,FraudRisk-v13,EXP-002-TX-0028,transaction_amount,2026-01-04T12:00:00,2026-01-04T11:32:00,payments,0.981,SAFE
EXP-002,FraudRisk-v13,EXP-002-TX-0028,customer_risk_score,2026-01-04T12:00:00,2026-01-04T11:45:00,risk_engine,0.981,SAFE
EXP-002,FraudRisk-v13,EXP-002-TX-0028,merchant_risk_score,2026-01-04T12:00:00,2026-01-04T11:54:00,merchant_risk,0.981,SAFE
EXP-002,FraudRisk-v13,EXP-002-TX-0028,device_risk_score,2026-01-04T12:00:00,2026-01-04T11:58:00,device_intelligence,0.981,SAFE
EXP-002,FraudRisk-v13,EXP-002-TX-0028,transaction_velocity,2026-01-04T12:00:00,2026-01-04T11:51:00,payments,0.981,SAFE
EXP-002,FraudRisk-v13,EXP-002-TX-0028,cb_resolution,2026-01-04T12:00:00,2026-01-11T00:00:00,payments,0.981,LEAKAGE
EXP-002,FraudRisk-v13,EXP-002-TX-0028,payment_final_state,2026-01-04T12:00:00,2026-01-07T22:00:00,payments,0.981,LEAKAGE
EXP-002,FraudRisk-v13,EXP-002-TX-0029,transaction_amount,2026-01-04T15:00:00,2026-01-04T14:53:00,payments,0.981,SAFE
EXP-002,FraudRisk-v13,EXP-002-TX-0029,customer_risk_score,2026-01-04T15:00:00,2026-01-04T14:45:00,risk_engine,0.981,SAFE
EXP-002,FraudRisk-v13,EXP-002-TX-0029,merchant_risk_score,2026-01-04T15:00:00,2026-01-04T14:49:00,merchant_risk,0.981,SAFE
EXP-002,FraudRisk-v13,EXP-002-TX-0029,device_risk_score,2026-01-04T15:00:00,2026-01-04T14:49:00,device_intelligence,0.981,SAFE
EXP-002,FraudRisk-v13,EXP-002-TX-0029,transaction_velocity,2026-01-04T15:00:00,2026-01-04T14:35:00,payments,0.981,SAFE
EXP-002,FraudRisk-v13,EXP-002-TX-0029,cb_resolution,2026-01-04T15:00:00,2026-01-11T03:00:00,payments,0.981,LEAKAGE
EXP-002,FraudRisk-v13,EXP-002-TX-0029,payment_final_state,2026-01-04T15:00:00,2026-01-07T23:00:00,payments,0.981,LEAKAGE
EXP-002,FraudRisk-v13,EXP-002-TX-0030,transaction_amount,2026-01-04T18:00:00,2026-01-04T17:35:00,payments,0.981,SAFE
EXP-002,FraudRisk-v13,EXP-002-TX-0030,customer_risk_score,2026-01-04T18:00:00,2026-01-04T17:33:00,risk_engine,0.981,SAFE
EXP-002,FraudRisk-v13,EXP-002-TX-0030,merchant_risk_score,2026-01-04T18:00:00,2026-01-04T17:46:00,merchant_risk,0.981,SAFE
EXP-002,FraudRisk-v13,EXP-002-TX-0030,device_risk_score,2026-01-04T18:00:00,2026-01-04T17:51:00,device_intelligence,0.981,SAFE
EXP-002,FraudRisk-v13,EXP-002-TX-0030,transaction_velocity,2026-01-04T18:00:00,2026-01-04T17:33:00,payments,0.981,SAFE
EXP-002,FraudRisk-v13,EXP-002-TX-0030,cb_resolution,2026-01-04T18:00:00,2026-01-10T20:00:00,payments,0.981,LEAKAGE
EXP-002,FraudRisk-v13,EXP-002-TX-0030,payment_final_state,2026-01-04T18:00:00,2026-01-08T09:00:00,payments,0.981,LEAKAGE
EXP-002,FraudRisk-v13,EXP-002-TX-0031,transaction_amount,2026-01-04T21:00:00,2026-01-04T20:59:00,payments,0.981,SAFE
EXP-002,FraudRisk-v13,EXP-002-TX-0031,customer_risk_score,2026-01-04T21:00:00,2026-01-04T20:36:00,risk_engine,0.981,SAFE
EXP-002,FraudRisk-v13,EXP-002-TX-0031,merchant_risk_score,2026-01-04T21:00:00,2026-01-04T20:42:00,merchant_risk,0.981,SAFE
EXP-002,FraudRisk-v13,EXP-002-TX-0031,device_risk_score,2026-01-04T21:00:00,2026-01-04T20:58:00,device_intelligence,0.981,SAFE
EXP-002,FraudRisk-v13,EXP-002-TX-0031,transaction_velocity,2026-01-04T21:00:00,2026-01-04T20:48:00,payments,0.981,SAFE
EXP-002,FraudRisk-v13,EXP-002-TX-0031,cb_resolution,2026-01-04T21:00:00,2026-01-11T04:00:00,payments,0.981,LEAKAGE
EXP-002,FraudRisk-v13,EXP-002-TX-0031,payment_final_state,2026-01-04T21:00:00,2026-01-08T17:00:00,payments,0.981,LEAKAGE
EXP-002,FraudRisk-v13,EXP-002-TX-0032,transaction_amount,2026-01-05T00:00:00,2026-01-04T23:57:00,payments,0.981,SAFE
EXP-002,FraudRisk-v13,EXP-002-TX-0032,customer_risk_score,2026-01-05T00:00:00,2026-01-04T23:35:00,risk_engine,0.981,SAFE
EXP-002,FraudRisk-v13,EXP-002-TX-0032,merchant_risk_score,2026-01-05T00:00:00,2026-01-04T23:39:00,merchant_risk,0.981,SAFE
EXP-002,FraudRisk-v13,EXP-002-TX-0032,device_risk_score,2026-01-05T00:00:00,2026-01-04T23:58:00,device_intelligence,0.981,SAFE
EXP-002,FraudRisk-v13,EXP-002-TX-0032,transaction_velocity,2026-01-05T00:00:00,2026-01-04T23:35:00,payments,0.981,SAFE
EXP-002,FraudRisk-v13,EXP-002-TX-0032,cb_resolution,2026-01-05T00:00:00,2026-01-11T00:00:00,payments,0.981,LEAKAGE
EXP-002,FraudRisk-v13,EXP-002-TX-0032,payment_final_state,2026-01-05T00:00:00,2026-01-08T07:00:00,payments,0.981,LEAKAGE
EXP-002,FraudRisk-v13,EXP-002-TX-0033,transaction_amount,2026-01-05T03:00:00,2026-01-05T02:53:00,payments,0.981,SAFE
EXP-002,FraudRisk-v13,EXP-002-TX-0033,customer_risk_score,2026-01-05T03:00:00,2026-01-05T02:33:00,risk_engine,0.981,SAFE
EXP-002,FraudRisk-v13,EXP-002-TX-0033,merchant_risk_score,2026-01-05T03:00:00,2026-01-05T02:59:00,merchant_risk,0.981,SAFE
EXP-002,FraudRisk-v13,EXP-002-TX-0033,device_risk_score,2026-01-05T03:00:00,2026-01-05T02:40:00,device_intelligence,0.981,SAFE
EXP-002,FraudRisk-v13,EXP-002-TX-0033,transaction_velocity,2026-01-05T03:00:00,2026-01-05T02:55:00,payments,0.981,SAFE
EXP-002,FraudRisk-v13,EXP-002-TX-0033,cb_resolution,2026-01-05T03:00:00,2026-01-11T10:00:00,payments,0.981,LEAKAGE
EXP-002,FraudRisk-v13,EXP-002-TX-0033,payment_final_state,2026-01-05T03:00:00,2026-01-08T07:00:00,payments,0.981,LEAKAGE
EXP-002,FraudRisk-v13,EXP-002-TX-0034,transaction_amount,2026-01-05T06:00:00,2026-01-05T05:44:00,payments,0.981,SAFE
EXP-002,FraudRisk-v13,EXP-002-TX-0034,customer_risk_score,2026-01-05T06:00:00,2026-01-05T05:38:00,risk_engine,0.981,SAFE
EXP-002,FraudRisk-v13,EXP-002-TX-0034,merchant_risk_score,2026-01-05T06:00:00,2026-01-05T05:56:00,merchant_risk,0.981,SAFE
EXP-002,FraudRisk-v13,EXP-002-TX-0034,device_risk_score,2026-01-05T06:00:00,2026-01-05T05:41:00,device_intelligence,0.981,SAFE
EXP-002,FraudRisk-v13,EXP-002-TX-0034,transaction_velocity,2026-01-05T06:00:00,2026-01-05T05:53:00,payments,0.981,SAFE
EXP-002,FraudRisk-v13,EXP-002-TX-0034,cb_resolution,2026-01-05T06:00:00,2026-01-11T20:00:00,payments,0.981,LEAKAGE
EXP-002,FraudRisk-v13,EXP-002-TX-0034,payment_final_state,2026-01-05T06:00:00,2026-01-09T04:00:00,payments,0.981,LEAKAGE
EXP-002,FraudRisk-v13,EXP-002-TX-0035,transaction_amount,2026-01-05T09:00:00,2026-01-05T08:51:00,payments,0.981,SAFE
EXP-002,FraudRisk-v13,EXP-002-TX-0035,customer_risk_score,2026-01-05T09:00:00,2026-01-05T08:35:00,risk_engine,0.981,SAFE
EXP-002,FraudRisk-v13,EXP-002-TX-0035,merchant_risk_score,2026-01-05T09:00:00,2026-01-05T08:48:00,merchant_risk,0.981,SAFE
EXP-002,FraudRisk-v13,EXP-002-TX-0035,device_risk_score,2026-01-05T09:00:00,2026-01-05T08:54:00,device_intelligence,0.981,SAFE
EXP-002,FraudRisk-v13,EXP-002-TX-0035,transaction_velocity,2026-01-05T09:00:00,2026-01-05T08:40:00,payments,0.981,SAFE
EXP-002,FraudRisk-v13,EXP-002-TX-0035,cb_resolution,2026-01-05T09:00:00,2026-01-12T04:00:00,payments,0.981,LEAKAGE
EXP-002,FraudRisk-v13,EXP-002-TX-0035,payment_final_state,2026-01-05T09:00:00,2026-01-09T08:00:00,payments,0.981,LEAKAGE
EXP-002,FraudRisk-v13,EXP-002-TX-0036,transaction_amount,2026-01-05T12:00:00,2026-01-05T11:37:00,payments,0.981,SAFE
EXP-002,FraudRisk-v13,EXP-002-TX-0036,customer_risk_score,2026-01-05T12:00:00,2026-01-05T11:56:00,risk_engine,0.981,SAFE
EXP-002,FraudRisk-v13,EXP-002-TX-0036,merchant_risk_score,2026-01-05T12:00:00,2026-01-05T11:35:00,merchant_risk,0.981,SAFE
EXP-002,FraudRisk-v13,EXP-002-TX-0036,device_risk_score,2026-01-05T12:00:00,2026-01-05T11:33:00,device_intelligence,0.981,SAFE
EXP-002,FraudRisk-v13,EXP-002-TX-0036,transaction_velocity,2026-01-05T12:00:00,2026-01-05T11:54:00,payments,0.981,SAFE
EXP-002,FraudRisk-v13,EXP-002-TX-0036,cb_resolution,2026-01-05T12:00:00,2026-01-11T21:00:00,payments,0.981,LEAKAGE
EXP-002,FraudRisk-v13,EXP-002-TX-0036,payment_final_state,2026-01-05T12:00:00,2026-01-08T15:00:00,payments,0.981,LEAKAGE
EXP-002,FraudRisk-v13,EXP-002-TX-0037,transaction_amount,2026-01-05T15:00:00,2026-01-05T14:41:00,payments,0.981,SAFE
EXP-002,FraudRisk-v13,EXP-002-TX-0037,customer_risk_score,2026-01-05T15:00:00,2026-01-05T14:59:00,risk_engine,0.981,SAFE
EXP-002,FraudRisk-v13,EXP-002-TX-0037,merchant_risk_score,2026-01-05T15:00:00,2026-01-05T14:30:00,merchant_risk,0.981,SAFE
EXP-002,FraudRisk-v13,EXP-002-TX-0037,device_risk_score,2026-01-05T15:00:00,2026-01-05T14:50:00,device_intelligence,0.981,SAFE
EXP-002,FraudRisk-v13,EXP-002-TX-0037,transaction_velocity,2026-01-05T15:00:00,2026-01-05T14:41:00,payments,0.981,SAFE
EXP-002,FraudRisk-v13,EXP-002-TX-0037,cb_resolution,2026-01-05T15:00:00,2026-01-12T12:00:00,payments,0.981,LEAKAGE
EXP-002,FraudRisk-v13,EXP-002-TX-0037,payment_final_state,2026-01-05T15:00:00,2026-01-09T03:00:00,payments,0.981,LEAKAGE
EXP-002,FraudRisk-v13,EXP-002-TX-0038,transaction_amount,2026-01-05T18:00:00,2026-01-05T17:47:00,payments,0.981,SAFE
EXP-002,FraudRisk-v13,EXP-002-TX-0038,customer_risk_score,2026-01-05T18:00:00,2026-01-05T17:37:00,risk_engine,0.981,SAFE
EXP-002,FraudRisk-v13,EXP-002-TX-0038,merchant_risk_score,2026-01-05T18:00:00,2026-01-05T17:53:00,merchant_risk,0.981,SAFE
EXP-002,FraudRisk-v13,EXP-002-TX-0038,device_risk_score,2026-01-05T18:00:00,2026-01-05T17:57:00,device_intelligence,0.981,SAFE
EXP-002,FraudRisk-v13,EXP-002-TX-0038,transaction_velocity,2026-01-05T18:00:00,2026-01-05T17:41:00,payments,0.981,SAFE
EXP-002,FraudRisk-v13,EXP-002-TX-0038,cb_resolution,2026-01-05T18:00:00,2026-01-12T16:00:00,payments,0.981,LEAKAGE
EXP-002,FraudRisk-v13,EXP-002-TX-0038,payment_final_state,2026-01-05T18:00:00,2026-01-09T14:00:00,payments,0.981,LEAKAGE
EXP-002,FraudRisk-v13,EXP-002-TX-0039,transaction_amount,2026-01-05T21:00:00,2026-01-05T20:52:00,payments,0.981,SAFE
EXP-002,FraudRisk-v13,EXP-002-TX-0039,customer_risk_score,2026-01-05T21:00:00,2026-01-05T20:56:00,risk_engine,0.981,SAFE
EXP-002,FraudRisk-v13,EXP-002-TX-0039,merchant_risk_score,2026-01-05T21:00:00,2026-01-05T20:37:00,merchant_risk,0.981,SAFE
EXP-002,FraudRisk-v13,EXP-002-TX-0039,device_risk_score,2026-01-05T21:00:00,2026-01-05T20:35:00,device_intelligence,0.981,SAFE
EXP-002,FraudRisk-v13,EXP-002-TX-0039,transaction_velocity,2026-01-05T21:00:00,2026-01-05T20:50:00,payments,0.981,SAFE
EXP-002,FraudRisk-v13,EXP-002-TX-0039,cb_resolution,2026-01-05T21:00:00,2026-01-12T18:00:00,payments,0.981,LEAKAGE
EXP-002,FraudRisk-v13,EXP-002-TX-0039,payment_final_state,2026-01-05T21:00:00,2026-01-09T16:00:00,payments,0.981,LEAKAGE
EXP-002,FraudRisk-v13,EXP-002-TX-0040,transaction_amount,2026-01-06T00:00:00,2026-01-05T23:34:00,payments,0.981,SAFE
EXP-002,FraudRisk-v13,EXP-002-TX-0040,customer_risk_score,2026-01-06T00:00:00,2026-01-05T23:56:00,risk_engine,0.981,SAFE
EXP-002,FraudRisk-v13,EXP-002-TX-0040,merchant_risk_score,2026-01-06T00:00:00,2026-01-05T23:34:00,merchant_risk,0.981,SAFE
EXP-002,FraudRisk-v13,EXP-002-TX-0040,device_risk_score,2026-01-06T00:00:00,2026-01-05T23:41:00,device_intelligence,0.981,SAFE
EXP-002,FraudRisk-v13,EXP-002-TX-0040,transaction_velocity,2026-01-06T00:00:00,2026-01-05T23:34:00,payments,0.981,SAFE
EXP-002,FraudRisk-v13,EXP-002-TX-0040,cb_resolution,2026-01-06T00:00:00,2026-01-12T01:00:00,payments,0.981,LEAKAGE
EXP-002,FraudRisk-v13,EXP-002-TX-0040,payment_final_state,2026-01-06T00:00:00,2026-01-09T11:00:00,payments,0.981,LEAKAGE
EXP-002,FraudRisk-v13,EXP-002-TX-0041,transaction_amount,2026-01-06T03:00:00,2026-01-06T02:42:00,payments,0.981,SAFE
EXP-002,FraudRisk-v13,EXP-002-TX-0041,customer_risk_score,2026-01-06T03:00:00,2026-01-06T02:46:00,risk_engine,0.981,SAFE
EXP-002,FraudRisk-v13,EXP-002-TX-0041,merchant_risk_score,2026-01-06T03:00:00,2026-01-06T02:38:00,merchant_risk,0.981,SAFE
EXP-002,FraudRisk-v13,EXP-002-TX-0041,device_risk_score,2026-01-06T03:00:00,2026-01-06T02:48:00,device_intelligence,0.981,SAFE
EXP-002,FraudRisk-v13,EXP-002-TX-0041,transaction_velocity,2026-01-06T03:00:00,2026-01-06T02:57:00,payments,0.981,SAFE
EXP-002,FraudRisk-v13,EXP-002-TX-0041,cb_resolution,2026-01-06T03:00:00,2026-01-12T19:00:00,payments,0.981,LEAKAGE
EXP-002,FraudRisk-v13,EXP-002-TX-0041,payment_final_state,2026-01-06T03:00:00,2026-01-09T23:00:00,payments,0.981,LEAKAGE
EXP-002,FraudRisk-v13,EXP-002-TX-0042,transaction_amount,2026-01-06T06:00:00,2026-01-06T05:49:00,payments,0.981,SAFE
EXP-002,FraudRisk-v13,EXP-002-TX-0042,customer_risk_score,2026-01-06T06:00:00,2026-01-06T05:59:00,risk_engine,0.981,SAFE
EXP-002,FraudRisk-v13,EXP-002-TX-0042,merchant_risk_score,2026-01-06T06:00:00,2026-01-06T05:32:00,merchant_risk,0.981,SAFE
EXP-002,FraudRisk-v13,EXP-002-TX-0042,device_risk_score,2026-01-06T06:00:00,2026-01-06T05:46:00,device_intelligence,0.981,SAFE
EXP-002,FraudRisk-v13,EXP-002-TX-0042,transaction_velocity,2026-01-06T06:00:00,2026-01-06T05:33:00,payments,0.981,SAFE
EXP-002,FraudRisk-v13,EXP-002-TX-0042,cb_resolution,2026-01-06T06:00:00,2026-01-12T21:00:00,payments,0.981,LEAKAGE
EXP-002,FraudRisk-v13,EXP-002-TX-0042,payment_final_state,2026-01-06T06:00:00,2026-01-09T09:00:00,payments,0.981,LEAKAGE
EXP-002,FraudRisk-v13,EXP-002-TX-0043,transaction_amount,2026-01-06T09:00:00,2026-01-06T08:46:00,payments,0.981,SAFE
EXP-002,FraudRisk-v13,EXP-002-TX-0043,customer_risk_score,2026-01-06T09:00:00,2026-01-06T08:48:00,risk_engine,0.981,SAFE
EXP-002,FraudRisk-v13,EXP-002-TX-0043,merchant_risk_score,2026-01-06T09:00:00,2026-01-06T08:39:00,merchant_risk,0.981,SAFE
EXP-002,FraudRisk-v13,EXP-002-TX-0043,device_risk_score,2026-01-06T09:00:00,2026-01-06T08:31:00,device_intelligence,0.981,SAFE
EXP-002,FraudRisk-v13,EXP-002-TX-0043,transaction_velocity,2026-01-06T09:00:00,2026-01-06T08:33:00,payments,0.981,SAFE
EXP-002,FraudRisk-v13,EXP-002-TX-0043,cb_resolution,2026-01-06T09:00:00,2026-01-12T23:00:00,payments,0.981,LEAKAGE
EXP-002,FraudRisk-v13,EXP-002-TX-0043,payment_final_state,2026-01-06T09:00:00,2026-01-10T07:00:00,payments,0.981,LEAKAGE
EXP-002,FraudRisk-v13,EXP-002-TX-0044,transaction_amount,2026-01-06T12:00:00,2026-01-06T11:55:00,payments,0.981,SAFE
EXP-002,FraudRisk-v13,EXP-002-TX-0044,customer_risk_score,2026-01-06T12:00:00,2026-01-06T11:46:00,risk_engine,0.981,SAFE
EXP-002,FraudRisk-v13,EXP-002-TX-0044,merchant_risk_score,2026-01-06T12:00:00,2026-01-06T11:54:00,merchant_risk,0.981,SAFE
EXP-002,FraudRisk-v13,EXP-002-TX-0044,device_risk_score,2026-01-06T12:00:00,2026-01-06T11:36:00,device_intelligence,0.981,SAFE
EXP-002,FraudRisk-v13,EXP-002-TX-0044,transaction_velocity,2026-01-06T12:00:00,2026-01-06T11:43:00,payments,0.981,SAFE
EXP-002,FraudRisk-v13,EXP-002-TX-0044,cb_resolution,2026-01-06T12:00:00,2026-01-13T08:00:00,payments,0.981,LEAKAGE
EXP-002,FraudRisk-v13,EXP-002-TX-0044,payment_final_state,2026-01-06T12:00:00,2026-01-09T20:00:00,payments,0.981,LEAKAGE
EXP-002,FraudRisk-v13,EXP-002-TX-0045,transaction_amount,2026-01-06T15:00:00,2026-01-06T14:40:00,payments,0.981,SAFE
EXP-002,FraudRisk-v13,EXP-002-TX-0045,customer_risk_score,2026-01-06T15:00:00,2026-01-06T14:34:00,risk_engine,0.981,SAFE
EXP-002,FraudRisk-v13,EXP-002-TX-0045,merchant_risk_score,2026-01-06T15:00:00,2026-01-06T14:30:00,merchant_risk,0.981,SAFE
EXP-002,FraudRisk-v13,EXP-002-TX-0045,device_risk_score,2026-01-06T15:00:00,2026-01-06T14:42:00,device_intelligence,0.981,SAFE
EXP-002,FraudRisk-v13,EXP-002-TX-0045,transaction_velocity,2026-01-06T15:00:00,2026-01-06T14:35:00,payments,0.981,SAFE
EXP-002,FraudRisk-v13,EXP-002-TX-0045,cb_resolution,2026-01-06T15:00:00,2026-01-13T06:00:00,payments,0.981,LEAKAGE
EXP-002,FraudRisk-v13,EXP-002-TX-0045,payment_final_state,2026-01-06T15:00:00,2026-01-10T05:00:00,payments,0.981,LEAKAGE
EXP-002,FraudRisk-v13,EXP-002-TX-0046,transaction_amount,2026-01-06T18:00:00,2026-01-06T17:46:00,payments,0.981,SAFE
EXP-002,FraudRisk-v13,EXP-002-TX-0046,customer_risk_score,2026-01-06T18:00:00,2026-01-06T17:33:00,risk_engine,0.981,SAFE
EXP-002,FraudRisk-v13,EXP-002-TX-0046,merchant_risk_score,2026-01-06T18:00:00,2026-01-06T17:36:00,merchant_risk,0.981,SAFE
EXP-002,FraudRisk-v13,EXP-002-TX-0046,device_risk_score,2026-01-06T18:00:00,2026-01-06T17:41:00,device_intelligence,0.981,SAFE
EXP-002,FraudRisk-v13,EXP-002-TX-0046,transaction_velocity,2026-01-06T18:00:00,2026-01-06T17:51:00,payments,0.981,SAFE
EXP-002,FraudRisk-v13,EXP-002-TX-0046,cb_resolution,2026-01-06T18:00:00,2026-01-13T04:00:00,payments,0.981,LEAKAGE
EXP-002,FraudRisk-v13,EXP-002-TX-0046,payment_final_state,2026-01-06T18:00:00,2026-01-10T01:00:00,payments,0.981,LEAKAGE
EXP-002,FraudRisk-v13,EXP-002-TX-0047,transaction_amount,2026-01-06T21:00:00,2026-01-06T20:33:00,payments,0.981,SAFE
EXP-002,FraudRisk-v13,EXP-002-TX-0047,customer_risk_score,2026-01-06T21:00:00,2026-01-06T20:30:00,risk_engine,0.981,SAFE
EXP-002,FraudRisk-v13,EXP-002-TX-0047,merchant_risk_score,2026-01-06T21:00:00,2026-01-06T20:57:00,merchant_risk,0.981,SAFE
EXP-002,FraudRisk-v13,EXP-002-TX-0047,device_risk_score,2026-01-06T21:00:00,2026-01-06T20:51:00,device_intelligence,0.981,SAFE
EXP-002,FraudRisk-v13,EXP-002-TX-0047,transaction_velocity,2026-01-06T21:00:00,2026-01-06T20:31:00,payments,0.981,SAFE
EXP-002,FraudRisk-v13,EXP-002-TX-0047,cb_resolution,2026-01-06T21:00:00,2026-01-13T11:00:00,payments,0.981,LEAKAGE
EXP-002,FraudRisk-v13,EXP-002-TX-0047,payment_final_state,2026-01-06T21:00:00,2026-01-10T04:00:00,payments,0.981,LEAKAGE
EXP-002,FraudRisk-v13,EXP-002-TX-0048,transaction_amount,2026-01-07T00:00:00,2026-01-06T23:35:00,payments,0.981,SAFE
EXP-002,FraudRisk-v13,EXP-002-TX-0048,customer_risk_score,2026-01-07T00:00:00,2026-01-06T23:45:00,risk_engine,0.981,SAFE
EXP-002,FraudRisk-v13,EXP-002-TX-0048,merchant_risk_score,2026-01-07T00:00:00,2026-01-06T23:41:00,merchant_risk,0.981,SAFE
EXP-002,FraudRisk-v13,EXP-002-TX-0048,device_risk_score,2026-01-07T00:00:00,2026-01-06T23:40:00,device_intelligence,0.981,SAFE
EXP-002,FraudRisk-v13,EXP-002-TX-0048,transaction_velocity,2026-01-07T00:00:00,2026-01-06T23:38:00,payments,0.981,SAFE
EXP-002,FraudRisk-v13,EXP-002-TX-0048,cb_resolution,2026-01-07T00:00:00,2026-01-13T12:00:00,payments,0.981,LEAKAGE
EXP-002,FraudRisk-v13,EXP-002-TX-0048,payment_final_state,2026-01-07T00:00:00,2026-01-10T10:00:00,payments,0.981,LEAKAGE
EXP-002,FraudRisk-v13,EXP-002-TX-0049,transaction_amount,2026-01-07T03:00:00,2026-01-07T02:59:00,payments,0.981,SAFE
EXP-002,FraudRisk-v13,EXP-002-TX-0049,customer_risk_score,2026-01-07T03:00:00,2026-01-07T02:44:00,risk_engine,0.981,SAFE
EXP-002,FraudRisk-v13,EXP-002-TX-0049,merchant_risk_score,2026-01-07T03:00:00,2026-01-07T02:32:00,merchant_risk,0.981,SAFE
EXP-002,FraudRisk-v13,EXP-002-TX-0049,device_risk_score,2026-01-07T03:00:00,2026-01-07T02:49:00,device_intelligence,0.981,SAFE
EXP-002,FraudRisk-v13,EXP-002-TX-0049,transaction_velocity,2026-01-07T03:00:00,2026-01-07T02:54:00,payments,0.981,SAFE
EXP-002,FraudRisk-v13,EXP-002-TX-0049,cb_resolution,2026-01-07T03:00:00,2026-01-13T18:00:00,payments,0.981,LEAKAGE
EXP-002,FraudRisk-v13,EXP-002-TX-0049,payment_final_state,2026-01-07T03:00:00,2026-01-10T09:00:00,payments,0.981,LEAKAGE
EXP-002,FraudRisk-v13,EXP-002-TX-0050,transaction_amount,2026-01-07T06:00:00,2026-01-07T05:48:00,payments,0.981,SAFE
EXP-002,FraudRisk-v13,EXP-002-TX-0050,customer_risk_score,2026-01-07T06:00:00,2026-01-07T05:34:00,risk_engine,0.981,SAFE
EXP-002,FraudRisk-v13,EXP-002-TX-0050,merchant_risk_score,2026-01-07T06:00:00,2026-01-07T05:51:00,merchant_risk,0.981,SAFE
EXP-002,FraudRisk-v13,EXP-002-TX-0050,device_risk_score,2026-01-07T06:00:00,2026-01-07T05:49:00,device_intelligence,0.981,SAFE
EXP-002,FraudRisk-v13,EXP-002-TX-0050,transaction_velocity,2026-01-07T06:00:00,2026-01-07T05:51:00,payments,0.981,SAFE
EXP-002,FraudRisk-v13,EXP-002-TX-0050,cb_resolution,2026-01-07T06:00:00,2026-01-14T01:00:00,payments,0.981,LEAKAGE
EXP-002,FraudRisk-v13,EXP-002-TX-0050,payment_final_state,2026-01-07T06:00:00,2026-01-11T04:00:00,payments,0.981,LEAKAGE
EXP-002,FraudRisk-v13,EXP-002-TX-0051,transaction_amount,2026-01-07T09:00:00,2026-01-07T08:31:00,payments,0.981,SAFE
EXP-002,FraudRisk-v13,EXP-002-TX-0051,customer_risk_score,2026-01-07T09:00:00,2026-01-07T08:51:00,risk_engine,0.981,SAFE
EXP-002,FraudRisk-v13,EXP-002-TX-0051,merchant_risk_score,2026-01-07T09:00:00,2026-01-07T08:42:00,merchant_risk,0.981,SAFE
EXP-002,FraudRisk-v13,EXP-002-TX-0051,device_risk_score,2026-01-07T09:00:00,2026-01-07T08:59:00,device_intelligence,0.981,SAFE
EXP-002,FraudRisk-v13,EXP-002-TX-0051,transaction_velocity,2026-01-07T09:00:00,2026-01-07T08:43:00,payments,0.981,SAFE
EXP-002,FraudRisk-v13,EXP-002-TX-0051,cb_resolution,2026-01-07T09:00:00,2026-01-13T15:00:00,payments,0.981,LEAKAGE
EXP-002,FraudRisk-v13,EXP-002-TX-0051,payment_final_state,2026-01-07T09:00:00,2026-01-10T11:00:00,payments,0.981,LEAKAGE
EXP-002,FraudRisk-v13,EXP-002-TX-0052,transaction_amount,2026-01-07T12:00:00,2026-01-07T11:52:00,payments,0.981,SAFE
EXP-002,FraudRisk-v13,EXP-002-TX-0052,customer_risk_score,2026-01-07T12:00:00,2026-01-07T11:36:00,risk_engine,0.981,SAFE
EXP-002,FraudRisk-v13,EXP-002-TX-0052,merchant_risk_score,2026-01-07T12:00:00,2026-01-07T11:46:00,merchant_risk,0.981,SAFE
EXP-002,FraudRisk-v13,EXP-002-TX-0052,device_risk_score,2026-01-07T12:00:00,2026-01-07T11:44:00,device_intelligence,0.981,SAFE
EXP-002,FraudRisk-v13,EXP-002-TX-0052,transaction_velocity,2026-01-07T12:00:00,2026-01-07T11:42:00,payments,0.981,SAFE
EXP-002,FraudRisk-v13,EXP-002-TX-0052,cb_resolution,2026-01-07T12:00:00,2026-01-13T19:00:00,payments,0.981,LEAKAGE
EXP-002,FraudRisk-v13,EXP-002-TX-0052,payment_final_state,2026-01-07T12:00:00,2026-01-11T10:00:00,payments,0.981,LEAKAGE
EXP-002,FraudRisk-v13,EXP-002-TX-0053,transaction_amount,2026-01-07T15:00:00,2026-01-07T14:44:00,payments,0.981,SAFE
EXP-002,FraudRisk-v13,EXP-002-TX-0053,customer_risk_score,2026-01-07T15:00:00,2026-01-07T14:39:00,risk_engine,0.981,SAFE
EXP-002,FraudRisk-v13,EXP-002-TX-0053,merchant_risk_score,2026-01-07T15:00:00,2026-01-07T14:37:00,merchant_risk,0.981,SAFE
EXP-002,FraudRisk-v13,EXP-002-TX-0053,device_risk_score,2026-01-07T15:00:00,2026-01-07T14:44:00,device_intelligence,0.981,SAFE
EXP-002,FraudRisk-v13,EXP-002-TX-0053,transaction_velocity,2026-01-07T15:00:00,2026-01-07T14:45:00,payments,0.981,SAFE
EXP-002,FraudRisk-v13,EXP-002-TX-0053,cb_resolution,2026-01-07T15:00:00,2026-01-13T15:00:00,payments,0.981,LEAKAGE
EXP-002,FraudRisk-v13,EXP-002-TX-0053,payment_final_state,2026-01-07T15:00:00,2026-01-10T17:00:00,payments,0.981,LEAKAGE
EXP-002,FraudRisk-v13,EXP-002-TX-0054,transaction_amount,2026-01-07T18:00:00,2026-01-07T17:50:00,payments,0.981,SAFE
EXP-002,FraudRisk-v13,EXP-002-TX-0054,customer_risk_score,2026-01-07T18:00:00,2026-01-07T17:52:00,risk_engine,0.981,SAFE
EXP-002,FraudRisk-v13,EXP-002-TX-0054,merchant_risk_score,2026-01-07T18:00:00,2026-01-07T17:47:00,merchant_risk,0.981,SAFE
EXP-002,FraudRisk-v13,EXP-002-TX-0054,device_risk_score,2026-01-07T18:00:00,2026-01-07T17:37:00,device_intelligence,0.981,SAFE
EXP-002,FraudRisk-v13,EXP-002-TX-0054,transaction_velocity,2026-01-07T18:00:00,2026-01-07T17:52:00,payments,0.981,SAFE
EXP-002,FraudRisk-v13,EXP-002-TX-0054,cb_resolution,2026-01-07T18:00:00,2026-01-14T03:00:00,payments,0.981,LEAKAGE
EXP-002,FraudRisk-v13,EXP-002-TX-0054,payment_final_state,2026-01-07T18:00:00,2026-01-11T15:00:00,payments,0.981,LEAKAGE
EXP-002,FraudRisk-v13,EXP-002-TX-0055,transaction_amount,2026-01-07T21:00:00,2026-01-07T20:41:00,payments,0.981,SAFE
EXP-002,FraudRisk-v13,EXP-002-TX-0055,customer_risk_score,2026-01-07T21:00:00,2026-01-07T20:48:00,risk_engine,0.981,SAFE
EXP-002,FraudRisk-v13,EXP-002-TX-0055,merchant_risk_score,2026-01-07T21:00:00,2026-01-07T20:44:00,merchant_risk,0.981,SAFE
EXP-002,FraudRisk-v13,EXP-002-TX-0055,device_risk_score,2026-01-07T21:00:00,2026-01-07T20:42:00,device_intelligence,0.981,SAFE
EXP-002,FraudRisk-v13,EXP-002-TX-0055,transaction_velocity,2026-01-07T21:00:00,2026-01-07T20:43:00,payments,0.981,SAFE
EXP-002,FraudRisk-v13,EXP-002-TX-0055,cb_resolution,2026-01-07T21:00:00,2026-01-14T08:00:00,payments,0.981,LEAKAGE
EXP-002,FraudRisk-v13,EXP-002-TX-0055,payment_final_state,2026-01-07T21:00:00,2026-01-11T10:00:00,payments,0.981,LEAKAGE
EXP-002,FraudRisk-v13,EXP-002-TX-0056,transaction_amount,2026-01-08T00:00:00,2026-01-07T23:36:00,payments,0.981,SAFE
EXP-002,FraudRisk-v13,EXP-002-TX-0056,customer_risk_score,2026-01-08T00:00:00,2026-01-07T23:42:00,risk_engine,0.981,SAFE
EXP-002,FraudRisk-v13,EXP-002-TX-0056,merchant_risk_score,2026-01-08T00:00:00,2026-01-07T23:49:00,merchant_risk,0.981,SAFE
EXP-002,FraudRisk-v13,EXP-002-TX-0056,device_risk_score,2026-01-08T00:00:00,2026-01-07T23:48:00,device_intelligence,0.981,SAFE
EXP-002,FraudRisk-v13,EXP-002-TX-0056,transaction_velocity,2026-01-08T00:00:00,2026-01-07T23:37:00,payments,0.981,SAFE
EXP-002,FraudRisk-v13,EXP-002-TX-0056,cb_resolution,2026-01-08T00:00:00,2026-01-14T14:00:00,payments,0.981,LEAKAGE
EXP-002,FraudRisk-v13,EXP-002-TX-0056,payment_final_state,2026-01-08T00:00:00,2026-01-11T08:00:00,payments,0.981,LEAKAGE
EXP-002,FraudRisk-v13,EXP-002-TX-0057,transaction_amount,2026-01-08T03:00:00,2026-01-08T02:50:00,payments,0.981,SAFE
EXP-002,FraudRisk-v13,EXP-002-TX-0057,customer_risk_score,2026-01-08T03:00:00,2026-01-08T02:51:00,risk_engine,0.981,SAFE
EXP-002,FraudRisk-v13,EXP-002-TX-0057,merchant_risk_score,2026-01-08T03:00:00,2026-01-08T02:52:00,merchant_risk,0.981,SAFE
EXP-002,FraudRisk-v13,EXP-002-TX-0057,device_risk_score,2026-01-08T03:00:00,2026-01-08T02:56:00,device_intelligence,0.981,SAFE
EXP-002,FraudRisk-v13,EXP-002-TX-0057,transaction_velocity,2026-01-08T03:00:00,2026-01-08T02:36:00,payments,0.981,SAFE
EXP-002,FraudRisk-v13,EXP-002-TX-0057,cb_resolution,2026-01-08T03:00:00,2026-01-14T09:00:00,payments,0.981,LEAKAGE
EXP-002,FraudRisk-v13,EXP-002-TX-0057,payment_final_state,2026-01-08T03:00:00,2026-01-11T13:00:00,payments,0.981,LEAKAGE
EXP-002,FraudRisk-v13,EXP-002-TX-0058,transaction_amount,2026-01-08T06:00:00,2026-01-08T05:56:00,payments,0.981,SAFE
EXP-002,FraudRisk-v13,EXP-002-TX-0058,customer_risk_score,2026-01-08T06:00:00,2026-01-08T05:36:00,risk_engine,0.981,SAFE
EXP-002,FraudRisk-v13,EXP-002-TX-0058,merchant_risk_score,2026-01-08T06:00:00,2026-01-08T05:42:00,merchant_risk,0.981,SAFE
EXP-002,FraudRisk-v13,EXP-002-TX-0058,device_risk_score,2026-01-08T06:00:00,2026-01-08T05:35:00,device_intelligence,0.981,SAFE
EXP-002,FraudRisk-v13,EXP-002-TX-0058,transaction_velocity,2026-01-08T06:00:00,2026-01-08T05:37:00,payments,0.981,SAFE
EXP-002,FraudRisk-v13,EXP-002-TX-0058,cb_resolution,2026-01-08T06:00:00,2026-01-14T11:00:00,payments,0.981,LEAKAGE
EXP-002,FraudRisk-v13,EXP-002-TX-0058,payment_final_state,2026-01-08T06:00:00,2026-01-11T12:00:00,payments,0.981,LEAKAGE
EXP-002,FraudRisk-v13,EXP-002-TX-0059,transaction_amount,2026-01-08T09:00:00,2026-01-08T08:53:00,payments,0.981,SAFE
EXP-002,FraudRisk-v13,EXP-002-TX-0059,customer_risk_score,2026-01-08T09:00:00,2026-01-08T08:36:00,risk_engine,0.981,SAFE
EXP-002,FraudRisk-v13,EXP-002-TX-0059,merchant_risk_score,2026-01-08T09:00:00,2026-01-08T08:44:00,merchant_risk,0.981,SAFE
EXP-002,FraudRisk-v13,EXP-002-TX-0059,device_risk_score,2026-01-08T09:00:00,2026-01-08T08:51:00,device_intelligence,0.981,SAFE
EXP-002,FraudRisk-v13,EXP-002-TX-0059,transaction_velocity,2026-01-08T09:00:00,2026-01-08T08:36:00,payments,0.981,SAFE
EXP-002,FraudRisk-v13,EXP-002-TX-0059,cb_resolution,2026-01-08T09:00:00,2026-01-15T03:00:00,payments,0.981,LEAKAGE
EXP-002,FraudRisk-v13,EXP-002-TX-0059,payment_final_state,2026-01-08T09:00:00,2026-01-12T01:00:00,payments,0.981,LEAKAGE
EXP-002,FraudRisk-v13,EXP-002-TX-0060,transaction_amount,2026-01-08T12:00:00,2026-01-08T11:40:00,payments,0.981,SAFE
EXP-002,FraudRisk-v13,EXP-002-TX-0060,customer_risk_score,2026-01-08T12:00:00,2026-01-08T11:50:00,risk_engine,0.981,SAFE
EXP-002,FraudRisk-v13,EXP-002-TX-0060,merchant_risk_score,2026-01-08T12:00:00,2026-01-08T11:56:00,merchant_risk,0.981,SAFE
EXP-002,FraudRisk-v13,EXP-002-TX-0060,device_risk_score,2026-01-08T12:00:00,2026-01-08T11:33:00,device_intelligence,0.981,SAFE
EXP-002,FraudRisk-v13,EXP-002-TX-0060,transaction_velocity,2026-01-08T12:00:00,2026-01-08T11:53:00,payments,0.981,SAFE
EXP-002,FraudRisk-v13,EXP-002-TX-0060,cb_resolution,2026-01-08T12:00:00,2026-01-14T21:00:00,payments,0.981,LEAKAGE
EXP-002,FraudRisk-v13,EXP-002-TX-0060,payment_final_state,2026-01-08T12:00:00,2026-01-11T19:00:00,payments,0.981,LEAKAGE
EXP-002,FraudRisk-v13,EXP-002-TX-0061,transaction_amount,2026-01-08T15:00:00,2026-01-08T14:48:00,payments,0.981,SAFE
EXP-002,FraudRisk-v13,EXP-002-TX-0061,customer_risk_score,2026-01-08T15:00:00,2026-01-08T14:54:00,risk_engine,0.981,SAFE
EXP-002,FraudRisk-v13,EXP-002-TX-0061,merchant_risk_score,2026-01-08T15:00:00,2026-01-08T14:50:00,merchant_risk,0.981,SAFE
EXP-002,FraudRisk-v13,EXP-002-TX-0061,device_risk_score,2026-01-08T15:00:00,2026-01-08T14:59:00,device_intelligence,0.981,SAFE
EXP-002,FraudRisk-v13,EXP-002-TX-0061,transaction_velocity,2026-01-08T15:00:00,2026-01-08T14:37:00,payments,0.981,SAFE
EXP-002,FraudRisk-v13,EXP-002-TX-0061,cb_resolution,2026-01-08T15:00:00,2026-01-15T08:00:00,payments,0.981,LEAKAGE
EXP-002,FraudRisk-v13,EXP-002-TX-0061,payment_final_state,2026-01-08T15:00:00,2026-01-11T19:00:00,payments,0.981,LEAKAGE
EXP-002,FraudRisk-v13,EXP-002-TX-0062,transaction_amount,2026-01-08T18:00:00,2026-01-08T17:51:00,payments,0.981,SAFE
EXP-002,FraudRisk-v13,EXP-002-TX-0062,customer_risk_score,2026-01-08T18:00:00,2026-01-08T17:58:00,risk_engine,0.981,SAFE
EXP-002,FraudRisk-v13,EXP-002-TX-0062,merchant_risk_score,2026-01-08T18:00:00,2026-01-08T17:58:00,merchant_risk,0.981,SAFE
EXP-002,FraudRisk-v13,EXP-002-TX-0062,device_risk_score,2026-01-08T18:00:00,2026-01-08T17:42:00,device_intelligence,0.981,SAFE
EXP-002,FraudRisk-v13,EXP-002-TX-0062,transaction_velocity,2026-01-08T18:00:00,2026-01-08T17:50:00,payments,0.981,SAFE
EXP-002,FraudRisk-v13,EXP-002-TX-0062,cb_resolution,2026-01-08T18:00:00,2026-01-15T16:00:00,payments,0.981,LEAKAGE
EXP-002,FraudRisk-v13,EXP-002-TX-0062,payment_final_state,2026-01-08T18:00:00,2026-01-11T22:00:00,payments,0.981,LEAKAGE
EXP-002,FraudRisk-v13,EXP-002-TX-0063,transaction_amount,2026-01-08T21:00:00,2026-01-08T20:39:00,payments,0.981,SAFE
EXP-002,FraudRisk-v13,EXP-002-TX-0063,customer_risk_score,2026-01-08T21:00:00,2026-01-08T20:32:00,risk_engine,0.981,SAFE
EXP-002,FraudRisk-v13,EXP-002-TX-0063,merchant_risk_score,2026-01-08T21:00:00,2026-01-08T20:35:00,merchant_risk,0.981,SAFE
EXP-002,FraudRisk-v13,EXP-002-TX-0063,device_risk_score,2026-01-08T21:00:00,2026-01-08T20:44:00,device_intelligence,0.981,SAFE
EXP-002,FraudRisk-v13,EXP-002-TX-0063,transaction_velocity,2026-01-08T21:00:00,2026-01-08T20:56:00,payments,0.981,SAFE
EXP-002,FraudRisk-v13,EXP-002-TX-0063,cb_resolution,2026-01-08T21:00:00,2026-01-14T21:00:00,payments,0.981,LEAKAGE
EXP-002,FraudRisk-v13,EXP-002-TX-0063,payment_final_state,2026-01-08T21:00:00,2026-01-12T15:00:00,payments,0.981,LEAKAGE
EXP-002,FraudRisk-v13,EXP-002-TX-0064,transaction_amount,2026-01-09T00:00:00,2026-01-08T23:50:00,payments,0.981,SAFE
EXP-002,FraudRisk-v13,EXP-002-TX-0064,customer_risk_score,2026-01-09T00:00:00,2026-01-08T23:44:00,risk_engine,0.981,SAFE
EXP-002,FraudRisk-v13,EXP-002-TX-0064,merchant_risk_score,2026-01-09T00:00:00,2026-01-08T23:44:00,merchant_risk,0.981,SAFE
EXP-002,FraudRisk-v13,EXP-002-TX-0064,device_risk_score,2026-01-09T00:00:00,2026-01-08T23:45:00,device_intelligence,0.981,SAFE
EXP-002,FraudRisk-v13,EXP-002-TX-0064,transaction_velocity,2026-01-09T00:00:00,2026-01-08T23:49:00,payments,0.981,SAFE
EXP-002,FraudRisk-v13,EXP-002-TX-0064,cb_resolution,2026-01-09T00:00:00,2026-01-15T05:00:00,payments,0.981,LEAKAGE
EXP-002,FraudRisk-v13,EXP-002-TX-0064,payment_final_state,2026-01-09T00:00:00,2026-01-12T01:00:00,payments,0.981,LEAKAGE
EXP-002,FraudRisk-v13,EXP-002-TX-0065,transaction_amount,2026-01-09T03:00:00,2026-01-09T02:51:00,payments,0.981,SAFE
EXP-002,FraudRisk-v13,EXP-002-TX-0065,customer_risk_score,2026-01-09T03:00:00,2026-01-09T02:32:00,risk_engine,0.981,SAFE
EXP-002,FraudRisk-v13,EXP-002-TX-0065,merchant_risk_score,2026-01-09T03:00:00,2026-01-09T02:44:00,merchant_risk,0.981,SAFE
EXP-002,FraudRisk-v13,EXP-002-TX-0065,device_risk_score,2026-01-09T03:00:00,2026-01-09T02:56:00,device_intelligence,0.981,SAFE
EXP-002,FraudRisk-v13,EXP-002-TX-0065,transaction_velocity,2026-01-09T03:00:00,2026-01-09T02:33:00,payments,0.981,SAFE
EXP-002,FraudRisk-v13,EXP-002-TX-0065,cb_resolution,2026-01-09T03:00:00,2026-01-15T05:00:00,payments,0.981,LEAKAGE
EXP-002,FraudRisk-v13,EXP-002-TX-0065,payment_final_state,2026-01-09T03:00:00,2026-01-12T15:00:00,payments,0.981,LEAKAGE
EXP-002,FraudRisk-v13,EXP-002-TX-0066,transaction_amount,2026-01-09T06:00:00,2026-01-09T05:44:00,payments,0.981,SAFE
EXP-002,FraudRisk-v13,EXP-002-TX-0066,customer_risk_score,2026-01-09T06:00:00,2026-01-09T05:57:00,risk_engine,0.981,SAFE
EXP-002,FraudRisk-v13,EXP-002-TX-0066,merchant_risk_score,2026-01-09T06:00:00,2026-01-09T05:41:00,merchant_risk,0.981,SAFE
EXP-002,FraudRisk-v13,EXP-002-TX-0066,device_risk_score,2026-01-09T06:00:00,2026-01-09T05:39:00,device_intelligence,0.981,SAFE
EXP-002,FraudRisk-v13,EXP-002-TX-0066,transaction_velocity,2026-01-09T06:00:00,2026-01-09T05:38:00,payments,0.981,SAFE
EXP-002,FraudRisk-v13,EXP-002-TX-0066,cb_resolution,2026-01-09T06:00:00,2026-01-15T07:00:00,payments,0.981,LEAKAGE
EXP-002,FraudRisk-v13,EXP-002-TX-0066,payment_final_state,2026-01-09T06:00:00,2026-01-12T10:00:00,payments,0.981,LEAKAGE
EXP-002,FraudRisk-v13,EXP-002-TX-0067,transaction_amount,2026-01-09T09:00:00,2026-01-09T08:55:00,payments,0.981,SAFE
EXP-002,FraudRisk-v13,EXP-002-TX-0067,customer_risk_score,2026-01-09T09:00:00,2026-01-09T08:34:00,risk_engine,0.981,SAFE
EXP-002,FraudRisk-v13,EXP-002-TX-0067,merchant_risk_score,2026-01-09T09:00:00,2026-01-09T08:41:00,merchant_risk,0.981,SAFE
EXP-002,FraudRisk-v13,EXP-002-TX-0067,device_risk_score,2026-01-09T09:00:00,2026-01-09T08:50:00,device_intelligence,0.981,SAFE
EXP-002,FraudRisk-v13,EXP-002-TX-0067,transaction_velocity,2026-01-09T09:00:00,2026-01-09T08:57:00,payments,0.981,SAFE
EXP-002,FraudRisk-v13,EXP-002-TX-0067,cb_resolution,2026-01-09T09:00:00,2026-01-15T16:00:00,payments,0.981,LEAKAGE
EXP-002,FraudRisk-v13,EXP-002-TX-0067,payment_final_state,2026-01-09T09:00:00,2026-01-12T12:00:00,payments,0.981,LEAKAGE
EXP-002,FraudRisk-v13,EXP-002-TX-0068,transaction_amount,2026-01-09T12:00:00,2026-01-09T11:42:00,payments,0.981,SAFE
EXP-002,FraudRisk-v13,EXP-002-TX-0068,customer_risk_score,2026-01-09T12:00:00,2026-01-09T11:35:00,risk_engine,0.981,SAFE
EXP-002,FraudRisk-v13,EXP-002-TX-0068,merchant_risk_score,2026-01-09T12:00:00,2026-01-09T11:46:00,merchant_risk,0.981,SAFE
EXP-002,FraudRisk-v13,EXP-002-TX-0068,device_risk_score,2026-01-09T12:00:00,2026-01-09T11:40:00,device_intelligence,0.981,SAFE
EXP-002,FraudRisk-v13,EXP-002-TX-0068,transaction_velocity,2026-01-09T12:00:00,2026-01-09T11:40:00,payments,0.981,SAFE
EXP-002,FraudRisk-v13,EXP-002-TX-0068,cb_resolution,2026-01-09T12:00:00,2026-01-16T07:00:00,payments,0.981,LEAKAGE
EXP-002,FraudRisk-v13,EXP-002-TX-0068,payment_final_state,2026-01-09T12:00:00,2026-01-12T19:00:00,payments,0.981,LEAKAGE
EXP-002,FraudRisk-v13,EXP-002-TX-0069,transaction_amount,2026-01-09T15:00:00,2026-01-09T14:35:00,payments,0.981,SAFE
EXP-002,FraudRisk-v13,EXP-002-TX-0069,customer_risk_score,2026-01-09T15:00:00,2026-01-09T14:43:00,risk_engine,0.981,SAFE
EXP-002,FraudRisk-v13,EXP-002-TX-0069,merchant_risk_score,2026-01-09T15:00:00,2026-01-09T14:47:00,merchant_risk,0.981,SAFE
EXP-002,FraudRisk-v13,EXP-002-TX-0069,device_risk_score,2026-01-09T15:00:00,2026-01-09T14:45:00,device_intelligence,0.981,SAFE
EXP-002,FraudRisk-v13,EXP-002-TX-0069,transaction_velocity,2026-01-09T15:00:00,2026-01-09T14:30:00,payments,0.981,SAFE
EXP-002,FraudRisk-v13,EXP-002-TX-0069,cb_resolution,2026-01-09T15:00:00,2026-01-16T05:00:00,payments,0.981,LEAKAGE
EXP-002,FraudRisk-v13,EXP-002-TX-0069,payment_final_state,2026-01-09T15:00:00,2026-01-13T00:00:00,payments,0.981,LEAKAGE
EXP-002,FraudRisk-v13,EXP-002-TX-0070,transaction_amount,2026-01-09T18:00:00,2026-01-09T17:32:00,payments,0.981,SAFE
EXP-002,FraudRisk-v13,EXP-002-TX-0070,customer_risk_score,2026-01-09T18:00:00,2026-01-09T17:41:00,risk_engine,0.981,SAFE
EXP-002,FraudRisk-v13,EXP-002-TX-0070,merchant_risk_score,2026-01-09T18:00:00,2026-01-09T17:46:00,merchant_risk,0.981,SAFE
EXP-002,FraudRisk-v13,EXP-002-TX-0070,device_risk_score,2026-01-09T18:00:00,2026-01-09T17:50:00,device_intelligence,0.981,SAFE
EXP-002,FraudRisk-v13,EXP-002-TX-0070,transaction_velocity,2026-01-09T18:00:00,2026-01-09T17:41:00,payments,0.981,SAFE
EXP-002,FraudRisk-v13,EXP-002-TX-0070,cb_resolution,2026-01-09T18:00:00,2026-01-16T13:00:00,payments,0.981,LEAKAGE
EXP-002,FraudRisk-v13,EXP-002-TX-0070,payment_final_state,2026-01-09T18:00:00,2026-01-12T19:00:00,payments,0.981,LEAKAGE
EXP-002,FraudRisk-v13,EXP-002-TX-0071,transaction_amount,2026-01-09T21:00:00,2026-01-09T20:40:00,payments,0.981,SAFE
EXP-002,FraudRisk-v13,EXP-002-TX-0071,customer_risk_score,2026-01-09T21:00:00,2026-01-09T20:36:00,risk_engine,0.981,SAFE
EXP-002,FraudRisk-v13,EXP-002-TX-0071,merchant_risk_score,2026-01-09T21:00:00,2026-01-09T20:56:00,merchant_risk,0.981,SAFE
EXP-002,FraudRisk-v13,EXP-002-TX-0071,device_risk_score,2026-01-09T21:00:00,2026-01-09T20:35:00,device_intelligence,0.981,SAFE
EXP-002,FraudRisk-v13,EXP-002-TX-0071,transaction_velocity,2026-01-09T21:00:00,2026-01-09T20:53:00,payments,0.981,SAFE
EXP-002,FraudRisk-v13,EXP-002-TX-0071,cb_resolution,2026-01-09T21:00:00,2026-01-16T17:00:00,payments,0.981,LEAKAGE
EXP-002,FraudRisk-v13,EXP-002-TX-0071,payment_final_state,2026-01-09T21:00:00,2026-01-13T03:00:00,payments,0.981,LEAKAGE
EXP-002,FraudRisk-v13,EXP-002-TX-0072,transaction_amount,2026-01-10T00:00:00,2026-01-09T23:51:00,payments,0.981,SAFE
EXP-002,FraudRisk-v13,EXP-002-TX-0072,customer_risk_score,2026-01-10T00:00:00,2026-01-09T23:38:00,risk_engine,0.981,SAFE
EXP-002,FraudRisk-v13,EXP-002-TX-0072,merchant_risk_score,2026-01-10T00:00:00,2026-01-09T23:57:00,merchant_risk,0.981,SAFE
EXP-002,FraudRisk-v13,EXP-002-TX-0072,device_risk_score,2026-01-10T00:00:00,2026-01-09T23:54:00,device_intelligence,0.981,SAFE
EXP-002,FraudRisk-v13,EXP-002-TX-0072,transaction_velocity,2026-01-10T00:00:00,2026-01-09T23:52:00,payments,0.981,SAFE
EXP-002,FraudRisk-v13,EXP-002-TX-0072,cb_resolution,2026-01-10T00:00:00,2026-01-16T05:00:00,payments,0.981,LEAKAGE
EXP-002,FraudRisk-v13,EXP-002-TX-0072,payment_final_state,2026-01-10T00:00:00,2026-01-13T17:00:00,payments,0.981,LEAKAGE
EXP-002,FraudRisk-v13,EXP-002-TX-0073,transaction_amount,2026-01-10T03:00:00,2026-01-10T02:57:00,payments,0.981,SAFE
EXP-002,FraudRisk-v13,EXP-002-TX-0073,customer_risk_score,2026-01-10T03:00:00,2026-01-10T02:54:00,risk_engine,0.981,SAFE
EXP-002,FraudRisk-v13,EXP-002-TX-0073,merchant_risk_score,2026-01-10T03:00:00,2026-01-10T02:59:00,merchant_risk,0.981,SAFE
EXP-002,FraudRisk-v13,EXP-002-TX-0073,device_risk_score,2026-01-10T03:00:00,2026-01-10T02:46:00,device_intelligence,0.981,SAFE
EXP-002,FraudRisk-v13,EXP-002-TX-0073,transaction_velocity,2026-01-10T03:00:00,2026-01-10T02:45:00,payments,0.981,SAFE
EXP-002,FraudRisk-v13,EXP-002-TX-0073,cb_resolution,2026-01-10T03:00:00,2026-01-17T01:00:00,payments,0.981,LEAKAGE
EXP-002,FraudRisk-v13,EXP-002-TX-0073,payment_final_state,2026-01-10T03:00:00,2026-01-13T22:00:00,payments,0.981,LEAKAGE
EXP-002,FraudRisk-v13,EXP-002-TX-0074,transaction_amount,2026-01-10T06:00:00,2026-01-10T05:44:00,payments,0.981,SAFE
EXP-002,FraudRisk-v13,EXP-002-TX-0074,customer_risk_score,2026-01-10T06:00:00,2026-01-10T05:50:00,risk_engine,0.981,SAFE
EXP-002,FraudRisk-v13,EXP-002-TX-0074,merchant_risk_score,2026-01-10T06:00:00,2026-01-10T05:58:00,merchant_risk,0.981,SAFE
EXP-002,FraudRisk-v13,EXP-002-TX-0074,device_risk_score,2026-01-10T06:00:00,2026-01-10T05:52:00,device_intelligence,0.981,SAFE
EXP-002,FraudRisk-v13,EXP-002-TX-0074,transaction_velocity,2026-01-10T06:00:00,2026-01-10T05:50:00,payments,0.981,SAFE
EXP-002,FraudRisk-v13,EXP-002-TX-0074,cb_resolution,2026-01-10T06:00:00,2026-01-17T04:00:00,payments,0.981,LEAKAGE
EXP-002,FraudRisk-v13,EXP-002-TX-0074,payment_final_state,2026-01-10T06:00:00,2026-01-13T15:00:00,payments,0.981,LEAKAGE
EXP-002,FraudRisk-v13,EXP-002-TX-0075,transaction_amount,2026-01-10T09:00:00,2026-01-10T08:37:00,payments,0.981,SAFE
EXP-002,FraudRisk-v13,EXP-002-TX-0075,customer_risk_score,2026-01-10T09:00:00,2026-01-10T08:32:00,risk_engine,0.981,SAFE
EXP-002,FraudRisk-v13,EXP-002-TX-0075,merchant_risk_score,2026-01-10T09:00:00,2026-01-10T08:45:00,merchant_risk,0.981,SAFE
EXP-002,FraudRisk-v13,EXP-002-TX-0075,device_risk_score,2026-01-10T09:00:00,2026-01-10T08:57:00,device_intelligence,0.981,SAFE
EXP-002,FraudRisk-v13,EXP-002-TX-0075,transaction_velocity,2026-01-10T09:00:00,2026-01-10T08:38:00,payments,0.981,SAFE
EXP-002,FraudRisk-v13,EXP-002-TX-0075,cb_resolution,2026-01-10T09:00:00,2026-01-16T16:00:00,payments,0.981,LEAKAGE
EXP-002,FraudRisk-v13,EXP-002-TX-0075,payment_final_state,2026-01-10T09:00:00,2026-01-13T17:00:00,payments,0.981,LEAKAGE
EXP-002,FraudRisk-v13,EXP-002-TX-0076,transaction_amount,2026-01-10T12:00:00,2026-01-10T11:34:00,payments,0.981,SAFE
EXP-002,FraudRisk-v13,EXP-002-TX-0076,customer_risk_score,2026-01-10T12:00:00,2026-01-10T11:34:00,risk_engine,0.981,SAFE
EXP-002,FraudRisk-v13,EXP-002-TX-0076,merchant_risk_score,2026-01-10T12:00:00,2026-01-10T11:39:00,merchant_risk,0.981,SAFE
EXP-002,FraudRisk-v13,EXP-002-TX-0076,device_risk_score,2026-01-10T12:00:00,2026-01-10T11:41:00,device_intelligence,0.981,SAFE
EXP-002,FraudRisk-v13,EXP-002-TX-0076,transaction_velocity,2026-01-10T12:00:00,2026-01-10T11:38:00,payments,0.981,SAFE
EXP-002,FraudRisk-v13,EXP-002-TX-0076,cb_resolution,2026-01-10T12:00:00,2026-01-16T18:00:00,payments,0.981,LEAKAGE
EXP-002,FraudRisk-v13,EXP-002-TX-0076,payment_final_state,2026-01-10T12:00:00,2026-01-14T01:00:00,payments,0.981,LEAKAGE
EXP-002,FraudRisk-v13,EXP-002-TX-0077,transaction_amount,2026-01-10T15:00:00,2026-01-10T14:56:00,payments,0.981,SAFE
EXP-002,FraudRisk-v13,EXP-002-TX-0077,customer_risk_score,2026-01-10T15:00:00,2026-01-10T14:42:00,risk_engine,0.981,SAFE
EXP-002,FraudRisk-v13,EXP-002-TX-0077,merchant_risk_score,2026-01-10T15:00:00,2026-01-10T14:52:00,merchant_risk,0.981,SAFE
EXP-002,FraudRisk-v13,EXP-002-TX-0077,device_risk_score,2026-01-10T15:00:00,2026-01-10T14:39:00,device_intelligence,0.981,SAFE
EXP-002,FraudRisk-v13,EXP-002-TX-0077,transaction_velocity,2026-01-10T15:00:00,2026-01-10T14:55:00,payments,0.981,SAFE
EXP-002,FraudRisk-v13,EXP-002-TX-0077,cb_resolution,2026-01-10T15:00:00,2026-01-16T23:00:00,payments,0.981,LEAKAGE
EXP-002,FraudRisk-v13,EXP-002-TX-0077,payment_final_state,2026-01-10T15:00:00,2026-01-13T19:00:00,payments,0.981,LEAKAGE
EXP-002,FraudRisk-v13,EXP-002-TX-0078,transaction_amount,2026-01-10T18:00:00,2026-01-10T17:57:00,payments,0.981,SAFE
EXP-002,FraudRisk-v13,EXP-002-TX-0078,customer_risk_score,2026-01-10T18:00:00,2026-01-10T17:58:00,risk_engine,0.981,SAFE
EXP-002,FraudRisk-v13,EXP-002-TX-0078,merchant_risk_score,2026-01-10T18:00:00,2026-01-10T17:54:00,merchant_risk,0.981,SAFE
EXP-002,FraudRisk-v13,EXP-002-TX-0078,device_risk_score,2026-01-10T18:00:00,2026-01-10T17:34:00,device_intelligence,0.981,SAFE
EXP-002,FraudRisk-v13,EXP-002-TX-0078,transaction_velocity,2026-01-10T18:00:00,2026-01-10T17:50:00,payments,0.981,SAFE
EXP-002,FraudRisk-v13,EXP-002-TX-0078,cb_resolution,2026-01-10T18:00:00,2026-01-17T13:00:00,payments,0.981,LEAKAGE
EXP-002,FraudRisk-v13,EXP-002-TX-0078,payment_final_state,2026-01-10T18:00:00,2026-01-14T17:00:00,payments,0.981,LEAKAGE
EXP-002,FraudRisk-v13,EXP-002-TX-0079,transaction_amount,2026-01-10T21:00:00,2026-01-10T20:33:00,payments,0.981,SAFE
EXP-002,FraudRisk-v13,EXP-002-TX-0079,customer_risk_score,2026-01-10T21:00:00,2026-01-10T20:41:00,risk_engine,0.981,SAFE
EXP-002,FraudRisk-v13,EXP-002-TX-0079,merchant_risk_score,2026-01-10T21:00:00,2026-01-10T20:30:00,merchant_risk,0.981,SAFE
EXP-002,FraudRisk-v13,EXP-002-TX-0079,device_risk_score,2026-01-10T21:00:00,2026-01-10T20:50:00,device_intelligence,0.981,SAFE
EXP-002,FraudRisk-v13,EXP-002-TX-0079,transaction_velocity,2026-01-10T21:00:00,2026-01-10T20:45:00,payments,0.981,SAFE
EXP-002,FraudRisk-v13,EXP-002-TX-0079,cb_resolution,2026-01-10T21:00:00,2026-01-17T00:00:00,payments,0.981,LEAKAGE
EXP-002,FraudRisk-v13,EXP-002-TX-0079,payment_final_state,2026-01-10T21:00:00,2026-01-14T11:00:00,payments,0.981,LEAKAGE
EXP-002,FraudRisk-v13,EXP-002-TX-0080,transaction_amount,2026-01-11T00:00:00,2026-01-10T23:37:00,payments,0.981,SAFE
EXP-002,FraudRisk-v13,EXP-002-TX-0080,customer_risk_score,2026-01-11T00:00:00,2026-01-10T23:50:00,risk_engine,0.981,SAFE
EXP-002,FraudRisk-v13,EXP-002-TX-0080,merchant_risk_score,2026-01-11T00:00:00,2026-01-10T23:37:00,merchant_risk,0.981,SAFE
EXP-002,FraudRisk-v13,EXP-002-TX-0080,device_risk_score,2026-01-11T00:00:00,2026-01-10T23:47:00,device_intelligence,0.981,SAFE
EXP-002,FraudRisk-v13,EXP-002-TX-0080,transaction_velocity,2026-01-11T00:00:00,2026-01-10T23:51:00,payments,0.981,SAFE
EXP-002,FraudRisk-v13,EXP-002-TX-0080,cb_resolution,2026-01-11T00:00:00,2026-01-17T16:00:00,payments,0.981,LEAKAGE
EXP-002,FraudRisk-v13,EXP-002-TX-0080,payment_final_state,2026-01-11T00:00:00,2026-01-14T17:00:00,payments,0.981,LEAKAGE
EXP-002,FraudRisk-v13,EXP-002-TX-0081,transaction_amount,2026-01-11T03:00:00,2026-01-11T02:44:00,payments,0.981,SAFE
EXP-002,FraudRisk-v13,EXP-002-TX-0081,customer_risk_score,2026-01-11T03:00:00,2026-01-11T02:45:00,risk_engine,0.981,SAFE
EXP-002,FraudRisk-v13,EXP-002-TX-0081,merchant_risk_score,2026-01-11T03:00:00,2026-01-11T02:57:00,merchant_risk,0.981,SAFE
EXP-002,FraudRisk-v13,EXP-002-TX-0081,device_risk_score,2026-01-11T03:00:00,2026-01-11T02:40:00,device_intelligence,0.981,SAFE
EXP-002,FraudRisk-v13,EXP-002-TX-0081,transaction_velocity,2026-01-11T03:00:00,2026-01-11T02:58:00,payments,0.981,SAFE
EXP-002,FraudRisk-v13,EXP-002-TX-0081,cb_resolution,2026-01-11T03:00:00,2026-01-17T16:00:00,payments,0.981,LEAKAGE
EXP-002,FraudRisk-v13,EXP-002-TX-0081,payment_final_state,2026-01-11T03:00:00,2026-01-15T02:00:00,payments,0.981,LEAKAGE
EXP-002,FraudRisk-v13,EXP-002-TX-0082,transaction_amount,2026-01-11T06:00:00,2026-01-11T05:49:00,payments,0.981,SAFE
EXP-002,FraudRisk-v13,EXP-002-TX-0082,customer_risk_score,2026-01-11T06:00:00,2026-01-11T05:40:00,risk_engine,0.981,SAFE
EXP-002,FraudRisk-v13,EXP-002-TX-0082,merchant_risk_score,2026-01-11T06:00:00,2026-01-11T05:51:00,merchant_risk,0.981,SAFE
EXP-002,FraudRisk-v13,EXP-002-TX-0082,device_risk_score,2026-01-11T06:00:00,2026-01-11T05:59:00,device_intelligence,0.981,SAFE
EXP-002,FraudRisk-v13,EXP-002-TX-0082,transaction_velocity,2026-01-11T06:00:00,2026-01-11T05:57:00,payments,0.981,SAFE
EXP-002,FraudRisk-v13,EXP-002-TX-0082,cb_resolution,2026-01-11T06:00:00,2026-01-17T13:00:00,payments,0.981,LEAKAGE
EXP-002,FraudRisk-v13,EXP-002-TX-0082,payment_final_state,2026-01-11T06:00:00,2026-01-15T03:00:00,payments,0.981,LEAKAGE
EXP-002,FraudRisk-v13,EXP-002-TX-0083,transaction_amount,2026-01-11T09:00:00,2026-01-11T08:33:00,payments,0.981,SAFE
EXP-002,FraudRisk-v13,EXP-002-TX-0083,customer_risk_score,2026-01-11T09:00:00,2026-01-11T08:32:00,risk_engine,0.981,SAFE
EXP-002,FraudRisk-v13,EXP-002-TX-0083,merchant_risk_score,2026-01-11T09:00:00,2026-01-11T08:41:00,merchant_risk,0.981,SAFE
EXP-002,FraudRisk-v13,EXP-002-TX-0083,device_risk_score,2026-01-11T09:00:00,2026-01-11T08:41:00,device_intelligence,0.981,SAFE
EXP-002,FraudRisk-v13,EXP-002-TX-0083,transaction_velocity,2026-01-11T09:00:00,2026-01-11T08:59:00,payments,0.981,SAFE
EXP-002,FraudRisk-v13,EXP-002-TX-0083,cb_resolution,2026-01-11T09:00:00,2026-01-18T06:00:00,payments,0.981,LEAKAGE
EXP-002,FraudRisk-v13,EXP-002-TX-0083,payment_final_state,2026-01-11T09:00:00,2026-01-14T17:00:00,payments,0.981,LEAKAGE
EXP-002,FraudRisk-v13,EXP-002-TX-0084,transaction_amount,2026-01-11T12:00:00,2026-01-11T11:41:00,payments,0.981,SAFE
EXP-002,FraudRisk-v13,EXP-002-TX-0084,customer_risk_score,2026-01-11T12:00:00,2026-01-11T11:58:00,risk_engine,0.981,SAFE
EXP-002,FraudRisk-v13,EXP-002-TX-0084,merchant_risk_score,2026-01-11T12:00:00,2026-01-11T11:35:00,merchant_risk,0.981,SAFE
EXP-002,FraudRisk-v13,EXP-002-TX-0084,device_risk_score,2026-01-11T12:00:00,2026-01-11T11:35:00,device_intelligence,0.981,SAFE
EXP-002,FraudRisk-v13,EXP-002-TX-0084,transaction_velocity,2026-01-11T12:00:00,2026-01-11T11:54:00,payments,0.981,SAFE
EXP-002,FraudRisk-v13,EXP-002-TX-0084,cb_resolution,2026-01-11T12:00:00,2026-01-18T03:00:00,payments,0.981,LEAKAGE
EXP-002,FraudRisk-v13,EXP-002-TX-0084,payment_final_state,2026-01-11T12:00:00,2026-01-15T04:00:00,payments,0.981,LEAKAGE
EXP-002,FraudRisk-v13,EXP-002-TX-0085,transaction_amount,2026-01-11T15:00:00,2026-01-11T14:39:00,payments,0.981,SAFE
EXP-002,FraudRisk-v13,EXP-002-TX-0085,customer_risk_score,2026-01-11T15:00:00,2026-01-11T14:45:00,risk_engine,0.981,SAFE
EXP-002,FraudRisk-v13,EXP-002-TX-0085,merchant_risk_score,2026-01-11T15:00:00,2026-01-11T14:30:00,merchant_risk,0.981,SAFE
EXP-002,FraudRisk-v13,EXP-002-TX-0085,device_risk_score,2026-01-11T15:00:00,2026-01-11T14:51:00,device_intelligence,0.981,SAFE
EXP-002,FraudRisk-v13,EXP-002-TX-0085,transaction_velocity,2026-01-11T15:00:00,2026-01-11T14:54:00,payments,0.981,SAFE
EXP-002,FraudRisk-v13,EXP-002-TX-0085,cb_resolution,2026-01-11T15:00:00,2026-01-18T09:00:00,payments,0.981,LEAKAGE
EXP-002,FraudRisk-v13,EXP-002-TX-0085,payment_final_state,2026-01-11T15:00:00,2026-01-15T04:00:00,payments,0.981,LEAKAGE
EXP-002,FraudRisk-v13,EXP-002-TX-0086,transaction_amount,2026-01-11T18:00:00,2026-01-11T17:39:00,payments,0.981,SAFE
EXP-002,FraudRisk-v13,EXP-002-TX-0086,customer_risk_score,2026-01-11T18:00:00,2026-01-11T17:33:00,risk_engine,0.981,SAFE
EXP-002,FraudRisk-v13,EXP-002-TX-0086,merchant_risk_score,2026-01-11T18:00:00,2026-01-11T17:44:00,merchant_risk,0.981,SAFE
EXP-002,FraudRisk-v13,EXP-002-TX-0086,device_risk_score,2026-01-11T18:00:00,2026-01-11T17:57:00,device_intelligence,0.981,SAFE
EXP-002,FraudRisk-v13,EXP-002-TX-0086,transaction_velocity,2026-01-11T18:00:00,2026-01-11T17:44:00,payments,0.981,SAFE
EXP-002,FraudRisk-v13,EXP-002-TX-0086,cb_resolution,2026-01-11T18:00:00,2026-01-18T05:00:00,payments,0.981,LEAKAGE
EXP-002,FraudRisk-v13,EXP-002-TX-0086,payment_final_state,2026-01-11T18:00:00,2026-01-15T07:00:00,payments,0.981,LEAKAGE
EXP-002,FraudRisk-v13,EXP-002-TX-0087,transaction_amount,2026-01-11T21:00:00,2026-01-11T20:49:00,payments,0.981,SAFE
EXP-002,FraudRisk-v13,EXP-002-TX-0087,customer_risk_score,2026-01-11T21:00:00,2026-01-11T20:49:00,risk_engine,0.981,SAFE
EXP-002,FraudRisk-v13,EXP-002-TX-0087,merchant_risk_score,2026-01-11T21:00:00,2026-01-11T20:38:00,merchant_risk,0.981,SAFE
EXP-002,FraudRisk-v13,EXP-002-TX-0087,device_risk_score,2026-01-11T21:00:00,2026-01-11T20:56:00,device_intelligence,0.981,SAFE
EXP-002,FraudRisk-v13,EXP-002-TX-0087,transaction_velocity,2026-01-11T21:00:00,2026-01-11T20:32:00,payments,0.981,SAFE
EXP-002,FraudRisk-v13,EXP-002-TX-0087,cb_resolution,2026-01-11T21:00:00,2026-01-18T02:00:00,payments,0.981,LEAKAGE
EXP-002,FraudRisk-v13,EXP-002-TX-0087,payment_final_state,2026-01-11T21:00:00,2026-01-15T07:00:00,payments,0.981,LEAKAGE
EXP-002,FraudRisk-v13,EXP-002-TX-0088,transaction_amount,2026-01-12T00:00:00,2026-01-11T23:46:00,payments,0.981,SAFE
EXP-002,FraudRisk-v13,EXP-002-TX-0088,customer_risk_score,2026-01-12T00:00:00,2026-01-11T23:37:00,risk_engine,0.981,SAFE
EXP-002,FraudRisk-v13,EXP-002-TX-0088,merchant_risk_score,2026-01-12T00:00:00,2026-01-11T23:44:00,merchant_risk,0.981,SAFE
EXP-002,FraudRisk-v13,EXP-002-TX-0088,device_risk_score,2026-01-12T00:00:00,2026-01-11T23:50:00,device_intelligence,0.981,SAFE
EXP-002,FraudRisk-v13,EXP-002-TX-0088,transaction_velocity,2026-01-12T00:00:00,2026-01-11T23:38:00,payments,0.981,SAFE
EXP-002,FraudRisk-v13,EXP-002-TX-0088,cb_resolution,2026-01-12T00:00:00,2026-01-18T12:00:00,payments,0.981,LEAKAGE
EXP-002,FraudRisk-v13,EXP-002-TX-0088,payment_final_state,2026-01-12T00:00:00,2026-01-15T17:00:00,payments,0.981,LEAKAGE
EXP-002,FraudRisk-v13,EXP-002-TX-0089,transaction_amount,2026-01-12T03:00:00,2026-01-12T02:58:00,payments,0.981,SAFE
EXP-002,FraudRisk-v13,EXP-002-TX-0089,customer_risk_score,2026-01-12T03:00:00,2026-01-12T02:45:00,risk_engine,0.981,SAFE
EXP-002,FraudRisk-v13,EXP-002-TX-0089,merchant_risk_score,2026-01-12T03:00:00,2026-01-12T02:57:00,merchant_risk,0.981,SAFE
EXP-002,FraudRisk-v13,EXP-002-TX-0089,device_risk_score,2026-01-12T03:00:00,2026-01-12T02:49:00,device_intelligence,0.981,SAFE
EXP-002,FraudRisk-v13,EXP-002-TX-0089,transaction_velocity,2026-01-12T03:00:00,2026-01-12T02:51:00,payments,0.981,SAFE
EXP-002,FraudRisk-v13,EXP-002-TX-0089,cb_resolution,2026-01-12T03:00:00,2026-01-18T13:00:00,payments,0.981,LEAKAGE
EXP-002,FraudRisk-v13,EXP-002-TX-0089,payment_final_state,2026-01-12T03:00:00,2026-01-15T06:00:00,payments,0.981,LEAKAGE
EXP-002,FraudRisk-v13,EXP-002-TX-0090,transaction_amount,2026-01-12T06:00:00,2026-01-12T05:35:00,payments,0.981,SAFE
EXP-002,FraudRisk-v13,EXP-002-TX-0090,customer_risk_score,2026-01-12T06:00:00,2026-01-12T05:47:00,risk_engine,0.981,SAFE
EXP-002,FraudRisk-v13,EXP-002-TX-0090,merchant_risk_score,2026-01-12T06:00:00,2026-01-12T05:32:00,merchant_risk,0.981,SAFE
EXP-002,FraudRisk-v13,EXP-002-TX-0090,device_risk_score,2026-01-12T06:00:00,2026-01-12T05:43:00,device_intelligence,0.981,SAFE
EXP-002,FraudRisk-v13,EXP-002-TX-0090,transaction_velocity,2026-01-12T06:00:00,2026-01-12T05:33:00,payments,0.981,SAFE
EXP-002,FraudRisk-v13,EXP-002-TX-0090,cb_resolution,2026-01-12T06:00:00,2026-01-18T06:00:00,payments,0.981,LEAKAGE
EXP-002,FraudRisk-v13,EXP-002-TX-0090,payment_final_state,2026-01-12T06:00:00,2026-01-16T03:00:00,payments,0.981,LEAKAGE
EXP-002,FraudRisk-v13,EXP-002-TX-0091,transaction_amount,2026-01-12T09:00:00,2026-01-12T08:32:00,payments,0.981,SAFE
EXP-002,FraudRisk-v13,EXP-002-TX-0091,customer_risk_score,2026-01-12T09:00:00,2026-01-12T08:42:00,risk_engine,0.981,SAFE
EXP-002,FraudRisk-v13,EXP-002-TX-0091,merchant_risk_score,2026-01-12T09:00:00,2026-01-12T08:45:00,merchant_risk,0.981,SAFE
EXP-002,FraudRisk-v13,EXP-002-TX-0091,device_risk_score,2026-01-12T09:00:00,2026-01-12T08:46:00,device_intelligence,0.981,SAFE
EXP-002,FraudRisk-v13,EXP-002-TX-0091,transaction_velocity,2026-01-12T09:00:00,2026-01-12T08:58:00,payments,0.981,SAFE
EXP-002,FraudRisk-v13,EXP-002-TX-0091,cb_resolution,2026-01-12T09:00:00,2026-01-18T15:00:00,payments,0.981,LEAKAGE
EXP-002,FraudRisk-v13,EXP-002-TX-0091,payment_final_state,2026-01-12T09:00:00,2026-01-16T01:00:00,payments,0.981,LEAKAGE
EXP-002,FraudRisk-v13,EXP-002-TX-0092,transaction_amount,2026-01-12T12:00:00,2026-01-12T11:48:00,payments,0.981,SAFE
EXP-002,FraudRisk-v13,EXP-002-TX-0092,customer_risk_score,2026-01-12T12:00:00,2026-01-12T11:40:00,risk_engine,0.981,SAFE
EXP-002,FraudRisk-v13,EXP-002-TX-0092,merchant_risk_score,2026-01-12T12:00:00,2026-01-12T11:35:00,merchant_risk,0.981,SAFE
EXP-002,FraudRisk-v13,EXP-002-TX-0092,device_risk_score,2026-01-12T12:00:00,2026-01-12T11:44:00,device_intelligence,0.981,SAFE
EXP-002,FraudRisk-v13,EXP-002-TX-0092,transaction_velocity,2026-01-12T12:00:00,2026-01-12T11:39:00,payments,0.981,SAFE
EXP-002,FraudRisk-v13,EXP-002-TX-0092,cb_resolution,2026-01-12T12:00:00,2026-01-19T02:00:00,payments,0.981,LEAKAGE
EXP-002,FraudRisk-v13,EXP-002-TX-0092,payment_final_state,2026-01-12T12:00:00,2026-01-15T13:00:00,payments,0.981,LEAKAGE
EXP-002,FraudRisk-v13,EXP-002-TX-0093,transaction_amount,2026-01-12T15:00:00,2026-01-12T14:53:00,payments,0.981,SAFE
EXP-002,FraudRisk-v13,EXP-002-TX-0093,customer_risk_score,2026-01-12T15:00:00,2026-01-12T14:51:00,risk_engine,0.981,SAFE
EXP-002,FraudRisk-v13,EXP-002-TX-0093,merchant_risk_score,2026-01-12T15:00:00,2026-01-12T14:42:00,merchant_risk,0.981,SAFE
EXP-002,FraudRisk-v13,EXP-002-TX-0093,device_risk_score,2026-01-12T15:00:00,2026-01-12T14:55:00,device_intelligence,0.981,SAFE
EXP-002,FraudRisk-v13,EXP-002-TX-0093,transaction_velocity,2026-01-12T15:00:00,2026-01-12T14:30:00,payments,0.981,SAFE
EXP-002,FraudRisk-v13,EXP-002-TX-0093,cb_resolution,2026-01-12T15:00:00,2026-01-19T00:00:00,payments,0.981,LEAKAGE
EXP-002,FraudRisk-v13,EXP-002-TX-0093,payment_final_state,2026-01-12T15:00:00,2026-01-16T05:00:00,payments,0.981,LEAKAGE
EXP-002,FraudRisk-v13,EXP-002-TX-0094,transaction_amount,2026-01-12T18:00:00,2026-01-12T17:31:00,payments,0.981,SAFE
EXP-002,FraudRisk-v13,EXP-002-TX-0094,customer_risk_score,2026-01-12T18:00:00,2026-01-12T17:37:00,risk_engine,0.981,SAFE
EXP-002,FraudRisk-v13,EXP-002-TX-0094,merchant_risk_score,2026-01-12T18:00:00,2026-01-12T17:44:00,merchant_risk,0.981,SAFE
EXP-002,FraudRisk-v13,EXP-002-TX-0094,device_risk_score,2026-01-12T18:00:00,2026-01-12T17:56:00,device_intelligence,0.981,SAFE
EXP-002,FraudRisk-v13,EXP-002-TX-0094,transaction_velocity,2026-01-12T18:00:00,2026-01-12T17:59:00,payments,0.981,SAFE
EXP-002,FraudRisk-v13,EXP-002-TX-0094,cb_resolution,2026-01-12T18:00:00,2026-01-19T14:00:00,payments,0.981,LEAKAGE
EXP-002,FraudRisk-v13,EXP-002-TX-0094,payment_final_state,2026-01-12T18:00:00,2026-01-16T13:00:00,payments,0.981,LEAKAGE
EXP-002,FraudRisk-v13,EXP-002-TX-0095,transaction_amount,2026-01-12T21:00:00,2026-01-12T20:34:00,payments,0.981,SAFE
EXP-002,FraudRisk-v13,EXP-002-TX-0095,customer_risk_score,2026-01-12T21:00:00,2026-01-12T20:52:00,risk_engine,0.981,SAFE
EXP-002,FraudRisk-v13,EXP-002-TX-0095,merchant_risk_score,2026-01-12T21:00:00,2026-01-12T20:37:00,merchant_risk,0.981,SAFE
EXP-002,FraudRisk-v13,EXP-002-TX-0095,device_risk_score,2026-01-12T21:00:00,2026-01-12T20:54:00,device_intelligence,0.981,SAFE
EXP-002,FraudRisk-v13,EXP-002-TX-0095,transaction_velocity,2026-01-12T21:00:00,2026-01-12T20:50:00,payments,0.981,SAFE
EXP-002,FraudRisk-v13,EXP-002-TX-0095,cb_resolution,2026-01-12T21:00:00,2026-01-19T14:00:00,payments,0.981,LEAKAGE
EXP-002,FraudRisk-v13,EXP-002-TX-0095,payment_final_state,2026-01-12T21:00:00,2026-01-15T21:00:00,payments,0.981,LEAKAGE
EXP-002,FraudRisk-v13,EXP-002-TX-0096,transaction_amount,2026-01-13T00:00:00,2026-01-12T23:42:00,payments,0.981,SAFE
EXP-002,FraudRisk-v13,EXP-002-TX-0096,customer_risk_score,2026-01-13T00:00:00,2026-01-12T23:46:00,risk_engine,0.981,SAFE
EXP-002,FraudRisk-v13,EXP-002-TX-0096,merchant_risk_score,2026-01-13T00:00:00,2026-01-12T23:57:00,merchant_risk,0.981,SAFE
EXP-002,FraudRisk-v13,EXP-002-TX-0096,device_risk_score,2026-01-13T00:00:00,2026-01-12T23:52:00,device_intelligence,0.981,SAFE
EXP-002,FraudRisk-v13,EXP-002-TX-0096,transaction_velocity,2026-01-13T00:00:00,2026-01-12T23:33:00,payments,0.981,SAFE
EXP-002,FraudRisk-v13,EXP-002-TX-0096,cb_resolution,2026-01-13T00:00:00,2026-01-19T03:00:00,payments,0.981,LEAKAGE
EXP-002,FraudRisk-v13,EXP-002-TX-0096,payment_final_state,2026-01-13T00:00:00,2026-01-16T14:00:00,payments,0.981,LEAKAGE
EXP-002,FraudRisk-v13,EXP-002-TX-0097,transaction_amount,2026-01-13T03:00:00,2026-01-13T02:56:00,payments,0.981,SAFE
EXP-002,FraudRisk-v13,EXP-002-TX-0097,customer_risk_score,2026-01-13T03:00:00,2026-01-13T02:39:00,risk_engine,0.981,SAFE
EXP-002,FraudRisk-v13,EXP-002-TX-0097,merchant_risk_score,2026-01-13T03:00:00,2026-01-13T02:33:00,merchant_risk,0.981,SAFE
EXP-002,FraudRisk-v13,EXP-002-TX-0097,device_risk_score,2026-01-13T03:00:00,2026-01-13T02:55:00,device_intelligence,0.981,SAFE
EXP-002,FraudRisk-v13,EXP-002-TX-0097,transaction_velocity,2026-01-13T03:00:00,2026-01-13T02:44:00,payments,0.981,SAFE
EXP-002,FraudRisk-v13,EXP-002-TX-0097,cb_resolution,2026-01-13T03:00:00,2026-01-20T01:00:00,payments,0.981,LEAKAGE
EXP-002,FraudRisk-v13,EXP-002-TX-0097,payment_final_state,2026-01-13T03:00:00,2026-01-16T12:00:00,payments,0.981,LEAKAGE
EXP-002,FraudRisk-v13,EXP-002-TX-0098,transaction_amount,2026-01-13T06:00:00,2026-01-13T05:43:00,payments,0.981,SAFE
EXP-002,FraudRisk-v13,EXP-002-TX-0098,customer_risk_score,2026-01-13T06:00:00,2026-01-13T05:37:00,risk_engine,0.981,SAFE
EXP-002,FraudRisk-v13,EXP-002-TX-0098,merchant_risk_score,2026-01-13T06:00:00,2026-01-13T05:51:00,merchant_risk,0.981,SAFE
EXP-002,FraudRisk-v13,EXP-002-TX-0098,device_risk_score,2026-01-13T06:00:00,2026-01-13T05:46:00,device_intelligence,0.981,SAFE
EXP-002,FraudRisk-v13,EXP-002-TX-0098,transaction_velocity,2026-01-13T06:00:00,2026-01-13T05:33:00,payments,0.981,SAFE
EXP-002,FraudRisk-v13,EXP-002-TX-0098,cb_resolution,2026-01-13T06:00:00,2026-01-19T21:00:00,payments,0.981,LEAKAGE
EXP-002,FraudRisk-v13,EXP-002-TX-0098,payment_final_state,2026-01-13T06:00:00,2026-01-16T21:00:00,payments,0.981,LEAKAGE
EXP-002,FraudRisk-v13,EXP-002-TX-0099,transaction_amount,2026-01-13T09:00:00,2026-01-13T08:52:00,payments,0.981,SAFE
EXP-002,FraudRisk-v13,EXP-002-TX-0099,customer_risk_score,2026-01-13T09:00:00,2026-01-13T08:45:00,risk_engine,0.981,SAFE
EXP-002,FraudRisk-v13,EXP-002-TX-0099,merchant_risk_score,2026-01-13T09:00:00,2026-01-13T08:42:00,merchant_risk,0.981,SAFE
EXP-002,FraudRisk-v13,EXP-002-TX-0099,device_risk_score,2026-01-13T09:00:00,2026-01-13T08:55:00,device_intelligence,0.981,SAFE
EXP-002,FraudRisk-v13,EXP-002-TX-0099,transaction_velocity,2026-01-13T09:00:00,2026-01-13T08:47:00,payments,0.981,SAFE
EXP-002,FraudRisk-v13,EXP-002-TX-0099,cb_resolution,2026-01-13T09:00:00,2026-01-19T15:00:00,payments,0.981,LEAKAGE
EXP-002,FraudRisk-v13,EXP-002-TX-0099,payment_final_state,2026-01-13T09:00:00,2026-01-17T04:00:00,payments,0.981,LEAKAGE
EXP-002,FraudRisk-v13,EXP-002-TX-0100,transaction_amount,2026-01-13T12:00:00,2026-01-13T11:43:00,payments,0.981,SAFE
EXP-002,FraudRisk-v13,EXP-002-TX-0100,customer_risk_score,2026-01-13T12:00:00,2026-01-13T11:36:00,risk_engine,0.981,SAFE
EXP-002,FraudRisk-v13,EXP-002-TX-0100,merchant_risk_score,2026-01-13T12:00:00,2026-01-13T11:31:00,merchant_risk,0.981,SAFE
EXP-002,FraudRisk-v13,EXP-002-TX-0100,device_risk_score,2026-01-13T12:00:00,2026-01-13T11:55:00,device_intelligence,0.981,SAFE
EXP-002,FraudRisk-v13,EXP-002-TX-0100,transaction_velocity,2026-01-13T12:00:00,2026-01-13T11:32:00,payments,0.981,SAFE
EXP-002,FraudRisk-v13,EXP-002-TX-0100,cb_resolution,2026-01-13T12:00:00,2026-01-19T14:00:00,payments,0.981,LEAKAGE
EXP-002,FraudRisk-v13,EXP-002-TX-0100,payment_final_state,2026-01-13T12:00:00,2026-01-16T20:00:00,payments,0.981,LEAKAGE
EXP-003,FraudRisk-v14,EXP-003-TX-0001,transaction_amount,2026-01-01T03:00:00,2026-01-01T02:35:00,payments,0.974,SAFE
EXP-003,FraudRisk-v14,EXP-003-TX-0001,customer_risk_score,2026-01-01T03:00:00,2026-01-01T02:34:00,risk_engine,0.974,SAFE
EXP-003,FraudRisk-v14,EXP-003-TX-0001,merchant_risk_score,2026-01-01T03:00:00,2026-01-01T02:32:00,merchant_risk,0.974,SAFE
EXP-003,FraudRisk-v14,EXP-003-TX-0001,device_risk_score,2026-01-01T03:00:00,2026-01-01T02:46:00,device_intelligence,0.974,SAFE
EXP-003,FraudRisk-v14,EXP-003-TX-0001,transaction_velocity,2026-01-01T03:00:00,2026-01-01T02:49:00,payments,0.974,SAFE
EXP-003,FraudRisk-v14,EXP-003-TX-0001,claim_final_status,2026-01-01T03:00:00,2026-01-06T19:00:00,payments,0.974,LEAKAGE
EXP-003,FraudRisk-v14,EXP-003-TX-0002,transaction_amount,2026-01-01T06:00:00,2026-01-01T05:51:00,payments,0.974,SAFE
EXP-003,FraudRisk-v14,EXP-003-TX-0002,customer_risk_score,2026-01-01T06:00:00,2026-01-01T05:33:00,risk_engine,0.974,SAFE
EXP-003,FraudRisk-v14,EXP-003-TX-0002,merchant_risk_score,2026-01-01T06:00:00,2026-01-01T05:59:00,merchant_risk,0.974,SAFE
EXP-003,FraudRisk-v14,EXP-003-TX-0002,device_risk_score,2026-01-01T06:00:00,2026-01-01T05:50:00,device_intelligence,0.974,SAFE
EXP-003,FraudRisk-v14,EXP-003-TX-0002,transaction_velocity,2026-01-01T06:00:00,2026-01-01T05:36:00,payments,0.974,SAFE
EXP-003,FraudRisk-v14,EXP-003-TX-0002,claim_final_status,2026-01-01T06:00:00,2026-01-06T15:00:00,payments,0.974,LEAKAGE
EXP-003,FraudRisk-v14,EXP-003-TX-0003,transaction_amount,2026-01-01T09:00:00,2026-01-01T08:33:00,payments,0.974,SAFE
EXP-003,FraudRisk-v14,EXP-003-TX-0003,customer_risk_score,2026-01-01T09:00:00,2026-01-01T08:41:00,risk_engine,0.974,SAFE
EXP-003,FraudRisk-v14,EXP-003-TX-0003,merchant_risk_score,2026-01-01T09:00:00,2026-01-01T08:41:00,merchant_risk,0.974,SAFE
EXP-003,FraudRisk-v14,EXP-003-TX-0003,device_risk_score,2026-01-01T09:00:00,2026-01-01T08:38:00,device_intelligence,0.974,SAFE
EXP-003,FraudRisk-v14,EXP-003-TX-0003,transaction_velocity,2026-01-01T09:00:00,2026-01-01T08:44:00,payments,0.974,SAFE
EXP-003,FraudRisk-v14,EXP-003-TX-0003,claim_final_status,2026-01-01T09:00:00,2026-01-06T13:00:00,payments,0.974,LEAKAGE
EXP-003,FraudRisk-v14,EXP-003-TX-0004,transaction_amount,2026-01-01T12:00:00,2026-01-01T11:45:00,payments,0.974,SAFE
EXP-003,FraudRisk-v14,EXP-003-TX-0004,customer_risk_score,2026-01-01T12:00:00,2026-01-01T11:42:00,risk_engine,0.974,SAFE
EXP-003,FraudRisk-v14,EXP-003-TX-0004,merchant_risk_score,2026-01-01T12:00:00,2026-01-01T11:44:00,merchant_risk,0.974,SAFE
EXP-003,FraudRisk-v14,EXP-003-TX-0004,device_risk_score,2026-01-01T12:00:00,2026-01-01T11:48:00,device_intelligence,0.974,SAFE
EXP-003,FraudRisk-v14,EXP-003-TX-0004,transaction_velocity,2026-01-01T12:00:00,2026-01-01T11:49:00,payments,0.974,SAFE
EXP-003,FraudRisk-v14,EXP-003-TX-0004,claim_final_status,2026-01-01T12:00:00,2026-01-07T05:00:00,payments,0.974,LEAKAGE
EXP-003,FraudRisk-v14,EXP-003-TX-0005,transaction_amount,2026-01-01T15:00:00,2026-01-01T14:35:00,payments,0.974,SAFE
EXP-003,FraudRisk-v14,EXP-003-TX-0005,customer_risk_score,2026-01-01T15:00:00,2026-01-01T14:42:00,risk_engine,0.974,SAFE
EXP-003,FraudRisk-v14,EXP-003-TX-0005,merchant_risk_score,2026-01-01T15:00:00,2026-01-01T14:47:00,merchant_risk,0.974,SAFE
EXP-003,FraudRisk-v14,EXP-003-TX-0005,device_risk_score,2026-01-01T15:00:00,2026-01-01T14:45:00,device_intelligence,0.974,SAFE
EXP-003,FraudRisk-v14,EXP-003-TX-0005,transaction_velocity,2026-01-01T15:00:00,2026-01-01T14:30:00,payments,0.974,SAFE
EXP-003,FraudRisk-v14,EXP-003-TX-0005,claim_final_status,2026-01-01T15:00:00,2026-01-07T01:00:00,payments,0.974,LEAKAGE
EXP-003,FraudRisk-v14,EXP-003-TX-0006,transaction_amount,2026-01-01T18:00:00,2026-01-01T17:32:00,payments,0.974,SAFE
EXP-003,FraudRisk-v14,EXP-003-TX-0006,customer_risk_score,2026-01-01T18:00:00,2026-01-01T17:53:00,risk_engine,0.974,SAFE
EXP-003,FraudRisk-v14,EXP-003-TX-0006,merchant_risk_score,2026-01-01T18:00:00,2026-01-01T17:37:00,merchant_risk,0.974,SAFE
EXP-003,FraudRisk-v14,EXP-003-TX-0006,device_risk_score,2026-01-01T18:00:00,2026-01-01T17:52:00,device_intelligence,0.974,SAFE
EXP-003,FraudRisk-v14,EXP-003-TX-0006,transaction_velocity,2026-01-01T18:00:00,2026-01-01T17:41:00,payments,0.974,SAFE
EXP-003,FraudRisk-v14,EXP-003-TX-0006,claim_final_status,2026-01-01T18:00:00,2026-01-07T06:00:00,payments,0.974,LEAKAGE
EXP-003,FraudRisk-v14,EXP-003-TX-0007,transaction_amount,2026-01-01T21:00:00,2026-01-01T20:52:00,payments,0.974,SAFE
EXP-003,FraudRisk-v14,EXP-003-TX-0007,customer_risk_score,2026-01-01T21:00:00,2026-01-01T20:32:00,risk_engine,0.974,SAFE
EXP-003,FraudRisk-v14,EXP-003-TX-0007,merchant_risk_score,2026-01-01T21:00:00,2026-01-01T20:35:00,merchant_risk,0.974,SAFE
EXP-003,FraudRisk-v14,EXP-003-TX-0007,device_risk_score,2026-01-01T21:00:00,2026-01-01T20:46:00,device_intelligence,0.974,SAFE
EXP-003,FraudRisk-v14,EXP-003-TX-0007,transaction_velocity,2026-01-01T21:00:00,2026-01-01T20:58:00,payments,0.974,SAFE
EXP-003,FraudRisk-v14,EXP-003-TX-0007,claim_final_status,2026-01-01T21:00:00,2026-01-07T07:00:00,payments,0.974,LEAKAGE
EXP-003,FraudRisk-v14,EXP-003-TX-0008,transaction_amount,2026-01-02T00:00:00,2026-01-01T23:36:00,payments,0.974,SAFE
EXP-003,FraudRisk-v14,EXP-003-TX-0008,customer_risk_score,2026-01-02T00:00:00,2026-01-01T23:44:00,risk_engine,0.974,SAFE
EXP-003,FraudRisk-v14,EXP-003-TX-0008,merchant_risk_score,2026-01-02T00:00:00,2026-01-01T23:37:00,merchant_risk,0.974,SAFE
EXP-003,FraudRisk-v14,EXP-003-TX-0008,device_risk_score,2026-01-02T00:00:00,2026-01-01T23:30:00,device_intelligence,0.974,SAFE
EXP-003,FraudRisk-v14,EXP-003-TX-0008,transaction_velocity,2026-01-02T00:00:00,2026-01-01T23:34:00,payments,0.974,SAFE
EXP-003,FraudRisk-v14,EXP-003-TX-0008,claim_final_status,2026-01-02T00:00:00,2026-01-07T12:00:00,payments,0.974,LEAKAGE
EXP-003,FraudRisk-v14,EXP-003-TX-0009,transaction_amount,2026-01-02T03:00:00,2026-01-02T02:47:00,payments,0.974,SAFE
EXP-003,FraudRisk-v14,EXP-003-TX-0009,customer_risk_score,2026-01-02T03:00:00,2026-01-02T02:38:00,risk_engine,0.974,SAFE
EXP-003,FraudRisk-v14,EXP-003-TX-0009,merchant_risk_score,2026-01-02T03:00:00,2026-01-02T02:34:00,merchant_risk,0.974,SAFE
EXP-003,FraudRisk-v14,EXP-003-TX-0009,device_risk_score,2026-01-02T03:00:00,2026-01-02T02:33:00,device_intelligence,0.974,SAFE
EXP-003,FraudRisk-v14,EXP-003-TX-0009,transaction_velocity,2026-01-02T03:00:00,2026-01-02T02:39:00,payments,0.974,SAFE
EXP-003,FraudRisk-v14,EXP-003-TX-0009,claim_final_status,2026-01-02T03:00:00,2026-01-07T07:00:00,payments,0.974,LEAKAGE
EXP-003,FraudRisk-v14,EXP-003-TX-0010,transaction_amount,2026-01-02T06:00:00,2026-01-02T05:44:00,payments,0.974,SAFE
EXP-003,FraudRisk-v14,EXP-003-TX-0010,customer_risk_score,2026-01-02T06:00:00,2026-01-02T05:58:00,risk_engine,0.974,SAFE
EXP-003,FraudRisk-v14,EXP-003-TX-0010,merchant_risk_score,2026-01-02T06:00:00,2026-01-02T05:55:00,merchant_risk,0.974,SAFE
EXP-003,FraudRisk-v14,EXP-003-TX-0010,device_risk_score,2026-01-02T06:00:00,2026-01-02T05:43:00,device_intelligence,0.974,SAFE
EXP-003,FraudRisk-v14,EXP-003-TX-0010,transaction_velocity,2026-01-02T06:00:00,2026-01-02T05:41:00,payments,0.974,SAFE
EXP-003,FraudRisk-v14,EXP-003-TX-0010,claim_final_status,2026-01-02T06:00:00,2026-01-07T16:00:00,payments,0.974,LEAKAGE
EXP-003,FraudRisk-v14,EXP-003-TX-0011,transaction_amount,2026-01-02T09:00:00,2026-01-02T08:32:00,payments,0.974,SAFE
EXP-003,FraudRisk-v14,EXP-003-TX-0011,customer_risk_score,2026-01-02T09:00:00,2026-01-02T08:56:00,risk_engine,0.974,SAFE
EXP-003,FraudRisk-v14,EXP-003-TX-0011,merchant_risk_score,2026-01-02T09:00:00,2026-01-02T08:32:00,merchant_risk,0.974,SAFE
EXP-003,FraudRisk-v14,EXP-003-TX-0011,device_risk_score,2026-01-02T09:00:00,2026-01-02T08:32:00,device_intelligence,0.974,SAFE
EXP-003,FraudRisk-v14,EXP-003-TX-0011,transaction_velocity,2026-01-02T09:00:00,2026-01-02T08:45:00,payments,0.974,SAFE
EXP-003,FraudRisk-v14,EXP-003-TX-0011,claim_final_status,2026-01-02T09:00:00,2026-01-07T12:00:00,payments,0.974,LEAKAGE
EXP-003,FraudRisk-v14,EXP-003-TX-0012,transaction_amount,2026-01-02T12:00:00,2026-01-02T11:43:00,payments,0.974,SAFE
EXP-003,FraudRisk-v14,EXP-003-TX-0012,customer_risk_score,2026-01-02T12:00:00,2026-01-02T11:30:00,risk_engine,0.974,SAFE
EXP-003,FraudRisk-v14,EXP-003-TX-0012,merchant_risk_score,2026-01-02T12:00:00,2026-01-02T11:45:00,merchant_risk,0.974,SAFE
EXP-003,FraudRisk-v14,EXP-003-TX-0012,device_risk_score,2026-01-02T12:00:00,2026-01-02T11:59:00,device_intelligence,0.974,SAFE
EXP-003,FraudRisk-v14,EXP-003-TX-0012,transaction_velocity,2026-01-02T12:00:00,2026-01-02T11:36:00,payments,0.974,SAFE
EXP-003,FraudRisk-v14,EXP-003-TX-0012,claim_final_status,2026-01-02T12:00:00,2026-01-07T16:00:00,payments,0.974,LEAKAGE
EXP-003,FraudRisk-v14,EXP-003-TX-0013,transaction_amount,2026-01-02T15:00:00,2026-01-02T14:46:00,payments,0.974,SAFE
EXP-003,FraudRisk-v14,EXP-003-TX-0013,customer_risk_score,2026-01-02T15:00:00,2026-01-02T14:32:00,risk_engine,0.974,SAFE
EXP-003,FraudRisk-v14,EXP-003-TX-0013,merchant_risk_score,2026-01-02T15:00:00,2026-01-02T14:39:00,merchant_risk,0.974,SAFE
EXP-003,FraudRisk-v14,EXP-003-TX-0013,device_risk_score,2026-01-02T15:00:00,2026-01-02T14:55:00,device_intelligence,0.974,SAFE
EXP-003,FraudRisk-v14,EXP-003-TX-0013,transaction_velocity,2026-01-02T15:00:00,2026-01-02T14:57:00,payments,0.974,SAFE
EXP-003,FraudRisk-v14,EXP-003-TX-0013,claim_final_status,2026-01-02T15:00:00,2026-01-08T06:00:00,payments,0.974,LEAKAGE
EXP-003,FraudRisk-v14,EXP-003-TX-0014,transaction_amount,2026-01-02T18:00:00,2026-01-02T17:34:00,payments,0.974,SAFE
EXP-003,FraudRisk-v14,EXP-003-TX-0014,customer_risk_score,2026-01-02T18:00:00,2026-01-02T17:51:00,risk_engine,0.974,SAFE
EXP-003,FraudRisk-v14,EXP-003-TX-0014,merchant_risk_score,2026-01-02T18:00:00,2026-01-02T17:49:00,merchant_risk,0.974,SAFE
EXP-003,FraudRisk-v14,EXP-003-TX-0014,device_risk_score,2026-01-02T18:00:00,2026-01-02T17:40:00,device_intelligence,0.974,SAFE
EXP-003,FraudRisk-v14,EXP-003-TX-0014,transaction_velocity,2026-01-02T18:00:00,2026-01-02T17:37:00,payments,0.974,SAFE
EXP-003,FraudRisk-v14,EXP-003-TX-0014,claim_final_status,2026-01-02T18:00:00,2026-01-08T06:00:00,payments,0.974,LEAKAGE
EXP-003,FraudRisk-v14,EXP-003-TX-0015,transaction_amount,2026-01-02T21:00:00,2026-01-02T20:39:00,payments,0.974,SAFE
EXP-003,FraudRisk-v14,EXP-003-TX-0015,customer_risk_score,2026-01-02T21:00:00,2026-01-02T20:57:00,risk_engine,0.974,SAFE
EXP-003,FraudRisk-v14,EXP-003-TX-0015,merchant_risk_score,2026-01-02T21:00:00,2026-01-02T20:32:00,merchant_risk,0.974,SAFE
EXP-003,FraudRisk-v14,EXP-003-TX-0015,device_risk_score,2026-01-02T21:00:00,2026-01-02T20:49:00,device_intelligence,0.974,SAFE
EXP-003,FraudRisk-v14,EXP-003-TX-0015,transaction_velocity,2026-01-02T21:00:00,2026-01-02T20:32:00,payments,0.974,SAFE
EXP-003,FraudRisk-v14,EXP-003-TX-0015,claim_final_status,2026-01-02T21:00:00,2026-01-08T18:00:00,payments,0.974,LEAKAGE
EXP-003,FraudRisk-v14,EXP-003-TX-0016,transaction_amount,2026-01-03T00:00:00,2026-01-02T23:32:00,payments,0.974,SAFE
EXP-003,FraudRisk-v14,EXP-003-TX-0016,customer_risk_score,2026-01-03T00:00:00,2026-01-02T23:42:00,risk_engine,0.974,SAFE
EXP-003,FraudRisk-v14,EXP-003-TX-0016,merchant_risk_score,2026-01-03T00:00:00,2026-01-02T23:47:00,merchant_risk,0.974,SAFE
EXP-003,FraudRisk-v14,EXP-003-TX-0016,device_risk_score,2026-01-03T00:00:00,2026-01-02T23:49:00,device_intelligence,0.974,SAFE
EXP-003,FraudRisk-v14,EXP-003-TX-0016,transaction_velocity,2026-01-03T00:00:00,2026-01-02T23:39:00,payments,0.974,SAFE
EXP-003,FraudRisk-v14,EXP-003-TX-0016,claim_final_status,2026-01-03T00:00:00,2026-01-08T22:00:00,payments,0.974,LEAKAGE
EXP-003,FraudRisk-v14,EXP-003-TX-0017,transaction_amount,2026-01-03T03:00:00,2026-01-03T02:31:00,payments,0.974,SAFE
EXP-003,FraudRisk-v14,EXP-003-TX-0017,customer_risk_score,2026-01-03T03:00:00,2026-01-03T02:35:00,risk_engine,0.974,SAFE
EXP-003,FraudRisk-v14,EXP-003-TX-0017,merchant_risk_score,2026-01-03T03:00:00,2026-01-03T02:44:00,merchant_risk,0.974,SAFE
EXP-003,FraudRisk-v14,EXP-003-TX-0017,device_risk_score,2026-01-03T03:00:00,2026-01-03T02:32:00,device_intelligence,0.974,SAFE
EXP-003,FraudRisk-v14,EXP-003-TX-0017,transaction_velocity,2026-01-03T03:00:00,2026-01-03T02:42:00,payments,0.974,SAFE
EXP-003,FraudRisk-v14,EXP-003-TX-0017,claim_final_status,2026-01-03T03:00:00,2026-01-08T04:00:00,payments,0.974,LEAKAGE
EXP-003,FraudRisk-v14,EXP-003-TX-0018,transaction_amount,2026-01-03T06:00:00,2026-01-03T05:40:00,payments,0.974,SAFE
EXP-003,FraudRisk-v14,EXP-003-TX-0018,customer_risk_score,2026-01-03T06:00:00,2026-01-03T05:57:00,risk_engine,0.974,SAFE
EXP-003,FraudRisk-v14,EXP-003-TX-0018,merchant_risk_score,2026-01-03T06:00:00,2026-01-03T05:52:00,merchant_risk,0.974,SAFE
EXP-003,FraudRisk-v14,EXP-003-TX-0018,device_risk_score,2026-01-03T06:00:00,2026-01-03T05:39:00,device_intelligence,0.974,SAFE
EXP-003,FraudRisk-v14,EXP-003-TX-0018,transaction_velocity,2026-01-03T06:00:00,2026-01-03T05:38:00,payments,0.974,SAFE
EXP-003,FraudRisk-v14,EXP-003-TX-0018,claim_final_status,2026-01-03T06:00:00,2026-01-08T15:00:00,payments,0.974,LEAKAGE
EXP-003,FraudRisk-v14,EXP-003-TX-0019,transaction_amount,2026-01-03T09:00:00,2026-01-03T08:52:00,payments,0.974,SAFE
EXP-003,FraudRisk-v14,EXP-003-TX-0019,customer_risk_score,2026-01-03T09:00:00,2026-01-03T08:36:00,risk_engine,0.974,SAFE
EXP-003,FraudRisk-v14,EXP-003-TX-0019,merchant_risk_score,2026-01-03T09:00:00,2026-01-03T08:57:00,merchant_risk,0.974,SAFE
EXP-003,FraudRisk-v14,EXP-003-TX-0019,device_risk_score,2026-01-03T09:00:00,2026-01-03T08:46:00,device_intelligence,0.974,SAFE
EXP-003,FraudRisk-v14,EXP-003-TX-0019,transaction_velocity,2026-01-03T09:00:00,2026-01-03T08:56:00,payments,0.974,SAFE
EXP-003,FraudRisk-v14,EXP-003-TX-0019,claim_final_status,2026-01-03T09:00:00,2026-01-09T05:00:00,payments,0.974,LEAKAGE
EXP-003,FraudRisk-v14,EXP-003-TX-0020,transaction_amount,2026-01-03T12:00:00,2026-01-03T11:37:00,payments,0.974,SAFE
EXP-003,FraudRisk-v14,EXP-003-TX-0020,customer_risk_score,2026-01-03T12:00:00,2026-01-03T11:32:00,risk_engine,0.974,SAFE
EXP-003,FraudRisk-v14,EXP-003-TX-0020,merchant_risk_score,2026-01-03T12:00:00,2026-01-03T11:56:00,merchant_risk,0.974,SAFE
EXP-003,FraudRisk-v14,EXP-003-TX-0020,device_risk_score,2026-01-03T12:00:00,2026-01-03T11:45:00,device_intelligence,0.974,SAFE
EXP-003,FraudRisk-v14,EXP-003-TX-0020,transaction_velocity,2026-01-03T12:00:00,2026-01-03T11:54:00,payments,0.974,SAFE
EXP-003,FraudRisk-v14,EXP-003-TX-0020,claim_final_status,2026-01-03T12:00:00,2026-01-09T10:00:00,payments,0.974,LEAKAGE
EXP-003,FraudRisk-v14,EXP-003-TX-0021,transaction_amount,2026-01-03T15:00:00,2026-01-03T14:50:00,payments,0.974,SAFE
EXP-003,FraudRisk-v14,EXP-003-TX-0021,customer_risk_score,2026-01-03T15:00:00,2026-01-03T14:31:00,risk_engine,0.974,SAFE
EXP-003,FraudRisk-v14,EXP-003-TX-0021,merchant_risk_score,2026-01-03T15:00:00,2026-01-03T14:59:00,merchant_risk,0.974,SAFE
EXP-003,FraudRisk-v14,EXP-003-TX-0021,device_risk_score,2026-01-03T15:00:00,2026-01-03T14:58:00,device_intelligence,0.974,SAFE
EXP-003,FraudRisk-v14,EXP-003-TX-0021,transaction_velocity,2026-01-03T15:00:00,2026-01-03T14:49:00,payments,0.974,SAFE
EXP-003,FraudRisk-v14,EXP-003-TX-0021,claim_final_status,2026-01-03T15:00:00,2026-01-08T16:00:00,payments,0.974,LEAKAGE
EXP-003,FraudRisk-v14,EXP-003-TX-0022,transaction_amount,2026-01-03T18:00:00,2026-01-03T17:50:00,payments,0.974,SAFE
EXP-003,FraudRisk-v14,EXP-003-TX-0022,customer_risk_score,2026-01-03T18:00:00,2026-01-03T17:48:00,risk_engine,0.974,SAFE
EXP-003,FraudRisk-v14,EXP-003-TX-0022,merchant_risk_score,2026-01-03T18:00:00,2026-01-03T17:48:00,merchant_risk,0.974,SAFE
EXP-003,FraudRisk-v14,EXP-003-TX-0022,device_risk_score,2026-01-03T18:00:00,2026-01-03T17:46:00,device_intelligence,0.974,SAFE
EXP-003,FraudRisk-v14,EXP-003-TX-0022,transaction_velocity,2026-01-03T18:00:00,2026-01-03T17:55:00,payments,0.974,SAFE
EXP-003,FraudRisk-v14,EXP-003-TX-0022,claim_final_status,2026-01-03T18:00:00,2026-01-09T01:00:00,payments,0.974,LEAKAGE
EXP-003,FraudRisk-v14,EXP-003-TX-0023,transaction_amount,2026-01-03T21:00:00,2026-01-03T20:43:00,payments,0.974,SAFE
EXP-003,FraudRisk-v14,EXP-003-TX-0023,customer_risk_score,2026-01-03T21:00:00,2026-01-03T20:46:00,risk_engine,0.974,SAFE
EXP-003,FraudRisk-v14,EXP-003-TX-0023,merchant_risk_score,2026-01-03T21:00:00,2026-01-03T20:41:00,merchant_risk,0.974,SAFE
EXP-003,FraudRisk-v14,EXP-003-TX-0023,device_risk_score,2026-01-03T21:00:00,2026-01-03T20:38:00,device_intelligence,0.974,SAFE
EXP-003,FraudRisk-v14,EXP-003-TX-0023,transaction_velocity,2026-01-03T21:00:00,2026-01-03T20:34:00,payments,0.974,SAFE
EXP-003,FraudRisk-v14,EXP-003-TX-0023,claim_final_status,2026-01-03T21:00:00,2026-01-09T02:00:00,payments,0.974,LEAKAGE
EXP-003,FraudRisk-v14,EXP-003-TX-0024,transaction_amount,2026-01-04T00:00:00,2026-01-03T23:54:00,payments,0.974,SAFE
EXP-003,FraudRisk-v14,EXP-003-TX-0024,customer_risk_score,2026-01-04T00:00:00,2026-01-03T23:54:00,risk_engine,0.974,SAFE
EXP-003,FraudRisk-v14,EXP-003-TX-0024,merchant_risk_score,2026-01-04T00:00:00,2026-01-03T23:57:00,merchant_risk,0.974,SAFE
EXP-003,FraudRisk-v14,EXP-003-TX-0024,device_risk_score,2026-01-04T00:00:00,2026-01-03T23:40:00,device_intelligence,0.974,SAFE
EXP-003,FraudRisk-v14,EXP-003-TX-0024,transaction_velocity,2026-01-04T00:00:00,2026-01-03T23:32:00,payments,0.974,SAFE
EXP-003,FraudRisk-v14,EXP-003-TX-0024,claim_final_status,2026-01-04T00:00:00,2026-01-09T12:00:00,payments,0.974,LEAKAGE
EXP-003,FraudRisk-v14,EXP-003-TX-0025,transaction_amount,2026-01-04T03:00:00,2026-01-04T02:40:00,payments,0.974,SAFE
EXP-003,FraudRisk-v14,EXP-003-TX-0025,customer_risk_score,2026-01-04T03:00:00,2026-01-04T02:38:00,risk_engine,0.974,SAFE
EXP-003,FraudRisk-v14,EXP-003-TX-0025,merchant_risk_score,2026-01-04T03:00:00,2026-01-04T02:52:00,merchant_risk,0.974,SAFE
EXP-003,FraudRisk-v14,EXP-003-TX-0025,device_risk_score,2026-01-04T03:00:00,2026-01-04T02:44:00,device_intelligence,0.974,SAFE
EXP-003,FraudRisk-v14,EXP-003-TX-0025,transaction_velocity,2026-01-04T03:00:00,2026-01-04T02:30:00,payments,0.974,SAFE
EXP-003,FraudRisk-v14,EXP-003-TX-0025,claim_final_status,2026-01-04T03:00:00,2026-01-09T21:00:00,payments,0.974,LEAKAGE
EXP-003,FraudRisk-v14,EXP-003-TX-0026,transaction_amount,2026-01-04T06:00:00,2026-01-04T05:55:00,payments,0.974,SAFE
EXP-003,FraudRisk-v14,EXP-003-TX-0026,customer_risk_score,2026-01-04T06:00:00,2026-01-04T05:52:00,risk_engine,0.974,SAFE
EXP-003,FraudRisk-v14,EXP-003-TX-0026,merchant_risk_score,2026-01-04T06:00:00,2026-01-04T05:45:00,merchant_risk,0.974,SAFE
EXP-003,FraudRisk-v14,EXP-003-TX-0026,device_risk_score,2026-01-04T06:00:00,2026-01-04T05:39:00,device_intelligence,0.974,SAFE
EXP-003,FraudRisk-v14,EXP-003-TX-0026,transaction_velocity,2026-01-04T06:00:00,2026-01-04T05:51:00,payments,0.974,SAFE
EXP-003,FraudRisk-v14,EXP-003-TX-0026,claim_final_status,2026-01-04T06:00:00,2026-01-09T20:00:00,payments,0.974,LEAKAGE
EXP-003,FraudRisk-v14,EXP-003-TX-0027,transaction_amount,2026-01-04T09:00:00,2026-01-04T08:51:00,payments,0.974,SAFE
EXP-003,FraudRisk-v14,EXP-003-TX-0027,customer_risk_score,2026-01-04T09:00:00,2026-01-04T08:38:00,risk_engine,0.974,SAFE
EXP-003,FraudRisk-v14,EXP-003-TX-0027,merchant_risk_score,2026-01-04T09:00:00,2026-01-04T08:59:00,merchant_risk,0.974,SAFE
EXP-003,FraudRisk-v14,EXP-003-TX-0027,device_risk_score,2026-01-04T09:00:00,2026-01-04T08:31:00,device_intelligence,0.974,SAFE
EXP-003,FraudRisk-v14,EXP-003-TX-0027,transaction_velocity,2026-01-04T09:00:00,2026-01-04T08:34:00,payments,0.974,SAFE
EXP-003,FraudRisk-v14,EXP-003-TX-0027,claim_final_status,2026-01-04T09:00:00,2026-01-09T23:00:00,payments,0.974,LEAKAGE
EXP-003,FraudRisk-v14,EXP-003-TX-0028,transaction_amount,2026-01-04T12:00:00,2026-01-04T11:31:00,payments,0.974,SAFE
EXP-003,FraudRisk-v14,EXP-003-TX-0028,customer_risk_score,2026-01-04T12:00:00,2026-01-04T11:50:00,risk_engine,0.974,SAFE
EXP-003,FraudRisk-v14,EXP-003-TX-0028,merchant_risk_score,2026-01-04T12:00:00,2026-01-04T11:38:00,merchant_risk,0.974,SAFE
EXP-003,FraudRisk-v14,EXP-003-TX-0028,device_risk_score,2026-01-04T12:00:00,2026-01-04T11:42:00,device_intelligence,0.974,SAFE
EXP-003,FraudRisk-v14,EXP-003-TX-0028,transaction_velocity,2026-01-04T12:00:00,2026-01-04T11:54:00,payments,0.974,SAFE
EXP-003,FraudRisk-v14,EXP-003-TX-0028,claim_final_status,2026-01-04T12:00:00,2026-01-09T14:00:00,payments,0.974,LEAKAGE
EXP-003,FraudRisk-v14,EXP-003-TX-0029,transaction_amount,2026-01-04T15:00:00,2026-01-04T14:45:00,payments,0.974,SAFE
EXP-003,FraudRisk-v14,EXP-003-TX-0029,customer_risk_score,2026-01-04T15:00:00,2026-01-04T14:48:00,risk_engine,0.974,SAFE
EXP-003,FraudRisk-v14,EXP-003-TX-0029,merchant_risk_score,2026-01-04T15:00:00,2026-01-04T14:41:00,merchant_risk,0.974,SAFE
EXP-003,FraudRisk-v14,EXP-003-TX-0029,device_risk_score,2026-01-04T15:00:00,2026-01-04T14:50:00,device_intelligence,0.974,SAFE
EXP-003,FraudRisk-v14,EXP-003-TX-0029,transaction_velocity,2026-01-04T15:00:00,2026-01-04T14:39:00,payments,0.974,SAFE
EXP-003,FraudRisk-v14,EXP-003-TX-0029,claim_final_status,2026-01-04T15:00:00,2026-01-10T04:00:00,payments,0.974,LEAKAGE
EXP-003,FraudRisk-v14,EXP-003-TX-0030,transaction_amount,2026-01-04T18:00:00,2026-01-04T17:37:00,payments,0.974,SAFE
EXP-003,FraudRisk-v14,EXP-003-TX-0030,customer_risk_score,2026-01-04T18:00:00,2026-01-04T17:51:00,risk_engine,0.974,SAFE
EXP-003,FraudRisk-v14,EXP-003-TX-0030,merchant_risk_score,2026-01-04T18:00:00,2026-01-04T17:45:00,merchant_risk,0.974,SAFE
EXP-003,FraudRisk-v14,EXP-003-TX-0030,device_risk_score,2026-01-04T18:00:00,2026-01-04T17:32:00,device_intelligence,0.974,SAFE
EXP-003,FraudRisk-v14,EXP-003-TX-0030,transaction_velocity,2026-01-04T18:00:00,2026-01-04T17:50:00,payments,0.974,SAFE
EXP-003,FraudRisk-v14,EXP-003-TX-0030,claim_final_status,2026-01-04T18:00:00,2026-01-10T00:00:00,payments,0.974,LEAKAGE
EXP-003,FraudRisk-v14,EXP-003-TX-0031,transaction_amount,2026-01-04T21:00:00,2026-01-04T20:47:00,payments,0.974,SAFE
EXP-003,FraudRisk-v14,EXP-003-TX-0031,customer_risk_score,2026-01-04T21:00:00,2026-01-04T20:32:00,risk_engine,0.974,SAFE
EXP-003,FraudRisk-v14,EXP-003-TX-0031,merchant_risk_score,2026-01-04T21:00:00,2026-01-04T20:44:00,merchant_risk,0.974,SAFE
EXP-003,FraudRisk-v14,EXP-003-TX-0031,device_risk_score,2026-01-04T21:00:00,2026-01-04T20:56:00,device_intelligence,0.974,SAFE
EXP-003,FraudRisk-v14,EXP-003-TX-0031,transaction_velocity,2026-01-04T21:00:00,2026-01-04T20:52:00,payments,0.974,SAFE
EXP-003,FraudRisk-v14,EXP-003-TX-0031,claim_final_status,2026-01-04T21:00:00,2026-01-10T09:00:00,payments,0.974,LEAKAGE
EXP-003,FraudRisk-v14,EXP-003-TX-0032,transaction_amount,2026-01-05T00:00:00,2026-01-04T23:41:00,payments,0.974,SAFE
EXP-003,FraudRisk-v14,EXP-003-TX-0032,customer_risk_score,2026-01-05T00:00:00,2026-01-04T23:48:00,risk_engine,0.974,SAFE
EXP-003,FraudRisk-v14,EXP-003-TX-0032,merchant_risk_score,2026-01-05T00:00:00,2026-01-04T23:41:00,merchant_risk,0.974,SAFE
EXP-003,FraudRisk-v14,EXP-003-TX-0032,device_risk_score,2026-01-05T00:00:00,2026-01-04T23:50:00,device_intelligence,0.974,SAFE
EXP-003,FraudRisk-v14,EXP-003-TX-0032,transaction_velocity,2026-01-05T00:00:00,2026-01-04T23:37:00,payments,0.974,SAFE
EXP-003,FraudRisk-v14,EXP-003-TX-0032,claim_final_status,2026-01-05T00:00:00,2026-01-10T09:00:00,payments,0.974,LEAKAGE
EXP-003,FraudRisk-v14,EXP-003-TX-0033,transaction_amount,2026-01-05T03:00:00,2026-01-05T02:59:00,payments,0.974,SAFE
EXP-003,FraudRisk-v14,EXP-003-TX-0033,customer_risk_score,2026-01-05T03:00:00,2026-01-05T02:33:00,risk_engine,0.974,SAFE
EXP-003,FraudRisk-v14,EXP-003-TX-0033,merchant_risk_score,2026-01-05T03:00:00,2026-01-05T02:38:00,merchant_risk,0.974,SAFE
EXP-003,FraudRisk-v14,EXP-003-TX-0033,device_risk_score,2026-01-05T03:00:00,2026-01-05T02:47:00,device_intelligence,0.974,SAFE
EXP-003,FraudRisk-v14,EXP-003-TX-0033,transaction_velocity,2026-01-05T03:00:00,2026-01-05T02:51:00,payments,0.974,SAFE
EXP-003,FraudRisk-v14,EXP-003-TX-0033,claim_final_status,2026-01-05T03:00:00,2026-01-10T03:00:00,payments,0.974,LEAKAGE
EXP-003,FraudRisk-v14,EXP-003-TX-0034,transaction_amount,2026-01-05T06:00:00,2026-01-05T05:41:00,payments,0.974,SAFE
EXP-003,FraudRisk-v14,EXP-003-TX-0034,customer_risk_score,2026-01-05T06:00:00,2026-01-05T05:32:00,risk_engine,0.974,SAFE
EXP-003,FraudRisk-v14,EXP-003-TX-0034,merchant_risk_score,2026-01-05T06:00:00,2026-01-05T05:38:00,merchant_risk,0.974,SAFE
EXP-003,FraudRisk-v14,EXP-003-TX-0034,device_risk_score,2026-01-05T06:00:00,2026-01-05T05:35:00,device_intelligence,0.974,SAFE
EXP-003,FraudRisk-v14,EXP-003-TX-0034,transaction_velocity,2026-01-05T06:00:00,2026-01-05T05:36:00,payments,0.974,SAFE
EXP-003,FraudRisk-v14,EXP-003-TX-0034,claim_final_status,2026-01-05T06:00:00,2026-01-10T07:00:00,payments,0.974,LEAKAGE
EXP-003,FraudRisk-v14,EXP-003-TX-0035,transaction_amount,2026-01-05T09:00:00,2026-01-05T08:30:00,payments,0.974,SAFE
EXP-003,FraudRisk-v14,EXP-003-TX-0035,customer_risk_score,2026-01-05T09:00:00,2026-01-05T08:40:00,risk_engine,0.974,SAFE
EXP-003,FraudRisk-v14,EXP-003-TX-0035,merchant_risk_score,2026-01-05T09:00:00,2026-01-05T08:36:00,merchant_risk,0.974,SAFE
EXP-003,FraudRisk-v14,EXP-003-TX-0035,device_risk_score,2026-01-05T09:00:00,2026-01-05T08:44:00,device_intelligence,0.974,SAFE
EXP-003,FraudRisk-v14,EXP-003-TX-0035,transaction_velocity,2026-01-05T09:00:00,2026-01-05T08:33:00,payments,0.974,SAFE
EXP-003,FraudRisk-v14,EXP-003-TX-0035,claim_final_status,2026-01-05T09:00:00,2026-01-10T18:00:00,payments,0.974,LEAKAGE
EXP-003,FraudRisk-v14,EXP-003-TX-0036,transaction_amount,2026-01-05T12:00:00,2026-01-05T11:35:00,payments,0.974,SAFE
EXP-003,FraudRisk-v14,EXP-003-TX-0036,customer_risk_score,2026-01-05T12:00:00,2026-01-05T11:34:00,risk_engine,0.974,SAFE
EXP-003,FraudRisk-v14,EXP-003-TX-0036,merchant_risk_score,2026-01-05T12:00:00,2026-01-05T11:52:00,merchant_risk,0.974,SAFE
EXP-003,FraudRisk-v14,EXP-003-TX-0036,device_risk_score,2026-01-05T12:00:00,2026-01-05T11:40:00,device_intelligence,0.974,SAFE
EXP-003,FraudRisk-v14,EXP-003-TX-0036,transaction_velocity,2026-01-05T12:00:00,2026-01-05T11:34:00,payments,0.974,SAFE
EXP-003,FraudRisk-v14,EXP-003-TX-0036,claim_final_status,2026-01-05T12:00:00,2026-01-10T23:00:00,payments,0.974,LEAKAGE
EXP-003,FraudRisk-v14,EXP-003-TX-0037,transaction_amount,2026-01-05T15:00:00,2026-01-05T14:52:00,payments,0.974,SAFE
EXP-003,FraudRisk-v14,EXP-003-TX-0037,customer_risk_score,2026-01-05T15:00:00,2026-01-05T14:39:00,risk_engine,0.974,SAFE
EXP-003,FraudRisk-v14,EXP-003-TX-0037,merchant_risk_score,2026-01-05T15:00:00,2026-01-05T14:53:00,merchant_risk,0.974,SAFE
EXP-003,FraudRisk-v14,EXP-003-TX-0037,device_risk_score,2026-01-05T15:00:00,2026-01-05T14:40:00,device_intelligence,0.974,SAFE
EXP-003,FraudRisk-v14,EXP-003-TX-0037,transaction_velocity,2026-01-05T15:00:00,2026-01-05T14:51:00,payments,0.974,SAFE
EXP-003,FraudRisk-v14,EXP-003-TX-0037,claim_final_status,2026-01-05T15:00:00,2026-01-11T12:00:00,payments,0.974,LEAKAGE
EXP-003,FraudRisk-v14,EXP-003-TX-0038,transaction_amount,2026-01-05T18:00:00,2026-01-05T17:35:00,payments,0.974,SAFE
EXP-003,FraudRisk-v14,EXP-003-TX-0038,customer_risk_score,2026-01-05T18:00:00,2026-01-05T17:36:00,risk_engine,0.974,SAFE
EXP-003,FraudRisk-v14,EXP-003-TX-0038,merchant_risk_score,2026-01-05T18:00:00,2026-01-05T17:35:00,merchant_risk,0.974,SAFE
EXP-003,FraudRisk-v14,EXP-003-TX-0038,device_risk_score,2026-01-05T18:00:00,2026-01-05T17:38:00,device_intelligence,0.974,SAFE
EXP-003,FraudRisk-v14,EXP-003-TX-0038,transaction_velocity,2026-01-05T18:00:00,2026-01-05T17:38:00,payments,0.974,SAFE
EXP-003,FraudRisk-v14,EXP-003-TX-0038,claim_final_status,2026-01-05T18:00:00,2026-01-10T22:00:00,payments,0.974,LEAKAGE
EXP-003,FraudRisk-v14,EXP-003-TX-0039,transaction_amount,2026-01-05T21:00:00,2026-01-05T20:39:00,payments,0.974,SAFE
EXP-003,FraudRisk-v14,EXP-003-TX-0039,customer_risk_score,2026-01-05T21:00:00,2026-01-05T20:56:00,risk_engine,0.974,SAFE
EXP-003,FraudRisk-v14,EXP-003-TX-0039,merchant_risk_score,2026-01-05T21:00:00,2026-01-05T20:31:00,merchant_risk,0.974,SAFE
EXP-003,FraudRisk-v14,EXP-003-TX-0039,device_risk_score,2026-01-05T21:00:00,2026-01-05T20:39:00,device_intelligence,0.974,SAFE
EXP-003,FraudRisk-v14,EXP-003-TX-0039,transaction_velocity,2026-01-05T21:00:00,2026-01-05T20:39:00,payments,0.974,SAFE
EXP-003,FraudRisk-v14,EXP-003-TX-0039,claim_final_status,2026-01-05T21:00:00,2026-01-10T22:00:00,payments,0.974,LEAKAGE
EXP-003,FraudRisk-v14,EXP-003-TX-0040,transaction_amount,2026-01-06T00:00:00,2026-01-05T23:50:00,payments,0.974,SAFE
EXP-003,FraudRisk-v14,EXP-003-TX-0040,customer_risk_score,2026-01-06T00:00:00,2026-01-05T23:34:00,risk_engine,0.974,SAFE
EXP-003,FraudRisk-v14,EXP-003-TX-0040,merchant_risk_score,2026-01-06T00:00:00,2026-01-05T23:45:00,merchant_risk,0.974,SAFE
EXP-003,FraudRisk-v14,EXP-003-TX-0040,device_risk_score,2026-01-06T00:00:00,2026-01-05T23:58:00,device_intelligence,0.974,SAFE
EXP-003,FraudRisk-v14,EXP-003-TX-0040,transaction_velocity,2026-01-06T00:00:00,2026-01-05T23:41:00,payments,0.974,SAFE
EXP-003,FraudRisk-v14,EXP-003-TX-0040,claim_final_status,2026-01-06T00:00:00,2026-01-11T11:00:00,payments,0.974,LEAKAGE
EXP-003,FraudRisk-v14,EXP-003-TX-0041,transaction_amount,2026-01-06T03:00:00,2026-01-06T02:36:00,payments,0.974,SAFE
EXP-003,FraudRisk-v14,EXP-003-TX-0041,customer_risk_score,2026-01-06T03:00:00,2026-01-06T02:55:00,risk_engine,0.974,SAFE
EXP-003,FraudRisk-v14,EXP-003-TX-0041,merchant_risk_score,2026-01-06T03:00:00,2026-01-06T02:57:00,merchant_risk,0.974,SAFE
EXP-003,FraudRisk-v14,EXP-003-TX-0041,device_risk_score,2026-01-06T03:00:00,2026-01-06T02:30:00,device_intelligence,0.974,SAFE
EXP-003,FraudRisk-v14,EXP-003-TX-0041,transaction_velocity,2026-01-06T03:00:00,2026-01-06T02:50:00,payments,0.974,SAFE
EXP-003,FraudRisk-v14,EXP-003-TX-0041,claim_final_status,2026-01-06T03:00:00,2026-01-11T13:00:00,payments,0.974,LEAKAGE
EXP-003,FraudRisk-v14,EXP-003-TX-0042,transaction_amount,2026-01-06T06:00:00,2026-01-06T05:36:00,payments,0.974,SAFE
EXP-003,FraudRisk-v14,EXP-003-TX-0042,customer_risk_score,2026-01-06T06:00:00,2026-01-06T05:46:00,risk_engine,0.974,SAFE
EXP-003,FraudRisk-v14,EXP-003-TX-0042,merchant_risk_score,2026-01-06T06:00:00,2026-01-06T05:54:00,merchant_risk,0.974,SAFE
EXP-003,FraudRisk-v14,EXP-003-TX-0042,device_risk_score,2026-01-06T06:00:00,2026-01-06T05:53:00,device_intelligence,0.974,SAFE
EXP-003,FraudRisk-v14,EXP-003-TX-0042,transaction_velocity,2026-01-06T06:00:00,2026-01-06T05:55:00,payments,0.974,SAFE
EXP-003,FraudRisk-v14,EXP-003-TX-0042,claim_final_status,2026-01-06T06:00:00,2026-01-11T23:00:00,payments,0.974,LEAKAGE
EXP-003,FraudRisk-v14,EXP-003-TX-0043,transaction_amount,2026-01-06T09:00:00,2026-01-06T08:31:00,payments,0.974,SAFE
EXP-003,FraudRisk-v14,EXP-003-TX-0043,customer_risk_score,2026-01-06T09:00:00,2026-01-06T08:48:00,risk_engine,0.974,SAFE
EXP-003,FraudRisk-v14,EXP-003-TX-0043,merchant_risk_score,2026-01-06T09:00:00,2026-01-06T08:43:00,merchant_risk,0.974,SAFE
EXP-003,FraudRisk-v14,EXP-003-TX-0043,device_risk_score,2026-01-06T09:00:00,2026-01-06T08:43:00,device_intelligence,0.974,SAFE
EXP-003,FraudRisk-v14,EXP-003-TX-0043,transaction_velocity,2026-01-06T09:00:00,2026-01-06T08:30:00,payments,0.974,SAFE
EXP-003,FraudRisk-v14,EXP-003-TX-0043,claim_final_status,2026-01-06T09:00:00,2026-01-11T17:00:00,payments,0.974,LEAKAGE
EXP-003,FraudRisk-v14,EXP-003-TX-0044,transaction_amount,2026-01-06T12:00:00,2026-01-06T11:33:00,payments,0.974,SAFE
EXP-003,FraudRisk-v14,EXP-003-TX-0044,customer_risk_score,2026-01-06T12:00:00,2026-01-06T11:54:00,risk_engine,0.974,SAFE
EXP-003,FraudRisk-v14,EXP-003-TX-0044,merchant_risk_score,2026-01-06T12:00:00,2026-01-06T11:51:00,merchant_risk,0.974,SAFE
EXP-003,FraudRisk-v14,EXP-003-TX-0044,device_risk_score,2026-01-06T12:00:00,2026-01-06T11:30:00,device_intelligence,0.974,SAFE
EXP-003,FraudRisk-v14,EXP-003-TX-0044,transaction_velocity,2026-01-06T12:00:00,2026-01-06T11:33:00,payments,0.974,SAFE
EXP-003,FraudRisk-v14,EXP-003-TX-0044,claim_final_status,2026-01-06T12:00:00,2026-01-12T03:00:00,payments,0.974,LEAKAGE
EXP-003,FraudRisk-v14,EXP-003-TX-0045,transaction_amount,2026-01-06T15:00:00,2026-01-06T14:34:00,payments,0.974,SAFE
EXP-003,FraudRisk-v14,EXP-003-TX-0045,customer_risk_score,2026-01-06T15:00:00,2026-01-06T14:50:00,risk_engine,0.974,SAFE
EXP-003,FraudRisk-v14,EXP-003-TX-0045,merchant_risk_score,2026-01-06T15:00:00,2026-01-06T14:36:00,merchant_risk,0.974,SAFE
EXP-003,FraudRisk-v14,EXP-003-TX-0045,device_risk_score,2026-01-06T15:00:00,2026-01-06T14:32:00,device_intelligence,0.974,SAFE
EXP-003,FraudRisk-v14,EXP-003-TX-0045,transaction_velocity,2026-01-06T15:00:00,2026-01-06T14:49:00,payments,0.974,SAFE
EXP-003,FraudRisk-v14,EXP-003-TX-0045,claim_final_status,2026-01-06T15:00:00,2026-01-11T18:00:00,payments,0.974,LEAKAGE
EXP-003,FraudRisk-v14,EXP-003-TX-0046,transaction_amount,2026-01-06T18:00:00,2026-01-06T17:45:00,payments,0.974,SAFE
EXP-003,FraudRisk-v14,EXP-003-TX-0046,customer_risk_score,2026-01-06T18:00:00,2026-01-06T17:57:00,risk_engine,0.974,SAFE
EXP-003,FraudRisk-v14,EXP-003-TX-0046,merchant_risk_score,2026-01-06T18:00:00,2026-01-06T17:55:00,merchant_risk,0.974,SAFE
EXP-003,FraudRisk-v14,EXP-003-TX-0046,device_risk_score,2026-01-06T18:00:00,2026-01-06T17:35:00,device_intelligence,0.974,SAFE
EXP-003,FraudRisk-v14,EXP-003-TX-0046,transaction_velocity,2026-01-06T18:00:00,2026-01-06T17:52:00,payments,0.974,SAFE
EXP-003,FraudRisk-v14,EXP-003-TX-0046,claim_final_status,2026-01-06T18:00:00,2026-01-12T15:00:00,payments,0.974,LEAKAGE
EXP-003,FraudRisk-v14,EXP-003-TX-0047,transaction_amount,2026-01-06T21:00:00,2026-01-06T20:36:00,payments,0.974,SAFE
EXP-003,FraudRisk-v14,EXP-003-TX-0047,customer_risk_score,2026-01-06T21:00:00,2026-01-06T20:38:00,risk_engine,0.974,SAFE
EXP-003,FraudRisk-v14,EXP-003-TX-0047,merchant_risk_score,2026-01-06T21:00:00,2026-01-06T20:47:00,merchant_risk,0.974,SAFE
EXP-003,FraudRisk-v14,EXP-003-TX-0047,device_risk_score,2026-01-06T21:00:00,2026-01-06T20:32:00,device_intelligence,0.974,SAFE
EXP-003,FraudRisk-v14,EXP-003-TX-0047,transaction_velocity,2026-01-06T21:00:00,2026-01-06T20:34:00,payments,0.974,SAFE
EXP-003,FraudRisk-v14,EXP-003-TX-0047,claim_final_status,2026-01-06T21:00:00,2026-01-12T14:00:00,payments,0.974,LEAKAGE
EXP-003,FraudRisk-v14,EXP-003-TX-0048,transaction_amount,2026-01-07T00:00:00,2026-01-06T23:48:00,payments,0.974,SAFE
EXP-003,FraudRisk-v14,EXP-003-TX-0048,customer_risk_score,2026-01-07T00:00:00,2026-01-06T23:57:00,risk_engine,0.974,SAFE
EXP-003,FraudRisk-v14,EXP-003-TX-0048,merchant_risk_score,2026-01-07T00:00:00,2026-01-06T23:34:00,merchant_risk,0.974,SAFE
EXP-003,FraudRisk-v14,EXP-003-TX-0048,device_risk_score,2026-01-07T00:00:00,2026-01-06T23:47:00,device_intelligence,0.974,SAFE
EXP-003,FraudRisk-v14,EXP-003-TX-0048,transaction_velocity,2026-01-07T00:00:00,2026-01-06T23:59:00,payments,0.974,SAFE
EXP-003,FraudRisk-v14,EXP-003-TX-0048,claim_final_status,2026-01-07T00:00:00,2026-01-12T08:00:00,payments,0.974,LEAKAGE
EXP-003,FraudRisk-v14,EXP-003-TX-0049,transaction_amount,2026-01-07T03:00:00,2026-01-07T02:42:00,payments,0.974,SAFE
EXP-003,FraudRisk-v14,EXP-003-TX-0049,customer_risk_score,2026-01-07T03:00:00,2026-01-07T02:56:00,risk_engine,0.974,SAFE
EXP-003,FraudRisk-v14,EXP-003-TX-0049,merchant_risk_score,2026-01-07T03:00:00,2026-01-07T02:45:00,merchant_risk,0.974,SAFE
EXP-003,FraudRisk-v14,EXP-003-TX-0049,device_risk_score,2026-01-07T03:00:00,2026-01-07T02:48:00,device_intelligence,0.974,SAFE
EXP-003,FraudRisk-v14,EXP-003-TX-0049,transaction_velocity,2026-01-07T03:00:00,2026-01-07T02:38:00,payments,0.974,SAFE
EXP-003,FraudRisk-v14,EXP-003-TX-0049,claim_final_status,2026-01-07T03:00:00,2026-01-13T02:00:00,payments,0.974,LEAKAGE
EXP-003,FraudRisk-v14,EXP-003-TX-0050,transaction_amount,2026-01-07T06:00:00,2026-01-07T05:38:00,payments,0.974,SAFE
EXP-003,FraudRisk-v14,EXP-003-TX-0050,customer_risk_score,2026-01-07T06:00:00,2026-01-07T05:51:00,risk_engine,0.974,SAFE
EXP-003,FraudRisk-v14,EXP-003-TX-0050,merchant_risk_score,2026-01-07T06:00:00,2026-01-07T05:41:00,merchant_risk,0.974,SAFE
EXP-003,FraudRisk-v14,EXP-003-TX-0050,device_risk_score,2026-01-07T06:00:00,2026-01-07T05:47:00,device_intelligence,0.974,SAFE
EXP-003,FraudRisk-v14,EXP-003-TX-0050,transaction_velocity,2026-01-07T06:00:00,2026-01-07T05:33:00,payments,0.974,SAFE
EXP-003,FraudRisk-v14,EXP-003-TX-0050,claim_final_status,2026-01-07T06:00:00,2026-01-13T02:00:00,payments,0.974,LEAKAGE
EXP-003,FraudRisk-v14,EXP-003-TX-0051,transaction_amount,2026-01-07T09:00:00,2026-01-07T08:48:00,payments,0.974,SAFE
EXP-003,FraudRisk-v14,EXP-003-TX-0051,customer_risk_score,2026-01-07T09:00:00,2026-01-07T08:56:00,risk_engine,0.974,SAFE
EXP-003,FraudRisk-v14,EXP-003-TX-0051,merchant_risk_score,2026-01-07T09:00:00,2026-01-07T08:38:00,merchant_risk,0.974,SAFE
EXP-003,FraudRisk-v14,EXP-003-TX-0051,device_risk_score,2026-01-07T09:00:00,2026-01-07T08:52:00,device_intelligence,0.974,SAFE
EXP-003,FraudRisk-v14,EXP-003-TX-0051,transaction_velocity,2026-01-07T09:00:00,2026-01-07T08:44:00,payments,0.974,SAFE
EXP-003,FraudRisk-v14,EXP-003-TX-0051,claim_final_status,2026-01-07T09:00:00,2026-01-12T09:00:00,payments,0.974,LEAKAGE
EXP-003,FraudRisk-v14,EXP-003-TX-0052,transaction_amount,2026-01-07T12:00:00,2026-01-07T11:40:00,payments,0.974,SAFE
EXP-003,FraudRisk-v14,EXP-003-TX-0052,customer_risk_score,2026-01-07T12:00:00,2026-01-07T11:31:00,risk_engine,0.974,SAFE
EXP-003,FraudRisk-v14,EXP-003-TX-0052,merchant_risk_score,2026-01-07T12:00:00,2026-01-07T11:42:00,merchant_risk,0.974,SAFE
EXP-003,FraudRisk-v14,EXP-003-TX-0052,device_risk_score,2026-01-07T12:00:00,2026-01-07T11:49:00,device_intelligence,0.974,SAFE
EXP-003,FraudRisk-v14,EXP-003-TX-0052,transaction_velocity,2026-01-07T12:00:00,2026-01-07T11:30:00,payments,0.974,SAFE
EXP-003,FraudRisk-v14,EXP-003-TX-0052,claim_final_status,2026-01-07T12:00:00,2026-01-13T07:00:00,payments,0.974,LEAKAGE
EXP-003,FraudRisk-v14,EXP-003-TX-0053,transaction_amount,2026-01-07T15:00:00,2026-01-07T14:52:00,payments,0.974,SAFE
EXP-003,FraudRisk-v14,EXP-003-TX-0053,customer_risk_score,2026-01-07T15:00:00,2026-01-07T14:39:00,risk_engine,0.974,SAFE
EXP-003,FraudRisk-v14,EXP-003-TX-0053,merchant_risk_score,2026-01-07T15:00:00,2026-01-07T14:57:00,merchant_risk,0.974,SAFE
EXP-003,FraudRisk-v14,EXP-003-TX-0053,device_risk_score,2026-01-07T15:00:00,2026-01-07T14:39:00,device_intelligence,0.974,SAFE
EXP-003,FraudRisk-v14,EXP-003-TX-0053,transaction_velocity,2026-01-07T15:00:00,2026-01-07T14:33:00,payments,0.974,SAFE
EXP-003,FraudRisk-v14,EXP-003-TX-0053,claim_final_status,2026-01-07T15:00:00,2026-01-13T05:00:00,payments,0.974,LEAKAGE
EXP-003,FraudRisk-v14,EXP-003-TX-0054,transaction_amount,2026-01-07T18:00:00,2026-01-07T17:30:00,payments,0.974,SAFE
EXP-003,FraudRisk-v14,EXP-003-TX-0054,customer_risk_score,2026-01-07T18:00:00,2026-01-07T17:37:00,risk_engine,0.974,SAFE
EXP-003,FraudRisk-v14,EXP-003-TX-0054,merchant_risk_score,2026-01-07T18:00:00,2026-01-07T17:50:00,merchant_risk,0.974,SAFE
EXP-003,FraudRisk-v14,EXP-003-TX-0054,device_risk_score,2026-01-07T18:00:00,2026-01-07T17:39:00,device_intelligence,0.974,SAFE
EXP-003,FraudRisk-v14,EXP-003-TX-0054,transaction_velocity,2026-01-07T18:00:00,2026-01-07T17:46:00,payments,0.974,SAFE
EXP-003,FraudRisk-v14,EXP-003-TX-0054,claim_final_status,2026-01-07T18:00:00,2026-01-12T21:00:00,payments,0.974,LEAKAGE
EXP-003,FraudRisk-v14,EXP-003-TX-0055,transaction_amount,2026-01-07T21:00:00,2026-01-07T20:55:00,payments,0.974,SAFE
EXP-003,FraudRisk-v14,EXP-003-TX-0055,customer_risk_score,2026-01-07T21:00:00,2026-01-07T20:58:00,risk_engine,0.974,SAFE
EXP-003,FraudRisk-v14,EXP-003-TX-0055,merchant_risk_score,2026-01-07T21:00:00,2026-01-07T20:58:00,merchant_risk,0.974,SAFE
EXP-003,FraudRisk-v14,EXP-003-TX-0055,device_risk_score,2026-01-07T21:00:00,2026-01-07T20:50:00,device_intelligence,0.974,SAFE
EXP-003,FraudRisk-v14,EXP-003-TX-0055,transaction_velocity,2026-01-07T21:00:00,2026-01-07T20:44:00,payments,0.974,SAFE
EXP-003,FraudRisk-v14,EXP-003-TX-0055,claim_final_status,2026-01-07T21:00:00,2026-01-13T00:00:00,payments,0.974,LEAKAGE
EXP-003,FraudRisk-v14,EXP-003-TX-0056,transaction_amount,2026-01-08T00:00:00,2026-01-07T23:56:00,payments,0.974,SAFE
EXP-003,FraudRisk-v14,EXP-003-TX-0056,customer_risk_score,2026-01-08T00:00:00,2026-01-07T23:52:00,risk_engine,0.974,SAFE
EXP-003,FraudRisk-v14,EXP-003-TX-0056,merchant_risk_score,2026-01-08T00:00:00,2026-01-07T23:31:00,merchant_risk,0.974,SAFE
EXP-003,FraudRisk-v14,EXP-003-TX-0056,device_risk_score,2026-01-08T00:00:00,2026-01-07T23:42:00,device_intelligence,0.974,SAFE
EXP-003,FraudRisk-v14,EXP-003-TX-0056,transaction_velocity,2026-01-08T00:00:00,2026-01-07T23:55:00,payments,0.974,SAFE
EXP-003,FraudRisk-v14,EXP-003-TX-0056,claim_final_status,2026-01-08T00:00:00,2026-01-13T12:00:00,payments,0.974,LEAKAGE
EXP-003,FraudRisk-v14,EXP-003-TX-0057,transaction_amount,2026-01-08T03:00:00,2026-01-08T02:45:00,payments,0.974,SAFE
EXP-003,FraudRisk-v14,EXP-003-TX-0057,customer_risk_score,2026-01-08T03:00:00,2026-01-08T02:48:00,risk_engine,0.974,SAFE
EXP-003,FraudRisk-v14,EXP-003-TX-0057,merchant_risk_score,2026-01-08T03:00:00,2026-01-08T02:38:00,merchant_risk,0.974,SAFE
EXP-003,FraudRisk-v14,EXP-003-TX-0057,device_risk_score,2026-01-08T03:00:00,2026-01-08T02:36:00,device_intelligence,0.974,SAFE
EXP-003,FraudRisk-v14,EXP-003-TX-0057,transaction_velocity,2026-01-08T03:00:00,2026-01-08T02:37:00,payments,0.974,SAFE
EXP-003,FraudRisk-v14,EXP-003-TX-0057,claim_final_status,2026-01-08T03:00:00,2026-01-13T20:00:00,payments,0.974,LEAKAGE
EXP-003,FraudRisk-v14,EXP-003-TX-0058,transaction_amount,2026-01-08T06:00:00,2026-01-08T05:46:00,payments,0.974,SAFE
EXP-003,FraudRisk-v14,EXP-003-TX-0058,customer_risk_score,2026-01-08T06:00:00,2026-01-08T05:41:00,risk_engine,0.974,SAFE
EXP-003,FraudRisk-v14,EXP-003-TX-0058,merchant_risk_score,2026-01-08T06:00:00,2026-01-08T05:36:00,merchant_risk,0.974,SAFE
EXP-003,FraudRisk-v14,EXP-003-TX-0058,device_risk_score,2026-01-08T06:00:00,2026-01-08T05:36:00,device_intelligence,0.974,SAFE
EXP-003,FraudRisk-v14,EXP-003-TX-0058,transaction_velocity,2026-01-08T06:00:00,2026-01-08T05:55:00,payments,0.974,SAFE
EXP-003,FraudRisk-v14,EXP-003-TX-0058,claim_final_status,2026-01-08T06:00:00,2026-01-13T19:00:00,payments,0.974,LEAKAGE
EXP-003,FraudRisk-v14,EXP-003-TX-0059,transaction_amount,2026-01-08T09:00:00,2026-01-08T08:39:00,payments,0.974,SAFE
EXP-003,FraudRisk-v14,EXP-003-TX-0059,customer_risk_score,2026-01-08T09:00:00,2026-01-08T08:56:00,risk_engine,0.974,SAFE
EXP-003,FraudRisk-v14,EXP-003-TX-0059,merchant_risk_score,2026-01-08T09:00:00,2026-01-08T08:33:00,merchant_risk,0.974,SAFE
EXP-003,FraudRisk-v14,EXP-003-TX-0059,device_risk_score,2026-01-08T09:00:00,2026-01-08T08:44:00,device_intelligence,0.974,SAFE
EXP-003,FraudRisk-v14,EXP-003-TX-0059,transaction_velocity,2026-01-08T09:00:00,2026-01-08T08:40:00,payments,0.974,SAFE
EXP-003,FraudRisk-v14,EXP-003-TX-0059,claim_final_status,2026-01-08T09:00:00,2026-01-13T22:00:00,payments,0.974,LEAKAGE
EXP-003,FraudRisk-v14,EXP-003-TX-0060,transaction_amount,2026-01-08T12:00:00,2026-01-08T11:51:00,payments,0.974,SAFE
EXP-003,FraudRisk-v14,EXP-003-TX-0060,customer_risk_score,2026-01-08T12:00:00,2026-01-08T11:58:00,risk_engine,0.974,SAFE
EXP-003,FraudRisk-v14,EXP-003-TX-0060,merchant_risk_score,2026-01-08T12:00:00,2026-01-08T11:37:00,merchant_risk,0.974,SAFE
EXP-003,FraudRisk-v14,EXP-003-TX-0060,device_risk_score,2026-01-08T12:00:00,2026-01-08T11:48:00,device_intelligence,0.974,SAFE
EXP-003,FraudRisk-v14,EXP-003-TX-0060,transaction_velocity,2026-01-08T12:00:00,2026-01-08T11:53:00,payments,0.974,SAFE
EXP-003,FraudRisk-v14,EXP-003-TX-0060,claim_final_status,2026-01-08T12:00:00,2026-01-14T02:00:00,payments,0.974,LEAKAGE
EXP-003,FraudRisk-v14,EXP-003-TX-0061,transaction_amount,2026-01-08T15:00:00,2026-01-08T14:45:00,payments,0.974,SAFE
EXP-003,FraudRisk-v14,EXP-003-TX-0061,customer_risk_score,2026-01-08T15:00:00,2026-01-08T14:52:00,risk_engine,0.974,SAFE
EXP-003,FraudRisk-v14,EXP-003-TX-0061,merchant_risk_score,2026-01-08T15:00:00,2026-01-08T14:32:00,merchant_risk,0.974,SAFE
EXP-003,FraudRisk-v14,EXP-003-TX-0061,device_risk_score,2026-01-08T15:00:00,2026-01-08T14:48:00,device_intelligence,0.974,SAFE
EXP-003,FraudRisk-v14,EXP-003-TX-0061,transaction_velocity,2026-01-08T15:00:00,2026-01-08T14:56:00,payments,0.974,SAFE
EXP-003,FraudRisk-v14,EXP-003-TX-0061,claim_final_status,2026-01-08T15:00:00,2026-01-14T12:00:00,payments,0.974,LEAKAGE
EXP-003,FraudRisk-v14,EXP-003-TX-0062,transaction_amount,2026-01-08T18:00:00,2026-01-08T17:48:00,payments,0.974,SAFE
EXP-003,FraudRisk-v14,EXP-003-TX-0062,customer_risk_score,2026-01-08T18:00:00,2026-01-08T17:42:00,risk_engine,0.974,SAFE
EXP-003,FraudRisk-v14,EXP-003-TX-0062,merchant_risk_score,2026-01-08T18:00:00,2026-01-08T17:31:00,merchant_risk,0.974,SAFE
EXP-003,FraudRisk-v14,EXP-003-TX-0062,device_risk_score,2026-01-08T18:00:00,2026-01-08T17:39:00,device_intelligence,0.974,SAFE
EXP-003,FraudRisk-v14,EXP-003-TX-0062,transaction_velocity,2026-01-08T18:00:00,2026-01-08T17:48:00,payments,0.974,SAFE
EXP-003,FraudRisk-v14,EXP-003-TX-0062,claim_final_status,2026-01-08T18:00:00,2026-01-13T19:00:00,payments,0.974,LEAKAGE
EXP-003,FraudRisk-v14,EXP-003-TX-0063,transaction_amount,2026-01-08T21:00:00,2026-01-08T20:47:00,payments,0.974,SAFE
EXP-003,FraudRisk-v14,EXP-003-TX-0063,customer_risk_score,2026-01-08T21:00:00,2026-01-08T20:51:00,risk_engine,0.974,SAFE
EXP-003,FraudRisk-v14,EXP-003-TX-0063,merchant_risk_score,2026-01-08T21:00:00,2026-01-08T20:53:00,merchant_risk,0.974,SAFE
EXP-003,FraudRisk-v14,EXP-003-TX-0063,device_risk_score,2026-01-08T21:00:00,2026-01-08T20:56:00,device_intelligence,0.974,SAFE
EXP-003,FraudRisk-v14,EXP-003-TX-0063,transaction_velocity,2026-01-08T21:00:00,2026-01-08T20:32:00,payments,0.974,SAFE
EXP-003,FraudRisk-v14,EXP-003-TX-0063,claim_final_status,2026-01-08T21:00:00,2026-01-14T11:00:00,payments,0.974,LEAKAGE
EXP-003,FraudRisk-v14,EXP-003-TX-0064,transaction_amount,2026-01-09T00:00:00,2026-01-08T23:57:00,payments,0.974,SAFE
EXP-003,FraudRisk-v14,EXP-003-TX-0064,customer_risk_score,2026-01-09T00:00:00,2026-01-08T23:38:00,risk_engine,0.974,SAFE
EXP-003,FraudRisk-v14,EXP-003-TX-0064,merchant_risk_score,2026-01-09T00:00:00,2026-01-08T23:53:00,merchant_risk,0.974,SAFE
EXP-003,FraudRisk-v14,EXP-003-TX-0064,device_risk_score,2026-01-09T00:00:00,2026-01-08T23:39:00,device_intelligence,0.974,SAFE
EXP-003,FraudRisk-v14,EXP-003-TX-0064,transaction_velocity,2026-01-09T00:00:00,2026-01-08T23:39:00,payments,0.974,SAFE
EXP-003,FraudRisk-v14,EXP-003-TX-0064,claim_final_status,2026-01-09T00:00:00,2026-01-14T19:00:00,payments,0.974,LEAKAGE
EXP-003,FraudRisk-v14,EXP-003-TX-0065,transaction_amount,2026-01-09T03:00:00,2026-01-09T02:59:00,payments,0.974,SAFE
EXP-003,FraudRisk-v14,EXP-003-TX-0065,customer_risk_score,2026-01-09T03:00:00,2026-01-09T02:58:00,risk_engine,0.974,SAFE
EXP-003,FraudRisk-v14,EXP-003-TX-0065,merchant_risk_score,2026-01-09T03:00:00,2026-01-09T02:34:00,merchant_risk,0.974,SAFE
EXP-003,FraudRisk-v14,EXP-003-TX-0065,device_risk_score,2026-01-09T03:00:00,2026-01-09T02:49:00,device_intelligence,0.974,SAFE
EXP-003,FraudRisk-v14,EXP-003-TX-0065,transaction_velocity,2026-01-09T03:00:00,2026-01-09T02:52:00,payments,0.974,SAFE
EXP-003,FraudRisk-v14,EXP-003-TX-0065,claim_final_status,2026-01-09T03:00:00,2026-01-14T07:00:00,payments,0.974,LEAKAGE
EXP-003,FraudRisk-v14,EXP-003-TX-0066,transaction_amount,2026-01-09T06:00:00,2026-01-09T05:34:00,payments,0.974,SAFE
EXP-003,FraudRisk-v14,EXP-003-TX-0066,customer_risk_score,2026-01-09T06:00:00,2026-01-09T05:41:00,risk_engine,0.974,SAFE
EXP-003,FraudRisk-v14,EXP-003-TX-0066,merchant_risk_score,2026-01-09T06:00:00,2026-01-09T05:53:00,merchant_risk,0.974,SAFE
EXP-003,FraudRisk-v14,EXP-003-TX-0066,device_risk_score,2026-01-09T06:00:00,2026-01-09T05:57:00,device_intelligence,0.974,SAFE
EXP-003,FraudRisk-v14,EXP-003-TX-0066,transaction_velocity,2026-01-09T06:00:00,2026-01-09T05:33:00,payments,0.974,SAFE
EXP-003,FraudRisk-v14,EXP-003-TX-0066,claim_final_status,2026-01-09T06:00:00,2026-01-14T23:00:00,payments,0.974,LEAKAGE
EXP-003,FraudRisk-v14,EXP-003-TX-0067,transaction_amount,2026-01-09T09:00:00,2026-01-09T08:53:00,payments,0.974,SAFE
EXP-003,FraudRisk-v14,EXP-003-TX-0067,customer_risk_score,2026-01-09T09:00:00,2026-01-09T08:41:00,risk_engine,0.974,SAFE
EXP-003,FraudRisk-v14,EXP-003-TX-0067,merchant_risk_score,2026-01-09T09:00:00,2026-01-09T08:53:00,merchant_risk,0.974,SAFE
EXP-003,FraudRisk-v14,EXP-003-TX-0067,device_risk_score,2026-01-09T09:00:00,2026-01-09T08:33:00,device_intelligence,0.974,SAFE
EXP-003,FraudRisk-v14,EXP-003-TX-0067,transaction_velocity,2026-01-09T09:00:00,2026-01-09T08:32:00,payments,0.974,SAFE
EXP-003,FraudRisk-v14,EXP-003-TX-0067,claim_final_status,2026-01-09T09:00:00,2026-01-14T16:00:00,payments,0.974,LEAKAGE
EXP-003,FraudRisk-v14,EXP-003-TX-0068,transaction_amount,2026-01-09T12:00:00,2026-01-09T11:49:00,payments,0.974,SAFE
EXP-003,FraudRisk-v14,EXP-003-TX-0068,customer_risk_score,2026-01-09T12:00:00,2026-01-09T11:35:00,risk_engine,0.974,SAFE
EXP-003,FraudRisk-v14,EXP-003-TX-0068,merchant_risk_score,2026-01-09T12:00:00,2026-01-09T11:55:00,merchant_risk,0.974,SAFE
EXP-003,FraudRisk-v14,EXP-003-TX-0068,device_risk_score,2026-01-09T12:00:00,2026-01-09T11:34:00,device_intelligence,0.974,SAFE
EXP-003,FraudRisk-v14,EXP-003-TX-0068,transaction_velocity,2026-01-09T12:00:00,2026-01-09T11:31:00,payments,0.974,SAFE
EXP-003,FraudRisk-v14,EXP-003-TX-0068,claim_final_status,2026-01-09T12:00:00,2026-01-15T07:00:00,payments,0.974,LEAKAGE
EXP-003,FraudRisk-v14,EXP-003-TX-0069,transaction_amount,2026-01-09T15:00:00,2026-01-09T14:59:00,payments,0.974,SAFE
EXP-003,FraudRisk-v14,EXP-003-TX-0069,customer_risk_score,2026-01-09T15:00:00,2026-01-09T14:51:00,risk_engine,0.974,SAFE
EXP-003,FraudRisk-v14,EXP-003-TX-0069,merchant_risk_score,2026-01-09T15:00:00,2026-01-09T14:32:00,merchant_risk,0.974,SAFE
EXP-003,FraudRisk-v14,EXP-003-TX-0069,device_risk_score,2026-01-09T15:00:00,2026-01-09T14:55:00,device_intelligence,0.974,SAFE
EXP-003,FraudRisk-v14,EXP-003-TX-0069,transaction_velocity,2026-01-09T15:00:00,2026-01-09T14:55:00,payments,0.974,SAFE
EXP-003,FraudRisk-v14,EXP-003-TX-0069,claim_final_status,2026-01-09T15:00:00,2026-01-15T08:00:00,payments,0.974,LEAKAGE
EXP-003,FraudRisk-v14,EXP-003-TX-0070,transaction_amount,2026-01-09T18:00:00,2026-01-09T17:51:00,payments,0.974,SAFE
EXP-003,FraudRisk-v14,EXP-003-TX-0070,customer_risk_score,2026-01-09T18:00:00,2026-01-09T17:34:00,risk_engine,0.974,SAFE
EXP-003,FraudRisk-v14,EXP-003-TX-0070,merchant_risk_score,2026-01-09T18:00:00,2026-01-09T17:54:00,merchant_risk,0.974,SAFE
EXP-003,FraudRisk-v14,EXP-003-TX-0070,device_risk_score,2026-01-09T18:00:00,2026-01-09T17:56:00,device_intelligence,0.974,SAFE
EXP-003,FraudRisk-v14,EXP-003-TX-0070,transaction_velocity,2026-01-09T18:00:00,2026-01-09T17:38:00,payments,0.974,SAFE
EXP-003,FraudRisk-v14,EXP-003-TX-0070,claim_final_status,2026-01-09T18:00:00,2026-01-14T18:00:00,payments,0.974,LEAKAGE
EXP-003,FraudRisk-v14,EXP-003-TX-0071,transaction_amount,2026-01-09T21:00:00,2026-01-09T20:55:00,payments,0.974,SAFE
EXP-003,FraudRisk-v14,EXP-003-TX-0071,customer_risk_score,2026-01-09T21:00:00,2026-01-09T20:59:00,risk_engine,0.974,SAFE
EXP-003,FraudRisk-v14,EXP-003-TX-0071,merchant_risk_score,2026-01-09T21:00:00,2026-01-09T20:48:00,merchant_risk,0.974,SAFE
EXP-003,FraudRisk-v14,EXP-003-TX-0071,device_risk_score,2026-01-09T21:00:00,2026-01-09T20:34:00,device_intelligence,0.974,SAFE
EXP-003,FraudRisk-v14,EXP-003-TX-0071,transaction_velocity,2026-01-09T21:00:00,2026-01-09T20:34:00,payments,0.974,SAFE
EXP-003,FraudRisk-v14,EXP-003-TX-0071,claim_final_status,2026-01-09T21:00:00,2026-01-15T04:00:00,payments,0.974,LEAKAGE
EXP-003,FraudRisk-v14,EXP-003-TX-0072,transaction_amount,2026-01-10T00:00:00,2026-01-09T23:41:00,payments,0.974,SAFE
EXP-003,FraudRisk-v14,EXP-003-TX-0072,customer_risk_score,2026-01-10T00:00:00,2026-01-09T23:49:00,risk_engine,0.974,SAFE
EXP-003,FraudRisk-v14,EXP-003-TX-0072,merchant_risk_score,2026-01-10T00:00:00,2026-01-09T23:59:00,merchant_risk,0.974,SAFE
EXP-003,FraudRisk-v14,EXP-003-TX-0072,device_risk_score,2026-01-10T00:00:00,2026-01-09T23:54:00,device_intelligence,0.974,SAFE
EXP-003,FraudRisk-v14,EXP-003-TX-0072,transaction_velocity,2026-01-10T00:00:00,2026-01-09T23:51:00,payments,0.974,SAFE
EXP-003,FraudRisk-v14,EXP-003-TX-0072,claim_final_status,2026-01-10T00:00:00,2026-01-15T01:00:00,payments,0.974,LEAKAGE
EXP-003,FraudRisk-v14,EXP-003-TX-0073,transaction_amount,2026-01-10T03:00:00,2026-01-10T02:55:00,payments,0.974,SAFE
EXP-003,FraudRisk-v14,EXP-003-TX-0073,customer_risk_score,2026-01-10T03:00:00,2026-01-10T02:36:00,risk_engine,0.974,SAFE
EXP-003,FraudRisk-v14,EXP-003-TX-0073,merchant_risk_score,2026-01-10T03:00:00,2026-01-10T02:46:00,merchant_risk,0.974,SAFE
EXP-003,FraudRisk-v14,EXP-003-TX-0073,device_risk_score,2026-01-10T03:00:00,2026-01-10T02:43:00,device_intelligence,0.974,SAFE
EXP-003,FraudRisk-v14,EXP-003-TX-0073,transaction_velocity,2026-01-10T03:00:00,2026-01-10T02:56:00,payments,0.974,SAFE
EXP-003,FraudRisk-v14,EXP-003-TX-0073,claim_final_status,2026-01-10T03:00:00,2026-01-16T02:00:00,payments,0.974,LEAKAGE
EXP-003,FraudRisk-v14,EXP-003-TX-0074,transaction_amount,2026-01-10T06:00:00,2026-01-10T05:57:00,payments,0.974,SAFE
EXP-003,FraudRisk-v14,EXP-003-TX-0074,customer_risk_score,2026-01-10T06:00:00,2026-01-10T05:44:00,risk_engine,0.974,SAFE
EXP-003,FraudRisk-v14,EXP-003-TX-0074,merchant_risk_score,2026-01-10T06:00:00,2026-01-10T05:45:00,merchant_risk,0.974,SAFE
EXP-003,FraudRisk-v14,EXP-003-TX-0074,device_risk_score,2026-01-10T06:00:00,2026-01-10T05:35:00,device_intelligence,0.974,SAFE
EXP-003,FraudRisk-v14,EXP-003-TX-0074,transaction_velocity,2026-01-10T06:00:00,2026-01-10T05:48:00,payments,0.974,SAFE
EXP-003,FraudRisk-v14,EXP-003-TX-0074,claim_final_status,2026-01-10T06:00:00,2026-01-15T22:00:00,payments,0.974,LEAKAGE
EXP-003,FraudRisk-v14,EXP-003-TX-0075,transaction_amount,2026-01-10T09:00:00,2026-01-10T08:41:00,payments,0.974,SAFE
EXP-003,FraudRisk-v14,EXP-003-TX-0075,customer_risk_score,2026-01-10T09:00:00,2026-01-10T08:56:00,risk_engine,0.974,SAFE
EXP-003,FraudRisk-v14,EXP-003-TX-0075,merchant_risk_score,2026-01-10T09:00:00,2026-01-10T08:45:00,merchant_risk,0.974,SAFE
EXP-003,FraudRisk-v14,EXP-003-TX-0075,device_risk_score,2026-01-10T09:00:00,2026-01-10T08:43:00,device_intelligence,0.974,SAFE
EXP-003,FraudRisk-v14,EXP-003-TX-0075,transaction_velocity,2026-01-10T09:00:00,2026-01-10T08:52:00,payments,0.974,SAFE
EXP-003,FraudRisk-v14,EXP-003-TX-0075,claim_final_status,2026-01-10T09:00:00,2026-01-16T04:00:00,payments,0.974,LEAKAGE
EXP-003,FraudRisk-v14,EXP-003-TX-0076,transaction_amount,2026-01-10T12:00:00,2026-01-10T11:58:00,payments,0.974,SAFE
EXP-003,FraudRisk-v14,EXP-003-TX-0076,customer_risk_score,2026-01-10T12:00:00,2026-01-10T11:36:00,risk_engine,0.974,SAFE
EXP-003,FraudRisk-v14,EXP-003-TX-0076,merchant_risk_score,2026-01-10T12:00:00,2026-01-10T11:34:00,merchant_risk,0.974,SAFE
EXP-003,FraudRisk-v14,EXP-003-TX-0076,device_risk_score,2026-01-10T12:00:00,2026-01-10T11:30:00,device_intelligence,0.974,SAFE
EXP-003,FraudRisk-v14,EXP-003-TX-0076,transaction_velocity,2026-01-10T12:00:00,2026-01-10T11:32:00,payments,0.974,SAFE
EXP-003,FraudRisk-v14,EXP-003-TX-0076,claim_final_status,2026-01-10T12:00:00,2026-01-16T09:00:00,payments,0.974,LEAKAGE
EXP-003,FraudRisk-v14,EXP-003-TX-0077,transaction_amount,2026-01-10T15:00:00,2026-01-10T14:43:00,payments,0.974,SAFE
EXP-003,FraudRisk-v14,EXP-003-TX-0077,customer_risk_score,2026-01-10T15:00:00,2026-01-10T14:50:00,risk_engine,0.974,SAFE
EXP-003,FraudRisk-v14,EXP-003-TX-0077,merchant_risk_score,2026-01-10T15:00:00,2026-01-10T14:45:00,merchant_risk,0.974,SAFE
EXP-003,FraudRisk-v14,EXP-003-TX-0077,device_risk_score,2026-01-10T15:00:00,2026-01-10T14:39:00,device_intelligence,0.974,SAFE
EXP-003,FraudRisk-v14,EXP-003-TX-0077,transaction_velocity,2026-01-10T15:00:00,2026-01-10T14:59:00,payments,0.974,SAFE
EXP-003,FraudRisk-v14,EXP-003-TX-0077,claim_final_status,2026-01-10T15:00:00,2026-01-15T16:00:00,payments,0.974,LEAKAGE
EXP-003,FraudRisk-v14,EXP-003-TX-0078,transaction_amount,2026-01-10T18:00:00,2026-01-10T17:44:00,payments,0.974,SAFE
EXP-003,FraudRisk-v14,EXP-003-TX-0078,customer_risk_score,2026-01-10T18:00:00,2026-01-10T17:32:00,risk_engine,0.974,SAFE
EXP-003,FraudRisk-v14,EXP-003-TX-0078,merchant_risk_score,2026-01-10T18:00:00,2026-01-10T17:47:00,merchant_risk,0.974,SAFE
EXP-003,FraudRisk-v14,EXP-003-TX-0078,device_risk_score,2026-01-10T18:00:00,2026-01-10T17:46:00,device_intelligence,0.974,SAFE
EXP-003,FraudRisk-v14,EXP-003-TX-0078,transaction_velocity,2026-01-10T18:00:00,2026-01-10T17:38:00,payments,0.974,SAFE
EXP-003,FraudRisk-v14,EXP-003-TX-0078,claim_final_status,2026-01-10T18:00:00,2026-01-15T21:00:00,payments,0.974,LEAKAGE
EXP-003,FraudRisk-v14,EXP-003-TX-0079,transaction_amount,2026-01-10T21:00:00,2026-01-10T20:44:00,payments,0.974,SAFE
EXP-003,FraudRisk-v14,EXP-003-TX-0079,customer_risk_score,2026-01-10T21:00:00,2026-01-10T20:37:00,risk_engine,0.974,SAFE
EXP-003,FraudRisk-v14,EXP-003-TX-0079,merchant_risk_score,2026-01-10T21:00:00,2026-01-10T20:30:00,merchant_risk,0.974,SAFE
EXP-003,FraudRisk-v14,EXP-003-TX-0079,device_risk_score,2026-01-10T21:00:00,2026-01-10T20:45:00,device_intelligence,0.974,SAFE
EXP-003,FraudRisk-v14,EXP-003-TX-0079,transaction_velocity,2026-01-10T21:00:00,2026-01-10T20:57:00,payments,0.974,SAFE
EXP-003,FraudRisk-v14,EXP-003-TX-0079,claim_final_status,2026-01-10T21:00:00,2026-01-15T23:00:00,payments,0.974,LEAKAGE
EXP-003,FraudRisk-v14,EXP-003-TX-0080,transaction_amount,2026-01-11T00:00:00,2026-01-10T23:49:00,payments,0.974,SAFE
EXP-003,FraudRisk-v14,EXP-003-TX-0080,customer_risk_score,2026-01-11T00:00:00,2026-01-10T23:40:00,risk_engine,0.974,SAFE
EXP-003,FraudRisk-v14,EXP-003-TX-0080,merchant_risk_score,2026-01-11T00:00:00,2026-01-10T23:55:00,merchant_risk,0.974,SAFE
EXP-003,FraudRisk-v14,EXP-003-TX-0080,device_risk_score,2026-01-11T00:00:00,2026-01-10T23:57:00,device_intelligence,0.974,SAFE
EXP-003,FraudRisk-v14,EXP-003-TX-0080,transaction_velocity,2026-01-11T00:00:00,2026-01-10T23:55:00,payments,0.974,SAFE
EXP-003,FraudRisk-v14,EXP-003-TX-0080,claim_final_status,2026-01-11T00:00:00,2026-01-16T08:00:00,payments,0.974,LEAKAGE
EXP-003,FraudRisk-v14,EXP-003-TX-0081,transaction_amount,2026-01-11T03:00:00,2026-01-11T02:40:00,payments,0.974,SAFE
EXP-003,FraudRisk-v14,EXP-003-TX-0081,customer_risk_score,2026-01-11T03:00:00,2026-01-11T02:39:00,risk_engine,0.974,SAFE
EXP-003,FraudRisk-v14,EXP-003-TX-0081,merchant_risk_score,2026-01-11T03:00:00,2026-01-11T02:41:00,merchant_risk,0.974,SAFE
EXP-003,FraudRisk-v14,EXP-003-TX-0081,device_risk_score,2026-01-11T03:00:00,2026-01-11T02:42:00,device_intelligence,0.974,SAFE
EXP-003,FraudRisk-v14,EXP-003-TX-0081,transaction_velocity,2026-01-11T03:00:00,2026-01-11T02:37:00,payments,0.974,SAFE
EXP-003,FraudRisk-v14,EXP-003-TX-0081,claim_final_status,2026-01-11T03:00:00,2026-01-16T13:00:00,payments,0.974,LEAKAGE
EXP-003,FraudRisk-v14,EXP-003-TX-0082,transaction_amount,2026-01-11T06:00:00,2026-01-11T05:47:00,payments,0.974,SAFE
EXP-003,FraudRisk-v14,EXP-003-TX-0082,customer_risk_score,2026-01-11T06:00:00,2026-01-11T05:40:00,risk_engine,0.974,SAFE
EXP-003,FraudRisk-v14,EXP-003-TX-0082,merchant_risk_score,2026-01-11T06:00:00,2026-01-11T05:43:00,merchant_risk,0.974,SAFE
EXP-003,FraudRisk-v14,EXP-003-TX-0082,device_risk_score,2026-01-11T06:00:00,2026-01-11T05:50:00,device_intelligence,0.974,SAFE
EXP-003,FraudRisk-v14,EXP-003-TX-0082,transaction_velocity,2026-01-11T06:00:00,2026-01-11T05:45:00,payments,0.974,SAFE
EXP-003,FraudRisk-v14,EXP-003-TX-0082,claim_final_status,2026-01-11T06:00:00,2026-01-16T22:00:00,payments,0.974,LEAKAGE
EXP-003,FraudRisk-v14,EXP-003-TX-0083,transaction_amount,2026-01-11T09:00:00,2026-01-11T08:40:00,payments,0.974,SAFE
EXP-003,FraudRisk-v14,EXP-003-TX-0083,customer_risk_score,2026-01-11T09:00:00,2026-01-11T08:46:00,risk_engine,0.974,SAFE
EXP-003,FraudRisk-v14,EXP-003-TX-0083,merchant_risk_score,2026-01-11T09:00:00,2026-01-11T08:56:00,merchant_risk,0.974,SAFE
EXP-003,FraudRisk-v14,EXP-003-TX-0083,device_risk_score,2026-01-11T09:00:00,2026-01-11T08:34:00,device_intelligence,0.974,SAFE
EXP-003,FraudRisk-v14,EXP-003-TX-0083,transaction_velocity,2026-01-11T09:00:00,2026-01-11T08:37:00,payments,0.974,SAFE
EXP-003,FraudRisk-v14,EXP-003-TX-0083,claim_final_status,2026-01-11T09:00:00,2026-01-16T12:00:00,payments,0.974,LEAKAGE
EXP-003,FraudRisk-v14,EXP-003-TX-0084,transaction_amount,2026-01-11T12:00:00,2026-01-11T11:32:00,payments,0.974,SAFE
EXP-003,FraudRisk-v14,EXP-003-TX-0084,customer_risk_score,2026-01-11T12:00:00,2026-01-11T11:39:00,risk_engine,0.974,SAFE
EXP-003,FraudRisk-v14,EXP-003-TX-0084,merchant_risk_score,2026-01-11T12:00:00,2026-01-11T11:39:00,merchant_risk,0.974,SAFE
EXP-003,FraudRisk-v14,EXP-003-TX-0084,device_risk_score,2026-01-11T12:00:00,2026-01-11T11:31:00,device_intelligence,0.974,SAFE
EXP-003,FraudRisk-v14,EXP-003-TX-0084,transaction_velocity,2026-01-11T12:00:00,2026-01-11T11:35:00,payments,0.974,SAFE
EXP-003,FraudRisk-v14,EXP-003-TX-0084,claim_final_status,2026-01-11T12:00:00,2026-01-17T05:00:00,payments,0.974,LEAKAGE
EXP-003,FraudRisk-v14,EXP-003-TX-0085,transaction_amount,2026-01-11T15:00:00,2026-01-11T14:36:00,payments,0.974,SAFE
EXP-003,FraudRisk-v14,EXP-003-TX-0085,customer_risk_score,2026-01-11T15:00:00,2026-01-11T14:32:00,risk_engine,0.974,SAFE
EXP-003,FraudRisk-v14,EXP-003-TX-0085,merchant_risk_score,2026-01-11T15:00:00,2026-01-11T14:53:00,merchant_risk,0.974,SAFE
EXP-003,FraudRisk-v14,EXP-003-TX-0085,device_risk_score,2026-01-11T15:00:00,2026-01-11T14:46:00,device_intelligence,0.974,SAFE
EXP-003,FraudRisk-v14,EXP-003-TX-0085,transaction_velocity,2026-01-11T15:00:00,2026-01-11T14:45:00,payments,0.974,SAFE
EXP-003,FraudRisk-v14,EXP-003-TX-0085,claim_final_status,2026-01-11T15:00:00,2026-01-16T22:00:00,payments,0.974,LEAKAGE
EXP-003,FraudRisk-v14,EXP-003-TX-0086,transaction_amount,2026-01-11T18:00:00,2026-01-11T17:46:00,payments,0.974,SAFE
EXP-003,FraudRisk-v14,EXP-003-TX-0086,customer_risk_score,2026-01-11T18:00:00,2026-01-11T17:49:00,risk_engine,0.974,SAFE
EXP-003,FraudRisk-v14,EXP-003-TX-0086,merchant_risk_score,2026-01-11T18:00:00,2026-01-11T17:33:00,merchant_risk,0.974,SAFE
EXP-003,FraudRisk-v14,EXP-003-TX-0086,device_risk_score,2026-01-11T18:00:00,2026-01-11T17:45:00,device_intelligence,0.974,SAFE
EXP-003,FraudRisk-v14,EXP-003-TX-0086,transaction_velocity,2026-01-11T18:00:00,2026-01-11T17:47:00,payments,0.974,SAFE
EXP-003,FraudRisk-v14,EXP-003-TX-0086,claim_final_status,2026-01-11T18:00:00,2026-01-17T07:00:00,payments,0.974,LEAKAGE
EXP-003,FraudRisk-v14,EXP-003-TX-0087,transaction_amount,2026-01-11T21:00:00,2026-01-11T20:36:00,payments,0.974,SAFE
EXP-003,FraudRisk-v14,EXP-003-TX-0087,customer_risk_score,2026-01-11T21:00:00,2026-01-11T20:56:00,risk_engine,0.974,SAFE
EXP-003,FraudRisk-v14,EXP-003-TX-0087,merchant_risk_score,2026-01-11T21:00:00,2026-01-11T20:49:00,merchant_risk,0.974,SAFE
EXP-003,FraudRisk-v14,EXP-003-TX-0087,device_risk_score,2026-01-11T21:00:00,2026-01-11T20:46:00,device_intelligence,0.974,SAFE
EXP-003,FraudRisk-v14,EXP-003-TX-0087,transaction_velocity,2026-01-11T21:00:00,2026-01-11T20:49:00,payments,0.974,SAFE
EXP-003,FraudRisk-v14,EXP-003-TX-0087,claim_final_status,2026-01-11T21:00:00,2026-01-17T18:00:00,payments,0.974,LEAKAGE
EXP-003,FraudRisk-v14,EXP-003-TX-0088,transaction_amount,2026-01-12T00:00:00,2026-01-11T23:51:00,payments,0.974,SAFE
EXP-003,FraudRisk-v14,EXP-003-TX-0088,customer_risk_score,2026-01-12T00:00:00,2026-01-11T23:48:00,risk_engine,0.974,SAFE
EXP-003,FraudRisk-v14,EXP-003-TX-0088,merchant_risk_score,2026-01-12T00:00:00,2026-01-11T23:55:00,merchant_risk,0.974,SAFE
EXP-003,FraudRisk-v14,EXP-003-TX-0088,device_risk_score,2026-01-12T00:00:00,2026-01-11T23:38:00,device_intelligence,0.974,SAFE
EXP-003,FraudRisk-v14,EXP-003-TX-0088,transaction_velocity,2026-01-12T00:00:00,2026-01-11T23:30:00,payments,0.974,SAFE
EXP-003,FraudRisk-v14,EXP-003-TX-0088,claim_final_status,2026-01-12T00:00:00,2026-01-17T15:00:00,payments,0.974,LEAKAGE
EXP-003,FraudRisk-v14,EXP-003-TX-0089,transaction_amount,2026-01-12T03:00:00,2026-01-12T02:57:00,payments,0.974,SAFE
EXP-003,FraudRisk-v14,EXP-003-TX-0089,customer_risk_score,2026-01-12T03:00:00,2026-01-12T02:57:00,risk_engine,0.974,SAFE
EXP-003,FraudRisk-v14,EXP-003-TX-0089,merchant_risk_score,2026-01-12T03:00:00,2026-01-12T02:33:00,merchant_risk,0.974,SAFE
EXP-003,FraudRisk-v14,EXP-003-TX-0089,device_risk_score,2026-01-12T03:00:00,2026-01-12T02:57:00,device_intelligence,0.974,SAFE
EXP-003,FraudRisk-v14,EXP-003-TX-0089,transaction_velocity,2026-01-12T03:00:00,2026-01-12T02:57:00,payments,0.974,SAFE
EXP-003,FraudRisk-v14,EXP-003-TX-0089,claim_final_status,2026-01-12T03:00:00,2026-01-17T16:00:00,payments,0.974,LEAKAGE
EXP-003,FraudRisk-v14,EXP-003-TX-0090,transaction_amount,2026-01-12T06:00:00,2026-01-12T05:56:00,payments,0.974,SAFE
EXP-003,FraudRisk-v14,EXP-003-TX-0090,customer_risk_score,2026-01-12T06:00:00,2026-01-12T05:36:00,risk_engine,0.974,SAFE
EXP-003,FraudRisk-v14,EXP-003-TX-0090,merchant_risk_score,2026-01-12T06:00:00,2026-01-12T05:36:00,merchant_risk,0.974,SAFE
EXP-003,FraudRisk-v14,EXP-003-TX-0090,device_risk_score,2026-01-12T06:00:00,2026-01-12T05:48:00,device_intelligence,0.974,SAFE
EXP-003,FraudRisk-v14,EXP-003-TX-0090,transaction_velocity,2026-01-12T06:00:00,2026-01-12T05:34:00,payments,0.974,SAFE
EXP-003,FraudRisk-v14,EXP-003-TX-0090,claim_final_status,2026-01-12T06:00:00,2026-01-17T10:00:00,payments,0.974,LEAKAGE
EXP-003,FraudRisk-v14,EXP-003-TX-0091,transaction_amount,2026-01-12T09:00:00,2026-01-12T08:42:00,payments,0.974,SAFE
EXP-003,FraudRisk-v14,EXP-003-TX-0091,customer_risk_score,2026-01-12T09:00:00,2026-01-12T08:58:00,risk_engine,0.974,SAFE
EXP-003,FraudRisk-v14,EXP-003-TX-0091,merchant_risk_score,2026-01-12T09:00:00,2026-01-12T08:41:00,merchant_risk,0.974,SAFE
EXP-003,FraudRisk-v14,EXP-003-TX-0091,device_risk_score,2026-01-12T09:00:00,2026-01-12T08:42:00,device_intelligence,0.974,SAFE
EXP-003,FraudRisk-v14,EXP-003-TX-0091,transaction_velocity,2026-01-12T09:00:00,2026-01-12T08:42:00,payments,0.974,SAFE
EXP-003,FraudRisk-v14,EXP-003-TX-0091,claim_final_status,2026-01-12T09:00:00,2026-01-17T19:00:00,payments,0.974,LEAKAGE
EXP-003,FraudRisk-v14,EXP-003-TX-0092,transaction_amount,2026-01-12T12:00:00,2026-01-12T11:38:00,payments,0.974,SAFE
EXP-003,FraudRisk-v14,EXP-003-TX-0092,customer_risk_score,2026-01-12T12:00:00,2026-01-12T11:56:00,risk_engine,0.974,SAFE
EXP-003,FraudRisk-v14,EXP-003-TX-0092,merchant_risk_score,2026-01-12T12:00:00,2026-01-12T11:46:00,merchant_risk,0.974,SAFE
EXP-003,FraudRisk-v14,EXP-003-TX-0092,device_risk_score,2026-01-12T12:00:00,2026-01-12T11:48:00,device_intelligence,0.974,SAFE
EXP-003,FraudRisk-v14,EXP-003-TX-0092,transaction_velocity,2026-01-12T12:00:00,2026-01-12T11:32:00,payments,0.974,SAFE
EXP-003,FraudRisk-v14,EXP-003-TX-0092,claim_final_status,2026-01-12T12:00:00,2026-01-18T09:00:00,payments,0.974,LEAKAGE
EXP-003,FraudRisk-v14,EXP-003-TX-0093,transaction_amount,2026-01-12T15:00:00,2026-01-12T14:35:00,payments,0.974,SAFE
EXP-003,FraudRisk-v14,EXP-003-TX-0093,customer_risk_score,2026-01-12T15:00:00,2026-01-12T14:46:00,risk_engine,0.974,SAFE
EXP-003,FraudRisk-v14,EXP-003-TX-0093,merchant_risk_score,2026-01-12T15:00:00,2026-01-12T14:32:00,merchant_risk,0.974,SAFE
EXP-003,FraudRisk-v14,EXP-003-TX-0093,device_risk_score,2026-01-12T15:00:00,2026-01-12T14:30:00,device_intelligence,0.974,SAFE
EXP-003,FraudRisk-v14,EXP-003-TX-0093,transaction_velocity,2026-01-12T15:00:00,2026-01-12T14:36:00,payments,0.974,SAFE
EXP-003,FraudRisk-v14,EXP-003-TX-0093,claim_final_status,2026-01-12T15:00:00,2026-01-17T16:00:00,payments,0.974,LEAKAGE
EXP-003,FraudRisk-v14,EXP-003-TX-0094,transaction_amount,2026-01-12T18:00:00,2026-01-12T17:50:00,payments,0.974,SAFE
EXP-003,FraudRisk-v14,EXP-003-TX-0094,customer_risk_score,2026-01-12T18:00:00,2026-01-12T17:40:00,risk_engine,0.974,SAFE
EXP-003,FraudRisk-v14,EXP-003-TX-0094,merchant_risk_score,2026-01-12T18:00:00,2026-01-12T17:50:00,merchant_risk,0.974,SAFE
EXP-003,FraudRisk-v14,EXP-003-TX-0094,device_risk_score,2026-01-12T18:00:00,2026-01-12T17:48:00,device_intelligence,0.974,SAFE
EXP-003,FraudRisk-v14,EXP-003-TX-0094,transaction_velocity,2026-01-12T18:00:00,2026-01-12T17:56:00,payments,0.974,SAFE
EXP-003,FraudRisk-v14,EXP-003-TX-0094,claim_final_status,2026-01-12T18:00:00,2026-01-18T12:00:00,payments,0.974,LEAKAGE
EXP-003,FraudRisk-v14,EXP-003-TX-0095,transaction_amount,2026-01-12T21:00:00,2026-01-12T20:43:00,payments,0.974,SAFE
EXP-003,FraudRisk-v14,EXP-003-TX-0095,customer_risk_score,2026-01-12T21:00:00,2026-01-12T20:53:00,risk_engine,0.974,SAFE
EXP-003,FraudRisk-v14,EXP-003-TX-0095,merchant_risk_score,2026-01-12T21:00:00,2026-01-12T20:55:00,merchant_risk,0.974,SAFE
EXP-003,FraudRisk-v14,EXP-003-TX-0095,device_risk_score,2026-01-12T21:00:00,2026-01-12T20:38:00,device_intelligence,0.974,SAFE
EXP-003,FraudRisk-v14,EXP-003-TX-0095,transaction_velocity,2026-01-12T21:00:00,2026-01-12T20:44:00,payments,0.974,SAFE
EXP-003,FraudRisk-v14,EXP-003-TX-0095,claim_final_status,2026-01-12T21:00:00,2026-01-18T04:00:00,payments,0.974,LEAKAGE
EXP-003,FraudRisk-v14,EXP-003-TX-0096,transaction_amount,2026-01-13T00:00:00,2026-01-12T23:32:00,payments,0.974,SAFE
EXP-003,FraudRisk-v14,EXP-003-TX-0096,customer_risk_score,2026-01-13T00:00:00,2026-01-12T23:56:00,risk_engine,0.974,SAFE
EXP-003,FraudRisk-v14,EXP-003-TX-0096,merchant_risk_score,2026-01-13T00:00:00,2026-01-12T23:48:00,merchant_risk,0.974,SAFE
EXP-003,FraudRisk-v14,EXP-003-TX-0096,device_risk_score,2026-01-13T00:00:00,2026-01-12T23:32:00,device_intelligence,0.974,SAFE
EXP-003,FraudRisk-v14,EXP-003-TX-0096,transaction_velocity,2026-01-13T00:00:00,2026-01-12T23:42:00,payments,0.974,SAFE
EXP-003,FraudRisk-v14,EXP-003-TX-0096,claim_final_status,2026-01-13T00:00:00,2026-01-18T11:00:00,payments,0.974,LEAKAGE
EXP-003,FraudRisk-v14,EXP-003-TX-0097,transaction_amount,2026-01-13T03:00:00,2026-01-13T02:56:00,payments,0.974,SAFE
EXP-003,FraudRisk-v14,EXP-003-TX-0097,customer_risk_score,2026-01-13T03:00:00,2026-01-13T02:35:00,risk_engine,0.974,SAFE
EXP-003,FraudRisk-v14,EXP-003-TX-0097,merchant_risk_score,2026-01-13T03:00:00,2026-01-13T02:51:00,merchant_risk,0.974,SAFE
EXP-003,FraudRisk-v14,EXP-003-TX-0097,device_risk_score,2026-01-13T03:00:00,2026-01-13T02:41:00,device_intelligence,0.974,SAFE
EXP-003,FraudRisk-v14,EXP-003-TX-0097,transaction_velocity,2026-01-13T03:00:00,2026-01-13T02:52:00,payments,0.974,SAFE
EXP-003,FraudRisk-v14,EXP-003-TX-0097,claim_final_status,2026-01-13T03:00:00,2026-01-18T16:00:00,payments,0.974,LEAKAGE
EXP-003,FraudRisk-v14,EXP-003-TX-0098,transaction_amount,2026-01-13T06:00:00,2026-01-13T05:32:00,payments,0.974,SAFE
EXP-003,FraudRisk-v14,EXP-003-TX-0098,customer_risk_score,2026-01-13T06:00:00,2026-01-13T05:42:00,risk_engine,0.974,SAFE
EXP-003,FraudRisk-v14,EXP-003-TX-0098,merchant_risk_score,2026-01-13T06:00:00,2026-01-13T05:35:00,merchant_risk,0.974,SAFE
EXP-003,FraudRisk-v14,EXP-003-TX-0098,device_risk_score,2026-01-13T06:00:00,2026-01-13T05:33:00,device_intelligence,0.974,SAFE
EXP-003,FraudRisk-v14,EXP-003-TX-0098,transaction_velocity,2026-01-13T06:00:00,2026-01-13T05:40:00,payments,0.974,SAFE
EXP-003,FraudRisk-v14,EXP-003-TX-0098,claim_final_status,2026-01-13T06:00:00,2026-01-19T01:00:00,payments,0.974,LEAKAGE
EXP-003,FraudRisk-v14,EXP-003-TX-0099,transaction_amount,2026-01-13T09:00:00,2026-01-13T08:38:00,payments,0.974,SAFE
EXP-003,FraudRisk-v14,EXP-003-TX-0099,customer_risk_score,2026-01-13T09:00:00,2026-01-13T08:39:00,risk_engine,0.974,SAFE
EXP-003,FraudRisk-v14,EXP-003-TX-0099,merchant_risk_score,2026-01-13T09:00:00,2026-01-13T08:42:00,merchant_risk,0.974,SAFE
EXP-003,FraudRisk-v14,EXP-003-TX-0099,device_risk_score,2026-01-13T09:00:00,2026-01-13T08:59:00,device_intelligence,0.974,SAFE
EXP-003,FraudRisk-v14,EXP-003-TX-0099,transaction_velocity,2026-01-13T09:00:00,2026-01-13T08:40:00,payments,0.974,SAFE
EXP-003,FraudRisk-v14,EXP-003-TX-0099,claim_final_status,2026-01-13T09:00:00,2026-01-19T06:00:00,payments,0.974,LEAKAGE
EXP-003,FraudRisk-v14,EXP-003-TX-0100,transaction_amount,2026-01-13T12:00:00,2026-01-13T11:33:00,payments,0.974,SAFE
EXP-003,FraudRisk-v14,EXP-003-TX-0100,customer_risk_score,2026-01-13T12:00:00,2026-01-13T11:37:00,risk_engine,0.974,SAFE
EXP-003,FraudRisk-v14,EXP-003-TX-0100,merchant_risk_score,2026-01-13T12:00:00,2026-01-13T11:51:00,merchant_risk,0.974,SAFE
EXP-003,FraudRisk-v14,EXP-003-TX-0100,device_risk_score,2026-01-13T12:00:00,2026-01-13T11:59:00,device_intelligence,0.974,SAFE
EXP-003,FraudRisk-v14,EXP-003-TX-0100,transaction_velocity,2026-01-13T12:00:00,2026-01-13T11:54:00,payments,0.974,SAFE
EXP-003,FraudRisk-v14,EXP-003-TX-0100,claim_final_status,2026-01-13T12:00:00,2026-01-18T20:00:00,payments,0.974,LEAKAGE
EXP-004,FraudRisk-v14,EXP-004-TX-0101,claim_final_status,2026-01-13T12:00:00,2026-01-18T20:00:00,risk_engine,0.974,LEAKAGE
EXP-004,FraudRisk-v14,EXP-004-TX-0101,device_risk_score,2026-01-13T12:00:00,2026-01-18T20:00:00,payments,0.974,SAFE
EXP-004,FraudRisk-v14,EXP-004-TX-0101,claim_final_status,2026-01-13T12:00:00,2026-01-18T20:00:00,merchant_risk,0.974,LEAKAGE
EXP-003,FraudRisk-v14,EXP-003-TX-0102,merchant_risk_score,2026-01-13T12:00:00,2026-01-18T20:00:00,payments,0.974,LEAKAGE
