decision_id,feature_name,feature_value,prediction_time,available_time,target
APP-00000,credit_utilization,0.544,2026-01-01T01:17:00Z,2025-12-31T11:41:00Z,0
APP-00000,debt_to_income,0.442,2026-01-01T01:17:00Z,2025-12-29T22:35:00Z,0
APP-00000,income,48924.0,2026-01-01T01:17:00Z,2025-12-12T08:11:00Z,0
APP-00000,months_employed,160.0,2026-01-01T01:17:00Z,2025-12-27T06:23:00Z,0
APP-00000,prior_delinquencies,0.0,2026-01-01T01:17:00Z,2025-12-29T08:16:00Z,0
APP-00001,credit_utilization,0.482,2026-01-01T02:02:00Z,2025-12-31T07:58:00Z,0
APP-00001,debt_to_income,0.358,2026-01-01T02:02:00Z,2025-12-30T16:45:00Z,0
APP-00001,income,24223.0,2026-01-01T02:02:00Z,2025-12-22T03:18:00Z,0
APP-00001,months_employed,18.0,2026-01-01T02:02:00Z,2025-12-20T18:59:00Z,0
APP-00001,prior_delinquencies,0.0,2026-01-01T02:02:00Z,2025-12-31T13:36:00Z,0
APP-00002,credit_utilization,0.296,2026-01-01T07:51:00Z,2025-12-31T09:46:00Z,0
APP-00002,debt_to_income,0.284,2026-01-01T07:51:00Z,2025-12-31T16:59:00Z,0
APP-00002,income,74959.0,2026-01-01T07:51:00Z,2025-12-13T18:27:00Z,0
APP-00002,months_employed,183.0,2026-01-01T07:51:00Z,2025-12-24T17:46:00Z,0
APP-00002,prior_delinquencies,1.0,2026-01-01T07:51:00Z,2025-12-29T16:22:00Z,0
APP-00003,credit_utilization,0.183,2026-01-01T09:00:00Z,2025-12-31T23:07:00Z,0
APP-00003,debt_to_income,0.051,2026-01-01T09:00:00Z,2025-12-31T18:03:00Z,0
APP-00003,income,57151.0,2026-01-01T09:00:00Z,2025-12-25T08:44:00Z,0
APP-00003,months_employed,113.0,2026-01-01T09:00:00Z,2025-12-23T17:08:00Z,0
APP-00003,prior_delinquencies,0.0,2026-01-01T09:00:00Z,2026-01-01T05:27:00Z,0
APP-00004,credit_utilization,0.228,2026-01-01T09:04:00Z,2025-12-30T15:57:00Z,0
APP-00004,debt_to_income,0.309,2026-01-01T09:04:00Z,2025-12-30T23:30:00Z,0
APP-00004,income,40694.0,2026-01-01T09:04:00Z,2025-12-03T08:55:00Z,0
APP-00004,months_employed,164.0,2026-01-01T09:04:00Z,2025-12-18T10:15:00Z,0
APP-00004,prior_delinquencies,0.0,2026-01-01T09:04:00Z,2025-12-30T16:44:00Z,0
APP-00005,credit_utilization,0.5,2026-01-01T11:21:00Z,2026-01-01T04:10:00Z,0
APP-00005,debt_to_income,0.392,2026-01-01T11:21:00Z,2025-12-30T00:37:00Z,0
APP-00005,income,51126.0,2026-01-01T11:21:00Z,2025-12-03T11:01:00Z,0
APP-00005,months_employed,171.0,2026-01-01T11:21:00Z,2025-12-25T15:10:00Z,0
APP-00005,prior_delinquencies,1.0,2026-01-01T11:21:00Z,2025-12-30T09:10:00Z,0
APP-00006,credit_utilization,0.505,2026-01-01T13:16:00Z,2025-12-30T16:26:00Z,0
APP-00006,debt_to_income,0.365,2026-01-01T13:16:00Z,2025-12-29T19:07:00Z,0
APP-00006,income,24331.0,2026-01-01T13:16:00Z,2025-12-03T00:55:00Z,0
APP-00006,months_employed,71.0,2026-01-01T13:16:00Z,2025-12-19T07:24:00Z,0
APP-00006,prior_delinquencies,0.0,2026-01-01T13:16:00Z,2025-12-28T18:21:00Z,0
APP-00007,credit_utilization,0.518,2026-01-01T13:50:00Z,2025-12-30T19:33:00Z,0
APP-00007,debt_to_income,0.314,2026-01-01T13:50:00Z,2025-12-29T23:01:00Z,0
APP-00007,income,66755.0,2026-01-01T13:50:00Z,2025-12-12T03:53:00Z,0
APP-00007,months_employed,161.0,2026-01-01T13:50:00Z,2025-12-30T15:49:00Z,0
APP-00007,prior_delinquencies,0.0,2026-01-01T13:50:00Z,2025-12-28T15:49:00Z,0
APP-00008,credit_utilization,0.148,2026-01-01T14:49:00Z,2025-12-31T05:49:00Z,0
APP-00008,debt_to_income,0.216,2026-01-01T14:49:00Z,2025-12-31T16:47:00Z,0
APP-00008,income,45549.0,2026-01-01T14:49:00Z,2025-12-26T12:57:00Z,0
APP-00008,months_employed,172.0,2026-01-01T14:49:00Z,2025-12-28T23:34:00Z,0
APP-00008,prior_delinquencies,0.0,2026-01-01T14:49:00Z,2025-12-29T16:47:00Z,0
APP-00009,credit_utilization,0.464,2026-01-01T15:49:00Z,2025-12-31T19:48:00Z,1
APP-00009,debt_to_income,0.336,2026-01-01T15:49:00Z,2025-12-30T09:46:00Z,1
APP-00009,income,33588.0,2026-01-01T15:49:00Z,2025-12-19T10:09:00Z,1
APP-00009,months_employed,136.0,2026-01-01T15:49:00Z,2025-12-24T13:41:00Z,1
APP-00009,prior_delinquencies,0.0,2026-01-01T15:49:00Z,2025-12-31T07:45:00Z,1
APP-00010,credit_utilization,0.314,2026-01-01T16:39:00Z,2025-12-31T02:28:00Z,0
APP-00010,debt_to_income,0.182,2026-01-01T16:39:00Z,2025-12-30T19:40:00Z,0
APP-00010,income,92518.0,2026-01-01T16:39:00Z,2025-12-25T05:58:00Z,0
APP-00010,months_employed,235.0,2026-01-01T16:39:00Z,2025-12-23T10:24:00Z,0
APP-00010,prior_delinquencies,0.0,2026-01-01T16:39:00Z,2025-12-29T06:10:00Z,0
APP-00011,credit_utilization,0.373,2026-01-01T16:46:00Z,2026-01-01T06:51:00Z,1
APP-00011,debt_to_income,0.438,2026-01-01T16:46:00Z,2025-12-31T08:39:00Z,1
APP-00011,income,53228.0,2026-01-01T16:46:00Z,2025-12-24T14:39:00Z,1
APP-00011,months_employed,67.0,2026-01-01T16:46:00Z,2025-12-24T11:20:00Z,1
APP-00011,prior_delinquencies,0.0,2026-01-01T16:46:00Z,2025-12-31T18:33:00Z,1
APP-00012,credit_utilization,0.305,2026-01-01T16:58:00Z,2026-01-01T04:12:00Z,0
APP-00012,debt_to_income,0.42,2026-01-01T16:58:00Z,2025-12-31T00:44:00Z,0
APP-00012,income,76506.0,2026-01-01T16:58:00Z,2025-12-28T15:47:00Z,0
APP-00012,months_employed,167.0,2026-01-01T16:58:00Z,2025-12-23T01:01:00Z,0
APP-00012,prior_delinquencies,1.0,2026-01-01T16:58:00Z,2025-12-29T17:14:00Z,0
APP-00013,credit_utilization,0.585,2026-01-01T17:06:00Z,2025-12-31T04:32:00Z,0
APP-00013,debt_to_income,0.338,2026-01-01T17:06:00Z,2026-01-01T03:41:00Z,0
APP-00013,income,51810.0,2026-01-01T17:06:00Z,2025-12-25T02:02:00Z,0
APP-00013,months_employed,199.0,2026-01-01T17:06:00Z,2025-12-21T17:52:00Z,0
APP-00013,prior_delinquencies,1.0,2026-01-01T17:06:00Z,2025-12-29T20:13:00Z,0
APP-00014,credit_utilization,0.443,2026-01-01T17:19:00Z,2025-12-30T20:51:00Z,0
APP-00014,debt_to_income,0.22,2026-01-01T17:19:00Z,2026-01-01T15:39:00Z,0
APP-00014,income,46907.0,2026-01-01T17:19:00Z,2025-12-22T17:46:00Z,0
APP-00014,months_employed,185.0,2026-01-01T17:19:00Z,2025-12-28T10:18:00Z,0
APP-00014,prior_delinquencies,0.0,2026-01-01T17:19:00Z,2025-12-29T10:00:00Z,0
APP-00015,credit_utilization,0.357,2026-01-01T17:30:00Z,2025-12-30T21:33:00Z,0
APP-00015,debt_to_income,0.525,2026-01-01T17:30:00Z,2025-12-29T20:49:00Z,0
APP-00015,income,41554.0,2026-01-01T17:30:00Z,2025-12-13T23:16:00Z,0
APP-00015,months_employed,118.0,2026-01-01T17:30:00Z,2025-12-22T02:16:00Z,0
APP-00015,prior_delinquencies,4.0,2026-01-01T17:30:00Z,2025-12-31T04:50:00Z,0
APP-00016,credit_utilization,0.625,2026-01-01T18:04:00Z,2025-12-31T08:45:00Z,0
APP-00016,debt_to_income,0.346,2026-01-01T18:04:00Z,2026-01-01T07:28:00Z,0
APP-00016,income,38976.0,2026-01-01T18:04:00Z,2025-12-20T06:30:00Z,0
APP-00016,months_employed,51.0,2026-01-01T18:04:00Z,2025-12-19T22:29:00Z,0
APP-00016,prior_delinquencies,1.0,2026-01-01T18:04:00Z,2025-12-29T11:15:00Z,0
APP-00017,credit_utilization,0.645,2026-01-01T18:27:00Z,2025-12-31T10:38:00Z,1
APP-00017,debt_to_income,0.346,2026-01-01T18:27:00Z,2025-12-30T11:20:00Z,1
APP-00017,income,39280.0,2026-01-01T18:27:00Z,2025-12-02T22:32:00Z,1
APP-00017,months_employed,140.0,2026-01-01T18:27:00Z,2025-12-19T20:29:00Z,1
APP-00017,prior_delinquencies,0.0,2026-01-01T18:27:00Z,2025-12-31T10:07:00Z,1
APP-00018,credit_utilization,0.373,2026-01-02T00:36:00Z,2026-01-01T13:06:00Z,0
APP-00018,debt_to_income,0.261,2026-01-02T00:36:00Z,2026-01-01T08:23:00Z,0
APP-00018,income,67770.0,2026-01-02T00:36:00Z,2025-12-05T21:58:00Z,0
APP-00018,months_employed,77.0,2026-01-02T00:36:00Z,2025-12-26T13:12:00Z,0
APP-00018,prior_delinquencies,0.0,2026-01-02T00:36:00Z,2025-12-31T08:14:00Z,0
APP-00019,credit_utilization,0.611,2026-01-02T04:32:00Z,2026-01-01T12:29:00Z,0
APP-00019,debt_to_income,0.439,2026-01-02T04:32:00Z,2026-01-02T02:12:00Z,0
APP-00019,income,26254.0,2026-01-02T04:32:00Z,2025-12-29T10:53:00Z,0
APP-00019,months_employed,199.0,2026-01-02T04:32:00Z,2025-12-27T00:58:00Z,0
APP-00019,prior_delinquencies,1.0,2026-01-02T04:32:00Z,2026-01-01T02:21:00Z,0
APP-00020,credit_utilization,0.245,2026-01-02T05:35:00Z,2026-01-01T12:23:00Z,0
APP-00020,debt_to_income,0.294,2026-01-02T05:35:00Z,2026-01-01T02:27:00Z,0
APP-00020,income,70475.0,2026-01-02T05:35:00Z,2025-12-25T04:03:00Z,0
APP-00020,months_employed,223.0,2026-01-02T05:35:00Z,2025-12-31T00:02:00Z,0
APP-00020,prior_delinquencies,0.0,2026-01-02T05:35:00Z,2026-01-01T20:05:00Z,0
APP-00021,credit_utilization,0.127,2026-01-02T09:51:00Z,2026-01-01T02:33:00Z,0
APP-00021,debt_to_income,0.289,2026-01-02T09:51:00Z,2026-01-01T10:15:00Z,0
APP-00021,income,51810.0,2026-01-02T09:51:00Z,2025-12-24T17:02:00Z,0
APP-00021,months_employed,216.0,2026-01-02T09:51:00Z,2025-12-21T02:01:00Z,0
APP-00021,prior_delinquencies,1.0,2026-01-02T09:51:00Z,2025-12-31T01:47:00Z,0
APP-00022,credit_utilization,0.459,2026-01-02T12:04:00Z,2025-12-31T20:13:00Z,0
APP-00022,debt_to_income,0.392,2026-01-02T12:04:00Z,2026-01-01T18:25:00Z,0
APP-00022,income,42343.0,2026-01-02T12:04:00Z,2025-12-16T09:46:00Z,0
APP-00022,months_employed,48.0,2026-01-02T12:04:00Z,2025-12-30T16:32:00Z,0
APP-00022,prior_delinquencies,0.0,2026-01-02T12:04:00Z,2026-01-01T20:18:00Z,0
APP-00023,credit_utilization,0.139,2026-01-02T14:05:00Z,2026-01-02T07:51:00Z,0
APP-00023,debt_to_income,0.304,2026-01-02T14:05:00Z,2026-01-02T08:14:00Z,0
APP-00023,income,30921.0,2026-01-02T14:05:00Z,2025-12-24T08:47:00Z,0
APP-00023,months_employed,29.0,2026-01-02T14:05:00Z,2025-12-31T03:43:00Z,0
APP-00023,prior_delinquencies,0.0,2026-01-02T14:05:00Z,2025-12-31T07:31:00Z,0
APP-00024,credit_utilization,0.12,2026-01-02T14:06:00Z,2026-01-01T20:25:00Z,0
APP-00024,debt_to_income,0.265,2026-01-02T14:06:00Z,2026-01-01T23:52:00Z,0
APP-00024,income,56922.0,2026-01-02T14:06:00Z,2025-12-18T18:43:00Z,0
APP-00024,months_employed,216.0,2026-01-02T14:06:00Z,2025-12-24T08:56:00Z,0
APP-00024,prior_delinquencies,1.0,2026-01-02T14:06:00Z,2025-12-30T05:34:00Z,0
APP-00025,credit_utilization,0.482,2026-01-02T16:42:00Z,2026-01-01T23:59:00Z,1
APP-00025,debt_to_income,0.433,2026-01-02T16:42:00Z,2026-01-02T14:26:00Z,1
APP-00025,income,24414.0,2026-01-02T16:42:00Z,2025-12-04T02:27:00Z,1
APP-00025,months_employed,16.0,2026-01-02T16:42:00Z,2025-12-27T03:32:00Z,1
APP-00025,prior_delinquencies,0.0,2026-01-02T16:42:00Z,2025-12-31T23:48:00Z,1
APP-00026,credit_utilization,0.29,2026-01-02T20:13:00Z,2026-01-02T01:04:00Z,0
APP-00026,debt_to_income,0.413,2026-01-02T20:13:00Z,2025-12-31T09:56:00Z,0
APP-00026,income,29536.0,2026-01-02T20:13:00Z,2025-12-07T10:35:00Z,0
APP-00026,months_employed,77.0,2026-01-02T20:13:00Z,2025-12-27T09:17:00Z,0
APP-00026,prior_delinquencies,0.0,2026-01-02T20:13:00Z,2025-12-31T06:45:00Z,0
APP-00027,credit_utilization,0.531,2026-01-02T22:09:00Z,2026-01-02T16:56:00Z,0
APP-00027,debt_to_income,0.434,2026-01-02T22:09:00Z,2025-12-31T19:43:00Z,0
APP-00027,income,62229.0,2026-01-02T22:09:00Z,2025-12-25T20:54:00Z,0
APP-00027,months_employed,140.0,2026-01-02T22:09:00Z,2025-12-30T00:54:00Z,0
APP-00027,prior_delinquencies,0.0,2026-01-02T22:09:00Z,2026-01-01T05:43:00Z,0
APP-00028,credit_utilization,0.581,2026-01-02T22:11:00Z,2026-01-01T11:19:00Z,0
APP-00028,debt_to_income,0.419,2026-01-02T22:11:00Z,2026-01-02T13:50:00Z,0
APP-00028,income,44770.0,2026-01-02T22:11:00Z,2025-12-30T05:08:00Z,0
APP-00028,months_employed,107.0,2026-01-02T22:11:00Z,2025-12-26T01:40:00Z,0
APP-00028,prior_delinquencies,1.0,2026-01-02T22:11:00Z,2025-12-31T02:29:00Z,0
APP-00029,credit_utilization,0.244,2026-01-02T23:35:00Z,2026-01-01T11:01:00Z,0
APP-00029,debt_to_income,0.334,2026-01-02T23:35:00Z,2026-01-01T01:11:00Z,0
APP-00029,income,65184.0,2026-01-02T23:35:00Z,2025-12-21T14:45:00Z,0
APP-00029,months_employed,21.0,2026-01-02T23:35:00Z,2025-12-25T16:43:00Z,0
APP-00029,prior_delinquencies,0.0,2026-01-02T23:35:00Z,2025-12-31T08:40:00Z,0
APP-00030,credit_utilization,0.481,2026-01-02T23:45:00Z,2026-01-02T10:24:00Z,1
APP-00030,debt_to_income,0.342,2026-01-02T23:45:00Z,2025-12-31T09:36:00Z,1
APP-00030,income,15241.0,2026-01-02T23:45:00Z,2025-12-11T21:28:00Z,1
APP-00030,months_employed,113.0,2026-01-02T23:45:00Z,2025-12-24T11:11:00Z,1
APP-00030,prior_delinquencies,0.0,2026-01-02T23:45:00Z,2025-12-30T23:49:00Z,1
APP-00031,credit_utilization,0.13,2026-01-03T01:07:00Z,2026-01-02T02:49:00Z,0
APP-00031,debt_to_income,0.292,2026-01-03T01:07:00Z,2025-12-31T11:18:00Z,0
APP-00031,income,114840.0,2026-01-03T01:07:00Z,2025-12-20T20:45:00Z,0
APP-00031,months_employed,16.0,2026-01-03T01:07:00Z,2025-12-30T09:35:00Z,0
APP-00031,prior_delinquencies,0.0,2026-01-03T01:07:00Z,2026-01-01T19:32:00Z,0
APP-00032,credit_utilization,0.318,2026-01-03T02:20:00Z,2026-01-02T05:23:00Z,0
APP-00032,debt_to_income,0.341,2026-01-03T02:20:00Z,2025-12-31T03:45:00Z,0
APP-00032,income,34329.0,2026-01-03T02:20:00Z,2025-12-07T23:29:00Z,0
APP-00032,months_employed,154.0,2026-01-03T02:20:00Z,2025-12-27T18:32:00Z,0
APP-00032,prior_delinquencies,0.0,2026-01-03T02:20:00Z,2026-01-02T10:29:00Z,0
APP-00033,credit_utilization,0.278,2026-01-03T03:14:00Z,2026-01-02T14:52:00Z,0
APP-00033,debt_to_income,0.313,2026-01-03T03:14:00Z,2026-01-01T09:21:00Z,0
APP-00033,income,77730.0,2026-01-03T03:14:00Z,2025-12-09T08:48:00Z,0
APP-00033,months_employed,224.0,2026-01-03T03:14:00Z,2025-12-23T10:45:00Z,0
APP-00033,prior_delinquencies,1.0,2026-01-03T03:14:00Z,2026-01-02T09:10:00Z,0
APP-00034,credit_utilization,0.116,2026-01-03T05:20:00Z,2026-01-01T08:19:00Z,0
APP-00034,debt_to_income,0.171,2026-01-03T05:20:00Z,2026-01-01T04:32:00Z,0
APP-00034,income,45573.0,2026-01-03T05:20:00Z,2025-12-15T12:41:00Z,0
APP-00034,months_employed,87.0,2026-01-03T05:20:00Z,2026-01-02T03:49:00Z,0
APP-00034,prior_delinquencies,1.0,2026-01-03T05:20:00Z,2026-01-01T14:22:00Z,0
APP-00035,credit_utilization,0.424,2026-01-03T05:52:00Z,2026-01-02T22:37:00Z,0
APP-00035,debt_to_income,0.338,2026-01-03T05:52:00Z,2025-12-31T21:56:00Z,0
APP-00035,income,34243.0,2026-01-03T05:52:00Z,2025-12-06T12:34:00Z,0
APP-00035,months_employed,69.0,2026-01-03T05:52:00Z,2025-12-30T23:27:00Z,0
APP-00035,prior_delinquencies,0.0,2026-01-03T05:52:00Z,2026-01-01T01:22:00Z,0
APP-00036,credit_utilization,0.477,2026-01-03T09:36:00Z,2026-01-01T21:41:00Z,0
APP-00036,debt_to_income,0.374,2026-01-03T09:36:00Z,2026-01-02T17:13:00Z,0
APP-00036,income,74325.0,2026-01-03T09:36:00Z,2025-12-18T23:17:00Z,0
APP-00036,months_employed,218.0,2026-01-03T09:36:00Z,2025-12-30T09:55:00Z,0
APP-00036,prior_delinquencies,0.0,2026-01-03T09:36:00Z,2025-12-30T10:56:00Z,0
APP-00037,credit_utilization,0.542,2026-01-03T09:43:00Z,2026-01-01T18:04:00Z,0
APP-00037,debt_to_income,0.352,2026-01-03T09:43:00Z,2026-01-01T02:48:00Z,0
APP-00037,income,65972.0,2026-01-03T09:43:00Z,2026-01-01T05:47:00Z,0
APP-00037,months_employed,143.0,2026-01-03T09:43:00Z,2025-12-27T19:19:00Z,0
APP-00037,prior_delinquencies,1.0,2026-01-03T09:43:00Z,2025-12-31T14:39:00Z,0
APP-00038,credit_utilization,0.466,2026-01-03T12:02:00Z,2026-01-02T19:19:00Z,0
APP-00038,debt_to_income,0.473,2026-01-03T12:02:00Z,2026-01-02T08:50:00Z,0
APP-00038,income,40474.0,2026-01-03T12:02:00Z,2025-12-10T03:19:00Z,0
APP-00038,months_employed,205.0,2026-01-03T12:02:00Z,2025-12-29T14:36:00Z,0
APP-00038,prior_delinquencies,4.0,2026-01-03T12:02:00Z,2025-12-30T13:23:00Z,0
APP-00039,credit_utilization,0.444,2026-01-03T13:14:00Z,2026-01-01T13:35:00Z,1
APP-00039,debt_to_income,0.403,2026-01-03T13:14:00Z,2026-01-01T15:28:00Z,1
APP-00039,income,58187.0,2026-01-03T13:14:00Z,2025-12-27T03:06:00Z,1
APP-00039,months_employed,128.0,2026-01-03T13:14:00Z,2025-12-23T06:14:00Z,1
APP-00039,prior_delinquencies,1.0,2026-01-03T13:14:00Z,2025-12-31T17:09:00Z,1
APP-00040,credit_utilization,0.0,2026-01-03T14:16:00Z,2026-01-01T22:21:00Z,0
APP-00040,debt_to_income,0.24,2026-01-03T14:16:00Z,2025-12-31T18:32:00Z,0
APP-00040,income,144010.0,2026-01-03T14:16:00Z,2025-12-31T02:44:00Z,0
APP-00040,months_employed,162.0,2026-01-03T14:16:00Z,2025-12-29T14:28:00Z,0
APP-00040,prior_delinquencies,0.0,2026-01-03T14:16:00Z,2025-12-31T11:32:00Z,0
APP-00041,credit_utilization,0.03,2026-01-03T16:15:00Z,2026-01-01T18:28:00Z,0
APP-00041,debt_to_income,0.259,2026-01-03T16:15:00Z,2026-01-02T02:50:00Z,0
APP-00041,income,60135.0,2026-01-03T16:15:00Z,2025-12-11T20:01:00Z,0
APP-00041,months_employed,70.0,2026-01-03T16:15:00Z,2025-12-25T04:13:00Z,0
APP-00041,prior_delinquencies,1.0,2026-01-03T16:15:00Z,2026-01-01T09:29:00Z,0
APP-00042,credit_utilization,0.203,2026-01-03T16:37:00Z,2026-01-02T11:06:00Z,0
APP-00042,debt_to_income,0.282,2026-01-03T16:37:00Z,2026-01-01T16:41:00Z,0
APP-00042,income,61463.0,2026-01-03T16:37:00Z,2025-12-21T21:01:00Z,0
APP-00042,months_employed,11.0,2026-01-03T16:37:00Z,2025-12-31T02:56:00Z,0
APP-00042,prior_delinquencies,0.0,2026-01-03T16:37:00Z,2026-01-01T08:13:00Z,0
APP-00043,credit_utilization,0.385,2026-01-03T21:21:00Z,2026-01-02T02:46:00Z,0
APP-00043,debt_to_income,0.317,2026-01-03T21:21:00Z,2026-01-02T12:01:00Z,0
APP-00043,income,75896.0,2026-01-03T21:21:00Z,2025-12-29T01:44:00Z,0
APP-00043,months_employed,79.0,2026-01-03T21:21:00Z,2025-12-21T20:28:00Z,0
APP-00043,prior_delinquencies,0.0,2026-01-03T21:21:00Z,2025-12-31T08:10:00Z,0
APP-00044,credit_utilization,0.741,2026-01-03T22:20:00Z,2026-01-03T02:26:00Z,1
APP-00044,debt_to_income,0.329,2026-01-03T22:20:00Z,2026-01-03T03:49:00Z,1
APP-00044,income,19744.0,2026-01-03T22:20:00Z,2025-12-20T22:15:00Z,1
APP-00044,months_employed,3.0,2026-01-03T22:20:00Z,2025-12-24T21:26:00Z,1
APP-00044,prior_delinquencies,0.0,2026-01-03T22:20:00Z,2026-01-02T20:00:00Z,1
APP-00045,credit_utilization,0.4,2026-01-03T23:09:00Z,2026-01-02T15:09:00Z,0
APP-00045,debt_to_income,0.191,2026-01-03T23:09:00Z,2026-01-02T02:04:00Z,0
APP-00045,income,46662.0,2026-01-03T23:09:00Z,2025-12-23T12:30:00Z,0
APP-00045,months_employed,222.0,2026-01-03T23:09:00Z,2025-12-22T12:10:00Z,0
APP-00045,prior_delinquencies,0.0,2026-01-03T23:09:00Z,2025-12-31T09:49:00Z,0
APP-00046,credit_utilization,0.342,2026-01-04T01:34:00Z,2026-01-03T18:13:00Z,1
APP-00046,debt_to_income,0.38,2026-01-04T01:34:00Z,2026-01-01T06:40:00Z,1
APP-00046,income,53528.0,2026-01-04T01:34:00Z,2026-01-02T11:42:00Z,1
APP-00046,months_employed,131.0,2026-01-04T01:34:00Z,2025-12-29T00:51:00Z,1
APP-00046,prior_delinquencies,2.0,2026-01-04T01:34:00Z,2026-01-01T19:03:00Z,1
APP-00047,credit_utilization,0.189,2026-01-04T02:11:00Z,2026-01-03T05:35:00Z,0
APP-00047,debt_to_income,0.2,2026-01-04T02:11:00Z,2026-01-02T03:05:00Z,0
APP-00047,income,45768.0,2026-01-04T02:11:00Z,2026-01-02T03:35:00Z,0
APP-00047,months_employed,150.0,2026-01-04T02:11:00Z,2026-01-02T09:04:00Z,0
APP-00047,prior_delinquencies,1.0,2026-01-04T02:11:00Z,2026-01-03T07:15:00Z,0
APP-00048,credit_utilization,0.461,2026-01-04T02:22:00Z,2026-01-03T00:08:00Z,0
APP-00048,debt_to_income,0.349,2026-01-04T02:22:00Z,2026-01-02T16:47:00Z,0
APP-00048,income,18683.0,2026-01-04T02:22:00Z,2025-12-20T00:47:00Z,0
APP-00048,months_employed,163.0,2026-01-04T02:22:00Z,2025-12-23T13:18:00Z,0
APP-00048,prior_delinquencies,0.0,2026-01-04T02:22:00Z,2026-01-02T20:39:00Z,0
APP-00049,credit_utilization,0.705,2026-01-04T05:44:00Z,2026-01-02T15:48:00Z,0
APP-00049,debt_to_income,0.414,2026-01-04T05:44:00Z,2026-01-01T18:16:00Z,0
APP-00049,income,34031.0,2026-01-04T05:44:00Z,2025-12-07T14:06:00Z,0
APP-00049,months_employed,230.0,2026-01-04T05:44:00Z,2026-01-01T05:47:00Z,0
APP-00049,prior_delinquencies,2.0,2026-01-04T05:44:00Z,2025-12-31T11:20:00Z,0
APP-00050,credit_utilization,0.356,2026-01-04T10:28:00Z,2026-01-03T20:42:00Z,0
APP-00050,debt_to_income,0.236,2026-01-04T10:28:00Z,2026-01-02T20:50:00Z,0
APP-00050,income,44264.0,2026-01-04T10:28:00Z,2025-12-19T22:27:00Z,0
APP-00050,months_employed,147.0,2026-01-04T10:28:00Z,2025-12-28T09:00:00Z,0
APP-00050,prior_delinquencies,0.0,2026-01-04T10:28:00Z,2026-01-03T10:19:00Z,0
APP-00051,credit_utilization,0.788,2026-01-04T11:05:00Z,2026-01-02T15:25:00Z,1
APP-00051,debt_to_income,0.533,2026-01-04T11:05:00Z,2026-01-03T18:09:00Z,1
APP-00051,income,20991.0,2026-01-04T11:05:00Z,2025-12-24T17:07:00Z,1
APP-00051,months_employed,222.0,2026-01-04T11:05:00Z,2026-01-01T09:19:00Z,1
APP-00051,prior_delinquencies,1.0,2026-01-04T11:05:00Z,2026-01-04T01:02:00Z,1
APP-00052,credit_utilization,0.46,2026-01-04T11:10:00Z,2026-01-04T03:59:00Z,0
APP-00052,debt_to_income,0.179,2026-01-04T11:10:00Z,2026-01-03T04:30:00Z,0
APP-00052,income,52258.0,2026-01-04T11:10:00Z,2025-12-30T14:58:00Z,0
APP-00052,months_employed,162.0,2026-01-04T11:10:00Z,2025-12-24T13:14:00Z,0
APP-00052,prior_delinquencies,0.0,2026-01-04T11:10:00Z,2026-01-01T02:55:00Z,0
APP-00053,credit_utilization,0.241,2026-01-04T12:05:00Z,2026-01-04T00:59:00Z,0
APP-00053,debt_to_income,0.404,2026-01-04T12:05:00Z,2026-01-02T05:23:00Z,0
APP-00053,income,60078.0,2026-01-04T12:05:00Z,2026-01-01T15:57:00Z,0
APP-00053,months_employed,229.0,2026-01-04T12:05:00Z,2025-12-21T18:20:00Z,0
APP-00053,prior_delinquencies,0.0,2026-01-04T12:05:00Z,2026-01-03T00:53:00Z,0
APP-00054,credit_utilization,0.398,2026-01-04T13:36:00Z,2026-01-04T00:17:00Z,1
APP-00054,debt_to_income,0.487,2026-01-04T13:36:00Z,2026-01-04T09:25:00Z,1
APP-00054,income,58946.0,2026-01-04T13:36:00Z,2025-12-10T06:42:00Z,1
APP-00054,months_employed,206.0,2026-01-04T13:36:00Z,2025-12-26T18:51:00Z,1
APP-00054,prior_delinquencies,1.0,2026-01-04T13:36:00Z,2026-01-03T01:54:00Z,1
APP-00055,credit_utilization,0.374,2026-01-04T17:51:00Z,2026-01-04T11:47:00Z,0
APP-00055,debt_to_income,0.449,2026-01-04T17:51:00Z,2026-01-03T21:10:00Z,0
APP-00055,income,58532.0,2026-01-04T17:51:00Z,2025-12-19T13:11:00Z,0
APP-00055,months_employed,160.0,2026-01-04T17:51:00Z,2025-12-25T02:46:00Z,0
APP-00055,prior_delinquencies,0.0,2026-01-04T17:51:00Z,2026-01-01T23:12:00Z,0
APP-00056,credit_utilization,0.178,2026-01-04T19:00:00Z,2026-01-03T17:33:00Z,0
APP-00056,debt_to_income,0.307,2026-01-04T19:00:00Z,2026-01-03T16:02:00Z,0
APP-00056,income,108606.0,2026-01-04T19:00:00Z,2025-12-23T01:33:00Z,0
APP-00056,months_employed,31.0,2026-01-04T19:00:00Z,2025-12-25T08:17:00Z,0
APP-00056,prior_delinquencies,1.0,2026-01-04T19:00:00Z,2025-12-31T21:37:00Z,0
APP-00057,credit_utilization,0.512,2026-01-04T19:16:00Z,2026-01-04T13:11:00Z,0
APP-00057,debt_to_income,0.344,2026-01-04T19:16:00Z,2026-01-03T17:40:00Z,0
APP-00057,income,38428.0,2026-01-04T19:16:00Z,2025-12-22T06:54:00Z,0
APP-00057,months_employed,143.0,2026-01-04T19:16:00Z,2025-12-30T08:33:00Z,0
APP-00057,prior_delinquencies,0.0,2026-01-04T19:16:00Z,2026-01-02T21:25:00Z,0
APP-00058,credit_utilization,0.273,2026-01-05T00:10:00Z,2026-01-04T04:33:00Z,0
APP-00058,debt_to_income,0.263,2026-01-05T00:10:00Z,2026-01-02T12:42:00Z,0
APP-00058,income,72056.0,2026-01-05T00:10:00Z,2025-12-25T05:58:00Z,0
APP-00058,months_employed,179.0,2026-01-05T00:10:00Z,2025-12-23T16:47:00Z,0
APP-00058,prior_delinquencies,1.0,2026-01-05T00:10:00Z,2026-01-04T07:01:00Z,0
APP-00059,credit_utilization,0.578,2026-01-05T00:17:00Z,2026-01-03T19:31:00Z,0
APP-00059,debt_to_income,0.267,2026-01-05T00:17:00Z,2026-01-02T10:08:00Z,0
APP-00059,income,46857.0,2026-01-05T00:17:00Z,2025-12-08T18:46:00Z,0
APP-00059,months_employed,116.0,2026-01-05T00:17:00Z,2025-12-24T15:35:00Z,0
APP-00059,prior_delinquencies,0.0,2026-01-05T00:17:00Z,2026-01-04T09:43:00Z,0
APP-00060,credit_utilization,0.363,2026-01-05T02:29:00Z,2026-01-04T03:47:00Z,0
APP-00060,debt_to_income,0.321,2026-01-05T02:29:00Z,2026-01-02T12:28:00Z,0
APP-00060,income,69316.0,2026-01-05T02:29:00Z,2025-12-10T20:27:00Z,0
APP-00060,months_employed,150.0,2026-01-05T02:29:00Z,2025-12-25T08:48:00Z,0
APP-00060,prior_delinquencies,2.0,2026-01-05T02:29:00Z,2026-01-01T17:12:00Z,0
APP-00061,credit_utilization,0.549,2026-01-05T03:28:00Z,2026-01-04T11:47:00Z,0
APP-00061,debt_to_income,0.172,2026-01-05T03:28:00Z,2026-01-03T01:38:00Z,0
APP-00061,income,59789.0,2026-01-05T03:28:00Z,2025-12-11T23:40:00Z,0
APP-00061,months_employed,177.0,2026-01-05T03:28:00Z,2026-01-03T16:27:00Z,0
APP-00061,prior_delinquencies,1.0,2026-01-05T03:28:00Z,2026-01-03T16:54:00Z,0
APP-00062,credit_utilization,0.408,2026-01-05T04:01:00Z,2026-01-03T16:22:00Z,0
APP-00062,debt_to_income,0.384,2026-01-05T04:01:00Z,2026-01-03T10:01:00Z,0
APP-00062,income,51574.0,2026-01-05T04:01:00Z,2025-12-19T06:07:00Z,0
APP-00062,months_employed,213.0,2026-01-05T04:01:00Z,2025-12-24T23:40:00Z,0
APP-00062,prior_delinquencies,2.0,2026-01-05T04:01:00Z,2026-01-04T11:47:00Z,0
APP-00063,credit_utilization,0.572,2026-01-05T09:37:00Z,2026-01-04T21:24:00Z,0
APP-00063,debt_to_income,0.459,2026-01-05T09:37:00Z,2026-01-05T06:11:00Z,0
APP-00063,income,44429.0,2026-01-05T09:37:00Z,2025-12-26T06:19:00Z,0
APP-00063,months_employed,101.0,2026-01-05T09:37:00Z,2025-12-24T09:03:00Z,0
APP-00063,prior_delinquencies,0.0,2026-01-05T09:37:00Z,2026-01-02T10:41:00Z,0
APP-00064,credit_utilization,0.634,2026-01-05T09:39:00Z,2026-01-03T21:52:00Z,1
APP-00064,debt_to_income,0.481,2026-01-05T09:39:00Z,2026-01-02T18:34:00Z,1
APP-00064,income,53709.0,2026-01-05T09:39:00Z,2025-12-09T21:41:00Z,1
APP-00064,months_employed,85.0,2026-01-05T09:39:00Z,2025-12-27T01:35:00Z,1
APP-00064,prior_delinquencies,0.0,2026-01-05T09:39:00Z,2026-01-04T06:06:00Z,1
APP-00065,credit_utilization,0.545,2026-01-05T14:36:00Z,2026-01-05T01:52:00Z,1
APP-00065,debt_to_income,0.475,2026-01-05T14:36:00Z,2026-01-04T11:02:00Z,1
APP-00065,income,48625.0,2026-01-05T14:36:00Z,2025-12-29T01:00:00Z,1
APP-00065,months_employed,179.0,2026-01-05T14:36:00Z,2026-01-02T16:02:00Z,1
APP-00065,prior_delinquencies,0.0,2026-01-05T14:36:00Z,2026-01-04T06:07:00Z,1
APP-00066,credit_utilization,0.477,2026-01-05T15:06:00Z,2026-01-04T06:33:00Z,0
APP-00066,debt_to_income,0.291,2026-01-05T15:06:00Z,2026-01-04T09:01:00Z,0
APP-00066,income,42721.0,2026-01-05T15:06:00Z,2025-12-24T10:33:00Z,0
APP-00066,months_employed,178.0,2026-01-05T15:06:00Z,2026-01-04T03:44:00Z,0
APP-00066,prior_delinquencies,0.0,2026-01-05T15:06:00Z,2026-01-02T23:37:00Z,0
APP-00067,credit_utilization,0.836,2026-01-05T15:39:00Z,2026-01-05T12:03:00Z,0
APP-00067,debt_to_income,0.47,2026-01-05T15:39:00Z,2026-01-03T07:15:00Z,0
APP-00067,income,41107.0,2026-01-05T15:39:00Z,2025-12-13T20:51:00Z,0
APP-00067,months_employed,74.0,2026-01-05T15:39:00Z,2025-12-24T20:49:00Z,0
APP-00067,prior_delinquencies,1.0,2026-01-05T15:39:00Z,2026-01-03T20:41:00Z,0
APP-00068,credit_utilization,0.175,2026-01-05T15:47:00Z,2026-01-04T17:43:00Z,0
APP-00068,debt_to_income,0.163,2026-01-05T15:47:00Z,2026-01-05T11:00:00Z,0
APP-00068,income,140978.0,2026-01-05T15:47:00Z,2025-12-30T09:58:00Z,0
APP-00068,months_employed,161.0,2026-01-05T15:47:00Z,2025-12-26T22:31:00Z,0
APP-00068,prior_delinquencies,2.0,2026-01-05T15:47:00Z,2026-01-05T05:45:00Z,0
APP-00069,credit_utilization,0.67,2026-01-05T16:19:00Z,2026-01-05T07:12:00Z,0
APP-00069,debt_to_income,0.332,2026-01-05T16:19:00Z,2026-01-05T00:47:00Z,0
APP-00069,income,22692.0,2026-01-05T16:19:00Z,2026-01-04T11:44:00Z,0
APP-00069,months_employed,30.0,2026-01-05T16:19:00Z,2026-01-03T12:26:00Z,0
APP-00069,prior_delinquencies,1.0,2026-01-05T16:19:00Z,2026-01-02T20:15:00Z,0
APP-00070,credit_utilization,0.198,2026-01-05T17:24:00Z,2026-01-04T17:50:00Z,0
APP-00070,debt_to_income,0.214,2026-01-05T17:24:00Z,2026-01-03T21:44:00Z,0
APP-00070,income,22057.0,2026-01-05T17:24:00Z,2025-12-17T19:46:00Z,0
APP-00070,months_employed,47.0,2026-01-05T17:24:00Z,2025-12-23T15:18:00Z,0
APP-00070,prior_delinquencies,0.0,2026-01-05T17:24:00Z,2026-01-04T03:10:00Z,0
APP-00071,credit_utilization,0.516,2026-01-05T17:24:00Z,2026-01-04T16:27:00Z,1
APP-00071,debt_to_income,0.426,2026-01-05T17:24:00Z,2026-01-04T18:51:00Z,1
APP-00071,income,97736.0,2026-01-05T17:24:00Z,2025-12-20T02:27:00Z,1
APP-00071,months_employed,190.0,2026-01-05T17:24:00Z,2025-12-24T14:27:00Z,1
APP-00071,prior_delinquencies,1.0,2026-01-05T17:24:00Z,2026-01-01T21:51:00Z,1
APP-00072,credit_utilization,0.92,2026-01-05T17:47:00Z,2026-01-05T12:53:00Z,0
APP-00072,debt_to_income,0.427,2026-01-05T17:47:00Z,2026-01-03T10:37:00Z,0
APP-00072,income,65444.0,2026-01-05T17:47:00Z,2026-01-02T19:51:00Z,0
APP-00072,months_employed,44.0,2026-01-05T17:47:00Z,2025-12-28T07:17:00Z,0
APP-00072,prior_delinquencies,1.0,2026-01-05T17:47:00Z,2026-01-02T09:38:00Z,0
APP-00073,credit_utilization,0.203,2026-01-05T20:30:00Z,2026-01-04T00:59:00Z,0
APP-00073,debt_to_income,0.431,2026-01-05T20:30:00Z,2026-01-05T18:27:00Z,0
APP-00073,income,47829.0,2026-01-05T20:30:00Z,2025-12-07T04:26:00Z,0
APP-00073,months_employed,94.0,2026-01-05T20:30:00Z,2025-12-25T21:59:00Z,0
APP-00073,prior_delinquencies,1.0,2026-01-05T20:30:00Z,2026-01-01T20:36:00Z,0
APP-00074,credit_utilization,0.43,2026-01-05T20:35:00Z,2026-01-05T06:39:00Z,0
APP-00074,debt_to_income,0.166,2026-01-05T20:35:00Z,2026-01-05T04:26:00Z,0
APP-00074,income,22277.0,2026-01-05T20:35:00Z,2025-12-23T13:27:00Z,0
APP-00074,months_employed,209.0,2026-01-05T20:35:00Z,2025-12-29T14:38:00Z,0
APP-00074,prior_delinquencies,0.0,2026-01-05T20:35:00Z,2026-01-05T14:31:00Z,0
APP-00075,credit_utilization,0.612,2026-01-05T21:52:00Z,2026-01-04T23:18:00Z,0
APP-00075,debt_to_income,0.395,2026-01-05T21:52:00Z,2026-01-03T19:21:00Z,0
APP-00075,income,79588.0,2026-01-05T21:52:00Z,2025-12-10T07:16:00Z,0
APP-00075,months_employed,103.0,2026-01-05T21:52:00Z,2025-12-26T12:06:00Z,0
APP-00075,prior_delinquencies,0.0,2026-01-05T21:52:00Z,2026-01-04T01:21:00Z,0
APP-00076,credit_utilization,0.35,2026-01-05T22:12:00Z,2026-01-05T10:52:00Z,0
APP-00076,debt_to_income,0.446,2026-01-05T22:12:00Z,2026-01-03T00:45:00Z,0
APP-00076,income,56796.0,2026-01-05T22:12:00Z,2025-12-20T21:50:00Z,0
APP-00076,months_employed,89.0,2026-01-05T22:12:00Z,2025-12-24T05:09:00Z,0
APP-00076,prior_delinquencies,0.0,2026-01-05T22:12:00Z,2026-01-04T07:11:00Z,0
APP-00077,credit_utilization,0.26,2026-01-05T22:17:00Z,2026-01-04T02:21:00Z,0
APP-00077,debt_to_income,0.252,2026-01-05T22:17:00Z,2026-01-05T16:21:00Z,0
APP-00077,income,46616.0,2026-01-05T22:17:00Z,2025-12-11T00:27:00Z,0
APP-00077,months_employed,82.0,2026-01-05T22:17:00Z,2025-12-30T15:59:00Z,0
APP-00077,prior_delinquencies,0.0,2026-01-05T22:17:00Z,2026-01-05T17:30:00Z,0
APP-00078,credit_utilization,0.59,2026-01-05T22:23:00Z,2026-01-04T19:40:00Z,1
APP-00078,debt_to_income,0.405,2026-01-05T22:23:00Z,2026-01-03T11:10:00Z,1
APP-00078,income,72731.0,2026-01-05T22:23:00Z,2025-12-20T10:40:00Z,1
APP-00078,months_employed,210.0,2026-01-05T22:23:00Z,2025-12-27T17:26:00Z,1
APP-00078,prior_delinquencies,0.0,2026-01-05T22:23:00Z,2026-01-02T11:38:00Z,1
APP-00079,credit_utilization,0.637,2026-01-06T00:23:00Z,2026-01-04T05:38:00Z,1
APP-00079,debt_to_income,0.59,2026-01-06T00:23:00Z,2026-01-03T20:27:00Z,1
APP-00079,income,25769.0,2026-01-06T00:23:00Z,2025-12-26T15:31:00Z,1
APP-00079,months_employed,115.0,2026-01-06T00:23:00Z,2025-12-27T13:58:00Z,1
APP-00079,prior_delinquencies,0.0,2026-01-06T00:23:00Z,2026-01-04T14:37:00Z,1
APP-00080,credit_utilization,0.587,2026-01-06T00:50:00Z,2026-01-04T14:30:00Z,1
APP-00080,debt_to_income,0.373,2026-01-06T00:50:00Z,2026-01-04T01:11:00Z,1
APP-00080,income,42087.0,2026-01-06T00:50:00Z,2025-12-18T18:26:00Z,1
APP-00080,months_employed,210.0,2026-01-06T00:50:00Z,2025-12-27T01:58:00Z,1
APP-00080,prior_delinquencies,1.0,2026-01-06T00:50:00Z,2026-01-02T11:15:00Z,1
APP-00081,credit_utilization,0.486,2026-01-06T02:30:00Z,2026-01-04T07:55:00Z,0
APP-00081,debt_to_income,0.535,2026-01-06T02:30:00Z,2026-01-04T08:52:00Z,0
APP-00081,income,50622.0,2026-01-06T02:30:00Z,2025-12-18T03:50:00Z,0
APP-00081,months_employed,37.0,2026-01-06T02:30:00Z,2025-12-23T06:16:00Z,0
APP-00081,prior_delinquencies,0.0,2026-01-06T02:30:00Z,2026-01-03T05:12:00Z,0
APP-00082,credit_utilization,0.269,2026-01-06T02:32:00Z,2026-01-05T00:47:00Z,0
APP-00082,debt_to_income,0.45,2026-01-06T02:32:00Z,2026-01-03T09:00:00Z,0
APP-00082,income,36063.0,2026-01-06T02:32:00Z,2025-12-13T19:27:00Z,0
APP-00082,months_employed,31.0,2026-01-06T02:32:00Z,2025-12-30T11:43:00Z,0
APP-00082,prior_delinquencies,1.0,2026-01-06T02:32:00Z,2026-01-05T11:02:00Z,0
APP-00083,credit_utilization,0.417,2026-01-06T03:08:00Z,2026-01-05T10:05:00Z,1
APP-00083,debt_to_income,0.335,2026-01-06T03:08:00Z,2026-01-03T05:36:00Z,1
APP-00083,income,48970.0,2026-01-06T03:08:00Z,2025-12-12T23:15:00Z,1
APP-00083,months_employed,210.0,2026-01-06T03:08:00Z,2025-12-24T09:06:00Z,1
APP-00083,prior_delinquencies,0.0,2026-01-06T03:08:00Z,2026-01-03T19:20:00Z,1
APP-00084,credit_utilization,0.08,2026-01-06T03:41:00Z,2026-01-05T00:19:00Z,0
APP-00084,debt_to_income,0.309,2026-01-06T03:41:00Z,2026-01-04T22:06:00Z,0
APP-00084,income,62755.0,2026-01-06T03:41:00Z,2026-01-04T08:57:00Z,0
APP-00084,months_employed,26.0,2026-01-06T03:41:00Z,2026-01-02T12:07:00Z,0
APP-00084,prior_delinquencies,0.0,2026-01-06T03:41:00Z,2026-01-03T05:13:00Z,0
APP-00085,credit_utilization,0.683,2026-01-06T06:43:00Z,2026-01-04T19:34:00Z,1
APP-00085,debt_to_income,0.451,2026-01-06T06:43:00Z,2026-01-05T18:03:00Z,1
APP-00085,income,48104.0,2026-01-06T06:43:00Z,2025-12-08T05:12:00Z,1
APP-00085,months_employed,133.0,2026-01-06T06:43:00Z,2025-12-25T04:21:00Z,1
APP-00085,prior_delinquencies,0.0,2026-01-06T06:43:00Z,2026-01-02T13:07:00Z,1
APP-00086,credit_utilization,0.591,2026-01-06T06:50:00Z,2026-01-05T17:58:00Z,0
APP-00086,debt_to_income,0.511,2026-01-06T06:50:00Z,2026-01-04T13:26:00Z,0
APP-00086,income,24584.0,2026-01-06T06:50:00Z,2025-12-11T08:03:00Z,0
APP-00086,months_employed,35.0,2026-01-06T06:50:00Z,2025-12-30T02:52:00Z,0
APP-00086,prior_delinquencies,2.0,2026-01-06T06:50:00Z,2026-01-03T02:44:00Z,0
APP-00087,credit_utilization,0.607,2026-01-06T07:24:00Z,2026-01-05T07:23:00Z,0
APP-00087,debt_to_income,0.454,2026-01-06T07:24:00Z,2026-01-06T06:08:00Z,0
APP-00087,income,54673.0,2026-01-06T07:24:00Z,2025-12-17T18:59:00Z,0
APP-00087,months_employed,126.0,2026-01-06T07:24:00Z,2025-12-29T15:44:00Z,0
APP-00087,prior_delinquencies,1.0,2026-01-06T07:24:00Z,2026-01-04T15:40:00Z,0
APP-00088,credit_utilization,0.517,2026-01-06T10:26:00Z,2026-01-05T02:45:00Z,0
APP-00088,debt_to_income,0.484,2026-01-06T10:26:00Z,2026-01-04T17:16:00Z,0
APP-00088,income,35639.0,2026-01-06T10:26:00Z,2025-12-31T18:07:00Z,0
APP-00088,months_employed,90.0,2026-01-06T10:26:00Z,2025-12-26T02:10:00Z,0
APP-00088,prior_delinquencies,0.0,2026-01-06T10:26:00Z,2026-01-05T18:14:00Z,0
APP-00089,credit_utilization,0.265,2026-01-06T11:30:00Z,2026-01-05T01:41:00Z,0
APP-00089,debt_to_income,0.197,2026-01-06T11:30:00Z,2026-01-05T08:54:00Z,0
APP-00089,income,61226.0,2026-01-06T11:30:00Z,2025-12-12T14:34:00Z,0
APP-00089,months_employed,63.0,2026-01-06T11:30:00Z,2026-01-02T03:31:00Z,0
APP-00089,prior_delinquencies,0.0,2026-01-06T11:30:00Z,2026-01-05T17:36:00Z,0
APP-00090,credit_utilization,0.119,2026-01-06T13:06:00Z,2026-01-04T17:10:00Z,0
APP-00090,debt_to_income,0.539,2026-01-06T13:06:00Z,2026-01-06T09:03:00Z,0
APP-00090,income,28596.0,2026-01-06T13:06:00Z,2026-01-04T05:20:00Z,0
APP-00090,months_employed,191.0,2026-01-06T13:06:00Z,2025-12-28T09:34:00Z,0
APP-00090,prior_delinquencies,0.0,2026-01-06T13:06:00Z,2026-01-04T10:52:00Z,0
APP-00091,credit_utilization,0.469,2026-01-06T14:14:00Z,2026-01-05T19:57:00Z,0
APP-00091,debt_to_income,0.308,2026-01-06T14:14:00Z,2026-01-05T21:36:00Z,0
APP-00091,income,19313.0,2026-01-06T14:14:00Z,2025-12-12T02:58:00Z,0
APP-00091,months_employed,64.0,2026-01-06T14:14:00Z,2026-01-03T00:10:00Z,0
APP-00091,prior_delinquencies,0.0,2026-01-06T14:14:00Z,2026-01-04T14:37:00Z,0
APP-00092,credit_utilization,0.544,2026-01-06T16:16:00Z,2026-01-05T02:07:00Z,1
APP-00092,debt_to_income,0.365,2026-01-06T16:16:00Z,2026-01-05T12:33:00Z,1
APP-00092,income,56021.0,2026-01-06T16:16:00Z,2025-12-25T12:26:00Z,1
APP-00092,months_employed,157.0,2026-01-06T16:16:00Z,2026-01-02T01:39:00Z,1
APP-00092,prior_delinquencies,1.0,2026-01-06T16:16:00Z,2026-01-04T01:16:00Z,1
APP-00093,credit_utilization,0.738,2026-01-06T16:17:00Z,2026-01-06T13:42:00Z,1
APP-00093,debt_to_income,0.364,2026-01-06T16:17:00Z,2026-01-05T10:53:00Z,1
APP-00093,income,54576.0,2026-01-06T16:17:00Z,2025-12-09T21:35:00Z,1
APP-00093,months_employed,38.0,2026-01-06T16:17:00Z,2026-01-01T03:50:00Z,1
APP-00093,prior_delinquencies,2.0,2026-01-06T16:17:00Z,2026-01-05T08:24:00Z,1
APP-00094,credit_utilization,0.057,2026-01-06T19:11:00Z,2026-01-05T22:22:00Z,0
APP-00094,debt_to_income,0.384,2026-01-06T19:11:00Z,2026-01-03T22:49:00Z,0
APP-00094,income,63992.0,2026-01-06T19:11:00Z,2025-12-25T05:57:00Z,0
APP-00094,months_employed,134.0,2026-01-06T19:11:00Z,2025-12-28T07:31:00Z,0
APP-00094,prior_delinquencies,1.0,2026-01-06T19:11:00Z,2026-01-02T20:04:00Z,0
APP-00095,credit_utilization,0.586,2026-01-06T22:23:00Z,2026-01-05T09:38:00Z,0
APP-00095,debt_to_income,0.599,2026-01-06T22:23:00Z,2026-01-04T22:34:00Z,0
APP-00095,income,45753.0,2026-01-06T22:23:00Z,2025-12-19T11:45:00Z,0
APP-00095,months_employed,219.0,2026-01-06T22:23:00Z,2026-01-04T11:48:00Z,0
APP-00095,prior_delinquencies,1.0,2026-01-06T22:23:00Z,2026-01-05T02:55:00Z,0
APP-00096,credit_utilization,0.158,2026-01-06T23:21:00Z,2026-01-05T02:45:00Z,1
APP-00096,debt_to_income,0.32,2026-01-06T23:21:00Z,2026-01-05T04:11:00Z,1
APP-00096,income,39217.0,2026-01-06T23:21:00Z,2025-12-23T10:18:00Z,1
APP-00096,months_employed,116.0,2026-01-06T23:21:00Z,2026-01-02T08:51:00Z,1
APP-00096,prior_delinquencies,1.0,2026-01-06T23:21:00Z,2026-01-04T15:33:00Z,1
APP-00097,credit_utilization,0.426,2026-01-07T01:00:00Z,2026-01-05T20:40:00Z,0
APP-00097,debt_to_income,0.24,2026-01-07T01:00:00Z,2026-01-05T23:49:00Z,0
APP-00097,income,40789.0,2026-01-07T01:00:00Z,2026-01-03T07:39:00Z,0
APP-00097,months_employed,216.0,2026-01-07T01:00:00Z,2025-12-26T11:09:00Z,0
APP-00097,prior_delinquencies,0.0,2026-01-07T01:00:00Z,2026-01-03T12:14:00Z,0
APP-00098,credit_utilization,0.359,2026-01-07T01:16:00Z,2026-01-05T16:38:00Z,0
APP-00098,debt_to_income,0.307,2026-01-07T01:16:00Z,2026-01-05T15:08:00Z,0
APP-00098,income,46014.0,2026-01-07T01:16:00Z,2025-12-24T15:55:00Z,0
APP-00098,months_employed,150.0,2026-01-07T01:16:00Z,2025-12-28T02:16:00Z,0
APP-00098,prior_delinquencies,3.0,2026-01-07T01:16:00Z,2026-01-06T14:59:00Z,0
APP-00099,credit_utilization,0.24,2026-01-07T02:17:00Z,2026-01-05T17:11:00Z,0
APP-00099,debt_to_income,0.554,2026-01-07T02:17:00Z,2026-01-07T00:38:00Z,0
APP-00099,income,62085.0,2026-01-07T02:17:00Z,2025-12-16T23:08:00Z,0
APP-00099,months_employed,149.0,2026-01-07T02:17:00Z,2025-12-27T22:16:00Z,0
APP-00099,prior_delinquencies,2.0,2026-01-07T02:17:00Z,2026-01-03T22:49:00Z,0
APP-00100,credit_utilization,0.743,2026-01-07T03:06:00Z,2026-01-06T04:42:00Z,1
APP-00100,debt_to_income,0.472,2026-01-07T03:06:00Z,2026-01-04T23:00:00Z,1
APP-00100,income,34483.0,2026-01-07T03:06:00Z,2025-12-18T02:35:00Z,1
APP-00100,months_employed,97.0,2026-01-07T03:06:00Z,2026-01-01T08:54:00Z,1
APP-00100,prior_delinquencies,1.0,2026-01-07T03:06:00Z,2026-01-04T12:04:00Z,1
APP-00101,credit_utilization,0.22,2026-01-07T06:14:00Z,2026-01-05T09:46:00Z,0
APP-00101,debt_to_income,0.27,2026-01-07T06:14:00Z,2026-01-04T23:56:00Z,0
APP-00101,income,80413.0,2026-01-07T06:14:00Z,2025-12-20T12:05:00Z,0
APP-00101,months_employed,11.0,2026-01-07T06:14:00Z,2026-01-03T18:43:00Z,0
APP-00101,prior_delinquencies,1.0,2026-01-07T06:14:00Z,2026-01-04T05:44:00Z,0
APP-00102,credit_utilization,0.127,2026-01-07T06:29:00Z,2026-01-05T18:20:00Z,0
APP-00102,debt_to_income,0.258,2026-01-07T06:29:00Z,2026-01-05T09:27:00Z,0
APP-00102,income,61477.0,2026-01-07T06:29:00Z,2026-01-03T20:47:00Z,0
APP-00102,months_employed,22.0,2026-01-07T06:29:00Z,2026-01-03T02:22:00Z,0
APP-00102,prior_delinquencies,0.0,2026-01-07T06:29:00Z,2026-01-06T04:53:00Z,0
APP-00103,credit_utilization,0.588,2026-01-07T06:42:00Z,2026-01-06T17:53:00Z,0
APP-00103,debt_to_income,0.385,2026-01-07T06:42:00Z,2026-01-05T12:20:00Z,0
APP-00103,income,45861.0,2026-01-07T06:42:00Z,2025-12-09T21:51:00Z,0
APP-00103,months_employed,214.0,2026-01-07T06:42:00Z,2025-12-30T17:01:00Z,0
APP-00103,prior_delinquencies,0.0,2026-01-07T06:42:00Z,2026-01-06T07:05:00Z,0
APP-00104,credit_utilization,0.28,2026-01-07T06:56:00Z,2026-01-06T04:56:00Z,0
APP-00104,debt_to_income,0.319,2026-01-07T06:56:00Z,2026-01-04T20:23:00Z,0
APP-00104,income,65637.0,2026-01-07T06:56:00Z,2025-12-31T19:04:00Z,0
APP-00104,months_employed,199.0,2026-01-07T06:56:00Z,2025-12-27T13:08:00Z,0
APP-00104,prior_delinquencies,0.0,2026-01-07T06:56:00Z,2026-01-07T04:05:00Z,0
APP-00105,credit_utilization,0.224,2026-01-07T07:58:00Z,2026-01-06T08:05:00Z,0
APP-00105,debt_to_income,0.161,2026-01-07T07:58:00Z,2026-01-05T15:13:00Z,0
APP-00105,income,70320.0,2026-01-07T07:58:00Z,2025-12-12T10:56:00Z,0
APP-00105,months_employed,160.0,2026-01-07T07:58:00Z,2025-12-30T03:20:00Z,0
APP-00105,prior_delinquencies,1.0,2026-01-07T07:58:00Z,2026-01-05T04:28:00Z,0
APP-00106,credit_utilization,0.12,2026-01-07T09:38:00Z,2026-01-06T15:13:00Z,0
APP-00106,debt_to_income,0.233,2026-01-07T09:38:00Z,2026-01-06T01:37:00Z,0
APP-00106,income,64010.0,2026-01-07T09:38:00Z,2025-12-27T03:15:00Z,0
APP-00106,months_employed,165.0,2026-01-07T09:38:00Z,2025-12-28T10:23:00Z,0
APP-00106,prior_delinquencies,0.0,2026-01-07T09:38:00Z,2026-01-04T17:06:00Z,0
APP-00107,credit_utilization,0.08,2026-01-07T15:14:00Z,2026-01-07T01:32:00Z,0
APP-00107,debt_to_income,0.119,2026-01-07T15:14:00Z,2026-01-05T18:46:00Z,0
APP-00107,income,78044.0,2026-01-07T15:14:00Z,2025-12-31T15:28:00Z,0
APP-00107,months_employed,13.0,2026-01-07T15:14:00Z,2025-12-27T10:09:00Z,0
APP-00107,prior_delinquencies,0.0,2026-01-07T15:14:00Z,2026-01-06T05:15:00Z,0
APP-00108,credit_utilization,0.44,2026-01-07T15:33:00Z,2026-01-06T23:17:00Z,0
APP-00108,debt_to_income,0.314,2026-01-07T15:33:00Z,2026-01-06T22:49:00Z,0
APP-00108,income,46673.0,2026-01-07T15:33:00Z,2025-12-28T10:45:00Z,0
APP-00108,months_employed,121.0,2026-01-07T15:33:00Z,2025-12-26T05:29:00Z,0
APP-00108,prior_delinquencies,0.0,2026-01-07T15:33:00Z,2026-01-06T03:03:00Z,0
APP-00109,credit_utilization,0.31,2026-01-07T15:36:00Z,2026-01-07T09:41:00Z,0
APP-00109,debt_to_income,0.458,2026-01-07T15:36:00Z,2026-01-05T11:43:00Z,0
APP-00109,income,49071.0,2026-01-07T15:36:00Z,2026-01-05T10:47:00Z,0
APP-00109,months_employed,18.0,2026-01-07T15:36:00Z,2025-12-31T07:56:00Z,0
APP-00109,prior_delinquencies,1.0,2026-01-07T15:36:00Z,2026-01-04T21:05:00Z,0
APP-00110,credit_utilization,0.293,2026-01-07T15:55:00Z,2026-01-06T15:18:00Z,0
APP-00110,debt_to_income,0.397,2026-01-07T15:55:00Z,2026-01-05T02:18:00Z,0
APP-00110,income,16109.0,2026-01-07T15:55:00Z,2025-12-16T13:19:00Z,0
APP-00110,months_employed,98.0,2026-01-07T15:55:00Z,2025-12-30T02:57:00Z,0
APP-00110,prior_delinquencies,1.0,2026-01-07T15:55:00Z,2026-01-06T17:31:00Z,0
APP-00111,credit_utilization,0.163,2026-01-07T16:44:00Z,2026-01-06T09:05:00Z,0
APP-00111,debt_to_income,0.126,2026-01-07T16:44:00Z,2026-01-05T15:46:00Z,0
APP-00111,income,58631.0,2026-01-07T16:44:00Z,2025-12-31T16:24:00Z,0
APP-00111,months_employed,60.0,2026-01-07T16:44:00Z,2026-01-04T00:37:00Z,0
APP-00111,prior_delinquencies,0.0,2026-01-07T16:44:00Z,2026-01-05T00:43:00Z,0
APP-00112,credit_utilization,0.278,2026-01-07T16:50:00Z,2026-01-06T12:32:00Z,0
APP-00112,debt_to_income,0.418,2026-01-07T16:50:00Z,2026-01-06T15:22:00Z,0
APP-00112,income,47599.0,2026-01-07T16:50:00Z,2025-12-27T18:25:00Z,0
APP-00112,months_employed,69.0,2026-01-07T16:50:00Z,2025-12-27T07:02:00Z,0
APP-00112,prior_delinquencies,1.0,2026-01-07T16:50:00Z,2026-01-05T06:44:00Z,0
APP-00113,credit_utilization,0.53,2026-01-07T17:01:00Z,2026-01-05T18:08:00Z,0
APP-00113,debt_to_income,0.418,2026-01-07T17:01:00Z,2026-01-05T06:48:00Z,0
APP-00113,income,28329.0,2026-01-07T17:01:00Z,2025-12-25T20:23:00Z,0
APP-00113,months_employed,139.0,2026-01-07T17:01:00Z,2026-01-02T12:56:00Z,0
APP-00113,prior_delinquencies,0.0,2026-01-07T17:01:00Z,2026-01-07T03:59:00Z,0
APP-00114,credit_utilization,0.383,2026-01-07T20:25:00Z,2026-01-05T23:34:00Z,1
APP-00114,debt_to_income,0.382,2026-01-07T20:25:00Z,2026-01-07T16:30:00Z,1
APP-00114,income,54587.0,2026-01-07T20:25:00Z,2025-12-25T11:12:00Z,1
APP-00114,months_employed,219.0,2026-01-07T20:25:00Z,2026-01-04T10:40:00Z,1
APP-00114,prior_delinquencies,0.0,2026-01-07T20:25:00Z,2026-01-04T15:49:00Z,1
APP-00115,credit_utilization,0.521,2026-01-07T20:25:00Z,2026-01-07T05:31:00Z,0
APP-00115,debt_to_income,0.246,2026-01-07T20:25:00Z,2026-01-07T00:09:00Z,0
APP-00115,income,71499.0,2026-01-07T20:25:00Z,2025-12-18T10:21:00Z,0
APP-00115,months_employed,10.0,2026-01-07T20:25:00Z,2025-12-29T00:57:00Z,0
APP-00115,prior_delinquencies,2.0,2026-01-07T20:25:00Z,2026-01-06T19:47:00Z,0
APP-00116,credit_utilization,0.418,2026-01-07T20:54:00Z,2026-01-07T16:00:00Z,1
APP-00116,debt_to_income,0.469,2026-01-07T20:54:00Z,2026-01-07T18:16:00Z,1
APP-00116,income,53662.0,2026-01-07T20:54:00Z,2025-12-11T08:01:00Z,1
APP-00116,months_employed,58.0,2026-01-07T20:54:00Z,2025-12-27T10:21:00Z,1
APP-00116,prior_delinquencies,0.0,2026-01-07T20:54:00Z,2026-01-06T07:02:00Z,1
APP-00117,credit_utilization,0.42,2026-01-08T01:08:00Z,2026-01-07T19:48:00Z,0
APP-00117,debt_to_income,0.162,2026-01-08T01:08:00Z,2026-01-05T10:21:00Z,0
APP-00117,income,37337.0,2026-01-08T01:08:00Z,2025-12-22T14:02:00Z,0
APP-00117,months_employed,207.0,2026-01-08T01:08:00Z,2025-12-25T02:00:00Z,0
APP-00117,prior_delinquencies,1.0,2026-01-08T01:08:00Z,2026-01-07T01:34:00Z,0
APP-00118,credit_utilization,0.215,2026-01-08T01:39:00Z,2026-01-06T10:54:00Z,0
APP-00118,debt_to_income,0.293,2026-01-08T01:39:00Z,2026-01-06T10:46:00Z,0
APP-00118,income,64084.0,2026-01-08T01:39:00Z,2025-12-24T11:17:00Z,0
APP-00118,months_employed,155.0,2026-01-08T01:39:00Z,2025-12-28T08:21:00Z,0
APP-00118,prior_delinquencies,1.0,2026-01-08T01:39:00Z,2026-01-05T12:09:00Z,0
APP-00119,credit_utilization,0.272,2026-01-08T02:44:00Z,2026-01-06T13:41:00Z,0
APP-00119,debt_to_income,0.223,2026-01-08T02:44:00Z,2026-01-06T06:33:00Z,0
APP-00119,income,54233.0,2026-01-08T02:44:00Z,2025-12-11T22:48:00Z,0
APP-00119,months_employed,190.0,2026-01-08T02:44:00Z,2025-12-26T23:53:00Z,0
APP-00119,prior_delinquencies,0.0,2026-01-08T02:44:00Z,2026-01-05T16:04:00Z,0
APP-00120,credit_utilization,0.609,2026-01-08T03:23:00Z,2026-01-07T06:21:00Z,0
APP-00120,debt_to_income,0.48,2026-01-08T03:23:00Z,2026-01-05T03:29:00Z,0
APP-00120,income,62804.0,2026-01-08T03:23:00Z,2025-12-21T19:50:00Z,0
APP-00120,months_employed,3.0,2026-01-08T03:23:00Z,2025-12-31T15:04:00Z,0
APP-00120,prior_delinquencies,0.0,2026-01-08T03:23:00Z,2026-01-07T08:26:00Z,0
APP-00121,credit_utilization,0.405,2026-01-08T04:16:00Z,2026-01-06T19:49:00Z,0
APP-00121,debt_to_income,0.279,2026-01-08T04:16:00Z,2026-01-07T10:58:00Z,0
APP-00121,income,57815.0,2026-01-08T04:16:00Z,2025-12-15T23:50:00Z,0
APP-00121,months_employed,227.0,2026-01-08T04:16:00Z,2025-12-31T11:36:00Z,0
APP-00121,prior_delinquencies,0.0,2026-01-08T04:16:00Z,2026-01-06T22:11:00Z,0
APP-00122,credit_utilization,0.302,2026-01-08T04:49:00Z,2026-01-06T07:13:00Z,0
APP-00122,debt_to_income,0.465,2026-01-08T04:49:00Z,2026-01-07T07:28:00Z,0
APP-00122,income,53587.0,2026-01-08T04:49:00Z,2025-12-11T11:09:00Z,0
APP-00122,months_employed,32.0,2026-01-08T04:49:00Z,2025-12-28T08:23:00Z,0
APP-00122,prior_delinquencies,0.0,2026-01-08T04:49:00Z,2026-01-04T21:25:00Z,0
APP-00123,credit_utilization,0.577,2026-01-08T05:03:00Z,2026-01-06T20:01:00Z,0
APP-00123,debt_to_income,0.189,2026-01-08T05:03:00Z,2026-01-07T22:31:00Z,0
APP-00123,income,69033.0,2026-01-08T05:03:00Z,2025-12-19T04:49:00Z,0
APP-00123,months_employed,29.0,2026-01-08T05:03:00Z,2025-12-26T00:56:00Z,0
APP-00123,prior_delinquencies,0.0,2026-01-08T05:03:00Z,2026-01-05T13:14:00Z,0
APP-00124,credit_utilization,0.479,2026-01-08T06:13:00Z,2026-01-07T13:53:00Z,0
APP-00124,debt_to_income,0.373,2026-01-08T06:13:00Z,2026-01-05T08:49:00Z,0
APP-00124,income,51845.0,2026-01-08T06:13:00Z,2025-12-17T08:08:00Z,0
APP-00124,months_employed,74.0,2026-01-08T06:13:00Z,2026-01-05T04:59:00Z,0
APP-00124,prior_delinquencies,0.0,2026-01-08T06:13:00Z,2026-01-04T14:45:00Z,0
APP-00125,credit_utilization,0.105,2026-01-08T12:39:00Z,2026-01-07T02:16:00Z,0
APP-00125,debt_to_income,0.357,2026-01-08T12:39:00Z,2026-01-08T09:46:00Z,0
APP-00125,income,50493.0,2026-01-08T12:39:00Z,2025-12-30T16:59:00Z,0
APP-00125,months_employed,138.0,2026-01-08T12:39:00Z,2026-01-07T02:26:00Z,0
APP-00125,prior_delinquencies,1.0,2026-01-08T12:39:00Z,2026-01-04T19:43:00Z,0
APP-00126,credit_utilization,0.484,2026-01-08T12:50:00Z,2026-01-08T02:51:00Z,0
APP-00126,debt_to_income,0.355,2026-01-08T12:50:00Z,2026-01-05T15:27:00Z,0
APP-00126,income,101182.0,2026-01-08T12:50:00Z,2025-12-24T07:34:00Z,0
APP-00126,months_employed,216.0,2026-01-08T12:50:00Z,2026-01-06T10:42:00Z,0
APP-00126,prior_delinquencies,0.0,2026-01-08T12:50:00Z,2026-01-06T23:57:00Z,0
APP-00127,credit_utilization,0.425,2026-01-08T14:48:00Z,2026-01-07T05:09:00Z,0
APP-00127,debt_to_income,0.341,2026-01-08T14:48:00Z,2026-01-07T10:29:00Z,0
APP-00127,income,27422.0,2026-01-08T14:48:00Z,2025-12-12T07:41:00Z,0
APP-00127,months_employed,24.0,2026-01-08T14:48:00Z,2026-01-05T03:33:00Z,0
APP-00127,prior_delinquencies,0.0,2026-01-08T14:48:00Z,2026-01-07T04:38:00Z,0
APP-00128,credit_utilization,0.33,2026-01-08T17:58:00Z,2026-01-07T04:04:00Z,0
APP-00128,debt_to_income,0.39,2026-01-08T17:58:00Z,2026-01-05T20:43:00Z,0
APP-00128,income,73807.0,2026-01-08T17:58:00Z,2025-12-29T01:37:00Z,0
APP-00128,months_employed,38.0,2026-01-08T17:58:00Z,2026-01-07T16:27:00Z,0
APP-00128,prior_delinquencies,0.0,2026-01-08T17:58:00Z,2026-01-07T10:46:00Z,0
APP-00129,credit_utilization,0.498,2026-01-08T19:13:00Z,2026-01-08T08:35:00Z,0
APP-00129,debt_to_income,0.45,2026-01-08T19:13:00Z,2026-01-06T04:53:00Z,0
APP-00129,income,27726.0,2026-01-08T19:13:00Z,2025-12-29T01:36:00Z,0
APP-00129,months_employed,233.0,2026-01-08T19:13:00Z,2026-01-02T06:48:00Z,0
APP-00129,prior_delinquencies,0.0,2026-01-08T19:13:00Z,2026-01-07T03:36:00Z,0
APP-00130,credit_utilization,0.237,2026-01-08T22:49:00Z,2026-01-07T00:40:00Z,0
APP-00130,debt_to_income,0.305,2026-01-08T22:49:00Z,2026-01-06T17:15:00Z,0
APP-00130,income,54575.0,2026-01-08T22:49:00Z,2025-12-18T10:03:00Z,0
APP-00130,months_employed,115.0,2026-01-08T22:49:00Z,2025-12-31T06:03:00Z,0
APP-00130,prior_delinquencies,1.0,2026-01-08T22:49:00Z,2026-01-07T06:23:00Z,0
APP-00131,credit_utilization,0.298,2026-01-08T22:56:00Z,2026-01-08T01:10:00Z,0
APP-00131,debt_to_income,0.287,2026-01-08T22:56:00Z,2026-01-08T00:53:00Z,0
APP-00131,income,96669.0,2026-01-08T22:56:00Z,2025-12-25T04:45:00Z,0
APP-00131,months_employed,26.0,2026-01-08T22:56:00Z,2026-01-07T11:28:00Z,0
APP-00131,prior_delinquencies,0.0,2026-01-08T22:56:00Z,2026-01-07T07:18:00Z,0
APP-00132,credit_utilization,0.339,2026-01-09T00:28:00Z,2026-01-07T21:24:00Z,0
APP-00132,debt_to_income,0.252,2026-01-09T00:28:00Z,2026-01-08T11:44:00Z,0
APP-00132,income,43192.0,2026-01-09T00:28:00Z,2025-12-29T13:22:00Z,0
APP-00132,months_employed,87.0,2026-01-09T00:28:00Z,2025-12-30T09:37:00Z,0
APP-00132,prior_delinquencies,0.0,2026-01-09T00:28:00Z,2026-01-06T05:44:00Z,0
APP-00133,credit_utilization,0.513,2026-01-09T00:56:00Z,2026-01-08T14:55:00Z,0
APP-00133,debt_to_income,0.48,2026-01-09T00:56:00Z,2026-01-07T15:52:00Z,0
APP-00133,income,58858.0,2026-01-09T00:56:00Z,2025-12-28T19:52:00Z,0
APP-00133,months_employed,202.0,2026-01-09T00:56:00Z,2026-01-03T04:58:00Z,0
APP-00133,prior_delinquencies,2.0,2026-01-09T00:56:00Z,2026-01-08T11:28:00Z,0
APP-00134,credit_utilization,0.413,2026-01-09T05:28:00Z,2026-01-09T04:08:00Z,1
APP-00134,debt_to_income,0.491,2026-01-09T05:28:00Z,2026-01-07T16:42:00Z,1
APP-00134,income,56752.0,2026-01-09T05:28:00Z,2025-12-20T15:20:00Z,1
APP-00134,months_employed,211.0,2026-01-09T05:28:00Z,2026-01-05T20:26:00Z,1
APP-00134,prior_delinquencies,5.0,2026-01-09T05:28:00Z,2026-01-06T07:05:00Z,1
APP-00135,credit_utilization,0.455,2026-01-09T07:15:00Z,2026-01-08T11:34:00Z,0
APP-00135,debt_to_income,0.387,2026-01-09T07:15:00Z,2026-01-06T11:50:00Z,0
APP-00135,income,27045.0,2026-01-09T07:15:00Z,2025-12-11T17:04:00Z,0
APP-00135,months_employed,200.0,2026-01-09T07:15:00Z,2025-12-31T20:03:00Z,0
APP-00135,prior_delinquencies,1.0,2026-01-09T07:15:00Z,2026-01-06T10:46:00Z,0
APP-00136,credit_utilization,0.494,2026-01-09T07:54:00Z,2026-01-08T07:14:00Z,0
APP-00136,debt_to_income,0.434,2026-01-09T07:54:00Z,2026-01-08T18:10:00Z,0
APP-00136,income,42319.0,2026-01-09T07:54:00Z,2026-01-04T05:28:00Z,0
APP-00136,months_employed,147.0,2026-01-09T07:54:00Z,2025-12-28T17:06:00Z,0
APP-00136,prior_delinquencies,0.0,2026-01-09T07:54:00Z,2026-01-06T02:05:00Z,0
APP-00137,credit_utilization,0.329,2026-01-09T10:04:00Z,2026-01-09T02:42:00Z,0
APP-00137,debt_to_income,0.248,2026-01-09T10:04:00Z,2026-01-08T11:18:00Z,0
APP-00137,income,37316.0,2026-01-09T10:04:00Z,2025-12-31T02:55:00Z,0
APP-00137,months_employed,143.0,2026-01-09T10:04:00Z,2026-01-01T05:36:00Z,0
APP-00137,prior_delinquencies,0.0,2026-01-09T10:04:00Z,2026-01-05T20:05:00Z,0
APP-00138,credit_utilization,0.526,2026-01-09T12:41:00Z,2026-01-08T20:15:00Z,1
APP-00138,debt_to_income,0.511,2026-01-09T12:41:00Z,2026-01-09T05:22:00Z,1
APP-00138,income,100602.0,2026-01-09T12:41:00Z,2025-12-10T23:47:00Z,1
APP-00138,months_employed,152.0,2026-01-09T12:41:00Z,2025-12-27T10:02:00Z,1
APP-00138,prior_delinquencies,1.0,2026-01-09T12:41:00Z,2026-01-08T09:50:00Z,1
APP-00139,credit_utilization,0.145,2026-01-09T13:55:00Z,2026-01-08T20:27:00Z,0
APP-00139,debt_to_income,0.315,2026-01-09T13:55:00Z,2026-01-06T15:17:00Z,0
APP-00139,income,42267.0,2026-01-09T13:55:00Z,2025-12-13T01:42:00Z,0
APP-00139,months_employed,103.0,2026-01-09T13:55:00Z,2026-01-07T02:39:00Z,0
APP-00139,prior_delinquencies,1.0,2026-01-09T13:55:00Z,2026-01-09T06:27:00Z,0
APP-00140,credit_utilization,0.259,2026-01-09T18:13:00Z,2026-01-09T16:41:00Z,0
APP-00140,debt_to_income,0.288,2026-01-09T18:13:00Z,2026-01-09T03:35:00Z,0
APP-00140,income,66492.0,2026-01-09T18:13:00Z,2026-01-08T09:26:00Z,0
APP-00140,months_employed,163.0,2026-01-09T18:13:00Z,2025-12-31T15:53:00Z,0
APP-00140,prior_delinquencies,0.0,2026-01-09T18:13:00Z,2026-01-09T03:56:00Z,0
APP-00141,credit_utilization,0.609,2026-01-09T20:10:00Z,2026-01-09T16:40:00Z,0
APP-00141,debt_to_income,0.28,2026-01-09T20:10:00Z,2026-01-07T12:20:00Z,0
APP-00141,income,58936.0,2026-01-09T20:10:00Z,2025-12-28T08:03:00Z,0
APP-00141,months_employed,208.0,2026-01-09T20:10:00Z,2026-01-08T01:27:00Z,0
APP-00141,prior_delinquencies,0.0,2026-01-09T20:10:00Z,2026-01-08T11:13:00Z,0
APP-00142,credit_utilization,0.458,2026-01-10T01:10:00Z,2026-01-09T09:07:00Z,0
APP-00142,debt_to_income,0.18,2026-01-10T01:10:00Z,2026-01-09T09:35:00Z,0
APP-00142,income,34441.0,2026-01-10T01:10:00Z,2025-12-25T23:57:00Z,0
APP-00142,months_employed,64.0,2026-01-10T01:10:00Z,2025-12-29T15:29:00Z,0
APP-00142,prior_delinquencies,0.0,2026-01-10T01:10:00Z,2026-01-07T01:19:00Z,0
APP-00143,credit_utilization,0.75,2026-01-10T03:13:00Z,2026-01-10T02:03:00Z,0
APP-00143,debt_to_income,0.484,2026-01-10T03:13:00Z,2026-01-09T06:16:00Z,0
APP-00143,income,20614.0,2026-01-10T03:13:00Z,2025-12-28T20:16:00Z,0
APP-00143,months_employed,7.0,2026-01-10T03:13:00Z,2026-01-03T13:53:00Z,0
APP-00143,prior_delinquencies,1.0,2026-01-10T03:13:00Z,2026-01-09T21:29:00Z,0
APP-00144,credit_utilization,0.275,2026-01-10T05:14:00Z,2026-01-09T10:21:00Z,0
APP-00144,debt_to_income,0.253,2026-01-10T05:14:00Z,2026-01-08T15:18:00Z,0
APP-00144,income,112766.0,2026-01-10T05:14:00Z,2026-01-02T11:32:00Z,0
APP-00144,months_employed,142.0,2026-01-10T05:14:00Z,2025-12-28T16:07:00Z,0
APP-00144,prior_delinquencies,0.0,2026-01-10T05:14:00Z,2026-01-07T16:37:00Z,0
APP-00145,credit_utilization,0.389,2026-01-10T06:23:00Z,2026-01-10T00:38:00Z,0
APP-00145,debt_to_income,0.421,2026-01-10T06:23:00Z,2026-01-09T05:26:00Z,0
APP-00145,income,55541.0,2026-01-10T06:23:00Z,2025-12-18T11:18:00Z,0
APP-00145,months_employed,52.0,2026-01-10T06:23:00Z,2026-01-01T19:21:00Z,0
APP-00145,prior_delinquencies,0.0,2026-01-10T06:23:00Z,2026-01-07T16:55:00Z,0
APP-00146,credit_utilization,0.531,2026-01-10T06:37:00Z,2026-01-09T03:19:00Z,1
APP-00146,debt_to_income,0.569,2026-01-10T06:37:00Z,2026-01-09T22:11:00Z,1
APP-00146,income,22984.0,2026-01-10T06:37:00Z,2025-12-19T03:30:00Z,1
APP-00146,months_employed,133.0,2026-01-10T06:37:00Z,2026-01-03T12:33:00Z,1
APP-00146,prior_delinquencies,0.0,2026-01-10T06:37:00Z,2026-01-08T03:09:00Z,1
APP-00147,credit_utilization,0.503,2026-01-10T06:40:00Z,2026-01-09T13:14:00Z,0
APP-00147,debt_to_income,0.212,2026-01-10T06:40:00Z,2026-01-08T08:13:00Z,0
APP-00147,income,62480.0,2026-01-10T06:40:00Z,2025-12-25T09:19:00Z,0
APP-00147,months_employed,65.0,2026-01-10T06:40:00Z,2025-12-27T17:30:00Z,0
APP-00147,prior_delinquencies,1.0,2026-01-10T06:40:00Z,2026-01-07T04:23:00Z,0
APP-00148,credit_utilization,0.362,2026-01-10T07:28:00Z,2026-01-10T02:56:00Z,0
APP-00148,debt_to_income,0.338,2026-01-10T07:28:00Z,2026-01-07T09:32:00Z,0
APP-00148,income,108316.0,2026-01-10T07:28:00Z,2025-12-14T04:56:00Z,0
APP-00148,months_employed,119.0,2026-01-10T07:28:00Z,2025-12-27T15:05:00Z,0
APP-00148,prior_delinquencies,0.0,2026-01-10T07:28:00Z,2026-01-08T16:52:00Z,0
APP-00149,credit_utilization,0.227,2026-01-10T07:59:00Z,2026-01-08T22:50:00Z,0
APP-00149,debt_to_income,0.312,2026-01-10T07:59:00Z,2026-01-08T01:29:00Z,0
APP-00149,income,64851.0,2026-01-10T07:59:00Z,2025-12-16T16:17:00Z,0
APP-00149,months_employed,237.0,2026-01-10T07:59:00Z,2026-01-02T14:02:00Z,0
APP-00149,prior_delinquencies,2.0,2026-01-10T07:59:00Z,2026-01-09T09:18:00Z,0
APP-00150,credit_utilization,0.416,2026-01-10T11:17:00Z,2026-01-10T03:18:00Z,1
APP-00150,debt_to_income,0.272,2026-01-10T11:17:00Z,2026-01-10T08:00:00Z,1
APP-00150,income,47900.0,2026-01-10T11:17:00Z,2025-12-20T03:18:00Z,1
APP-00150,months_employed,158.0,2026-01-10T11:17:00Z,2025-12-29T02:06:00Z,1
APP-00150,prior_delinquencies,0.0,2026-01-10T11:17:00Z,2026-01-08T17:25:00Z,1
APP-00151,credit_utilization,0.37,2026-01-10T13:21:00Z,2026-01-08T22:59:00Z,0
APP-00151,debt_to_income,0.496,2026-01-10T13:21:00Z,2026-01-08T22:11:00Z,0
APP-00151,income,41506.0,2026-01-10T13:21:00Z,2026-01-05T02:31:00Z,0
APP-00151,months_employed,13.0,2026-01-10T13:21:00Z,2026-01-08T12:22:00Z,0
APP-00151,prior_delinquencies,0.0,2026-01-10T13:21:00Z,2026-01-08T07:10:00Z,0
APP-00152,credit_utilization,0.487,2026-01-10T14:46:00Z,2026-01-08T16:47:00Z,0
APP-00152,debt_to_income,0.334,2026-01-10T14:46:00Z,2026-01-08T08:19:00Z,0
APP-00152,income,53043.0,2026-01-10T14:46:00Z,2025-12-23T19:18:00Z,0
APP-00152,months_employed,34.0,2026-01-10T14:46:00Z,2026-01-07T12:44:00Z,0
APP-00152,prior_delinquencies,1.0,2026-01-10T14:46:00Z,2026-01-09T23:53:00Z,0
APP-00153,credit_utilization,0.814,2026-01-10T15:33:00Z,2026-01-10T11:34:00Z,0
APP-00153,debt_to_income,0.298,2026-01-10T15:33:00Z,2026-01-10T13:41:00Z,0
APP-00153,income,29828.0,2026-01-10T15:33:00Z,2026-01-05T11:02:00Z,0
APP-00153,months_employed,34.0,2026-01-10T15:33:00Z,2026-01-07T07:00:00Z,0
APP-00153,prior_delinquencies,1.0,2026-01-10T15:33:00Z,2026-01-06T20:51:00Z,0
APP-00154,credit_utilization,0.278,2026-01-10T16:18:00Z,2026-01-09T19:45:00Z,0
APP-00154,debt_to_income,0.418,2026-01-10T16:18:00Z,2026-01-07T20:43:00Z,0
APP-00154,income,38306.0,2026-01-10T16:18:00Z,2025-12-18T04:26:00Z,0
APP-00154,months_employed,95.0,2026-01-10T16:18:00Z,2026-01-05T19:27:00Z,0
APP-00154,prior_delinquencies,1.0,2026-01-10T16:18:00Z,2026-01-09T00:41:00Z,0
APP-00155,credit_utilization,0.838,2026-01-10T17:32:00Z,2026-01-09T20:12:00Z,1
APP-00155,debt_to_income,0.485,2026-01-10T17:32:00Z,2026-01-09T13:28:00Z,1
APP-00155,income,58828.0,2026-01-10T17:32:00Z,2026-01-05T13:41:00Z,1
APP-00155,months_employed,29.0,2026-01-10T17:32:00Z,2025-12-28T09:20:00Z,1
APP-00155,prior_delinquencies,0.0,2026-01-10T17:32:00Z,2026-01-07T01:42:00Z,1
APP-00156,credit_utilization,0.445,2026-01-10T17:47:00Z,2026-01-09T18:09:00Z,1
APP-00156,debt_to_income,0.404,2026-01-10T17:47:00Z,2026-01-10T03:00:00Z,1
APP-00156,income,75251.0,2026-01-10T17:47:00Z,2025-12-20T04:33:00Z,1
APP-00156,months_employed,86.0,2026-01-10T17:47:00Z,2025-12-28T13:58:00Z,1
APP-00156,prior_delinquencies,1.0,2026-01-10T17:47:00Z,2026-01-07T03:13:00Z,1
APP-00157,credit_utilization,0.192,2026-01-10T18:47:00Z,2026-01-10T17:22:00Z,0
APP-00157,debt_to_income,0.27,2026-01-10T18:47:00Z,2026-01-09T23:31:00Z,0
APP-00157,income,64423.0,2026-01-10T18:47:00Z,2026-01-04T11:52:00Z,0
APP-00157,months_employed,43.0,2026-01-10T18:47:00Z,2026-01-04T23:26:00Z,0
APP-00157,prior_delinquencies,1.0,2026-01-10T18:47:00Z,2026-01-10T15:45:00Z,0
APP-00158,credit_utilization,0.414,2026-01-10T18:59:00Z,2026-01-09T23:57:00Z,0
APP-00158,debt_to_income,0.452,2026-01-10T18:59:00Z,2026-01-09T17:00:00Z,0
APP-00158,income,52332.0,2026-01-10T18:59:00Z,2025-12-11T19:35:00Z,0
APP-00158,months_employed,217.0,2026-01-10T18:59:00Z,2025-12-31T02:39:00Z,0
APP-00158,prior_delinquencies,1.0,2026-01-10T18:59:00Z,2026-01-09T23:18:00Z,0
APP-00159,credit_utilization,0.299,2026-01-10T19:52:00Z,2026-01-09T09:58:00Z,0
APP-00159,debt_to_income,0.211,2026-01-10T19:52:00Z,2026-01-08T18:11:00Z,0
APP-00159,income,59617.0,2026-01-10T19:52:00Z,2025-12-15T10:21:00Z,0
APP-00159,months_employed,192.0,2026-01-10T19:52:00Z,2025-12-30T09:00:00Z,0
APP-00159,prior_delinquencies,0.0,2026-01-10T19:52:00Z,2026-01-09T07:31:00Z,0
APP-00160,credit_utilization,0.236,2026-01-10T20:13:00Z,2026-01-09T08:20:00Z,0
APP-00160,debt_to_income,0.37,2026-01-10T20:13:00Z,2026-01-10T15:45:00Z,0
APP-00160,income,52817.0,2026-01-10T20:13:00Z,2025-12-15T07:25:00Z,0
APP-00160,months_employed,118.0,2026-01-10T20:13:00Z,2026-01-07T20:36:00Z,0
APP-00160,prior_delinquencies,1.0,2026-01-10T20:13:00Z,2026-01-10T14:16:00Z,0
APP-00161,credit_utilization,0.748,2026-01-11T00:59:00Z,2026-01-09T07:58:00Z,1
APP-00161,debt_to_income,0.59,2026-01-11T00:59:00Z,2026-01-09T15:52:00Z,1
APP-00161,income,45348.0,2026-01-11T00:59:00Z,2026-01-02T22:54:00Z,1
APP-00161,months_employed,239.0,2026-01-11T00:59:00Z,2025-12-29T02:55:00Z,1
APP-00161,prior_delinquencies,4.0,2026-01-11T00:59:00Z,2026-01-07T01:48:00Z,1
APP-00162,credit_utilization,0.166,2026-01-11T01:08:00Z,2026-01-09T16:39:00Z,0
APP-00162,debt_to_income,0.341,2026-01-11T01:08:00Z,2026-01-10T06:58:00Z,0
APP-00162,income,34138.0,2026-01-11T01:08:00Z,2026-01-07T08:51:00Z,0
APP-00162,months_employed,137.0,2026-01-11T01:08:00Z,2026-01-06T03:42:00Z,0
APP-00162,prior_delinquencies,0.0,2026-01-11T01:08:00Z,2026-01-10T18:36:00Z,0
APP-00163,credit_utilization,0.459,2026-01-11T01:15:00Z,2026-01-10T01:32:00Z,0
APP-00163,debt_to_income,0.53,2026-01-11T01:15:00Z,2026-01-10T20:11:00Z,0
APP-00163,income,69893.0,2026-01-11T01:15:00Z,2025-12-17T01:49:00Z,0
APP-00163,months_employed,32.0,2026-01-11T01:15:00Z,2026-01-06T02:59:00Z,0
APP-00163,prior_delinquencies,0.0,2026-01-11T01:15:00Z,2026-01-08T17:57:00Z,0
APP-00164,credit_utilization,0.376,2026-01-11T02:47:00Z,2026-01-10T14:44:00Z,0
APP-00164,debt_to_income,0.22,2026-01-11T02:47:00Z,2026-01-10T16:03:00Z,0
APP-00164,income,33525.0,2026-01-11T02:47:00Z,2025-12-18T20:23:00Z,0
APP-00164,months_employed,179.0,2026-01-11T02:47:00Z,2025-12-29T09:11:00Z,0
APP-00164,prior_delinquencies,0.0,2026-01-11T02:47:00Z,2026-01-07T06:39:00Z,0
APP-00165,credit_utilization,0.495,2026-01-11T06:48:00Z,2026-01-10T14:23:00Z,0
APP-00165,debt_to_income,0.573,2026-01-11T06:48:00Z,2026-01-08T18:06:00Z,0
APP-00165,income,33141.0,2026-01-11T06:48:00Z,2025-12-14T00:41:00Z,0
APP-00165,months_employed,20.0,2026-01-11T06:48:00Z,2026-01-06T22:36:00Z,0
APP-00165,prior_delinquencies,2.0,2026-01-11T06:48:00Z,2026-01-07T12:21:00Z,0
APP-00166,credit_utilization,0.313,2026-01-11T08:21:00Z,2026-01-10T22:27:00Z,0
APP-00166,debt_to_income,0.181,2026-01-11T08:21:00Z,2026-01-10T19:06:00Z,0
APP-00166,income,52202.0,2026-01-11T08:21:00Z,2026-01-06T05:44:00Z,0
APP-00166,months_employed,146.0,2026-01-11T08:21:00Z,2026-01-01T13:04:00Z,0
APP-00166,prior_delinquencies,0.0,2026-01-11T08:21:00Z,2026-01-07T11:48:00Z,0
APP-00167,credit_utilization,0.045,2026-01-11T09:14:00Z,2026-01-10T12:36:00Z,0
APP-00167,debt_to_income,0.285,2026-01-11T09:14:00Z,2026-01-09T12:17:00Z,0
APP-00167,income,78370.0,2026-01-11T09:14:00Z,2025-12-18T22:41:00Z,0
APP-00167,months_employed,100.0,2026-01-11T09:14:00Z,2026-01-04T19:41:00Z,0
APP-00167,prior_delinquencies,1.0,2026-01-11T09:14:00Z,2026-01-10T00:12:00Z,0
APP-00168,credit_utilization,0.731,2026-01-11T10:05:00Z,2026-01-10T20:33:00Z,0
APP-00168,debt_to_income,0.448,2026-01-11T10:05:00Z,2026-01-10T16:33:00Z,0
APP-00168,income,25642.0,2026-01-11T10:05:00Z,2025-12-13T02:14:00Z,0
APP-00168,months_employed,210.0,2026-01-11T10:05:00Z,2025-12-30T01:34:00Z,0
APP-00168,prior_delinquencies,0.0,2026-01-11T10:05:00Z,2026-01-09T08:57:00Z,0
APP-00169,credit_utilization,0.274,2026-01-11T11:44:00Z,2026-01-11T00:29:00Z,0
APP-00169,debt_to_income,0.284,2026-01-11T11:44:00Z,2026-01-11T06:19:00Z,0
APP-00169,income,33791.0,2026-01-11T11:44:00Z,2026-01-09T05:25:00Z,0
APP-00169,months_employed,36.0,2026-01-11T11:44:00Z,2026-01-05T04:33:00Z,0
APP-00169,prior_delinquencies,1.0,2026-01-11T11:44:00Z,2026-01-09T10:58:00Z,0
APP-00170,credit_utilization,0.272,2026-01-11T12:04:00Z,2026-01-09T15:59:00Z,0
APP-00170,debt_to_income,0.3,2026-01-11T12:04:00Z,2026-01-10T02:12:00Z,0
APP-00170,income,49693.0,2026-01-11T12:04:00Z,2025-12-17T13:22:00Z,0
APP-00170,months_employed,201.0,2026-01-11T12:04:00Z,2026-01-04T16:14:00Z,0
APP-00170,prior_delinquencies,0.0,2026-01-11T12:04:00Z,2026-01-09T23:30:00Z,0
APP-00171,credit_utilization,0.191,2026-01-11T12:11:00Z,2026-01-11T04:22:00Z,0
APP-00171,debt_to_income,0.252,2026-01-11T12:11:00Z,2026-01-09T04:17:00Z,0
APP-00171,income,67771.0,2026-01-11T12:11:00Z,2025-12-20T06:26:00Z,0
APP-00171,months_employed,160.0,2026-01-11T12:11:00Z,2026-01-01T16:13:00Z,0
APP-00171,prior_delinquencies,0.0,2026-01-11T12:11:00Z,2026-01-09T08:07:00Z,0
APP-00172,credit_utilization,0.4,2026-01-11T12:50:00Z,2026-01-10T16:30:00Z,0
APP-00172,debt_to_income,0.299,2026-01-11T12:50:00Z,2026-01-11T02:52:00Z,0
APP-00172,income,49157.0,2026-01-11T12:50:00Z,2025-12-24T16:08:00Z,0
APP-00172,months_employed,148.0,2026-01-11T12:50:00Z,2026-01-02T00:23:00Z,0
APP-00172,prior_delinquencies,1.0,2026-01-11T12:50:00Z,2026-01-10T12:05:00Z,0
APP-00173,credit_utilization,0.478,2026-01-11T13:00:00Z,2026-01-09T15:19:00Z,0
APP-00173,debt_to_income,0.326,2026-01-11T13:00:00Z,2026-01-09T21:46:00Z,0
APP-00173,income,120066.0,2026-01-11T13:00:00Z,2026-01-02T05:40:00Z,0
APP-00173,months_employed,42.0,2026-01-11T13:00:00Z,2025-12-31T19:44:00Z,0
APP-00173,prior_delinquencies,2.0,2026-01-11T13:00:00Z,2026-01-10T00:55:00Z,0
APP-00174,credit_utilization,0.617,2026-01-11T13:51:00Z,2026-01-10T00:59:00Z,1
APP-00174,debt_to_income,0.389,2026-01-11T13:51:00Z,2026-01-10T16:28:00Z,1
APP-00174,income,57848.0,2026-01-11T13:51:00Z,2026-01-03T01:43:00Z,1
APP-00174,months_employed,71.0,2026-01-11T13:51:00Z,2026-01-09T01:29:00Z,1
APP-00174,prior_delinquencies,2.0,2026-01-11T13:51:00Z,2026-01-10T16:27:00Z,1
APP-00175,credit_utilization,0.512,2026-01-11T14:48:00Z,2026-01-09T15:57:00Z,0
APP-00175,debt_to_income,0.3,2026-01-11T14:48:00Z,2026-01-08T18:26:00Z,0
APP-00175,income,43500.0,2026-01-11T14:48:00Z,2025-12-17T18:40:00Z,0
APP-00175,months_employed,233.0,2026-01-11T14:48:00Z,2026-01-04T13:42:00Z,0
APP-00175,prior_delinquencies,1.0,2026-01-11T14:48:00Z,2026-01-10T12:01:00Z,0
APP-00176,credit_utilization,0.295,2026-01-11T15:36:00Z,2026-01-11T09:36:00Z,0
APP-00176,debt_to_income,0.311,2026-01-11T15:36:00Z,2026-01-08T17:17:00Z,0
APP-00176,income,39670.0,2026-01-11T15:36:00Z,2025-12-23T00:08:00Z,0
APP-00176,months_employed,99.0,2026-01-11T15:36:00Z,2026-01-08T03:01:00Z,0
APP-00176,prior_delinquencies,0.0,2026-01-11T15:36:00Z,2026-01-09T23:18:00Z,0
APP-00177,credit_utilization,0.702,2026-01-11T15:36:00Z,2026-01-10T13:33:00Z,0
APP-00177,debt_to_income,0.484,2026-01-11T15:36:00Z,2026-01-10T00:45:00Z,0
APP-00177,income,39086.0,2026-01-11T15:36:00Z,2025-12-24T12:40:00Z,0
APP-00177,months_employed,2.0,2026-01-11T15:36:00Z,2026-01-01T00:04:00Z,0
APP-00177,prior_delinquencies,1.0,2026-01-11T15:36:00Z,2026-01-10T06:16:00Z,0
APP-00178,credit_utilization,0.818,2026-01-11T16:22:00Z,2026-01-10T01:41:00Z,1
APP-00178,debt_to_income,0.342,2026-01-11T16:22:00Z,2026-01-09T08:07:00Z,1
APP-00178,income,49905.0,2026-01-11T16:22:00Z,2025-12-16T14:59:00Z,1
APP-00178,months_employed,216.0,2026-01-11T16:22:00Z,2026-01-06T00:29:00Z,1
APP-00178,prior_delinquencies,1.0,2026-01-11T16:22:00Z,2026-01-07T20:25:00Z,1
APP-00179,credit_utilization,0.408,2026-01-11T16:30:00Z,2026-01-11T07:32:00Z,0
APP-00179,debt_to_income,0.276,2026-01-11T16:30:00Z,2026-01-09T22:09:00Z,0
APP-00179,income,39439.0,2026-01-11T16:30:00Z,2025-12-23T09:27:00Z,0
APP-00179,months_employed,4.0,2026-01-11T16:30:00Z,2026-01-04T05:39:00Z,0
APP-00179,prior_delinquencies,0.0,2026-01-11T16:30:00Z,2026-01-10T11:23:00Z,0
APP-00180,credit_utilization,0.778,2026-01-11T17:47:00Z,2026-01-10T15:17:00Z,0
APP-00180,debt_to_income,0.471,2026-01-11T17:47:00Z,2026-01-11T02:57:00Z,0
APP-00180,income,24658.0,2026-01-11T17:47:00Z,2026-01-06T03:27:00Z,0
APP-00180,months_employed,219.0,2026-01-11T17:47:00Z,2026-01-06T20:05:00Z,0
APP-00180,prior_delinquencies,1.0,2026-01-11T17:47:00Z,2026-01-11T07:54:00Z,0
APP-00181,credit_utilization,0.195,2026-01-11T18:06:00Z,2026-01-10T16:49:00Z,0
APP-00181,debt_to_income,0.25,2026-01-11T18:06:00Z,2026-01-11T00:09:00Z,0
APP-00181,income,39996.0,2026-01-11T18:06:00Z,2026-01-09T16:07:00Z,0
APP-00181,months_employed,76.0,2026-01-11T18:06:00Z,2025-12-28T22:00:00Z,0
APP-00181,prior_delinquencies,0.0,2026-01-11T18:06:00Z,2026-01-11T01:58:00Z,0
APP-00182,credit_utilization,0.309,2026-01-11T19:17:00Z,2026-01-09T20:52:00Z,0
APP-00182,debt_to_income,0.351,2026-01-11T19:17:00Z,2026-01-09T04:59:00Z,0
APP-00182,income,69227.0,2026-01-11T19:17:00Z,2025-12-24T07:19:00Z,0
APP-00182,months_employed,50.0,2026-01-11T19:17:00Z,2026-01-03T19:20:00Z,0
APP-00182,prior_delinquencies,1.0,2026-01-11T19:17:00Z,2026-01-10T00:05:00Z,0
APP-00183,credit_utilization,0.0,2026-01-11T20:36:00Z,2026-01-11T09:12:00Z,0
APP-00183,debt_to_income,0.152,2026-01-11T20:36:00Z,2026-01-11T10:32:00Z,0
APP-00183,income,119770.0,2026-01-11T20:36:00Z,2026-01-06T16:08:00Z,0
APP-00183,months_employed,95.0,2026-01-11T20:36:00Z,2026-01-06T00:55:00Z,0
APP-00183,prior_delinquencies,0.0,2026-01-11T20:36:00Z,2026-01-09T05:31:00Z,0
APP-00184,credit_utilization,0.621,2026-01-12T00:23:00Z,2026-01-11T14:50:00Z,1
APP-00184,debt_to_income,0.299,2026-01-12T00:23:00Z,2026-01-10T10:20:00Z,1
APP-00184,income,45946.0,2026-01-12T00:23:00Z,2025-12-17T05:06:00Z,1
APP-00184,months_employed,34.0,2026-01-12T00:23:00Z,2026-01-04T22:03:00Z,1
APP-00184,prior_delinquencies,1.0,2026-01-12T00:23:00Z,2026-01-08T11:14:00Z,1
APP-00185,credit_utilization,0.488,2026-01-12T00:59:00Z,2026-01-10T11:29:00Z,0
APP-00185,debt_to_income,0.286,2026-01-12T00:59:00Z,2026-01-09T15:11:00Z,0
APP-00185,income,69790.0,2026-01-12T00:59:00Z,2025-12-18T10:51:00Z,0
APP-00185,months_employed,65.0,2026-01-12T00:59:00Z,2026-01-05T09:22:00Z,0
APP-00185,prior_delinquencies,0.0,2026-01-12T00:59:00Z,2026-01-09T06:38:00Z,0
APP-00186,credit_utilization,0.002,2026-01-12T03:19:00Z,2026-01-10T12:45:00Z,0
APP-00186,debt_to_income,0.326,2026-01-12T03:19:00Z,2026-01-10T11:30:00Z,0
APP-00186,income,131998.0,2026-01-12T03:19:00Z,2026-01-08T18:08:00Z,0
APP-00186,months_employed,192.0,2026-01-12T03:19:00Z,2026-01-06T03:58:00Z,0
APP-00186,prior_delinquencies,0.0,2026-01-12T03:19:00Z,2026-01-09T12:22:00Z,0
APP-00187,credit_utilization,0.09,2026-01-12T03:23:00Z,2026-01-10T19:19:00Z,0
APP-00187,debt_to_income,0.228,2026-01-12T03:23:00Z,2026-01-11T19:35:00Z,0
APP-00187,income,59936.0,2026-01-12T03:23:00Z,2025-12-27T18:08:00Z,0
APP-00187,months_employed,114.0,2026-01-12T03:23:00Z,2026-01-01T02:16:00Z,0
APP-00187,prior_delinquencies,0.0,2026-01-12T03:23:00Z,2026-01-11T04:02:00Z,0
APP-00188,credit_utilization,0.362,2026-01-12T08:06:00Z,2026-01-11T17:51:00Z,0
APP-00188,debt_to_income,0.428,2026-01-12T08:06:00Z,2026-01-09T09:34:00Z,0
APP-00188,income,21544.0,2026-01-12T08:06:00Z,2026-01-08T21:56:00Z,0
APP-00188,months_employed,87.0,2026-01-12T08:06:00Z,2026-01-07T20:29:00Z,0
APP-00188,prior_delinquencies,1.0,2026-01-12T08:06:00Z,2026-01-11T18:49:00Z,0
APP-00189,credit_utilization,0.447,2026-01-12T10:19:00Z,2026-01-10T19:37:00Z,0
APP-00189,debt_to_income,0.264,2026-01-12T10:19:00Z,2026-01-10T23:27:00Z,0
APP-00189,income,27772.0,2026-01-12T10:19:00Z,2026-01-01T04:21:00Z,0
APP-00189,months_employed,135.0,2026-01-12T10:19:00Z,2025-12-30T22:44:00Z,0
APP-00189,prior_delinquencies,0.0,2026-01-12T10:19:00Z,2026-01-11T03:44:00Z,0
APP-00190,credit_utilization,0.363,2026-01-12T11:40:00Z,2026-01-11T15:01:00Z,0
APP-00190,debt_to_income,0.196,2026-01-12T11:40:00Z,2026-01-10T04:03:00Z,0
APP-00190,income,125000.0,2026-01-12T11:40:00Z,2025-12-17T11:24:00Z,0
APP-00190,months_employed,202.0,2026-01-12T11:40:00Z,2026-01-02T03:25:00Z,0
APP-00190,prior_delinquencies,0.0,2026-01-12T11:40:00Z,2026-01-10T01:58:00Z,0
APP-00191,credit_utilization,0.0,2026-01-12T12:23:00Z,2026-01-11T11:53:00Z,0
APP-00191,debt_to_income,0.138,2026-01-12T12:23:00Z,2026-01-10T15:41:00Z,0
APP-00191,income,70366.0,2026-01-12T12:23:00Z,2025-12-31T15:22:00Z,0
APP-00191,months_employed,0.0,2026-01-12T12:23:00Z,2026-01-10T02:52:00Z,0
APP-00191,prior_delinquencies,0.0,2026-01-12T12:23:00Z,2026-01-08T13:47:00Z,0
APP-00192,credit_utilization,0.101,2026-01-12T13:05:00Z,2026-01-11T18:41:00Z,0
APP-00192,debt_to_income,0.407,2026-01-12T13:05:00Z,2026-01-10T20:19:00Z,0
APP-00192,income,66165.0,2026-01-12T13:05:00Z,2026-01-04T12:36:00Z,0
APP-00192,months_employed,121.0,2026-01-12T13:05:00Z,2026-01-07T14:26:00Z,0
APP-00192,prior_delinquencies,1.0,2026-01-12T13:05:00Z,2026-01-10T10:33:00Z,0
APP-00193,credit_utilization,0.566,2026-01-12T13:15:00Z,2026-01-11T18:57:00Z,0
APP-00193,debt_to_income,0.282,2026-01-12T13:15:00Z,2026-01-11T21:28:00Z,0
APP-00193,income,35868.0,2026-01-12T13:15:00Z,2025-12-22T03:03:00Z,0
APP-00193,months_employed,151.0,2026-01-12T13:15:00Z,2026-01-03T16:26:00Z,0
APP-00193,prior_delinquencies,0.0,2026-01-12T13:15:00Z,2026-01-09T21:54:00Z,0
APP-00194,credit_utilization,0.72,2026-01-12T13:19:00Z,2026-01-10T14:55:00Z,1
APP-00194,debt_to_income,0.353,2026-01-12T13:19:00Z,2026-01-10T10:05:00Z,1
APP-00194,income,36950.0,2026-01-12T13:19:00Z,2025-12-16T03:56:00Z,1
APP-00194,months_employed,90.0,2026-01-12T13:19:00Z,2026-01-09T23:14:00Z,1
APP-00194,prior_delinquencies,3.0,2026-01-12T13:19:00Z,2026-01-11T23:08:00Z,1
APP-00195,credit_utilization,0.274,2026-01-12T14:17:00Z,2026-01-11T00:13:00Z,0
APP-00195,debt_to_income,0.336,2026-01-12T14:17:00Z,2026-01-10T02:22:00Z,0
APP-00195,income,45393.0,2026-01-12T14:17:00Z,2025-12-24T16:59:00Z,0
APP-00195,months_employed,53.0,2026-01-12T14:17:00Z,2026-01-01T14:24:00Z,0
APP-00195,prior_delinquencies,0.0,2026-01-12T14:17:00Z,2026-01-11T06:29:00Z,0
APP-00196,credit_utilization,0.302,2026-01-12T14:33:00Z,2026-01-11T17:30:00Z,0
APP-00196,debt_to_income,0.495,2026-01-12T14:33:00Z,2026-01-09T20:16:00Z,0
APP-00196,income,93296.0,2026-01-12T14:33:00Z,2025-12-19T19:50:00Z,0
APP-00196,months_employed,219.0,2026-01-12T14:33:00Z,2026-01-08T19:12:00Z,0
APP-00196,prior_delinquencies,1.0,2026-01-12T14:33:00Z,2026-01-11T23:06:00Z,0
APP-00197,credit_utilization,0.601,2026-01-12T16:40:00Z,2026-01-12T14:41:00Z,0
APP-00197,debt_to_income,0.373,2026-01-12T16:40:00Z,2026-01-10T06:10:00Z,0
APP-00197,income,42971.0,2026-01-12T16:40:00Z,2025-12-28T00:24:00Z,0
APP-00197,months_employed,89.0,2026-01-12T16:40:00Z,2026-01-10T16:56:00Z,0
APP-00197,prior_delinquencies,1.0,2026-01-12T16:40:00Z,2026-01-11T02:51:00Z,0
APP-00198,credit_utilization,0.21,2026-01-12T17:47:00Z,2026-01-11T21:51:00Z,0
APP-00198,debt_to_income,0.101,2026-01-12T17:47:00Z,2026-01-10T14:20:00Z,0
APP-00198,income,55233.0,2026-01-12T17:47:00Z,2025-12-27T07:29:00Z,0
APP-00198,months_employed,63.0,2026-01-12T17:47:00Z,2026-01-02T19:28:00Z,0
APP-00198,prior_delinquencies,0.0,2026-01-12T17:47:00Z,2026-01-08T19:12:00Z,0
APP-00199,credit_utilization,0.495,2026-01-12T19:20:00Z,2026-01-12T00:48:00Z,0
APP-00199,debt_to_income,0.242,2026-01-12T19:20:00Z,2026-01-10T18:20:00Z,0
APP-00199,income,42418.0,2026-01-12T19:20:00Z,2026-01-07T11:18:00Z,0
APP-00199,months_employed,11.0,2026-01-12T19:20:00Z,2026-01-05T09:55:00Z,0
APP-00199,prior_delinquencies,0.0,2026-01-12T19:20:00Z,2026-01-10T12:31:00Z,0
APP-00200,credit_utilization,0.232,2026-01-12T19:53:00Z,2026-01-11T11:08:00Z,0
APP-00200,debt_to_income,0.145,2026-01-12T19:53:00Z,2026-01-11T14:01:00Z,0
APP-00200,income,45855.0,2026-01-12T19:53:00Z,2025-12-25T23:44:00Z,0
APP-00200,months_employed,6.0,2026-01-12T19:53:00Z,2026-01-11T05:31:00Z,0
APP-00200,prior_delinquencies,0.0,2026-01-12T19:53:00Z,2026-01-11T08:42:00Z,0
APP-00201,credit_utilization,0.26,2026-01-12T20:54:00Z,2026-01-11T03:04:00Z,0
APP-00201,debt_to_income,0.338,2026-01-12T20:54:00Z,2026-01-11T18:44:00Z,0
APP-00201,income,89402.0,2026-01-12T20:54:00Z,2026-01-10T08:03:00Z,0
APP-00201,months_employed,70.0,2026-01-12T20:54:00Z,2025-12-30T06:22:00Z,0
APP-00201,prior_delinquencies,0.0,2026-01-12T20:54:00Z,2026-01-12T12:58:00Z,0
APP-00202,credit_utilization,0.151,2026-01-12T21:10:00Z,2026-01-12T09:28:00Z,0
APP-00202,debt_to_income,0.221,2026-01-12T21:10:00Z,2026-01-12T16:09:00Z,0
APP-00202,income,76613.0,2026-01-12T21:10:00Z,2026-01-05T23:03:00Z,0
APP-00202,months_employed,33.0,2026-01-12T21:10:00Z,2026-01-09T07:46:00Z,0
APP-00202,prior_delinquencies,0.0,2026-01-12T21:10:00Z,2026-01-09T05:19:00Z,0
APP-00203,credit_utilization,0.205,2026-01-12T21:33:00Z,2026-01-11T09:23:00Z,0
APP-00203,debt_to_income,0.504,2026-01-12T21:33:00Z,2026-01-11T06:34:00Z,0
APP-00203,income,48599.0,2026-01-12T21:33:00Z,2026-01-10T14:23:00Z,0
APP-00203,months_employed,96.0,2026-01-12T21:33:00Z,2026-01-08T10:35:00Z,0
APP-00203,prior_delinquencies,2.0,2026-01-12T21:33:00Z,2026-01-09T12:50:00Z,0
APP-00204,credit_utilization,0.138,2026-01-12T22:19:00Z,2026-01-12T20:06:00Z,0
APP-00204,debt_to_income,0.179,2026-01-12T22:19:00Z,2026-01-10T17:58:00Z,0
APP-00204,income,91234.0,2026-01-12T22:19:00Z,2025-12-29T08:02:00Z,0
APP-00204,months_employed,198.0,2026-01-12T22:19:00Z,2026-01-10T07:59:00Z,0
APP-00204,prior_delinquencies,0.0,2026-01-12T22:19:00Z,2026-01-09T21:49:00Z,0
APP-00205,credit_utilization,0.321,2026-01-13T02:37:00Z,2026-01-12T09:24:00Z,0
APP-00205,debt_to_income,0.257,2026-01-13T02:37:00Z,2026-01-11T07:50:00Z,0
APP-00205,income,65773.0,2026-01-13T02:37:00Z,2026-01-11T22:04:00Z,0
APP-00205,months_employed,24.0,2026-01-13T02:37:00Z,2026-01-05T10:46:00Z,0
APP-00205,prior_delinquencies,0.0,2026-01-13T02:37:00Z,2026-01-10T13:42:00Z,0
APP-00206,credit_utilization,0.886,2026-01-13T02:50:00Z,2026-01-12T22:31:00Z,0
APP-00206,debt_to_income,0.422,2026-01-13T02:50:00Z,2026-01-10T14:10:00Z,0
APP-00206,income,24526.0,2026-01-13T02:50:00Z,2026-01-09T09:54:00Z,0
APP-00206,months_employed,134.0,2026-01-13T02:50:00Z,2026-01-09T23:35:00Z,0
APP-00206,prior_delinquencies,0.0,2026-01-13T02:50:00Z,2026-01-10T07:44:00Z,0
APP-00207,credit_utilization,0.282,2026-01-13T03:28:00Z,2026-01-12T14:48:00Z,0
APP-00207,debt_to_income,0.323,2026-01-13T03:28:00Z,2026-01-12T23:21:00Z,0
APP-00207,income,54950.0,2026-01-13T03:28:00Z,2025-12-27T08:47:00Z,0
APP-00207,months_employed,72.0,2026-01-13T03:28:00Z,2026-01-03T01:08:00Z,0
APP-00207,prior_delinquencies,0.0,2026-01-13T03:28:00Z,2026-01-09T06:42:00Z,0
APP-00208,credit_utilization,0.258,2026-01-13T04:18:00Z,2026-01-13T01:07:00Z,0
APP-00208,debt_to_income,0.304,2026-01-13T04:18:00Z,2026-01-13T03:08:00Z,0
APP-00208,income,48985.0,2026-01-13T04:18:00Z,2025-12-29T06:29:00Z,0
APP-00208,months_employed,47.0,2026-01-13T04:18:00Z,2026-01-06T19:55:00Z,0
APP-00208,prior_delinquencies,1.0,2026-01-13T04:18:00Z,2026-01-09T04:18:00Z,0
APP-00209,credit_utilization,0.071,2026-01-13T04:55:00Z,2026-01-11T23:35:00Z,0
APP-00209,debt_to_income,0.235,2026-01-13T04:55:00Z,2026-01-12T15:49:00Z,0
APP-00209,income,26885.0,2026-01-13T04:55:00Z,2026-01-06T23:13:00Z,0
APP-00209,months_employed,42.0,2026-01-13T04:55:00Z,2026-01-01T15:58:00Z,0
APP-00209,prior_delinquencies,0.0,2026-01-13T04:55:00Z,2026-01-11T02:29:00Z,0
APP-00210,credit_utilization,0.194,2026-01-13T09:46:00Z,2026-01-12T06:26:00Z,0
APP-00210,debt_to_income,0.284,2026-01-13T09:46:00Z,2026-01-11T04:28:00Z,0
APP-00210,income,68772.0,2026-01-13T09:46:00Z,2026-01-03T21:17:00Z,0
APP-00210,months_employed,130.0,2026-01-13T09:46:00Z,2025-12-31T22:37:00Z,0
APP-00210,prior_delinquencies,0.0,2026-01-13T09:46:00Z,2026-01-10T12:27:00Z,0
APP-00211,credit_utilization,0.32,2026-01-13T14:58:00Z,2026-01-12T09:49:00Z,0
APP-00211,debt_to_income,0.517,2026-01-13T14:58:00Z,2026-01-10T19:02:00Z,0
APP-00211,income,34063.0,2026-01-13T14:58:00Z,2026-01-07T22:48:00Z,0
APP-00211,months_employed,232.0,2026-01-13T14:58:00Z,2026-01-02T15:48:00Z,0
APP-00211,prior_delinquencies,0.0,2026-01-13T14:58:00Z,2026-01-11T13:20:00Z,0
APP-00212,credit_utilization,0.566,2026-01-13T15:33:00Z,2026-01-12T23:19:00Z,0
APP-00212,debt_to_income,0.338,2026-01-13T15:33:00Z,2026-01-11T03:19:00Z,0
APP-00212,income,50962.0,2026-01-13T15:33:00Z,2025-12-17T00:29:00Z,0
APP-00212,months_employed,12.0,2026-01-13T15:33:00Z,2026-01-07T22:45:00Z,0
APP-00212,prior_delinquencies,1.0,2026-01-13T15:33:00Z,2026-01-13T02:55:00Z,0
APP-00213,credit_utilization,0.545,2026-01-13T15:41:00Z,2026-01-13T02:19:00Z,1
APP-00213,debt_to_income,0.388,2026-01-13T15:41:00Z,2026-01-12T21:07:00Z,1
APP-00213,income,30559.0,2026-01-13T15:41:00Z,2026-01-05T21:39:00Z,1
APP-00213,months_employed,23.0,2026-01-13T15:41:00Z,2026-01-02T11:22:00Z,1
APP-00213,prior_delinquencies,1.0,2026-01-13T15:41:00Z,2026-01-12T15:52:00Z,1
APP-00214,credit_utilization,0.576,2026-01-13T17:05:00Z,2026-01-12T17:42:00Z,0
APP-00214,debt_to_income,0.295,2026-01-13T17:05:00Z,2026-01-13T11:15:00Z,0
APP-00214,income,55477.0,2026-01-13T17:05:00Z,2025-12-27T08:26:00Z,0
APP-00214,months_employed,203.0,2026-01-13T17:05:00Z,2026-01-10T10:50:00Z,0
APP-00214,prior_delinquencies,1.0,2026-01-13T17:05:00Z,2026-01-10T16:23:00Z,0
APP-00215,credit_utilization,0.391,2026-01-13T19:54:00Z,2026-01-13T14:25:00Z,0
APP-00215,debt_to_income,0.344,2026-01-13T19:54:00Z,2026-01-12T11:42:00Z,0
APP-00215,income,95571.0,2026-01-13T19:54:00Z,2025-12-25T20:14:00Z,0
APP-00215,months_employed,99.0,2026-01-13T19:54:00Z,2026-01-09T03:10:00Z,0
APP-00215,prior_delinquencies,1.0,2026-01-13T19:54:00Z,2026-01-09T23:34:00Z,0
APP-00216,credit_utilization,0.62,2026-01-13T22:00:00Z,2026-01-12T02:14:00Z,0
APP-00216,debt_to_income,0.325,2026-01-13T22:00:00Z,2026-01-12T00:14:00Z,0
APP-00216,income,62089.0,2026-01-13T22:00:00Z,2026-01-07T17:31:00Z,0
APP-00216,months_employed,219.0,2026-01-13T22:00:00Z,2026-01-05T08:30:00Z,0
APP-00216,prior_delinquencies,1.0,2026-01-13T22:00:00Z,2026-01-13T15:56:00Z,0
APP-00217,credit_utilization,0.477,2026-01-14T00:14:00Z,2026-01-13T00:03:00Z,0
APP-00217,debt_to_income,0.275,2026-01-14T00:14:00Z,2026-01-13T01:24:00Z,0
APP-00217,income,41627.0,2026-01-14T00:14:00Z,2026-01-09T07:50:00Z,0
APP-00217,months_employed,230.0,2026-01-14T00:14:00Z,2026-01-03T22:32:00Z,0
APP-00217,prior_delinquencies,0.0,2026-01-14T00:14:00Z,2026-01-10T04:07:00Z,0
APP-00218,credit_utilization,0.36,2026-01-14T00:49:00Z,2026-01-13T04:16:00Z,0
APP-00218,debt_to_income,0.262,2026-01-14T00:49:00Z,2026-01-13T17:32:00Z,0
APP-00218,income,33446.0,2026-01-14T00:49:00Z,2026-01-07T03:39:00Z,0
APP-00218,months_employed,116.0,2026-01-14T00:49:00Z,2026-01-11T16:40:00Z,0
APP-00218,prior_delinquencies,0.0,2026-01-14T00:49:00Z,2026-01-13T14:37:00Z,0
APP-00219,credit_utilization,0.402,2026-01-14T01:30:00Z,2026-01-13T23:54:00Z,0
APP-00219,debt_to_income,0.391,2026-01-14T01:30:00Z,2026-01-11T14:46:00Z,0
APP-00219,income,26156.0,2026-01-14T01:30:00Z,2026-01-06T10:27:00Z,0
APP-00219,months_employed,65.0,2026-01-14T01:30:00Z,2026-01-12T03:50:00Z,0
APP-00219,prior_delinquencies,1.0,2026-01-14T01:30:00Z,2026-01-12T00:43:00Z,0
APP-00220,credit_utilization,0.693,2026-01-14T01:50:00Z,2026-01-12T08:17:00Z,0
APP-00220,debt_to_income,0.509,2026-01-14T01:50:00Z,2026-01-12T18:44:00Z,0
APP-00220,income,23575.0,2026-01-14T01:50:00Z,2026-01-01T10:16:00Z,0
APP-00220,months_employed,36.0,2026-01-14T01:50:00Z,2026-01-11T15:52:00Z,0
APP-00220,prior_delinquencies,0.0,2026-01-14T01:50:00Z,2026-01-12T18:46:00Z,0
APP-00221,credit_utilization,0.824,2026-01-14T02:28:00Z,2026-01-12T17:16:00Z,0
APP-00221,debt_to_income,0.53,2026-01-14T02:28:00Z,2026-01-11T18:37:00Z,0
APP-00221,income,36302.0,2026-01-14T02:28:00Z,2025-12-30T03:27:00Z,0
APP-00221,months_employed,214.0,2026-01-14T02:28:00Z,2026-01-03T22:05:00Z,0
APP-00221,prior_delinquencies,0.0,2026-01-14T02:28:00Z,2026-01-13T02:29:00Z,0
APP-00222,credit_utilization,0.395,2026-01-14T03:03:00Z,2026-01-12T21:35:00Z,0
APP-00222,debt_to_income,0.519,2026-01-14T03:03:00Z,2026-01-11T19:33:00Z,0
APP-00222,income,95696.0,2026-01-14T03:03:00Z,2025-12-15T20:03:00Z,0
APP-00222,months_employed,131.0,2026-01-14T03:03:00Z,2026-01-09T02:18:00Z,0
APP-00222,prior_delinquencies,1.0,2026-01-14T03:03:00Z,2026-01-12T00:49:00Z,0
APP-00223,credit_utilization,0.162,2026-01-14T06:02:00Z,2026-01-13T12:59:00Z,0
APP-00223,debt_to_income,0.115,2026-01-14T06:02:00Z,2026-01-13T03:43:00Z,0
APP-00223,income,50787.0,2026-01-14T06:02:00Z,2025-12-17T10:35:00Z,0
APP-00223,months_employed,230.0,2026-01-14T06:02:00Z,2026-01-11T17:00:00Z,0
APP-00223,prior_delinquencies,1.0,2026-01-14T06:02:00Z,2026-01-10T22:31:00Z,0
APP-00224,credit_utilization,0.0,2026-01-14T07:45:00Z,2026-01-12T15:58:00Z,0
APP-00224,debt_to_income,0.165,2026-01-14T07:45:00Z,2026-01-13T02:38:00Z,0
APP-00224,income,31465.0,2026-01-14T07:45:00Z,2025-12-24T09:00:00Z,0
APP-00224,months_employed,10.0,2026-01-14T07:45:00Z,2025-12-31T19:36:00Z,0
APP-00224,prior_delinquencies,0.0,2026-01-14T07:45:00Z,2026-01-13T21:03:00Z,0
APP-00225,credit_utilization,0.181,2026-01-14T07:46:00Z,2026-01-13T18:46:00Z,0
APP-00225,debt_to_income,0.312,2026-01-14T07:46:00Z,2026-01-11T16:33:00Z,0
APP-00225,income,35443.0,2026-01-14T07:46:00Z,2025-12-17T04:22:00Z,0
APP-00225,months_employed,59.0,2026-01-14T07:46:00Z,2026-01-03T02:11:00Z,0
APP-00225,prior_delinquencies,0.0,2026-01-14T07:46:00Z,2026-01-10T21:09:00Z,0
APP-00226,credit_utilization,0.218,2026-01-14T07:55:00Z,2026-01-13T11:35:00Z,0
APP-00226,debt_to_income,0.116,2026-01-14T07:55:00Z,2026-01-12T13:46:00Z,0
APP-00226,income,75056.0,2026-01-14T07:55:00Z,2025-12-16T05:36:00Z,0
APP-00226,months_employed,167.0,2026-01-14T07:55:00Z,2026-01-10T00:29:00Z,0
APP-00226,prior_delinquencies,0.0,2026-01-14T07:55:00Z,2026-01-10T23:57:00Z,0
APP-00227,credit_utilization,0.546,2026-01-14T08:39:00Z,2026-01-13T05:17:00Z,0
APP-00227,debt_to_income,0.306,2026-01-14T08:39:00Z,2026-01-14T06:50:00Z,0
APP-00227,income,37049.0,2026-01-14T08:39:00Z,2026-01-04T22:22:00Z,0
APP-00227,months_employed,96.0,2026-01-14T08:39:00Z,2026-01-02T12:35:00Z,0
APP-00227,prior_delinquencies,1.0,2026-01-14T08:39:00Z,2026-01-10T18:51:00Z,0
APP-00228,credit_utilization,0.787,2026-01-14T10:27:00Z,2026-01-13T00:10:00Z,0
APP-00228,debt_to_income,0.516,2026-01-14T10:27:00Z,2026-01-11T20:06:00Z,0
APP-00228,income,25791.0,2026-01-14T10:27:00Z,2025-12-26T01:46:00Z,0
APP-00228,months_employed,110.0,2026-01-14T10:27:00Z,2026-01-06T01:41:00Z,0
APP-00228,prior_delinquencies,1.0,2026-01-14T10:27:00Z,2026-01-13T11:07:00Z,0
APP-00229,credit_utilization,0.324,2026-01-14T13:49:00Z,2026-01-14T01:56:00Z,0
APP-00229,debt_to_income,0.277,2026-01-14T13:49:00Z,2026-01-12T07:46:00Z,0
APP-00229,income,22603.0,2026-01-14T13:49:00Z,2026-01-13T04:03:00Z,0
APP-00229,months_employed,94.0,2026-01-14T13:49:00Z,2026-01-03T03:59:00Z,0
APP-00229,prior_delinquencies,0.0,2026-01-14T13:49:00Z,2026-01-10T20:20:00Z,0
APP-00230,credit_utilization,0.2,2026-01-14T14:30:00Z,2026-01-13T11:52:00Z,0
APP-00230,debt_to_income,0.456,2026-01-14T14:30:00Z,2026-01-11T21:17:00Z,0
APP-00230,income,60673.0,2026-01-14T14:30:00Z,2026-01-07T10:07:00Z,0
APP-00230,months_employed,86.0,2026-01-14T14:30:00Z,2026-01-10T22:15:00Z,0
APP-00230,prior_delinquencies,0.0,2026-01-14T14:30:00Z,2026-01-14T07:12:00Z,0
APP-00231,credit_utilization,0.536,2026-01-14T19:18:00Z,2026-01-14T15:13:00Z,0
APP-00231,debt_to_income,0.398,2026-01-14T19:18:00Z,2026-01-13T05:19:00Z,0
APP-00231,income,64355.0,2026-01-14T19:18:00Z,2026-01-03T12:18:00Z,0
APP-00231,months_employed,221.0,2026-01-14T19:18:00Z,2026-01-10T02:50:00Z,0
APP-00231,prior_delinquencies,0.0,2026-01-14T19:18:00Z,2026-01-13T11:02:00Z,0
APP-00232,credit_utilization,0.218,2026-01-14T19:59:00Z,2026-01-13T19:40:00Z,0
APP-00232,debt_to_income,0.422,2026-01-14T19:59:00Z,2026-01-11T20:41:00Z,0
APP-00232,income,39003.0,2026-01-14T19:59:00Z,2025-12-31T09:17:00Z,0
APP-00232,months_employed,183.0,2026-01-14T19:59:00Z,2026-01-13T04:02:00Z,0
APP-00232,prior_delinquencies,0.0,2026-01-14T19:59:00Z,2026-01-12T07:16:00Z,0
APP-00233,credit_utilization,0.377,2026-01-14T21:06:00Z,2026-01-14T16:12:00Z,0
APP-00233,debt_to_income,0.423,2026-01-14T21:06:00Z,2026-01-13T00:57:00Z,0
APP-00233,income,27120.0,2026-01-14T21:06:00Z,2025-12-28T21:21:00Z,0
APP-00233,months_employed,231.0,2026-01-14T21:06:00Z,2026-01-13T15:56:00Z,0
APP-00233,prior_delinquencies,0.0,2026-01-14T21:06:00Z,2026-01-12T09:57:00Z,0
APP-00234,credit_utilization,0.492,2026-01-14T23:33:00Z,2026-01-14T12:33:00Z,0
APP-00234,debt_to_income,0.304,2026-01-14T23:33:00Z,2026-01-14T22:03:00Z,0
APP-00234,income,32677.0,2026-01-14T23:33:00Z,2026-01-13T14:27:00Z,0
APP-00234,months_employed,45.0,2026-01-14T23:33:00Z,2026-01-08T11:23:00Z,0
APP-00234,prior_delinquencies,0.0,2026-01-14T23:33:00Z,2026-01-14T13:46:00Z,0
APP-00235,credit_utilization,0.542,2026-01-15T01:07:00Z,2026-01-13T03:50:00Z,0
APP-00235,debt_to_income,0.361,2026-01-15T01:07:00Z,2026-01-12T04:50:00Z,0
APP-00235,income,65643.0,2026-01-15T01:07:00Z,2026-01-09T08:43:00Z,0
APP-00235,months_employed,147.0,2026-01-15T01:07:00Z,2026-01-10T10:11:00Z,0
APP-00235,prior_delinquencies,1.0,2026-01-15T01:07:00Z,2026-01-11T08:05:00Z,0
APP-00236,credit_utilization,0.568,2026-01-15T01:52:00Z,2026-01-13T12:26:00Z,0
APP-00236,debt_to_income,0.441,2026-01-15T01:52:00Z,2026-01-13T11:17:00Z,0
APP-00236,income,32787.0,2026-01-15T01:52:00Z,2025-12-31T11:56:00Z,0
APP-00236,months_employed,188.0,2026-01-15T01:52:00Z,2026-01-05T13:07:00Z,0
APP-00236,prior_delinquencies,0.0,2026-01-15T01:52:00Z,2026-01-14T19:08:00Z,0
APP-00237,credit_utilization,0.617,2026-01-15T02:51:00Z,2026-01-14T01:47:00Z,0
APP-00237,debt_to_income,0.416,2026-01-15T02:51:00Z,2026-01-13T11:34:00Z,0
APP-00237,income,24031.0,2026-01-15T02:51:00Z,2026-01-08T14:48:00Z,0
APP-00237,months_employed,179.0,2026-01-15T02:51:00Z,2026-01-04T00:45:00Z,0
APP-00237,prior_delinquencies,0.0,2026-01-15T02:51:00Z,2026-01-13T15:30:00Z,0
APP-00238,credit_utilization,0.349,2026-01-15T03:27:00Z,2026-01-13T13:46:00Z,0
APP-00238,debt_to_income,0.328,2026-01-15T03:27:00Z,2026-01-12T13:31:00Z,0
APP-00238,income,63960.0,2026-01-15T03:27:00Z,2025-12-28T22:22:00Z,0
APP-00238,months_employed,227.0,2026-01-15T03:27:00Z,2026-01-08T22:30:00Z,0
APP-00238,prior_delinquencies,1.0,2026-01-15T03:27:00Z,2026-01-14T14:58:00Z,0
APP-00239,credit_utilization,0.876,2026-01-15T06:23:00Z,2026-01-14T19:35:00Z,1
APP-00239,debt_to_income,0.541,2026-01-15T06:23:00Z,2026-01-14T10:56:00Z,1
APP-00239,income,35986.0,2026-01-15T06:23:00Z,2025-12-16T08:29:00Z,1
APP-00239,months_employed,181.0,2026-01-15T06:23:00Z,2026-01-11T10:11:00Z,1
APP-00239,prior_delinquencies,1.0,2026-01-15T06:23:00Z,2026-01-12T19:57:00Z,1
APP-00240,credit_utilization,0.552,2026-01-15T08:02:00Z,2026-01-14T19:02:00Z,0
APP-00240,debt_to_income,0.303,2026-01-15T08:02:00Z,2026-01-15T04:44:00Z,0
APP-00240,income,90232.0,2026-01-15T08:02:00Z,2026-01-11T11:19:00Z,0
APP-00240,months_employed,230.0,2026-01-15T08:02:00Z,2026-01-03T12:14:00Z,0
APP-00240,prior_delinquencies,1.0,2026-01-15T08:02:00Z,2026-01-12T03:42:00Z,0
APP-00241,credit_utilization,0.422,2026-01-15T09:06:00Z,2026-01-13T19:52:00Z,0
APP-00241,debt_to_income,0.393,2026-01-15T09:06:00Z,2026-01-14T15:58:00Z,0
APP-00241,income,56014.0,2026-01-15T09:06:00Z,2026-01-10T22:36:00Z,0
APP-00241,months_employed,184.0,2026-01-15T09:06:00Z,2026-01-10T02:25:00Z,0
APP-00241,prior_delinquencies,2.0,2026-01-15T09:06:00Z,2026-01-13T11:08:00Z,0
APP-00242,credit_utilization,0.147,2026-01-15T09:28:00Z,2026-01-13T22:59:00Z,0
APP-00242,debt_to_income,0.356,2026-01-15T09:28:00Z,2026-01-13T11:28:00Z,0
APP-00242,income,35228.0,2026-01-15T09:28:00Z,2026-01-03T10:55:00Z,0
APP-00242,months_employed,15.0,2026-01-15T09:28:00Z,2026-01-09T21:01:00Z,0
APP-00242,prior_delinquencies,3.0,2026-01-15T09:28:00Z,2026-01-14T12:58:00Z,0
APP-00243,credit_utilization,0.546,2026-01-15T13:40:00Z,2026-01-14T14:32:00Z,0
APP-00243,debt_to_income,0.439,2026-01-15T13:40:00Z,2026-01-15T07:23:00Z,0
APP-00243,income,40981.0,2026-01-15T13:40:00Z,2026-01-10T03:49:00Z,0
APP-00243,months_employed,1.0,2026-01-15T13:40:00Z,2026-01-10T23:11:00Z,0
APP-00243,prior_delinquencies,1.0,2026-01-15T13:40:00Z,2026-01-15T05:57:00Z,0
APP-00244,credit_utilization,0.224,2026-01-15T16:50:00Z,2026-01-14T16:30:00Z,0
APP-00244,debt_to_income,0.36,2026-01-15T16:50:00Z,2026-01-13T10:37:00Z,0
APP-00244,income,66054.0,2026-01-15T16:50:00Z,2025-12-18T23:17:00Z,0
APP-00244,months_employed,49.0,2026-01-15T16:50:00Z,2026-01-05T03:11:00Z,0
APP-00244,prior_delinquencies,0.0,2026-01-15T16:50:00Z,2026-01-12T19:54:00Z,0
APP-00245,credit_utilization,0.323,2026-01-15T17:12:00Z,2026-01-14T16:11:00Z,0
APP-00245,debt_to_income,0.259,2026-01-15T17:12:00Z,2026-01-14T21:21:00Z,0
APP-00245,income,29509.0,2026-01-15T17:12:00Z,2025-12-30T01:22:00Z,0
APP-00245,months_employed,81.0,2026-01-15T17:12:00Z,2026-01-05T14:07:00Z,0
APP-00245,prior_delinquencies,0.0,2026-01-15T17:12:00Z,2026-01-15T03:24:00Z,0
APP-00246,credit_utilization,0.366,2026-01-15T18:22:00Z,2026-01-14T04:57:00Z,0
APP-00246,debt_to_income,0.35,2026-01-15T18:22:00Z,2026-01-15T08:57:00Z,0
APP-00246,income,63653.0,2026-01-15T18:22:00Z,2026-01-01T12:31:00Z,0
APP-00246,months_employed,186.0,2026-01-15T18:22:00Z,2026-01-05T06:49:00Z,0
APP-00246,prior_delinquencies,2.0,2026-01-15T18:22:00Z,2026-01-13T21:59:00Z,0
APP-00247,credit_utilization,0.529,2026-01-15T18:49:00Z,2026-01-15T00:27:00Z,0
APP-00247,debt_to_income,0.362,2026-01-15T18:49:00Z,2026-01-14T08:13:00Z,0
APP-00247,income,29620.0,2026-01-15T18:49:00Z,2026-01-01T21:00:00Z,0
APP-00247,months_employed,96.0,2026-01-15T18:49:00Z,2026-01-03T22:19:00Z,0
APP-00247,prior_delinquencies,0.0,2026-01-15T18:49:00Z,2026-01-15T07:50:00Z,0
APP-00248,credit_utilization,0.692,2026-01-15T19:25:00Z,2026-01-13T22:53:00Z,1
APP-00248,debt_to_income,0.382,2026-01-15T19:25:00Z,2026-01-15T13:34:00Z,1
APP-00248,income,26590.0,2026-01-15T19:25:00Z,2026-01-01T16:13:00Z,1
APP-00248,months_employed,18.0,2026-01-15T19:25:00Z,2026-01-08T03:02:00Z,1
APP-00248,prior_delinquencies,1.0,2026-01-15T19:25:00Z,2026-01-13T04:58:00Z,1
APP-00249,credit_utilization,0.398,2026-01-15T19:27:00Z,2026-01-14T13:01:00Z,1
APP-00249,debt_to_income,0.426,2026-01-15T19:27:00Z,2026-01-13T03:46:00Z,1
APP-00249,income,78262.0,2026-01-15T19:27:00Z,2025-12-26T16:25:00Z,1
APP-00249,months_employed,148.0,2026-01-15T19:27:00Z,2026-01-12T11:45:00Z,1
APP-00249,prior_delinquencies,1.0,2026-01-15T19:27:00Z,2026-01-15T03:44:00Z,1
APP-00250,credit_utilization,0.37,2026-01-15T20:44:00Z,2026-01-14T18:24:00Z,0
APP-00250,debt_to_income,0.205,2026-01-15T20:44:00Z,2026-01-13T22:07:00Z,0
APP-00250,income,62397.0,2026-01-15T20:44:00Z,2025-12-23T10:59:00Z,0
APP-00250,months_employed,82.0,2026-01-15T20:44:00Z,2026-01-11T08:43:00Z,0
APP-00250,prior_delinquencies,0.0,2026-01-15T20:44:00Z,2026-01-12T17:57:00Z,0
APP-00251,credit_utilization,0.257,2026-01-15T22:10:00Z,2026-01-15T05:03:00Z,0
APP-00251,debt_to_income,0.406,2026-01-15T22:10:00Z,2026-01-14T09:27:00Z,0
APP-00251,income,53141.0,2026-01-15T22:10:00Z,2025-12-22T09:56:00Z,0
APP-00251,months_employed,58.0,2026-01-15T22:10:00Z,2026-01-02T02:55:00Z,0
APP-00251,prior_delinquencies,0.0,2026-01-15T22:10:00Z,2026-01-13T21:16:00Z,0
APP-00252,credit_utilization,0.444,2026-01-16T01:47:00Z,2026-01-15T23:44:00Z,0
APP-00252,debt_to_income,0.458,2026-01-16T01:47:00Z,2026-01-15T06:58:00Z,0
APP-00252,income,47156.0,2026-01-16T01:47:00Z,2025-12-20T04:42:00Z,0
APP-00252,months_employed,175.0,2026-01-16T01:47:00Z,2026-01-04T04:18:00Z,0
APP-00252,prior_delinquencies,1.0,2026-01-16T01:47:00Z,2026-01-15T05:34:00Z,0
APP-00253,credit_utilization,0.545,2026-01-16T01:58:00Z,2026-01-14T06:12:00Z,0
APP-00253,debt_to_income,0.24,2026-01-16T01:58:00Z,2026-01-14T06:41:00Z,0
APP-00253,income,49344.0,2026-01-16T01:58:00Z,2025-12-29T20:52:00Z,0
APP-00253,months_employed,54.0,2026-01-16T01:58:00Z,2026-01-14T09:57:00Z,0
APP-00253,prior_delinquencies,0.0,2026-01-16T01:58:00Z,2026-01-14T11:28:00Z,0
APP-00254,credit_utilization,0.0,2026-01-16T04:15:00Z,2026-01-15T10:30:00Z,0
APP-00254,debt_to_income,0.239,2026-01-16T04:15:00Z,2026-01-15T14:51:00Z,0
APP-00254,income,56498.0,2026-01-16T04:15:00Z,2025-12-18T18:32:00Z,0
APP-00254,months_employed,114.0,2026-01-16T04:15:00Z,2026-01-04T19:43:00Z,0
APP-00254,prior_delinquencies,0.0,2026-01-16T04:15:00Z,2026-01-12T06:05:00Z,0
APP-00255,credit_utilization,0.437,2026-01-16T04:25:00Z,2026-01-15T14:16:00Z,0
APP-00255,debt_to_income,0.261,2026-01-16T04:25:00Z,2026-01-13T23:45:00Z,0
APP-00255,income,67752.0,2026-01-16T04:25:00Z,2025-12-28T23:26:00Z,0
APP-00255,months_employed,138.0,2026-01-16T04:25:00Z,2026-01-05T15:31:00Z,0
APP-00255,prior_delinquencies,0.0,2026-01-16T04:25:00Z,2026-01-12T09:57:00Z,0
APP-00256,credit_utilization,0.448,2026-01-16T04:32:00Z,2026-01-14T13:22:00Z,0
APP-00256,debt_to_income,0.351,2026-01-16T04:32:00Z,2026-01-13T22:49:00Z,0
APP-00256,income,49168.0,2026-01-16T04:32:00Z,2026-01-05T10:39:00Z,0
APP-00256,months_employed,89.0,2026-01-16T04:32:00Z,2026-01-13T18:25:00Z,0
APP-00256,prior_delinquencies,1.0,2026-01-16T04:32:00Z,2026-01-13T14:46:00Z,0
APP-00257,credit_utilization,0.086,2026-01-16T06:56:00Z,2026-01-15T01:08:00Z,0
APP-00257,debt_to_income,0.314,2026-01-16T06:56:00Z,2026-01-14T14:33:00Z,0
APP-00257,income,49466.0,2026-01-16T06:56:00Z,2025-12-22T22:04:00Z,0
APP-00257,months_employed,47.0,2026-01-16T06:56:00Z,2026-01-12T03:56:00Z,0
APP-00257,prior_delinquencies,0.0,2026-01-16T06:56:00Z,2026-01-14T04:19:00Z,0
APP-00258,credit_utilization,0.129,2026-01-16T09:17:00Z,2026-01-15T21:31:00Z,0
APP-00258,debt_to_income,0.245,2026-01-16T09:17:00Z,2026-01-15T09:48:00Z,0
APP-00258,income,64721.0,2026-01-16T09:17:00Z,2025-12-19T01:57:00Z,0
APP-00258,months_employed,143.0,2026-01-16T09:17:00Z,2026-01-11T04:25:00Z,0
APP-00258,prior_delinquencies,0.0,2026-01-16T09:17:00Z,2026-01-15T11:34:00Z,0
APP-00259,credit_utilization,0.264,2026-01-16T10:45:00Z,2026-01-14T16:26:00Z,0
APP-00259,debt_to_income,0.413,2026-01-16T10:45:00Z,2026-01-15T02:08:00Z,0
APP-00259,income,72611.0,2026-01-16T10:45:00Z,2025-12-25T20:07:00Z,0
APP-00259,months_employed,35.0,2026-01-16T10:45:00Z,2026-01-13T05:28:00Z,0
APP-00259,prior_delinquencies,2.0,2026-01-16T10:45:00Z,2026-01-14T07:22:00Z,0
APP-00260,credit_utilization,0.34,2026-01-16T11:37:00Z,2026-01-14T18:50:00Z,0
APP-00260,debt_to_income,0.258,2026-01-16T11:37:00Z,2026-01-13T12:53:00Z,0
APP-00260,income,34713.0,2026-01-16T11:37:00Z,2026-01-11T08:54:00Z,0
APP-00260,months_employed,98.0,2026-01-16T11:37:00Z,2026-01-06T05:05:00Z,0
APP-00260,prior_delinquencies,1.0,2026-01-16T11:37:00Z,2026-01-12T20:22:00Z,0
APP-00261,credit_utilization,0.089,2026-01-16T12:26:00Z,2026-01-15T00:58:00Z,0
APP-00261,debt_to_income,0.152,2026-01-16T12:26:00Z,2026-01-15T23:40:00Z,0
APP-00261,income,43669.0,2026-01-16T12:26:00Z,2025-12-31T07:04:00Z,0
APP-00261,months_employed,176.0,2026-01-16T12:26:00Z,2026-01-04T17:10:00Z,0
APP-00261,prior_delinquencies,0.0,2026-01-16T12:26:00Z,2026-01-14T01:39:00Z,0
APP-00262,credit_utilization,0.456,2026-01-16T17:31:00Z,2026-01-15T03:05:00Z,1
APP-00262,debt_to_income,0.459,2026-01-16T17:31:00Z,2026-01-16T12:24:00Z,1
APP-00262,income,48878.0,2026-01-16T17:31:00Z,2026-01-13T17:40:00Z,1
APP-00262,months_employed,175.0,2026-01-16T17:31:00Z,2026-01-13T12:55:00Z,1
APP-00262,prior_delinquencies,1.0,2026-01-16T17:31:00Z,2026-01-16T02:01:00Z,1
APP-00263,credit_utilization,0.258,2026-01-16T17:40:00Z,2026-01-16T15:37:00Z,0
APP-00263,debt_to_income,0.191,2026-01-16T17:40:00Z,2026-01-13T22:44:00Z,0
APP-00263,income,33473.0,2026-01-16T17:40:00Z,2026-01-10T11:18:00Z,0
APP-00263,months_employed,78.0,2026-01-16T17:40:00Z,2026-01-09T02:01:00Z,0
APP-00263,prior_delinquencies,0.0,2026-01-16T17:40:00Z,2026-01-16T01:06:00Z,0
APP-00264,credit_utilization,0.29,2026-01-16T18:50:00Z,2026-01-16T03:17:00Z,0
APP-00264,debt_to_income,0.25,2026-01-16T18:50:00Z,2026-01-16T10:28:00Z,0
APP-00264,income,37941.0,2026-01-16T18:50:00Z,2026-01-12T23:07:00Z,0
APP-00264,months_employed,107.0,2026-01-16T18:50:00Z,2026-01-11T23:01:00Z,0
APP-00264,prior_delinquencies,0.0,2026-01-16T18:50:00Z,2026-01-14T04:57:00Z,0
APP-00265,credit_utilization,0.669,2026-01-16T18:59:00Z,2026-01-16T10:02:00Z,0
APP-00265,debt_to_income,0.484,2026-01-16T18:59:00Z,2026-01-15T10:39:00Z,0
APP-00265,income,70967.0,2026-01-16T18:59:00Z,2025-12-23T13:34:00Z,0
APP-00265,months_employed,206.0,2026-01-16T18:59:00Z,2026-01-12T12:54:00Z,0
APP-00265,prior_delinquencies,2.0,2026-01-16T18:59:00Z,2026-01-12T20:01:00Z,0
APP-00266,credit_utilization,0.226,2026-01-16T21:32:00Z,2026-01-16T11:12:00Z,0
APP-00266,debt_to_income,0.151,2026-01-16T21:32:00Z,2026-01-15T02:42:00Z,0
APP-00266,income,30608.0,2026-01-16T21:32:00Z,2026-01-12T11:03:00Z,0
APP-00266,months_employed,48.0,2026-01-16T21:32:00Z,2026-01-11T06:35:00Z,0
APP-00266,prior_delinquencies,1.0,2026-01-16T21:32:00Z,2026-01-15T16:40:00Z,0
APP-00267,credit_utilization,0.406,2026-01-16T22:57:00Z,2026-01-16T11:17:00Z,0
APP-00267,debt_to_income,0.341,2026-01-16T22:57:00Z,2026-01-15T10:48:00Z,0
APP-00267,income,60706.0,2026-01-16T22:57:00Z,2026-01-02T08:08:00Z,0
APP-00267,months_employed,12.0,2026-01-16T22:57:00Z,2026-01-14T12:44:00Z,0
APP-00267,prior_delinquencies,0.0,2026-01-16T22:57:00Z,2026-01-16T17:30:00Z,0
APP-00268,credit_utilization,0.461,2026-01-16T23:57:00Z,2026-01-16T21:31:00Z,0
APP-00268,debt_to_income,0.392,2026-01-16T23:57:00Z,2026-01-14T16:01:00Z,0
APP-00268,income,44594.0,2026-01-16T23:57:00Z,2025-12-24T23:02:00Z,0
APP-00268,months_employed,15.0,2026-01-16T23:57:00Z,2026-01-14T01:50:00Z,0
APP-00268,prior_delinquencies,0.0,2026-01-16T23:57:00Z,2026-01-13T13:15:00Z,0
APP-00269,credit_utilization,0.708,2026-01-17T01:45:00Z,2026-01-15T08:24:00Z,0
APP-00269,debt_to_income,0.429,2026-01-17T01:45:00Z,2026-01-15T21:24:00Z,0
APP-00269,income,45132.0,2026-01-17T01:45:00Z,2025-12-24T09:02:00Z,0
APP-00269,months_employed,165.0,2026-01-17T01:45:00Z,2026-01-04T03:38:00Z,0
APP-00269,prior_delinquencies,2.0,2026-01-17T01:45:00Z,2026-01-16T21:11:00Z,0
APP-00270,credit_utilization,0.229,2026-01-17T01:58:00Z,2026-01-16T18:37:00Z,0
APP-00270,debt_to_income,0.15,2026-01-17T01:58:00Z,2026-01-14T20:18:00Z,0
APP-00270,income,99995.0,2026-01-17T01:58:00Z,2025-12-28T16:09:00Z,0
APP-00270,months_employed,49.0,2026-01-17T01:58:00Z,2026-01-04T19:01:00Z,0
APP-00270,prior_delinquencies,1.0,2026-01-17T01:58:00Z,2026-01-13T05:27:00Z,0
APP-00271,credit_utilization,0.265,2026-01-17T05:57:00Z,2026-01-16T05:37:00Z,0
APP-00271,debt_to_income,0.236,2026-01-17T05:57:00Z,2026-01-15T15:10:00Z,0
APP-00271,income,45598.0,2026-01-17T05:57:00Z,2026-01-04T00:20:00Z,0
APP-00271,months_employed,227.0,2026-01-17T05:57:00Z,2026-01-11T21:13:00Z,0
APP-00271,prior_delinquencies,0.0,2026-01-17T05:57:00Z,2026-01-15T08:48:00Z,0
APP-00272,credit_utilization,0.675,2026-01-17T06:07:00Z,2026-01-16T10:26:00Z,1
APP-00272,debt_to_income,0.482,2026-01-17T06:07:00Z,2026-01-16T18:36:00Z,1
APP-00272,income,21891.0,2026-01-17T06:07:00Z,2026-01-01T17:42:00Z,1
APP-00272,months_employed,43.0,2026-01-17T06:07:00Z,2026-01-10T16:40:00Z,1
APP-00272,prior_delinquencies,4.0,2026-01-17T06:07:00Z,2026-01-16T13:33:00Z,1
APP-00273,credit_utilization,0.296,2026-01-17T07:43:00Z,2026-01-17T05:20:00Z,0
APP-00273,debt_to_income,0.453,2026-01-17T07:43:00Z,2026-01-15T14:00:00Z,0
APP-00273,income,40539.0,2026-01-17T07:43:00Z,2026-01-01T02:00:00Z,0
APP-00273,months_employed,39.0,2026-01-17T07:43:00Z,2026-01-06T06:50:00Z,0
APP-00273,prior_delinquencies,1.0,2026-01-17T07:43:00Z,2026-01-13T14:20:00Z,0
APP-00274,credit_utilization,0.382,2026-01-17T07:46:00Z,2026-01-16T15:09:00Z,0
APP-00274,debt_to_income,0.345,2026-01-17T07:46:00Z,2026-01-16T05:00:00Z,0
APP-00274,income,55361.0,2026-01-17T07:46:00Z,2025-12-26T21:44:00Z,0
APP-00274,months_employed,9.0,2026-01-17T07:46:00Z,2026-01-04T17:14:00Z,0
APP-00274,prior_delinquencies,1.0,2026-01-17T07:46:00Z,2026-01-13T09:06:00Z,0
APP-00275,credit_utilization,0.556,2026-01-17T10:11:00Z,2026-01-16T07:45:00Z,0
APP-00275,debt_to_income,0.498,2026-01-17T10:11:00Z,2026-01-15T10:48:00Z,0
APP-00275,income,34476.0,2026-01-17T10:11:00Z,2026-01-04T20:18:00Z,0
APP-00275,months_employed,14.0,2026-01-17T10:11:00Z,2026-01-07T03:26:00Z,0
APP-00275,prior_delinquencies,2.0,2026-01-17T10:11:00Z,2026-01-14T19:31:00Z,0
APP-00276,credit_utilization,0.06,2026-01-17T12:46:00Z,2026-01-17T06:35:00Z,0
APP-00276,debt_to_income,0.233,2026-01-17T12:46:00Z,2026-01-15T12:20:00Z,0
APP-00276,income,51454.0,2026-01-17T12:46:00Z,2026-01-10T17:10:00Z,0
APP-00276,months_employed,91.0,2026-01-17T12:46:00Z,2026-01-09T00:35:00Z,0
APP-00276,prior_delinquencies,0.0,2026-01-17T12:46:00Z,2026-01-17T10:29:00Z,0
APP-00277,credit_utilization,0.126,2026-01-17T13:45:00Z,2026-01-15T18:45:00Z,1
APP-00277,debt_to_income,0.46,2026-01-17T13:45:00Z,2026-01-17T03:23:00Z,1
APP-00277,income,83001.0,2026-01-17T13:45:00Z,2025-12-26T14:46:00Z,1
APP-00277,months_employed,48.0,2026-01-17T13:45:00Z,2026-01-13T20:27:00Z,1
APP-00277,prior_delinquencies,1.0,2026-01-17T13:45:00Z,2026-01-13T19:29:00Z,1
APP-00278,credit_utilization,0.285,2026-01-17T14:25:00Z,2026-01-16T20:06:00Z,0
APP-00278,debt_to_income,0.406,2026-01-17T14:25:00Z,2026-01-16T08:36:00Z,0
APP-00278,income,35782.0,2026-01-17T14:25:00Z,2025-12-18T18:12:00Z,0
APP-00278,months_employed,151.0,2026-01-17T14:25:00Z,2026-01-15T22:32:00Z,0
APP-00278,prior_delinquencies,0.0,2026-01-17T14:25:00Z,2026-01-16T15:19:00Z,0
APP-00279,credit_utilization,0.266,2026-01-17T15:22:00Z,2026-01-17T11:34:00Z,0
APP-00279,debt_to_income,0.141,2026-01-17T15:22:00Z,2026-01-16T01:46:00Z,0
APP-00279,income,32744.0,2026-01-17T15:22:00Z,2025-12-22T02:03:00Z,0
APP-00279,months_employed,70.0,2026-01-17T15:22:00Z,2026-01-07T09:43:00Z,0
APP-00279,prior_delinquencies,0.0,2026-01-17T15:22:00Z,2026-01-14T16:53:00Z,0
APP-00280,credit_utilization,0.177,2026-01-17T17:02:00Z,2026-01-16T07:27:00Z,0
APP-00280,debt_to_income,0.408,2026-01-17T17:02:00Z,2026-01-16T09:48:00Z,0
APP-00280,income,46622.0,2026-01-17T17:02:00Z,2026-01-09T02:14:00Z,0
APP-00280,months_employed,171.0,2026-01-17T17:02:00Z,2026-01-06T04:45:00Z,0
APP-00280,prior_delinquencies,0.0,2026-01-17T17:02:00Z,2026-01-13T23:27:00Z,0
APP-00281,credit_utilization,0.659,2026-01-17T17:34:00Z,2026-01-17T07:52:00Z,0
APP-00281,debt_to_income,0.47,2026-01-17T17:34:00Z,2026-01-15T17:23:00Z,0
APP-00281,income,40620.0,2026-01-17T17:34:00Z,2025-12-23T14:49:00Z,0
APP-00281,months_employed,182.0,2026-01-17T17:34:00Z,2026-01-14T05:29:00Z,0
APP-00281,prior_delinquencies,1.0,2026-01-17T17:34:00Z,2026-01-14T12:33:00Z,0
APP-00282,credit_utilization,0.292,2026-01-17T18:12:00Z,2026-01-17T07:00:00Z,0
APP-00282,debt_to_income,0.371,2026-01-17T18:12:00Z,2026-01-14T20:48:00Z,0
APP-00282,income,47205.0,2026-01-17T18:12:00Z,2025-12-22T05:45:00Z,0
APP-00282,months_employed,20.0,2026-01-17T18:12:00Z,2026-01-04T15:12:00Z,0
APP-00282,prior_delinquencies,1.0,2026-01-17T18:12:00Z,2026-01-15T23:28:00Z,0
APP-00283,credit_utilization,0.444,2026-01-17T18:53:00Z,2026-01-15T22:27:00Z,1
APP-00283,debt_to_income,0.229,2026-01-17T18:53:00Z,2026-01-15T01:43:00Z,1
APP-00283,income,65226.0,2026-01-17T18:53:00Z,2026-01-08T11:35:00Z,1
APP-00283,months_employed,30.0,2026-01-17T18:53:00Z,2026-01-15T16:32:00Z,1
APP-00283,prior_delinquencies,0.0,2026-01-17T18:53:00Z,2026-01-17T10:09:00Z,1
APP-00284,credit_utilization,0.268,2026-01-17T19:07:00Z,2026-01-17T12:50:00Z,0
APP-00284,debt_to_income,0.334,2026-01-17T19:07:00Z,2026-01-15T23:20:00Z,0
APP-00284,income,45570.0,2026-01-17T19:07:00Z,2026-01-04T15:13:00Z,0
APP-00284,months_employed,19.0,2026-01-17T19:07:00Z,2026-01-16T07:45:00Z,0
APP-00284,prior_delinquencies,0.0,2026-01-17T19:07:00Z,2026-01-15T06:16:00Z,0
APP-00285,credit_utilization,0.375,2026-01-17T19:08:00Z,2026-01-17T12:08:00Z,0
APP-00285,debt_to_income,0.444,2026-01-17T19:08:00Z,2026-01-17T11:29:00Z,0
APP-00285,income,65000.0,2026-01-17T19:08:00Z,2026-01-02T14:51:00Z,0
APP-00285,months_employed,10.0,2026-01-17T19:08:00Z,2026-01-11T03:03:00Z,0
APP-00285,prior_delinquencies,0.0,2026-01-17T19:08:00Z,2026-01-16T18:40:00Z,0
APP-00286,credit_utilization,0.445,2026-01-18T00:05:00Z,2026-01-16T17:51:00Z,0
APP-00286,debt_to_income,0.462,2026-01-18T00:05:00Z,2026-01-17T16:04:00Z,0
APP-00286,income,53083.0,2026-01-18T00:05:00Z,2026-01-12T21:24:00Z,0
APP-00286,months_employed,132.0,2026-01-18T00:05:00Z,2026-01-12T20:35:00Z,0
APP-00286,prior_delinquencies,2.0,2026-01-18T00:05:00Z,2026-01-14T17:06:00Z,0
APP-00287,credit_utilization,0.155,2026-01-18T00:16:00Z,2026-01-16T02:38:00Z,0
APP-00287,debt_to_income,0.25,2026-01-18T00:16:00Z,2026-01-15T21:57:00Z,0
APP-00287,income,46449.0,2026-01-18T00:16:00Z,2025-12-28T17:02:00Z,0
APP-00287,months_employed,86.0,2026-01-18T00:16:00Z,2026-01-06T05:42:00Z,0
APP-00287,prior_delinquencies,0.0,2026-01-18T00:16:00Z,2026-01-17T01:52:00Z,0
APP-00288,credit_utilization,0.518,2026-01-18T01:02:00Z,2026-01-16T14:36:00Z,0
APP-00288,debt_to_income,0.452,2026-01-18T01:02:00Z,2026-01-17T21:39:00Z,0
APP-00288,income,54253.0,2026-01-18T01:02:00Z,2026-01-10T22:02:00Z,0
APP-00288,months_employed,21.0,2026-01-18T01:02:00Z,2026-01-14T23:04:00Z,0
APP-00288,prior_delinquencies,2.0,2026-01-18T01:02:00Z,2026-01-17T10:40:00Z,0
APP-00289,credit_utilization,0.326,2026-01-18T02:21:00Z,2026-01-16T02:31:00Z,0
APP-00289,debt_to_income,0.325,2026-01-18T02:21:00Z,2026-01-17T00:15:00Z,0
APP-00289,income,57487.0,2026-01-18T02:21:00Z,2026-01-01T00:36:00Z,0
APP-00289,months_employed,135.0,2026-01-18T02:21:00Z,2026-01-09T04:13:00Z,0
APP-00289,prior_delinquencies,0.0,2026-01-18T02:21:00Z,2026-01-17T10:00:00Z,0
APP-00290,credit_utilization,0.405,2026-01-18T02:25:00Z,2026-01-17T16:27:00Z,0
APP-00290,debt_to_income,0.448,2026-01-18T02:25:00Z,2026-01-16T17:37:00Z,0
APP-00290,income,36138.0,2026-01-18T02:25:00Z,2026-01-05T01:50:00Z,0
APP-00290,months_employed,170.0,2026-01-18T02:25:00Z,2026-01-08T22:44:00Z,0
APP-00290,prior_delinquencies,0.0,2026-01-18T02:25:00Z,2026-01-17T10:43:00Z,0
APP-00291,credit_utilization,0.199,2026-01-18T03:46:00Z,2026-01-16T18:34:00Z,0
APP-00291,debt_to_income,0.207,2026-01-18T03:46:00Z,2026-01-17T12:16:00Z,0
APP-00291,income,81209.0,2026-01-18T03:46:00Z,2026-01-01T21:19:00Z,0
APP-00291,months_employed,127.0,2026-01-18T03:46:00Z,2026-01-17T02:09:00Z,0
APP-00291,prior_delinquencies,0.0,2026-01-18T03:46:00Z,2026-01-18T00:21:00Z,0
APP-00292,credit_utilization,0.524,2026-01-18T06:01:00Z,2026-01-17T05:31:00Z,0
APP-00292,debt_to_income,0.362,2026-01-18T06:01:00Z,2026-01-16T14:01:00Z,0
APP-00292,income,65354.0,2026-01-18T06:01:00Z,2025-12-28T20:24:00Z,0
APP-00292,months_employed,225.0,2026-01-18T06:01:00Z,2026-01-13T18:54:00Z,0
APP-00292,prior_delinquencies,2.0,2026-01-18T06:01:00Z,2026-01-14T13:04:00Z,0
APP-00293,credit_utilization,0.344,2026-01-18T07:09:00Z,2026-01-16T13:50:00Z,0
APP-00293,debt_to_income,0.532,2026-01-18T07:09:00Z,2026-01-15T16:25:00Z,0
APP-00293,income,26262.0,2026-01-18T07:09:00Z,2026-01-09T09:07:00Z,0
APP-00293,months_employed,31.0,2026-01-18T07:09:00Z,2026-01-06T16:56:00Z,0
APP-00293,prior_delinquencies,1.0,2026-01-18T07:09:00Z,2026-01-17T08:04:00Z,0
APP-00294,credit_utilization,0.237,2026-01-18T10:07:00Z,2026-01-18T04:48:00Z,0
APP-00294,debt_to_income,0.057,2026-01-18T10:07:00Z,2026-01-18T02:16:00Z,0
APP-00294,income,47692.0,2026-01-18T10:07:00Z,2025-12-26T01:03:00Z,0
APP-00294,months_employed,5.0,2026-01-18T10:07:00Z,2026-01-08T10:43:00Z,0
APP-00294,prior_delinquencies,0.0,2026-01-18T10:07:00Z,2026-01-16T16:04:00Z,0
APP-00295,credit_utilization,0.79,2026-01-18T12:36:00Z,2026-01-17T21:47:00Z,0
APP-00295,debt_to_income,0.366,2026-01-18T12:36:00Z,2026-01-16T12:53:00Z,0
APP-00295,income,45619.0,2026-01-18T12:36:00Z,2025-12-23T16:30:00Z,0
APP-00295,months_employed,33.0,2026-01-18T12:36:00Z,2026-01-06T08:15:00Z,0
APP-00295,prior_delinquencies,1.0,2026-01-18T12:36:00Z,2026-01-17T03:32:00Z,0
APP-00296,credit_utilization,0.656,2026-01-18T13:11:00Z,2026-01-17T10:40:00Z,0
APP-00296,debt_to_income,0.566,2026-01-18T13:11:00Z,2026-01-17T15:04:00Z,0
APP-00296,income,24056.0,2026-01-18T13:11:00Z,2025-12-29T04:02:00Z,0
APP-00296,months_employed,85.0,2026-01-18T13:11:00Z,2026-01-05T14:33:00Z,0
APP-00296,prior_delinquencies,3.0,2026-01-18T13:11:00Z,2026-01-17T23:05:00Z,0
APP-00297,credit_utilization,0.462,2026-01-18T15:25:00Z,2026-01-18T07:51:00Z,0
APP-00297,debt_to_income,0.389,2026-01-18T15:25:00Z,2026-01-17T02:32:00Z,0
APP-00297,income,22414.0,2026-01-18T15:25:00Z,2026-01-04T17:06:00Z,0
APP-00297,months_employed,53.0,2026-01-18T15:25:00Z,2026-01-07T01:24:00Z,0
APP-00297,prior_delinquencies,0.0,2026-01-18T15:25:00Z,2026-01-15T18:12:00Z,0
APP-00298,credit_utilization,0.357,2026-01-18T16:07:00Z,2026-01-18T10:00:00Z,0
APP-00298,debt_to_income,0.35,2026-01-18T16:07:00Z,2026-01-16T11:31:00Z,0
APP-00298,income,51193.0,2026-01-18T16:07:00Z,2025-12-22T11:14:00Z,0
APP-00298,months_employed,174.0,2026-01-18T16:07:00Z,2026-01-08T03:13:00Z,0
APP-00298,prior_delinquencies,0.0,2026-01-18T16:07:00Z,2026-01-16T17:29:00Z,0
APP-00299,credit_utilization,0.672,2026-01-18T16:20:00Z,2026-01-16T23:03:00Z,1
APP-00299,debt_to_income,0.538,2026-01-18T16:20:00Z,2026-01-18T06:24:00Z,1
APP-00299,income,40171.0,2026-01-18T16:20:00Z,2026-01-02T04:46:00Z,1
APP-00299,months_employed,64.0,2026-01-18T16:20:00Z,2026-01-14T12:39:00Z,1
APP-00299,prior_delinquencies,1.0,2026-01-18T16:20:00Z,2026-01-17T06:16:00Z,1
APP-00300,credit_utilization,0.449,2026-01-18T17:42:00Z,2026-01-17T07:48:00Z,0
APP-00300,debt_to_income,0.568,2026-01-18T17:42:00Z,2026-01-17T18:05:00Z,0
APP-00300,income,30392.0,2026-01-18T17:42:00Z,2025-12-29T03:32:00Z,0
APP-00300,months_employed,28.0,2026-01-18T17:42:00Z,2026-01-11T13:12:00Z,0
APP-00300,prior_delinquencies,2.0,2026-01-18T17:42:00Z,2026-01-16T13:36:00Z,0
APP-00301,credit_utilization,0.358,2026-01-18T19:53:00Z,2026-01-17T19:25:00Z,0
APP-00301,debt_to_income,0.418,2026-01-18T19:53:00Z,2026-01-16T22:55:00Z,0
APP-00301,income,30875.0,2026-01-18T19:53:00Z,2026-01-17T04:00:00Z,0
APP-00301,months_employed,190.0,2026-01-18T19:53:00Z,2026-01-15T17:52:00Z,0
APP-00301,prior_delinquencies,1.0,2026-01-18T19:53:00Z,2026-01-15T04:28:00Z,0
APP-00302,credit_utilization,0.165,2026-01-18T22:04:00Z,2026-01-18T13:22:00Z,0
APP-00302,debt_to_income,0.249,2026-01-18T22:04:00Z,2026-01-17T03:57:00Z,0
APP-00302,income,59998.0,2026-01-18T22:04:00Z,2025-12-27T13:56:00Z,0
APP-00302,months_employed,220.0,2026-01-18T22:04:00Z,2026-01-06T07:27:00Z,0
APP-00302,prior_delinquencies,0.0,2026-01-18T22:04:00Z,2026-01-17T03:10:00Z,0
APP-00303,credit_utilization,0.487,2026-01-19T00:15:00Z,2026-01-17T16:59:00Z,1
APP-00303,debt_to_income,0.508,2026-01-19T00:15:00Z,2026-01-16T04:02:00Z,1
APP-00303,income,36209.0,2026-01-19T00:15:00Z,2026-01-03T00:06:00Z,1
APP-00303,months_employed,104.0,2026-01-19T00:15:00Z,2026-01-16T08:59:00Z,1
APP-00303,prior_delinquencies,2.0,2026-01-19T00:15:00Z,2026-01-15T21:25:00Z,1
APP-00304,credit_utilization,0.597,2026-01-19T02:21:00Z,2026-01-18T08:17:00Z,0
APP-00304,debt_to_income,0.352,2026-01-19T02:21:00Z,2026-01-19T01:05:00Z,0
APP-00304,income,40385.0,2026-01-19T02:21:00Z,2026-01-08T13:57:00Z,0
APP-00304,months_employed,101.0,2026-01-19T02:21:00Z,2026-01-09T11:11:00Z,0
APP-00304,prior_delinquencies,1.0,2026-01-19T02:21:00Z,2026-01-18T15:30:00Z,0
APP-00305,credit_utilization,0.159,2026-01-19T03:48:00Z,2026-01-18T06:15:00Z,0
APP-00305,debt_to_income,0.128,2026-01-19T03:48:00Z,2026-01-16T20:42:00Z,0
APP-00305,income,63211.0,2026-01-19T03:48:00Z,2026-01-14T15:19:00Z,0
APP-00305,months_employed,234.0,2026-01-19T03:48:00Z,2026-01-18T00:10:00Z,0
APP-00305,prior_delinquencies,0.0,2026-01-19T03:48:00Z,2026-01-17T20:22:00Z,0
APP-00306,credit_utilization,0.515,2026-01-19T04:23:00Z,2026-01-18T21:01:00Z,1
APP-00306,debt_to_income,0.446,2026-01-19T04:23:00Z,2026-01-18T04:28:00Z,1
APP-00306,income,24576.0,2026-01-19T04:23:00Z,2026-01-17T22:26:00Z,1
APP-00306,months_employed,173.0,2026-01-19T04:23:00Z,2026-01-13T22:19:00Z,1
APP-00306,prior_delinquencies,2.0,2026-01-19T04:23:00Z,2026-01-15T06:36:00Z,1
APP-00307,credit_utilization,0.34,2026-01-19T06:07:00Z,2026-01-19T00:52:00Z,0
APP-00307,debt_to_income,0.317,2026-01-19T06:07:00Z,2026-01-17T15:03:00Z,0
APP-00307,income,55068.0,2026-01-19T06:07:00Z,2026-01-12T12:03:00Z,0
APP-00307,months_employed,153.0,2026-01-19T06:07:00Z,2026-01-06T16:39:00Z,0
APP-00307,prior_delinquencies,0.0,2026-01-19T06:07:00Z,2026-01-17T00:49:00Z,0
APP-00308,credit_utilization,0.238,2026-01-19T06:25:00Z,2026-01-19T04:27:00Z,0
APP-00308,debt_to_income,0.324,2026-01-19T06:25:00Z,2026-01-18T23:46:00Z,0
APP-00308,income,57481.0,2026-01-19T06:25:00Z,2026-01-03T01:27:00Z,0
APP-00308,months_employed,234.0,2026-01-19T06:25:00Z,2026-01-15T22:09:00Z,0
APP-00308,prior_delinquencies,0.0,2026-01-19T06:25:00Z,2026-01-15T10:40:00Z,0
APP-00309,credit_utilization,0.102,2026-01-19T11:12:00Z,2026-01-18T14:46:00Z,0
APP-00309,debt_to_income,0.217,2026-01-19T11:12:00Z,2026-01-18T21:39:00Z,0
APP-00309,income,42668.0,2026-01-19T11:12:00Z,2025-12-22T22:54:00Z,0
APP-00309,months_employed,236.0,2026-01-19T11:12:00Z,2026-01-06T13:07:00Z,0
APP-00309,prior_delinquencies,0.0,2026-01-19T11:12:00Z,2026-01-18T16:54:00Z,0
APP-00310,credit_utilization,0.212,2026-01-19T12:09:00Z,2026-01-18T12:36:00Z,0
APP-00310,debt_to_income,0.214,2026-01-19T12:09:00Z,2026-01-18T01:51:00Z,0
APP-00310,income,82591.0,2026-01-19T12:09:00Z,2025-12-24T14:45:00Z,0
APP-00310,months_employed,46.0,2026-01-19T12:09:00Z,2026-01-07T03:07:00Z,0
APP-00310,prior_delinquencies,0.0,2026-01-19T12:09:00Z,2026-01-15T15:03:00Z,0
APP-00311,credit_utilization,0.343,2026-01-19T12:47:00Z,2026-01-19T11:00:00Z,1
APP-00311,debt_to_income,0.337,2026-01-19T12:47:00Z,2026-01-17T14:52:00Z,1
APP-00311,income,31034.0,2026-01-19T12:47:00Z,2026-01-13T22:38:00Z,1
APP-00311,months_employed,49.0,2026-01-19T12:47:00Z,2026-01-14T03:10:00Z,1
APP-00311,prior_delinquencies,0.0,2026-01-19T12:47:00Z,2026-01-17T15:23:00Z,1
APP-00312,credit_utilization,0.099,2026-01-19T17:17:00Z,2026-01-18T04:22:00Z,0
APP-00312,debt_to_income,0.336,2026-01-19T17:17:00Z,2026-01-17T19:52:00Z,0
APP-00312,income,60351.0,2026-01-19T17:17:00Z,2026-01-10T08:48:00Z,0
APP-00312,months_employed,93.0,2026-01-19T17:17:00Z,2026-01-10T09:26:00Z,0
APP-00312,prior_delinquencies,0.0,2026-01-19T17:17:00Z,2026-01-18T15:45:00Z,0
APP-00313,credit_utilization,0.442,2026-01-19T17:36:00Z,2026-01-17T21:28:00Z,0
APP-00313,debt_to_income,0.304,2026-01-19T17:36:00Z,2026-01-19T15:57:00Z,0
APP-00313,income,88252.0,2026-01-19T17:36:00Z,2025-12-30T23:16:00Z,0
APP-00313,months_employed,149.0,2026-01-19T17:36:00Z,2026-01-13T19:52:00Z,0
APP-00313,prior_delinquencies,0.0,2026-01-19T17:36:00Z,2026-01-19T15:25:00Z,0
APP-00314,credit_utilization,0.314,2026-01-19T21:50:00Z,2026-01-19T07:52:00Z,0
APP-00314,debt_to_income,0.301,2026-01-19T21:50:00Z,2026-01-19T17:14:00Z,0
APP-00314,income,78311.0,2026-01-19T21:50:00Z,2026-01-17T17:35:00Z,0
APP-00314,months_employed,148.0,2026-01-19T21:50:00Z,2026-01-13T05:01:00Z,0
APP-00314,prior_delinquencies,0.0,2026-01-19T21:50:00Z,2026-01-17T01:33:00Z,0
APP-00315,credit_utilization,0.478,2026-01-19T22:34:00Z,2026-01-19T13:49:00Z,0
APP-00315,debt_to_income,0.268,2026-01-19T22:34:00Z,2026-01-18T18:40:00Z,0
APP-00315,income,90937.0,2026-01-19T22:34:00Z,2025-12-22T20:56:00Z,0
APP-00315,months_employed,109.0,2026-01-19T22:34:00Z,2026-01-15T13:55:00Z,0
APP-00315,prior_delinquencies,1.0,2026-01-19T22:34:00Z,2026-01-18T09:45:00Z,0
APP-00316,credit_utilization,0.544,2026-01-19T23:10:00Z,2026-01-18T15:46:00Z,0
APP-00316,debt_to_income,0.451,2026-01-19T23:10:00Z,2026-01-17T09:40:00Z,0
APP-00316,income,34427.0,2026-01-19T23:10:00Z,2025-12-28T21:17:00Z,0
APP-00316,months_employed,80.0,2026-01-19T23:10:00Z,2026-01-12T14:29:00Z,0
APP-00316,prior_delinquencies,0.0,2026-01-19T23:10:00Z,2026-01-19T06:54:00Z,0
APP-00317,credit_utilization,0.224,2026-01-19T23:39:00Z,2026-01-18T14:25:00Z,0
APP-00317,debt_to_income,0.01,2026-01-19T23:39:00Z,2026-01-17T00:56:00Z,0
APP-00317,income,55396.0,2026-01-19T23:39:00Z,2025-12-25T16:26:00Z,0
APP-00317,months_employed,209.0,2026-01-19T23:39:00Z,2026-01-08T22:47:00Z,0
APP-00317,prior_delinquencies,0.0,2026-01-19T23:39:00Z,2026-01-16T07:09:00Z,0
APP-00318,credit_utilization,0.224,2026-01-20T00:55:00Z,2026-01-18T14:30:00Z,0
APP-00318,debt_to_income,0.35,2026-01-20T00:55:00Z,2026-01-18T07:07:00Z,0
APP-00318,income,42516.0,2026-01-20T00:55:00Z,2026-01-08T08:18:00Z,0
APP-00318,months_employed,145.0,2026-01-20T00:55:00Z,2026-01-17T09:15:00Z,0
APP-00318,prior_delinquencies,0.0,2026-01-20T00:55:00Z,2026-01-16T17:59:00Z,0
APP-00319,credit_utilization,0.176,2026-01-20T01:31:00Z,2026-01-19T04:31:00Z,0
APP-00319,debt_to_income,0.283,2026-01-20T01:31:00Z,2026-01-17T03:05:00Z,0
APP-00319,income,66861.0,2026-01-20T01:31:00Z,2026-01-15T13:57:00Z,0
APP-00319,months_employed,194.0,2026-01-20T01:31:00Z,2026-01-07T15:02:00Z,0
APP-00319,prior_delinquencies,1.0,2026-01-20T01:31:00Z,2026-01-17T15:42:00Z,0
APP-00320,credit_utilization,0.342,2026-01-20T01:54:00Z,2026-01-18T09:24:00Z,0
APP-00320,debt_to_income,0.408,2026-01-20T01:54:00Z,2026-01-17T14:00:00Z,0
APP-00320,income,74600.0,2026-01-20T01:54:00Z,2026-01-05T18:22:00Z,0
APP-00320,months_employed,36.0,2026-01-20T01:54:00Z,2026-01-17T00:57:00Z,0
APP-00320,prior_delinquencies,1.0,2026-01-20T01:54:00Z,2026-01-18T22:00:00Z,0
APP-00321,credit_utilization,0.291,2026-01-20T02:26:00Z,2026-01-19T03:33:00Z,0
APP-00321,debt_to_income,0.31,2026-01-20T02:26:00Z,2026-01-17T16:50:00Z,0
APP-00321,income,44490.0,2026-01-20T02:26:00Z,2026-01-04T19:46:00Z,0
APP-00321,months_employed,181.0,2026-01-20T02:26:00Z,2026-01-13T22:29:00Z,0
APP-00321,prior_delinquencies,1.0,2026-01-20T02:26:00Z,2026-01-19T05:16:00Z,0
APP-00322,credit_utilization,0.365,2026-01-20T04:26:00Z,2026-01-19T01:21:00Z,0
APP-00322,debt_to_income,0.231,2026-01-20T04:26:00Z,2026-01-18T23:56:00Z,0
APP-00322,income,56815.0,2026-01-20T04:26:00Z,2025-12-25T01:39:00Z,0
APP-00322,months_employed,73.0,2026-01-20T04:26:00Z,2026-01-17T20:53:00Z,0
APP-00322,prior_delinquencies,0.0,2026-01-20T04:26:00Z,2026-01-18T07:53:00Z,0
APP-00323,credit_utilization,0.56,2026-01-20T04:51:00Z,2026-01-18T17:06:00Z,0
APP-00323,debt_to_income,0.323,2026-01-20T04:51:00Z,2026-01-19T05:19:00Z,0
APP-00323,income,34741.0,2026-01-20T04:51:00Z,2025-12-21T05:39:00Z,0
APP-00323,months_employed,175.0,2026-01-20T04:51:00Z,2026-01-16T22:17:00Z,0
APP-00323,prior_delinquencies,1.0,2026-01-20T04:51:00Z,2026-01-18T13:01:00Z,0
APP-00324,credit_utilization,0.303,2026-01-20T09:02:00Z,2026-01-19T13:09:00Z,0
APP-00324,debt_to_income,0.298,2026-01-20T09:02:00Z,2026-01-19T00:26:00Z,0
APP-00324,income,38125.0,2026-01-20T09:02:00Z,2025-12-21T19:38:00Z,0
APP-00324,months_employed,28.0,2026-01-20T09:02:00Z,2026-01-14T18:32:00Z,0
APP-00324,prior_delinquencies,0.0,2026-01-20T09:02:00Z,2026-01-16T09:16:00Z,0
APP-00325,credit_utilization,0.0,2026-01-20T10:49:00Z,2026-01-19T09:23:00Z,0
APP-00325,debt_to_income,0.251,2026-01-20T10:49:00Z,2026-01-18T20:21:00Z,0
APP-00325,income,36539.0,2026-01-20T10:49:00Z,2026-01-04T18:03:00Z,0
APP-00325,months_employed,174.0,2026-01-20T10:49:00Z,2026-01-18T11:21:00Z,0
APP-00325,prior_delinquencies,0.0,2026-01-20T10:49:00Z,2026-01-19T01:47:00Z,0
APP-00326,credit_utilization,0.572,2026-01-20T13:20:00Z,2026-01-20T06:48:00Z,0
APP-00326,debt_to_income,0.276,2026-01-20T13:20:00Z,2026-01-19T21:39:00Z,0
APP-00326,income,40292.0,2026-01-20T13:20:00Z,2026-01-06T09:52:00Z,0
APP-00326,months_employed,215.0,2026-01-20T13:20:00Z,2026-01-17T15:39:00Z,0
APP-00326,prior_delinquencies,0.0,2026-01-20T13:20:00Z,2026-01-20T02:45:00Z,0
APP-00327,credit_utilization,0.566,2026-01-20T14:04:00Z,2026-01-18T21:13:00Z,0
APP-00327,debt_to_income,0.39,2026-01-20T14:04:00Z,2026-01-19T23:16:00Z,0
APP-00327,income,74120.0,2026-01-20T14:04:00Z,2026-01-06T17:07:00Z,0
APP-00327,months_employed,38.0,2026-01-20T14:04:00Z,2026-01-11T16:41:00Z,0
APP-00327,prior_delinquencies,0.0,2026-01-20T14:04:00Z,2026-01-19T17:58:00Z,0
APP-00328,credit_utilization,0.284,2026-01-20T15:25:00Z,2026-01-19T20:29:00Z,0
APP-00328,debt_to_income,0.415,2026-01-20T15:25:00Z,2026-01-18T22:10:00Z,0
APP-00328,income,23140.0,2026-01-20T15:25:00Z,2026-01-03T06:24:00Z,0
APP-00328,months_employed,187.0,2026-01-20T15:25:00Z,2026-01-14T10:27:00Z,0
APP-00328,prior_delinquencies,1.0,2026-01-20T15:25:00Z,2026-01-18T14:45:00Z,0
APP-00329,credit_utilization,0.353,2026-01-20T18:20:00Z,2026-01-19T11:50:00Z,0
APP-00329,debt_to_income,0.25,2026-01-20T18:20:00Z,2026-01-18T03:07:00Z,0
APP-00329,income,45102.0,2026-01-20T18:20:00Z,2026-01-02T22:13:00Z,0
APP-00329,months_employed,174.0,2026-01-20T18:20:00Z,2026-01-15T02:43:00Z,0
APP-00329,prior_delinquencies,1.0,2026-01-20T18:20:00Z,2026-01-18T18:27:00Z,0
APP-00330,credit_utilization,0.411,2026-01-20T19:05:00Z,2026-01-19T06:30:00Z,0
APP-00330,debt_to_income,0.344,2026-01-20T19:05:00Z,2026-01-19T07:58:00Z,0
APP-00330,income,42849.0,2026-01-20T19:05:00Z,2026-01-16T00:01:00Z,0
APP-00330,months_employed,141.0,2026-01-20T19:05:00Z,2026-01-19T10:20:00Z,0
APP-00330,prior_delinquencies,0.0,2026-01-20T19:05:00Z,2026-01-18T22:24:00Z,0
APP-00331,credit_utilization,0.375,2026-01-20T20:04:00Z,2026-01-20T12:12:00Z,0
APP-00331,debt_to_income,0.336,2026-01-20T20:04:00Z,2026-01-17T23:27:00Z,0
APP-00331,income,92963.0,2026-01-20T20:04:00Z,2025-12-22T23:07:00Z,0
APP-00331,months_employed,192.0,2026-01-20T20:04:00Z,2026-01-08T00:48:00Z,0
APP-00331,prior_delinquencies,0.0,2026-01-20T20:04:00Z,2026-01-20T14:01:00Z,0
APP-00332,credit_utilization,0.431,2026-01-20T20:50:00Z,2026-01-19T05:34:00Z,1
APP-00332,debt_to_income,0.429,2026-01-20T20:50:00Z,2026-01-18T10:25:00Z,1
APP-00332,income,42005.0,2026-01-20T20:50:00Z,2026-01-15T22:53:00Z,1
APP-00332,months_employed,198.0,2026-01-20T20:50:00Z,2026-01-12T07:35:00Z,1
APP-00332,prior_delinquencies,2.0,2026-01-20T20:50:00Z,2026-01-18T10:52:00Z,1
APP-00333,credit_utilization,0.789,2026-01-20T22:08:00Z,2026-01-19T23:40:00Z,0
APP-00333,debt_to_income,0.525,2026-01-20T22:08:00Z,2026-01-19T02:59:00Z,0
APP-00333,income,21277.0,2026-01-20T22:08:00Z,2026-01-09T09:32:00Z,0
APP-00333,months_employed,27.0,2026-01-20T22:08:00Z,2026-01-19T11:32:00Z,0
APP-00333,prior_delinquencies,2.0,2026-01-20T22:08:00Z,2026-01-20T07:35:00Z,0
APP-00334,credit_utilization,0.546,2026-01-20T23:29:00Z,2026-01-20T02:50:00Z,0
APP-00334,debt_to_income,0.481,2026-01-20T23:29:00Z,2026-01-17T23:41:00Z,0
APP-00334,income,34687.0,2026-01-20T23:29:00Z,2025-12-26T09:46:00Z,0
APP-00334,months_employed,146.0,2026-01-20T23:29:00Z,2026-01-09T20:25:00Z,0
APP-00334,prior_delinquencies,1.0,2026-01-20T23:29:00Z,2026-01-17T03:40:00Z,0
APP-00335,credit_utilization,0.2,2026-01-20T23:58:00Z,2026-01-19T00:52:00Z,0
APP-00335,debt_to_income,0.439,2026-01-20T23:58:00Z,2026-01-20T19:44:00Z,0
APP-00335,income,71936.0,2026-01-20T23:58:00Z,2026-01-19T16:58:00Z,0
APP-00335,months_employed,154.0,2026-01-20T23:58:00Z,2026-01-14T06:33:00Z,0
APP-00335,prior_delinquencies,0.0,2026-01-20T23:58:00Z,2026-01-19T07:14:00Z,0
APP-00336,credit_utilization,0.467,2026-01-21T01:20:00Z,2026-01-19T13:21:00Z,0
APP-00336,debt_to_income,0.284,2026-01-21T01:20:00Z,2026-01-18T22:31:00Z,0
APP-00336,income,90775.0,2026-01-21T01:20:00Z,2025-12-24T23:01:00Z,0
APP-00336,months_employed,198.0,2026-01-21T01:20:00Z,2026-01-08T08:01:00Z,0
APP-00336,prior_delinquencies,1.0,2026-01-21T01:20:00Z,2026-01-17T20:10:00Z,0
APP-00337,credit_utilization,0.258,2026-01-21T01:36:00Z,2026-01-20T15:19:00Z,0
APP-00337,debt_to_income,0.418,2026-01-21T01:36:00Z,2026-01-20T06:30:00Z,0
APP-00337,income,93992.0,2026-01-21T01:36:00Z,2026-01-12T17:58:00Z,0
APP-00337,months_employed,160.0,2026-01-21T01:36:00Z,2026-01-08T20:47:00Z,0
APP-00337,prior_delinquencies,1.0,2026-01-21T01:36:00Z,2026-01-20T05:54:00Z,0
APP-00338,credit_utilization,0.271,2026-01-21T01:51:00Z,2026-01-20T10:23:00Z,0
APP-00338,debt_to_income,0.293,2026-01-21T01:51:00Z,2026-01-18T05:28:00Z,0
APP-00338,income,29593.0,2026-01-21T01:51:00Z,2026-01-07T00:15:00Z,0
APP-00338,months_employed,198.0,2026-01-21T01:51:00Z,2026-01-14T08:36:00Z,0
APP-00338,prior_delinquencies,0.0,2026-01-21T01:51:00Z,2026-01-17T16:52:00Z,0
APP-00339,credit_utilization,0.188,2026-01-21T02:26:00Z,2026-01-19T23:45:00Z,0
APP-00339,debt_to_income,0.109,2026-01-21T02:26:00Z,2026-01-19T07:05:00Z,0
APP-00339,income,58150.0,2026-01-21T02:26:00Z,2026-01-07T06:31:00Z,0
APP-00339,months_employed,183.0,2026-01-21T02:26:00Z,2026-01-14T11:56:00Z,0
APP-00339,prior_delinquencies,0.0,2026-01-21T02:26:00Z,2026-01-20T16:54:00Z,0
APP-00340,credit_utilization,0.163,2026-01-21T02:56:00Z,2026-01-20T07:01:00Z,0
APP-00340,debt_to_income,0.3,2026-01-21T02:56:00Z,2026-01-20T06:21:00Z,0
APP-00340,income,40561.0,2026-01-21T02:56:00Z,2026-01-11T16:16:00Z,0
APP-00340,months_employed,202.0,2026-01-21T02:56:00Z,2026-01-12T00:20:00Z,0
APP-00340,prior_delinquencies,0.0,2026-01-21T02:56:00Z,2026-01-20T05:09:00Z,0
APP-00341,credit_utilization,0.752,2026-01-21T03:27:00Z,2026-01-20T12:21:00Z,0
APP-00341,debt_to_income,0.503,2026-01-21T03:27:00Z,2026-01-20T14:41:00Z,0
APP-00341,income,45573.0,2026-01-21T03:27:00Z,2025-12-24T05:00:00Z,0
APP-00341,months_employed,103.0,2026-01-21T03:27:00Z,2026-01-17T05:40:00Z,0
APP-00341,prior_delinquencies,1.0,2026-01-21T03:27:00Z,2026-01-17T19:40:00Z,0
APP-00342,credit_utilization,0.013,2026-01-21T05:12:00Z,2026-01-21T01:48:00Z,0
APP-00342,debt_to_income,0.069,2026-01-21T05:12:00Z,2026-01-20T13:04:00Z,0
APP-00342,income,116650.0,2026-01-21T05:12:00Z,2026-01-09T21:01:00Z,0
APP-00342,months_employed,239.0,2026-01-21T05:12:00Z,2026-01-18T05:47:00Z,0
APP-00342,prior_delinquencies,0.0,2026-01-21T05:12:00Z,2026-01-18T16:50:00Z,0
APP-00343,credit_utilization,0.372,2026-01-21T07:01:00Z,2026-01-20T08:18:00Z,1
APP-00343,debt_to_income,0.469,2026-01-21T07:01:00Z,2026-01-19T12:18:00Z,1
APP-00343,income,39005.0,2026-01-21T07:01:00Z,2026-01-19T20:42:00Z,1
APP-00343,months_employed,175.0,2026-01-21T07:01:00Z,2026-01-10T19:29:00Z,1
APP-00343,prior_delinquencies,1.0,2026-01-21T07:01:00Z,2026-01-19T02:16:00Z,1
APP-00344,credit_utilization,0.272,2026-01-21T07:49:00Z,2026-01-21T05:03:00Z,0
APP-00344,debt_to_income,0.137,2026-01-21T07:49:00Z,2026-01-18T10:32:00Z,0
APP-00344,income,58987.0,2026-01-21T07:49:00Z,2026-01-03T08:50:00Z,0
APP-00344,months_employed,4.0,2026-01-21T07:49:00Z,2026-01-13T16:03:00Z,0
APP-00344,prior_delinquencies,0.0,2026-01-21T07:49:00Z,2026-01-18T23:06:00Z,0
APP-00345,credit_utilization,0.815,2026-01-21T08:21:00Z,2026-01-19T12:41:00Z,0
APP-00345,debt_to_income,0.368,2026-01-21T08:21:00Z,2026-01-19T03:17:00Z,0
APP-00345,income,21199.0,2026-01-21T08:21:00Z,2026-01-05T23:51:00Z,0
APP-00345,months_employed,108.0,2026-01-21T08:21:00Z,2026-01-17T15:44:00Z,0
APP-00345,prior_delinquencies,1.0,2026-01-21T08:21:00Z,2026-01-17T10:09:00Z,0
APP-00346,credit_utilization,0.434,2026-01-21T08:43:00Z,2026-01-19T20:10:00Z,0
APP-00346,debt_to_income,0.543,2026-01-21T08:43:00Z,2026-01-19T11:01:00Z,0
APP-00346,income,21053.0,2026-01-21T08:43:00Z,2026-01-05T20:33:00Z,0
APP-00346,months_employed,48.0,2026-01-21T08:43:00Z,2026-01-18T04:16:00Z,0
APP-00346,prior_delinquencies,0.0,2026-01-21T08:43:00Z,2026-01-21T02:17:00Z,0
APP-00347,credit_utilization,0.595,2026-01-21T09:38:00Z,2026-01-19T14:08:00Z,0
APP-00347,debt_to_income,0.446,2026-01-21T09:38:00Z,2026-01-21T03:15:00Z,0
APP-00347,income,33709.0,2026-01-21T09:38:00Z,2026-01-04T04:55:00Z,0
APP-00347,months_employed,137.0,2026-01-21T09:38:00Z,2026-01-12T11:53:00Z,0
APP-00347,prior_delinquencies,1.0,2026-01-21T09:38:00Z,2026-01-17T20:25:00Z,0
APP-00348,credit_utilization,0.222,2026-01-21T11:21:00Z,2026-01-21T06:17:00Z,0
APP-00348,debt_to_income,0.182,2026-01-21T11:21:00Z,2026-01-20T11:21:00Z,0
APP-00348,income,71108.0,2026-01-21T11:21:00Z,2026-01-19T13:55:00Z,0
APP-00348,months_employed,182.0,2026-01-21T11:21:00Z,2026-01-09T12:50:00Z,0
APP-00348,prior_delinquencies,0.0,2026-01-21T11:21:00Z,2026-01-17T12:31:00Z,0
APP-00349,credit_utilization,0.525,2026-01-21T12:20:00Z,2026-01-19T14:43:00Z,0
APP-00349,debt_to_income,0.386,2026-01-21T12:20:00Z,2026-01-19T12:51:00Z,0
APP-00349,income,36084.0,2026-01-21T12:20:00Z,2025-12-23T12:26:00Z,0
APP-00349,months_employed,223.0,2026-01-21T12:20:00Z,2026-01-13T00:42:00Z,0
APP-00349,prior_delinquencies,1.0,2026-01-21T12:20:00Z,2026-01-20T13:40:00Z,0
APP-00350,credit_utilization,0.411,2026-01-21T16:04:00Z,2026-01-20T13:06:00Z,0
APP-00350,debt_to_income,0.437,2026-01-21T16:04:00Z,2026-01-20T19:16:00Z,0
APP-00350,income,30062.0,2026-01-21T16:04:00Z,2025-12-30T16:14:00Z,0
APP-00350,months_employed,91.0,2026-01-21T16:04:00Z,2026-01-19T09:56:00Z,0
APP-00350,prior_delinquencies,2.0,2026-01-21T16:04:00Z,2026-01-19T02:36:00Z,0
APP-00351,credit_utilization,0.412,2026-01-21T16:36:00Z,2026-01-19T19:53:00Z,0
APP-00351,debt_to_income,0.327,2026-01-21T16:36:00Z,2026-01-20T13:35:00Z,0
APP-00351,income,86584.0,2026-01-21T16:36:00Z,2025-12-27T15:47:00Z,0
APP-00351,months_employed,56.0,2026-01-21T16:36:00Z,2026-01-09T02:34:00Z,0
APP-00351,prior_delinquencies,1.0,2026-01-21T16:36:00Z,2026-01-21T06:20:00Z,0
APP-00352,credit_utilization,0.639,2026-01-21T19:32:00Z,2026-01-21T16:58:00Z,0
APP-00352,debt_to_income,0.318,2026-01-21T19:32:00Z,2026-01-21T18:31:00Z,0
APP-00352,income,25205.0,2026-01-21T19:32:00Z,2026-01-17T15:50:00Z,0
APP-00352,months_employed,157.0,2026-01-21T19:32:00Z,2026-01-11T17:11:00Z,0
APP-00352,prior_delinquencies,1.0,2026-01-21T19:32:00Z,2026-01-18T20:28:00Z,0
APP-00353,credit_utilization,0.741,2026-01-21T20:45:00Z,2026-01-20T16:06:00Z,0
APP-00353,debt_to_income,0.326,2026-01-21T20:45:00Z,2026-01-21T15:22:00Z,0
APP-00353,income,58981.0,2026-01-21T20:45:00Z,2025-12-28T08:03:00Z,0
APP-00353,months_employed,169.0,2026-01-21T20:45:00Z,2026-01-10T00:52:00Z,0
APP-00353,prior_delinquencies,1.0,2026-01-21T20:45:00Z,2026-01-21T07:59:00Z,0
APP-00354,credit_utilization,0.401,2026-01-21T22:37:00Z,2026-01-20T21:28:00Z,0
APP-00354,debt_to_income,0.494,2026-01-21T22:37:00Z,2026-01-20T10:46:00Z,0
APP-00354,income,24310.0,2026-01-21T22:37:00Z,2026-01-19T23:37:00Z,0
APP-00354,months_employed,19.0,2026-01-21T22:37:00Z,2026-01-19T17:42:00Z,0
APP-00354,prior_delinquencies,1.0,2026-01-21T22:37:00Z,2026-01-20T09:44:00Z,0
APP-00355,credit_utilization,0.384,2026-01-21T23:01:00Z,2026-01-20T20:51:00Z,1
APP-00355,debt_to_income,0.484,2026-01-21T23:01:00Z,2026-01-19T16:26:00Z,1
APP-00355,income,32613.0,2026-01-21T23:01:00Z,2025-12-26T15:26:00Z,1
APP-00355,months_employed,209.0,2026-01-21T23:01:00Z,2026-01-19T18:24:00Z,1
APP-00355,prior_delinquencies,0.0,2026-01-21T23:01:00Z,2026-01-19T00:47:00Z,1
APP-00356,credit_utilization,0.732,2026-01-21T23:06:00Z,2026-01-20T07:30:00Z,0
APP-00356,debt_to_income,0.619,2026-01-21T23:06:00Z,2026-01-20T07:23:00Z,0
APP-00356,income,27680.0,2026-01-21T23:06:00Z,2026-01-20T16:49:00Z,0
APP-00356,months_employed,18.0,2026-01-21T23:06:00Z,2026-01-10T17:52:00Z,0
APP-00356,prior_delinquencies,2.0,2026-01-21T23:06:00Z,2026-01-20T01:01:00Z,0
APP-00357,credit_utilization,0.324,2026-01-22T00:00:00Z,2026-01-20T14:52:00Z,0
APP-00357,debt_to_income,0.271,2026-01-22T00:00:00Z,2026-01-19T09:58:00Z,0
APP-00357,income,37181.0,2026-01-22T00:00:00Z,2025-12-25T21:25:00Z,0
APP-00357,months_employed,199.0,2026-01-22T00:00:00Z,2026-01-14T10:42:00Z,0
APP-00357,prior_delinquencies,1.0,2026-01-22T00:00:00Z,2026-01-20T01:51:00Z,0
APP-00358,credit_utilization,0.377,2026-01-22T01:16:00Z,2026-01-20T15:08:00Z,0
APP-00358,debt_to_income,0.364,2026-01-22T01:16:00Z,2026-01-20T16:29:00Z,0
APP-00358,income,49725.0,2026-01-22T01:16:00Z,2026-01-14T13:13:00Z,0
APP-00358,months_employed,70.0,2026-01-22T01:16:00Z,2026-01-15T20:16:00Z,0
APP-00358,prior_delinquencies,0.0,2026-01-22T01:16:00Z,2026-01-19T04:15:00Z,0
APP-00359,credit_utilization,0.283,2026-01-22T05:35:00Z,2026-01-21T22:07:00Z,0
APP-00359,debt_to_income,0.285,2026-01-22T05:35:00Z,2026-01-20T17:56:00Z,0
APP-00359,income,29838.0,2026-01-22T05:35:00Z,2025-12-28T10:56:00Z,0
APP-00359,months_employed,98.0,2026-01-22T05:35:00Z,2026-01-08T23:42:00Z,0
APP-00359,prior_delinquencies,0.0,2026-01-22T05:35:00Z,2026-01-20T12:50:00Z,0
APP-00360,credit_utilization,0.666,2026-01-22T05:41:00Z,2026-01-21T17:04:00Z,0
APP-00360,debt_to_income,0.491,2026-01-22T05:41:00Z,2026-01-20T07:18:00Z,0
APP-00360,income,68872.0,2026-01-22T05:41:00Z,2026-01-11T20:26:00Z,0
APP-00360,months_employed,132.0,2026-01-22T05:41:00Z,2026-01-12T04:18:00Z,0
APP-00360,prior_delinquencies,2.0,2026-01-22T05:41:00Z,2026-01-18T16:23:00Z,0
APP-00361,credit_utilization,0.676,2026-01-22T07:34:00Z,2026-01-21T15:17:00Z,1
APP-00361,debt_to_income,0.509,2026-01-22T07:34:00Z,2026-01-21T22:52:00Z,1
APP-00361,income,42250.0,2026-01-22T07:34:00Z,2025-12-27T09:44:00Z,1
APP-00361,months_employed,71.0,2026-01-22T07:34:00Z,2026-01-13T01:47:00Z,1
APP-00361,prior_delinquencies,0.0,2026-01-22T07:34:00Z,2026-01-20T17:50:00Z,1
APP-00362,credit_utilization,0.151,2026-01-22T08:49:00Z,2026-01-20T13:37:00Z,0
APP-00362,debt_to_income,0.14,2026-01-22T08:49:00Z,2026-01-20T12:58:00Z,0
APP-00362,income,57686.0,2026-01-22T08:49:00Z,2026-01-20T07:07:00Z,0
APP-00362,months_employed,232.0,2026-01-22T08:49:00Z,2026-01-11T22:31:00Z,0
APP-00362,prior_delinquencies,0.0,2026-01-22T08:49:00Z,2026-01-18T17:36:00Z,0
APP-00363,credit_utilization,0.246,2026-01-22T10:25:00Z,2026-01-21T19:32:00Z,0
APP-00363,debt_to_income,0.315,2026-01-22T10:25:00Z,2026-01-21T03:04:00Z,0
APP-00363,income,36265.0,2026-01-22T10:25:00Z,2026-01-19T14:34:00Z,0
APP-00363,months_employed,235.0,2026-01-22T10:25:00Z,2026-01-10T21:14:00Z,0
APP-00363,prior_delinquencies,0.0,2026-01-22T10:25:00Z,2026-01-19T08:36:00Z,0
APP-00364,credit_utilization,0.327,2026-01-22T13:26:00Z,2026-01-21T06:11:00Z,0
APP-00364,debt_to_income,0.301,2026-01-22T13:26:00Z,2026-01-20T07:16:00Z,0
APP-00364,income,30849.0,2026-01-22T13:26:00Z,2025-12-28T01:08:00Z,0
APP-00364,months_employed,96.0,2026-01-22T13:26:00Z,2026-01-19T23:42:00Z,0
APP-00364,prior_delinquencies,1.0,2026-01-22T13:26:00Z,2026-01-21T07:30:00Z,0
APP-00365,credit_utilization,0.519,2026-01-22T14:16:00Z,2026-01-21T05:51:00Z,0
APP-00365,debt_to_income,0.339,2026-01-22T14:16:00Z,2026-01-20T18:38:00Z,0
APP-00365,income,42747.0,2026-01-22T14:16:00Z,2026-01-20T21:47:00Z,0
APP-00365,months_employed,187.0,2026-01-22T14:16:00Z,2026-01-11T01:21:00Z,0
APP-00365,prior_delinquencies,0.0,2026-01-22T14:16:00Z,2026-01-20T11:03:00Z,0
APP-00366,credit_utilization,0.571,2026-01-22T18:58:00Z,2026-01-21T07:54:00Z,0
APP-00366,debt_to_income,0.394,2026-01-22T18:58:00Z,2026-01-19T23:10:00Z,0
APP-00366,income,40920.0,2026-01-22T18:58:00Z,2025-12-25T12:35:00Z,0
APP-00366,months_employed,66.0,2026-01-22T18:58:00Z,2026-01-16T14:45:00Z,0
APP-00366,prior_delinquencies,1.0,2026-01-22T18:58:00Z,2026-01-20T14:40:00Z,0
APP-00367,credit_utilization,0.35,2026-01-22T20:35:00Z,2026-01-21T14:03:00Z,0
APP-00367,debt_to_income,0.234,2026-01-22T20:35:00Z,2026-01-20T11:08:00Z,0
APP-00367,income,99533.0,2026-01-22T20:35:00Z,2026-01-02T00:41:00Z,0
APP-00367,months_employed,121.0,2026-01-22T20:35:00Z,2026-01-13T14:27:00Z,0
APP-00367,prior_delinquencies,0.0,2026-01-22T20:35:00Z,2026-01-19T13:56:00Z,0
APP-00368,credit_utilization,0.324,2026-01-22T21:19:00Z,2026-01-21T07:01:00Z,0
APP-00368,debt_to_income,0.326,2026-01-22T21:19:00Z,2026-01-21T05:14:00Z,0
APP-00368,income,44610.0,2026-01-22T21:19:00Z,2026-01-12T14:03:00Z,0
APP-00368,months_employed,71.0,2026-01-22T21:19:00Z,2026-01-19T18:48:00Z,0
APP-00368,prior_delinquencies,0.0,2026-01-22T21:19:00Z,2026-01-21T13:36:00Z,0
APP-00369,credit_utilization,0.0,2026-01-22T22:14:00Z,2026-01-22T17:28:00Z,0
APP-00369,debt_to_income,0.314,2026-01-22T22:14:00Z,2026-01-21T01:33:00Z,0
APP-00369,income,35887.0,2026-01-22T22:14:00Z,2026-01-19T22:41:00Z,0
APP-00369,months_employed,219.0,2026-01-22T22:14:00Z,2026-01-10T06:50:00Z,0
APP-00369,prior_delinquencies,1.0,2026-01-22T22:14:00Z,2026-01-22T15:43:00Z,0
APP-00370,credit_utilization,0.334,2026-01-22T23:44:00Z,2026-01-21T22:25:00Z,0
APP-00370,debt_to_income,0.436,2026-01-22T23:44:00Z,2026-01-21T04:03:00Z,0
APP-00370,income,50914.0,2026-01-22T23:44:00Z,2026-01-20T20:38:00Z,0
APP-00370,months_employed,67.0,2026-01-22T23:44:00Z,2026-01-18T01:28:00Z,0
APP-00370,prior_delinquencies,0.0,2026-01-22T23:44:00Z,2026-01-19T07:52:00Z,0
APP-00371,credit_utilization,0.301,2026-01-23T02:10:00Z,2026-01-21T14:42:00Z,0
APP-00371,debt_to_income,0.513,2026-01-23T02:10:00Z,2026-01-20T13:06:00Z,0
APP-00371,income,17681.0,2026-01-23T02:10:00Z,2025-12-24T15:56:00Z,0
APP-00371,months_employed,226.0,2026-01-23T02:10:00Z,2026-01-10T21:42:00Z,0
APP-00371,prior_delinquencies,0.0,2026-01-23T02:10:00Z,2026-01-22T20:52:00Z,0
APP-00372,credit_utilization,0.422,2026-01-23T04:05:00Z,2026-01-22T23:52:00Z,0
APP-00372,debt_to_income,0.297,2026-01-23T04:05:00Z,2026-01-20T10:14:00Z,0
APP-00372,income,52115.0,2026-01-23T04:05:00Z,2026-01-09T00:25:00Z,0
APP-00372,months_employed,192.0,2026-01-23T04:05:00Z,2026-01-16T22:39:00Z,0
APP-00372,prior_delinquencies,0.0,2026-01-23T04:05:00Z,2026-01-21T23:19:00Z,0
APP-00373,credit_utilization,0.47,2026-01-23T04:28:00Z,2026-01-22T00:29:00Z,0
APP-00373,debt_to_income,0.426,2026-01-23T04:28:00Z,2026-01-22T17:01:00Z,0
APP-00373,income,72133.0,2026-01-23T04:28:00Z,2026-01-20T04:25:00Z,0
APP-00373,months_employed,206.0,2026-01-23T04:28:00Z,2026-01-16T06:03:00Z,0
APP-00373,prior_delinquencies,0.0,2026-01-23T04:28:00Z,2026-01-20T19:10:00Z,0
APP-00374,credit_utilization,0.46,2026-01-23T07:00:00Z,2026-01-23T03:32:00Z,0
APP-00374,debt_to_income,0.405,2026-01-23T07:00:00Z,2026-01-20T19:28:00Z,0
APP-00374,income,83062.0,2026-01-23T07:00:00Z,2026-01-09T12:02:00Z,0
APP-00374,months_employed,138.0,2026-01-23T07:00:00Z,2026-01-22T06:05:00Z,0
APP-00374,prior_delinquencies,0.0,2026-01-23T07:00:00Z,2026-01-19T17:18:00Z,0
APP-00375,credit_utilization,0.388,2026-01-23T09:21:00Z,2026-01-22T13:38:00Z,0
APP-00375,debt_to_income,0.337,2026-01-23T09:21:00Z,2026-01-21T18:32:00Z,0
APP-00375,income,62975.0,2026-01-23T09:21:00Z,2026-01-15T16:22:00Z,0
APP-00375,months_employed,154.0,2026-01-23T09:21:00Z,2026-01-20T22:46:00Z,0
APP-00375,prior_delinquencies,0.0,2026-01-23T09:21:00Z,2026-01-21T15:56:00Z,0
APP-00376,credit_utilization,0.462,2026-01-23T10:56:00Z,2026-01-22T22:34:00Z,0
APP-00376,debt_to_income,0.345,2026-01-23T10:56:00Z,2026-01-20T23:01:00Z,0
APP-00376,income,85621.0,2026-01-23T10:56:00Z,2026-01-05T15:44:00Z,0
APP-00376,months_employed,24.0,2026-01-23T10:56:00Z,2026-01-17T12:27:00Z,0
APP-00376,prior_delinquencies,1.0,2026-01-23T10:56:00Z,2026-01-23T06:14:00Z,0
APP-00377,credit_utilization,0.01,2026-01-23T11:35:00Z,2026-01-21T17:10:00Z,0
APP-00377,debt_to_income,0.211,2026-01-23T11:35:00Z,2026-01-20T11:58:00Z,0
APP-00377,income,124575.0,2026-01-23T11:35:00Z,2025-12-29T04:45:00Z,0
APP-00377,months_employed,138.0,2026-01-23T11:35:00Z,2026-01-16T02:13:00Z,0
APP-00377,prior_delinquencies,0.0,2026-01-23T11:35:00Z,2026-01-22T22:22:00Z,0
APP-00378,credit_utilization,0.549,2026-01-23T15:12:00Z,2026-01-23T01:39:00Z,1
APP-00378,debt_to_income,0.374,2026-01-23T15:12:00Z,2026-01-23T12:47:00Z,1
APP-00378,income,73871.0,2026-01-23T15:12:00Z,2026-01-11T09:24:00Z,1
APP-00378,months_employed,118.0,2026-01-23T15:12:00Z,2026-01-18T09:21:00Z,1
APP-00378,prior_delinquencies,2.0,2026-01-23T15:12:00Z,2026-01-23T02:47:00Z,1
APP-00379,credit_utilization,0.455,2026-01-23T15:17:00Z,2026-01-21T16:41:00Z,0
APP-00379,debt_to_income,0.281,2026-01-23T15:17:00Z,2026-01-22T01:05:00Z,0
APP-00379,income,29660.0,2026-01-23T15:17:00Z,2026-01-12T19:42:00Z,0
APP-00379,months_employed,24.0,2026-01-23T15:17:00Z,2026-01-20T23:13:00Z,0
APP-00379,prior_delinquencies,1.0,2026-01-23T15:17:00Z,2026-01-20T21:45:00Z,0
APP-00380,credit_utilization,0.374,2026-01-23T15:58:00Z,2026-01-23T13:32:00Z,0
APP-00380,debt_to_income,0.349,2026-01-23T15:58:00Z,2026-01-22T11:12:00Z,0
APP-00380,income,133973.0,2026-01-23T15:58:00Z,2026-01-21T16:15:00Z,0
APP-00380,months_employed,81.0,2026-01-23T15:58:00Z,2026-01-17T02:37:00Z,0
APP-00380,prior_delinquencies,2.0,2026-01-23T15:58:00Z,2026-01-21T00:52:00Z,0
APP-00381,credit_utilization,0.701,2026-01-23T18:51:00Z,2026-01-23T09:32:00Z,0
APP-00381,debt_to_income,0.585,2026-01-23T18:51:00Z,2026-01-22T08:38:00Z,0
APP-00381,income,54434.0,2026-01-23T18:51:00Z,2026-01-21T07:48:00Z,0
APP-00381,months_employed,206.0,2026-01-23T18:51:00Z,2026-01-13T17:26:00Z,0
APP-00381,prior_delinquencies,0.0,2026-01-23T18:51:00Z,2026-01-23T06:03:00Z,0
APP-00382,credit_utilization,0.819,2026-01-24T01:58:00Z,2026-01-23T16:32:00Z,0
APP-00382,debt_to_income,0.491,2026-01-24T01:58:00Z,2026-01-23T07:20:00Z,0
APP-00382,income,62695.0,2026-01-24T01:58:00Z,2026-01-04T13:57:00Z,0
APP-00382,months_employed,180.0,2026-01-24T01:58:00Z,2026-01-15T19:53:00Z,0
APP-00382,prior_delinquencies,1.0,2026-01-24T01:58:00Z,2026-01-22T18:44:00Z,0
APP-00383,credit_utilization,0.56,2026-01-24T02:28:00Z,2026-01-23T22:32:00Z,0
APP-00383,debt_to_income,0.535,2026-01-24T02:28:00Z,2026-01-23T13:50:00Z,0
APP-00383,income,54269.0,2026-01-24T02:28:00Z,2026-01-01T01:46:00Z,0
APP-00383,months_employed,58.0,2026-01-24T02:28:00Z,2026-01-12T11:44:00Z,0
APP-00383,prior_delinquencies,2.0,2026-01-24T02:28:00Z,2026-01-22T16:14:00Z,0
APP-00384,credit_utilization,0.093,2026-01-24T04:17:00Z,2026-01-22T19:28:00Z,0
APP-00384,debt_to_income,0.206,2026-01-24T04:17:00Z,2026-01-21T11:20:00Z,0
APP-00384,income,69364.0,2026-01-24T04:17:00Z,2026-01-09T23:56:00Z,0
APP-00384,months_employed,2.0,2026-01-24T04:17:00Z,2026-01-17T05:47:00Z,0
APP-00384,prior_delinquencies,0.0,2026-01-24T04:17:00Z,2026-01-23T22:13:00Z,0
APP-00385,credit_utilization,0.542,2026-01-24T04:43:00Z,2026-01-22T14:46:00Z,0
APP-00385,debt_to_income,0.461,2026-01-24T04:43:00Z,2026-01-23T04:46:00Z,0
APP-00385,income,23007.0,2026-01-24T04:43:00Z,2026-01-23T04:24:00Z,0
APP-00385,months_employed,130.0,2026-01-24T04:43:00Z,2026-01-15T14:16:00Z,0
APP-00385,prior_delinquencies,0.0,2026-01-24T04:43:00Z,2026-01-23T02:33:00Z,0
APP-00386,credit_utilization,0.094,2026-01-24T04:55:00Z,2026-01-23T06:25:00Z,0
APP-00386,debt_to_income,0.214,2026-01-24T04:55:00Z,2026-01-23T12:52:00Z,0
APP-00386,income,95757.0,2026-01-24T04:55:00Z,2026-01-15T15:27:00Z,0
APP-00386,months_employed,179.0,2026-01-24T04:55:00Z,2026-01-18T13:15:00Z,0
APP-00386,prior_delinquencies,0.0,2026-01-24T04:55:00Z,2026-01-22T21:27:00Z,0
APP-00387,credit_utilization,0.346,2026-01-24T05:42:00Z,2026-01-23T12:28:00Z,0
APP-00387,debt_to_income,0.286,2026-01-24T05:42:00Z,2026-01-23T02:53:00Z,0
APP-00387,income,102638.0,2026-01-24T05:42:00Z,2026-01-09T23:48:00Z,0
APP-00387,months_employed,40.0,2026-01-24T05:42:00Z,2026-01-15T00:31:00Z,0
APP-00387,prior_delinquencies,1.0,2026-01-24T05:42:00Z,2026-01-22T23:54:00Z,0
APP-00388,credit_utilization,0.514,2026-01-24T06:25:00Z,2026-01-22T20:02:00Z,0
APP-00388,debt_to_income,0.364,2026-01-24T06:25:00Z,2026-01-22T04:03:00Z,0
APP-00388,income,32751.0,2026-01-24T06:25:00Z,2026-01-18T19:00:00Z,0
APP-00388,months_employed,220.0,2026-01-24T06:25:00Z,2026-01-17T02:01:00Z,0
APP-00388,prior_delinquencies,0.0,2026-01-24T06:25:00Z,2026-01-22T04:19:00Z,0
APP-00389,credit_utilization,0.291,2026-01-24T10:23:00Z,2026-01-23T02:26:00Z,0
APP-00389,debt_to_income,0.197,2026-01-24T10:23:00Z,2026-01-24T04:18:00Z,0
APP-00389,income,65867.0,2026-01-24T10:23:00Z,2026-01-02T02:00:00Z,0
APP-00389,months_employed,180.0,2026-01-24T10:23:00Z,2026-01-16T02:28:00Z,0
APP-00389,prior_delinquencies,0.0,2026-01-24T10:23:00Z,2026-01-20T18:21:00Z,0
APP-00390,credit_utilization,0.47,2026-01-24T10:52:00Z,2026-01-22T11:05:00Z,0
APP-00390,debt_to_income,0.298,2026-01-24T10:52:00Z,2026-01-23T06:46:00Z,0
APP-00390,income,55299.0,2026-01-24T10:52:00Z,2026-01-18T12:15:00Z,0
APP-00390,months_employed,213.0,2026-01-24T10:52:00Z,2026-01-14T14:59:00Z,0
APP-00390,prior_delinquencies,0.0,2026-01-24T10:52:00Z,2026-01-21T04:55:00Z,0
APP-00391,credit_utilization,0.323,2026-01-24T11:22:00Z,2026-01-24T08:40:00Z,0
APP-00391,debt_to_income,0.18,2026-01-24T11:22:00Z,2026-01-23T13:13:00Z,0
APP-00391,income,39429.0,2026-01-24T11:22:00Z,2026-01-01T23:30:00Z,0
APP-00391,months_employed,119.0,2026-01-24T11:22:00Z,2026-01-13T13:08:00Z,0
APP-00391,prior_delinquencies,0.0,2026-01-24T11:22:00Z,2026-01-21T15:08:00Z,0
APP-00392,credit_utilization,0.612,2026-01-24T18:35:00Z,2026-01-23T11:25:00Z,1
APP-00392,debt_to_income,0.362,2026-01-24T18:35:00Z,2026-01-24T05:19:00Z,1
APP-00392,income,34421.0,2026-01-24T18:35:00Z,2026-01-02T22:41:00Z,1
APP-00392,months_employed,213.0,2026-01-24T18:35:00Z,2026-01-11T06:19:00Z,1
APP-00392,prior_delinquencies,0.0,2026-01-24T18:35:00Z,2026-01-21T08:02:00Z,1
APP-00393,credit_utilization,0.322,2026-01-24T21:51:00Z,2026-01-24T08:03:00Z,0
APP-00393,debt_to_income,0.245,2026-01-24T21:51:00Z,2026-01-21T22:38:00Z,0
APP-00393,income,53502.0,2026-01-24T21:51:00Z,2026-01-09T12:01:00Z,0
APP-00393,months_employed,195.0,2026-01-24T21:51:00Z,2026-01-21T04:50:00Z,0
APP-00393,prior_delinquencies,1.0,2026-01-24T21:51:00Z,2026-01-21T17:17:00Z,0
APP-00394,credit_utilization,0.541,2026-01-24T22:04:00Z,2026-01-24T13:23:00Z,1
APP-00394,debt_to_income,0.376,2026-01-24T22:04:00Z,2026-01-24T08:29:00Z,1
APP-00394,income,25145.0,2026-01-24T22:04:00Z,2026-01-14T10:20:00Z,1
APP-00394,months_employed,172.0,2026-01-24T22:04:00Z,2026-01-11T17:22:00Z,1
APP-00394,prior_delinquencies,0.0,2026-01-24T22:04:00Z,2026-01-24T07:48:00Z,1
APP-00395,credit_utilization,0.161,2026-01-24T22:46:00Z,2026-01-24T13:23:00Z,0
APP-00395,debt_to_income,0.249,2026-01-24T22:46:00Z,2026-01-24T15:46:00Z,0
APP-00395,income,27755.0,2026-01-24T22:46:00Z,2026-01-19T08:42:00Z,0
APP-00395,months_employed,188.0,2026-01-24T22:46:00Z,2026-01-16T11:15:00Z,0
APP-00395,prior_delinquencies,0.0,2026-01-24T22:46:00Z,2026-01-22T22:51:00Z,0
APP-00396,credit_utilization,0.351,2026-01-24T23:53:00Z,2026-01-24T17:26:00Z,0
APP-00396,debt_to_income,0.403,2026-01-24T23:53:00Z,2026-01-23T14:03:00Z,0
APP-00396,income,87233.0,2026-01-24T23:53:00Z,2026-01-20T09:57:00Z,0
APP-00396,months_employed,35.0,2026-01-24T23:53:00Z,2026-01-20T21:39:00Z,0
APP-00396,prior_delinquencies,2.0,2026-01-24T23:53:00Z,2026-01-21T05:40:00Z,0
APP-00397,credit_utilization,0.501,2026-01-25T00:33:00Z,2026-01-24T08:56:00Z,0
APP-00397,debt_to_income,0.494,2026-01-25T00:33:00Z,2026-01-24T18:24:00Z,0
APP-00397,income,50558.0,2026-01-25T00:33:00Z,2026-01-04T17:52:00Z,0
APP-00397,months_employed,15.0,2026-01-25T00:33:00Z,2026-01-18T00:34:00Z,0
APP-00397,prior_delinquencies,1.0,2026-01-25T00:33:00Z,2026-01-23T18:36:00Z,0
APP-00398,credit_utilization,0.759,2026-01-25T02:29:00Z,2026-01-23T20:16:00Z,0
APP-00398,debt_to_income,0.246,2026-01-25T02:29:00Z,2026-01-24T11:24:00Z,0
APP-00398,income,76889.0,2026-01-25T02:29:00Z,2025-12-28T17:39:00Z,0
APP-00398,months_employed,95.0,2026-01-25T02:29:00Z,2026-01-16T17:23:00Z,0
APP-00398,prior_delinquencies,0.0,2026-01-25T02:29:00Z,2026-01-24T22:46:00Z,0
APP-00399,credit_utilization,0.31,2026-01-25T03:29:00Z,2026-01-24T10:53:00Z,0
APP-00399,debt_to_income,0.353,2026-01-25T03:29:00Z,2026-01-24T14:55:00Z,0
APP-00399,income,88804.0,2026-01-25T03:29:00Z,2026-01-15T10:36:00Z,0
APP-00399,months_employed,167.0,2026-01-25T03:29:00Z,2026-01-13T07:08:00Z,0
APP-00399,prior_delinquencies,0.0,2026-01-25T03:29:00Z,2026-01-22T14:49:00Z,0
APP-00400,credit_utilization,0.51,2026-01-25T04:24:00Z,2026-01-24T08:23:00Z,0
APP-00400,debt_to_income,0.327,2026-01-25T04:24:00Z,2026-01-22T21:14:00Z,0
APP-00400,income,91938.0,2026-01-25T04:24:00Z,2026-01-01T21:12:00Z,0
APP-00400,months_employed,229.0,2026-01-25T04:24:00Z,2026-01-12T15:00:00Z,0
APP-00400,prior_delinquencies,0.0,2026-01-25T04:24:00Z,2026-01-25T01:43:00Z,0
APP-00401,credit_utilization,0.401,2026-01-25T05:40:00Z,2026-01-24T03:31:00Z,0
APP-00401,debt_to_income,0.27,2026-01-25T05:40:00Z,2026-01-23T09:53:00Z,0
APP-00401,income,82435.0,2026-01-25T05:40:00Z,2025-12-27T04:04:00Z,0
APP-00401,months_employed,6.0,2026-01-25T05:40:00Z,2026-01-20T10:15:00Z,0
APP-00401,prior_delinquencies,0.0,2026-01-25T05:40:00Z,2026-01-23T05:50:00Z,0
APP-00402,credit_utilization,0.24,2026-01-25T06:37:00Z,2026-01-23T15:08:00Z,0
APP-00402,debt_to_income,0.21,2026-01-25T06:37:00Z,2026-01-24T00:18:00Z,0
APP-00402,income,106823.0,2026-01-25T06:37:00Z,2025-12-30T13:38:00Z,0
APP-00402,months_employed,100.0,2026-01-25T06:37:00Z,2026-01-18T09:12:00Z,0
APP-00402,prior_delinquencies,1.0,2026-01-25T06:37:00Z,2026-01-22T05:00:00Z,0
APP-00403,credit_utilization,0.238,2026-01-25T09:20:00Z,2026-01-24T16:21:00Z,0
APP-00403,debt_to_income,0.276,2026-01-25T09:20:00Z,2026-01-24T19:55:00Z,0
APP-00403,income,67146.0,2026-01-25T09:20:00Z,2026-01-06T08:06:00Z,0
APP-00403,months_employed,53.0,2026-01-25T09:20:00Z,2026-01-12T02:26:00Z,0
APP-00403,prior_delinquencies,0.0,2026-01-25T09:20:00Z,2026-01-24T08:09:00Z,0
APP-00404,credit_utilization,0.279,2026-01-25T09:20:00Z,2026-01-23T12:45:00Z,0
APP-00404,debt_to_income,0.308,2026-01-25T09:20:00Z,2026-01-23T18:28:00Z,0
APP-00404,income,65356.0,2026-01-25T09:20:00Z,2026-01-08T01:11:00Z,0
APP-00404,months_employed,86.0,2026-01-25T09:20:00Z,2026-01-21T10:33:00Z,0
APP-00404,prior_delinquencies,0.0,2026-01-25T09:20:00Z,2026-01-21T20:39:00Z,0
APP-00405,credit_utilization,0.271,2026-01-25T11:18:00Z,2026-01-24T23:26:00Z,0
APP-00405,debt_to_income,0.391,2026-01-25T11:18:00Z,2026-01-25T04:04:00Z,0
APP-00405,income,76353.0,2026-01-25T11:18:00Z,2026-01-04T09:06:00Z,0
APP-00405,months_employed,236.0,2026-01-25T11:18:00Z,2026-01-15T03:33:00Z,0
APP-00405,prior_delinquencies,0.0,2026-01-25T11:18:00Z,2026-01-23T22:34:00Z,0
APP-00406,credit_utilization,0.576,2026-01-25T11:28:00Z,2026-01-24T22:44:00Z,0
APP-00406,debt_to_income,0.321,2026-01-25T11:28:00Z,2026-01-22T17:31:00Z,0
APP-00406,income,71168.0,2026-01-25T11:28:00Z,2026-01-22T13:34:00Z,0
APP-00406,months_employed,93.0,2026-01-25T11:28:00Z,2026-01-14T16:19:00Z,0
APP-00406,prior_delinquencies,0.0,2026-01-25T11:28:00Z,2026-01-22T02:26:00Z,0
APP-00407,credit_utilization,0.38,2026-01-25T11:40:00Z,2026-01-24T07:38:00Z,0
APP-00407,debt_to_income,0.33,2026-01-25T11:40:00Z,2026-01-23T09:41:00Z,0
APP-00407,income,78558.0,2026-01-25T11:40:00Z,2026-01-18T08:30:00Z,0
APP-00407,months_employed,121.0,2026-01-25T11:40:00Z,2026-01-14T23:30:00Z,0
APP-00407,prior_delinquencies,0.0,2026-01-25T11:40:00Z,2026-01-21T19:10:00Z,0
APP-00408,credit_utilization,0.464,2026-01-25T13:48:00Z,2026-01-24T21:44:00Z,0
APP-00408,debt_to_income,0.464,2026-01-25T13:48:00Z,2026-01-24T16:25:00Z,0
APP-00408,income,28068.0,2026-01-25T13:48:00Z,2025-12-30T16:20:00Z,0
APP-00408,months_employed,209.0,2026-01-25T13:48:00Z,2026-01-24T02:08:00Z,0
APP-00408,prior_delinquencies,0.0,2026-01-25T13:48:00Z,2026-01-23T02:17:00Z,0
APP-00409,credit_utilization,0.562,2026-01-25T13:56:00Z,2026-01-24T13:52:00Z,0
APP-00409,debt_to_income,0.403,2026-01-25T13:56:00Z,2026-01-24T18:20:00Z,0
APP-00409,income,42241.0,2026-01-25T13:56:00Z,2026-01-05T13:26:00Z,0
APP-00409,months_employed,100.0,2026-01-25T13:56:00Z,2026-01-14T04:26:00Z,0
APP-00409,prior_delinquencies,0.0,2026-01-25T13:56:00Z,2026-01-23T01:20:00Z,0
APP-00410,credit_utilization,0.4,2026-01-25T17:16:00Z,2026-01-25T10:08:00Z,0
APP-00410,debt_to_income,0.377,2026-01-25T17:16:00Z,2026-01-24T08:21:00Z,0
APP-00410,income,101973.0,2026-01-25T17:16:00Z,2026-01-09T22:11:00Z,0
APP-00410,months_employed,98.0,2026-01-25T17:16:00Z,2026-01-14T11:45:00Z,0
APP-00410,prior_delinquencies,0.0,2026-01-25T17:16:00Z,2026-01-23T10:31:00Z,0
APP-00411,credit_utilization,0.272,2026-01-25T17:45:00Z,2026-01-24T20:51:00Z,0
APP-00411,debt_to_income,0.155,2026-01-25T17:45:00Z,2026-01-25T14:21:00Z,0
APP-00411,income,129333.0,2026-01-25T17:45:00Z,2025-12-28T01:02:00Z,0
APP-00411,months_employed,66.0,2026-01-25T17:45:00Z,2026-01-19T09:02:00Z,0
APP-00411,prior_delinquencies,0.0,2026-01-25T17:45:00Z,2026-01-21T20:23:00Z,0
APP-00412,credit_utilization,0.014,2026-01-25T17:56:00Z,2026-01-25T08:08:00Z,0
APP-00412,debt_to_income,0.146,2026-01-25T17:56:00Z,2026-01-23T00:37:00Z,0
APP-00412,income,40745.0,2026-01-25T17:56:00Z,2026-01-10T16:35:00Z,0
APP-00412,months_employed,202.0,2026-01-25T17:56:00Z,2026-01-17T03:20:00Z,0
APP-00412,prior_delinquencies,0.0,2026-01-25T17:56:00Z,2026-01-23T01:49:00Z,0
APP-00413,credit_utilization,0.282,2026-01-25T19:09:00Z,2026-01-24T07:26:00Z,0
APP-00413,debt_to_income,0.272,2026-01-25T19:09:00Z,2026-01-25T07:24:00Z,0
APP-00413,income,52469.0,2026-01-25T19:09:00Z,2026-01-04T20:10:00Z,0
APP-00413,months_employed,231.0,2026-01-25T19:09:00Z,2026-01-14T06:52:00Z,0
APP-00413,prior_delinquencies,0.0,2026-01-25T19:09:00Z,2026-01-23T19:16:00Z,0
APP-00414,credit_utilization,0.293,2026-01-25T19:29:00Z,2026-01-25T14:59:00Z,0
APP-00414,debt_to_income,0.303,2026-01-25T19:29:00Z,2026-01-25T15:06:00Z,0
APP-00414,income,66544.0,2026-01-25T19:29:00Z,2025-12-28T16:51:00Z,0
APP-00414,months_employed,211.0,2026-01-25T19:29:00Z,2026-01-16T10:15:00Z,0
APP-00414,prior_delinquencies,0.0,2026-01-25T19:29:00Z,2026-01-24T17:24:00Z,0
APP-00415,credit_utilization,0.353,2026-01-25T19:56:00Z,2026-01-25T12:34:00Z,0
APP-00415,debt_to_income,0.272,2026-01-25T19:56:00Z,2026-01-23T00:32:00Z,0
APP-00415,income,71067.0,2026-01-25T19:56:00Z,2026-01-18T09:19:00Z,0
APP-00415,months_employed,148.0,2026-01-25T19:56:00Z,2026-01-24T10:52:00Z,0
APP-00415,prior_delinquencies,0.0,2026-01-25T19:56:00Z,2026-01-24T10:24:00Z,0
APP-00416,credit_utilization,0.482,2026-01-25T20:28:00Z,2026-01-24T17:07:00Z,0
APP-00416,debt_to_income,0.458,2026-01-25T20:28:00Z,2026-01-25T07:20:00Z,0
APP-00416,income,63273.0,2026-01-25T20:28:00Z,2026-01-12T15:47:00Z,0
APP-00416,months_employed,98.0,2026-01-25T20:28:00Z,2026-01-21T06:22:00Z,0
APP-00416,prior_delinquencies,1.0,2026-01-25T20:28:00Z,2026-01-24T14:46:00Z,0
APP-00417,credit_utilization,0.719,2026-01-25T20:37:00Z,2026-01-25T16:29:00Z,0
APP-00417,debt_to_income,0.361,2026-01-25T20:37:00Z,2026-01-23T07:51:00Z,0
APP-00417,income,29322.0,2026-01-25T20:37:00Z,2026-01-13T01:39:00Z,0
APP-00417,months_employed,149.0,2026-01-25T20:37:00Z,2026-01-18T18:35:00Z,0
APP-00417,prior_delinquencies,3.0,2026-01-25T20:37:00Z,2026-01-24T14:44:00Z,0
APP-00418,credit_utilization,0.108,2026-01-25T21:54:00Z,2026-01-25T08:19:00Z,0
APP-00418,debt_to_income,0.413,2026-01-25T21:54:00Z,2026-01-23T15:46:00Z,0
APP-00418,income,39710.0,2026-01-25T21:54:00Z,2026-01-14T18:53:00Z,0
APP-00418,months_employed,189.0,2026-01-25T21:54:00Z,2026-01-24T02:00:00Z,0
APP-00418,prior_delinquencies,0.0,2026-01-25T21:54:00Z,2026-01-24T22:45:00Z,0
APP-00419,credit_utilization,0.415,2026-01-26T00:41:00Z,2026-01-24T20:02:00Z,0
APP-00419,debt_to_income,0.265,2026-01-26T00:41:00Z,2026-01-23T01:06:00Z,0
APP-00419,income,131252.0,2026-01-26T00:41:00Z,2025-12-29T04:12:00Z,0
APP-00419,months_employed,59.0,2026-01-26T00:41:00Z,2026-01-23T11:03:00Z,0
APP-00419,prior_delinquencies,0.0,2026-01-26T00:41:00Z,2026-01-22T23:15:00Z,0
APP-00420,credit_utilization,0.376,2026-01-26T01:35:00Z,2026-01-24T08:45:00Z,0
APP-00420,debt_to_income,0.385,2026-01-26T01:35:00Z,2026-01-24T15:59:00Z,0
APP-00420,income,44385.0,2026-01-26T01:35:00Z,2026-01-18T22:47:00Z,0
APP-00420,months_employed,140.0,2026-01-26T01:35:00Z,2026-01-18T03:11:00Z,0
APP-00420,prior_delinquencies,1.0,2026-01-26T01:35:00Z,2026-01-24T02:17:00Z,0
APP-00421,credit_utilization,0.493,2026-01-26T02:28:00Z,2026-01-24T07:01:00Z,0
APP-00421,debt_to_income,0.36,2026-01-26T02:28:00Z,2026-01-25T06:59:00Z,0
APP-00421,income,48921.0,2026-01-26T02:28:00Z,2025-12-30T09:59:00Z,0
APP-00421,months_employed,229.0,2026-01-26T02:28:00Z,2026-01-13T13:33:00Z,0
APP-00421,prior_delinquencies,1.0,2026-01-26T02:28:00Z,2026-01-25T08:31:00Z,0
APP-00422,credit_utilization,0.439,2026-01-26T02:35:00Z,2026-01-24T19:56:00Z,0
APP-00422,debt_to_income,0.397,2026-01-26T02:35:00Z,2026-01-23T21:15:00Z,0
APP-00422,income,114816.0,2026-01-26T02:35:00Z,2026-01-04T17:17:00Z,0
APP-00422,months_employed,146.0,2026-01-26T02:35:00Z,2026-01-23T17:08:00Z,0
APP-00422,prior_delinquencies,2.0,2026-01-26T02:35:00Z,2026-01-23T12:16:00Z,0
APP-00423,credit_utilization,0.235,2026-01-26T03:40:00Z,2026-01-25T16:35:00Z,0
APP-00423,debt_to_income,0.025,2026-01-26T03:40:00Z,2026-01-24T01:11:00Z,0
APP-00423,income,144972.0,2026-01-26T03:40:00Z,2026-01-10T18:09:00Z,0
APP-00423,months_employed,10.0,2026-01-26T03:40:00Z,2026-01-16T06:45:00Z,0
APP-00423,prior_delinquencies,0.0,2026-01-26T03:40:00Z,2026-01-25T09:53:00Z,0
APP-00424,credit_utilization,0.343,2026-01-26T04:01:00Z,2026-01-25T05:05:00Z,0
APP-00424,debt_to_income,0.359,2026-01-26T04:01:00Z,2026-01-25T13:26:00Z,0
APP-00424,income,66108.0,2026-01-26T04:01:00Z,2026-01-05T15:26:00Z,0
APP-00424,months_employed,46.0,2026-01-26T04:01:00Z,2026-01-24T08:05:00Z,0
APP-00424,prior_delinquencies,1.0,2026-01-26T04:01:00Z,2026-01-23T09:39:00Z,0
APP-00425,credit_utilization,0.854,2026-01-26T04:38:00Z,2026-01-26T01:59:00Z,1
APP-00425,debt_to_income,0.453,2026-01-26T04:38:00Z,2026-01-25T16:08:00Z,1
APP-00425,income,16594.0,2026-01-26T04:38:00Z,2026-01-17T13:42:00Z,1
APP-00425,months_employed,38.0,2026-01-26T04:38:00Z,2026-01-20T08:42:00Z,1
APP-00425,prior_delinquencies,2.0,2026-01-26T04:38:00Z,2026-01-25T22:00:00Z,1
APP-00426,credit_utilization,0.565,2026-01-26T04:57:00Z,2026-01-25T14:27:00Z,1
APP-00426,debt_to_income,0.361,2026-01-26T04:57:00Z,2026-01-23T09:30:00Z,1
APP-00426,income,52048.0,2026-01-26T04:57:00Z,2026-01-14T16:05:00Z,1
APP-00426,months_employed,222.0,2026-01-26T04:57:00Z,2026-01-24T03:00:00Z,1
APP-00426,prior_delinquencies,1.0,2026-01-26T04:57:00Z,2026-01-24T11:05:00Z,1
APP-00427,credit_utilization,0.276,2026-01-26T06:48:00Z,2026-01-24T12:38:00Z,0
APP-00427,debt_to_income,0.343,2026-01-26T06:48:00Z,2026-01-24T23:33:00Z,0
APP-00427,income,50559.0,2026-01-26T06:48:00Z,2026-01-14T20:40:00Z,0
APP-00427,months_employed,42.0,2026-01-26T06:48:00Z,2026-01-23T06:33:00Z,0
APP-00427,prior_delinquencies,1.0,2026-01-26T06:48:00Z,2026-01-24T01:45:00Z,0
APP-00428,credit_utilization,0.419,2026-01-26T07:18:00Z,2026-01-25T04:58:00Z,0
APP-00428,debt_to_income,0.492,2026-01-26T07:18:00Z,2026-01-23T08:32:00Z,0
APP-00428,income,13960.0,2026-01-26T07:18:00Z,2026-01-12T08:05:00Z,0
APP-00428,months_employed,109.0,2026-01-26T07:18:00Z,2026-01-20T09:08:00Z,0
APP-00428,prior_delinquencies,1.0,2026-01-26T07:18:00Z,2026-01-23T13:55:00Z,0
APP-00429,credit_utilization,0.122,2026-01-26T08:03:00Z,2026-01-26T00:31:00Z,0
APP-00429,debt_to_income,0.513,2026-01-26T08:03:00Z,2026-01-23T11:56:00Z,0
APP-00429,income,44610.0,2026-01-26T08:03:00Z,2026-01-16T18:46:00Z,0
APP-00429,months_employed,161.0,2026-01-26T08:03:00Z,2026-01-17T00:36:00Z,0
APP-00429,prior_delinquencies,0.0,2026-01-26T08:03:00Z,2026-01-24T22:54:00Z,0
APP-00430,credit_utilization,0.061,2026-01-26T11:32:00Z,2026-01-26T01:54:00Z,0
APP-00430,debt_to_income,0.387,2026-01-26T11:32:00Z,2026-01-24T03:38:00Z,0
APP-00430,income,55331.0,2026-01-26T11:32:00Z,2026-01-16T22:11:00Z,0
APP-00430,months_employed,152.0,2026-01-26T11:32:00Z,2026-01-19T14:12:00Z,0
APP-00430,prior_delinquencies,1.0,2026-01-26T11:32:00Z,2026-01-22T23:59:00Z,0
APP-00431,credit_utilization,0.368,2026-01-26T15:54:00Z,2026-01-25T15:40:00Z,0
APP-00431,debt_to_income,0.362,2026-01-26T15:54:00Z,2026-01-24T03:55:00Z,0
APP-00431,income,60228.0,2026-01-26T15:54:00Z,2025-12-28T06:09:00Z,0
APP-00431,months_employed,211.0,2026-01-26T15:54:00Z,2026-01-17T23:25:00Z,0
APP-00431,prior_delinquencies,0.0,2026-01-26T15:54:00Z,2026-01-23T05:27:00Z,0
APP-00432,credit_utilization,0.128,2026-01-26T16:39:00Z,2026-01-26T08:31:00Z,1
APP-00432,debt_to_income,0.335,2026-01-26T16:39:00Z,2026-01-26T03:55:00Z,1
APP-00432,income,75004.0,2026-01-26T16:39:00Z,2025-12-30T12:15:00Z,1
APP-00432,months_employed,73.0,2026-01-26T16:39:00Z,2026-01-24T19:52:00Z,1
APP-00432,prior_delinquencies,1.0,2026-01-26T16:39:00Z,2026-01-24T17:10:00Z,1
APP-00433,credit_utilization,0.441,2026-01-26T17:06:00Z,2026-01-25T00:32:00Z,0
APP-00433,debt_to_income,0.396,2026-01-26T17:06:00Z,2026-01-24T04:28:00Z,0
APP-00433,income,39257.0,2026-01-26T17:06:00Z,2026-01-05T06:18:00Z,0
APP-00433,months_employed,115.0,2026-01-26T17:06:00Z,2026-01-16T16:45:00Z,0
APP-00433,prior_delinquencies,0.0,2026-01-26T17:06:00Z,2026-01-23T11:36:00Z,0
APP-00434,credit_utilization,0.722,2026-01-26T19:19:00Z,2026-01-26T12:53:00Z,0
APP-00434,debt_to_income,0.43,2026-01-26T19:19:00Z,2026-01-24T19:18:00Z,0
APP-00434,income,32058.0,2026-01-26T19:19:00Z,2026-01-17T15:46:00Z,0
APP-00434,months_employed,218.0,2026-01-26T19:19:00Z,2026-01-12T23:57:00Z,0
APP-00434,prior_delinquencies,3.0,2026-01-26T19:19:00Z,2026-01-23T04:58:00Z,0
APP-00435,credit_utilization,0.391,2026-01-26T20:43:00Z,2026-01-26T18:18:00Z,0
APP-00435,debt_to_income,0.158,2026-01-26T20:43:00Z,2026-01-25T04:49:00Z,0
APP-00435,income,40060.0,2026-01-26T20:43:00Z,2026-01-23T01:44:00Z,0
APP-00435,months_employed,188.0,2026-01-26T20:43:00Z,2026-01-25T16:04:00Z,0
APP-00435,prior_delinquencies,1.0,2026-01-26T20:43:00Z,2026-01-23T07:24:00Z,0
APP-00436,credit_utilization,0.378,2026-01-26T21:44:00Z,2026-01-25T17:36:00Z,0
APP-00436,debt_to_income,0.268,2026-01-26T21:44:00Z,2026-01-25T11:35:00Z,0
APP-00436,income,93959.0,2026-01-26T21:44:00Z,2026-01-08T08:06:00Z,0
APP-00436,months_employed,224.0,2026-01-26T21:44:00Z,2026-01-24T19:14:00Z,0
APP-00436,prior_delinquencies,1.0,2026-01-26T21:44:00Z,2026-01-26T03:12:00Z,0
APP-00437,credit_utilization,0.314,2026-01-26T23:12:00Z,2026-01-25T15:33:00Z,0
APP-00437,debt_to_income,0.218,2026-01-26T23:12:00Z,2026-01-24T21:03:00Z,0
APP-00437,income,44455.0,2026-01-26T23:12:00Z,2025-12-29T08:32:00Z,0
APP-00437,months_employed,171.0,2026-01-26T23:12:00Z,2026-01-18T08:55:00Z,0
APP-00437,prior_delinquencies,0.0,2026-01-26T23:12:00Z,2026-01-24T23:21:00Z,0
APP-00438,credit_utilization,0.711,2026-01-27T01:08:00Z,2026-01-25T15:24:00Z,0
APP-00438,debt_to_income,0.448,2026-01-27T01:08:00Z,2026-01-24T07:38:00Z,0
APP-00438,income,39031.0,2026-01-27T01:08:00Z,2026-01-06T21:12:00Z,0
APP-00438,months_employed,27.0,2026-01-27T01:08:00Z,2026-01-21T14:29:00Z,0
APP-00438,prior_delinquencies,0.0,2026-01-27T01:08:00Z,2026-01-24T06:53:00Z,0
APP-00439,credit_utilization,0.341,2026-01-27T01:52:00Z,2026-01-25T22:18:00Z,0
APP-00439,debt_to_income,0.295,2026-01-27T01:52:00Z,2026-01-26T13:13:00Z,0
APP-00439,income,137799.0,2026-01-27T01:52:00Z,2026-01-13T14:19:00Z,0
APP-00439,months_employed,204.0,2026-01-27T01:52:00Z,2026-01-15T20:47:00Z,0
APP-00439,prior_delinquencies,1.0,2026-01-27T01:52:00Z,2026-01-24T11:21:00Z,0
APP-00440,credit_utilization,0.729,2026-01-27T07:02:00Z,2026-01-26T03:53:00Z,1
APP-00440,debt_to_income,0.685,2026-01-27T07:02:00Z,2026-01-24T09:30:00Z,1
APP-00440,income,44369.0,2026-01-27T07:02:00Z,2026-01-11T19:48:00Z,1
APP-00440,months_employed,48.0,2026-01-27T07:02:00Z,2026-01-17T12:35:00Z,1
APP-00440,prior_delinquencies,2.0,2026-01-27T07:02:00Z,2026-01-26T02:26:00Z,1
APP-00441,credit_utilization,0.266,2026-01-27T11:34:00Z,2026-01-26T05:09:00Z,0
APP-00441,debt_to_income,0.188,2026-01-27T11:34:00Z,2026-01-25T17:35:00Z,0
APP-00441,income,65103.0,2026-01-27T11:34:00Z,2026-01-09T21:14:00Z,0
APP-00441,months_employed,143.0,2026-01-27T11:34:00Z,2026-01-16T22:19:00Z,0
APP-00441,prior_delinquencies,0.0,2026-01-27T11:34:00Z,2026-01-23T20:26:00Z,0
APP-00442,credit_utilization,0.684,2026-01-27T11:38:00Z,2026-01-26T11:24:00Z,0
APP-00442,debt_to_income,0.134,2026-01-27T11:38:00Z,2026-01-25T09:20:00Z,0
APP-00442,income,62315.0,2026-01-27T11:38:00Z,2026-01-14T16:04:00Z,0
APP-00442,months_employed,99.0,2026-01-27T11:38:00Z,2026-01-24T06:50:00Z,0
APP-00442,prior_delinquencies,0.0,2026-01-27T11:38:00Z,2026-01-26T04:35:00Z,0
APP-00443,credit_utilization,0.615,2026-01-27T13:02:00Z,2026-01-26T08:31:00Z,0
APP-00443,debt_to_income,0.4,2026-01-27T13:02:00Z,2026-01-27T00:25:00Z,0
APP-00443,income,35318.0,2026-01-27T13:02:00Z,2025-12-29T01:13:00Z,0
APP-00443,months_employed,4.0,2026-01-27T13:02:00Z,2026-01-13T18:26:00Z,0
APP-00443,prior_delinquencies,2.0,2026-01-27T13:02:00Z,2026-01-25T23:48:00Z,0
APP-00444,credit_utilization,0.377,2026-01-27T15:38:00Z,2026-01-27T06:27:00Z,0
APP-00444,debt_to_income,0.416,2026-01-27T15:38:00Z,2026-01-26T19:59:00Z,0
APP-00444,income,36338.0,2026-01-27T15:38:00Z,2026-01-15T23:01:00Z,0
APP-00444,months_employed,185.0,2026-01-27T15:38:00Z,2026-01-25T01:25:00Z,0
APP-00444,prior_delinquencies,0.0,2026-01-27T15:38:00Z,2026-01-24T06:16:00Z,0
APP-00445,credit_utilization,0.371,2026-01-27T16:24:00Z,2026-01-27T06:09:00Z,0
APP-00445,debt_to_income,0.399,2026-01-27T16:24:00Z,2026-01-26T04:20:00Z,0
APP-00445,income,43527.0,2026-01-27T16:24:00Z,2026-01-08T02:59:00Z,0
APP-00445,months_employed,133.0,2026-01-27T16:24:00Z,2026-01-21T16:49:00Z,0
APP-00445,prior_delinquencies,2.0,2026-01-27T16:24:00Z,2026-01-24T16:28:00Z,0
APP-00446,credit_utilization,0.346,2026-01-27T16:46:00Z,2026-01-27T08:13:00Z,0
APP-00446,debt_to_income,0.41,2026-01-27T16:46:00Z,2026-01-25T22:08:00Z,0
APP-00446,income,66559.0,2026-01-27T16:46:00Z,2026-01-13T06:29:00Z,0
APP-00446,months_employed,157.0,2026-01-27T16:46:00Z,2026-01-19T19:50:00Z,0
APP-00446,prior_delinquencies,0.0,2026-01-27T16:46:00Z,2026-01-25T21:13:00Z,0
APP-00447,credit_utilization,0.341,2026-01-27T20:46:00Z,2026-01-26T02:06:00Z,0
APP-00447,debt_to_income,0.436,2026-01-27T20:46:00Z,2026-01-27T05:53:00Z,0
APP-00447,income,58085.0,2026-01-27T20:46:00Z,2026-01-11T22:44:00Z,0
APP-00447,months_employed,115.0,2026-01-27T20:46:00Z,2026-01-17T08:29:00Z,0
APP-00447,prior_delinquencies,0.0,2026-01-27T20:46:00Z,2026-01-27T05:34:00Z,0
APP-00448,credit_utilization,0.262,2026-01-27T21:26:00Z,2026-01-26T15:02:00Z,0
APP-00448,debt_to_income,0.411,2026-01-27T21:26:00Z,2026-01-25T19:48:00Z,0
APP-00448,income,45863.0,2026-01-27T21:26:00Z,2026-01-06T12:36:00Z,0
APP-00448,months_employed,95.0,2026-01-27T21:26:00Z,2026-01-21T15:59:00Z,0
APP-00448,prior_delinquencies,0.0,2026-01-27T21:26:00Z,2026-01-25T07:11:00Z,0
APP-00449,credit_utilization,0.27,2026-01-27T23:09:00Z,2026-01-27T05:21:00Z,0
APP-00449,debt_to_income,0.372,2026-01-27T23:09:00Z,2026-01-25T08:47:00Z,0
APP-00449,income,62268.0,2026-01-27T23:09:00Z,2026-01-25T07:47:00Z,0
APP-00449,months_employed,17.0,2026-01-27T23:09:00Z,2026-01-21T00:15:00Z,0
APP-00449,prior_delinquencies,0.0,2026-01-27T23:09:00Z,2026-01-23T23:43:00Z,0
APP-00450,credit_utilization,0.625,2026-01-28T00:07:00Z,2026-01-27T21:19:00Z,1
APP-00450,debt_to_income,0.598,2026-01-28T00:07:00Z,2026-01-26T07:43:00Z,1
APP-00450,income,59428.0,2026-01-28T00:07:00Z,2026-01-14T16:54:00Z,1
APP-00450,months_employed,8.0,2026-01-28T00:07:00Z,2026-01-17T11:19:00Z,1
APP-00450,prior_delinquencies,1.0,2026-01-28T00:07:00Z,2026-01-26T02:10:00Z,1
APP-00451,credit_utilization,0.609,2026-01-28T00:30:00Z,2026-01-27T22:25:00Z,0
APP-00451,debt_to_income,0.345,2026-01-28T00:30:00Z,2026-01-27T02:38:00Z,0
APP-00451,income,36040.0,2026-01-28T00:30:00Z,2026-01-17T02:04:00Z,0
APP-00451,months_employed,227.0,2026-01-28T00:30:00Z,2026-01-15T18:17:00Z,0
APP-00451,prior_delinquencies,0.0,2026-01-28T00:30:00Z,2026-01-26T06:23:00Z,0
APP-00452,credit_utilization,0.371,2026-01-28T04:47:00Z,2026-01-28T03:21:00Z,1
APP-00452,debt_to_income,0.332,2026-01-28T04:47:00Z,2026-01-27T07:47:00Z,1
APP-00452,income,109101.0,2026-01-28T04:47:00Z,2026-01-19T14:28:00Z,1
APP-00452,months_employed,41.0,2026-01-28T04:47:00Z,2026-01-26T14:28:00Z,1
APP-00452,prior_delinquencies,2.0,2026-01-28T04:47:00Z,2026-01-25T23:47:00Z,1
APP-00453,credit_utilization,0.584,2026-01-28T05:32:00Z,2026-01-28T02:48:00Z,0
APP-00453,debt_to_income,0.222,2026-01-28T05:32:00Z,2026-01-26T07:32:00Z,0
APP-00453,income,49729.0,2026-01-28T05:32:00Z,2026-01-05T22:05:00Z,0
APP-00453,months_employed,9.0,2026-01-28T05:32:00Z,2026-01-26T15:32:00Z,0
APP-00453,prior_delinquencies,0.0,2026-01-28T05:32:00Z,2026-01-28T02:29:00Z,0
APP-00454,credit_utilization,0.167,2026-01-28T06:52:00Z,2026-01-27T22:39:00Z,0
APP-00454,debt_to_income,0.289,2026-01-28T06:52:00Z,2026-01-26T04:17:00Z,0
APP-00454,income,48128.0,2026-01-28T06:52:00Z,2025-12-30T08:06:00Z,0
APP-00454,months_employed,195.0,2026-01-28T06:52:00Z,2026-01-24T12:17:00Z,0
APP-00454,prior_delinquencies,0.0,2026-01-28T06:52:00Z,2026-01-24T16:54:00Z,0
APP-00455,credit_utilization,0.099,2026-01-28T08:24:00Z,2026-01-27T03:49:00Z,0
APP-00455,debt_to_income,0.195,2026-01-28T08:24:00Z,2026-01-26T19:19:00Z,0
APP-00455,income,50302.0,2026-01-28T08:24:00Z,2026-01-10T18:33:00Z,0
APP-00455,months_employed,191.0,2026-01-28T08:24:00Z,2026-01-14T17:56:00Z,0
APP-00455,prior_delinquencies,0.0,2026-01-28T08:24:00Z,2026-01-24T15:41:00Z,0
APP-00456,credit_utilization,0.516,2026-01-28T11:49:00Z,2026-01-28T03:37:00Z,0
APP-00456,debt_to_income,0.214,2026-01-28T11:49:00Z,2026-01-26T22:55:00Z,0
APP-00456,income,68523.0,2026-01-28T11:49:00Z,2026-01-15T10:34:00Z,0
APP-00456,months_employed,191.0,2026-01-28T11:49:00Z,2026-01-26T08:50:00Z,0
APP-00456,prior_delinquencies,1.0,2026-01-28T11:49:00Z,2026-01-24T21:00:00Z,0
APP-00457,credit_utilization,0.528,2026-01-28T12:05:00Z,2026-01-26T14:31:00Z,0
APP-00457,debt_to_income,0.225,2026-01-28T12:05:00Z,2026-01-25T13:10:00Z,0
APP-00457,income,58407.0,2026-01-28T12:05:00Z,2026-01-16T15:05:00Z,0
APP-00457,months_employed,47.0,2026-01-28T12:05:00Z,2026-01-23T01:54:00Z,0
APP-00457,prior_delinquencies,0.0,2026-01-28T12:05:00Z,2026-01-25T23:43:00Z,0
APP-00458,credit_utilization,0.37,2026-01-28T13:39:00Z,2026-01-26T14:07:00Z,0
APP-00458,debt_to_income,0.357,2026-01-28T13:39:00Z,2026-01-26T17:22:00Z,0
APP-00458,income,33906.0,2026-01-28T13:39:00Z,2026-01-18T19:51:00Z,0
APP-00458,months_employed,17.0,2026-01-28T13:39:00Z,2026-01-22T23:05:00Z,0
APP-00458,prior_delinquencies,0.0,2026-01-28T13:39:00Z,2026-01-26T00:49:00Z,0
APP-00459,credit_utilization,0.343,2026-01-28T14:54:00Z,2026-01-27T03:29:00Z,0
APP-00459,debt_to_income,0.3,2026-01-28T14:54:00Z,2026-01-28T13:39:00Z,0
APP-00459,income,68637.0,2026-01-28T14:54:00Z,2026-01-10T21:41:00Z,0
APP-00459,months_employed,107.0,2026-01-28T14:54:00Z,2026-01-22T21:32:00Z,0
APP-00459,prior_delinquencies,1.0,2026-01-28T14:54:00Z,2026-01-27T12:28:00Z,0
APP-00460,credit_utilization,0.549,2026-01-28T17:34:00Z,2026-01-27T15:27:00Z,1
APP-00460,debt_to_income,0.262,2026-01-28T17:34:00Z,2026-01-27T16:51:00Z,1
APP-00460,income,37222.0,2026-01-28T17:34:00Z,2026-01-03T12:24:00Z,1
APP-00460,months_employed,106.0,2026-01-28T17:34:00Z,2026-01-14T21:48:00Z,1
APP-00460,prior_delinquencies,1.0,2026-01-28T17:34:00Z,2026-01-28T13:49:00Z,1
APP-00461,credit_utilization,0.108,2026-01-28T20:33:00Z,2026-01-27T17:50:00Z,0
APP-00461,debt_to_income,0.233,2026-01-28T20:33:00Z,2026-01-26T11:31:00Z,0
APP-00461,income,43788.0,2026-01-28T20:33:00Z,2026-01-26T05:17:00Z,0
APP-00461,months_employed,92.0,2026-01-28T20:33:00Z,2026-01-16T02:22:00Z,0
APP-00461,prior_delinquencies,0.0,2026-01-28T20:33:00Z,2026-01-26T05:36:00Z,0
APP-00462,credit_utilization,0.364,2026-01-28T21:53:00Z,2026-01-28T18:22:00Z,0
APP-00462,debt_to_income,0.453,2026-01-28T21:53:00Z,2026-01-27T08:59:00Z,0
APP-00462,income,62280.0,2026-01-28T21:53:00Z,2026-01-13T20:03:00Z,0
APP-00462,months_employed,238.0,2026-01-28T21:53:00Z,2026-01-24T21:35:00Z,0
APP-00462,prior_delinquencies,1.0,2026-01-28T21:53:00Z,2026-01-26T17:29:00Z,0
APP-00463,credit_utilization,0.321,2026-01-28T22:28:00Z,2026-01-28T11:13:00Z,0
APP-00463,debt_to_income,0.327,2026-01-28T22:28:00Z,2026-01-28T18:12:00Z,0
APP-00463,income,36697.0,2026-01-28T22:28:00Z,2025-12-31T05:57:00Z,0
APP-00463,months_employed,107.0,2026-01-28T22:28:00Z,2026-01-22T00:48:00Z,0
APP-00463,prior_delinquencies,0.0,2026-01-28T22:28:00Z,2026-01-27T06:43:00Z,0
APP-00464,credit_utilization,0.374,2026-01-28T23:14:00Z,2026-01-27T23:57:00Z,0
APP-00464,debt_to_income,0.261,2026-01-28T23:14:00Z,2026-01-25T23:36:00Z,0
APP-00464,income,38142.0,2026-01-28T23:14:00Z,2026-01-11T10:06:00Z,0
APP-00464,months_employed,173.0,2026-01-28T23:14:00Z,2026-01-22T15:05:00Z,0
APP-00464,prior_delinquencies,0.0,2026-01-28T23:14:00Z,2026-01-28T12:27:00Z,0
APP-00465,credit_utilization,0.426,2026-01-28T23:32:00Z,2026-01-27T15:16:00Z,0
APP-00465,debt_to_income,0.409,2026-01-28T23:32:00Z,2026-01-28T08:06:00Z,0
APP-00465,income,60027.0,2026-01-28T23:32:00Z,2026-01-21T22:37:00Z,0
APP-00465,months_employed,197.0,2026-01-28T23:32:00Z,2026-01-19T04:29:00Z,0
APP-00465,prior_delinquencies,2.0,2026-01-28T23:32:00Z,2026-01-25T01:09:00Z,0
APP-00466,credit_utilization,0.0,2026-01-28T23:55:00Z,2026-01-28T06:40:00Z,0
APP-00466,debt_to_income,0.343,2026-01-28T23:55:00Z,2026-01-26T13:00:00Z,0
APP-00466,income,57244.0,2026-01-28T23:55:00Z,2025-12-30T04:46:00Z,0
APP-00466,months_employed,110.0,2026-01-28T23:55:00Z,2026-01-15T16:10:00Z,0
APP-00466,prior_delinquencies,0.0,2026-01-28T23:55:00Z,2026-01-27T02:04:00Z,0
APP-00467,credit_utilization,0.256,2026-01-29T02:20:00Z,2026-01-28T07:57:00Z,0
APP-00467,debt_to_income,0.343,2026-01-29T02:20:00Z,2026-01-26T20:54:00Z,0
APP-00467,income,26507.0,2026-01-29T02:20:00Z,2026-01-06T08:41:00Z,0
APP-00467,months_employed,176.0,2026-01-29T02:20:00Z,2026-01-15T13:49:00Z,0
APP-00467,prior_delinquencies,0.0,2026-01-29T02:20:00Z,2026-01-25T18:40:00Z,0
APP-00468,credit_utilization,0.238,2026-01-29T02:23:00Z,2026-01-28T01:05:00Z,0
APP-00468,debt_to_income,0.446,2026-01-29T02:23:00Z,2026-01-26T16:15:00Z,0
APP-00468,income,40088.0,2026-01-29T02:23:00Z,2026-01-03T11:16:00Z,0
APP-00468,months_employed,166.0,2026-01-29T02:23:00Z,2026-01-19T15:11:00Z,0
APP-00468,prior_delinquencies,4.0,2026-01-29T02:23:00Z,2026-01-28T17:34:00Z,0
APP-00469,credit_utilization,0.607,2026-01-29T03:17:00Z,2026-01-27T22:50:00Z,0
APP-00469,debt_to_income,0.293,2026-01-29T03:17:00Z,2026-01-26T15:15:00Z,0
APP-00469,income,34440.0,2026-01-29T03:17:00Z,2026-01-10T05:10:00Z,0
APP-00469,months_employed,165.0,2026-01-29T03:17:00Z,2026-01-23T18:33:00Z,0
APP-00469,prior_delinquencies,0.0,2026-01-29T03:17:00Z,2026-01-26T00:06:00Z,0
APP-00470,credit_utilization,0.16,2026-01-29T04:06:00Z,2026-01-27T20:16:00Z,0
APP-00470,debt_to_income,0.344,2026-01-29T04:06:00Z,2026-01-29T00:11:00Z,0
APP-00470,income,49077.0,2026-01-29T04:06:00Z,2025-12-30T09:38:00Z,0
APP-00470,months_employed,183.0,2026-01-29T04:06:00Z,2026-01-16T12:12:00Z,0
APP-00470,prior_delinquencies,0.0,2026-01-29T04:06:00Z,2026-01-27T12:21:00Z,0
APP-00471,credit_utilization,0.0,2026-01-29T04:41:00Z,2026-01-28T19:55:00Z,0
APP-00471,debt_to_income,0.178,2026-01-29T04:41:00Z,2026-01-27T16:07:00Z,0
APP-00471,income,37321.0,2026-01-29T04:41:00Z,2026-01-08T01:43:00Z,0
APP-00471,months_employed,131.0,2026-01-29T04:41:00Z,2026-01-25T19:29:00Z,0
APP-00471,prior_delinquencies,2.0,2026-01-29T04:41:00Z,2026-01-27T03:05:00Z,0
APP-00472,credit_utilization,0.0,2026-01-29T05:00:00Z,2026-01-27T15:08:00Z,0
APP-00472,debt_to_income,0.022,2026-01-29T05:00:00Z,2026-01-28T16:31:00Z,0
APP-00472,income,129082.0,2026-01-29T05:00:00Z,2026-01-10T16:27:00Z,0
APP-00472,months_employed,12.0,2026-01-29T05:00:00Z,2026-01-26T02:17:00Z,0
APP-00472,prior_delinquencies,0.0,2026-01-29T05:00:00Z,2026-01-27T04:09:00Z,0
APP-00473,credit_utilization,0.253,2026-01-29T06:23:00Z,2026-01-28T07:17:00Z,0
APP-00473,debt_to_income,0.441,2026-01-29T06:23:00Z,2026-01-27T06:06:00Z,0
APP-00473,income,115374.0,2026-01-29T06:23:00Z,2026-01-12T05:36:00Z,0
APP-00473,months_employed,32.0,2026-01-29T06:23:00Z,2026-01-26T17:26:00Z,0
APP-00473,prior_delinquencies,0.0,2026-01-29T06:23:00Z,2026-01-25T21:57:00Z,0
APP-00474,credit_utilization,0.124,2026-01-29T07:24:00Z,2026-01-27T15:48:00Z,0
APP-00474,debt_to_income,0.254,2026-01-29T07:24:00Z,2026-01-26T14:56:00Z,0
APP-00474,income,41377.0,2026-01-29T07:24:00Z,2026-01-16T21:37:00Z,0
APP-00474,months_employed,76.0,2026-01-29T07:24:00Z,2026-01-19T12:01:00Z,0
APP-00474,prior_delinquencies,0.0,2026-01-29T07:24:00Z,2026-01-29T00:01:00Z,0
APP-00475,credit_utilization,0.268,2026-01-29T09:50:00Z,2026-01-28T02:24:00Z,0
APP-00475,debt_to_income,0.294,2026-01-29T09:50:00Z,2026-01-28T02:43:00Z,0
APP-00475,income,76122.0,2026-01-29T09:50:00Z,2026-01-02T01:59:00Z,0
APP-00475,months_employed,223.0,2026-01-29T09:50:00Z,2026-01-25T06:24:00Z,0
APP-00475,prior_delinquencies,1.0,2026-01-29T09:50:00Z,2026-01-28T18:16:00Z,0
APP-00476,credit_utilization,0.329,2026-01-29T11:34:00Z,2026-01-28T16:02:00Z,0
APP-00476,debt_to_income,0.344,2026-01-29T11:34:00Z,2026-01-28T09:03:00Z,0
APP-00476,income,44088.0,2026-01-29T11:34:00Z,2026-01-06T16:22:00Z,0
APP-00476,months_employed,108.0,2026-01-29T11:34:00Z,2026-01-27T19:07:00Z,0
APP-00476,prior_delinquencies,0.0,2026-01-29T11:34:00Z,2026-01-27T03:04:00Z,0
APP-00477,credit_utilization,0.292,2026-01-29T12:55:00Z,2026-01-28T00:30:00Z,0
APP-00477,debt_to_income,0.211,2026-01-29T12:55:00Z,2026-01-27T10:11:00Z,0
APP-00477,income,59810.0,2026-01-29T12:55:00Z,2026-01-02T23:13:00Z,0
APP-00477,months_employed,207.0,2026-01-29T12:55:00Z,2026-01-23T12:50:00Z,0
APP-00477,prior_delinquencies,0.0,2026-01-29T12:55:00Z,2026-01-26T13:28:00Z,0
APP-00478,credit_utilization,0.571,2026-01-29T13:21:00Z,2026-01-29T00:15:00Z,0
APP-00478,debt_to_income,0.499,2026-01-29T13:21:00Z,2026-01-28T15:14:00Z,0
APP-00478,income,74116.0,2026-01-29T13:21:00Z,2026-01-25T12:05:00Z,0
APP-00478,months_employed,0.0,2026-01-29T13:21:00Z,2026-01-16T04:04:00Z,0
APP-00478,prior_delinquencies,0.0,2026-01-29T13:21:00Z,2026-01-29T08:11:00Z,0
APP-00479,credit_utilization,0.448,2026-01-29T13:34:00Z,2026-01-28T02:11:00Z,0
APP-00479,debt_to_income,0.215,2026-01-29T13:34:00Z,2026-01-28T16:27:00Z,0
APP-00479,income,46813.0,2026-01-29T13:34:00Z,2026-01-24T11:39:00Z,0
APP-00479,months_employed,20.0,2026-01-29T13:34:00Z,2026-01-27T15:10:00Z,0
APP-00479,prior_delinquencies,0.0,2026-01-29T13:34:00Z,2026-01-27T23:27:00Z,0
APP-00480,credit_utilization,0.343,2026-01-29T17:04:00Z,2026-01-28T22:43:00Z,0
APP-00480,debt_to_income,0.384,2026-01-29T17:04:00Z,2026-01-28T00:35:00Z,0
APP-00480,income,46872.0,2026-01-29T17:04:00Z,2026-01-09T17:31:00Z,0
APP-00480,months_employed,109.0,2026-01-29T17:04:00Z,2026-01-24T03:57:00Z,0
APP-00480,prior_delinquencies,0.0,2026-01-29T17:04:00Z,2026-01-28T22:28:00Z,0
APP-00481,credit_utilization,0.564,2026-01-29T18:18:00Z,2026-01-28T11:19:00Z,1
APP-00481,debt_to_income,0.444,2026-01-29T18:18:00Z,2026-01-29T13:36:00Z,1
APP-00481,income,32959.0,2026-01-29T18:18:00Z,2026-01-03T04:48:00Z,1
APP-00481,months_employed,231.0,2026-01-29T18:18:00Z,2026-01-20T11:48:00Z,1
APP-00481,prior_delinquencies,2.0,2026-01-29T18:18:00Z,2026-01-29T09:28:00Z,1
APP-00482,credit_utilization,0.343,2026-01-29T18:32:00Z,2026-01-29T17:22:00Z,0
APP-00482,debt_to_income,0.532,2026-01-29T18:32:00Z,2026-01-29T07:05:00Z,0
APP-00482,income,56839.0,2026-01-29T18:32:00Z,2026-01-11T03:02:00Z,0
APP-00482,months_employed,72.0,2026-01-29T18:32:00Z,2026-01-23T02:20:00Z,0
APP-00482,prior_delinquencies,0.0,2026-01-29T18:32:00Z,2026-01-29T07:48:00Z,0
APP-00483,credit_utilization,0.518,2026-01-29T18:56:00Z,2026-01-28T16:50:00Z,0
APP-00483,debt_to_income,0.469,2026-01-29T18:56:00Z,2026-01-26T20:08:00Z,0
APP-00483,income,39555.0,2026-01-29T18:56:00Z,2026-01-03T09:46:00Z,0
APP-00483,months_employed,179.0,2026-01-29T18:56:00Z,2026-01-17T10:33:00Z,0
APP-00483,prior_delinquencies,2.0,2026-01-29T18:56:00Z,2026-01-26T16:47:00Z,0
APP-00484,credit_utilization,0.311,2026-01-29T19:47:00Z,2026-01-29T04:35:00Z,0
APP-00484,debt_to_income,0.238,2026-01-29T19:47:00Z,2026-01-28T14:19:00Z,0
APP-00484,income,91946.0,2026-01-29T19:47:00Z,2026-01-19T08:58:00Z,0
APP-00484,months_employed,95.0,2026-01-29T19:47:00Z,2026-01-23T17:58:00Z,0
APP-00484,prior_delinquencies,0.0,2026-01-29T19:47:00Z,2026-01-26T01:57:00Z,0
APP-00485,credit_utilization,0.484,2026-01-29T23:05:00Z,2026-01-28T13:37:00Z,0
APP-00485,debt_to_income,0.336,2026-01-29T23:05:00Z,2026-01-28T02:07:00Z,0
APP-00485,income,32546.0,2026-01-29T23:05:00Z,2026-01-25T13:08:00Z,0
APP-00485,months_employed,92.0,2026-01-29T23:05:00Z,2026-01-22T23:32:00Z,0
APP-00485,prior_delinquencies,0.0,2026-01-29T23:05:00Z,2026-01-28T16:47:00Z,0
APP-00486,credit_utilization,0.063,2026-01-29T23:59:00Z,2026-01-29T07:26:00Z,0
APP-00486,debt_to_income,0.294,2026-01-29T23:59:00Z,2026-01-29T06:26:00Z,0
APP-00486,income,53659.0,2026-01-29T23:59:00Z,2026-01-20T23:20:00Z,0
APP-00486,months_employed,195.0,2026-01-29T23:59:00Z,2026-01-24T12:49:00Z,0
APP-00486,prior_delinquencies,0.0,2026-01-29T23:59:00Z,2026-01-27T01:37:00Z,0
APP-00487,credit_utilization,0.583,2026-01-30T00:18:00Z,2026-01-29T12:12:00Z,0
APP-00487,debt_to_income,0.422,2026-01-30T00:18:00Z,2026-01-28T05:01:00Z,0
APP-00487,income,65267.0,2026-01-30T00:18:00Z,2026-01-06T22:36:00Z,0
APP-00487,months_employed,218.0,2026-01-30T00:18:00Z,2026-01-24T06:18:00Z,0
APP-00487,prior_delinquencies,0.0,2026-01-30T00:18:00Z,2026-01-27T19:04:00Z,0
APP-00488,credit_utilization,0.217,2026-01-30T05:10:00Z,2026-01-29T16:44:00Z,0
APP-00488,debt_to_income,0.336,2026-01-30T05:10:00Z,2026-01-30T03:35:00Z,0
APP-00488,income,55653.0,2026-01-30T05:10:00Z,2026-01-24T14:03:00Z,0
APP-00488,months_employed,117.0,2026-01-30T05:10:00Z,2026-01-21T02:40:00Z,0
APP-00488,prior_delinquencies,1.0,2026-01-30T05:10:00Z,2026-01-28T05:02:00Z,0
APP-00489,credit_utilization,0.281,2026-01-30T05:49:00Z,2026-01-29T13:27:00Z,0
APP-00489,debt_to_income,0.389,2026-01-30T05:49:00Z,2026-01-27T10:49:00Z,0
APP-00489,income,52261.0,2026-01-30T05:49:00Z,2026-01-08T15:22:00Z,0
APP-00489,months_employed,50.0,2026-01-30T05:49:00Z,2026-01-17T05:27:00Z,0
APP-00489,prior_delinquencies,0.0,2026-01-30T05:49:00Z,2026-01-27T15:57:00Z,0
APP-00490,credit_utilization,0.69,2026-01-30T05:50:00Z,2026-01-29T02:08:00Z,0
APP-00490,debt_to_income,0.24,2026-01-30T05:50:00Z,2026-01-29T12:28:00Z,0
APP-00490,income,34915.0,2026-01-30T05:50:00Z,2026-01-25T20:05:00Z,0
APP-00490,months_employed,104.0,2026-01-30T05:50:00Z,2026-01-22T13:17:00Z,0
APP-00490,prior_delinquencies,1.0,2026-01-30T05:50:00Z,2026-01-26T12:54:00Z,0
APP-00491,credit_utilization,0.356,2026-01-30T08:29:00Z,2026-01-30T04:55:00Z,0
APP-00491,debt_to_income,0.412,2026-01-30T08:29:00Z,2026-01-30T06:09:00Z,0
APP-00491,income,33293.0,2026-01-30T08:29:00Z,2026-01-08T19:23:00Z,0
APP-00491,months_employed,144.0,2026-01-30T08:29:00Z,2026-01-26T06:51:00Z,0
APP-00491,prior_delinquencies,1.0,2026-01-30T08:29:00Z,2026-01-27T23:33:00Z,0
APP-00492,credit_utilization,0.416,2026-01-30T09:04:00Z,2026-01-29T17:26:00Z,0
APP-00492,debt_to_income,0.433,2026-01-30T09:04:00Z,2026-01-27T10:13:00Z,0
APP-00492,income,51805.0,2026-01-30T09:04:00Z,2026-01-04T17:34:00Z,0
APP-00492,months_employed,161.0,2026-01-30T09:04:00Z,2026-01-28T08:17:00Z,0
APP-00492,prior_delinquencies,0.0,2026-01-30T09:04:00Z,2026-01-30T04:29:00Z,0
APP-00493,credit_utilization,0.538,2026-01-30T09:10:00Z,2026-01-29T19:32:00Z,0
APP-00493,debt_to_income,0.531,2026-01-30T09:10:00Z,2026-01-29T10:30:00Z,0
APP-00493,income,61780.0,2026-01-30T09:10:00Z,2026-01-05T05:20:00Z,0
APP-00493,months_employed,169.0,2026-01-30T09:10:00Z,2026-01-25T17:20:00Z,0
APP-00493,prior_delinquencies,1.0,2026-01-30T09:10:00Z,2026-01-27T00:34:00Z,0
APP-00494,credit_utilization,0.648,2026-01-30T11:04:00Z,2026-01-28T14:13:00Z,1
APP-00494,debt_to_income,0.351,2026-01-30T11:04:00Z,2026-01-28T14:27:00Z,1
APP-00494,income,26786.0,2026-01-30T11:04:00Z,2026-01-27T03:38:00Z,1
APP-00494,months_employed,170.0,2026-01-30T11:04:00Z,2026-01-29T10:45:00Z,1
APP-00494,prior_delinquencies,0.0,2026-01-30T11:04:00Z,2026-01-29T06:57:00Z,1
APP-00495,credit_utilization,0.544,2026-01-30T11:45:00Z,2026-01-29T10:34:00Z,0
APP-00495,debt_to_income,0.387,2026-01-30T11:45:00Z,2026-01-27T18:55:00Z,0
APP-00495,income,48641.0,2026-01-30T11:45:00Z,2026-01-03T12:12:00Z,0
APP-00495,months_employed,153.0,2026-01-30T11:45:00Z,2026-01-21T15:59:00Z,0
APP-00495,prior_delinquencies,2.0,2026-01-30T11:45:00Z,2026-01-28T09:22:00Z,0
APP-00496,credit_utilization,0.046,2026-01-30T12:18:00Z,2026-01-29T10:20:00Z,0
APP-00496,debt_to_income,0.292,2026-01-30T12:18:00Z,2026-01-28T12:19:00Z,0
APP-00496,income,42601.0,2026-01-30T12:18:00Z,2026-01-23T20:37:00Z,0
APP-00496,months_employed,70.0,2026-01-30T12:18:00Z,2026-01-27T00:52:00Z,0
APP-00496,prior_delinquencies,2.0,2026-01-30T12:18:00Z,2026-01-26T14:41:00Z,0
APP-00497,credit_utilization,0.09,2026-01-30T12:28:00Z,2026-01-28T14:11:00Z,0
APP-00497,debt_to_income,0.187,2026-01-30T12:28:00Z,2026-01-29T03:17:00Z,0
APP-00497,income,37865.0,2026-01-30T12:28:00Z,2026-01-15T00:24:00Z,0
APP-00497,months_employed,118.0,2026-01-30T12:28:00Z,2026-01-27T23:17:00Z,0
APP-00497,prior_delinquencies,0.0,2026-01-30T12:28:00Z,2026-01-30T09:51:00Z,0
APP-00498,credit_utilization,0.52,2026-01-30T17:31:00Z,2026-01-29T04:15:00Z,0
APP-00498,debt_to_income,0.502,2026-01-30T17:31:00Z,2026-01-28T10:57:00Z,0
APP-00498,income,24148.0,2026-01-30T17:31:00Z,2026-01-13T04:08:00Z,0
APP-00498,months_employed,169.0,2026-01-30T17:31:00Z,2026-01-22T12:16:00Z,0
APP-00498,prior_delinquencies,1.0,2026-01-30T17:31:00Z,2026-01-29T10:57:00Z,0
APP-00499,credit_utilization,0.205,2026-01-30T17:45:00Z,2026-01-29T21:51:00Z,0
APP-00499,debt_to_income,0.47,2026-01-30T17:45:00Z,2026-01-27T21:50:00Z,0
APP-00499,income,41359.0,2026-01-30T17:45:00Z,2026-01-02T13:47:00Z,0
APP-00499,months_employed,199.0,2026-01-30T17:45:00Z,2026-01-23T20:42:00Z,0
APP-00499,prior_delinquencies,1.0,2026-01-30T17:45:00Z,2026-01-28T14:40:00Z,0
APP-00500,credit_utilization,0.286,2026-01-30T18:54:00Z,2026-01-30T08:24:00Z,0
APP-00500,debt_to_income,0.292,2026-01-30T18:54:00Z,2026-01-29T21:29:00Z,0
APP-00500,income,64266.0,2026-01-30T18:54:00Z,2026-01-28T21:31:00Z,0
APP-00500,months_employed,215.0,2026-01-30T18:54:00Z,2026-01-26T21:45:00Z,0
APP-00500,prior_delinquencies,0.0,2026-01-30T18:54:00Z,2026-01-30T11:05:00Z,0
APP-00501,credit_utilization,0.599,2026-01-30T19:16:00Z,2026-01-30T03:51:00Z,0
APP-00501,debt_to_income,0.185,2026-01-30T19:16:00Z,2026-01-27T21:23:00Z,0
APP-00501,income,50576.0,2026-01-30T19:16:00Z,2026-01-15T22:53:00Z,0
APP-00501,months_employed,23.0,2026-01-30T19:16:00Z,2026-01-23T23:10:00Z,0
APP-00501,prior_delinquencies,1.0,2026-01-30T19:16:00Z,2026-01-28T22:58:00Z,0
APP-00502,credit_utilization,0.413,2026-01-30T20:06:00Z,2026-01-30T01:56:00Z,0
APP-00502,debt_to_income,0.348,2026-01-30T20:06:00Z,2026-01-28T16:57:00Z,0
APP-00502,income,60049.0,2026-01-30T20:06:00Z,2026-01-20T08:45:00Z,0
APP-00502,months_employed,75.0,2026-01-30T20:06:00Z,2026-01-19T04:30:00Z,0
APP-00502,prior_delinquencies,1.0,2026-01-30T20:06:00Z,2026-01-30T03:55:00Z,0
APP-00503,credit_utilization,0.462,2026-01-30T22:16:00Z,2026-01-29T08:46:00Z,1
APP-00503,debt_to_income,0.417,2026-01-30T22:16:00Z,2026-01-29T13:45:00Z,1
APP-00503,income,23075.0,2026-01-30T22:16:00Z,2026-01-16T01:46:00Z,1
APP-00503,months_employed,22.0,2026-01-30T22:16:00Z,2026-01-24T01:45:00Z,1
APP-00503,prior_delinquencies,2.0,2026-01-30T22:16:00Z,2026-01-30T12:13:00Z,1
APP-00504,credit_utilization,0.197,2026-01-30T22:25:00Z,2026-01-29T13:40:00Z,0
APP-00504,debt_to_income,0.384,2026-01-30T22:25:00Z,2026-01-30T21:15:00Z,0
APP-00504,income,39803.0,2026-01-30T22:25:00Z,2026-01-20T12:55:00Z,0
APP-00504,months_employed,177.0,2026-01-30T22:25:00Z,2026-01-28T03:58:00Z,0
APP-00504,prior_delinquencies,2.0,2026-01-30T22:25:00Z,2026-01-27T17:50:00Z,0
APP-00505,credit_utilization,0.405,2026-01-30T22:34:00Z,2026-01-30T10:52:00Z,0
APP-00505,debt_to_income,0.58,2026-01-30T22:34:00Z,2026-01-29T21:40:00Z,0
APP-00505,income,47357.0,2026-01-30T22:34:00Z,2026-01-15T20:49:00Z,0
APP-00505,months_employed,42.0,2026-01-30T22:34:00Z,2026-01-22T10:22:00Z,0
APP-00505,prior_delinquencies,3.0,2026-01-30T22:34:00Z,2026-01-28T15:45:00Z,0
APP-00506,credit_utilization,0.192,2026-01-31T01:05:00Z,2026-01-29T20:31:00Z,0
APP-00506,debt_to_income,0.459,2026-01-31T01:05:00Z,2026-01-28T04:11:00Z,0
APP-00506,income,98119.0,2026-01-31T01:05:00Z,2026-01-24T02:19:00Z,0
APP-00506,months_employed,208.0,2026-01-31T01:05:00Z,2026-01-23T21:52:00Z,0
APP-00506,prior_delinquencies,0.0,2026-01-31T01:05:00Z,2026-01-30T15:39:00Z,0
APP-00507,credit_utilization,0.053,2026-01-31T02:36:00Z,2026-01-30T21:01:00Z,0
APP-00507,debt_to_income,0.346,2026-01-31T02:36:00Z,2026-01-28T08:51:00Z,0
APP-00507,income,54637.0,2026-01-31T02:36:00Z,2026-01-23T04:19:00Z,0
APP-00507,months_employed,84.0,2026-01-31T02:36:00Z,2026-01-27T04:36:00Z,0
APP-00507,prior_delinquencies,1.0,2026-01-31T02:36:00Z,2026-01-30T20:52:00Z,0
APP-00508,credit_utilization,0.349,2026-01-31T04:13:00Z,2026-01-29T06:21:00Z,0
APP-00508,debt_to_income,0.201,2026-01-31T04:13:00Z,2026-01-29T04:45:00Z,0
APP-00508,income,58151.0,2026-01-31T04:13:00Z,2026-01-08T04:09:00Z,0
APP-00508,months_employed,191.0,2026-01-31T04:13:00Z,2026-01-29T18:16:00Z,0
APP-00508,prior_delinquencies,0.0,2026-01-31T04:13:00Z,2026-01-29T21:09:00Z,0
APP-00509,credit_utilization,0.921,2026-01-31T08:01:00Z,2026-01-30T01:01:00Z,0
APP-00509,debt_to_income,0.523,2026-01-31T08:01:00Z,2026-01-30T00:45:00Z,0
APP-00509,income,47490.0,2026-01-31T08:01:00Z,2026-01-10T07:53:00Z,0
APP-00509,months_employed,237.0,2026-01-31T08:01:00Z,2026-01-23T14:35:00Z,0
APP-00509,prior_delinquencies,1.0,2026-01-31T08:01:00Z,2026-01-31T01:00:00Z,0
APP-00510,credit_utilization,0.37,2026-01-31T08:45:00Z,2026-01-29T13:43:00Z,1
APP-00510,debt_to_income,0.302,2026-01-31T08:45:00Z,2026-01-29T02:27:00Z,1
APP-00510,income,21171.0,2026-01-31T08:45:00Z,2026-01-17T03:42:00Z,1
APP-00510,months_employed,56.0,2026-01-31T08:45:00Z,2026-01-26T09:03:00Z,1
APP-00510,prior_delinquencies,0.0,2026-01-31T08:45:00Z,2026-01-28T19:25:00Z,1
APP-00511,credit_utilization,0.418,2026-01-31T10:38:00Z,2026-01-30T00:49:00Z,0
APP-00511,debt_to_income,0.31,2026-01-31T10:38:00Z,2026-01-30T13:29:00Z,0
APP-00511,income,68047.0,2026-01-31T10:38:00Z,2026-01-02T19:31:00Z,0
APP-00511,months_employed,230.0,2026-01-31T10:38:00Z,2026-01-17T17:20:00Z,0
APP-00511,prior_delinquencies,0.0,2026-01-31T10:38:00Z,2026-01-29T06:24:00Z,0
APP-00512,credit_utilization,0.363,2026-01-31T10:56:00Z,2026-01-31T04:01:00Z,0
APP-00512,debt_to_income,0.351,2026-01-31T10:56:00Z,2026-01-31T08:56:00Z,0
APP-00512,income,36840.0,2026-01-31T10:56:00Z,2026-01-18T22:08:00Z,0
APP-00512,months_employed,19.0,2026-01-31T10:56:00Z,2026-01-20T07:32:00Z,0
APP-00512,prior_delinquencies,2.0,2026-01-31T10:56:00Z,2026-01-30T11:41:00Z,0
APP-00513,credit_utilization,0.442,2026-01-31T11:10:00Z,2026-01-31T00:35:00Z,0
APP-00513,debt_to_income,0.202,2026-01-31T11:10:00Z,2026-01-30T01:21:00Z,0
APP-00513,income,97033.0,2026-01-31T11:10:00Z,2026-01-29T09:30:00Z,0
APP-00513,months_employed,47.0,2026-01-31T11:10:00Z,2026-01-20T12:48:00Z,0
APP-00513,prior_delinquencies,0.0,2026-01-31T11:10:00Z,2026-01-29T14:45:00Z,0
APP-00514,credit_utilization,0.383,2026-01-31T11:50:00Z,2026-01-29T15:50:00Z,0
APP-00514,debt_to_income,0.222,2026-01-31T11:50:00Z,2026-01-29T15:33:00Z,0
APP-00514,income,52608.0,2026-01-31T11:50:00Z,2026-01-02T20:48:00Z,0
APP-00514,months_employed,157.0,2026-01-31T11:50:00Z,2026-01-20T20:17:00Z,0
APP-00514,prior_delinquencies,0.0,2026-01-31T11:50:00Z,2026-01-28T09:42:00Z,0
APP-00515,credit_utilization,0.33,2026-01-31T13:40:00Z,2026-01-31T05:30:00Z,0
APP-00515,debt_to_income,0.471,2026-01-31T13:40:00Z,2026-01-30T01:08:00Z,0
APP-00515,income,34427.0,2026-01-31T13:40:00Z,2026-01-13T15:27:00Z,0
APP-00515,months_employed,124.0,2026-01-31T13:40:00Z,2026-01-18T21:28:00Z,0
APP-00515,prior_delinquencies,0.0,2026-01-31T13:40:00Z,2026-01-30T10:55:00Z,0
APP-00516,credit_utilization,0.877,2026-01-31T15:07:00Z,2026-01-31T06:02:00Z,0
APP-00516,debt_to_income,0.562,2026-01-31T15:07:00Z,2026-01-28T16:53:00Z,0
APP-00516,income,43573.0,2026-01-31T15:07:00Z,2026-01-13T12:14:00Z,0
APP-00516,months_employed,238.0,2026-01-31T15:07:00Z,2026-01-21T16:30:00Z,0
APP-00516,prior_delinquencies,0.0,2026-01-31T15:07:00Z,2026-01-28T19:45:00Z,0
APP-00517,credit_utilization,0.375,2026-01-31T16:59:00Z,2026-01-31T09:30:00Z,0
APP-00517,debt_to_income,0.348,2026-01-31T16:59:00Z,2026-01-30T07:55:00Z,0
APP-00517,income,64348.0,2026-01-31T16:59:00Z,2026-01-25T05:12:00Z,0
APP-00517,months_employed,88.0,2026-01-31T16:59:00Z,2026-01-18T20:47:00Z,0
APP-00517,prior_delinquencies,0.0,2026-01-31T16:59:00Z,2026-01-28T15:39:00Z,0
APP-00518,credit_utilization,0.586,2026-01-31T17:51:00Z,2026-01-31T03:23:00Z,1
APP-00518,debt_to_income,0.453,2026-01-31T17:51:00Z,2026-01-31T05:14:00Z,1
APP-00518,income,20867.0,2026-01-31T17:51:00Z,2026-01-07T20:55:00Z,1
APP-00518,months_employed,26.0,2026-01-31T17:51:00Z,2026-01-29T10:58:00Z,1
APP-00518,prior_delinquencies,7.0,2026-01-31T17:51:00Z,2026-01-29T11:06:00Z,1
APP-00519,credit_utilization,0.396,2026-01-31T18:48:00Z,2026-01-30T13:18:00Z,1
APP-00519,debt_to_income,0.452,2026-01-31T18:48:00Z,2026-01-29T18:58:00Z,1
APP-00519,income,34991.0,2026-01-31T18:48:00Z,2026-01-02T07:21:00Z,1
APP-00519,months_employed,131.0,2026-01-31T18:48:00Z,2026-01-29T02:27:00Z,1
APP-00519,prior_delinquencies,2.0,2026-01-31T18:48:00Z,2026-01-30T18:14:00Z,1
APP-00520,credit_utilization,0.253,2026-01-31T18:53:00Z,2026-01-31T07:37:00Z,0
APP-00520,debt_to_income,0.163,2026-01-31T18:53:00Z,2026-01-30T18:17:00Z,0
APP-00520,income,38691.0,2026-01-31T18:53:00Z,2026-01-04T18:27:00Z,0
APP-00520,months_employed,22.0,2026-01-31T18:53:00Z,2026-01-17T19:50:00Z,0
APP-00520,prior_delinquencies,0.0,2026-01-31T18:53:00Z,2026-01-30T01:26:00Z,0
APP-00521,credit_utilization,0.504,2026-02-01T02:13:00Z,2026-01-31T23:00:00Z,0
APP-00521,debt_to_income,0.465,2026-02-01T02:13:00Z,2026-01-30T16:59:00Z,0
APP-00521,income,65185.0,2026-02-01T02:13:00Z,2026-01-21T01:59:00Z,0
APP-00521,months_employed,207.0,2026-02-01T02:13:00Z,2026-01-26T02:35:00Z,0
APP-00521,prior_delinquencies,0.0,2026-02-01T02:13:00Z,2026-01-28T17:11:00Z,0
APP-00522,credit_utilization,0.456,2026-02-01T05:56:00Z,2026-01-31T16:23:00Z,0
APP-00522,debt_to_income,0.224,2026-02-01T05:56:00Z,2026-01-30T12:54:00Z,0
APP-00522,income,47935.0,2026-02-01T05:56:00Z,2026-01-17T05:41:00Z,0
APP-00522,months_employed,112.0,2026-02-01T05:56:00Z,2026-01-22T22:52:00Z,0
APP-00522,prior_delinquencies,0.0,2026-02-01T05:56:00Z,2026-01-30T08:56:00Z,0
APP-00523,credit_utilization,0.752,2026-02-01T07:48:00Z,2026-02-01T04:55:00Z,0
APP-00523,debt_to_income,0.455,2026-02-01T07:48:00Z,2026-01-29T16:25:00Z,0
APP-00523,income,52479.0,2026-02-01T07:48:00Z,2026-01-02T19:32:00Z,0
APP-00523,months_employed,165.0,2026-02-01T07:48:00Z,2026-01-27T07:05:00Z,0
APP-00523,prior_delinquencies,1.0,2026-02-01T07:48:00Z,2026-01-30T04:17:00Z,0
APP-00524,credit_utilization,0.326,2026-02-01T08:32:00Z,2026-01-31T22:11:00Z,0
APP-00524,debt_to_income,0.299,2026-02-01T08:32:00Z,2026-01-30T21:36:00Z,0
APP-00524,income,67591.0,2026-02-01T08:32:00Z,2026-01-14T16:45:00Z,0
APP-00524,months_employed,94.0,2026-02-01T08:32:00Z,2026-01-29T03:21:00Z,0
APP-00524,prior_delinquencies,0.0,2026-02-01T08:32:00Z,2026-01-29T05:18:00Z,0
APP-00525,credit_utilization,0.344,2026-02-01T09:28:00Z,2026-01-30T17:23:00Z,0
APP-00525,debt_to_income,0.308,2026-02-01T09:28:00Z,2026-01-31T19:43:00Z,0
APP-00525,income,37158.0,2026-02-01T09:28:00Z,2026-01-15T06:31:00Z,0
APP-00525,months_employed,178.0,2026-02-01T09:28:00Z,2026-01-26T04:17:00Z,0
APP-00525,prior_delinquencies,2.0,2026-02-01T09:28:00Z,2026-01-28T17:54:00Z,0
APP-00526,credit_utilization,0.077,2026-02-01T10:01:00Z,2026-01-31T01:27:00Z,0
APP-00526,debt_to_income,0.23,2026-02-01T10:01:00Z,2026-01-29T13:02:00Z,0
APP-00526,income,49225.0,2026-02-01T10:01:00Z,2026-01-04T15:51:00Z,0
APP-00526,months_employed,154.0,2026-02-01T10:01:00Z,2026-01-20T10:14:00Z,0
APP-00526,prior_delinquencies,0.0,2026-02-01T10:01:00Z,2026-01-29T21:42:00Z,0
APP-00527,credit_utilization,0.794,2026-02-01T10:18:00Z,2026-01-31T06:43:00Z,0
APP-00527,debt_to_income,0.364,2026-02-01T10:18:00Z,2026-01-29T16:16:00Z,0
APP-00527,income,67951.0,2026-02-01T10:18:00Z,2026-01-14T17:29:00Z,0
APP-00527,months_employed,21.0,2026-02-01T10:18:00Z,2026-01-19T14:05:00Z,0
APP-00527,prior_delinquencies,0.0,2026-02-01T10:18:00Z,2026-01-29T05:31:00Z,0
APP-00528,credit_utilization,0.433,2026-02-01T13:28:00Z,2026-01-30T15:30:00Z,0
APP-00528,debt_to_income,0.355,2026-02-01T13:28:00Z,2026-01-31T13:58:00Z,0
APP-00528,income,72366.0,2026-02-01T13:28:00Z,2026-01-11T09:57:00Z,0
APP-00528,months_employed,117.0,2026-02-01T13:28:00Z,2026-01-25T07:18:00Z,0
APP-00528,prior_delinquencies,0.0,2026-02-01T13:28:00Z,2026-02-01T08:59:00Z,0
APP-00529,credit_utilization,0.441,2026-02-01T14:20:00Z,2026-01-31T22:22:00Z,0
APP-00529,debt_to_income,0.435,2026-02-01T14:20:00Z,2026-01-31T11:51:00Z,0
APP-00529,income,71508.0,2026-02-01T14:20:00Z,2026-01-30T11:13:00Z,0
APP-00529,months_employed,119.0,2026-02-01T14:20:00Z,2026-01-29T07:24:00Z,0
APP-00529,prior_delinquencies,0.0,2026-02-01T14:20:00Z,2026-01-30T15:35:00Z,0
APP-00530,credit_utilization,0.267,2026-02-01T14:22:00Z,2026-01-31T03:18:00Z,0
APP-00530,debt_to_income,0.328,2026-02-01T14:22:00Z,2026-01-30T20:31:00Z,0
APP-00530,income,66093.0,2026-02-01T14:22:00Z,2026-01-05T00:02:00Z,0
APP-00530,months_employed,33.0,2026-02-01T14:22:00Z,2026-01-21T01:30:00Z,0
APP-00530,prior_delinquencies,0.0,2026-02-01T14:22:00Z,2026-01-31T02:10:00Z,0
APP-00531,credit_utilization,0.339,2026-02-01T14:32:00Z,2026-01-31T18:19:00Z,0
APP-00531,debt_to_income,0.138,2026-02-01T14:32:00Z,2026-01-30T05:12:00Z,0
APP-00531,income,60439.0,2026-02-01T14:32:00Z,2026-01-02T19:49:00Z,0
APP-00531,months_employed,95.0,2026-02-01T14:32:00Z,2026-01-18T15:23:00Z,0
APP-00531,prior_delinquencies,0.0,2026-02-01T14:32:00Z,2026-01-31T00:19:00Z,0
APP-00532,credit_utilization,0.0,2026-02-01T19:22:00Z,2026-02-01T16:20:00Z,0
APP-00532,debt_to_income,0.09,2026-02-01T19:22:00Z,2026-01-31T00:55:00Z,0
APP-00532,income,77096.0,2026-02-01T19:22:00Z,2026-01-23T23:13:00Z,0
APP-00532,months_employed,119.0,2026-02-01T19:22:00Z,2026-01-27T16:36:00Z,0
APP-00532,prior_delinquencies,0.0,2026-02-01T19:22:00Z,2026-01-31T22:13:00Z,0
APP-00533,credit_utilization,0.508,2026-02-01T19:52:00Z,2026-02-01T05:40:00Z,1
APP-00533,debt_to_income,0.394,2026-02-01T19:52:00Z,2026-01-31T05:04:00Z,1
APP-00533,income,18172.0,2026-02-01T19:52:00Z,2026-01-13T21:13:00Z,1
APP-00533,months_employed,226.0,2026-02-01T19:52:00Z,2026-01-22T12:30:00Z,1
APP-00533,prior_delinquencies,1.0,2026-02-01T19:52:00Z,2026-02-01T12:10:00Z,1
APP-00534,credit_utilization,0.504,2026-02-01T21:19:00Z,2026-01-31T18:03:00Z,0
APP-00534,debt_to_income,0.4,2026-02-01T21:19:00Z,2026-01-30T16:59:00Z,0
APP-00534,income,58834.0,2026-02-01T21:19:00Z,2026-01-09T14:47:00Z,0
APP-00534,months_employed,144.0,2026-02-01T21:19:00Z,2026-01-28T13:05:00Z,0
APP-00534,prior_delinquencies,0.0,2026-02-01T21:19:00Z,2026-01-30T17:36:00Z,0
APP-00535,credit_utilization,0.379,2026-02-01T22:11:00Z,2026-01-31T15:37:00Z,0
APP-00535,debt_to_income,0.403,2026-02-01T22:11:00Z,2026-01-31T22:11:00Z,0
APP-00535,income,21380.0,2026-02-01T22:11:00Z,2026-01-13T20:17:00Z,0
APP-00535,months_employed,143.0,2026-02-01T22:11:00Z,2026-01-20T21:30:00Z,0
APP-00535,prior_delinquencies,0.0,2026-02-01T22:11:00Z,2026-01-30T01:55:00Z,0
APP-00536,credit_utilization,0.229,2026-02-01T22:58:00Z,2026-02-01T17:30:00Z,0
APP-00536,debt_to_income,0.351,2026-02-01T22:58:00Z,2026-01-30T19:52:00Z,0
APP-00536,income,74551.0,2026-02-01T22:58:00Z,2026-01-16T14:50:00Z,0
APP-00536,months_employed,30.0,2026-02-01T22:58:00Z,2026-01-29T11:14:00Z,0
APP-00536,prior_delinquencies,0.0,2026-02-01T22:58:00Z,2026-01-31T06:09:00Z,0
APP-00537,credit_utilization,0.409,2026-02-01T23:51:00Z,2026-02-01T20:44:00Z,1
APP-00537,debt_to_income,0.43,2026-02-01T23:51:00Z,2026-01-31T23:18:00Z,1
APP-00537,income,42255.0,2026-02-01T23:51:00Z,2026-01-28T02:30:00Z,1
APP-00537,months_employed,149.0,2026-02-01T23:51:00Z,2026-01-24T19:27:00Z,1
APP-00537,prior_delinquencies,0.0,2026-02-01T23:51:00Z,2026-01-30T07:14:00Z,1
APP-00538,credit_utilization,0.0,2026-02-02T01:53:00Z,2026-01-31T05:45:00Z,0
APP-00538,debt_to_income,0.146,2026-02-02T01:53:00Z,2026-02-02T00:24:00Z,0
APP-00538,income,107710.0,2026-02-02T01:53:00Z,2026-01-09T23:08:00Z,0
APP-00538,months_employed,152.0,2026-02-02T01:53:00Z,2026-01-31T14:44:00Z,0
APP-00538,prior_delinquencies,0.0,2026-02-02T01:53:00Z,2026-02-01T23:18:00Z,0
APP-00539,credit_utilization,0.507,2026-02-02T01:58:00Z,2026-01-31T18:32:00Z,1
APP-00539,debt_to_income,0.488,2026-02-02T01:58:00Z,2026-02-01T18:46:00Z,1
APP-00539,income,38584.0,2026-02-02T01:58:00Z,2026-01-13T02:22:00Z,1
APP-00539,months_employed,182.0,2026-02-02T01:58:00Z,2026-01-24T22:51:00Z,1
APP-00539,prior_delinquencies,1.0,2026-02-02T01:58:00Z,2026-01-31T17:27:00Z,1
APP-00540,credit_utilization,0.185,2026-02-02T03:04:00Z,2026-02-01T12:53:00Z,0
APP-00540,debt_to_income,0.212,2026-02-02T03:04:00Z,2026-01-30T11:12:00Z,0
APP-00540,income,98124.0,2026-02-02T03:04:00Z,2026-01-09T11:56:00Z,0
APP-00540,months_employed,139.0,2026-02-02T03:04:00Z,2026-01-23T18:33:00Z,0
APP-00540,prior_delinquencies,1.0,2026-02-02T03:04:00Z,2026-01-29T13:11:00Z,0
APP-00541,credit_utilization,0.731,2026-02-02T03:16:00Z,2026-01-31T23:42:00Z,0
APP-00541,debt_to_income,0.462,2026-02-02T03:16:00Z,2026-01-30T20:32:00Z,0
APP-00541,income,59768.0,2026-02-02T03:16:00Z,2026-01-29T18:33:00Z,0
APP-00541,months_employed,236.0,2026-02-02T03:16:00Z,2026-01-24T21:37:00Z,0
APP-00541,prior_delinquencies,2.0,2026-02-02T03:16:00Z,2026-02-01T10:26:00Z,0
APP-00542,credit_utilization,0.584,2026-02-02T03:45:00Z,2026-02-01T04:05:00Z,0
APP-00542,debt_to_income,0.4,2026-02-02T03:45:00Z,2026-01-31T03:57:00Z,0
APP-00542,income,86073.0,2026-02-02T03:45:00Z,2026-01-07T14:51:00Z,0
APP-00542,months_employed,65.0,2026-02-02T03:45:00Z,2026-01-22T15:45:00Z,0
APP-00542,prior_delinquencies,1.0,2026-02-02T03:45:00Z,2026-02-01T10:24:00Z,0
APP-00543,credit_utilization,0.33,2026-02-02T05:25:00Z,2026-01-31T19:33:00Z,0
APP-00543,debt_to_income,0.367,2026-02-02T05:25:00Z,2026-02-01T00:45:00Z,0
APP-00543,income,34050.0,2026-02-02T05:25:00Z,2026-01-05T17:31:00Z,0
APP-00543,months_employed,40.0,2026-02-02T05:25:00Z,2026-01-24T03:53:00Z,0
APP-00543,prior_delinquencies,1.0,2026-02-02T05:25:00Z,2026-02-01T01:10:00Z,0
APP-00544,credit_utilization,0.579,2026-02-02T06:57:00Z,2026-02-01T18:32:00Z,1
APP-00544,debt_to_income,0.487,2026-02-02T06:57:00Z,2026-01-31T14:03:00Z,1
APP-00544,income,27247.0,2026-02-02T06:57:00Z,2026-01-24T20:14:00Z,1
APP-00544,months_employed,205.0,2026-02-02T06:57:00Z,2026-01-30T06:38:00Z,1
APP-00544,prior_delinquencies,1.0,2026-02-02T06:57:00Z,2026-01-30T23:33:00Z,1
APP-00545,credit_utilization,0.623,2026-02-02T09:48:00Z,2026-02-01T21:02:00Z,0
APP-00545,debt_to_income,0.1,2026-02-02T09:48:00Z,2026-02-01T02:33:00Z,0
APP-00545,income,60836.0,2026-02-02T09:48:00Z,2026-01-25T22:38:00Z,0
APP-00545,months_employed,88.0,2026-02-02T09:48:00Z,2026-01-21T18:09:00Z,0
APP-00545,prior_delinquencies,0.0,2026-02-02T09:48:00Z,2026-01-30T00:55:00Z,0
APP-00546,credit_utilization,0.423,2026-02-02T10:10:00Z,2026-01-31T23:54:00Z,0
APP-00546,debt_to_income,0.247,2026-02-02T10:10:00Z,2026-01-31T07:59:00Z,0
APP-00546,income,48963.0,2026-02-02T10:10:00Z,2026-01-15T10:13:00Z,0
APP-00546,months_employed,55.0,2026-02-02T10:10:00Z,2026-01-28T12:58:00Z,0
APP-00546,prior_delinquencies,0.0,2026-02-02T10:10:00Z,2026-02-01T19:45:00Z,0
APP-00547,credit_utilization,0.437,2026-02-02T13:31:00Z,2026-02-02T06:12:00Z,1
APP-00547,debt_to_income,0.416,2026-02-02T13:31:00Z,2026-02-01T16:16:00Z,1
APP-00547,income,51375.0,2026-02-02T13:31:00Z,2026-01-17T13:45:00Z,1
APP-00547,months_employed,222.0,2026-02-02T13:31:00Z,2026-01-28T01:38:00Z,1
APP-00547,prior_delinquencies,1.0,2026-02-02T13:31:00Z,2026-01-31T10:10:00Z,1
APP-00548,credit_utilization,0.275,2026-02-02T14:12:00Z,2026-02-01T23:26:00Z,1
APP-00548,debt_to_income,0.323,2026-02-02T14:12:00Z,2026-02-01T04:55:00Z,1
APP-00548,income,34252.0,2026-02-02T14:12:00Z,2026-01-09T06:35:00Z,1
APP-00548,months_employed,4.0,2026-02-02T14:12:00Z,2026-01-21T19:08:00Z,1
APP-00548,prior_delinquencies,1.0,2026-02-02T14:12:00Z,2026-01-30T05:56:00Z,1
APP-00549,credit_utilization,0.414,2026-02-02T15:30:00Z,2026-02-01T21:28:00Z,0
APP-00549,debt_to_income,0.415,2026-02-02T15:30:00Z,2026-02-02T10:04:00Z,0
APP-00549,income,95449.0,2026-02-02T15:30:00Z,2026-01-19T00:43:00Z,0
APP-00549,months_employed,13.0,2026-02-02T15:30:00Z,2026-01-31T18:43:00Z,0
APP-00549,prior_delinquencies,2.0,2026-02-02T15:30:00Z,2026-02-01T05:17:00Z,0
APP-00550,credit_utilization,0.148,2026-02-02T18:08:00Z,2026-02-01T07:00:00Z,0
APP-00550,debt_to_income,0.291,2026-02-02T18:08:00Z,2026-02-01T04:48:00Z,0
APP-00550,income,79322.0,2026-02-02T18:08:00Z,2026-01-16T07:10:00Z,0
APP-00550,months_employed,28.0,2026-02-02T18:08:00Z,2026-01-30T15:00:00Z,0
APP-00550,prior_delinquencies,0.0,2026-02-02T18:08:00Z,2026-02-02T08:50:00Z,0
APP-00551,credit_utilization,0.338,2026-02-02T18:27:00Z,2026-02-01T18:38:00Z,0
APP-00551,debt_to_income,0.43,2026-02-02T18:27:00Z,2026-01-31T12:26:00Z,0
APP-00551,income,112298.0,2026-02-02T18:27:00Z,2026-01-25T13:15:00Z,0
APP-00551,months_employed,91.0,2026-02-02T18:27:00Z,2026-02-01T02:40:00Z,0
APP-00551,prior_delinquencies,0.0,2026-02-02T18:27:00Z,2026-02-01T11:26:00Z,0
APP-00552,credit_utilization,0.264,2026-02-02T20:08:00Z,2026-02-01T04:27:00Z,0
APP-00552,debt_to_income,0.226,2026-02-02T20:08:00Z,2026-01-30T20:10:00Z,0
APP-00552,income,53823.0,2026-02-02T20:08:00Z,2026-01-31T03:20:00Z,0
APP-00552,months_employed,224.0,2026-02-02T20:08:00Z,2026-02-01T08:58:00Z,0
APP-00552,prior_delinquencies,1.0,2026-02-02T20:08:00Z,2026-02-01T13:56:00Z,0
APP-00553,credit_utilization,0.388,2026-02-03T01:55:00Z,2026-02-01T22:50:00Z,0
APP-00553,debt_to_income,0.199,2026-02-03T01:55:00Z,2026-02-02T09:42:00Z,0
APP-00553,income,117555.0,2026-02-03T01:55:00Z,2026-01-17T19:40:00Z,0
APP-00553,months_employed,158.0,2026-02-03T01:55:00Z,2026-01-24T16:54:00Z,0
APP-00553,prior_delinquencies,1.0,2026-02-03T01:55:00Z,2026-01-31T20:47:00Z,0
APP-00554,credit_utilization,0.738,2026-02-03T03:38:00Z,2026-02-01T10:02:00Z,1
APP-00554,debt_to_income,0.406,2026-02-03T03:38:00Z,2026-02-03T00:33:00Z,1
APP-00554,income,40836.0,2026-02-03T03:38:00Z,2026-01-30T01:32:00Z,1
APP-00554,months_employed,232.0,2026-02-03T03:38:00Z,2026-01-20T13:35:00Z,1
APP-00554,prior_delinquencies,1.0,2026-02-03T03:38:00Z,2026-01-30T03:59:00Z,1
APP-00555,credit_utilization,0.512,2026-02-03T05:21:00Z,2026-02-01T10:22:00Z,0
APP-00555,debt_to_income,0.191,2026-02-03T05:21:00Z,2026-02-02T20:24:00Z,0
APP-00555,income,85136.0,2026-02-03T05:21:00Z,2026-01-15T12:49:00Z,0
APP-00555,months_employed,105.0,2026-02-03T05:21:00Z,2026-01-31T23:42:00Z,0
APP-00555,prior_delinquencies,0.0,2026-02-03T05:21:00Z,2026-01-30T15:53:00Z,0
APP-00556,credit_utilization,0.407,2026-02-03T05:30:00Z,2026-02-01T09:32:00Z,0
APP-00556,debt_to_income,0.343,2026-02-03T05:30:00Z,2026-02-02T21:32:00Z,0
APP-00556,income,43342.0,2026-02-03T05:30:00Z,2026-01-30T19:40:00Z,0
APP-00556,months_employed,96.0,2026-02-03T05:30:00Z,2026-01-28T20:40:00Z,0
APP-00556,prior_delinquencies,1.0,2026-02-03T05:30:00Z,2026-02-01T12:28:00Z,0
APP-00557,credit_utilization,0.482,2026-02-03T10:50:00Z,2026-02-01T13:15:00Z,1
APP-00557,debt_to_income,0.366,2026-02-03T10:50:00Z,2026-02-01T05:05:00Z,1
APP-00557,income,35175.0,2026-02-03T10:50:00Z,2026-01-27T21:39:00Z,1
APP-00557,months_employed,97.0,2026-02-03T10:50:00Z,2026-01-30T17:23:00Z,1
APP-00557,prior_delinquencies,0.0,2026-02-03T10:50:00Z,2026-01-31T09:55:00Z,1
APP-00558,credit_utilization,0.669,2026-02-03T11:36:00Z,2026-02-01T22:07:00Z,0
APP-00558,debt_to_income,0.501,2026-02-03T11:36:00Z,2026-02-02T10:59:00Z,0
APP-00558,income,47913.0,2026-02-03T11:36:00Z,2026-01-11T21:12:00Z,0
APP-00558,months_employed,205.0,2026-02-03T11:36:00Z,2026-01-21T17:01:00Z,0
APP-00558,prior_delinquencies,1.0,2026-02-03T11:36:00Z,2026-01-31T01:27:00Z,0
APP-00559,credit_utilization,0.323,2026-02-03T12:03:00Z,2026-02-02T06:37:00Z,0
APP-00559,debt_to_income,0.503,2026-02-03T12:03:00Z,2026-02-01T12:04:00Z,0
APP-00559,income,39464.0,2026-02-03T12:03:00Z,2026-01-05T17:47:00Z,0
APP-00559,months_employed,130.0,2026-02-03T12:03:00Z,2026-01-26T03:48:00Z,0
APP-00559,prior_delinquencies,1.0,2026-02-03T12:03:00Z,2026-02-01T06:28:00Z,0
APP-00560,credit_utilization,0.519,2026-02-03T12:37:00Z,2026-02-01T13:48:00Z,0
APP-00560,debt_to_income,0.327,2026-02-03T12:37:00Z,2026-02-01T00:07:00Z,0
APP-00560,income,51316.0,2026-02-03T12:37:00Z,2026-01-09T04:59:00Z,0
APP-00560,months_employed,146.0,2026-02-03T12:37:00Z,2026-01-29T18:33:00Z,0
APP-00560,prior_delinquencies,0.0,2026-02-03T12:37:00Z,2026-01-31T12:27:00Z,0
APP-00561,credit_utilization,0.434,2026-02-03T13:47:00Z,2026-02-03T05:13:00Z,0
APP-00561,debt_to_income,0.345,2026-02-03T13:47:00Z,2026-02-01T01:30:00Z,0
APP-00561,income,59779.0,2026-02-03T13:47:00Z,2026-01-20T05:48:00Z,0
APP-00561,months_employed,121.0,2026-02-03T13:47:00Z,2026-01-30T13:40:00Z,0
APP-00561,prior_delinquencies,0.0,2026-02-03T13:47:00Z,2026-02-03T03:50:00Z,0
APP-00562,credit_utilization,0.841,2026-02-03T15:15:00Z,2026-02-02T02:59:00Z,1
APP-00562,debt_to_income,0.497,2026-02-03T15:15:00Z,2026-02-01T08:58:00Z,1
APP-00562,income,49212.0,2026-02-03T15:15:00Z,2026-01-13T07:58:00Z,1
APP-00562,months_employed,226.0,2026-02-03T15:15:00Z,2026-01-23T04:41:00Z,1
APP-00562,prior_delinquencies,0.0,2026-02-03T15:15:00Z,2026-01-31T12:30:00Z,1
APP-00563,credit_utilization,0.474,2026-02-03T15:25:00Z,2026-02-02T16:25:00Z,0
APP-00563,debt_to_income,0.294,2026-02-03T15:25:00Z,2026-02-03T04:06:00Z,0
APP-00563,income,50137.0,2026-02-03T15:25:00Z,2026-01-05T09:48:00Z,0
APP-00563,months_employed,183.0,2026-02-03T15:25:00Z,2026-01-30T23:55:00Z,0
APP-00563,prior_delinquencies,0.0,2026-02-03T15:25:00Z,2026-01-31T08:41:00Z,0
APP-00564,credit_utilization,0.705,2026-02-03T15:55:00Z,2026-02-03T07:28:00Z,0
APP-00564,debt_to_income,0.35,2026-02-03T15:55:00Z,2026-02-03T07:58:00Z,0
APP-00564,income,52435.0,2026-02-03T15:55:00Z,2026-01-28T12:43:00Z,0
APP-00564,months_employed,216.0,2026-02-03T15:55:00Z,2026-01-30T06:55:00Z,0
APP-00564,prior_delinquencies,1.0,2026-02-03T15:55:00Z,2026-01-31T19:13:00Z,0
APP-00565,credit_utilization,0.618,2026-02-03T17:43:00Z,2026-02-02T23:24:00Z,1
APP-00565,debt_to_income,0.409,2026-02-03T17:43:00Z,2026-02-02T11:21:00Z,1
APP-00565,income,92090.0,2026-02-03T17:43:00Z,2026-01-13T03:10:00Z,1
APP-00565,months_employed,198.0,2026-02-03T17:43:00Z,2026-01-28T12:26:00Z,1
APP-00565,prior_delinquencies,1.0,2026-02-03T17:43:00Z,2026-02-02T12:59:00Z,1
APP-00566,credit_utilization,0.644,2026-02-03T18:37:00Z,2026-02-02T01:01:00Z,1
APP-00566,debt_to_income,0.327,2026-02-03T18:37:00Z,2026-02-02T01:53:00Z,1
APP-00566,income,65491.0,2026-02-03T18:37:00Z,2026-01-29T20:03:00Z,1
APP-00566,months_employed,232.0,2026-02-03T18:37:00Z,2026-01-29T15:53:00Z,1
APP-00566,prior_delinquencies,2.0,2026-02-03T18:37:00Z,2026-02-02T17:38:00Z,1
APP-00567,credit_utilization,0.51,2026-02-03T22:38:00Z,2026-02-03T13:21:00Z,0
APP-00567,debt_to_income,0.483,2026-02-03T22:38:00Z,2026-02-03T09:18:00Z,0
APP-00567,income,46366.0,2026-02-03T22:38:00Z,2026-01-25T05:07:00Z,0
APP-00567,months_employed,82.0,2026-02-03T22:38:00Z,2026-01-22T09:35:00Z,0
APP-00567,prior_delinquencies,0.0,2026-02-03T22:38:00Z,2026-01-31T10:21:00Z,0
APP-00568,credit_utilization,0.49,2026-02-03T23:32:00Z,2026-02-02T09:34:00Z,0
APP-00568,debt_to_income,0.259,2026-02-03T23:32:00Z,2026-02-03T17:10:00Z,0
APP-00568,income,35531.0,2026-02-03T23:32:00Z,2026-01-16T21:39:00Z,0
APP-00568,months_employed,232.0,2026-02-03T23:32:00Z,2026-01-26T00:28:00Z,0
APP-00568,prior_delinquencies,0.0,2026-02-03T23:32:00Z,2026-02-01T11:08:00Z,0
APP-00569,credit_utilization,0.431,2026-02-04T00:38:00Z,2026-02-02T21:50:00Z,0
APP-00569,debt_to_income,0.357,2026-02-04T00:38:00Z,2026-02-03T09:05:00Z,0
APP-00569,income,85924.0,2026-02-04T00:38:00Z,2026-01-10T13:05:00Z,0
APP-00569,months_employed,228.0,2026-02-04T00:38:00Z,2026-01-24T17:11:00Z,0
APP-00569,prior_delinquencies,1.0,2026-02-04T00:38:00Z,2026-02-01T23:07:00Z,0
APP-00570,credit_utilization,0.635,2026-02-04T02:49:00Z,2026-02-03T10:17:00Z,0
APP-00570,debt_to_income,0.606,2026-02-04T02:49:00Z,2026-02-03T20:01:00Z,0
APP-00570,income,43348.0,2026-02-04T02:49:00Z,2026-01-22T22:56:00Z,0
APP-00570,months_employed,160.0,2026-02-04T02:49:00Z,2026-01-26T17:42:00Z,0
APP-00570,prior_delinquencies,0.0,2026-02-04T02:49:00Z,2026-02-03T06:58:00Z,0
APP-00571,credit_utilization,0.0,2026-02-04T03:33:00Z,2026-02-03T13:45:00Z,0
APP-00571,debt_to_income,0.27,2026-02-04T03:33:00Z,2026-02-02T04:51:00Z,0
APP-00571,income,95615.0,2026-02-04T03:33:00Z,2026-01-05T21:08:00Z,0
APP-00571,months_employed,17.0,2026-02-04T03:33:00Z,2026-01-28T16:57:00Z,0
APP-00571,prior_delinquencies,1.0,2026-02-04T03:33:00Z,2026-02-02T23:07:00Z,0
APP-00572,credit_utilization,0.491,2026-02-04T03:39:00Z,2026-02-02T12:48:00Z,0
APP-00572,debt_to_income,0.294,2026-02-04T03:39:00Z,2026-02-01T23:52:00Z,0
APP-00572,income,45293.0,2026-02-04T03:39:00Z,2026-01-28T18:48:00Z,0
APP-00572,months_employed,115.0,2026-02-04T03:39:00Z,2026-01-26T13:30:00Z,0
APP-00572,prior_delinquencies,1.0,2026-02-04T03:39:00Z,2026-02-01T00:51:00Z,0
APP-00573,credit_utilization,0.299,2026-02-04T04:21:00Z,2026-02-02T11:03:00Z,0
APP-00573,debt_to_income,0.27,2026-02-04T04:21:00Z,2026-02-01T17:11:00Z,0
APP-00573,income,76269.0,2026-02-04T04:21:00Z,2026-02-03T00:44:00Z,0
APP-00573,months_employed,145.0,2026-02-04T04:21:00Z,2026-01-29T10:16:00Z,0
APP-00573,prior_delinquencies,3.0,2026-02-04T04:21:00Z,2026-02-01T11:50:00Z,0
APP-00574,credit_utilization,0.351,2026-02-04T04:29:00Z,2026-02-03T19:56:00Z,0
APP-00574,debt_to_income,0.283,2026-02-04T04:29:00Z,2026-02-02T23:33:00Z,0
APP-00574,income,33596.0,2026-02-04T04:29:00Z,2026-01-23T20:02:00Z,0
APP-00574,months_employed,17.0,2026-02-04T04:29:00Z,2026-01-25T06:13:00Z,0
APP-00574,prior_delinquencies,0.0,2026-02-04T04:29:00Z,2026-02-02T09:13:00Z,0
APP-00575,credit_utilization,0.558,2026-02-04T05:17:00Z,2026-02-03T02:54:00Z,0
APP-00575,debt_to_income,0.343,2026-02-04T05:17:00Z,2026-02-01T18:53:00Z,0
APP-00575,income,76123.0,2026-02-04T05:17:00Z,2026-01-22T14:40:00Z,0
APP-00575,months_employed,175.0,2026-02-04T05:17:00Z,2026-01-26T06:31:00Z,0
APP-00575,prior_delinquencies,0.0,2026-02-04T05:17:00Z,2026-02-03T20:05:00Z,0
APP-00576,credit_utilization,0.436,2026-02-04T05:19:00Z,2026-02-02T12:48:00Z,0
APP-00576,debt_to_income,0.378,2026-02-04T05:19:00Z,2026-02-04T02:16:00Z,0
APP-00576,income,88271.0,2026-02-04T05:19:00Z,2026-01-11T18:25:00Z,0
APP-00576,months_employed,76.0,2026-02-04T05:19:00Z,2026-01-24T12:35:00Z,0
APP-00576,prior_delinquencies,1.0,2026-02-04T05:19:00Z,2026-02-03T09:34:00Z,0
APP-00577,credit_utilization,0.368,2026-02-04T07:14:00Z,2026-02-03T02:03:00Z,0
APP-00577,debt_to_income,0.401,2026-02-04T07:14:00Z,2026-02-02T21:13:00Z,0
APP-00577,income,94772.0,2026-02-04T07:14:00Z,2026-01-18T22:30:00Z,0
APP-00577,months_employed,91.0,2026-02-04T07:14:00Z,2026-02-01T07:44:00Z,0
APP-00577,prior_delinquencies,1.0,2026-02-04T07:14:00Z,2026-02-02T19:20:00Z,0
APP-00578,credit_utilization,0.086,2026-02-04T07:33:00Z,2026-02-03T09:37:00Z,0
APP-00578,debt_to_income,0.279,2026-02-04T07:33:00Z,2026-02-01T17:47:00Z,0
APP-00578,income,56275.0,2026-02-04T07:33:00Z,2026-01-16T18:48:00Z,0
APP-00578,months_employed,86.0,2026-02-04T07:33:00Z,2026-01-30T19:39:00Z,0
APP-00578,prior_delinquencies,0.0,2026-02-04T07:33:00Z,2026-02-02T00:01:00Z,0
APP-00579,credit_utilization,0.238,2026-02-04T08:39:00Z,2026-02-02T17:15:00Z,0
APP-00579,debt_to_income,0.447,2026-02-04T08:39:00Z,2026-02-03T00:59:00Z,0
APP-00579,income,37627.0,2026-02-04T08:39:00Z,2026-01-18T13:46:00Z,0
APP-00579,months_employed,7.0,2026-02-04T08:39:00Z,2026-01-25T14:47:00Z,0
APP-00579,prior_delinquencies,0.0,2026-02-04T08:39:00Z,2026-02-02T09:26:00Z,0
APP-00580,credit_utilization,0.376,2026-02-04T10:27:00Z,2026-02-04T07:23:00Z,0
APP-00580,debt_to_income,0.375,2026-02-04T10:27:00Z,2026-02-04T00:20:00Z,0
APP-00580,income,39163.0,2026-02-04T10:27:00Z,2026-01-07T19:38:00Z,0
APP-00580,months_employed,64.0,2026-02-04T10:27:00Z,2026-02-02T20:52:00Z,0
APP-00580,prior_delinquencies,2.0,2026-02-04T10:27:00Z,2026-02-04T04:45:00Z,0
APP-00581,credit_utilization,0.232,2026-02-04T12:47:00Z,2026-02-03T03:35:00Z,0
APP-00581,debt_to_income,0.054,2026-02-04T12:47:00Z,2026-02-03T16:59:00Z,0
APP-00581,income,50186.0,2026-02-04T12:47:00Z,2026-01-07T21:35:00Z,0
APP-00581,months_employed,177.0,2026-02-04T12:47:00Z,2026-01-23T16:54:00Z,0
APP-00581,prior_delinquencies,0.0,2026-02-04T12:47:00Z,2026-02-02T18:17:00Z,0
APP-00582,credit_utilization,0.58,2026-02-04T14:15:00Z,2026-02-03T11:42:00Z,0
APP-00582,debt_to_income,0.436,2026-02-04T14:15:00Z,2026-02-01T19:30:00Z,0
APP-00582,income,75819.0,2026-02-04T14:15:00Z,2026-01-07T05:34:00Z,0
APP-00582,months_employed,150.0,2026-02-04T14:15:00Z,2026-01-25T10:20:00Z,0
APP-00582,prior_delinquencies,0.0,2026-02-04T14:15:00Z,2026-02-02T14:55:00Z,0
APP-00583,credit_utilization,0.176,2026-02-04T14:18:00Z,2026-02-03T14:13:00Z,0
APP-00583,debt_to_income,0.142,2026-02-04T14:18:00Z,2026-02-03T11:54:00Z,0
APP-00583,income,55977.0,2026-02-04T14:18:00Z,2026-01-25T22:05:00Z,0
APP-00583,months_employed,48.0,2026-02-04T14:18:00Z,2026-02-02T18:39:00Z,0
APP-00583,prior_delinquencies,0.0,2026-02-04T14:18:00Z,2026-02-03T08:26:00Z,0
APP-00584,credit_utilization,0.287,2026-02-04T16:11:00Z,2026-02-03T07:26:00Z,0
APP-00584,debt_to_income,0.397,2026-02-04T16:11:00Z,2026-02-02T08:24:00Z,0
APP-00584,income,46885.0,2026-02-04T16:11:00Z,2026-01-19T01:49:00Z,0
APP-00584,months_employed,67.0,2026-02-04T16:11:00Z,2026-02-02T07:51:00Z,0
APP-00584,prior_delinquencies,0.0,2026-02-04T16:11:00Z,2026-02-02T23:33:00Z,0
APP-00585,credit_utilization,0.393,2026-02-04T18:14:00Z,2026-02-04T00:34:00Z,0
APP-00585,debt_to_income,0.581,2026-02-04T18:14:00Z,2026-02-02T21:38:00Z,0
APP-00585,income,53849.0,2026-02-04T18:14:00Z,2026-01-11T10:53:00Z,0
APP-00585,months_employed,30.0,2026-02-04T18:14:00Z,2026-01-30T16:37:00Z,0
APP-00585,prior_delinquencies,0.0,2026-02-04T18:14:00Z,2026-02-03T14:57:00Z,0
APP-00586,credit_utilization,0.196,2026-02-04T18:50:00Z,2026-02-03T15:13:00Z,0
APP-00586,debt_to_income,0.406,2026-02-04T18:50:00Z,2026-02-03T00:09:00Z,0
APP-00586,income,32196.0,2026-02-04T18:50:00Z,2026-01-18T12:07:00Z,0
APP-00586,months_employed,24.0,2026-02-04T18:50:00Z,2026-01-28T01:39:00Z,0
APP-00586,prior_delinquencies,1.0,2026-02-04T18:50:00Z,2026-02-03T22:52:00Z,0
APP-00587,credit_utilization,0.528,2026-02-04T18:52:00Z,2026-02-03T08:02:00Z,0
APP-00587,debt_to_income,0.446,2026-02-04T18:52:00Z,2026-02-02T17:33:00Z,0
APP-00587,income,23031.0,2026-02-04T18:52:00Z,2026-01-12T13:46:00Z,0
APP-00587,months_employed,202.0,2026-02-04T18:52:00Z,2026-01-25T20:17:00Z,0
APP-00587,prior_delinquencies,1.0,2026-02-04T18:52:00Z,2026-02-01T17:00:00Z,0
APP-00588,credit_utilization,0.277,2026-02-04T20:07:00Z,2026-02-03T07:40:00Z,0
APP-00588,debt_to_income,0.243,2026-02-04T20:07:00Z,2026-02-03T06:04:00Z,0
APP-00588,income,68879.0,2026-02-04T20:07:00Z,2026-01-12T11:44:00Z,0
APP-00588,months_employed,174.0,2026-02-04T20:07:00Z,2026-01-23T16:18:00Z,0
APP-00588,prior_delinquencies,0.0,2026-02-04T20:07:00Z,2026-02-01T06:33:00Z,0
APP-00589,credit_utilization,0.26,2026-02-04T20:57:00Z,2026-02-03T15:36:00Z,0
APP-00589,debt_to_income,0.442,2026-02-04T20:57:00Z,2026-02-04T06:34:00Z,0
APP-00589,income,46683.0,2026-02-04T20:57:00Z,2026-02-01T01:02:00Z,0
APP-00589,months_employed,173.0,2026-02-04T20:57:00Z,2026-01-28T05:21:00Z,0
APP-00589,prior_delinquencies,0.0,2026-02-04T20:57:00Z,2026-02-04T14:36:00Z,0
APP-00590,credit_utilization,0.242,2026-02-04T22:04:00Z,2026-02-04T13:36:00Z,0
APP-00590,debt_to_income,0.121,2026-02-04T22:04:00Z,2026-02-02T13:04:00Z,0
APP-00590,income,37639.0,2026-02-04T22:04:00Z,2026-01-26T20:03:00Z,0
APP-00590,months_employed,57.0,2026-02-04T22:04:00Z,2026-01-27T05:54:00Z,0
APP-00590,prior_delinquencies,0.0,2026-02-04T22:04:00Z,2026-02-01T11:12:00Z,0
APP-00591,credit_utilization,0.446,2026-02-04T22:59:00Z,2026-02-03T20:32:00Z,0
APP-00591,debt_to_income,0.482,2026-02-04T22:59:00Z,2026-02-01T23:40:00Z,0
APP-00591,income,72068.0,2026-02-04T22:59:00Z,2026-02-02T00:43:00Z,0
APP-00591,months_employed,24.0,2026-02-04T22:59:00Z,2026-02-02T04:08:00Z,0
APP-00591,prior_delinquencies,1.0,2026-02-04T22:59:00Z,2026-02-03T08:01:00Z,0
APP-00592,credit_utilization,0.363,2026-02-05T04:15:00Z,2026-02-03T21:15:00Z,0
APP-00592,debt_to_income,0.443,2026-02-05T04:15:00Z,2026-02-03T10:22:00Z,0
APP-00592,income,55486.0,2026-02-05T04:15:00Z,2026-02-03T20:11:00Z,0
APP-00592,months_employed,89.0,2026-02-05T04:15:00Z,2026-02-01T12:56:00Z,0
APP-00592,prior_delinquencies,0.0,2026-02-05T04:15:00Z,2026-02-05T01:22:00Z,0
APP-00593,credit_utilization,0.294,2026-02-05T09:21:00Z,2026-02-04T18:02:00Z,0
APP-00593,debt_to_income,0.223,2026-02-05T09:21:00Z,2026-02-04T18:43:00Z,0
APP-00593,income,37796.0,2026-02-05T09:21:00Z,2026-02-03T17:26:00Z,0
APP-00593,months_employed,44.0,2026-02-05T09:21:00Z,2026-01-27T21:59:00Z,0
APP-00593,prior_delinquencies,0.0,2026-02-05T09:21:00Z,2026-02-03T05:14:00Z,0
APP-00594,credit_utilization,0.367,2026-02-05T10:02:00Z,2026-02-05T06:33:00Z,0
APP-00594,debt_to_income,0.303,2026-02-05T10:02:00Z,2026-02-02T18:11:00Z,0
APP-00594,income,50548.0,2026-02-05T10:02:00Z,2026-01-14T03:25:00Z,0
APP-00594,months_employed,91.0,2026-02-05T10:02:00Z,2026-01-25T12:50:00Z,0
APP-00594,prior_delinquencies,2.0,2026-02-05T10:02:00Z,2026-02-04T23:45:00Z,0
APP-00595,credit_utilization,0.433,2026-02-05T12:11:00Z,2026-02-05T05:51:00Z,0
APP-00595,debt_to_income,0.483,2026-02-05T12:11:00Z,2026-02-04T01:13:00Z,0
APP-00595,income,49700.0,2026-02-05T12:11:00Z,2026-01-08T13:26:00Z,0
APP-00595,months_employed,88.0,2026-02-05T12:11:00Z,2026-02-03T00:49:00Z,0
APP-00595,prior_delinquencies,1.0,2026-02-05T12:11:00Z,2026-02-03T07:14:00Z,0
APP-00596,credit_utilization,0.431,2026-02-05T13:21:00Z,2026-02-03T17:22:00Z,0
APP-00596,debt_to_income,0.341,2026-02-05T13:21:00Z,2026-02-05T12:09:00Z,0
APP-00596,income,41459.0,2026-02-05T13:21:00Z,2026-01-18T01:54:00Z,0
APP-00596,months_employed,167.0,2026-02-05T13:21:00Z,2026-01-27T07:00:00Z,0
APP-00596,prior_delinquencies,0.0,2026-02-05T13:21:00Z,2026-02-04T15:42:00Z,0
APP-00597,credit_utilization,0.519,2026-02-05T13:35:00Z,2026-02-04T02:26:00Z,1
APP-00597,debt_to_income,0.485,2026-02-05T13:35:00Z,2026-02-02T22:32:00Z,1
APP-00597,income,66189.0,2026-02-05T13:35:00Z,2026-01-31T18:03:00Z,1
APP-00597,months_employed,176.0,2026-02-05T13:35:00Z,2026-01-29T14:55:00Z,1
APP-00597,prior_delinquencies,0.0,2026-02-05T13:35:00Z,2026-02-04T21:01:00Z,1
APP-00598,credit_utilization,0.281,2026-02-05T14:40:00Z,2026-02-04T03:01:00Z,0
APP-00598,debt_to_income,0.265,2026-02-05T14:40:00Z,2026-02-04T01:28:00Z,0
APP-00598,income,114172.0,2026-02-05T14:40:00Z,2026-01-21T05:58:00Z,0
APP-00598,months_employed,137.0,2026-02-05T14:40:00Z,2026-01-31T17:26:00Z,0
APP-00598,prior_delinquencies,0.0,2026-02-05T14:40:00Z,2026-02-02T00:05:00Z,0
APP-00599,credit_utilization,0.34,2026-02-05T14:50:00Z,2026-02-03T23:14:00Z,0
APP-00599,debt_to_income,0.295,2026-02-05T14:50:00Z,2026-02-05T06:55:00Z,0
APP-00599,income,29100.0,2026-02-05T14:50:00Z,2026-02-01T13:39:00Z,0
APP-00599,months_employed,57.0,2026-02-05T14:50:00Z,2026-01-26T23:28:00Z,0
APP-00599,prior_delinquencies,2.0,2026-02-05T14:50:00Z,2026-02-03T04:41:00Z,0
APP-00600,credit_utilization,0.065,2026-02-05T15:56:00Z,2026-02-03T21:58:00Z,0
APP-00600,debt_to_income,0.342,2026-02-05T15:56:00Z,2026-02-05T14:32:00Z,0
APP-00600,income,30576.0,2026-02-05T15:56:00Z,2026-02-03T22:24:00Z,0
APP-00600,months_employed,143.0,2026-02-05T15:56:00Z,2026-01-30T16:59:00Z,0
APP-00600,prior_delinquencies,1.0,2026-02-05T15:56:00Z,2026-02-03T12:52:00Z,0
APP-00601,credit_utilization,0.429,2026-02-05T16:05:00Z,2026-02-05T05:27:00Z,0
APP-00601,debt_to_income,0.381,2026-02-05T16:05:00Z,2026-02-05T09:29:00Z,0
APP-00601,income,42355.0,2026-02-05T16:05:00Z,2026-01-07T01:27:00Z,0
APP-00601,months_employed,39.0,2026-02-05T16:05:00Z,2026-01-23T07:20:00Z,0
APP-00601,prior_delinquencies,1.0,2026-02-05T16:05:00Z,2026-02-03T07:50:00Z,0
APP-00602,credit_utilization,0.229,2026-02-05T20:18:00Z,2026-02-04T20:48:00Z,0
APP-00602,debt_to_income,0.124,2026-02-05T20:18:00Z,2026-02-03T07:42:00Z,0
APP-00602,income,50651.0,2026-02-05T20:18:00Z,2026-01-11T16:11:00Z,0
APP-00602,months_employed,26.0,2026-02-05T20:18:00Z,2026-01-25T00:45:00Z,0
APP-00602,prior_delinquencies,2.0,2026-02-05T20:18:00Z,2026-02-04T20:14:00Z,0
APP-00603,credit_utilization,0.506,2026-02-05T21:51:00Z,2026-02-03T23:25:00Z,0
APP-00603,debt_to_income,0.327,2026-02-05T21:51:00Z,2026-02-02T22:08:00Z,0
APP-00603,income,118479.0,2026-02-05T21:51:00Z,2026-01-20T16:22:00Z,0
APP-00603,months_employed,34.0,2026-02-05T21:51:00Z,2026-01-28T17:29:00Z,0
APP-00603,prior_delinquencies,0.0,2026-02-05T21:51:00Z,2026-02-03T23:14:00Z,0
APP-00604,credit_utilization,0.299,2026-02-05T23:50:00Z,2026-02-05T05:47:00Z,0
APP-00604,debt_to_income,0.364,2026-02-05T23:50:00Z,2026-02-04T01:53:00Z,0
APP-00604,income,48338.0,2026-02-05T23:50:00Z,2026-01-18T09:54:00Z,0
APP-00604,months_employed,167.0,2026-02-05T23:50:00Z,2026-02-04T05:00:00Z,0
APP-00604,prior_delinquencies,1.0,2026-02-05T23:50:00Z,2026-02-02T16:44:00Z,0
APP-00605,credit_utilization,0.674,2026-02-05T23:52:00Z,2026-02-05T16:34:00Z,0
APP-00605,debt_to_income,0.395,2026-02-05T23:52:00Z,2026-02-03T16:39:00Z,0
APP-00605,income,23718.0,2026-02-05T23:52:00Z,2026-01-10T06:45:00Z,0
APP-00605,months_employed,67.0,2026-02-05T23:52:00Z,2026-02-04T19:50:00Z,0
APP-00605,prior_delinquencies,1.0,2026-02-05T23:52:00Z,2026-02-04T08:27:00Z,0
APP-00606,credit_utilization,0.446,2026-02-06T02:34:00Z,2026-02-04T23:33:00Z,0
APP-00606,debt_to_income,0.244,2026-02-06T02:34:00Z,2026-02-03T10:15:00Z,0
APP-00606,income,36182.0,2026-02-06T02:34:00Z,2026-01-07T09:11:00Z,0
APP-00606,months_employed,135.0,2026-02-06T02:34:00Z,2026-02-01T07:44:00Z,0
APP-00606,prior_delinquencies,0.0,2026-02-06T02:34:00Z,2026-02-02T03:25:00Z,0
APP-00607,credit_utilization,0.466,2026-02-06T07:05:00Z,2026-02-05T07:47:00Z,0
APP-00607,debt_to_income,0.398,2026-02-06T07:05:00Z,2026-02-04T09:52:00Z,0
APP-00607,income,100589.0,2026-02-06T07:05:00Z,2026-01-08T02:47:00Z,0
APP-00607,months_employed,187.0,2026-02-06T07:05:00Z,2026-02-01T06:27:00Z,0
APP-00607,prior_delinquencies,0.0,2026-02-06T07:05:00Z,2026-02-05T11:16:00Z,0
APP-00608,credit_utilization,0.605,2026-02-06T07:37:00Z,2026-02-06T03:16:00Z,0
APP-00608,debt_to_income,0.552,2026-02-06T07:37:00Z,2026-02-05T01:03:00Z,0
APP-00608,income,23068.0,2026-02-06T07:37:00Z,2026-01-25T08:39:00Z,0
APP-00608,months_employed,0.0,2026-02-06T07:37:00Z,2026-01-31T19:36:00Z,0
APP-00608,prior_delinquencies,0.0,2026-02-06T07:37:00Z,2026-02-05T19:21:00Z,0
APP-00609,credit_utilization,0.31,2026-02-06T08:18:00Z,2026-02-04T22:50:00Z,1
APP-00609,debt_to_income,0.405,2026-02-06T08:18:00Z,2026-02-05T01:09:00Z,1
APP-00609,income,86305.0,2026-02-06T08:18:00Z,2026-01-11T23:57:00Z,1
APP-00609,months_employed,89.0,2026-02-06T08:18:00Z,2026-01-30T07:00:00Z,1
APP-00609,prior_delinquencies,0.0,2026-02-06T08:18:00Z,2026-02-04T04:34:00Z,1
APP-00610,credit_utilization,0.489,2026-02-06T08:48:00Z,2026-02-06T06:10:00Z,1
APP-00610,debt_to_income,0.556,2026-02-06T08:48:00Z,2026-02-03T20:46:00Z,1
APP-00610,income,37013.0,2026-02-06T08:48:00Z,2026-01-15T14:46:00Z,1
APP-00610,months_employed,214.0,2026-02-06T08:48:00Z,2026-02-05T06:56:00Z,1
APP-00610,prior_delinquencies,1.0,2026-02-06T08:48:00Z,2026-02-02T18:58:00Z,1
APP-00611,credit_utilization,0.171,2026-02-06T12:50:00Z,2026-02-04T17:30:00Z,0
APP-00611,debt_to_income,0.483,2026-02-06T12:50:00Z,2026-02-03T19:53:00Z,0
APP-00611,income,69161.0,2026-02-06T12:50:00Z,2026-01-10T10:54:00Z,0
APP-00611,months_employed,108.0,2026-02-06T12:50:00Z,2026-01-29T19:35:00Z,0
APP-00611,prior_delinquencies,1.0,2026-02-06T12:50:00Z,2026-02-06T01:15:00Z,0
APP-00612,credit_utilization,0.478,2026-02-06T15:19:00Z,2026-02-05T12:39:00Z,0
APP-00612,debt_to_income,0.281,2026-02-06T15:19:00Z,2026-02-04T17:52:00Z,0
APP-00612,income,36196.0,2026-02-06T15:19:00Z,2026-01-11T01:57:00Z,0
APP-00612,months_employed,114.0,2026-02-06T15:19:00Z,2026-01-29T02:02:00Z,0
APP-00612,prior_delinquencies,1.0,2026-02-06T15:19:00Z,2026-02-04T00:45:00Z,0
APP-00613,credit_utilization,0.854,2026-02-06T16:29:00Z,2026-02-06T14:42:00Z,1
APP-00613,debt_to_income,0.489,2026-02-06T16:29:00Z,2026-02-04T02:20:00Z,1
APP-00613,income,33040.0,2026-02-06T16:29:00Z,2026-01-31T13:51:00Z,1
APP-00613,months_employed,106.0,2026-02-06T16:29:00Z,2026-02-04T04:48:00Z,1
APP-00613,prior_delinquencies,0.0,2026-02-06T16:29:00Z,2026-02-02T23:40:00Z,1
APP-00614,credit_utilization,0.279,2026-02-06T17:50:00Z,2026-02-05T23:55:00Z,0
APP-00614,debt_to_income,0.39,2026-02-06T17:50:00Z,2026-02-03T23:39:00Z,0
APP-00614,income,184776.0,2026-02-06T17:50:00Z,2026-01-08T10:48:00Z,0
APP-00614,months_employed,39.0,2026-02-06T17:50:00Z,2026-01-27T01:35:00Z,0
APP-00614,prior_delinquencies,0.0,2026-02-06T17:50:00Z,2026-02-03T00:51:00Z,0
APP-00615,credit_utilization,0.342,2026-02-06T18:06:00Z,2026-02-05T15:23:00Z,0
APP-00615,debt_to_income,0.393,2026-02-06T18:06:00Z,2026-02-03T23:20:00Z,0
APP-00615,income,26897.0,2026-02-06T18:06:00Z,2026-01-26T04:25:00Z,0
APP-00615,months_employed,227.0,2026-02-06T18:06:00Z,2026-01-30T01:43:00Z,0
APP-00615,prior_delinquencies,0.0,2026-02-06T18:06:00Z,2026-02-05T19:51:00Z,0
APP-00616,credit_utilization,0.427,2026-02-06T19:07:00Z,2026-02-05T01:15:00Z,0
APP-00616,debt_to_income,0.267,2026-02-06T19:07:00Z,2026-02-06T12:52:00Z,0
APP-00616,income,50719.0,2026-02-06T19:07:00Z,2026-01-15T02:30:00Z,0
APP-00616,months_employed,65.0,2026-02-06T19:07:00Z,2026-01-26T23:23:00Z,0
APP-00616,prior_delinquencies,0.0,2026-02-06T19:07:00Z,2026-02-04T02:56:00Z,0
APP-00617,credit_utilization,0.289,2026-02-06T19:30:00Z,2026-02-06T13:17:00Z,0
APP-00617,debt_to_income,0.158,2026-02-06T19:30:00Z,2026-02-05T08:41:00Z,0
APP-00617,income,36234.0,2026-02-06T19:30:00Z,2026-01-26T12:40:00Z,0
APP-00617,months_employed,65.0,2026-02-06T19:30:00Z,2026-01-24T01:52:00Z,0
APP-00617,prior_delinquencies,0.0,2026-02-06T19:30:00Z,2026-02-06T05:04:00Z,0
APP-00618,credit_utilization,0.421,2026-02-06T19:46:00Z,2026-02-05T07:10:00Z,1
APP-00618,debt_to_income,0.517,2026-02-06T19:46:00Z,2026-02-06T07:06:00Z,1
APP-00618,income,46862.0,2026-02-06T19:46:00Z,2026-01-19T18:05:00Z,1
APP-00618,months_employed,171.0,2026-02-06T19:46:00Z,2026-01-30T10:58:00Z,1
APP-00618,prior_delinquencies,1.0,2026-02-06T19:46:00Z,2026-02-03T15:24:00Z,1
APP-00619,credit_utilization,0.227,2026-02-06T19:51:00Z,2026-02-05T17:09:00Z,0
APP-00619,debt_to_income,0.431,2026-02-06T19:51:00Z,2026-02-04T04:44:00Z,0
APP-00619,income,35060.0,2026-02-06T19:51:00Z,2026-01-15T14:15:00Z,0
APP-00619,months_employed,210.0,2026-02-06T19:51:00Z,2026-01-29T04:46:00Z,0
APP-00619,prior_delinquencies,2.0,2026-02-06T19:51:00Z,2026-02-04T05:59:00Z,0
APP-00620,credit_utilization,0.263,2026-02-06T20:07:00Z,2026-02-06T04:03:00Z,0
APP-00620,debt_to_income,0.218,2026-02-06T20:07:00Z,2026-02-05T07:49:00Z,0
APP-00620,income,54506.0,2026-02-06T20:07:00Z,2026-01-12T07:05:00Z,0
APP-00620,months_employed,167.0,2026-02-06T20:07:00Z,2026-02-01T04:00:00Z,0
APP-00620,prior_delinquencies,0.0,2026-02-06T20:07:00Z,2026-02-04T03:43:00Z,0
APP-00621,credit_utilization,0.461,2026-02-06T20:34:00Z,2026-02-06T17:51:00Z,0
APP-00621,debt_to_income,0.225,2026-02-06T20:34:00Z,2026-02-04T17:28:00Z,0
APP-00621,income,57882.0,2026-02-06T20:34:00Z,2026-01-25T09:53:00Z,0
APP-00621,months_employed,43.0,2026-02-06T20:34:00Z,2026-01-26T23:14:00Z,0
APP-00621,prior_delinquencies,0.0,2026-02-06T20:34:00Z,2026-02-05T06:28:00Z,0
APP-00622,credit_utilization,0.651,2026-02-06T21:18:00Z,2026-02-05T13:16:00Z,0
APP-00622,debt_to_income,0.287,2026-02-06T21:18:00Z,2026-02-04T01:41:00Z,0
APP-00622,income,41534.0,2026-02-06T21:18:00Z,2026-01-14T17:47:00Z,0
APP-00622,months_employed,157.0,2026-02-06T21:18:00Z,2026-02-05T13:45:00Z,0
APP-00622,prior_delinquencies,0.0,2026-02-06T21:18:00Z,2026-02-05T03:52:00Z,0
APP-00623,credit_utilization,0.352,2026-02-07T00:26:00Z,2026-02-06T13:28:00Z,0
APP-00623,debt_to_income,0.377,2026-02-07T00:26:00Z,2026-02-06T18:44:00Z,0
APP-00623,income,46559.0,2026-02-07T00:26:00Z,2026-01-14T22:35:00Z,0
APP-00623,months_employed,106.0,2026-02-07T00:26:00Z,2026-01-26T05:08:00Z,0
APP-00623,prior_delinquencies,1.0,2026-02-07T00:26:00Z,2026-02-04T13:08:00Z,0
APP-00624,credit_utilization,0.643,2026-02-07T00:58:00Z,2026-02-06T19:14:00Z,0
APP-00624,debt_to_income,0.502,2026-02-07T00:58:00Z,2026-02-05T18:19:00Z,0
APP-00624,income,20931.0,2026-02-07T00:58:00Z,2026-01-21T14:10:00Z,0
APP-00624,months_employed,224.0,2026-02-07T00:58:00Z,2026-02-04T10:54:00Z,0
APP-00624,prior_delinquencies,0.0,2026-02-07T00:58:00Z,2026-02-04T21:55:00Z,0
APP-00625,credit_utilization,0.17,2026-02-07T01:46:00Z,2026-02-06T17:49:00Z,0
APP-00625,debt_to_income,0.323,2026-02-07T01:46:00Z,2026-02-06T00:39:00Z,0
APP-00625,income,20554.0,2026-02-07T01:46:00Z,2026-01-27T05:24:00Z,0
APP-00625,months_employed,64.0,2026-02-07T01:46:00Z,2026-02-02T15:56:00Z,0
APP-00625,prior_delinquencies,0.0,2026-02-07T01:46:00Z,2026-02-06T09:06:00Z,0
APP-00626,credit_utilization,0.467,2026-02-07T04:39:00Z,2026-02-05T17:19:00Z,0
APP-00626,debt_to_income,0.196,2026-02-07T04:39:00Z,2026-02-04T19:46:00Z,0
APP-00626,income,29097.0,2026-02-07T04:39:00Z,2026-01-29T20:56:00Z,0
APP-00626,months_employed,165.0,2026-02-07T04:39:00Z,2026-01-31T00:02:00Z,0
APP-00626,prior_delinquencies,0.0,2026-02-07T04:39:00Z,2026-02-05T17:18:00Z,0
APP-00627,credit_utilization,0.249,2026-02-07T06:47:00Z,2026-02-07T03:37:00Z,1
APP-00627,debt_to_income,0.127,2026-02-07T06:47:00Z,2026-02-05T04:57:00Z,1
APP-00627,income,38810.0,2026-02-07T06:47:00Z,2026-01-27T22:11:00Z,1
APP-00627,months_employed,164.0,2026-02-07T06:47:00Z,2026-01-27T06:38:00Z,1
APP-00627,prior_delinquencies,1.0,2026-02-07T06:47:00Z,2026-02-05T15:56:00Z,1
APP-00628,credit_utilization,0.439,2026-02-07T08:29:00Z,2026-02-07T03:59:00Z,1
APP-00628,debt_to_income,0.457,2026-02-07T08:29:00Z,2026-02-06T22:57:00Z,1
APP-00628,income,54179.0,2026-02-07T08:29:00Z,2026-01-28T19:49:00Z,1
APP-00628,months_employed,211.0,2026-02-07T08:29:00Z,2026-02-02T19:21:00Z,1
APP-00628,prior_delinquencies,2.0,2026-02-07T08:29:00Z,2026-02-06T00:38:00Z,1
APP-00629,credit_utilization,0.503,2026-02-07T09:44:00Z,2026-02-07T00:13:00Z,0
APP-00629,debt_to_income,0.414,2026-02-07T09:44:00Z,2026-02-06T09:53:00Z,0
APP-00629,income,48581.0,2026-02-07T09:44:00Z,2026-02-01T16:51:00Z,0
APP-00629,months_employed,127.0,2026-02-07T09:44:00Z,2026-02-03T17:20:00Z,0
APP-00629,prior_delinquencies,0.0,2026-02-07T09:44:00Z,2026-02-04T00:53:00Z,0
APP-00630,credit_utilization,0.14,2026-02-07T10:15:00Z,2026-02-07T05:36:00Z,0
APP-00630,debt_to_income,0.34,2026-02-07T10:15:00Z,2026-02-06T12:04:00Z,0
APP-00630,income,45045.0,2026-02-07T10:15:00Z,2026-01-31T23:16:00Z,0
APP-00630,months_employed,99.0,2026-02-07T10:15:00Z,2026-01-27T22:31:00Z,0
APP-00630,prior_delinquencies,0.0,2026-02-07T10:15:00Z,2026-02-04T20:51:00Z,0
APP-00631,credit_utilization,0.578,2026-02-07T11:13:00Z,2026-02-06T19:08:00Z,1
APP-00631,debt_to_income,0.381,2026-02-07T11:13:00Z,2026-02-05T01:30:00Z,1
APP-00631,income,81056.0,2026-02-07T11:13:00Z,2026-01-09T11:20:00Z,1
APP-00631,months_employed,33.0,2026-02-07T11:13:00Z,2026-01-31T18:46:00Z,1
APP-00631,prior_delinquencies,0.0,2026-02-07T11:13:00Z,2026-02-04T19:04:00Z,1
APP-00632,credit_utilization,0.58,2026-02-07T11:42:00Z,2026-02-05T22:03:00Z,0
APP-00632,debt_to_income,0.37,2026-02-07T11:42:00Z,2026-02-06T04:46:00Z,0
APP-00632,income,46778.0,2026-02-07T11:42:00Z,2026-01-08T23:30:00Z,0
APP-00632,months_employed,0.0,2026-02-07T11:42:00Z,2026-02-05T11:25:00Z,0
APP-00632,prior_delinquencies,2.0,2026-02-07T11:42:00Z,2026-02-05T05:57:00Z,0
APP-00633,credit_utilization,0.271,2026-02-07T14:09:00Z,2026-02-05T23:59:00Z,0
APP-00633,debt_to_income,0.294,2026-02-07T14:09:00Z,2026-02-05T00:43:00Z,0
APP-00633,income,85603.0,2026-02-07T14:09:00Z,2026-01-16T01:19:00Z,0
APP-00633,months_employed,158.0,2026-02-07T14:09:00Z,2026-01-26T17:01:00Z,0
APP-00633,prior_delinquencies,0.0,2026-02-07T14:09:00Z,2026-02-05T07:49:00Z,0
APP-00634,credit_utilization,0.525,2026-02-07T14:15:00Z,2026-02-07T07:44:00Z,1
APP-00634,debt_to_income,0.481,2026-02-07T14:15:00Z,2026-02-05T07:59:00Z,1
APP-00634,income,49374.0,2026-02-07T14:15:00Z,2026-01-18T05:15:00Z,1
APP-00634,months_employed,53.0,2026-02-07T14:15:00Z,2026-01-25T14:01:00Z,1
APP-00634,prior_delinquencies,0.0,2026-02-07T14:15:00Z,2026-02-04T01:15:00Z,1
APP-00635,credit_utilization,0.455,2026-02-07T14:56:00Z,2026-02-07T11:47:00Z,0
APP-00635,debt_to_income,0.269,2026-02-07T14:56:00Z,2026-02-05T15:56:00Z,0
APP-00635,income,52896.0,2026-02-07T14:56:00Z,2026-01-16T00:15:00Z,0
APP-00635,months_employed,167.0,2026-02-07T14:56:00Z,2026-01-30T14:59:00Z,0
APP-00635,prior_delinquencies,1.0,2026-02-07T14:56:00Z,2026-02-07T11:18:00Z,0
APP-00636,credit_utilization,0.376,2026-02-07T15:03:00Z,2026-02-07T12:23:00Z,0
APP-00636,debt_to_income,0.166,2026-02-07T15:03:00Z,2026-02-05T16:53:00Z,0
APP-00636,income,54728.0,2026-02-07T15:03:00Z,2026-01-10T15:23:00Z,0
APP-00636,months_employed,9.0,2026-02-07T15:03:00Z,2026-02-01T18:53:00Z,0
APP-00636,prior_delinquencies,0.0,2026-02-07T15:03:00Z,2026-02-07T06:16:00Z,0
APP-00637,credit_utilization,0.523,2026-02-07T15:24:00Z,2026-02-06T13:15:00Z,0
APP-00637,debt_to_income,0.532,2026-02-07T15:24:00Z,2026-02-05T08:24:00Z,0
APP-00637,income,49705.0,2026-02-07T15:24:00Z,2026-01-18T16:45:00Z,0
APP-00637,months_employed,2.0,2026-02-07T15:24:00Z,2026-01-26T23:43:00Z,0
APP-00637,prior_delinquencies,0.0,2026-02-07T15:24:00Z,2026-02-06T06:25:00Z,0
APP-00638,credit_utilization,0.684,2026-02-07T22:12:00Z,2026-02-06T03:17:00Z,0
APP-00638,debt_to_income,0.268,2026-02-07T22:12:00Z,2026-02-05T18:41:00Z,0
APP-00638,income,86049.0,2026-02-07T22:12:00Z,2026-01-09T12:57:00Z,0
APP-00638,months_employed,69.0,2026-02-07T22:12:00Z,2026-01-28T13:13:00Z,0
APP-00638,prior_delinquencies,2.0,2026-02-07T22:12:00Z,2026-02-05T00:39:00Z,0
APP-00639,credit_utilization,0.847,2026-02-08T03:41:00Z,2026-02-08T00:54:00Z,1
APP-00639,debt_to_income,0.424,2026-02-08T03:41:00Z,2026-02-07T12:14:00Z,1
APP-00639,income,54554.0,2026-02-08T03:41:00Z,2026-01-17T21:05:00Z,1
APP-00639,months_employed,137.0,2026-02-08T03:41:00Z,2026-02-01T09:02:00Z,1
APP-00639,prior_delinquencies,0.0,2026-02-08T03:41:00Z,2026-02-06T09:19:00Z,1
APP-00640,credit_utilization,0.394,2026-02-08T05:43:00Z,2026-02-07T01:08:00Z,0
APP-00640,debt_to_income,0.234,2026-02-08T05:43:00Z,2026-02-06T06:06:00Z,0
APP-00640,income,114617.0,2026-02-08T05:43:00Z,2026-02-01T08:30:00Z,0
APP-00640,months_employed,233.0,2026-02-08T05:43:00Z,2026-02-04T03:21:00Z,0
APP-00640,prior_delinquencies,1.0,2026-02-08T05:43:00Z,2026-02-04T16:41:00Z,0
APP-00641,credit_utilization,0.47,2026-02-08T09:58:00Z,2026-02-08T01:07:00Z,0
APP-00641,debt_to_income,0.452,2026-02-08T09:58:00Z,2026-02-07T09:20:00Z,0
APP-00641,income,47252.0,2026-02-08T09:58:00Z,2026-01-20T17:30:00Z,0
APP-00641,months_employed,150.0,2026-02-08T09:58:00Z,2026-01-31T13:09:00Z,0
APP-00641,prior_delinquencies,0.0,2026-02-08T09:58:00Z,2026-02-04T22:37:00Z,0
APP-00642,credit_utilization,0.0,2026-02-08T10:48:00Z,2026-02-08T07:13:00Z,0
APP-00642,debt_to_income,0.322,2026-02-08T10:48:00Z,2026-02-06T19:22:00Z,0
APP-00642,income,129558.0,2026-02-08T10:48:00Z,2026-01-22T09:54:00Z,0
APP-00642,months_employed,163.0,2026-02-08T10:48:00Z,2026-01-26T17:37:00Z,0
APP-00642,prior_delinquencies,0.0,2026-02-08T10:48:00Z,2026-02-06T07:24:00Z,0
APP-00643,credit_utilization,0.195,2026-02-08T10:58:00Z,2026-02-08T03:59:00Z,0
APP-00643,debt_to_income,0.44,2026-02-08T10:58:00Z,2026-02-07T19:51:00Z,0
APP-00643,income,71607.0,2026-02-08T10:58:00Z,2026-02-05T13:26:00Z,0
APP-00643,months_employed,76.0,2026-02-08T10:58:00Z,2026-02-02T13:59:00Z,0
APP-00643,prior_delinquencies,0.0,2026-02-08T10:58:00Z,2026-02-06T13:49:00Z,0
APP-00644,credit_utilization,0.603,2026-02-08T11:29:00Z,2026-02-06T14:28:00Z,0
APP-00644,debt_to_income,0.406,2026-02-08T11:29:00Z,2026-02-06T05:06:00Z,0
APP-00644,income,66055.0,2026-02-08T11:29:00Z,2026-02-05T13:25:00Z,0
APP-00644,months_employed,165.0,2026-02-08T11:29:00Z,2026-01-27T13:51:00Z,0
APP-00644,prior_delinquencies,1.0,2026-02-08T11:29:00Z,2026-02-06T00:43:00Z,0
APP-00645,credit_utilization,0.252,2026-02-08T13:13:00Z,2026-02-06T20:54:00Z,0
APP-00645,debt_to_income,0.329,2026-02-08T13:13:00Z,2026-02-07T12:41:00Z,0
APP-00645,income,47941.0,2026-02-08T13:13:00Z,2026-02-02T12:37:00Z,0
APP-00645,months_employed,178.0,2026-02-08T13:13:00Z,2026-01-30T23:13:00Z,0
APP-00645,prior_delinquencies,1.0,2026-02-08T13:13:00Z,2026-02-04T15:58:00Z,0
APP-00646,credit_utilization,0.149,2026-02-08T14:46:00Z,2026-02-08T10:51:00Z,0
APP-00646,debt_to_income,0.27,2026-02-08T14:46:00Z,2026-02-06T06:44:00Z,0
APP-00646,income,55849.0,2026-02-08T14:46:00Z,2026-01-21T05:39:00Z,0
APP-00646,months_employed,55.0,2026-02-08T14:46:00Z,2026-01-28T20:19:00Z,0
APP-00646,prior_delinquencies,3.0,2026-02-08T14:46:00Z,2026-02-07T20:40:00Z,0
APP-00647,credit_utilization,0.127,2026-02-08T17:12:00Z,2026-02-07T13:05:00Z,0
APP-00647,debt_to_income,0.313,2026-02-08T17:12:00Z,2026-02-06T00:40:00Z,0
APP-00647,income,64768.0,2026-02-08T17:12:00Z,2026-01-22T11:23:00Z,0
APP-00647,months_employed,147.0,2026-02-08T17:12:00Z,2026-02-06T18:54:00Z,0
APP-00647,prior_delinquencies,0.0,2026-02-08T17:12:00Z,2026-02-07T01:11:00Z,0
APP-00648,credit_utilization,0.482,2026-02-08T17:21:00Z,2026-02-08T11:16:00Z,0
APP-00648,debt_to_income,0.468,2026-02-08T17:21:00Z,2026-02-06T01:12:00Z,0
APP-00648,income,86758.0,2026-02-08T17:21:00Z,2026-01-15T18:50:00Z,0
APP-00648,months_employed,200.0,2026-02-08T17:21:00Z,2026-02-05T01:17:00Z,0
APP-00648,prior_delinquencies,1.0,2026-02-08T17:21:00Z,2026-02-08T07:12:00Z,0
APP-00649,credit_utilization,0.735,2026-02-08T17:24:00Z,2026-02-07T09:59:00Z,1
APP-00649,debt_to_income,0.461,2026-02-08T17:24:00Z,2026-02-07T17:57:00Z,1
APP-00649,income,23915.0,2026-02-08T17:24:00Z,2026-01-19T12:43:00Z,1
APP-00649,months_employed,237.0,2026-02-08T17:24:00Z,2026-02-02T09:10:00Z,1
APP-00649,prior_delinquencies,0.0,2026-02-08T17:24:00Z,2026-02-05T07:30:00Z,1
APP-00650,credit_utilization,0.131,2026-02-08T17:34:00Z,2026-02-07T16:02:00Z,0
APP-00650,debt_to_income,0.056,2026-02-08T17:34:00Z,2026-02-07T06:09:00Z,0
APP-00650,income,49646.0,2026-02-08T17:34:00Z,2026-01-24T16:18:00Z,0
APP-00650,months_employed,201.0,2026-02-08T17:34:00Z,2026-02-04T11:12:00Z,0
APP-00650,prior_delinquencies,0.0,2026-02-08T17:34:00Z,2026-02-07T18:11:00Z,0
APP-00651,credit_utilization,0.424,2026-02-08T18:47:00Z,2026-02-08T15:58:00Z,0
APP-00651,debt_to_income,0.39,2026-02-08T18:47:00Z,2026-02-07T09:42:00Z,0
APP-00651,income,80864.0,2026-02-08T18:47:00Z,2026-01-21T16:40:00Z,0
APP-00651,months_employed,66.0,2026-02-08T18:47:00Z,2026-02-06T15:15:00Z,0
APP-00651,prior_delinquencies,0.0,2026-02-08T18:47:00Z,2026-02-04T22:35:00Z,0
APP-00652,credit_utilization,0.532,2026-02-08T22:06:00Z,2026-02-08T05:06:00Z,1
APP-00652,debt_to_income,0.43,2026-02-08T22:06:00Z,2026-02-06T19:39:00Z,1
APP-00652,income,34326.0,2026-02-08T22:06:00Z,2026-02-03T08:28:00Z,1
APP-00652,months_employed,24.0,2026-02-08T22:06:00Z,2026-02-01T19:22:00Z,1
APP-00652,prior_delinquencies,0.0,2026-02-08T22:06:00Z,2026-02-06T08:19:00Z,1
APP-00653,credit_utilization,0.463,2026-02-08T22:34:00Z,2026-02-08T12:29:00Z,0
APP-00653,debt_to_income,0.336,2026-02-08T22:34:00Z,2026-02-07T05:40:00Z,0
APP-00653,income,61919.0,2026-02-08T22:34:00Z,2026-01-17T14:09:00Z,0
APP-00653,months_employed,221.0,2026-02-08T22:34:00Z,2026-02-07T05:24:00Z,0
APP-00653,prior_delinquencies,0.0,2026-02-08T22:34:00Z,2026-02-07T21:24:00Z,0
APP-00654,credit_utilization,0.197,2026-02-08T22:44:00Z,2026-02-07T17:34:00Z,0
APP-00654,debt_to_income,0.358,2026-02-08T22:44:00Z,2026-02-08T16:31:00Z,0
APP-00654,income,51487.0,2026-02-08T22:44:00Z,2026-01-22T22:18:00Z,0
APP-00654,months_employed,193.0,2026-02-08T22:44:00Z,2026-02-04T12:47:00Z,0
APP-00654,prior_delinquencies,0.0,2026-02-08T22:44:00Z,2026-02-06T17:23:00Z,0
APP-00655,credit_utilization,0.423,2026-02-09T01:20:00Z,2026-02-07T18:37:00Z,0
APP-00655,debt_to_income,0.544,2026-02-09T01:20:00Z,2026-02-07T19:45:00Z,0
APP-00655,income,78199.0,2026-02-09T01:20:00Z,2026-01-10T11:12:00Z,0
APP-00655,months_employed,82.0,2026-02-09T01:20:00Z,2026-02-03T22:31:00Z,0
APP-00655,prior_delinquencies,0.0,2026-02-09T01:20:00Z,2026-02-06T12:38:00Z,0
APP-00656,credit_utilization,0.405,2026-02-09T04:54:00Z,2026-02-07T22:46:00Z,0
APP-00656,debt_to_income,0.282,2026-02-09T04:54:00Z,2026-02-06T19:50:00Z,0
APP-00656,income,92240.0,2026-02-09T04:54:00Z,2026-01-19T13:54:00Z,0
APP-00656,months_employed,113.0,2026-02-09T04:54:00Z,2026-02-03T00:08:00Z,0
APP-00656,prior_delinquencies,1.0,2026-02-09T04:54:00Z,2026-02-08T18:41:00Z,0
APP-00657,credit_utilization,0.205,2026-02-09T04:59:00Z,2026-02-09T03:05:00Z,0
APP-00657,debt_to_income,0.387,2026-02-09T04:59:00Z,2026-02-07T19:55:00Z,0
APP-00657,income,45523.0,2026-02-09T04:59:00Z,2026-01-22T09:28:00Z,0
APP-00657,months_employed,126.0,2026-02-09T04:59:00Z,2026-02-03T12:24:00Z,0
APP-00657,prior_delinquencies,0.0,2026-02-09T04:59:00Z,2026-02-08T12:12:00Z,0
APP-00658,credit_utilization,0.34,2026-02-09T06:26:00Z,2026-02-08T15:10:00Z,0
APP-00658,debt_to_income,0.248,2026-02-09T06:26:00Z,2026-02-06T12:03:00Z,0
APP-00658,income,65506.0,2026-02-09T06:26:00Z,2026-02-06T22:20:00Z,0
APP-00658,months_employed,23.0,2026-02-09T06:26:00Z,2026-02-05T09:54:00Z,0
APP-00658,prior_delinquencies,0.0,2026-02-09T06:26:00Z,2026-02-06T12:28:00Z,0
APP-00659,credit_utilization,0.254,2026-02-09T07:42:00Z,2026-02-07T15:18:00Z,0
APP-00659,debt_to_income,0.199,2026-02-09T07:42:00Z,2026-02-07T10:22:00Z,0
APP-00659,income,41490.0,2026-02-09T07:42:00Z,2026-01-30T03:22:00Z,0
APP-00659,months_employed,6.0,2026-02-09T07:42:00Z,2026-02-05T17:37:00Z,0
APP-00659,prior_delinquencies,0.0,2026-02-09T07:42:00Z,2026-02-05T17:53:00Z,0
APP-00660,credit_utilization,0.431,2026-02-09T09:01:00Z,2026-02-09T07:55:00Z,0
APP-00660,debt_to_income,0.222,2026-02-09T09:01:00Z,2026-02-08T15:51:00Z,0
APP-00660,income,56174.0,2026-02-09T09:01:00Z,2026-01-16T04:39:00Z,0
APP-00660,months_employed,77.0,2026-02-09T09:01:00Z,2026-01-28T03:08:00Z,0
APP-00660,prior_delinquencies,1.0,2026-02-09T09:01:00Z,2026-02-07T23:30:00Z,0
APP-00661,credit_utilization,0.942,2026-02-09T09:51:00Z,2026-02-08T11:14:00Z,1
APP-00661,debt_to_income,0.501,2026-02-09T09:51:00Z,2026-02-09T01:53:00Z,1
APP-00661,income,29993.0,2026-02-09T09:51:00Z,2026-01-15T19:33:00Z,1
APP-00661,months_employed,35.0,2026-02-09T09:51:00Z,2026-02-08T09:09:00Z,1
APP-00661,prior_delinquencies,1.0,2026-02-09T09:51:00Z,2026-02-05T17:50:00Z,1
APP-00662,credit_utilization,0.536,2026-02-09T13:27:00Z,2026-02-08T03:15:00Z,1
APP-00662,debt_to_income,0.33,2026-02-09T13:27:00Z,2026-02-08T16:28:00Z,1
APP-00662,income,40261.0,2026-02-09T13:27:00Z,2026-01-21T09:52:00Z,1
APP-00662,months_employed,205.0,2026-02-09T13:27:00Z,2026-02-05T13:38:00Z,1
APP-00662,prior_delinquencies,1.0,2026-02-09T13:27:00Z,2026-02-05T16:33:00Z,1
APP-00663,credit_utilization,0.0,2026-02-09T14:03:00Z,2026-02-07T14:30:00Z,0
APP-00663,debt_to_income,0.166,2026-02-09T14:03:00Z,2026-02-08T14:38:00Z,0
APP-00663,income,113443.0,2026-02-09T14:03:00Z,2026-02-02T09:38:00Z,0
APP-00663,months_employed,235.0,2026-02-09T14:03:00Z,2026-02-03T08:19:00Z,0
APP-00663,prior_delinquencies,0.0,2026-02-09T14:03:00Z,2026-02-09T02:30:00Z,0
APP-00664,credit_utilization,0.088,2026-02-09T15:04:00Z,2026-02-09T00:25:00Z,0
APP-00664,debt_to_income,0.48,2026-02-09T15:04:00Z,2026-02-07T09:55:00Z,0
APP-00664,income,50448.0,2026-02-09T15:04:00Z,2026-01-26T17:00:00Z,0
APP-00664,months_employed,130.0,2026-02-09T15:04:00Z,2026-02-08T00:21:00Z,0
APP-00664,prior_delinquencies,0.0,2026-02-09T15:04:00Z,2026-02-07T11:41:00Z,0
APP-00665,credit_utilization,0.355,2026-02-09T15:42:00Z,2026-02-08T10:39:00Z,0
APP-00665,debt_to_income,0.488,2026-02-09T15:42:00Z,2026-02-08T14:25:00Z,0
APP-00665,income,25499.0,2026-02-09T15:42:00Z,2026-01-13T03:21:00Z,0
APP-00665,months_employed,98.0,2026-02-09T15:42:00Z,2026-02-05T10:05:00Z,0
APP-00665,prior_delinquencies,0.0,2026-02-09T15:42:00Z,2026-02-07T00:22:00Z,0
APP-00666,credit_utilization,0.199,2026-02-09T18:47:00Z,2026-02-08T05:00:00Z,0
APP-00666,debt_to_income,0.384,2026-02-09T18:47:00Z,2026-02-08T10:08:00Z,0
APP-00666,income,57129.0,2026-02-09T18:47:00Z,2026-01-27T14:02:00Z,0
APP-00666,months_employed,132.0,2026-02-09T18:47:00Z,2026-01-30T10:58:00Z,0
APP-00666,prior_delinquencies,1.0,2026-02-09T18:47:00Z,2026-02-07T05:23:00Z,0
APP-00667,credit_utilization,0.341,2026-02-09T19:35:00Z,2026-02-07T22:01:00Z,0
APP-00667,debt_to_income,0.451,2026-02-09T19:35:00Z,2026-02-08T06:46:00Z,0
APP-00667,income,88334.0,2026-02-09T19:35:00Z,2026-02-02T16:02:00Z,0
APP-00667,months_employed,230.0,2026-02-09T19:35:00Z,2026-02-03T19:09:00Z,0
APP-00667,prior_delinquencies,0.0,2026-02-09T19:35:00Z,2026-02-08T06:34:00Z,0
APP-00668,credit_utilization,0.587,2026-02-09T20:44:00Z,2026-02-09T01:10:00Z,1
APP-00668,debt_to_income,0.174,2026-02-09T20:44:00Z,2026-02-08T00:28:00Z,1
APP-00668,income,86019.0,2026-02-09T20:44:00Z,2026-01-12T20:54:00Z,1
APP-00668,months_employed,149.0,2026-02-09T20:44:00Z,2026-01-29T15:59:00Z,1
APP-00668,prior_delinquencies,0.0,2026-02-09T20:44:00Z,2026-02-08T07:34:00Z,1
APP-00669,credit_utilization,0.159,2026-02-09T21:36:00Z,2026-02-08T07:14:00Z,0
APP-00669,debt_to_income,0.141,2026-02-09T21:36:00Z,2026-02-07T08:27:00Z,0
APP-00669,income,73015.0,2026-02-09T21:36:00Z,2026-02-08T04:27:00Z,0
APP-00669,months_employed,223.0,2026-02-09T21:36:00Z,2026-02-03T01:28:00Z,0
APP-00669,prior_delinquencies,0.0,2026-02-09T21:36:00Z,2026-02-09T16:10:00Z,0
APP-00670,credit_utilization,0.327,2026-02-09T21:49:00Z,2026-02-08T13:09:00Z,0
APP-00670,debt_to_income,0.343,2026-02-09T21:49:00Z,2026-02-07T23:45:00Z,0
APP-00670,income,33552.0,2026-02-09T21:49:00Z,2026-01-13T18:41:00Z,0
APP-00670,months_employed,188.0,2026-02-09T21:49:00Z,2026-01-30T19:46:00Z,0
APP-00670,prior_delinquencies,0.0,2026-02-09T21:49:00Z,2026-02-09T11:18:00Z,0
APP-00671,credit_utilization,0.242,2026-02-09T23:30:00Z,2026-02-08T10:14:00Z,0
APP-00671,debt_to_income,0.342,2026-02-09T23:30:00Z,2026-02-08T13:08:00Z,0
APP-00671,income,46700.0,2026-02-09T23:30:00Z,2026-01-14T06:33:00Z,0
APP-00671,months_employed,39.0,2026-02-09T23:30:00Z,2026-02-06T12:46:00Z,0
APP-00671,prior_delinquencies,0.0,2026-02-09T23:30:00Z,2026-02-09T17:00:00Z,0
APP-00672,credit_utilization,0.631,2026-02-10T00:20:00Z,2026-02-09T11:12:00Z,0
APP-00672,debt_to_income,0.457,2026-02-10T00:20:00Z,2026-02-09T09:30:00Z,0
APP-00672,income,18367.0,2026-02-10T00:20:00Z,2026-02-04T14:37:00Z,0
APP-00672,months_employed,102.0,2026-02-10T00:20:00Z,2026-02-02T22:46:00Z,0
APP-00672,prior_delinquencies,1.0,2026-02-10T00:20:00Z,2026-02-06T14:03:00Z,0
APP-00673,credit_utilization,0.308,2026-02-10T01:13:00Z,2026-02-08T13:41:00Z,0
APP-00673,debt_to_income,0.338,2026-02-10T01:13:00Z,2026-02-09T13:44:00Z,0
APP-00673,income,21262.0,2026-02-10T01:13:00Z,2026-01-31T08:40:00Z,0
APP-00673,months_employed,1.0,2026-02-10T01:13:00Z,2026-01-31T06:34:00Z,0
APP-00673,prior_delinquencies,0.0,2026-02-10T01:13:00Z,2026-02-08T22:28:00Z,0
APP-00674,credit_utilization,0.487,2026-02-10T03:14:00Z,2026-02-09T04:47:00Z,0
APP-00674,debt_to_income,0.494,2026-02-10T03:14:00Z,2026-02-08T22:05:00Z,0
APP-00674,income,66034.0,2026-02-10T03:14:00Z,2026-01-19T06:55:00Z,0
APP-00674,months_employed,13.0,2026-02-10T03:14:00Z,2026-01-27T05:27:00Z,0
APP-00674,prior_delinquencies,0.0,2026-02-10T03:14:00Z,2026-02-06T07:03:00Z,0
APP-00675,credit_utilization,0.337,2026-02-10T03:57:00Z,2026-02-09T05:37:00Z,0
APP-00675,debt_to_income,0.485,2026-02-10T03:57:00Z,2026-02-07T21:41:00Z,0
APP-00675,income,34024.0,2026-02-10T03:57:00Z,2026-02-01T01:49:00Z,0
APP-00675,months_employed,189.0,2026-02-10T03:57:00Z,2026-01-29T08:41:00Z,0
APP-00675,prior_delinquencies,0.0,2026-02-10T03:57:00Z,2026-02-09T02:42:00Z,0
APP-00676,credit_utilization,0.488,2026-02-10T05:09:00Z,2026-02-09T17:29:00Z,0
APP-00676,debt_to_income,0.357,2026-02-10T05:09:00Z,2026-02-09T13:09:00Z,0
APP-00676,income,64590.0,2026-02-10T05:09:00Z,2026-02-03T15:39:00Z,0
APP-00676,months_employed,125.0,2026-02-10T05:09:00Z,2026-01-29T04:19:00Z,0
APP-00676,prior_delinquencies,3.0,2026-02-10T05:09:00Z,2026-02-08T00:28:00Z,0
APP-00677,credit_utilization,0.214,2026-02-10T06:16:00Z,2026-02-08T09:48:00Z,0
APP-00677,debt_to_income,0.274,2026-02-10T06:16:00Z,2026-02-09T10:54:00Z,0
APP-00677,income,45833.0,2026-02-10T06:16:00Z,2026-01-25T05:15:00Z,0
APP-00677,months_employed,229.0,2026-02-10T06:16:00Z,2026-01-31T21:16:00Z,0
APP-00677,prior_delinquencies,0.0,2026-02-10T06:16:00Z,2026-02-09T22:33:00Z,0
APP-00678,credit_utilization,0.402,2026-02-10T07:38:00Z,2026-02-08T09:28:00Z,0
APP-00678,debt_to_income,0.373,2026-02-10T07:38:00Z,2026-02-09T00:52:00Z,0
APP-00678,income,25626.0,2026-02-10T07:38:00Z,2026-01-27T09:06:00Z,0
APP-00678,months_employed,10.0,2026-02-10T07:38:00Z,2026-02-08T11:15:00Z,0
APP-00678,prior_delinquencies,0.0,2026-02-10T07:38:00Z,2026-02-09T17:24:00Z,0
APP-00679,credit_utilization,0.0,2026-02-10T08:14:00Z,2026-02-09T13:05:00Z,0
APP-00679,debt_to_income,0.279,2026-02-10T08:14:00Z,2026-02-07T11:43:00Z,0
APP-00679,income,94485.0,2026-02-10T08:14:00Z,2026-02-02T12:30:00Z,0
APP-00679,months_employed,69.0,2026-02-10T08:14:00Z,2026-02-06T17:52:00Z,0
APP-00679,prior_delinquencies,1.0,2026-02-10T08:14:00Z,2026-02-06T12:45:00Z,0
APP-00680,credit_utilization,0.282,2026-02-10T11:56:00Z,2026-02-08T12:01:00Z,0
APP-00680,debt_to_income,0.417,2026-02-10T11:56:00Z,2026-02-08T01:32:00Z,0
APP-00680,income,23549.0,2026-02-10T11:56:00Z,2026-02-06T23:47:00Z,0
APP-00680,months_employed,215.0,2026-02-10T11:56:00Z,2026-02-08T13:09:00Z,0
APP-00680,prior_delinquencies,1.0,2026-02-10T11:56:00Z,2026-02-07T00:06:00Z,0
APP-00681,credit_utilization,0.105,2026-02-10T11:57:00Z,2026-02-10T09:08:00Z,0
APP-00681,debt_to_income,0.244,2026-02-10T11:57:00Z,2026-02-10T10:43:00Z,0
APP-00681,income,64702.0,2026-02-10T11:57:00Z,2026-02-04T21:11:00Z,0
APP-00681,months_employed,84.0,2026-02-10T11:57:00Z,2026-02-05T20:09:00Z,0
APP-00681,prior_delinquencies,0.0,2026-02-10T11:57:00Z,2026-02-09T19:22:00Z,0
APP-00682,credit_utilization,0.327,2026-02-10T18:22:00Z,2026-02-09T05:46:00Z,0
APP-00682,debt_to_income,0.42,2026-02-10T18:22:00Z,2026-02-10T14:37:00Z,0
APP-00682,income,29195.0,2026-02-10T18:22:00Z,2026-02-03T10:06:00Z,0
APP-00682,months_employed,48.0,2026-02-10T18:22:00Z,2026-01-29T07:00:00Z,0
APP-00682,prior_delinquencies,1.0,2026-02-10T18:22:00Z,2026-02-08T05:46:00Z,0
APP-00683,credit_utilization,0.909,2026-02-10T20:42:00Z,2026-02-09T18:40:00Z,0
APP-00683,debt_to_income,0.431,2026-02-10T20:42:00Z,2026-02-09T05:29:00Z,0
APP-00683,income,18550.0,2026-02-10T20:42:00Z,2026-01-13T15:00:00Z,0
APP-00683,months_employed,27.0,2026-02-10T20:42:00Z,2026-01-30T17:10:00Z,0
APP-00683,prior_delinquencies,1.0,2026-02-10T20:42:00Z,2026-02-10T11:42:00Z,0
APP-00684,credit_utilization,0.184,2026-02-11T02:12:00Z,2026-02-10T10:23:00Z,0
APP-00684,debt_to_income,0.38,2026-02-11T02:12:00Z,2026-02-10T17:04:00Z,0
APP-00684,income,48883.0,2026-02-11T02:12:00Z,2026-01-27T01:23:00Z,0
APP-00684,months_employed,18.0,2026-02-11T02:12:00Z,2026-02-07T07:53:00Z,0
APP-00684,prior_delinquencies,2.0,2026-02-11T02:12:00Z,2026-02-09T12:43:00Z,0
APP-00685,credit_utilization,0.375,2026-02-11T02:20:00Z,2026-02-10T21:56:00Z,1
APP-00685,debt_to_income,0.395,2026-02-11T02:20:00Z,2026-02-08T07:34:00Z,1
APP-00685,income,60219.0,2026-02-11T02:20:00Z,2026-02-07T02:27:00Z,1
APP-00685,months_employed,223.0,2026-02-11T02:20:00Z,2026-02-04T09:01:00Z,1
APP-00685,prior_delinquencies,0.0,2026-02-11T02:20:00Z,2026-02-10T00:04:00Z,1
APP-00686,credit_utilization,0.415,2026-02-11T07:41:00Z,2026-02-09T08:24:00Z,0
APP-00686,debt_to_income,0.31,2026-02-11T07:41:00Z,2026-02-08T22:18:00Z,0
APP-00686,income,83261.0,2026-02-11T07:41:00Z,2026-01-29T06:54:00Z,0
APP-00686,months_employed,110.0,2026-02-11T07:41:00Z,2026-02-03T15:58:00Z,0
APP-00686,prior_delinquencies,0.0,2026-02-11T07:41:00Z,2026-02-10T18:21:00Z,0
APP-00687,credit_utilization,0.5,2026-02-11T08:57:00Z,2026-02-10T10:54:00Z,0
APP-00687,debt_to_income,0.436,2026-02-11T08:57:00Z,2026-02-10T06:29:00Z,0
APP-00687,income,26453.0,2026-02-11T08:57:00Z,2026-01-28T11:20:00Z,0
APP-00687,months_employed,183.0,2026-02-11T08:57:00Z,2026-01-31T19:44:00Z,0
APP-00687,prior_delinquencies,1.0,2026-02-11T08:57:00Z,2026-02-08T06:32:00Z,0
APP-00688,credit_utilization,0.268,2026-02-11T11:24:00Z,2026-02-09T19:51:00Z,0
APP-00688,debt_to_income,0.316,2026-02-11T11:24:00Z,2026-02-10T18:42:00Z,0
APP-00688,income,75097.0,2026-02-11T11:24:00Z,2026-02-08T02:16:00Z,0
APP-00688,months_employed,208.0,2026-02-11T11:24:00Z,2026-02-09T14:23:00Z,0
APP-00688,prior_delinquencies,0.0,2026-02-11T11:24:00Z,2026-02-10T15:31:00Z,0
APP-00689,credit_utilization,0.295,2026-02-11T11:38:00Z,2026-02-10T08:38:00Z,0
APP-00689,debt_to_income,0.222,2026-02-11T11:38:00Z,2026-02-09T12:06:00Z,0
APP-00689,income,59371.0,2026-02-11T11:38:00Z,2026-02-01T18:18:00Z,0
APP-00689,months_employed,172.0,2026-02-11T11:38:00Z,2026-02-09T08:20:00Z,0
APP-00689,prior_delinquencies,0.0,2026-02-11T11:38:00Z,2026-02-10T11:30:00Z,0
APP-00690,credit_utilization,0.478,2026-02-11T12:05:00Z,2026-02-09T19:27:00Z,0
APP-00690,debt_to_income,0.512,2026-02-11T12:05:00Z,2026-02-11T06:19:00Z,0
APP-00690,income,88210.0,2026-02-11T12:05:00Z,2026-02-09T11:31:00Z,0
APP-00690,months_employed,8.0,2026-02-11T12:05:00Z,2026-02-04T21:16:00Z,0
APP-00690,prior_delinquencies,1.0,2026-02-11T12:05:00Z,2026-02-09T22:01:00Z,0
APP-00691,credit_utilization,0.13,2026-02-11T12:51:00Z,2026-02-10T03:18:00Z,0
APP-00691,debt_to_income,0.419,2026-02-11T12:51:00Z,2026-02-11T03:13:00Z,0
APP-00691,income,50655.0,2026-02-11T12:51:00Z,2026-02-08T14:15:00Z,0
APP-00691,months_employed,216.0,2026-02-11T12:51:00Z,2026-02-07T07:41:00Z,0
APP-00691,prior_delinquencies,0.0,2026-02-11T12:51:00Z,2026-02-09T07:33:00Z,0
APP-00692,credit_utilization,0.635,2026-02-11T13:05:00Z,2026-02-11T10:39:00Z,0
APP-00692,debt_to_income,0.282,2026-02-11T13:05:00Z,2026-02-10T03:44:00Z,0
APP-00692,income,37877.0,2026-02-11T13:05:00Z,2026-01-22T05:38:00Z,0
APP-00692,months_employed,93.0,2026-02-11T13:05:00Z,2026-01-31T17:45:00Z,0
APP-00692,prior_delinquencies,1.0,2026-02-11T13:05:00Z,2026-02-10T01:07:00Z,0
APP-00693,credit_utilization,0.333,2026-02-11T16:45:00Z,2026-02-10T00:24:00Z,0
APP-00693,debt_to_income,0.426,2026-02-11T16:45:00Z,2026-02-08T22:25:00Z,0
APP-00693,income,55270.0,2026-02-11T16:45:00Z,2026-01-31T22:37:00Z,0
APP-00693,months_employed,120.0,2026-02-11T16:45:00Z,2026-01-30T09:59:00Z,0
APP-00693,prior_delinquencies,0.0,2026-02-11T16:45:00Z,2026-02-10T14:38:00Z,0
APP-00694,credit_utilization,0.465,2026-02-11T17:42:00Z,2026-02-10T07:55:00Z,0
APP-00694,debt_to_income,0.393,2026-02-11T17:42:00Z,2026-02-09T19:15:00Z,0
APP-00694,income,61656.0,2026-02-11T17:42:00Z,2026-01-25T08:24:00Z,0
APP-00694,months_employed,99.0,2026-02-11T17:42:00Z,2026-02-02T11:23:00Z,0
APP-00694,prior_delinquencies,0.0,2026-02-11T17:42:00Z,2026-02-08T12:19:00Z,0
APP-00695,credit_utilization,0.44,2026-02-11T17:48:00Z,2026-02-11T14:54:00Z,0
APP-00695,debt_to_income,0.418,2026-02-11T17:48:00Z,2026-02-11T06:30:00Z,0
APP-00695,income,23289.0,2026-02-11T17:48:00Z,2026-01-17T16:20:00Z,0
APP-00695,months_employed,222.0,2026-02-11T17:48:00Z,2026-02-07T05:21:00Z,0
APP-00695,prior_delinquencies,1.0,2026-02-11T17:48:00Z,2026-02-08T11:23:00Z,0
APP-00696,credit_utilization,0.413,2026-02-11T18:00:00Z,2026-02-11T10:14:00Z,0
APP-00696,debt_to_income,0.342,2026-02-11T18:00:00Z,2026-02-10T13:34:00Z,0
APP-00696,income,53234.0,2026-02-11T18:00:00Z,2026-02-01T04:10:00Z,0
APP-00696,months_employed,230.0,2026-02-11T18:00:00Z,2026-02-08T15:39:00Z,0
APP-00696,prior_delinquencies,0.0,2026-02-11T18:00:00Z,2026-02-09T01:42:00Z,0
APP-00697,credit_utilization,0.393,2026-02-11T19:37:00Z,2026-02-10T05:03:00Z,0
APP-00697,debt_to_income,0.338,2026-02-11T19:37:00Z,2026-02-11T17:08:00Z,0
APP-00697,income,63301.0,2026-02-11T19:37:00Z,2026-02-02T09:17:00Z,0
APP-00697,months_employed,223.0,2026-02-11T19:37:00Z,2026-02-01T08:00:00Z,0
APP-00697,prior_delinquencies,0.0,2026-02-11T19:37:00Z,2026-02-09T07:13:00Z,0
APP-00698,credit_utilization,0.368,2026-02-11T21:31:00Z,2026-02-11T05:56:00Z,0
APP-00698,debt_to_income,0.379,2026-02-11T21:31:00Z,2026-02-11T07:44:00Z,0
APP-00698,income,33064.0,2026-02-11T21:31:00Z,2026-01-22T00:39:00Z,0
APP-00698,months_employed,186.0,2026-02-11T21:31:00Z,2026-02-09T09:06:00Z,0
APP-00698,prior_delinquencies,0.0,2026-02-11T21:31:00Z,2026-02-08T04:35:00Z,0
APP-00699,credit_utilization,0.463,2026-02-11T22:21:00Z,2026-02-10T01:07:00Z,0
APP-00699,debt_to_income,0.219,2026-02-11T22:21:00Z,2026-02-10T19:45:00Z,0
APP-00699,income,62833.0,2026-02-11T22:21:00Z,2026-01-14T13:40:00Z,0
APP-00699,months_employed,36.0,2026-02-11T22:21:00Z,2026-02-04T20:34:00Z,0
APP-00699,prior_delinquencies,1.0,2026-02-11T22:21:00Z,2026-02-11T03:58:00Z,0
APP-00700,credit_utilization,0.464,2026-02-12T02:27:00Z,2026-02-10T05:28:00Z,0
APP-00700,debt_to_income,0.352,2026-02-12T02:27:00Z,2026-02-11T05:53:00Z,0
APP-00700,income,17329.0,2026-02-12T02:27:00Z,2026-02-10T07:36:00Z,0
APP-00700,months_employed,172.0,2026-02-12T02:27:00Z,2026-02-08T00:54:00Z,0
APP-00700,prior_delinquencies,2.0,2026-02-12T02:27:00Z,2026-02-08T18:49:00Z,0
APP-00701,credit_utilization,0.495,2026-02-12T03:02:00Z,2026-02-11T01:38:00Z,0
APP-00701,debt_to_income,0.402,2026-02-12T03:02:00Z,2026-02-09T06:01:00Z,0
APP-00701,income,40386.0,2026-02-12T03:02:00Z,2026-01-29T08:32:00Z,0
APP-00701,months_employed,94.0,2026-02-12T03:02:00Z,2026-02-09T00:33:00Z,0
APP-00701,prior_delinquencies,1.0,2026-02-12T03:02:00Z,2026-02-09T02:31:00Z,0
APP-00702,credit_utilization,0.631,2026-02-12T06:24:00Z,2026-02-11T12:57:00Z,0
APP-00702,debt_to_income,0.553,2026-02-12T06:24:00Z,2026-02-11T15:44:00Z,0
APP-00702,income,40968.0,2026-02-12T06:24:00Z,2026-01-24T04:13:00Z,0
APP-00702,months_employed,233.0,2026-02-12T06:24:00Z,2026-01-30T19:20:00Z,0
APP-00702,prior_delinquencies,1.0,2026-02-12T06:24:00Z,2026-02-09T19:46:00Z,0
APP-00703,credit_utilization,0.482,2026-02-12T08:14:00Z,2026-02-11T19:03:00Z,0
APP-00703,debt_to_income,0.516,2026-02-12T08:14:00Z,2026-02-11T04:05:00Z,0
APP-00703,income,34401.0,2026-02-12T08:14:00Z,2026-01-23T21:50:00Z,0
APP-00703,months_employed,88.0,2026-02-12T08:14:00Z,2026-02-03T16:30:00Z,0
APP-00703,prior_delinquencies,2.0,2026-02-12T08:14:00Z,2026-02-08T16:09:00Z,0
APP-00704,credit_utilization,0.48,2026-02-12T09:18:00Z,2026-02-10T23:23:00Z,0
APP-00704,debt_to_income,0.489,2026-02-12T09:18:00Z,2026-02-10T15:07:00Z,0
APP-00704,income,35234.0,2026-02-12T09:18:00Z,2026-02-09T01:11:00Z,0
APP-00704,months_employed,127.0,2026-02-12T09:18:00Z,2026-02-10T00:36:00Z,0
APP-00704,prior_delinquencies,1.0,2026-02-12T09:18:00Z,2026-02-10T17:38:00Z,0
APP-00705,credit_utilization,0.17,2026-02-12T10:55:00Z,2026-02-10T17:12:00Z,0
APP-00705,debt_to_income,0.112,2026-02-12T10:55:00Z,2026-02-09T21:25:00Z,0
APP-00705,income,40637.0,2026-02-12T10:55:00Z,2026-01-26T04:18:00Z,0
APP-00705,months_employed,4.0,2026-02-12T10:55:00Z,2026-02-07T07:56:00Z,0
APP-00705,prior_delinquencies,0.0,2026-02-12T10:55:00Z,2026-02-09T07:48:00Z,0
APP-00706,credit_utilization,0.422,2026-02-12T12:50:00Z,2026-02-11T10:54:00Z,0
APP-00706,debt_to_income,0.505,2026-02-12T12:50:00Z,2026-02-12T02:14:00Z,0
APP-00706,income,37644.0,2026-02-12T12:50:00Z,2026-01-25T23:07:00Z,0
APP-00706,months_employed,159.0,2026-02-12T12:50:00Z,2026-02-03T17:37:00Z,0
APP-00706,prior_delinquencies,1.0,2026-02-12T12:50:00Z,2026-02-09T11:28:00Z,0
APP-00707,credit_utilization,0.256,2026-02-12T12:56:00Z,2026-02-11T06:31:00Z,0
APP-00707,debt_to_income,0.231,2026-02-12T12:56:00Z,2026-02-12T06:54:00Z,0
APP-00707,income,54222.0,2026-02-12T12:56:00Z,2026-02-04T19:08:00Z,0
APP-00707,months_employed,177.0,2026-02-12T12:56:00Z,2026-01-31T10:40:00Z,0
APP-00707,prior_delinquencies,2.0,2026-02-12T12:56:00Z,2026-02-11T13:44:00Z,0
APP-00708,credit_utilization,0.212,2026-02-12T13:07:00Z,2026-02-11T22:42:00Z,0
APP-00708,debt_to_income,0.244,2026-02-12T13:07:00Z,2026-02-10T13:53:00Z,0
APP-00708,income,53982.0,2026-02-12T13:07:00Z,2026-01-22T20:41:00Z,0
APP-00708,months_employed,3.0,2026-02-12T13:07:00Z,2026-02-09T11:15:00Z,0
APP-00708,prior_delinquencies,0.0,2026-02-12T13:07:00Z,2026-02-11T08:16:00Z,0
APP-00709,credit_utilization,0.766,2026-02-12T17:28:00Z,2026-02-10T23:28:00Z,0
APP-00709,debt_to_income,0.367,2026-02-12T17:28:00Z,2026-02-10T15:48:00Z,0
APP-00709,income,85076.0,2026-02-12T17:28:00Z,2026-01-24T07:22:00Z,0
APP-00709,months_employed,234.0,2026-02-12T17:28:00Z,2026-02-08T21:18:00Z,0
APP-00709,prior_delinquencies,1.0,2026-02-12T17:28:00Z,2026-02-11T22:50:00Z,0
APP-00710,credit_utilization,0.652,2026-02-12T19:40:00Z,2026-02-11T07:39:00Z,1
APP-00710,debt_to_income,0.369,2026-02-12T19:40:00Z,2026-02-12T08:24:00Z,1
APP-00710,income,49139.0,2026-02-12T19:40:00Z,2026-01-29T08:48:00Z,1
APP-00710,months_employed,128.0,2026-02-12T19:40:00Z,2026-02-07T10:42:00Z,1
APP-00710,prior_delinquencies,0.0,2026-02-12T19:40:00Z,2026-02-10T07:04:00Z,1
APP-00711,credit_utilization,0.0,2026-02-12T19:57:00Z,2026-02-11T12:08:00Z,0
APP-00711,debt_to_income,0.184,2026-02-12T19:57:00Z,2026-02-11T22:02:00Z,0
APP-00711,income,70436.0,2026-02-12T19:57:00Z,2026-01-27T20:47:00Z,0
APP-00711,months_employed,231.0,2026-02-12T19:57:00Z,2026-02-04T05:51:00Z,0
APP-00711,prior_delinquencies,0.0,2026-02-12T19:57:00Z,2026-02-11T23:44:00Z,0
APP-00712,credit_utilization,0.31,2026-02-12T20:53:00Z,2026-02-12T06:38:00Z,0
APP-00712,debt_to_income,0.354,2026-02-12T20:53:00Z,2026-02-12T16:12:00Z,0
APP-00712,income,87381.0,2026-02-12T20:53:00Z,2026-02-08T01:12:00Z,0
APP-00712,months_employed,199.0,2026-02-12T20:53:00Z,2026-02-10T14:18:00Z,0
APP-00712,prior_delinquencies,1.0,2026-02-12T20:53:00Z,2026-02-10T06:11:00Z,0
APP-00713,credit_utilization,0.174,2026-02-12T21:40:00Z,2026-02-11T12:17:00Z,0
APP-00713,debt_to_income,0.358,2026-02-12T21:40:00Z,2026-02-11T17:16:00Z,0
APP-00713,income,118280.0,2026-02-12T21:40:00Z,2026-01-14T12:44:00Z,0
APP-00713,months_employed,85.0,2026-02-12T21:40:00Z,2026-02-10T05:32:00Z,0
APP-00713,prior_delinquencies,0.0,2026-02-12T21:40:00Z,2026-02-09T22:03:00Z,0
APP-00714,credit_utilization,0.196,2026-02-12T23:31:00Z,2026-02-12T02:08:00Z,0
APP-00714,debt_to_income,0.276,2026-02-12T23:31:00Z,2026-02-10T02:25:00Z,0
APP-00714,income,53242.0,2026-02-12T23:31:00Z,2026-02-06T22:14:00Z,0
APP-00714,months_employed,69.0,2026-02-12T23:31:00Z,2026-02-07T09:34:00Z,0
APP-00714,prior_delinquencies,0.0,2026-02-12T23:31:00Z,2026-02-10T15:18:00Z,0
APP-00715,credit_utilization,0.367,2026-02-12T23:46:00Z,2026-02-11T11:20:00Z,0
APP-00715,debt_to_income,0.257,2026-02-12T23:46:00Z,2026-02-12T05:51:00Z,0
APP-00715,income,40469.0,2026-02-12T23:46:00Z,2026-02-04T05:27:00Z,0
APP-00715,months_employed,73.0,2026-02-12T23:46:00Z,2026-02-10T06:18:00Z,0
APP-00715,prior_delinquencies,0.0,2026-02-12T23:46:00Z,2026-02-12T12:25:00Z,0
APP-00716,credit_utilization,0.381,2026-02-13T00:22:00Z,2026-02-12T19:23:00Z,0
APP-00716,debt_to_income,0.289,2026-02-13T00:22:00Z,2026-02-12T17:58:00Z,0
APP-00716,income,92457.0,2026-02-13T00:22:00Z,2026-01-27T18:18:00Z,0
APP-00716,months_employed,72.0,2026-02-13T00:22:00Z,2026-02-10T03:35:00Z,0
APP-00716,prior_delinquencies,0.0,2026-02-13T00:22:00Z,2026-02-12T01:51:00Z,0
APP-00717,credit_utilization,0.251,2026-02-13T00:53:00Z,2026-02-11T19:59:00Z,0
APP-00717,debt_to_income,0.247,2026-02-13T00:53:00Z,2026-02-11T17:42:00Z,0
APP-00717,income,64373.0,2026-02-13T00:53:00Z,2026-02-11T11:11:00Z,0
APP-00717,months_employed,226.0,2026-02-13T00:53:00Z,2026-02-01T15:51:00Z,0
APP-00717,prior_delinquencies,0.0,2026-02-13T00:53:00Z,2026-02-11T13:45:00Z,0
APP-00718,credit_utilization,0.446,2026-02-13T01:05:00Z,2026-02-11T04:22:00Z,0
APP-00718,debt_to_income,0.374,2026-02-13T01:05:00Z,2026-02-12T11:19:00Z,0
APP-00718,income,44662.0,2026-02-13T01:05:00Z,2026-01-24T21:44:00Z,0
APP-00718,months_employed,4.0,2026-02-13T01:05:00Z,2026-02-06T18:08:00Z,0
APP-00718,prior_delinquencies,0.0,2026-02-13T01:05:00Z,2026-02-11T14:45:00Z,0
APP-00719,credit_utilization,0.228,2026-02-13T01:20:00Z,2026-02-12T16:41:00Z,0
APP-00719,debt_to_income,0.325,2026-02-13T01:20:00Z,2026-02-12T10:25:00Z,0
APP-00719,income,59074.0,2026-02-13T01:20:00Z,2026-02-05T13:59:00Z,0
APP-00719,months_employed,23.0,2026-02-13T01:20:00Z,2026-01-31T17:43:00Z,0
APP-00719,prior_delinquencies,0.0,2026-02-13T01:20:00Z,2026-02-09T01:38:00Z,0
APP-00720,credit_utilization,0.502,2026-02-13T01:58:00Z,2026-02-11T23:00:00Z,0
APP-00720,debt_to_income,0.35,2026-02-13T01:58:00Z,2026-02-11T08:55:00Z,0
APP-00720,income,50779.0,2026-02-13T01:58:00Z,2026-01-24T10:02:00Z,0
APP-00720,months_employed,28.0,2026-02-13T01:58:00Z,2026-02-01T16:10:00Z,0
APP-00720,prior_delinquencies,1.0,2026-02-13T01:58:00Z,2026-02-11T12:01:00Z,0
APP-00721,credit_utilization,0.302,2026-02-13T05:43:00Z,2026-02-12T17:24:00Z,0
APP-00721,debt_to_income,0.361,2026-02-13T05:43:00Z,2026-02-10T19:26:00Z,0
APP-00721,income,49396.0,2026-02-13T05:43:00Z,2026-01-19T08:36:00Z,0
APP-00721,months_employed,176.0,2026-02-13T05:43:00Z,2026-02-04T20:03:00Z,0
APP-00721,prior_delinquencies,1.0,2026-02-13T05:43:00Z,2026-02-10T18:30:00Z,0
APP-00722,credit_utilization,0.081,2026-02-13T07:36:00Z,2026-02-13T00:42:00Z,0
APP-00722,debt_to_income,0.305,2026-02-13T07:36:00Z,2026-02-12T04:54:00Z,0
APP-00722,income,47372.0,2026-02-13T07:36:00Z,2026-01-25T01:05:00Z,0
APP-00722,months_employed,89.0,2026-02-13T07:36:00Z,2026-02-10T06:29:00Z,0
APP-00722,prior_delinquencies,0.0,2026-02-13T07:36:00Z,2026-02-10T09:44:00Z,0
APP-00723,credit_utilization,0.308,2026-02-13T07:58:00Z,2026-02-11T20:03:00Z,0
APP-00723,debt_to_income,0.247,2026-02-13T07:58:00Z,2026-02-11T08:51:00Z,0
APP-00723,income,41087.0,2026-02-13T07:58:00Z,2026-01-29T01:25:00Z,0
APP-00723,months_employed,139.0,2026-02-13T07:58:00Z,2026-02-10T12:01:00Z,0
APP-00723,prior_delinquencies,0.0,2026-02-13T07:58:00Z,2026-02-12T02:55:00Z,0
APP-00724,credit_utilization,0.234,2026-02-13T12:36:00Z,2026-02-12T20:55:00Z,0
APP-00724,debt_to_income,0.238,2026-02-13T12:36:00Z,2026-02-13T04:39:00Z,0
APP-00724,income,62808.0,2026-02-13T12:36:00Z,2026-02-04T08:17:00Z,0
APP-00724,months_employed,5.0,2026-02-13T12:36:00Z,2026-02-06T17:02:00Z,0
APP-00724,prior_delinquencies,0.0,2026-02-13T12:36:00Z,2026-02-11T10:39:00Z,0
APP-00725,credit_utilization,0.0,2026-02-13T16:11:00Z,2026-02-12T21:06:00Z,0
APP-00725,debt_to_income,0.2,2026-02-13T16:11:00Z,2026-02-13T10:16:00Z,0
APP-00725,income,47577.0,2026-02-13T16:11:00Z,2026-02-11T07:36:00Z,0
APP-00725,months_employed,15.0,2026-02-13T16:11:00Z,2026-02-06T20:10:00Z,0
APP-00725,prior_delinquencies,0.0,2026-02-13T16:11:00Z,2026-02-11T05:51:00Z,0
APP-00726,credit_utilization,0.508,2026-02-13T16:39:00Z,2026-02-13T12:11:00Z,1
APP-00726,debt_to_income,0.268,2026-02-13T16:39:00Z,2026-02-13T04:50:00Z,1
APP-00726,income,36794.0,2026-02-13T16:39:00Z,2026-02-06T18:54:00Z,1
APP-00726,months_employed,69.0,2026-02-13T16:39:00Z,2026-02-09T14:09:00Z,1
APP-00726,prior_delinquencies,0.0,2026-02-13T16:39:00Z,2026-02-11T23:36:00Z,1
APP-00727,credit_utilization,0.541,2026-02-13T17:23:00Z,2026-02-12T02:58:00Z,0
APP-00727,debt_to_income,0.395,2026-02-13T17:23:00Z,2026-02-11T05:04:00Z,0
APP-00727,income,45731.0,2026-02-13T17:23:00Z,2026-02-08T17:51:00Z,0
APP-00727,months_employed,60.0,2026-02-13T17:23:00Z,2026-02-03T03:34:00Z,0
APP-00727,prior_delinquencies,1.0,2026-02-13T17:23:00Z,2026-02-10T17:14:00Z,0
APP-00728,credit_utilization,0.533,2026-02-13T20:46:00Z,2026-02-13T03:34:00Z,0
APP-00728,debt_to_income,0.455,2026-02-13T20:46:00Z,2026-02-12T12:33:00Z,0
APP-00728,income,55578.0,2026-02-13T20:46:00Z,2026-02-04T15:20:00Z,0
APP-00728,months_employed,91.0,2026-02-13T20:46:00Z,2026-02-02T20:01:00Z,0
APP-00728,prior_delinquencies,2.0,2026-02-13T20:46:00Z,2026-02-09T22:50:00Z,0
APP-00729,credit_utilization,0.319,2026-02-13T23:36:00Z,2026-02-12T09:16:00Z,0
APP-00729,debt_to_income,0.361,2026-02-13T23:36:00Z,2026-02-13T19:36:00Z,0
APP-00729,income,60966.0,2026-02-13T23:36:00Z,2026-01-30T16:21:00Z,0
APP-00729,months_employed,208.0,2026-02-13T23:36:00Z,2026-02-04T01:08:00Z,0
APP-00729,prior_delinquencies,2.0,2026-02-13T23:36:00Z,2026-02-11T18:30:00Z,0
APP-00730,credit_utilization,0.566,2026-02-14T01:02:00Z,2026-02-12T22:33:00Z,0
APP-00730,debt_to_income,0.103,2026-02-14T01:02:00Z,2026-02-11T10:28:00Z,0
APP-00730,income,118302.0,2026-02-14T01:02:00Z,2026-01-20T20:43:00Z,0
APP-00730,months_employed,235.0,2026-02-14T01:02:00Z,2026-02-06T18:21:00Z,0
APP-00730,prior_delinquencies,0.0,2026-02-14T01:02:00Z,2026-02-10T18:18:00Z,0
APP-00731,credit_utilization,0.803,2026-02-14T01:08:00Z,2026-02-12T07:02:00Z,0
APP-00731,debt_to_income,0.526,2026-02-14T01:08:00Z,2026-02-11T21:27:00Z,0
APP-00731,income,45755.0,2026-02-14T01:08:00Z,2026-01-29T15:03:00Z,0
APP-00731,months_employed,199.0,2026-02-14T01:08:00Z,2026-02-04T06:36:00Z,0
APP-00731,prior_delinquencies,0.0,2026-02-14T01:08:00Z,2026-02-10T15:53:00Z,0
APP-00732,credit_utilization,0.535,2026-02-14T01:34:00Z,2026-02-12T06:51:00Z,1
APP-00732,debt_to_income,0.325,2026-02-14T01:34:00Z,2026-02-13T18:33:00Z,1
APP-00732,income,64022.0,2026-02-14T01:34:00Z,2026-02-01T23:29:00Z,1
APP-00732,months_employed,187.0,2026-02-14T01:34:00Z,2026-02-01T21:19:00Z,1
APP-00732,prior_delinquencies,1.0,2026-02-14T01:34:00Z,2026-02-12T02:40:00Z,1
APP-00733,credit_utilization,0.29,2026-02-14T07:52:00Z,2026-02-14T02:25:00Z,0
APP-00733,debt_to_income,0.367,2026-02-14T07:52:00Z,2026-02-12T09:08:00Z,0
APP-00733,income,53794.0,2026-02-14T07:52:00Z,2026-02-10T05:31:00Z,0
APP-00733,months_employed,98.0,2026-02-14T07:52:00Z,2026-02-11T06:51:00Z,0
APP-00733,prior_delinquencies,1.0,2026-02-14T07:52:00Z,2026-02-12T11:18:00Z,0
APP-00734,credit_utilization,0.137,2026-02-14T09:30:00Z,2026-02-13T17:40:00Z,0
APP-00734,debt_to_income,0.262,2026-02-14T09:30:00Z,2026-02-11T16:12:00Z,0
APP-00734,income,38510.0,2026-02-14T09:30:00Z,2026-01-16T12:41:00Z,0
APP-00734,months_employed,51.0,2026-02-14T09:30:00Z,2026-02-01T22:08:00Z,0
APP-00734,prior_delinquencies,1.0,2026-02-14T09:30:00Z,2026-02-13T00:45:00Z,0
APP-00735,credit_utilization,0.458,2026-02-14T17:15:00Z,2026-02-14T03:20:00Z,0
APP-00735,debt_to_income,0.317,2026-02-14T17:15:00Z,2026-02-14T10:39:00Z,0
APP-00735,income,40746.0,2026-02-14T17:15:00Z,2026-01-28T11:35:00Z,0
APP-00735,months_employed,72.0,2026-02-14T17:15:00Z,2026-02-11T01:57:00Z,0
APP-00735,prior_delinquencies,0.0,2026-02-14T17:15:00Z,2026-02-11T01:04:00Z,0
APP-00736,credit_utilization,0.656,2026-02-14T18:05:00Z,2026-02-13T13:09:00Z,0
APP-00736,debt_to_income,0.412,2026-02-14T18:05:00Z,2026-02-13T05:56:00Z,0
APP-00736,income,44654.0,2026-02-14T18:05:00Z,2026-01-24T03:42:00Z,0
APP-00736,months_employed,103.0,2026-02-14T18:05:00Z,2026-02-05T18:02:00Z,0
APP-00736,prior_delinquencies,0.0,2026-02-14T18:05:00Z,2026-02-11T14:09:00Z,0
APP-00737,credit_utilization,0.299,2026-02-14T19:36:00Z,2026-02-14T00:10:00Z,0
APP-00737,debt_to_income,0.325,2026-02-14T19:36:00Z,2026-02-12T01:54:00Z,0
APP-00737,income,40199.0,2026-02-14T19:36:00Z,2026-01-24T05:43:00Z,0
APP-00737,months_employed,46.0,2026-02-14T19:36:00Z,2026-02-10T11:04:00Z,0
APP-00737,prior_delinquencies,2.0,2026-02-14T19:36:00Z,2026-02-14T12:56:00Z,0
APP-00738,credit_utilization,0.433,2026-02-14T19:55:00Z,2026-02-13T15:09:00Z,0
APP-00738,debt_to_income,0.397,2026-02-14T19:55:00Z,2026-02-12T20:27:00Z,0
APP-00738,income,39136.0,2026-02-14T19:55:00Z,2026-02-07T00:15:00Z,0
APP-00738,months_employed,33.0,2026-02-14T19:55:00Z,2026-02-13T08:55:00Z,0
APP-00738,prior_delinquencies,1.0,2026-02-14T19:55:00Z,2026-02-11T14:10:00Z,0
APP-00739,credit_utilization,0.323,2026-02-14T21:37:00Z,2026-02-13T20:42:00Z,0
APP-00739,debt_to_income,0.166,2026-02-14T21:37:00Z,2026-02-13T03:26:00Z,0
APP-00739,income,68630.0,2026-02-14T21:37:00Z,2026-01-19T11:24:00Z,0
APP-00739,months_employed,13.0,2026-02-14T21:37:00Z,2026-02-07T21:39:00Z,0
APP-00739,prior_delinquencies,0.0,2026-02-14T21:37:00Z,2026-02-13T04:11:00Z,0
APP-00740,credit_utilization,0.143,2026-02-14T23:43:00Z,2026-02-13T09:42:00Z,0
APP-00740,debt_to_income,0.257,2026-02-14T23:43:00Z,2026-02-14T16:03:00Z,0
APP-00740,income,62525.0,2026-02-14T23:43:00Z,2026-02-07T23:55:00Z,0
APP-00740,months_employed,65.0,2026-02-14T23:43:00Z,2026-02-06T05:56:00Z,0
APP-00740,prior_delinquencies,0.0,2026-02-14T23:43:00Z,2026-02-11T02:39:00Z,0
APP-00741,credit_utilization,0.0,2026-02-15T01:32:00Z,2026-02-13T08:39:00Z,0
APP-00741,debt_to_income,0.232,2026-02-15T01:32:00Z,2026-02-12T17:05:00Z,0
APP-00741,income,53422.0,2026-02-15T01:32:00Z,2026-01-31T11:19:00Z,0
APP-00741,months_employed,64.0,2026-02-15T01:32:00Z,2026-02-07T05:44:00Z,0
APP-00741,prior_delinquencies,0.0,2026-02-15T01:32:00Z,2026-02-11T07:07:00Z,0
APP-00742,credit_utilization,0.368,2026-02-15T08:10:00Z,2026-02-15T06:17:00Z,0
APP-00742,debt_to_income,0.266,2026-02-15T08:10:00Z,2026-02-14T09:47:00Z,0
APP-00742,income,76166.0,2026-02-15T08:10:00Z,2026-02-09T02:07:00Z,0
APP-00742,months_employed,32.0,2026-02-15T08:10:00Z,2026-02-13T02:12:00Z,0
APP-00742,prior_delinquencies,1.0,2026-02-15T08:10:00Z,2026-02-13T04:07:00Z,0
APP-00743,credit_utilization,0.43,2026-02-15T15:14:00Z,2026-02-14T00:09:00Z,0
APP-00743,debt_to_income,0.545,2026-02-15T15:14:00Z,2026-02-13T18:22:00Z,0
APP-00743,income,82132.0,2026-02-15T15:14:00Z,2026-01-19T13:41:00Z,0
APP-00743,months_employed,155.0,2026-02-15T15:14:00Z,2026-02-14T10:34:00Z,0
APP-00743,prior_delinquencies,0.0,2026-02-15T15:14:00Z,2026-02-13T20:50:00Z,0
APP-00744,credit_utilization,0.313,2026-02-15T18:01:00Z,2026-02-14T15:58:00Z,0
APP-00744,debt_to_income,0.315,2026-02-15T18:01:00Z,2026-02-13T08:20:00Z,0
APP-00744,income,32645.0,2026-02-15T18:01:00Z,2026-02-02T00:12:00Z,0
APP-00744,months_employed,219.0,2026-02-15T18:01:00Z,2026-02-07T05:00:00Z,0
APP-00744,prior_delinquencies,0.0,2026-02-15T18:01:00Z,2026-02-13T12:15:00Z,0
APP-00745,credit_utilization,0.578,2026-02-15T20:05:00Z,2026-02-13T21:04:00Z,0
APP-00745,debt_to_income,0.443,2026-02-15T20:05:00Z,2026-02-14T14:54:00Z,0
APP-00745,income,36057.0,2026-02-15T20:05:00Z,2026-02-10T06:44:00Z,0
APP-00745,months_employed,115.0,2026-02-15T20:05:00Z,2026-02-10T23:26:00Z,0
APP-00745,prior_delinquencies,0.0,2026-02-15T20:05:00Z,2026-02-14T01:52:00Z,0
APP-00746,credit_utilization,0.643,2026-02-15T22:19:00Z,2026-02-14T10:31:00Z,0
APP-00746,debt_to_income,0.497,2026-02-15T22:19:00Z,2026-02-13T07:23:00Z,0
APP-00746,income,31739.0,2026-02-15T22:19:00Z,2026-02-12T19:05:00Z,0
APP-00746,months_employed,29.0,2026-02-15T22:19:00Z,2026-02-08T19:43:00Z,0
APP-00746,prior_delinquencies,1.0,2026-02-15T22:19:00Z,2026-02-13T21:42:00Z,0
APP-00747,credit_utilization,0.47,2026-02-15T22:21:00Z,2026-02-15T12:32:00Z,0
APP-00747,debt_to_income,0.348,2026-02-15T22:21:00Z,2026-02-14T07:20:00Z,0
APP-00747,income,52525.0,2026-02-15T22:21:00Z,2026-01-20T00:10:00Z,0
APP-00747,months_employed,143.0,2026-02-15T22:21:00Z,2026-02-12T17:36:00Z,0
APP-00747,prior_delinquencies,0.0,2026-02-15T22:21:00Z,2026-02-12T12:07:00Z,0
APP-00748,credit_utilization,0.567,2026-02-15T23:11:00Z,2026-02-15T03:42:00Z,0
APP-00748,debt_to_income,0.237,2026-02-15T23:11:00Z,2026-02-15T02:08:00Z,0
APP-00748,income,75565.0,2026-02-15T23:11:00Z,2026-02-09T06:56:00Z,0
APP-00748,months_employed,97.0,2026-02-15T23:11:00Z,2026-02-10T11:49:00Z,0
APP-00748,prior_delinquencies,0.0,2026-02-15T23:11:00Z,2026-02-12T09:29:00Z,0
APP-00749,credit_utilization,0.574,2026-02-16T00:07:00Z,2026-02-14T17:14:00Z,0
APP-00749,debt_to_income,0.392,2026-02-16T00:07:00Z,2026-02-14T15:12:00Z,0
APP-00749,income,37931.0,2026-02-16T00:07:00Z,2026-02-13T08:06:00Z,0
APP-00749,months_employed,199.0,2026-02-16T00:07:00Z,2026-02-12T02:59:00Z,0
APP-00749,prior_delinquencies,2.0,2026-02-16T00:07:00Z,2026-02-15T08:08:00Z,0
APP-00750,credit_utilization,0.407,2026-02-16T03:03:00Z,2026-02-15T01:05:00Z,0
APP-00750,debt_to_income,0.331,2026-02-16T03:03:00Z,2026-02-13T13:56:00Z,0
APP-00750,income,76459.0,2026-02-16T03:03:00Z,2026-02-03T23:01:00Z,0
APP-00750,months_employed,98.0,2026-02-16T03:03:00Z,2026-02-07T07:34:00Z,0
APP-00750,prior_delinquencies,2.0,2026-02-16T03:03:00Z,2026-02-13T09:31:00Z,0
APP-00751,credit_utilization,0.308,2026-02-16T08:41:00Z,2026-02-16T03:44:00Z,1
APP-00751,debt_to_income,0.492,2026-02-16T08:41:00Z,2026-02-15T05:05:00Z,1
APP-00751,income,62976.0,2026-02-16T08:41:00Z,2026-02-08T06:16:00Z,1
APP-00751,months_employed,177.0,2026-02-16T08:41:00Z,2026-02-08T00:49:00Z,1
APP-00751,prior_delinquencies,4.0,2026-02-16T08:41:00Z,2026-02-12T23:49:00Z,1
APP-00752,credit_utilization,0.594,2026-02-16T10:26:00Z,2026-02-16T04:44:00Z,0
APP-00752,debt_to_income,0.417,2026-02-16T10:26:00Z,2026-02-15T16:12:00Z,0
APP-00752,income,80011.0,2026-02-16T10:26:00Z,2026-01-18T04:42:00Z,0
APP-00752,months_employed,32.0,2026-02-16T10:26:00Z,2026-02-03T10:53:00Z,0
APP-00752,prior_delinquencies,1.0,2026-02-16T10:26:00Z,2026-02-13T09:15:00Z,0
APP-00753,credit_utilization,0.799,2026-02-16T11:10:00Z,2026-02-14T19:53:00Z,0
APP-00753,debt_to_income,0.434,2026-02-16T11:10:00Z,2026-02-14T16:55:00Z,0
APP-00753,income,25497.0,2026-02-16T11:10:00Z,2026-02-05T00:43:00Z,0
APP-00753,months_employed,131.0,2026-02-16T11:10:00Z,2026-02-09T10:45:00Z,0
APP-00753,prior_delinquencies,3.0,2026-02-16T11:10:00Z,2026-02-15T02:50:00Z,0
APP-00754,credit_utilization,0.563,2026-02-16T13:46:00Z,2026-02-15T05:35:00Z,0
APP-00754,debt_to_income,0.508,2026-02-16T13:46:00Z,2026-02-16T10:24:00Z,0
APP-00754,income,40019.0,2026-02-16T13:46:00Z,2026-02-14T09:30:00Z,0
APP-00754,months_employed,40.0,2026-02-16T13:46:00Z,2026-02-02T16:15:00Z,0
APP-00754,prior_delinquencies,0.0,2026-02-16T13:46:00Z,2026-02-12T18:45:00Z,0
APP-00755,credit_utilization,0.314,2026-02-16T14:34:00Z,2026-02-15T15:56:00Z,0
APP-00755,debt_to_income,0.346,2026-02-16T14:34:00Z,2026-02-14T22:23:00Z,0
APP-00755,income,40824.0,2026-02-16T14:34:00Z,2026-02-08T16:08:00Z,0
APP-00755,months_employed,151.0,2026-02-16T14:34:00Z,2026-02-10T00:07:00Z,0
APP-00755,prior_delinquencies,0.0,2026-02-16T14:34:00Z,2026-02-16T05:15:00Z,0
APP-00756,credit_utilization,0.445,2026-02-16T15:45:00Z,2026-02-15T05:47:00Z,0
APP-00756,debt_to_income,0.395,2026-02-16T15:45:00Z,2026-02-16T06:47:00Z,0
APP-00756,income,67279.0,2026-02-16T15:45:00Z,2026-01-28T10:24:00Z,0
APP-00756,months_employed,213.0,2026-02-16T15:45:00Z,2026-02-06T06:47:00Z,0
APP-00756,prior_delinquencies,0.0,2026-02-16T15:45:00Z,2026-02-14T14:57:00Z,0
APP-00757,credit_utilization,0.498,2026-02-16T17:46:00Z,2026-02-16T14:59:00Z,0
APP-00757,debt_to_income,0.433,2026-02-16T17:46:00Z,2026-02-15T08:56:00Z,0
APP-00757,income,52639.0,2026-02-16T17:46:00Z,2026-02-06T04:17:00Z,0
APP-00757,months_employed,184.0,2026-02-16T17:46:00Z,2026-02-07T23:33:00Z,0
APP-00757,prior_delinquencies,0.0,2026-02-16T17:46:00Z,2026-02-16T07:07:00Z,0
APP-00758,credit_utilization,0.749,2026-02-16T22:39:00Z,2026-02-16T19:52:00Z,0
APP-00758,debt_to_income,0.288,2026-02-16T22:39:00Z,2026-02-15T20:34:00Z,0
APP-00758,income,66611.0,2026-02-16T22:39:00Z,2026-01-31T20:50:00Z,0
APP-00758,months_employed,171.0,2026-02-16T22:39:00Z,2026-02-12T09:47:00Z,0
APP-00758,prior_delinquencies,0.0,2026-02-16T22:39:00Z,2026-02-13T13:31:00Z,0
APP-00759,credit_utilization,0.305,2026-02-17T00:51:00Z,2026-02-16T04:56:00Z,0
APP-00759,debt_to_income,0.555,2026-02-17T00:51:00Z,2026-02-15T22:49:00Z,0
APP-00759,income,28727.0,2026-02-17T00:51:00Z,2026-02-15T17:48:00Z,0
APP-00759,months_employed,232.0,2026-02-17T00:51:00Z,2026-02-06T09:45:00Z,0
APP-00759,prior_delinquencies,1.0,2026-02-17T00:51:00Z,2026-02-13T16:04:00Z,0
APP-00760,credit_utilization,0.774,2026-02-17T02:09:00Z,2026-02-16T12:35:00Z,1
APP-00760,debt_to_income,0.554,2026-02-17T02:09:00Z,2026-02-15T10:29:00Z,1
APP-00760,income,36627.0,2026-02-17T02:09:00Z,2026-02-09T06:53:00Z,1
APP-00760,months_employed,225.0,2026-02-17T02:09:00Z,2026-02-07T01:23:00Z,1
APP-00760,prior_delinquencies,0.0,2026-02-17T02:09:00Z,2026-02-13T15:20:00Z,1
APP-00761,credit_utilization,0.376,2026-02-17T02:14:00Z,2026-02-16T05:30:00Z,0
APP-00761,debt_to_income,0.477,2026-02-17T02:14:00Z,2026-02-15T10:24:00Z,0
APP-00761,income,63457.0,2026-02-17T02:14:00Z,2026-01-31T19:49:00Z,0
APP-00761,months_employed,44.0,2026-02-17T02:14:00Z,2026-02-06T03:22:00Z,0
APP-00761,prior_delinquencies,0.0,2026-02-17T02:14:00Z,2026-02-14T14:07:00Z,0
APP-00762,credit_utilization,0.369,2026-02-17T03:31:00Z,2026-02-15T23:01:00Z,0
APP-00762,debt_to_income,0.162,2026-02-17T03:31:00Z,2026-02-14T11:44:00Z,0
APP-00762,income,39069.0,2026-02-17T03:31:00Z,2026-02-13T16:30:00Z,0
APP-00762,months_employed,8.0,2026-02-17T03:31:00Z,2026-02-07T09:29:00Z,0
APP-00762,prior_delinquencies,1.0,2026-02-17T03:31:00Z,2026-02-15T03:21:00Z,0
APP-00763,credit_utilization,0.797,2026-02-17T04:54:00Z,2026-02-17T00:37:00Z,1
APP-00763,debt_to_income,0.562,2026-02-17T04:54:00Z,2026-02-14T05:03:00Z,1
APP-00763,income,63439.0,2026-02-17T04:54:00Z,2026-01-27T01:25:00Z,1
APP-00763,months_employed,188.0,2026-02-17T04:54:00Z,2026-02-07T05:17:00Z,1
APP-00763,prior_delinquencies,0.0,2026-02-17T04:54:00Z,2026-02-15T16:58:00Z,1
APP-00764,credit_utilization,0.596,2026-02-17T05:08:00Z,2026-02-15T06:58:00Z,0
APP-00764,debt_to_income,0.287,2026-02-17T05:08:00Z,2026-02-17T02:25:00Z,0
APP-00764,income,26869.0,2026-02-17T05:08:00Z,2026-01-27T13:57:00Z,0
APP-00764,months_employed,79.0,2026-02-17T05:08:00Z,2026-02-08T01:23:00Z,0
APP-00764,prior_delinquencies,0.0,2026-02-17T05:08:00Z,2026-02-13T07:04:00Z,0
APP-00765,credit_utilization,0.325,2026-02-17T06:17:00Z,2026-02-15T22:07:00Z,0
APP-00765,debt_to_income,0.167,2026-02-17T06:17:00Z,2026-02-15T15:24:00Z,0
APP-00765,income,29409.0,2026-02-17T06:17:00Z,2026-01-29T10:09:00Z,0
APP-00765,months_employed,107.0,2026-02-17T06:17:00Z,2026-02-16T03:19:00Z,0
APP-00765,prior_delinquencies,1.0,2026-02-17T06:17:00Z,2026-02-16T04:51:00Z,0
APP-00766,credit_utilization,0.235,2026-02-17T06:57:00Z,2026-02-16T15:52:00Z,0
APP-00766,debt_to_income,0.457,2026-02-17T06:57:00Z,2026-02-16T23:01:00Z,0
APP-00766,income,32231.0,2026-02-17T06:57:00Z,2026-02-13T16:33:00Z,0
APP-00766,months_employed,235.0,2026-02-17T06:57:00Z,2026-02-07T22:16:00Z,0
APP-00766,prior_delinquencies,0.0,2026-02-17T06:57:00Z,2026-02-15T07:15:00Z,0
APP-00767,credit_utilization,0.704,2026-02-17T08:57:00Z,2026-02-17T04:30:00Z,1
APP-00767,debt_to_income,0.413,2026-02-17T08:57:00Z,2026-02-16T13:15:00Z,1
APP-00767,income,43568.0,2026-02-17T08:57:00Z,2026-01-29T12:45:00Z,1
APP-00767,months_employed,200.0,2026-02-17T08:57:00Z,2026-02-03T13:06:00Z,1
APP-00767,prior_delinquencies,0.0,2026-02-17T08:57:00Z,2026-02-16T23:57:00Z,1
APP-00768,credit_utilization,0.247,2026-02-17T09:19:00Z,2026-02-15T22:33:00Z,0
APP-00768,debt_to_income,0.223,2026-02-17T09:19:00Z,2026-02-14T12:16:00Z,0
APP-00768,income,53014.0,2026-02-17T09:19:00Z,2026-02-13T18:12:00Z,0
APP-00768,months_employed,37.0,2026-02-17T09:19:00Z,2026-02-04T10:21:00Z,0
APP-00768,prior_delinquencies,0.0,2026-02-17T09:19:00Z,2026-02-16T05:11:00Z,0
APP-00769,credit_utilization,0.111,2026-02-17T11:19:00Z,2026-02-17T02:51:00Z,0
APP-00769,debt_to_income,0.31,2026-02-17T11:19:00Z,2026-02-17T07:26:00Z,0
APP-00769,income,37093.0,2026-02-17T11:19:00Z,2026-02-08T06:30:00Z,0
APP-00769,months_employed,41.0,2026-02-17T11:19:00Z,2026-02-16T00:10:00Z,0
APP-00769,prior_delinquencies,0.0,2026-02-17T11:19:00Z,2026-02-14T20:59:00Z,0
APP-00770,credit_utilization,0.52,2026-02-17T12:58:00Z,2026-02-17T00:24:00Z,0
APP-00770,debt_to_income,0.477,2026-02-17T12:58:00Z,2026-02-15T02:03:00Z,0
APP-00770,income,42428.0,2026-02-17T12:58:00Z,2026-01-25T22:51:00Z,0
APP-00770,months_employed,155.0,2026-02-17T12:58:00Z,2026-02-14T23:04:00Z,0
APP-00770,prior_delinquencies,1.0,2026-02-17T12:58:00Z,2026-02-17T07:58:00Z,0
APP-00771,credit_utilization,0.21,2026-02-17T13:01:00Z,2026-02-16T01:40:00Z,0
APP-00771,debt_to_income,0.269,2026-02-17T13:01:00Z,2026-02-15T23:16:00Z,0
APP-00771,income,80120.0,2026-02-17T13:01:00Z,2026-02-11T16:26:00Z,0
APP-00771,months_employed,73.0,2026-02-17T13:01:00Z,2026-02-08T02:11:00Z,0
APP-00771,prior_delinquencies,0.0,2026-02-17T13:01:00Z,2026-02-15T21:45:00Z,0
APP-00772,credit_utilization,0.353,2026-02-17T16:42:00Z,2026-02-16T08:50:00Z,0
APP-00772,debt_to_income,0.532,2026-02-17T16:42:00Z,2026-02-16T00:14:00Z,0
APP-00772,income,26940.0,2026-02-17T16:42:00Z,2026-02-03T05:11:00Z,0
APP-00772,months_employed,171.0,2026-02-17T16:42:00Z,2026-02-07T13:40:00Z,0
APP-00772,prior_delinquencies,0.0,2026-02-17T16:42:00Z,2026-02-14T04:05:00Z,0
APP-00773,credit_utilization,0.406,2026-02-17T19:23:00Z,2026-02-17T17:54:00Z,0
APP-00773,debt_to_income,0.338,2026-02-17T19:23:00Z,2026-02-16T18:21:00Z,0
APP-00773,income,48619.0,2026-02-17T19:23:00Z,2026-01-25T20:43:00Z,0
APP-00773,months_employed,128.0,2026-02-17T19:23:00Z,2026-02-10T11:38:00Z,0
APP-00773,prior_delinquencies,0.0,2026-02-17T19:23:00Z,2026-02-15T06:44:00Z,0
APP-00774,credit_utilization,0.06,2026-02-17T20:54:00Z,2026-02-17T11:49:00Z,0
APP-00774,debt_to_income,0.11,2026-02-17T20:54:00Z,2026-02-15T02:16:00Z,0
APP-00774,income,78767.0,2026-02-17T20:54:00Z,2026-01-21T02:32:00Z,0
APP-00774,months_employed,207.0,2026-02-17T20:54:00Z,2026-02-16T18:51:00Z,0
APP-00774,prior_delinquencies,0.0,2026-02-17T20:54:00Z,2026-02-15T10:23:00Z,0
APP-00775,credit_utilization,0.421,2026-02-17T21:58:00Z,2026-02-17T03:06:00Z,0
APP-00775,debt_to_income,0.343,2026-02-17T21:58:00Z,2026-02-16T00:32:00Z,0
APP-00775,income,47818.0,2026-02-17T21:58:00Z,2026-01-19T16:39:00Z,0
APP-00775,months_employed,214.0,2026-02-17T21:58:00Z,2026-02-09T23:21:00Z,0
APP-00775,prior_delinquencies,1.0,2026-02-17T21:58:00Z,2026-02-15T23:59:00Z,0
APP-00776,credit_utilization,0.389,2026-02-18T03:12:00Z,2026-02-17T15:05:00Z,0
APP-00776,debt_to_income,0.374,2026-02-18T03:12:00Z,2026-02-17T09:50:00Z,0
APP-00776,income,39627.0,2026-02-18T03:12:00Z,2026-02-07T11:26:00Z,0
APP-00776,months_employed,69.0,2026-02-18T03:12:00Z,2026-02-07T08:40:00Z,0
APP-00776,prior_delinquencies,2.0,2026-02-18T03:12:00Z,2026-02-16T03:00:00Z,0
APP-00777,credit_utilization,0.241,2026-02-18T03:17:00Z,2026-02-17T20:58:00Z,0
APP-00777,debt_to_income,0.42,2026-02-18T03:17:00Z,2026-02-15T03:31:00Z,0
APP-00777,income,59067.0,2026-02-18T03:17:00Z,2026-01-22T22:27:00Z,0
APP-00777,months_employed,171.0,2026-02-18T03:17:00Z,2026-02-04T18:47:00Z,0
APP-00777,prior_delinquencies,0.0,2026-02-18T03:17:00Z,2026-02-15T12:12:00Z,0
APP-00778,credit_utilization,0.165,2026-02-18T03:55:00Z,2026-02-16T05:16:00Z,0
APP-00778,debt_to_income,0.341,2026-02-18T03:55:00Z,2026-02-15T08:15:00Z,0
APP-00778,income,64196.0,2026-02-18T03:55:00Z,2026-02-04T09:24:00Z,0
APP-00778,months_employed,125.0,2026-02-18T03:55:00Z,2026-02-04T11:46:00Z,0
APP-00778,prior_delinquencies,1.0,2026-02-18T03:55:00Z,2026-02-18T01:25:00Z,0
APP-00779,credit_utilization,0.484,2026-02-18T03:56:00Z,2026-02-17T18:14:00Z,0
APP-00779,debt_to_income,0.497,2026-02-18T03:56:00Z,2026-02-15T06:25:00Z,0
APP-00779,income,34591.0,2026-02-18T03:56:00Z,2026-02-11T00:04:00Z,0
APP-00779,months_employed,184.0,2026-02-18T03:56:00Z,2026-02-15T17:22:00Z,0
APP-00779,prior_delinquencies,1.0,2026-02-18T03:56:00Z,2026-02-17T02:53:00Z,0
APP-00780,credit_utilization,0.346,2026-02-18T06:23:00Z,2026-02-17T13:23:00Z,0
APP-00780,debt_to_income,0.347,2026-02-18T06:23:00Z,2026-02-17T09:15:00Z,0
APP-00780,income,69198.0,2026-02-18T06:23:00Z,2026-01-19T07:28:00Z,0
APP-00780,months_employed,34.0,2026-02-18T06:23:00Z,2026-02-04T10:57:00Z,0
APP-00780,prior_delinquencies,0.0,2026-02-18T06:23:00Z,2026-02-15T22:53:00Z,0
APP-00781,credit_utilization,0.661,2026-02-18T06:42:00Z,2026-02-17T21:00:00Z,1
APP-00781,debt_to_income,0.334,2026-02-18T06:42:00Z,2026-02-17T17:16:00Z,1
APP-00781,income,29159.0,2026-02-18T06:42:00Z,2026-01-25T18:31:00Z,1
APP-00781,months_employed,215.0,2026-02-18T06:42:00Z,2026-02-05T15:17:00Z,1
APP-00781,prior_delinquencies,2.0,2026-02-18T06:42:00Z,2026-02-15T13:52:00Z,1
APP-00782,credit_utilization,0.284,2026-02-18T08:27:00Z,2026-02-17T00:39:00Z,1
APP-00782,debt_to_income,0.544,2026-02-18T08:27:00Z,2026-02-17T21:24:00Z,1
APP-00782,income,48351.0,2026-02-18T08:27:00Z,2026-02-02T23:43:00Z,1
APP-00782,months_employed,163.0,2026-02-18T08:27:00Z,2026-02-13T03:26:00Z,1
APP-00782,prior_delinquencies,2.0,2026-02-18T08:27:00Z,2026-02-16T00:48:00Z,1
APP-00783,credit_utilization,0.396,2026-02-18T09:03:00Z,2026-02-16T21:54:00Z,0
APP-00783,debt_to_income,0.352,2026-02-18T09:03:00Z,2026-02-15T12:17:00Z,0
APP-00783,income,59367.0,2026-02-18T09:03:00Z,2026-02-16T21:59:00Z,0
APP-00783,months_employed,32.0,2026-02-18T09:03:00Z,2026-02-16T20:50:00Z,0
APP-00783,prior_delinquencies,0.0,2026-02-18T09:03:00Z,2026-02-16T23:20:00Z,0
APP-00784,credit_utilization,0.207,2026-02-18T09:32:00Z,2026-02-16T17:36:00Z,1
APP-00784,debt_to_income,0.358,2026-02-18T09:32:00Z,2026-02-17T21:21:00Z,1
APP-00784,income,46475.0,2026-02-18T09:32:00Z,2026-02-03T14:28:00Z,1
APP-00784,months_employed,189.0,2026-02-18T09:32:00Z,2026-02-06T03:04:00Z,1
APP-00784,prior_delinquencies,2.0,2026-02-18T09:32:00Z,2026-02-16T20:45:00Z,1
APP-00785,credit_utilization,0.072,2026-02-18T10:19:00Z,2026-02-16T12:07:00Z,0
APP-00785,debt_to_income,0.279,2026-02-18T10:19:00Z,2026-02-16T18:57:00Z,0
APP-00785,income,58692.0,2026-02-18T10:19:00Z,2026-01-29T18:31:00Z,0
APP-00785,months_employed,44.0,2026-02-18T10:19:00Z,2026-02-12T04:55:00Z,0
APP-00785,prior_delinquencies,1.0,2026-02-18T10:19:00Z,2026-02-17T10:04:00Z,0
APP-00786,credit_utilization,0.678,2026-02-18T13:38:00Z,2026-02-16T13:39:00Z,0
APP-00786,debt_to_income,0.465,2026-02-18T13:38:00Z,2026-02-16T17:26:00Z,0
APP-00786,income,29033.0,2026-02-18T13:38:00Z,2026-02-06T03:49:00Z,0
APP-00786,months_employed,17.0,2026-02-18T13:38:00Z,2026-02-15T02:29:00Z,0
APP-00786,prior_delinquencies,2.0,2026-02-18T13:38:00Z,2026-02-16T15:42:00Z,0
APP-00787,credit_utilization,0.493,2026-02-18T13:59:00Z,2026-02-17T18:32:00Z,0
APP-00787,debt_to_income,0.578,2026-02-18T13:59:00Z,2026-02-18T05:22:00Z,0
APP-00787,income,31178.0,2026-02-18T13:59:00Z,2026-01-20T11:15:00Z,0
APP-00787,months_employed,231.0,2026-02-18T13:59:00Z,2026-02-10T07:29:00Z,0
APP-00787,prior_delinquencies,0.0,2026-02-18T13:59:00Z,2026-02-16T05:46:00Z,0
APP-00788,credit_utilization,0.578,2026-02-18T14:26:00Z,2026-02-16T22:12:00Z,1
APP-00788,debt_to_income,0.39,2026-02-18T14:26:00Z,2026-02-15T22:56:00Z,1
APP-00788,income,48733.0,2026-02-18T14:26:00Z,2026-02-11T10:18:00Z,1
APP-00788,months_employed,239.0,2026-02-18T14:26:00Z,2026-02-09T14:40:00Z,1
APP-00788,prior_delinquencies,1.0,2026-02-18T14:26:00Z,2026-02-17T05:52:00Z,1
APP-00789,credit_utilization,0.821,2026-02-18T16:31:00Z,2026-02-17T07:33:00Z,1
APP-00789,debt_to_income,0.566,2026-02-18T16:31:00Z,2026-02-18T02:00:00Z,1
APP-00789,income,33217.0,2026-02-18T16:31:00Z,2026-02-07T06:22:00Z,1
APP-00789,months_employed,178.0,2026-02-18T16:31:00Z,2026-02-06T23:16:00Z,1
APP-00789,prior_delinquencies,1.0,2026-02-18T16:31:00Z,2026-02-17T08:06:00Z,1
APP-00790,credit_utilization,0.557,2026-02-18T18:43:00Z,2026-02-18T00:41:00Z,0
APP-00790,debt_to_income,0.388,2026-02-18T18:43:00Z,2026-02-18T09:42:00Z,0
APP-00790,income,28418.0,2026-02-18T18:43:00Z,2026-02-14T22:10:00Z,0
APP-00790,months_employed,122.0,2026-02-18T18:43:00Z,2026-02-10T20:15:00Z,0
APP-00790,prior_delinquencies,0.0,2026-02-18T18:43:00Z,2026-02-17T10:24:00Z,0
APP-00791,credit_utilization,0.227,2026-02-18T19:38:00Z,2026-02-18T02:11:00Z,0
APP-00791,debt_to_income,0.372,2026-02-18T19:38:00Z,2026-02-17T00:27:00Z,0
APP-00791,income,43792.0,2026-02-18T19:38:00Z,2026-02-01T16:33:00Z,0
APP-00791,months_employed,81.0,2026-02-18T19:38:00Z,2026-02-14T16:40:00Z,0
APP-00791,prior_delinquencies,0.0,2026-02-18T19:38:00Z,2026-02-16T07:44:00Z,0
APP-00792,credit_utilization,0.603,2026-02-18T20:40:00Z,2026-02-17T22:03:00Z,0
APP-00792,debt_to_income,0.354,2026-02-18T20:40:00Z,2026-02-16T01:38:00Z,0
APP-00792,income,74894.0,2026-02-18T20:40:00Z,2026-02-13T03:31:00Z,0
APP-00792,months_employed,158.0,2026-02-18T20:40:00Z,2026-02-07T14:05:00Z,0
APP-00792,prior_delinquencies,0.0,2026-02-18T20:40:00Z,2026-02-15T11:00:00Z,0
APP-00793,credit_utilization,0.315,2026-02-18T20:54:00Z,2026-02-18T10:22:00Z,0
APP-00793,debt_to_income,0.285,2026-02-18T20:54:00Z,2026-02-18T03:53:00Z,0
APP-00793,income,49291.0,2026-02-18T20:54:00Z,2026-02-12T05:18:00Z,0
APP-00793,months_employed,119.0,2026-02-18T20:54:00Z,2026-02-17T05:32:00Z,0
APP-00793,prior_delinquencies,0.0,2026-02-18T20:54:00Z,2026-02-15T18:58:00Z,0
APP-00794,credit_utilization,0.533,2026-02-18T22:46:00Z,2026-02-18T13:55:00Z,1
APP-00794,debt_to_income,0.374,2026-02-18T22:46:00Z,2026-02-18T21:28:00Z,1
APP-00794,income,112059.0,2026-02-18T22:46:00Z,2026-01-28T11:06:00Z,1
APP-00794,months_employed,237.0,2026-02-18T22:46:00Z,2026-02-13T17:29:00Z,1
APP-00794,prior_delinquencies,0.0,2026-02-18T22:46:00Z,2026-02-17T00:56:00Z,1
APP-00795,credit_utilization,0.563,2026-02-19T02:48:00Z,2026-02-18T19:37:00Z,0
APP-00795,debt_to_income,0.336,2026-02-19T02:48:00Z,2026-02-17T07:44:00Z,0
APP-00795,income,31614.0,2026-02-19T02:48:00Z,2026-01-28T10:06:00Z,0
APP-00795,months_employed,74.0,2026-02-19T02:48:00Z,2026-02-08T15:13:00Z,0
APP-00795,prior_delinquencies,1.0,2026-02-19T02:48:00Z,2026-02-15T14:17:00Z,0
APP-00796,credit_utilization,0.362,2026-02-19T03:51:00Z,2026-02-18T10:09:00Z,0
APP-00796,debt_to_income,0.291,2026-02-19T03:51:00Z,2026-02-16T06:22:00Z,0
APP-00796,income,35108.0,2026-02-19T03:51:00Z,2026-02-13T00:51:00Z,0
APP-00796,months_employed,212.0,2026-02-19T03:51:00Z,2026-02-12T18:49:00Z,0
APP-00796,prior_delinquencies,0.0,2026-02-19T03:51:00Z,2026-02-18T00:46:00Z,0
APP-00797,credit_utilization,0.441,2026-02-19T05:15:00Z,2026-02-18T04:57:00Z,0
APP-00797,debt_to_income,0.241,2026-02-19T05:15:00Z,2026-02-19T02:16:00Z,0
APP-00797,income,52955.0,2026-02-19T05:15:00Z,2026-02-01T18:36:00Z,0
APP-00797,months_employed,232.0,2026-02-19T05:15:00Z,2026-02-09T17:14:00Z,0
APP-00797,prior_delinquencies,0.0,2026-02-19T05:15:00Z,2026-02-16T23:15:00Z,0
APP-00798,credit_utilization,0.144,2026-02-19T06:18:00Z,2026-02-19T02:03:00Z,0
APP-00798,debt_to_income,0.304,2026-02-19T06:18:00Z,2026-02-17T13:31:00Z,0
APP-00798,income,38746.0,2026-02-19T06:18:00Z,2026-02-06T18:49:00Z,0
APP-00798,months_employed,25.0,2026-02-19T06:18:00Z,2026-02-16T17:33:00Z,0
APP-00798,prior_delinquencies,0.0,2026-02-19T06:18:00Z,2026-02-18T19:22:00Z,0
APP-00799,credit_utilization,0.175,2026-02-19T07:41:00Z,2026-02-17T21:13:00Z,0
APP-00799,debt_to_income,0.306,2026-02-19T07:41:00Z,2026-02-16T10:12:00Z,0
APP-00799,income,58637.0,2026-02-19T07:41:00Z,2026-02-10T14:57:00Z,0
APP-00799,months_employed,53.0,2026-02-19T07:41:00Z,2026-02-09T18:37:00Z,0
APP-00799,prior_delinquencies,0.0,2026-02-19T07:41:00Z,2026-02-16T06:07:00Z,0
APP-00800,credit_utilization,0.378,2026-02-19T09:49:00Z,2026-02-17T12:50:00Z,1
APP-00800,debt_to_income,0.393,2026-02-19T09:49:00Z,2026-02-18T13:25:00Z,1
APP-00800,income,16595.0,2026-02-19T09:49:00Z,2026-01-25T21:02:00Z,1
APP-00800,months_employed,38.0,2026-02-19T09:49:00Z,2026-02-15T13:46:00Z,1
APP-00800,prior_delinquencies,1.0,2026-02-19T09:49:00Z,2026-02-18T13:47:00Z,1
APP-00801,credit_utilization,0.314,2026-02-19T11:07:00Z,2026-02-18T07:48:00Z,0
APP-00801,debt_to_income,0.207,2026-02-19T11:07:00Z,2026-02-17T12:54:00Z,0
APP-00801,income,54398.0,2026-02-19T11:07:00Z,2026-02-11T09:57:00Z,0
APP-00801,months_employed,171.0,2026-02-19T11:07:00Z,2026-02-08T02:08:00Z,0
APP-00801,prior_delinquencies,0.0,2026-02-19T11:07:00Z,2026-02-19T05:02:00Z,0
APP-00802,credit_utilization,0.43,2026-02-19T11:16:00Z,2026-02-19T01:41:00Z,0
APP-00802,debt_to_income,0.367,2026-02-19T11:16:00Z,2026-02-18T12:05:00Z,0
APP-00802,income,51426.0,2026-02-19T11:16:00Z,2026-02-05T05:23:00Z,0
APP-00802,months_employed,231.0,2026-02-19T11:16:00Z,2026-02-11T08:34:00Z,0
APP-00802,prior_delinquencies,0.0,2026-02-19T11:16:00Z,2026-02-17T10:14:00Z,0
APP-00803,credit_utilization,0.08,2026-02-19T15:34:00Z,2026-02-18T12:21:00Z,0
APP-00803,debt_to_income,0.23,2026-02-19T15:34:00Z,2026-02-16T19:18:00Z,0
APP-00803,income,90433.0,2026-02-19T15:34:00Z,2026-02-11T19:15:00Z,0
APP-00803,months_employed,172.0,2026-02-19T15:34:00Z,2026-02-10T10:15:00Z,0
APP-00803,prior_delinquencies,0.0,2026-02-19T15:34:00Z,2026-02-15T20:48:00Z,0
APP-00804,credit_utilization,0.359,2026-02-19T15:56:00Z,2026-02-18T17:38:00Z,0
APP-00804,debt_to_income,0.305,2026-02-19T15:56:00Z,2026-02-16T22:29:00Z,0
APP-00804,income,101205.0,2026-02-19T15:56:00Z,2026-02-11T02:25:00Z,0
APP-00804,months_employed,99.0,2026-02-19T15:56:00Z,2026-02-06T21:23:00Z,0
APP-00804,prior_delinquencies,0.0,2026-02-19T15:56:00Z,2026-02-16T13:33:00Z,0
APP-00805,credit_utilization,0.247,2026-02-19T17:34:00Z,2026-02-19T00:22:00Z,0
APP-00805,debt_to_income,0.281,2026-02-19T17:34:00Z,2026-02-18T23:46:00Z,0
APP-00805,income,41551.0,2026-02-19T17:34:00Z,2026-02-17T05:15:00Z,0
APP-00805,months_employed,117.0,2026-02-19T17:34:00Z,2026-02-15T05:28:00Z,0
APP-00805,prior_delinquencies,0.0,2026-02-19T17:34:00Z,2026-02-17T12:26:00Z,0
APP-00806,credit_utilization,0.549,2026-02-19T19:55:00Z,2026-02-18T03:02:00Z,1
APP-00806,debt_to_income,0.409,2026-02-19T19:55:00Z,2026-02-17T07:56:00Z,1
APP-00806,income,13461.0,2026-02-19T19:55:00Z,2026-02-05T06:54:00Z,1
APP-00806,months_employed,140.0,2026-02-19T19:55:00Z,2026-02-07T04:20:00Z,1
APP-00806,prior_delinquencies,1.0,2026-02-19T19:55:00Z,2026-02-18T11:04:00Z,1
APP-00807,credit_utilization,0.476,2026-02-19T23:49:00Z,2026-02-19T11:48:00Z,1
APP-00807,debt_to_income,0.527,2026-02-19T23:49:00Z,2026-02-17T17:03:00Z,1
APP-00807,income,16784.0,2026-02-19T23:49:00Z,2026-01-25T04:15:00Z,1
APP-00807,months_employed,172.0,2026-02-19T23:49:00Z,2026-02-07T04:01:00Z,1
APP-00807,prior_delinquencies,0.0,2026-02-19T23:49:00Z,2026-02-19T14:10:00Z,1
APP-00808,credit_utilization,0.305,2026-02-20T00:01:00Z,2026-02-18T23:53:00Z,0
APP-00808,debt_to_income,0.224,2026-02-20T00:01:00Z,2026-02-19T18:12:00Z,0
APP-00808,income,95292.0,2026-02-20T00:01:00Z,2026-02-18T10:09:00Z,0
APP-00808,months_employed,159.0,2026-02-20T00:01:00Z,2026-02-10T15:32:00Z,0
APP-00808,prior_delinquencies,1.0,2026-02-20T00:01:00Z,2026-02-18T02:37:00Z,0
APP-00809,credit_utilization,0.346,2026-02-20T07:38:00Z,2026-02-18T13:28:00Z,0
APP-00809,debt_to_income,0.573,2026-02-20T07:38:00Z,2026-02-18T18:12:00Z,0
APP-00809,income,36163.0,2026-02-20T07:38:00Z,2026-02-10T07:41:00Z,0
APP-00809,months_employed,233.0,2026-02-20T07:38:00Z,2026-02-14T13:57:00Z,0
APP-00809,prior_delinquencies,1.0,2026-02-20T07:38:00Z,2026-02-17T04:42:00Z,0
APP-00810,credit_utilization,0.463,2026-02-20T08:04:00Z,2026-02-19T12:16:00Z,0
APP-00810,debt_to_income,0.342,2026-02-20T08:04:00Z,2026-02-18T19:28:00Z,0
APP-00810,income,36690.0,2026-02-20T08:04:00Z,2026-01-24T10:44:00Z,0
APP-00810,months_employed,211.0,2026-02-20T08:04:00Z,2026-02-10T06:47:00Z,0
APP-00810,prior_delinquencies,0.0,2026-02-20T08:04:00Z,2026-02-17T18:44:00Z,0
APP-00811,credit_utilization,0.168,2026-02-20T08:13:00Z,2026-02-19T17:53:00Z,0
APP-00811,debt_to_income,0.318,2026-02-20T08:13:00Z,2026-02-17T14:33:00Z,0
APP-00811,income,48969.0,2026-02-20T08:13:00Z,2026-02-07T21:01:00Z,0
APP-00811,months_employed,132.0,2026-02-20T08:13:00Z,2026-02-11T00:35:00Z,0
APP-00811,prior_delinquencies,1.0,2026-02-20T08:13:00Z,2026-02-19T01:09:00Z,0
APP-00812,credit_utilization,0.286,2026-02-20T10:29:00Z,2026-02-19T05:51:00Z,0
APP-00812,debt_to_income,0.03,2026-02-20T10:29:00Z,2026-02-19T16:21:00Z,0
APP-00812,income,55702.0,2026-02-20T10:29:00Z,2026-02-17T06:47:00Z,0
APP-00812,months_employed,131.0,2026-02-20T10:29:00Z,2026-02-06T16:31:00Z,0
APP-00812,prior_delinquencies,0.0,2026-02-20T10:29:00Z,2026-02-18T00:50:00Z,0
APP-00813,credit_utilization,0.239,2026-02-20T11:41:00Z,2026-02-18T12:37:00Z,0
APP-00813,debt_to_income,0.546,2026-02-20T11:41:00Z,2026-02-19T16:42:00Z,0
APP-00813,income,40929.0,2026-02-20T11:41:00Z,2026-01-24T04:29:00Z,0
APP-00813,months_employed,131.0,2026-02-20T11:41:00Z,2026-02-15T21:26:00Z,0
APP-00813,prior_delinquencies,0.0,2026-02-20T11:41:00Z,2026-02-18T09:22:00Z,0
APP-00814,credit_utilization,0.397,2026-02-20T13:34:00Z,2026-02-19T13:05:00Z,0
APP-00814,debt_to_income,0.263,2026-02-20T13:34:00Z,2026-02-18T21:47:00Z,0
APP-00814,income,42656.0,2026-02-20T13:34:00Z,2026-02-08T00:23:00Z,0
APP-00814,months_employed,97.0,2026-02-20T13:34:00Z,2026-02-10T19:18:00Z,0
APP-00814,prior_delinquencies,0.0,2026-02-20T13:34:00Z,2026-02-19T06:33:00Z,0
APP-00815,credit_utilization,0.596,2026-02-20T15:37:00Z,2026-02-19T14:45:00Z,0
APP-00815,debt_to_income,0.376,2026-02-20T15:37:00Z,2026-02-19T19:45:00Z,0
APP-00815,income,76171.0,2026-02-20T15:37:00Z,2026-01-23T20:23:00Z,0
APP-00815,months_employed,67.0,2026-02-20T15:37:00Z,2026-02-19T05:18:00Z,0
APP-00815,prior_delinquencies,0.0,2026-02-20T15:37:00Z,2026-02-16T21:49:00Z,0
APP-00816,credit_utilization,0.575,2026-02-20T17:39:00Z,2026-02-19T09:15:00Z,0
APP-00816,debt_to_income,0.15,2026-02-20T17:39:00Z,2026-02-18T20:52:00Z,0
APP-00816,income,57972.0,2026-02-20T17:39:00Z,2026-02-14T10:32:00Z,0
APP-00816,months_employed,227.0,2026-02-20T17:39:00Z,2026-02-15T06:56:00Z,0
APP-00816,prior_delinquencies,0.0,2026-02-20T17:39:00Z,2026-02-19T11:36:00Z,0
APP-00817,credit_utilization,0.414,2026-02-20T17:53:00Z,2026-02-18T18:53:00Z,0
APP-00817,debt_to_income,0.057,2026-02-20T17:53:00Z,2026-02-20T00:05:00Z,0
APP-00817,income,70562.0,2026-02-20T17:53:00Z,2026-01-28T05:05:00Z,0
APP-00817,months_employed,76.0,2026-02-20T17:53:00Z,2026-02-18T09:05:00Z,0
APP-00817,prior_delinquencies,0.0,2026-02-20T17:53:00Z,2026-02-18T09:15:00Z,0
APP-00818,credit_utilization,0.499,2026-02-20T18:15:00Z,2026-02-19T03:03:00Z,0
APP-00818,debt_to_income,0.182,2026-02-20T18:15:00Z,2026-02-18T22:29:00Z,0
APP-00818,income,49866.0,2026-02-20T18:15:00Z,2026-02-07T10:45:00Z,0
APP-00818,months_employed,28.0,2026-02-20T18:15:00Z,2026-02-12T11:27:00Z,0
APP-00818,prior_delinquencies,0.0,2026-02-20T18:15:00Z,2026-02-19T01:30:00Z,0
APP-00819,credit_utilization,0.545,2026-02-20T18:49:00Z,2026-02-19T22:05:00Z,1
APP-00819,debt_to_income,0.248,2026-02-20T18:49:00Z,2026-02-20T13:39:00Z,1
APP-00819,income,88247.0,2026-02-20T18:49:00Z,2026-01-27T21:43:00Z,1
APP-00819,months_employed,27.0,2026-02-20T18:49:00Z,2026-02-16T05:49:00Z,1
APP-00819,prior_delinquencies,0.0,2026-02-20T18:49:00Z,2026-02-19T14:38:00Z,1
APP-00820,credit_utilization,0.624,2026-02-20T19:35:00Z,2026-02-20T04:40:00Z,0
APP-00820,debt_to_income,0.372,2026-02-20T19:35:00Z,2026-02-19T05:17:00Z,0
APP-00820,income,24865.0,2026-02-20T19:35:00Z,2026-01-30T09:09:00Z,0
APP-00820,months_employed,55.0,2026-02-20T19:35:00Z,2026-02-09T13:29:00Z,0
APP-00820,prior_delinquencies,0.0,2026-02-20T19:35:00Z,2026-02-17T09:01:00Z,0
APP-00821,credit_utilization,0.569,2026-02-20T21:04:00Z,2026-02-20T15:58:00Z,0
APP-00821,debt_to_income,0.46,2026-02-20T21:04:00Z,2026-02-19T05:17:00Z,0
APP-00821,income,70273.0,2026-02-20T21:04:00Z,2026-02-13T04:21:00Z,0
APP-00821,months_employed,174.0,2026-02-20T21:04:00Z,2026-02-13T12:30:00Z,0
APP-00821,prior_delinquencies,1.0,2026-02-20T21:04:00Z,2026-02-19T17:01:00Z,0
APP-00822,credit_utilization,0.029,2026-02-21T00:56:00Z,2026-02-19T07:46:00Z,0
APP-00822,debt_to_income,0.213,2026-02-21T00:56:00Z,2026-02-20T11:42:00Z,0
APP-00822,income,28271.0,2026-02-21T00:56:00Z,2026-02-13T10:44:00Z,0
APP-00822,months_employed,38.0,2026-02-21T00:56:00Z,2026-02-07T15:59:00Z,0
APP-00822,prior_delinquencies,0.0,2026-02-21T00:56:00Z,2026-02-20T20:47:00Z,0
APP-00823,credit_utilization,0.519,2026-02-21T01:33:00Z,2026-02-20T11:39:00Z,0
APP-00823,debt_to_income,0.399,2026-02-21T01:33:00Z,2026-02-19T11:08:00Z,0
APP-00823,income,83998.0,2026-02-21T01:33:00Z,2026-02-08T10:30:00Z,0
APP-00823,months_employed,58.0,2026-02-21T01:33:00Z,2026-02-13T13:25:00Z,0
APP-00823,prior_delinquencies,1.0,2026-02-21T01:33:00Z,2026-02-20T09:00:00Z,0
APP-00824,credit_utilization,0.537,2026-02-21T09:46:00Z,2026-02-20T09:24:00Z,0
APP-00824,debt_to_income,0.293,2026-02-21T09:46:00Z,2026-02-20T16:12:00Z,0
APP-00824,income,103536.0,2026-02-21T09:46:00Z,2026-01-30T11:27:00Z,0
APP-00824,months_employed,196.0,2026-02-21T09:46:00Z,2026-02-08T21:42:00Z,0
APP-00824,prior_delinquencies,0.0,2026-02-21T09:46:00Z,2026-02-17T12:52:00Z,0
APP-00825,credit_utilization,0.464,2026-02-21T10:11:00Z,2026-02-21T00:48:00Z,0
APP-00825,debt_to_income,0.221,2026-02-21T10:11:00Z,2026-02-19T22:54:00Z,0
APP-00825,income,43334.0,2026-02-21T10:11:00Z,2026-01-30T14:59:00Z,0
APP-00825,months_employed,168.0,2026-02-21T10:11:00Z,2026-02-19T02:27:00Z,0
APP-00825,prior_delinquencies,0.0,2026-02-21T10:11:00Z,2026-02-18T08:01:00Z,0
APP-00826,credit_utilization,0.503,2026-02-21T10:27:00Z,2026-02-19T22:40:00Z,0
APP-00826,debt_to_income,0.409,2026-02-21T10:27:00Z,2026-02-20T05:33:00Z,0
APP-00826,income,58857.0,2026-02-21T10:27:00Z,2026-02-10T17:24:00Z,0
APP-00826,months_employed,117.0,2026-02-21T10:27:00Z,2026-02-17T13:25:00Z,0
APP-00826,prior_delinquencies,1.0,2026-02-21T10:27:00Z,2026-02-18T19:46:00Z,0
APP-00827,credit_utilization,0.521,2026-02-21T11:15:00Z,2026-02-19T15:15:00Z,0
APP-00827,debt_to_income,0.366,2026-02-21T11:15:00Z,2026-02-20T00:45:00Z,0
APP-00827,income,65247.0,2026-02-21T11:15:00Z,2026-02-02T11:46:00Z,0
APP-00827,months_employed,163.0,2026-02-21T11:15:00Z,2026-02-13T16:29:00Z,0
APP-00827,prior_delinquencies,0.0,2026-02-21T11:15:00Z,2026-02-18T07:52:00Z,0
APP-00828,credit_utilization,0.653,2026-02-21T14:31:00Z,2026-02-20T10:20:00Z,0
APP-00828,debt_to_income,0.47,2026-02-21T14:31:00Z,2026-02-20T20:08:00Z,0
APP-00828,income,27999.0,2026-02-21T14:31:00Z,2026-01-24T15:24:00Z,0
APP-00828,months_employed,136.0,2026-02-21T14:31:00Z,2026-02-14T05:49:00Z,0
APP-00828,prior_delinquencies,0.0,2026-02-21T14:31:00Z,2026-02-18T05:46:00Z,0
APP-00829,credit_utilization,0.367,2026-02-21T17:09:00Z,2026-02-21T03:46:00Z,0
APP-00829,debt_to_income,0.424,2026-02-21T17:09:00Z,2026-02-19T07:14:00Z,0
APP-00829,income,32389.0,2026-02-21T17:09:00Z,2026-01-30T13:04:00Z,0
APP-00829,months_employed,121.0,2026-02-21T17:09:00Z,2026-02-08T22:33:00Z,0
APP-00829,prior_delinquencies,2.0,2026-02-21T17:09:00Z,2026-02-19T20:57:00Z,0
APP-00830,credit_utilization,0.436,2026-02-21T20:07:00Z,2026-02-21T06:36:00Z,1
APP-00830,debt_to_income,0.459,2026-02-21T20:07:00Z,2026-02-19T07:18:00Z,1
APP-00830,income,63000.0,2026-02-21T20:07:00Z,2026-01-29T15:41:00Z,1
APP-00830,months_employed,186.0,2026-02-21T20:07:00Z,2026-02-16T15:39:00Z,1
APP-00830,prior_delinquencies,3.0,2026-02-21T20:07:00Z,2026-02-18T18:08:00Z,1
APP-00831,credit_utilization,0.388,2026-02-21T21:28:00Z,2026-02-20T01:04:00Z,0
APP-00831,debt_to_income,0.292,2026-02-21T21:28:00Z,2026-02-20T01:36:00Z,0
APP-00831,income,51860.0,2026-02-21T21:28:00Z,2026-02-11T22:28:00Z,0
APP-00831,months_employed,105.0,2026-02-21T21:28:00Z,2026-02-07T23:37:00Z,0
APP-00831,prior_delinquencies,1.0,2026-02-21T21:28:00Z,2026-02-20T22:00:00Z,0
APP-00832,credit_utilization,0.619,2026-02-21T23:16:00Z,2026-02-21T20:17:00Z,1
APP-00832,debt_to_income,0.457,2026-02-21T23:16:00Z,2026-02-19T19:38:00Z,1
APP-00832,income,54561.0,2026-02-21T23:16:00Z,2026-01-24T21:14:00Z,1
APP-00832,months_employed,117.0,2026-02-21T23:16:00Z,2026-02-09T00:41:00Z,1
APP-00832,prior_delinquencies,0.0,2026-02-21T23:16:00Z,2026-02-21T09:20:00Z,1
APP-00833,credit_utilization,0.736,2026-02-21T23:31:00Z,2026-02-21T20:20:00Z,0
APP-00833,debt_to_income,0.484,2026-02-21T23:31:00Z,2026-02-20T07:53:00Z,0
APP-00833,income,60210.0,2026-02-21T23:31:00Z,2026-02-14T07:17:00Z,0
APP-00833,months_employed,212.0,2026-02-21T23:31:00Z,2026-02-11T11:55:00Z,0
APP-00833,prior_delinquencies,1.0,2026-02-21T23:31:00Z,2026-02-18T17:40:00Z,0
APP-00834,credit_utilization,0.171,2026-02-22T00:15:00Z,2026-02-21T19:06:00Z,0
APP-00834,debt_to_income,0.354,2026-02-22T00:15:00Z,2026-02-19T18:08:00Z,0
APP-00834,income,30936.0,2026-02-22T00:15:00Z,2026-02-11T17:28:00Z,0
APP-00834,months_employed,164.0,2026-02-22T00:15:00Z,2026-02-13T04:03:00Z,0
APP-00834,prior_delinquencies,0.0,2026-02-22T00:15:00Z,2026-02-19T21:24:00Z,0
APP-00835,credit_utilization,0.268,2026-02-22T01:46:00Z,2026-02-21T07:38:00Z,0
APP-00835,debt_to_income,0.298,2026-02-22T01:46:00Z,2026-02-21T11:53:00Z,0
APP-00835,income,70894.0,2026-02-22T01:46:00Z,2026-01-31T21:45:00Z,0
APP-00835,months_employed,121.0,2026-02-22T01:46:00Z,2026-02-09T18:41:00Z,0
APP-00835,prior_delinquencies,1.0,2026-02-22T01:46:00Z,2026-02-20T04:43:00Z,0
APP-00836,credit_utilization,0.45,2026-02-22T02:22:00Z,2026-02-21T18:53:00Z,0
APP-00836,debt_to_income,0.366,2026-02-22T02:22:00Z,2026-02-19T15:08:00Z,0
APP-00836,income,93469.0,2026-02-22T02:22:00Z,2026-01-28T18:41:00Z,0
APP-00836,months_employed,107.0,2026-02-22T02:22:00Z,2026-02-14T12:54:00Z,0
APP-00836,prior_delinquencies,0.0,2026-02-22T02:22:00Z,2026-02-21T12:37:00Z,0
APP-00837,credit_utilization,0.588,2026-02-22T04:36:00Z,2026-02-21T18:38:00Z,1
APP-00837,debt_to_income,0.283,2026-02-22T04:36:00Z,2026-02-20T18:30:00Z,1
APP-00837,income,67923.0,2026-02-22T04:36:00Z,2026-02-20T11:04:00Z,1
APP-00837,months_employed,30.0,2026-02-22T04:36:00Z,2026-02-18T14:54:00Z,1
APP-00837,prior_delinquencies,1.0,2026-02-22T04:36:00Z,2026-02-19T00:51:00Z,1
APP-00838,credit_utilization,0.336,2026-02-22T04:48:00Z,2026-02-21T16:52:00Z,0
APP-00838,debt_to_income,0.188,2026-02-22T04:48:00Z,2026-02-20T17:28:00Z,0
APP-00838,income,51620.0,2026-02-22T04:48:00Z,2026-02-09T05:27:00Z,0
APP-00838,months_employed,20.0,2026-02-22T04:48:00Z,2026-02-10T03:29:00Z,0
APP-00838,prior_delinquencies,0.0,2026-02-22T04:48:00Z,2026-02-18T16:19:00Z,0
APP-00839,credit_utilization,0.427,2026-02-22T04:53:00Z,2026-02-21T21:05:00Z,0
APP-00839,debt_to_income,0.3,2026-02-22T04:53:00Z,2026-02-20T18:08:00Z,0
APP-00839,income,38083.0,2026-02-22T04:53:00Z,2026-01-24T03:52:00Z,0
APP-00839,months_employed,113.0,2026-02-22T04:53:00Z,2026-02-09T13:11:00Z,0
APP-00839,prior_delinquencies,0.0,2026-02-22T04:53:00Z,2026-02-22T00:22:00Z,0
APP-00840,credit_utilization,0.232,2026-02-22T08:50:00Z,2026-02-21T13:06:00Z,0
APP-00840,debt_to_income,0.307,2026-02-22T08:50:00Z,2026-02-21T16:30:00Z,0
APP-00840,income,115228.0,2026-02-22T08:50:00Z,2026-02-01T08:20:00Z,0
APP-00840,months_employed,207.0,2026-02-22T08:50:00Z,2026-02-17T18:52:00Z,0
APP-00840,prior_delinquencies,0.0,2026-02-22T08:50:00Z,2026-02-21T09:26:00Z,0
APP-00841,credit_utilization,0.199,2026-02-22T09:27:00Z,2026-02-21T08:50:00Z,0
APP-00841,debt_to_income,0.215,2026-02-22T09:27:00Z,2026-02-20T17:21:00Z,0
APP-00841,income,31229.0,2026-02-22T09:27:00Z,2026-02-10T21:55:00Z,0
APP-00841,months_employed,173.0,2026-02-22T09:27:00Z,2026-02-14T20:39:00Z,0
APP-00841,prior_delinquencies,0.0,2026-02-22T09:27:00Z,2026-02-18T20:10:00Z,0
APP-00842,credit_utilization,0.659,2026-02-22T09:50:00Z,2026-02-21T17:12:00Z,0
APP-00842,debt_to_income,0.427,2026-02-22T09:50:00Z,2026-02-20T11:23:00Z,0
APP-00842,income,37721.0,2026-02-22T09:50:00Z,2026-01-28T07:26:00Z,0
APP-00842,months_employed,16.0,2026-02-22T09:50:00Z,2026-02-12T21:53:00Z,0
APP-00842,prior_delinquencies,2.0,2026-02-22T09:50:00Z,2026-02-20T17:28:00Z,0
APP-00843,credit_utilization,0.488,2026-02-22T11:03:00Z,2026-02-20T14:41:00Z,1
APP-00843,debt_to_income,0.401,2026-02-22T11:03:00Z,2026-02-20T09:51:00Z,1
APP-00843,income,25024.0,2026-02-22T11:03:00Z,2026-02-04T17:38:00Z,1
APP-00843,months_employed,101.0,2026-02-22T11:03:00Z,2026-02-12T05:47:00Z,1
APP-00843,prior_delinquencies,2.0,2026-02-22T11:03:00Z,2026-02-19T21:09:00Z,1
APP-00844,credit_utilization,0.43,2026-02-22T14:14:00Z,2026-02-22T11:09:00Z,0
APP-00844,debt_to_income,0.354,2026-02-22T14:14:00Z,2026-02-20T07:17:00Z,0
APP-00844,income,41840.0,2026-02-22T14:14:00Z,2026-01-30T03:18:00Z,0
APP-00844,months_employed,46.0,2026-02-22T14:14:00Z,2026-02-17T07:28:00Z,0
APP-00844,prior_delinquencies,1.0,2026-02-22T14:14:00Z,2026-02-18T14:38:00Z,0
APP-00845,credit_utilization,0.234,2026-02-22T15:38:00Z,2026-02-21T04:37:00Z,1
APP-00845,debt_to_income,0.297,2026-02-22T15:38:00Z,2026-02-20T12:53:00Z,1
APP-00845,income,47381.0,2026-02-22T15:38:00Z,2026-02-04T17:59:00Z,1
APP-00845,months_employed,214.0,2026-02-22T15:38:00Z,2026-02-17T13:57:00Z,1
APP-00845,prior_delinquencies,0.0,2026-02-22T15:38:00Z,2026-02-19T13:24:00Z,1
APP-00846,credit_utilization,0.187,2026-02-22T20:23:00Z,2026-02-21T16:24:00Z,0
APP-00846,debt_to_income,0.25,2026-02-22T20:23:00Z,2026-02-20T14:14:00Z,0
APP-00846,income,69502.0,2026-02-22T20:23:00Z,2026-01-24T22:54:00Z,0
APP-00846,months_employed,197.0,2026-02-22T20:23:00Z,2026-02-16T03:04:00Z,0
APP-00846,prior_delinquencies,0.0,2026-02-22T20:23:00Z,2026-02-21T20:10:00Z,0
APP-00847,credit_utilization,0.555,2026-02-22T21:13:00Z,2026-02-21T09:01:00Z,1
APP-00847,debt_to_income,0.451,2026-02-22T21:13:00Z,2026-02-20T03:39:00Z,1
APP-00847,income,29236.0,2026-02-22T21:13:00Z,2026-02-18T21:11:00Z,1
APP-00847,months_employed,215.0,2026-02-22T21:13:00Z,2026-02-11T03:33:00Z,1
APP-00847,prior_delinquencies,0.0,2026-02-22T21:13:00Z,2026-02-19T14:49:00Z,1
APP-00848,credit_utilization,0.509,2026-02-22T21:24:00Z,2026-02-22T05:43:00Z,0
APP-00848,debt_to_income,0.299,2026-02-22T21:24:00Z,2026-02-20T11:03:00Z,0
APP-00848,income,71431.0,2026-02-22T21:24:00Z,2026-02-11T17:30:00Z,0
APP-00848,months_employed,1.0,2026-02-22T21:24:00Z,2026-02-09T02:51:00Z,0
APP-00848,prior_delinquencies,0.0,2026-02-22T21:24:00Z,2026-02-19T17:27:00Z,0
APP-00849,credit_utilization,0.213,2026-02-23T00:56:00Z,2026-02-21T08:50:00Z,0
APP-00849,debt_to_income,0.374,2026-02-23T00:56:00Z,2026-02-22T22:09:00Z,0
APP-00849,income,43272.0,2026-02-23T00:56:00Z,2026-01-30T21:10:00Z,0
APP-00849,months_employed,222.0,2026-02-23T00:56:00Z,2026-02-19T09:49:00Z,0
APP-00849,prior_delinquencies,0.0,2026-02-23T00:56:00Z,2026-02-19T19:31:00Z,0
APP-00850,credit_utilization,0.441,2026-02-23T01:58:00Z,2026-02-22T01:29:00Z,0
APP-00850,debt_to_income,0.489,2026-02-23T01:58:00Z,2026-02-22T10:49:00Z,0
APP-00850,income,62203.0,2026-02-23T01:58:00Z,2026-02-12T12:41:00Z,0
APP-00850,months_employed,117.0,2026-02-23T01:58:00Z,2026-02-15T01:00:00Z,0
APP-00850,prior_delinquencies,1.0,2026-02-23T01:58:00Z,2026-02-20T09:28:00Z,0
APP-00851,credit_utilization,0.411,2026-02-23T03:23:00Z,2026-02-21T22:55:00Z,0
APP-00851,debt_to_income,0.519,2026-02-23T03:23:00Z,2026-02-20T12:21:00Z,0
APP-00851,income,31881.0,2026-02-23T03:23:00Z,2026-02-18T22:34:00Z,0
APP-00851,months_employed,27.0,2026-02-23T03:23:00Z,2026-02-17T16:08:00Z,0
APP-00851,prior_delinquencies,1.0,2026-02-23T03:23:00Z,2026-02-21T02:53:00Z,0
APP-00852,credit_utilization,0.547,2026-02-23T03:38:00Z,2026-02-21T05:39:00Z,0
APP-00852,debt_to_income,0.271,2026-02-23T03:38:00Z,2026-02-20T14:55:00Z,0
APP-00852,income,46422.0,2026-02-23T03:38:00Z,2026-01-24T18:05:00Z,0
APP-00852,months_employed,230.0,2026-02-23T03:38:00Z,2026-02-12T08:57:00Z,0
APP-00852,prior_delinquencies,0.0,2026-02-23T03:38:00Z,2026-02-20T04:56:00Z,0
APP-00853,credit_utilization,0.497,2026-02-23T03:40:00Z,2026-02-23T02:40:00Z,1
APP-00853,debt_to_income,0.471,2026-02-23T03:40:00Z,2026-02-21T15:49:00Z,1
APP-00853,income,49019.0,2026-02-23T03:40:00Z,2026-02-18T22:52:00Z,1
APP-00853,months_employed,61.0,2026-02-23T03:40:00Z,2026-02-13T17:55:00Z,1
APP-00853,prior_delinquencies,0.0,2026-02-23T03:40:00Z,2026-02-22T15:18:00Z,1
APP-00854,credit_utilization,0.477,2026-02-23T06:05:00Z,2026-02-21T13:52:00Z,0
APP-00854,debt_to_income,0.204,2026-02-23T06:05:00Z,2026-02-20T19:12:00Z,0
APP-00854,income,71209.0,2026-02-23T06:05:00Z,2026-02-09T19:16:00Z,0
APP-00854,months_employed,212.0,2026-02-23T06:05:00Z,2026-02-15T22:23:00Z,0
APP-00854,prior_delinquencies,0.0,2026-02-23T06:05:00Z,2026-02-21T01:35:00Z,0
APP-00855,credit_utilization,0.284,2026-02-23T06:59:00Z,2026-02-21T11:02:00Z,0
APP-00855,debt_to_income,0.262,2026-02-23T06:59:00Z,2026-02-22T15:21:00Z,0
APP-00855,income,75012.0,2026-02-23T06:59:00Z,2026-02-05T02:02:00Z,0
APP-00855,months_employed,91.0,2026-02-23T06:59:00Z,2026-02-09T12:23:00Z,0
APP-00855,prior_delinquencies,1.0,2026-02-23T06:59:00Z,2026-02-21T11:38:00Z,0
APP-00856,credit_utilization,0.341,2026-02-23T07:55:00Z,2026-02-21T12:59:00Z,1
APP-00856,debt_to_income,0.433,2026-02-23T07:55:00Z,2026-02-20T21:00:00Z,1
APP-00856,income,64434.0,2026-02-23T07:55:00Z,2026-02-02T12:52:00Z,1
APP-00856,months_employed,86.0,2026-02-23T07:55:00Z,2026-02-16T17:53:00Z,1
APP-00856,prior_delinquencies,0.0,2026-02-23T07:55:00Z,2026-02-20T20:26:00Z,1
APP-00857,credit_utilization,0.234,2026-02-23T08:17:00Z,2026-02-22T01:39:00Z,0
APP-00857,debt_to_income,0.305,2026-02-23T08:17:00Z,2026-02-22T03:22:00Z,0
APP-00857,income,53836.0,2026-02-23T08:17:00Z,2026-02-19T09:28:00Z,0
APP-00857,months_employed,182.0,2026-02-23T08:17:00Z,2026-02-21T04:10:00Z,0
APP-00857,prior_delinquencies,0.0,2026-02-23T08:17:00Z,2026-02-21T19:42:00Z,0
APP-00858,credit_utilization,0.576,2026-02-23T10:18:00Z,2026-02-22T12:08:00Z,0
APP-00858,debt_to_income,0.402,2026-02-23T10:18:00Z,2026-02-22T11:41:00Z,0
APP-00858,income,43352.0,2026-02-23T10:18:00Z,2026-02-01T03:16:00Z,0
APP-00858,months_employed,194.0,2026-02-23T10:18:00Z,2026-02-10T15:08:00Z,0
APP-00858,prior_delinquencies,0.0,2026-02-23T10:18:00Z,2026-02-23T04:30:00Z,0
APP-00859,credit_utilization,0.212,2026-02-23T10:44:00Z,2026-02-23T03:41:00Z,0
APP-00859,debt_to_income,0.312,2026-02-23T10:44:00Z,2026-02-22T22:51:00Z,0
APP-00859,income,63638.0,2026-02-23T10:44:00Z,2026-01-27T17:32:00Z,0
APP-00859,months_employed,40.0,2026-02-23T10:44:00Z,2026-02-11T21:38:00Z,0
APP-00859,prior_delinquencies,0.0,2026-02-23T10:44:00Z,2026-02-20T10:05:00Z,0
APP-00860,credit_utilization,0.529,2026-02-23T11:25:00Z,2026-02-22T03:43:00Z,0
APP-00860,debt_to_income,0.52,2026-02-23T11:25:00Z,2026-02-22T19:05:00Z,0
APP-00860,income,46051.0,2026-02-23T11:25:00Z,2026-02-08T15:51:00Z,0
APP-00860,months_employed,112.0,2026-02-23T11:25:00Z,2026-02-14T18:38:00Z,0
APP-00860,prior_delinquencies,0.0,2026-02-23T11:25:00Z,2026-02-22T11:52:00Z,0
APP-00861,credit_utilization,0.099,2026-02-23T13:54:00Z,2026-02-21T18:43:00Z,0
APP-00861,debt_to_income,0.324,2026-02-23T13:54:00Z,2026-02-23T09:18:00Z,0
APP-00861,income,77206.0,2026-02-23T13:54:00Z,2026-02-05T04:01:00Z,0
APP-00861,months_employed,105.0,2026-02-23T13:54:00Z,2026-02-13T10:26:00Z,0
APP-00861,prior_delinquencies,0.0,2026-02-23T13:54:00Z,2026-02-22T12:16:00Z,0
APP-00862,credit_utilization,0.515,2026-02-23T16:22:00Z,2026-02-22T19:21:00Z,0
APP-00862,debt_to_income,0.392,2026-02-23T16:22:00Z,2026-02-22T09:23:00Z,0
APP-00862,income,54492.0,2026-02-23T16:22:00Z,2026-01-25T19:55:00Z,0
APP-00862,months_employed,166.0,2026-02-23T16:22:00Z,2026-02-12T23:21:00Z,0
APP-00862,prior_delinquencies,0.0,2026-02-23T16:22:00Z,2026-02-23T10:46:00Z,0
APP-00863,credit_utilization,0.693,2026-02-23T17:21:00Z,2026-02-22T11:15:00Z,0
APP-00863,debt_to_income,0.677,2026-02-23T17:21:00Z,2026-02-21T09:32:00Z,0
APP-00863,income,34470.0,2026-02-23T17:21:00Z,2026-01-24T18:15:00Z,0
APP-00863,months_employed,52.0,2026-02-23T17:21:00Z,2026-02-11T06:34:00Z,0
APP-00863,prior_delinquencies,1.0,2026-02-23T17:21:00Z,2026-02-19T23:11:00Z,0
APP-00864,credit_utilization,0.385,2026-02-23T17:58:00Z,2026-02-22T21:57:00Z,0
APP-00864,debt_to_income,0.35,2026-02-23T17:58:00Z,2026-02-20T20:57:00Z,0
APP-00864,income,48253.0,2026-02-23T17:58:00Z,2026-02-21T14:07:00Z,0
APP-00864,months_employed,205.0,2026-02-23T17:58:00Z,2026-02-15T02:27:00Z,0
APP-00864,prior_delinquencies,0.0,2026-02-23T17:58:00Z,2026-02-21T14:14:00Z,0
APP-00865,credit_utilization,0.434,2026-02-23T18:45:00Z,2026-02-22T00:07:00Z,0
APP-00865,debt_to_income,0.289,2026-02-23T18:45:00Z,2026-02-23T07:14:00Z,0
APP-00865,income,44853.0,2026-02-23T18:45:00Z,2026-02-22T07:13:00Z,0
APP-00865,months_employed,236.0,2026-02-23T18:45:00Z,2026-02-20T12:01:00Z,0
APP-00865,prior_delinquencies,1.0,2026-02-23T18:45:00Z,2026-02-21T12:44:00Z,0
APP-00866,credit_utilization,0.4,2026-02-23T21:53:00Z,2026-02-23T19:55:00Z,0
APP-00866,debt_to_income,0.198,2026-02-23T21:53:00Z,2026-02-22T06:23:00Z,0
APP-00866,income,30650.0,2026-02-23T21:53:00Z,2026-01-25T09:46:00Z,0
APP-00866,months_employed,85.0,2026-02-23T21:53:00Z,2026-02-22T07:08:00Z,0
APP-00866,prior_delinquencies,1.0,2026-02-23T21:53:00Z,2026-02-20T12:19:00Z,0
APP-00867,credit_utilization,0.379,2026-02-24T00:03:00Z,2026-02-22T12:27:00Z,0
APP-00867,debt_to_income,0.23,2026-02-24T00:03:00Z,2026-02-23T02:58:00Z,0
APP-00867,income,67462.0,2026-02-24T00:03:00Z,2026-02-03T07:23:00Z,0
APP-00867,months_employed,31.0,2026-02-24T00:03:00Z,2026-02-11T18:50:00Z,0
APP-00867,prior_delinquencies,0.0,2026-02-24T00:03:00Z,2026-02-23T08:33:00Z,0
APP-00868,credit_utilization,0.585,2026-02-24T01:15:00Z,2026-02-22T03:38:00Z,0
APP-00868,debt_to_income,0.579,2026-02-24T01:15:00Z,2026-02-23T08:48:00Z,0
APP-00868,income,16424.0,2026-02-24T01:15:00Z,2026-02-08T07:02:00Z,0
APP-00868,months_employed,198.0,2026-02-24T01:15:00Z,2026-02-10T10:32:00Z,0
APP-00868,prior_delinquencies,2.0,2026-02-24T01:15:00Z,2026-02-20T18:20:00Z,0
APP-00869,credit_utilization,0.291,2026-02-24T01:49:00Z,2026-02-23T19:50:00Z,0
APP-00869,debt_to_income,0.225,2026-02-24T01:49:00Z,2026-02-21T19:06:00Z,0
APP-00869,income,45293.0,2026-02-24T01:49:00Z,2026-02-06T03:29:00Z,0
APP-00869,months_employed,45.0,2026-02-24T01:49:00Z,2026-02-20T17:06:00Z,0
APP-00869,prior_delinquencies,2.0,2026-02-24T01:49:00Z,2026-02-21T19:15:00Z,0
APP-00870,credit_utilization,0.388,2026-02-24T04:33:00Z,2026-02-22T20:44:00Z,0
APP-00870,debt_to_income,0.224,2026-02-24T04:33:00Z,2026-02-22T09:44:00Z,0
APP-00870,income,89170.0,2026-02-24T04:33:00Z,2026-01-30T13:43:00Z,0
APP-00870,months_employed,8.0,2026-02-24T04:33:00Z,2026-02-17T10:08:00Z,0
APP-00870,prior_delinquencies,0.0,2026-02-24T04:33:00Z,2026-02-20T12:39:00Z,0
APP-00871,credit_utilization,0.0,2026-02-24T05:23:00Z,2026-02-23T14:22:00Z,0
APP-00871,debt_to_income,0.272,2026-02-24T05:23:00Z,2026-02-21T21:35:00Z,0
APP-00871,income,45265.0,2026-02-24T05:23:00Z,2026-01-26T07:35:00Z,0
APP-00871,months_employed,76.0,2026-02-24T05:23:00Z,2026-02-18T15:25:00Z,0
APP-00871,prior_delinquencies,1.0,2026-02-24T05:23:00Z,2026-02-20T22:31:00Z,0
APP-00872,credit_utilization,0.498,2026-02-24T06:07:00Z,2026-02-23T03:51:00Z,0
APP-00872,debt_to_income,0.417,2026-02-24T06:07:00Z,2026-02-23T19:13:00Z,0
APP-00872,income,12650.0,2026-02-24T06:07:00Z,2026-02-06T16:12:00Z,0
APP-00872,months_employed,91.0,2026-02-24T06:07:00Z,2026-02-21T02:38:00Z,0
APP-00872,prior_delinquencies,0.0,2026-02-24T06:07:00Z,2026-02-23T21:58:00Z,0
APP-00873,credit_utilization,0.862,2026-02-24T08:41:00Z,2026-02-22T22:28:00Z,0
APP-00873,debt_to_income,0.463,2026-02-24T08:41:00Z,2026-02-22T10:26:00Z,0
APP-00873,income,27654.0,2026-02-24T08:41:00Z,2026-02-18T18:25:00Z,0
APP-00873,months_employed,107.0,2026-02-24T08:41:00Z,2026-02-17T22:52:00Z,0
APP-00873,prior_delinquencies,0.0,2026-02-24T08:41:00Z,2026-02-20T12:46:00Z,0
APP-00874,credit_utilization,0.253,2026-02-24T11:09:00Z,2026-02-24T03:34:00Z,0
APP-00874,debt_to_income,0.373,2026-02-24T11:09:00Z,2026-02-22T06:46:00Z,0
APP-00874,income,69788.0,2026-02-24T11:09:00Z,2026-02-20T05:52:00Z,0
APP-00874,months_employed,68.0,2026-02-24T11:09:00Z,2026-02-14T06:36:00Z,0
APP-00874,prior_delinquencies,1.0,2026-02-24T11:09:00Z,2026-02-21T21:53:00Z,0
APP-00875,credit_utilization,0.594,2026-02-24T13:27:00Z,2026-02-22T16:03:00Z,0
APP-00875,debt_to_income,0.304,2026-02-24T13:27:00Z,2026-02-24T01:32:00Z,0
APP-00875,income,49497.0,2026-02-24T13:27:00Z,2026-02-02T04:51:00Z,0
APP-00875,months_employed,166.0,2026-02-24T13:27:00Z,2026-02-11T20:23:00Z,0
APP-00875,prior_delinquencies,0.0,2026-02-24T13:27:00Z,2026-02-22T19:31:00Z,0
APP-00876,credit_utilization,0.297,2026-02-24T13:31:00Z,2026-02-23T01:10:00Z,1
APP-00876,debt_to_income,0.556,2026-02-24T13:31:00Z,2026-02-23T17:49:00Z,1
APP-00876,income,62989.0,2026-02-24T13:31:00Z,2026-01-28T19:49:00Z,1
APP-00876,months_employed,26.0,2026-02-24T13:31:00Z,2026-02-14T21:23:00Z,1
APP-00876,prior_delinquencies,0.0,2026-02-24T13:31:00Z,2026-02-21T00:16:00Z,1
APP-00877,credit_utilization,0.478,2026-02-24T17:23:00Z,2026-02-23T23:11:00Z,0
APP-00877,debt_to_income,0.511,2026-02-24T17:23:00Z,2026-02-24T01:44:00Z,0
APP-00877,income,23005.0,2026-02-24T17:23:00Z,2026-02-10T20:30:00Z,0
APP-00877,months_employed,32.0,2026-02-24T17:23:00Z,2026-02-11T07:14:00Z,0
APP-00877,prior_delinquencies,0.0,2026-02-24T17:23:00Z,2026-02-22T08:02:00Z,0
APP-00878,credit_utilization,0.294,2026-02-24T17:24:00Z,2026-02-22T17:50:00Z,0
APP-00878,debt_to_income,0.313,2026-02-24T17:24:00Z,2026-02-23T15:18:00Z,0
APP-00878,income,66577.0,2026-02-24T17:24:00Z,2026-02-11T01:17:00Z,0
APP-00878,months_employed,136.0,2026-02-24T17:24:00Z,2026-02-17T19:32:00Z,0
APP-00878,prior_delinquencies,0.0,2026-02-24T17:24:00Z,2026-02-21T10:23:00Z,0
APP-00879,credit_utilization,0.768,2026-02-24T21:30:00Z,2026-02-23T03:57:00Z,0
APP-00879,debt_to_income,0.402,2026-02-24T21:30:00Z,2026-02-23T20:49:00Z,0
APP-00879,income,34402.0,2026-02-24T21:30:00Z,2026-02-14T08:50:00Z,0
APP-00879,months_employed,171.0,2026-02-24T21:30:00Z,2026-02-15T18:58:00Z,0
APP-00879,prior_delinquencies,0.0,2026-02-24T21:30:00Z,2026-02-24T14:18:00Z,0
APP-00880,credit_utilization,0.214,2026-02-24T22:51:00Z,2026-02-24T04:51:00Z,0
APP-00880,debt_to_income,0.361,2026-02-24T22:51:00Z,2026-02-22T05:23:00Z,0
APP-00880,income,96622.0,2026-02-24T22:51:00Z,2026-02-11T15:30:00Z,0
APP-00880,months_employed,175.0,2026-02-24T22:51:00Z,2026-02-23T13:06:00Z,0
APP-00880,prior_delinquencies,0.0,2026-02-24T22:51:00Z,2026-02-23T22:09:00Z,0
APP-00881,credit_utilization,0.46,2026-02-25T00:00:00Z,2026-02-23T18:16:00Z,0
APP-00881,debt_to_income,0.346,2026-02-25T00:00:00Z,2026-02-22T21:18:00Z,0
APP-00881,income,51250.0,2026-02-25T00:00:00Z,2026-02-16T12:58:00Z,0
APP-00881,months_employed,129.0,2026-02-25T00:00:00Z,2026-02-23T21:40:00Z,0
APP-00881,prior_delinquencies,1.0,2026-02-25T00:00:00Z,2026-02-22T00:15:00Z,0
APP-00882,credit_utilization,0.463,2026-02-25T00:46:00Z,2026-02-24T11:17:00Z,0
APP-00882,debt_to_income,0.436,2026-02-25T00:46:00Z,2026-02-22T03:13:00Z,0
APP-00882,income,51011.0,2026-02-25T00:46:00Z,2026-02-01T00:12:00Z,0
APP-00882,months_employed,191.0,2026-02-25T00:46:00Z,2026-02-11T18:50:00Z,0
APP-00882,prior_delinquencies,0.0,2026-02-25T00:46:00Z,2026-02-21T02:26:00Z,0
APP-00883,credit_utilization,0.473,2026-02-25T01:29:00Z,2026-02-23T15:26:00Z,0
APP-00883,debt_to_income,0.322,2026-02-25T01:29:00Z,2026-02-24T21:41:00Z,0
APP-00883,income,55309.0,2026-02-25T01:29:00Z,2026-01-26T15:19:00Z,0
APP-00883,months_employed,21.0,2026-02-25T01:29:00Z,2026-02-18T12:01:00Z,0
APP-00883,prior_delinquencies,2.0,2026-02-25T01:29:00Z,2026-02-21T18:57:00Z,0
APP-00884,credit_utilization,0.013,2026-02-25T02:08:00Z,2026-02-23T18:16:00Z,0
APP-00884,debt_to_income,0.314,2026-02-25T02:08:00Z,2026-02-23T17:02:00Z,0
APP-00884,income,30634.0,2026-02-25T02:08:00Z,2026-02-22T05:28:00Z,0
APP-00884,months_employed,115.0,2026-02-25T02:08:00Z,2026-02-12T19:50:00Z,0
APP-00884,prior_delinquencies,0.0,2026-02-25T02:08:00Z,2026-02-23T19:41:00Z,0
APP-00885,credit_utilization,0.385,2026-02-25T03:43:00Z,2026-02-24T14:41:00Z,1
APP-00885,debt_to_income,0.417,2026-02-25T03:43:00Z,2026-02-24T22:57:00Z,1
APP-00885,income,58970.0,2026-02-25T03:43:00Z,2026-02-01T14:07:00Z,1
APP-00885,months_employed,151.0,2026-02-25T03:43:00Z,2026-02-23T01:29:00Z,1
APP-00885,prior_delinquencies,0.0,2026-02-25T03:43:00Z,2026-02-23T05:32:00Z,1
APP-00886,credit_utilization,0.681,2026-02-25T05:51:00Z,2026-02-24T18:04:00Z,0
APP-00886,debt_to_income,0.43,2026-02-25T05:51:00Z,2026-02-25T03:12:00Z,0
APP-00886,income,51718.0,2026-02-25T05:51:00Z,2026-02-07T19:27:00Z,0
APP-00886,months_employed,4.0,2026-02-25T05:51:00Z,2026-02-21T04:56:00Z,0
APP-00886,prior_delinquencies,0.0,2026-02-25T05:51:00Z,2026-02-24T06:21:00Z,0
APP-00887,credit_utilization,0.595,2026-02-25T08:23:00Z,2026-02-24T21:21:00Z,0
APP-00887,debt_to_income,0.369,2026-02-25T08:23:00Z,2026-02-23T16:47:00Z,0
APP-00887,income,121633.0,2026-02-25T08:23:00Z,2026-01-27T04:24:00Z,0
APP-00887,months_employed,187.0,2026-02-25T08:23:00Z,2026-02-14T00:43:00Z,0
APP-00887,prior_delinquencies,0.0,2026-02-25T08:23:00Z,2026-02-24T06:47:00Z,0
APP-00888,credit_utilization,0.696,2026-02-25T09:24:00Z,2026-02-25T01:18:00Z,0
APP-00888,debt_to_income,0.406,2026-02-25T09:24:00Z,2026-02-23T20:34:00Z,0
APP-00888,income,78081.0,2026-02-25T09:24:00Z,2026-02-09T13:48:00Z,0
APP-00888,months_employed,168.0,2026-02-25T09:24:00Z,2026-02-21T04:59:00Z,0
APP-00888,prior_delinquencies,0.0,2026-02-25T09:24:00Z,2026-02-21T14:15:00Z,0
APP-00889,credit_utilization,0.303,2026-02-25T10:10:00Z,2026-02-25T05:16:00Z,0
APP-00889,debt_to_income,0.315,2026-02-25T10:10:00Z,2026-02-23T10:57:00Z,0
APP-00889,income,46929.0,2026-02-25T10:10:00Z,2026-01-27T00:10:00Z,0
APP-00889,months_employed,27.0,2026-02-25T10:10:00Z,2026-02-22T08:10:00Z,0
APP-00889,prior_delinquencies,0.0,2026-02-25T10:10:00Z,2026-02-23T11:01:00Z,0
APP-00890,credit_utilization,0.528,2026-02-25T10:39:00Z,2026-02-25T00:52:00Z,1
APP-00890,debt_to_income,0.475,2026-02-25T10:39:00Z,2026-02-23T19:18:00Z,1
APP-00890,income,28485.0,2026-02-25T10:39:00Z,2026-01-27T03:16:00Z,1
APP-00890,months_employed,150.0,2026-02-25T10:39:00Z,2026-02-24T04:22:00Z,1
APP-00890,prior_delinquencies,1.0,2026-02-25T10:39:00Z,2026-02-25T04:41:00Z,1
APP-00891,credit_utilization,0.554,2026-02-25T11:13:00Z,2026-02-24T10:28:00Z,0
APP-00891,debt_to_income,0.135,2026-02-25T11:13:00Z,2026-02-24T12:45:00Z,0
APP-00891,income,47618.0,2026-02-25T11:13:00Z,2026-01-31T23:27:00Z,0
APP-00891,months_employed,119.0,2026-02-25T11:13:00Z,2026-02-20T23:51:00Z,0
APP-00891,prior_delinquencies,1.0,2026-02-25T11:13:00Z,2026-02-25T00:17:00Z,0
APP-00892,credit_utilization,0.497,2026-02-25T11:25:00Z,2026-02-25T02:43:00Z,0
APP-00892,debt_to_income,0.452,2026-02-25T11:25:00Z,2026-02-24T18:25:00Z,0
APP-00892,income,58238.0,2026-02-25T11:25:00Z,2026-02-03T14:08:00Z,0
APP-00892,months_employed,173.0,2026-02-25T11:25:00Z,2026-02-21T15:48:00Z,0
APP-00892,prior_delinquencies,0.0,2026-02-25T11:25:00Z,2026-02-24T04:54:00Z,0
APP-00893,credit_utilization,0.659,2026-02-25T15:20:00Z,2026-02-25T03:55:00Z,0
APP-00893,debt_to_income,0.506,2026-02-25T15:20:00Z,2026-02-24T10:41:00Z,0
APP-00893,income,56127.0,2026-02-25T15:20:00Z,2026-02-16T17:25:00Z,0
APP-00893,months_employed,238.0,2026-02-25T15:20:00Z,2026-02-20T09:42:00Z,0
APP-00893,prior_delinquencies,3.0,2026-02-25T15:20:00Z,2026-02-23T18:35:00Z,0
APP-00894,credit_utilization,0.304,2026-02-25T15:34:00Z,2026-02-25T11:04:00Z,0
APP-00894,debt_to_income,0.115,2026-02-25T15:34:00Z,2026-02-23T09:14:00Z,0
APP-00894,income,43565.0,2026-02-25T15:34:00Z,2026-02-15T17:46:00Z,0
APP-00894,months_employed,34.0,2026-02-25T15:34:00Z,2026-02-24T12:15:00Z,0
APP-00894,prior_delinquencies,0.0,2026-02-25T15:34:00Z,2026-02-25T03:11:00Z,0
APP-00895,credit_utilization,0.454,2026-02-25T17:14:00Z,2026-02-23T21:38:00Z,0
APP-00895,debt_to_income,0.393,2026-02-25T17:14:00Z,2026-02-25T11:16:00Z,0
APP-00895,income,21944.0,2026-02-25T17:14:00Z,2026-02-10T03:06:00Z,0
APP-00895,months_employed,182.0,2026-02-25T17:14:00Z,2026-02-22T15:43:00Z,0
APP-00895,prior_delinquencies,0.0,2026-02-25T17:14:00Z,2026-02-22T12:47:00Z,0
APP-00896,credit_utilization,0.282,2026-02-25T19:27:00Z,2026-02-25T17:11:00Z,0
APP-00896,debt_to_income,0.297,2026-02-25T19:27:00Z,2026-02-24T10:34:00Z,0
APP-00896,income,54968.0,2026-02-25T19:27:00Z,2026-02-10T01:05:00Z,0
APP-00896,months_employed,114.0,2026-02-25T19:27:00Z,2026-02-24T05:56:00Z,0
APP-00896,prior_delinquencies,0.0,2026-02-25T19:27:00Z,2026-02-21T19:54:00Z,0
APP-00897,credit_utilization,0.591,2026-02-25T20:13:00Z,2026-02-25T12:35:00Z,0
APP-00897,debt_to_income,0.197,2026-02-25T20:13:00Z,2026-02-23T17:48:00Z,0
APP-00897,income,81672.0,2026-02-25T20:13:00Z,2026-01-30T19:59:00Z,0
APP-00897,months_employed,112.0,2026-02-25T20:13:00Z,2026-02-15T18:14:00Z,0
APP-00897,prior_delinquencies,0.0,2026-02-25T20:13:00Z,2026-02-22T21:57:00Z,0
APP-00898,credit_utilization,0.372,2026-02-25T21:44:00Z,2026-02-24T04:20:00Z,0
APP-00898,debt_to_income,0.209,2026-02-25T21:44:00Z,2026-02-24T20:55:00Z,0
APP-00898,income,66278.0,2026-02-25T21:44:00Z,2026-02-10T15:13:00Z,0
APP-00898,months_employed,217.0,2026-02-25T21:44:00Z,2026-02-18T20:06:00Z,0
APP-00898,prior_delinquencies,0.0,2026-02-25T21:44:00Z,2026-02-23T00:00:00Z,0
APP-00899,credit_utilization,0.484,2026-02-25T22:03:00Z,2026-02-25T04:43:00Z,0
APP-00899,debt_to_income,0.237,2026-02-25T22:03:00Z,2026-02-23T02:45:00Z,0
APP-00899,income,34505.0,2026-02-25T22:03:00Z,2026-01-30T08:36:00Z,0
APP-00899,months_employed,77.0,2026-02-25T22:03:00Z,2026-02-12T08:10:00Z,0
APP-00899,prior_delinquencies,0.0,2026-02-25T22:03:00Z,2026-02-23T13:40:00Z,0
APP-00900,credit_utilization,0.689,2026-02-25T22:29:00Z,2026-02-24T09:27:00Z,1
APP-00900,debt_to_income,0.436,2026-02-25T22:29:00Z,2026-02-23T04:07:00Z,1
APP-00900,income,41414.0,2026-02-25T22:29:00Z,2026-02-08T04:07:00Z,1
APP-00900,months_employed,46.0,2026-02-25T22:29:00Z,2026-02-23T05:27:00Z,1
APP-00900,prior_delinquencies,1.0,2026-02-25T22:29:00Z,2026-02-25T16:01:00Z,1
APP-00901,credit_utilization,0.572,2026-02-25T23:12:00Z,2026-02-24T08:56:00Z,1
APP-00901,debt_to_income,0.55,2026-02-25T23:12:00Z,2026-02-25T02:48:00Z,1
APP-00901,income,40033.0,2026-02-25T23:12:00Z,2026-02-07T23:15:00Z,1
APP-00901,months_employed,118.0,2026-02-25T23:12:00Z,2026-02-14T15:48:00Z,1
APP-00901,prior_delinquencies,1.0,2026-02-25T23:12:00Z,2026-02-25T11:00:00Z,1
APP-00902,credit_utilization,0.42,2026-02-26T00:02:00Z,2026-02-24T10:53:00Z,0
APP-00902,debt_to_income,0.449,2026-02-26T00:02:00Z,2026-02-24T10:37:00Z,0
APP-00902,income,30878.0,2026-02-26T00:02:00Z,2026-02-11T20:42:00Z,0
APP-00902,months_employed,106.0,2026-02-26T00:02:00Z,2026-02-24T08:53:00Z,0
APP-00902,prior_delinquencies,1.0,2026-02-26T00:02:00Z,2026-02-25T14:24:00Z,0
APP-00903,credit_utilization,0.381,2026-02-26T06:51:00Z,2026-02-25T20:49:00Z,0
APP-00903,debt_to_income,0.39,2026-02-26T06:51:00Z,2026-02-25T09:08:00Z,0
APP-00903,income,56774.0,2026-02-26T06:51:00Z,2026-02-16T14:17:00Z,0
APP-00903,months_employed,24.0,2026-02-26T06:51:00Z,2026-02-24T19:17:00Z,0
APP-00903,prior_delinquencies,0.0,2026-02-26T06:51:00Z,2026-02-25T04:52:00Z,0
APP-00904,credit_utilization,0.294,2026-02-26T08:59:00Z,2026-02-25T11:30:00Z,0
APP-00904,debt_to_income,0.132,2026-02-26T08:59:00Z,2026-02-24T12:55:00Z,0
APP-00904,income,59460.0,2026-02-26T08:59:00Z,2026-02-12T18:41:00Z,0
APP-00904,months_employed,70.0,2026-02-26T08:59:00Z,2026-02-23T04:19:00Z,0
APP-00904,prior_delinquencies,0.0,2026-02-26T08:59:00Z,2026-02-25T17:42:00Z,0
APP-00905,credit_utilization,0.247,2026-02-26T10:07:00Z,2026-02-25T06:31:00Z,0
APP-00905,debt_to_income,0.289,2026-02-26T10:07:00Z,2026-02-23T22:11:00Z,0
APP-00905,income,68592.0,2026-02-26T10:07:00Z,2026-01-30T06:16:00Z,0
APP-00905,months_employed,125.0,2026-02-26T10:07:00Z,2026-02-14T01:10:00Z,0
APP-00905,prior_delinquencies,0.0,2026-02-26T10:07:00Z,2026-02-24T04:23:00Z,0
APP-00906,credit_utilization,0.347,2026-02-26T14:24:00Z,2026-02-25T18:10:00Z,0
APP-00906,debt_to_income,0.228,2026-02-26T14:24:00Z,2026-02-24T20:20:00Z,0
APP-00906,income,105766.0,2026-02-26T14:24:00Z,2026-02-15T00:22:00Z,0
APP-00906,months_employed,29.0,2026-02-26T14:24:00Z,2026-02-22T04:27:00Z,0
APP-00906,prior_delinquencies,0.0,2026-02-26T14:24:00Z,2026-02-24T23:05:00Z,0
APP-00907,credit_utilization,0.432,2026-02-26T15:48:00Z,2026-02-25T05:44:00Z,0
APP-00907,debt_to_income,0.436,2026-02-26T15:48:00Z,2026-02-26T02:26:00Z,0
APP-00907,income,106038.0,2026-02-26T15:48:00Z,2026-02-21T01:55:00Z,0
APP-00907,months_employed,187.0,2026-02-26T15:48:00Z,2026-02-18T08:51:00Z,0
APP-00907,prior_delinquencies,1.0,2026-02-26T15:48:00Z,2026-02-23T06:48:00Z,0
APP-00908,credit_utilization,0.346,2026-02-26T15:53:00Z,2026-02-24T18:04:00Z,0
APP-00908,debt_to_income,0.422,2026-02-26T15:53:00Z,2026-02-25T09:25:00Z,0
APP-00908,income,19400.0,2026-02-26T15:53:00Z,2026-02-17T13:01:00Z,0
APP-00908,months_employed,229.0,2026-02-26T15:53:00Z,2026-02-15T06:14:00Z,0
APP-00908,prior_delinquencies,3.0,2026-02-26T15:53:00Z,2026-02-24T21:05:00Z,0
APP-00909,credit_utilization,0.174,2026-02-26T16:33:00Z,2026-02-24T17:12:00Z,0
APP-00909,debt_to_income,0.378,2026-02-26T16:33:00Z,2026-02-24T14:19:00Z,0
APP-00909,income,46301.0,2026-02-26T16:33:00Z,2026-02-21T13:30:00Z,0
APP-00909,months_employed,28.0,2026-02-26T16:33:00Z,2026-02-19T10:16:00Z,0
APP-00909,prior_delinquencies,0.0,2026-02-26T16:33:00Z,2026-02-23T10:13:00Z,0
APP-00910,credit_utilization,0.435,2026-02-26T16:53:00Z,2026-02-25T22:06:00Z,0
APP-00910,debt_to_income,0.322,2026-02-26T16:53:00Z,2026-02-24T04:40:00Z,0
APP-00910,income,36667.0,2026-02-26T16:53:00Z,2026-02-24T19:10:00Z,0
APP-00910,months_employed,24.0,2026-02-26T16:53:00Z,2026-02-23T10:10:00Z,0
APP-00910,prior_delinquencies,0.0,2026-02-26T16:53:00Z,2026-02-23T19:41:00Z,0
APP-00911,credit_utilization,0.27,2026-02-26T17:02:00Z,2026-02-25T14:30:00Z,0
APP-00911,debt_to_income,0.294,2026-02-26T17:02:00Z,2026-02-23T20:51:00Z,0
APP-00911,income,39891.0,2026-02-26T17:02:00Z,2026-02-20T15:56:00Z,0
APP-00911,months_employed,231.0,2026-02-26T17:02:00Z,2026-02-21T20:45:00Z,0
APP-00911,prior_delinquencies,2.0,2026-02-26T17:02:00Z,2026-02-25T15:46:00Z,0
APP-00912,credit_utilization,0.33,2026-02-26T18:36:00Z,2026-02-26T13:50:00Z,0
APP-00912,debt_to_income,0.532,2026-02-26T18:36:00Z,2026-02-26T03:09:00Z,0
APP-00912,income,83355.0,2026-02-26T18:36:00Z,2026-02-18T18:30:00Z,0
APP-00912,months_employed,57.0,2026-02-26T18:36:00Z,2026-02-21T20:54:00Z,0
APP-00912,prior_delinquencies,0.0,2026-02-26T18:36:00Z,2026-02-26T01:52:00Z,0
APP-00913,credit_utilization,0.077,2026-02-26T19:19:00Z,2026-02-25T16:53:00Z,0
APP-00913,debt_to_income,0.299,2026-02-26T19:19:00Z,2026-02-25T16:45:00Z,0
APP-00913,income,36343.0,2026-02-26T19:19:00Z,2026-02-17T06:27:00Z,0
APP-00913,months_employed,228.0,2026-02-26T19:19:00Z,2026-02-13T08:16:00Z,0
APP-00913,prior_delinquencies,0.0,2026-02-26T19:19:00Z,2026-02-24T14:01:00Z,0
APP-00914,credit_utilization,0.359,2026-02-26T20:20:00Z,2026-02-24T22:19:00Z,0
APP-00914,debt_to_income,0.411,2026-02-26T20:20:00Z,2026-02-26T19:10:00Z,0
APP-00914,income,42082.0,2026-02-26T20:20:00Z,2026-02-17T02:19:00Z,0
APP-00914,months_employed,26.0,2026-02-26T20:20:00Z,2026-02-18T04:49:00Z,0
APP-00914,prior_delinquencies,0.0,2026-02-26T20:20:00Z,2026-02-25T05:48:00Z,0
APP-00915,credit_utilization,0.557,2026-02-26T20:50:00Z,2026-02-26T16:48:00Z,0
APP-00915,debt_to_income,0.26,2026-02-26T20:50:00Z,2026-02-24T23:41:00Z,0
APP-00915,income,66794.0,2026-02-26T20:50:00Z,2026-02-12T00:15:00Z,0
APP-00915,months_employed,204.0,2026-02-26T20:50:00Z,2026-02-15T18:58:00Z,0
APP-00915,prior_delinquencies,0.0,2026-02-26T20:50:00Z,2026-02-22T20:52:00Z,0
APP-00916,credit_utilization,0.529,2026-02-26T20:59:00Z,2026-02-24T23:10:00Z,1
APP-00916,debt_to_income,0.382,2026-02-26T20:59:00Z,2026-02-26T17:32:00Z,1
APP-00916,income,57302.0,2026-02-26T20:59:00Z,2026-02-22T09:17:00Z,1
APP-00916,months_employed,9.0,2026-02-26T20:59:00Z,2026-02-22T21:36:00Z,1
APP-00916,prior_delinquencies,0.0,2026-02-26T20:59:00Z,2026-02-23T19:04:00Z,1
APP-00917,credit_utilization,0.157,2026-02-26T23:19:00Z,2026-02-26T17:03:00Z,0
APP-00917,debt_to_income,0.162,2026-02-26T23:19:00Z,2026-02-25T18:14:00Z,0
APP-00917,income,72169.0,2026-02-26T23:19:00Z,2026-02-21T13:12:00Z,0
APP-00917,months_employed,40.0,2026-02-26T23:19:00Z,2026-02-22T18:50:00Z,0
APP-00917,prior_delinquencies,0.0,2026-02-26T23:19:00Z,2026-02-23T13:20:00Z,0
APP-00918,credit_utilization,0.123,2026-02-26T23:19:00Z,2026-02-25T16:17:00Z,0
APP-00918,debt_to_income,0.208,2026-02-26T23:19:00Z,2026-02-26T18:10:00Z,0
APP-00918,income,90509.0,2026-02-26T23:19:00Z,2026-02-04T00:21:00Z,0
APP-00918,months_employed,217.0,2026-02-26T23:19:00Z,2026-02-25T13:28:00Z,0
APP-00918,prior_delinquencies,1.0,2026-02-26T23:19:00Z,2026-02-26T15:14:00Z,0
APP-00919,credit_utilization,0.371,2026-02-27T00:13:00Z,2026-02-26T12:33:00Z,0
APP-00919,debt_to_income,0.313,2026-02-27T00:13:00Z,2026-02-25T14:07:00Z,0
APP-00919,income,67407.0,2026-02-27T00:13:00Z,2026-02-24T17:57:00Z,0
APP-00919,months_employed,11.0,2026-02-27T00:13:00Z,2026-02-22T06:25:00Z,0
APP-00919,prior_delinquencies,0.0,2026-02-27T00:13:00Z,2026-02-23T07:22:00Z,0
APP-00920,credit_utilization,0.0,2026-02-27T04:16:00Z,2026-02-26T18:53:00Z,0
APP-00920,debt_to_income,0.099,2026-02-27T04:16:00Z,2026-02-24T21:54:00Z,0
APP-00920,income,59707.0,2026-02-27T04:16:00Z,2026-02-13T20:55:00Z,0
APP-00920,months_employed,85.0,2026-02-27T04:16:00Z,2026-02-15T15:16:00Z,0
APP-00920,prior_delinquencies,0.0,2026-02-27T04:16:00Z,2026-02-24T14:59:00Z,0
APP-00921,credit_utilization,0.445,2026-02-27T04:58:00Z,2026-02-27T03:31:00Z,0
APP-00921,debt_to_income,0.413,2026-02-27T04:58:00Z,2026-02-24T18:07:00Z,0
APP-00921,income,37066.0,2026-02-27T04:58:00Z,2026-02-12T18:38:00Z,0
APP-00921,months_employed,162.0,2026-02-27T04:58:00Z,2026-02-19T13:38:00Z,0
APP-00921,prior_delinquencies,0.0,2026-02-27T04:58:00Z,2026-02-26T04:33:00Z,0
APP-00922,credit_utilization,0.56,2026-02-27T05:47:00Z,2026-02-25T07:07:00Z,0
APP-00922,debt_to_income,0.595,2026-02-27T05:47:00Z,2026-02-26T12:15:00Z,0
APP-00922,income,26487.0,2026-02-27T05:47:00Z,2026-02-09T12:42:00Z,0
APP-00922,months_employed,1.0,2026-02-27T05:47:00Z,2026-02-16T23:40:00Z,0
APP-00922,prior_delinquencies,3.0,2026-02-27T05:47:00Z,2026-02-26T21:05:00Z,0
APP-00923,credit_utilization,0.402,2026-02-27T05:56:00Z,2026-02-25T10:01:00Z,0
APP-00923,debt_to_income,0.212,2026-02-27T05:56:00Z,2026-02-25T18:03:00Z,0
APP-00923,income,68499.0,2026-02-27T05:56:00Z,2026-02-19T19:22:00Z,0
APP-00923,months_employed,223.0,2026-02-27T05:56:00Z,2026-02-17T01:02:00Z,0
APP-00923,prior_delinquencies,1.0,2026-02-27T05:56:00Z,2026-02-26T06:17:00Z,0
APP-00924,credit_utilization,0.168,2026-02-27T06:17:00Z,2026-02-26T23:46:00Z,0
APP-00924,debt_to_income,0.448,2026-02-27T06:17:00Z,2026-02-27T02:52:00Z,0
APP-00924,income,69713.0,2026-02-27T06:17:00Z,2026-01-28T21:33:00Z,0
APP-00924,months_employed,226.0,2026-02-27T06:17:00Z,2026-02-18T12:40:00Z,0
APP-00924,prior_delinquencies,0.0,2026-02-27T06:17:00Z,2026-02-24T12:08:00Z,0
APP-00925,credit_utilization,0.778,2026-02-27T08:39:00Z,2026-02-26T13:43:00Z,0
APP-00925,debt_to_income,0.556,2026-02-27T08:39:00Z,2026-02-25T06:06:00Z,0
APP-00925,income,69472.0,2026-02-27T08:39:00Z,2026-02-02T01:02:00Z,0
APP-00925,months_employed,224.0,2026-02-27T08:39:00Z,2026-02-20T13:50:00Z,0
APP-00925,prior_delinquencies,1.0,2026-02-27T08:39:00Z,2026-02-24T07:46:00Z,0
APP-00926,credit_utilization,0.432,2026-02-27T09:09:00Z,2026-02-26T04:03:00Z,0
APP-00926,debt_to_income,0.373,2026-02-27T09:09:00Z,2026-02-24T16:07:00Z,0
APP-00926,income,23809.0,2026-02-27T09:09:00Z,2026-01-28T20:23:00Z,0
APP-00926,months_employed,188.0,2026-02-27T09:09:00Z,2026-02-20T14:58:00Z,0
APP-00926,prior_delinquencies,1.0,2026-02-27T09:09:00Z,2026-02-23T17:01:00Z,0
APP-00927,credit_utilization,0.524,2026-02-27T10:26:00Z,2026-02-27T08:59:00Z,0
APP-00927,debt_to_income,0.395,2026-02-27T10:26:00Z,2026-02-25T02:49:00Z,0
APP-00927,income,44782.0,2026-02-27T10:26:00Z,2026-02-20T15:41:00Z,0
APP-00927,months_employed,221.0,2026-02-27T10:26:00Z,2026-02-26T06:51:00Z,0
APP-00927,prior_delinquencies,1.0,2026-02-27T10:26:00Z,2026-02-23T15:09:00Z,0
APP-00928,credit_utilization,0.619,2026-02-27T11:02:00Z,2026-02-26T01:05:00Z,0
APP-00928,debt_to_income,0.309,2026-02-27T11:02:00Z,2026-02-27T05:05:00Z,0
APP-00928,income,33384.0,2026-02-27T11:02:00Z,2026-02-25T01:15:00Z,0
APP-00928,months_employed,169.0,2026-02-27T11:02:00Z,2026-02-18T10:33:00Z,0
APP-00928,prior_delinquencies,0.0,2026-02-27T11:02:00Z,2026-02-25T23:39:00Z,0
APP-00929,credit_utilization,0.691,2026-02-27T11:26:00Z,2026-02-27T07:45:00Z,1
APP-00929,debt_to_income,0.441,2026-02-27T11:26:00Z,2026-02-25T22:04:00Z,1
APP-00929,income,28530.0,2026-02-27T11:26:00Z,2026-02-03T03:37:00Z,1
APP-00929,months_employed,136.0,2026-02-27T11:26:00Z,2026-02-16T22:54:00Z,1
APP-00929,prior_delinquencies,4.0,2026-02-27T11:26:00Z,2026-02-26T16:53:00Z,1
APP-00930,credit_utilization,0.607,2026-02-27T13:08:00Z,2026-02-26T02:00:00Z,0
APP-00930,debt_to_income,0.413,2026-02-27T13:08:00Z,2026-02-24T15:17:00Z,0
APP-00930,income,55144.0,2026-02-27T13:08:00Z,2026-02-16T11:26:00Z,0
APP-00930,months_employed,109.0,2026-02-27T13:08:00Z,2026-02-22T19:14:00Z,0
APP-00930,prior_delinquencies,1.0,2026-02-27T13:08:00Z,2026-02-25T20:20:00Z,0
APP-00931,credit_utilization,0.453,2026-02-27T14:05:00Z,2026-02-25T16:22:00Z,1
APP-00931,debt_to_income,0.472,2026-02-27T14:05:00Z,2026-02-26T21:08:00Z,1
APP-00931,income,39830.0,2026-02-27T14:05:00Z,2026-01-30T05:24:00Z,1
APP-00931,months_employed,166.0,2026-02-27T14:05:00Z,2026-02-14T01:14:00Z,1
APP-00931,prior_delinquencies,1.0,2026-02-27T14:05:00Z,2026-02-24T21:07:00Z,1
APP-00932,credit_utilization,0.334,2026-02-27T14:15:00Z,2026-02-26T09:05:00Z,0
APP-00932,debt_to_income,0.222,2026-02-27T14:15:00Z,2026-02-26T14:57:00Z,0
APP-00932,income,40366.0,2026-02-27T14:15:00Z,2026-02-21T01:42:00Z,0
APP-00932,months_employed,82.0,2026-02-27T14:15:00Z,2026-02-18T08:32:00Z,0
APP-00932,prior_delinquencies,1.0,2026-02-27T14:15:00Z,2026-02-25T14:35:00Z,0
APP-00933,credit_utilization,0.518,2026-02-27T14:50:00Z,2026-02-26T07:04:00Z,1
APP-00933,debt_to_income,0.465,2026-02-27T14:50:00Z,2026-02-25T19:58:00Z,1
APP-00933,income,40710.0,2026-02-27T14:50:00Z,2026-02-03T18:36:00Z,1
APP-00933,months_employed,49.0,2026-02-27T14:50:00Z,2026-02-14T05:47:00Z,1
APP-00933,prior_delinquencies,1.0,2026-02-27T14:50:00Z,2026-02-26T02:48:00Z,1
APP-00934,credit_utilization,0.098,2026-02-27T15:03:00Z,2026-02-26T21:17:00Z,0
APP-00934,debt_to_income,0.459,2026-02-27T15:03:00Z,2026-02-25T01:33:00Z,0
APP-00934,income,52273.0,2026-02-27T15:03:00Z,2026-02-26T07:51:00Z,0
APP-00934,months_employed,134.0,2026-02-27T15:03:00Z,2026-02-18T09:29:00Z,0
APP-00934,prior_delinquencies,2.0,2026-02-27T15:03:00Z,2026-02-23T17:18:00Z,0
APP-00935,credit_utilization,0.399,2026-02-27T15:52:00Z,2026-02-26T21:16:00Z,0
APP-00935,debt_to_income,0.37,2026-02-27T15:52:00Z,2026-02-26T12:13:00Z,0
APP-00935,income,43715.0,2026-02-27T15:52:00Z,2026-02-14T19:29:00Z,0
APP-00935,months_employed,119.0,2026-02-27T15:52:00Z,2026-02-15T17:18:00Z,0
APP-00935,prior_delinquencies,1.0,2026-02-27T15:52:00Z,2026-02-25T15:17:00Z,0
APP-00936,credit_utilization,0.869,2026-02-27T17:53:00Z,2026-02-26T03:07:00Z,1
APP-00936,debt_to_income,0.514,2026-02-27T17:53:00Z,2026-02-25T18:00:00Z,1
APP-00936,income,54450.0,2026-02-27T17:53:00Z,2026-02-25T23:36:00Z,1
APP-00936,months_employed,207.0,2026-02-27T17:53:00Z,2026-02-26T15:50:00Z,1
APP-00936,prior_delinquencies,0.0,2026-02-27T17:53:00Z,2026-02-25T07:38:00Z,1
APP-00937,credit_utilization,0.313,2026-02-27T18:48:00Z,2026-02-26T23:46:00Z,0
APP-00937,debt_to_income,0.426,2026-02-27T18:48:00Z,2026-02-27T16:21:00Z,0
APP-00937,income,44097.0,2026-02-27T18:48:00Z,2026-02-21T12:48:00Z,0
APP-00937,months_employed,43.0,2026-02-27T18:48:00Z,2026-02-18T19:10:00Z,0
APP-00937,prior_delinquencies,0.0,2026-02-27T18:48:00Z,2026-02-26T11:42:00Z,0
APP-00938,credit_utilization,0.381,2026-02-27T19:40:00Z,2026-02-26T00:32:00Z,0
APP-00938,debt_to_income,0.362,2026-02-27T19:40:00Z,2026-02-26T11:06:00Z,0
APP-00938,income,90758.0,2026-02-27T19:40:00Z,2026-02-22T18:27:00Z,0
APP-00938,months_employed,148.0,2026-02-27T19:40:00Z,2026-02-21T23:07:00Z,0
APP-00938,prior_delinquencies,0.0,2026-02-27T19:40:00Z,2026-02-27T10:17:00Z,0
APP-00939,credit_utilization,0.491,2026-02-27T20:55:00Z,2026-02-26T21:07:00Z,0
APP-00939,debt_to_income,0.458,2026-02-27T20:55:00Z,2026-02-25T15:41:00Z,0
APP-00939,income,62313.0,2026-02-27T20:55:00Z,2026-02-23T11:51:00Z,0
APP-00939,months_employed,13.0,2026-02-27T20:55:00Z,2026-02-19T19:38:00Z,0
APP-00939,prior_delinquencies,0.0,2026-02-27T20:55:00Z,2026-02-25T12:12:00Z,0
APP-00940,credit_utilization,0.349,2026-02-27T21:21:00Z,2026-02-27T08:14:00Z,0
APP-00940,debt_to_income,0.362,2026-02-27T21:21:00Z,2026-02-27T18:51:00Z,0
APP-00940,income,87006.0,2026-02-27T21:21:00Z,2026-02-23T04:24:00Z,0
APP-00940,months_employed,179.0,2026-02-27T21:21:00Z,2026-02-15T03:14:00Z,0
APP-00940,prior_delinquencies,1.0,2026-02-27T21:21:00Z,2026-02-26T23:15:00Z,0
APP-00941,credit_utilization,0.246,2026-02-27T21:56:00Z,2026-02-26T03:10:00Z,0
APP-00941,debt_to_income,0.353,2026-02-27T21:56:00Z,2026-02-26T17:19:00Z,0
APP-00941,income,52822.0,2026-02-27T21:56:00Z,2026-02-15T22:15:00Z,0
APP-00941,months_employed,43.0,2026-02-27T21:56:00Z,2026-02-19T05:52:00Z,0
APP-00941,prior_delinquencies,0.0,2026-02-27T21:56:00Z,2026-02-27T06:12:00Z,0
APP-00942,credit_utilization,0.723,2026-02-27T22:09:00Z,2026-02-27T16:07:00Z,1
APP-00942,debt_to_income,0.409,2026-02-27T22:09:00Z,2026-02-25T18:48:00Z,1
APP-00942,income,54378.0,2026-02-27T22:09:00Z,2026-02-21T23:44:00Z,1
APP-00942,months_employed,83.0,2026-02-27T22:09:00Z,2026-02-17T15:34:00Z,1
APP-00942,prior_delinquencies,0.0,2026-02-27T22:09:00Z,2026-02-26T15:46:00Z,1
APP-00943,credit_utilization,0.568,2026-02-28T00:02:00Z,2026-02-27T03:52:00Z,0
APP-00943,debt_to_income,0.484,2026-02-28T00:02:00Z,2026-02-25T22:32:00Z,0
APP-00943,income,27107.0,2026-02-28T00:02:00Z,2026-02-24T17:58:00Z,0
APP-00943,months_employed,79.0,2026-02-28T00:02:00Z,2026-02-20T05:28:00Z,0
APP-00943,prior_delinquencies,0.0,2026-02-28T00:02:00Z,2026-02-25T13:38:00Z,0
APP-00944,credit_utilization,0.108,2026-02-28T01:01:00Z,2026-02-26T07:11:00Z,0
APP-00944,debt_to_income,0.355,2026-02-28T01:01:00Z,2026-02-27T03:58:00Z,0
APP-00944,income,127354.0,2026-02-28T01:01:00Z,2026-02-26T10:09:00Z,0
APP-00944,months_employed,208.0,2026-02-28T01:01:00Z,2026-02-16T15:17:00Z,0
APP-00944,prior_delinquencies,0.0,2026-02-28T01:01:00Z,2026-02-24T19:10:00Z,0
APP-00945,credit_utilization,0.326,2026-02-28T04:20:00Z,2026-02-27T17:32:00Z,0
APP-00945,debt_to_income,0.308,2026-02-28T04:20:00Z,2026-02-27T17:39:00Z,0
APP-00945,income,78241.0,2026-02-28T04:20:00Z,2026-02-01T21:28:00Z,0
APP-00945,months_employed,120.0,2026-02-28T04:20:00Z,2026-02-22T20:00:00Z,0
APP-00945,prior_delinquencies,0.0,2026-02-28T04:20:00Z,2026-02-25T10:50:00Z,0
APP-00946,credit_utilization,0.346,2026-02-28T04:41:00Z,2026-02-26T16:29:00Z,0
APP-00946,debt_to_income,0.21,2026-02-28T04:41:00Z,2026-02-27T18:19:00Z,0
APP-00946,income,54290.0,2026-02-28T04:41:00Z,2026-02-08T04:12:00Z,0
APP-00946,months_employed,121.0,2026-02-28T04:41:00Z,2026-02-17T05:05:00Z,0
APP-00946,prior_delinquencies,1.0,2026-02-28T04:41:00Z,2026-02-27T16:40:00Z,0
APP-00947,credit_utilization,0.55,2026-02-28T04:58:00Z,2026-02-27T14:39:00Z,0
APP-00947,debt_to_income,0.355,2026-02-28T04:58:00Z,2026-02-27T23:19:00Z,0
APP-00947,income,96085.0,2026-02-28T04:58:00Z,2026-02-25T15:14:00Z,0
APP-00947,months_employed,199.0,2026-02-28T04:58:00Z,2026-02-16T19:44:00Z,0
APP-00947,prior_delinquencies,0.0,2026-02-28T04:58:00Z,2026-02-26T04:23:00Z,0
APP-00948,credit_utilization,0.621,2026-02-28T05:41:00Z,2026-02-27T16:04:00Z,0
APP-00948,debt_to_income,0.393,2026-02-28T05:41:00Z,2026-02-27T13:03:00Z,0
APP-00948,income,28928.0,2026-02-28T05:41:00Z,2026-02-13T11:41:00Z,0
APP-00948,months_employed,229.0,2026-02-28T05:41:00Z,2026-02-25T20:52:00Z,0
APP-00948,prior_delinquencies,0.0,2026-02-28T05:41:00Z,2026-02-27T19:07:00Z,0
APP-00949,credit_utilization,0.366,2026-02-28T07:11:00Z,2026-02-27T03:01:00Z,1
APP-00949,debt_to_income,0.465,2026-02-28T07:11:00Z,2026-02-27T14:19:00Z,1
APP-00949,income,58509.0,2026-02-28T07:11:00Z,2026-02-02T20:43:00Z,1
APP-00949,months_employed,3.0,2026-02-28T07:11:00Z,2026-02-14T18:06:00Z,1
APP-00949,prior_delinquencies,1.0,2026-02-28T07:11:00Z,2026-02-26T05:01:00Z,1
APP-00950,credit_utilization,0.318,2026-02-28T08:05:00Z,2026-02-27T22:00:00Z,0
APP-00950,debt_to_income,0.349,2026-02-28T08:05:00Z,2026-02-27T14:17:00Z,0
APP-00950,income,66718.0,2026-02-28T08:05:00Z,2026-02-26T09:55:00Z,0
APP-00950,months_employed,212.0,2026-02-28T08:05:00Z,2026-02-22T18:21:00Z,0
APP-00950,prior_delinquencies,1.0,2026-02-28T08:05:00Z,2026-02-26T00:17:00Z,0
APP-00951,credit_utilization,0.125,2026-02-28T08:17:00Z,2026-02-26T21:30:00Z,0
APP-00951,debt_to_income,0.307,2026-02-28T08:17:00Z,2026-02-26T14:32:00Z,0
APP-00951,income,46315.0,2026-02-28T08:17:00Z,2026-02-12T08:08:00Z,0
APP-00951,months_employed,111.0,2026-02-28T08:17:00Z,2026-02-21T09:19:00Z,0
APP-00951,prior_delinquencies,1.0,2026-02-28T08:17:00Z,2026-02-26T15:20:00Z,0
APP-00952,credit_utilization,0.611,2026-02-28T11:08:00Z,2026-02-27T02:20:00Z,1
APP-00952,debt_to_income,0.48,2026-02-28T11:08:00Z,2026-02-27T01:01:00Z,1
APP-00952,income,25361.0,2026-02-28T11:08:00Z,2026-02-15T22:34:00Z,1
APP-00952,months_employed,165.0,2026-02-28T11:08:00Z,2026-02-15T11:29:00Z,1
APP-00952,prior_delinquencies,0.0,2026-02-28T11:08:00Z,2026-02-26T05:21:00Z,1
APP-00953,credit_utilization,0.431,2026-02-28T12:10:00Z,2026-02-27T16:53:00Z,0
APP-00953,debt_to_income,0.511,2026-02-28T12:10:00Z,2026-02-27T00:00:00Z,0
APP-00953,income,76833.0,2026-02-28T12:10:00Z,2026-02-19T19:00:00Z,0
APP-00953,months_employed,13.0,2026-02-28T12:10:00Z,2026-02-17T01:53:00Z,0
APP-00953,prior_delinquencies,1.0,2026-02-28T12:10:00Z,2026-02-26T08:56:00Z,0
APP-00954,credit_utilization,0.221,2026-02-28T12:50:00Z,2026-02-27T14:26:00Z,0
APP-00954,debt_to_income,0.388,2026-02-28T12:50:00Z,2026-02-28T05:41:00Z,0
APP-00954,income,26510.0,2026-02-28T12:50:00Z,2026-02-05T23:42:00Z,0
APP-00954,months_employed,71.0,2026-02-28T12:50:00Z,2026-02-24T02:11:00Z,0
APP-00954,prior_delinquencies,0.0,2026-02-28T12:50:00Z,2026-02-25T21:27:00Z,0
APP-00955,credit_utilization,0.696,2026-02-28T18:34:00Z,2026-02-28T02:31:00Z,1
APP-00955,debt_to_income,0.508,2026-02-28T18:34:00Z,2026-02-27T23:01:00Z,1
APP-00955,income,53309.0,2026-02-28T18:34:00Z,2026-02-25T19:32:00Z,1
APP-00955,months_employed,234.0,2026-02-28T18:34:00Z,2026-02-25T01:50:00Z,1
APP-00955,prior_delinquencies,1.0,2026-02-28T18:34:00Z,2026-02-25T04:38:00Z,1
APP-00956,credit_utilization,0.384,2026-02-28T19:48:00Z,2026-02-27T05:29:00Z,0
APP-00956,debt_to_income,0.379,2026-02-28T19:48:00Z,2026-02-25T23:19:00Z,0
APP-00956,income,52013.0,2026-02-28T19:48:00Z,2026-01-29T23:07:00Z,0
APP-00956,months_employed,208.0,2026-02-28T19:48:00Z,2026-02-15T14:57:00Z,0
APP-00956,prior_delinquencies,1.0,2026-02-28T19:48:00Z,2026-02-27T06:01:00Z,0
APP-00957,credit_utilization,0.114,2026-02-28T21:25:00Z,2026-02-28T13:18:00Z,0
APP-00957,debt_to_income,0.178,2026-02-28T21:25:00Z,2026-02-26T13:11:00Z,0
APP-00957,income,29073.0,2026-02-28T21:25:00Z,2026-02-12T12:56:00Z,0
APP-00957,months_employed,31.0,2026-02-28T21:25:00Z,2026-02-25T11:22:00Z,0
APP-00957,prior_delinquencies,0.0,2026-02-28T21:25:00Z,2026-02-25T15:38:00Z,0
APP-00958,credit_utilization,0.338,2026-02-28T21:38:00Z,2026-02-27T19:07:00Z,0
APP-00958,debt_to_income,0.424,2026-02-28T21:38:00Z,2026-02-28T17:58:00Z,0
APP-00958,income,44332.0,2026-02-28T21:38:00Z,2026-02-06T21:39:00Z,0
APP-00958,months_employed,90.0,2026-02-28T21:38:00Z,2026-02-15T21:21:00Z,0
APP-00958,prior_delinquencies,0.0,2026-02-28T21:38:00Z,2026-02-26T10:14:00Z,0
APP-00959,credit_utilization,0.281,2026-02-28T22:01:00Z,2026-02-28T09:10:00Z,0
APP-00959,debt_to_income,0.476,2026-02-28T22:01:00Z,2026-02-27T02:05:00Z,0
APP-00959,income,32804.0,2026-02-28T22:01:00Z,2026-02-17T07:11:00Z,0
APP-00959,months_employed,236.0,2026-02-28T22:01:00Z,2026-02-27T04:46:00Z,0
APP-00959,prior_delinquencies,1.0,2026-02-28T22:01:00Z,2026-02-27T08:50:00Z,0
APP-00960,credit_utilization,0.558,2026-02-28T22:44:00Z,2026-02-27T10:21:00Z,0
APP-00960,debt_to_income,0.429,2026-02-28T22:44:00Z,2026-02-28T13:57:00Z,0
APP-00960,income,81604.0,2026-02-28T22:44:00Z,2026-02-02T09:03:00Z,0
APP-00960,months_employed,169.0,2026-02-28T22:44:00Z,2026-02-15T14:12:00Z,0
APP-00960,prior_delinquencies,0.0,2026-02-28T22:44:00Z,2026-02-25T09:59:00Z,0
APP-00961,credit_utilization,0.586,2026-03-01T03:15:00Z,2026-02-27T11:26:00Z,0
APP-00961,debt_to_income,0.222,2026-03-01T03:15:00Z,2026-02-28T20:21:00Z,0
APP-00961,income,68700.0,2026-03-01T03:15:00Z,2026-01-30T16:40:00Z,0
APP-00961,months_employed,65.0,2026-03-01T03:15:00Z,2026-02-24T06:42:00Z,0
APP-00961,prior_delinquencies,0.0,2026-03-01T03:15:00Z,2026-02-25T22:02:00Z,0
APP-00962,credit_utilization,0.616,2026-03-01T03:37:00Z,2026-02-28T02:24:00Z,0
APP-00962,debt_to_income,0.49,2026-03-01T03:37:00Z,2026-03-01T01:55:00Z,0
APP-00962,income,75195.0,2026-03-01T03:37:00Z,2026-01-30T12:09:00Z,0
APP-00962,months_employed,127.0,2026-03-01T03:37:00Z,2026-02-16T17:06:00Z,0
APP-00962,prior_delinquencies,1.0,2026-03-01T03:37:00Z,2026-02-26T21:53:00Z,0
APP-00963,credit_utilization,0.426,2026-03-01T10:30:00Z,2026-02-28T06:37:00Z,0
APP-00963,debt_to_income,0.481,2026-03-01T10:30:00Z,2026-02-27T00:58:00Z,0
APP-00963,income,44760.0,2026-03-01T10:30:00Z,2026-02-22T23:52:00Z,0
APP-00963,months_employed,13.0,2026-03-01T10:30:00Z,2026-02-26T07:56:00Z,0
APP-00963,prior_delinquencies,0.0,2026-03-01T10:30:00Z,2026-03-01T05:45:00Z,0
APP-00964,credit_utilization,0.613,2026-03-01T11:09:00Z,2026-02-28T05:21:00Z,1
APP-00964,debt_to_income,0.414,2026-03-01T11:09:00Z,2026-02-28T16:25:00Z,1
APP-00964,income,44080.0,2026-03-01T11:09:00Z,2026-02-04T16:23:00Z,1
APP-00964,months_employed,238.0,2026-03-01T11:09:00Z,2026-02-17T09:10:00Z,1
APP-00964,prior_delinquencies,0.0,2026-03-01T11:09:00Z,2026-02-26T00:50:00Z,1
APP-00965,credit_utilization,0.598,2026-03-01T11:58:00Z,2026-02-27T16:53:00Z,1
APP-00965,debt_to_income,0.486,2026-03-01T11:58:00Z,2026-03-01T04:43:00Z,1
APP-00965,income,37826.0,2026-03-01T11:58:00Z,2026-02-21T19:12:00Z,1
APP-00965,months_employed,169.0,2026-03-01T11:58:00Z,2026-02-15T20:55:00Z,1
APP-00965,prior_delinquencies,1.0,2026-03-01T11:58:00Z,2026-02-27T20:26:00Z,1
APP-00966,credit_utilization,0.916,2026-03-01T13:16:00Z,2026-02-27T22:27:00Z,1
APP-00966,debt_to_income,0.573,2026-03-01T13:16:00Z,2026-02-26T15:03:00Z,1
APP-00966,income,40384.0,2026-03-01T13:16:00Z,2026-02-23T00:21:00Z,1
APP-00966,months_employed,189.0,2026-03-01T13:16:00Z,2026-02-25T02:02:00Z,1
APP-00966,prior_delinquencies,1.0,2026-03-01T13:16:00Z,2026-02-25T20:24:00Z,1
APP-00967,credit_utilization,0.538,2026-03-01T13:17:00Z,2026-02-27T19:08:00Z,0
APP-00967,debt_to_income,0.434,2026-03-01T13:17:00Z,2026-02-27T16:12:00Z,0
APP-00967,income,34495.0,2026-03-01T13:17:00Z,2026-02-03T06:27:00Z,0
APP-00967,months_employed,171.0,2026-03-01T13:17:00Z,2026-02-22T09:50:00Z,0
APP-00967,prior_delinquencies,1.0,2026-03-01T13:17:00Z,2026-03-01T02:13:00Z,0
APP-00968,credit_utilization,0.534,2026-03-01T13:27:00Z,2026-02-27T18:15:00Z,0
APP-00968,debt_to_income,0.262,2026-03-01T13:27:00Z,2026-03-01T08:49:00Z,0
APP-00968,income,47069.0,2026-03-01T13:27:00Z,2026-02-25T01:48:00Z,0
APP-00968,months_employed,219.0,2026-03-01T13:27:00Z,2026-02-27T01:02:00Z,0
APP-00968,prior_delinquencies,1.0,2026-03-01T13:27:00Z,2026-02-27T13:06:00Z,0
APP-00969,credit_utilization,0.439,2026-03-01T15:21:00Z,2026-02-27T22:33:00Z,0
APP-00969,debt_to_income,0.246,2026-03-01T15:21:00Z,2026-02-27T20:15:00Z,0
APP-00969,income,71841.0,2026-03-01T15:21:00Z,2026-02-15T21:14:00Z,0
APP-00969,months_employed,122.0,2026-03-01T15:21:00Z,2026-02-18T09:23:00Z,0
APP-00969,prior_delinquencies,0.0,2026-03-01T15:21:00Z,2026-02-27T12:47:00Z,0
APP-00970,credit_utilization,0.383,2026-03-01T16:46:00Z,2026-02-27T22:10:00Z,0
APP-00970,debt_to_income,0.314,2026-03-01T16:46:00Z,2026-03-01T04:08:00Z,0
APP-00970,income,36230.0,2026-03-01T16:46:00Z,2026-02-26T18:58:00Z,0
APP-00970,months_employed,24.0,2026-03-01T16:46:00Z,2026-02-18T21:56:00Z,0
APP-00970,prior_delinquencies,0.0,2026-03-01T16:46:00Z,2026-03-01T00:11:00Z,0
APP-00971,credit_utilization,0.22,2026-03-01T20:09:00Z,2026-02-27T21:53:00Z,0
APP-00971,debt_to_income,0.239,2026-03-01T20:09:00Z,2026-02-28T01:35:00Z,0
APP-00971,income,54321.0,2026-03-01T20:09:00Z,2026-02-14T01:46:00Z,0
APP-00971,months_employed,13.0,2026-03-01T20:09:00Z,2026-02-21T21:57:00Z,0
APP-00971,prior_delinquencies,0.0,2026-03-01T20:09:00Z,2026-02-27T00:23:00Z,0
APP-00972,credit_utilization,0.369,2026-03-01T21:02:00Z,2026-03-01T04:06:00Z,1
APP-00972,debt_to_income,0.361,2026-03-01T21:02:00Z,2026-02-28T01:54:00Z,1
APP-00972,income,57760.0,2026-03-01T21:02:00Z,2026-02-17T05:38:00Z,1
APP-00972,months_employed,29.0,2026-03-01T21:02:00Z,2026-02-19T15:23:00Z,1
APP-00972,prior_delinquencies,2.0,2026-03-01T21:02:00Z,2026-02-28T02:40:00Z,1
APP-00973,credit_utilization,0.621,2026-03-01T21:56:00Z,2026-03-01T10:11:00Z,0
APP-00973,debt_to_income,0.438,2026-03-01T21:56:00Z,2026-02-28T23:16:00Z,0
APP-00973,income,46623.0,2026-03-01T21:56:00Z,2026-02-25T09:58:00Z,0
APP-00973,months_employed,173.0,2026-03-01T21:56:00Z,2026-02-26T14:54:00Z,0
APP-00973,prior_delinquencies,2.0,2026-03-01T21:56:00Z,2026-03-01T17:06:00Z,0
APP-00974,credit_utilization,0.321,2026-03-01T22:49:00Z,2026-03-01T00:01:00Z,0
APP-00974,debt_to_income,0.32,2026-03-01T22:49:00Z,2026-02-28T23:57:00Z,0
APP-00974,income,91621.0,2026-03-01T22:49:00Z,2026-02-04T18:01:00Z,0
APP-00974,months_employed,193.0,2026-03-01T22:49:00Z,2026-02-24T23:56:00Z,0
APP-00974,prior_delinquencies,0.0,2026-03-01T22:49:00Z,2026-02-27T08:50:00Z,0
APP-00975,credit_utilization,0.071,2026-03-01T23:41:00Z,2026-02-28T11:38:00Z,0
APP-00975,debt_to_income,0.297,2026-03-01T23:41:00Z,2026-03-01T06:08:00Z,0
APP-00975,income,48077.0,2026-03-01T23:41:00Z,2026-02-16T01:25:00Z,0
APP-00975,months_employed,230.0,2026-03-01T23:41:00Z,2026-02-27T15:56:00Z,0
APP-00975,prior_delinquencies,0.0,2026-03-01T23:41:00Z,2026-02-27T13:45:00Z,0
APP-00976,credit_utilization,0.274,2026-03-02T00:46:00Z,2026-02-28T13:13:00Z,0
APP-00976,debt_to_income,0.452,2026-03-02T00:46:00Z,2026-02-28T16:02:00Z,0
APP-00976,income,86543.0,2026-03-02T00:46:00Z,2026-02-14T13:14:00Z,0
APP-00976,months_employed,75.0,2026-03-02T00:46:00Z,2026-02-25T10:27:00Z,0
APP-00976,prior_delinquencies,0.0,2026-03-02T00:46:00Z,2026-02-26T21:58:00Z,0
APP-00977,credit_utilization,0.516,2026-03-02T01:17:00Z,2026-02-28T05:40:00Z,0
APP-00977,debt_to_income,0.285,2026-03-02T01:17:00Z,2026-03-01T02:03:00Z,0
APP-00977,income,29572.0,2026-03-02T01:17:00Z,2026-02-12T07:39:00Z,0
APP-00977,months_employed,80.0,2026-03-02T01:17:00Z,2026-02-17T21:48:00Z,0
APP-00977,prior_delinquencies,1.0,2026-03-02T01:17:00Z,2026-02-27T21:51:00Z,0
APP-00978,credit_utilization,0.347,2026-03-02T02:29:00Z,2026-03-01T05:00:00Z,0
APP-00978,debt_to_income,0.416,2026-03-02T02:29:00Z,2026-03-01T23:47:00Z,0
APP-00978,income,33987.0,2026-03-02T02:29:00Z,2026-02-13T20:31:00Z,0
APP-00978,months_employed,57.0,2026-03-02T02:29:00Z,2026-02-24T18:43:00Z,0
APP-00978,prior_delinquencies,2.0,2026-03-02T02:29:00Z,2026-02-28T11:42:00Z,0
APP-00979,credit_utilization,0.37,2026-03-02T02:52:00Z,2026-02-28T13:03:00Z,0
APP-00979,debt_to_income,0.542,2026-03-02T02:52:00Z,2026-02-28T09:14:00Z,0
APP-00979,income,50277.0,2026-03-02T02:52:00Z,2026-02-22T17:50:00Z,0
APP-00979,months_employed,100.0,2026-03-02T02:52:00Z,2026-02-24T12:50:00Z,0
APP-00979,prior_delinquencies,1.0,2026-03-02T02:52:00Z,2026-03-01T05:53:00Z,0
APP-00980,credit_utilization,0.227,2026-03-02T03:01:00Z,2026-03-01T15:20:00Z,0
APP-00980,debt_to_income,0.27,2026-03-02T03:01:00Z,2026-03-01T09:46:00Z,0
APP-00980,income,73711.0,2026-03-02T03:01:00Z,2026-01-31T16:36:00Z,0
APP-00980,months_employed,183.0,2026-03-02T03:01:00Z,2026-02-28T12:27:00Z,0
APP-00980,prior_delinquencies,0.0,2026-03-02T03:01:00Z,2026-02-27T02:47:00Z,0
APP-00981,credit_utilization,0.573,2026-03-02T06:53:00Z,2026-03-01T22:26:00Z,1
APP-00981,debt_to_income,0.403,2026-03-02T06:53:00Z,2026-02-27T15:23:00Z,1
APP-00981,income,55058.0,2026-03-02T06:53:00Z,2026-02-22T23:50:00Z,1
APP-00981,months_employed,234.0,2026-03-02T06:53:00Z,2026-02-18T03:48:00Z,1
APP-00981,prior_delinquencies,2.0,2026-03-02T06:53:00Z,2026-03-02T02:19:00Z,1
APP-00982,credit_utilization,0.237,2026-03-02T07:42:00Z,2026-03-01T16:07:00Z,0
APP-00982,debt_to_income,0.268,2026-03-02T07:42:00Z,2026-02-27T09:53:00Z,0
APP-00982,income,44001.0,2026-03-02T07:42:00Z,2026-02-17T08:55:00Z,0
APP-00982,months_employed,10.0,2026-03-02T07:42:00Z,2026-02-23T11:20:00Z,0
APP-00982,prior_delinquencies,0.0,2026-03-02T07:42:00Z,2026-02-27T10:30:00Z,0
APP-00983,credit_utilization,0.442,2026-03-02T07:58:00Z,2026-02-28T15:11:00Z,0
APP-00983,debt_to_income,0.434,2026-03-02T07:58:00Z,2026-03-01T22:43:00Z,0
APP-00983,income,37929.0,2026-03-02T07:58:00Z,2026-02-23T08:13:00Z,0
APP-00983,months_employed,85.0,2026-03-02T07:58:00Z,2026-02-25T12:35:00Z,0
APP-00983,prior_delinquencies,1.0,2026-03-02T07:58:00Z,2026-03-01T06:58:00Z,0
APP-00984,credit_utilization,0.528,2026-03-02T09:36:00Z,2026-02-28T14:06:00Z,0
APP-00984,debt_to_income,0.544,2026-03-02T09:36:00Z,2026-02-28T15:54:00Z,0
APP-00984,income,31598.0,2026-03-02T09:36:00Z,2026-02-14T21:59:00Z,0
APP-00984,months_employed,154.0,2026-03-02T09:36:00Z,2026-02-25T08:11:00Z,0
APP-00984,prior_delinquencies,3.0,2026-03-02T09:36:00Z,2026-02-26T12:05:00Z,0
APP-00985,credit_utilization,0.513,2026-03-02T10:17:00Z,2026-03-02T03:57:00Z,0
APP-00985,debt_to_income,0.357,2026-03-02T10:17:00Z,2026-03-01T12:23:00Z,0
APP-00985,income,79134.0,2026-03-02T10:17:00Z,2026-02-10T02:48:00Z,0
APP-00985,months_employed,113.0,2026-03-02T10:17:00Z,2026-02-21T02:44:00Z,0
APP-00985,prior_delinquencies,0.0,2026-03-02T10:17:00Z,2026-03-01T13:09:00Z,0
APP-00986,credit_utilization,0.317,2026-03-02T11:14:00Z,2026-03-02T09:50:00Z,1
APP-00986,debt_to_income,0.319,2026-03-02T11:14:00Z,2026-03-01T20:36:00Z,1
APP-00986,income,91999.0,2026-03-02T11:14:00Z,2026-02-10T06:41:00Z,1
APP-00986,months_employed,0.0,2026-03-02T11:14:00Z,2026-02-18T00:35:00Z,1
APP-00986,prior_delinquencies,1.0,2026-03-02T11:14:00Z,2026-03-01T16:55:00Z,1
APP-00987,credit_utilization,0.63,2026-03-02T12:58:00Z,2026-03-01T01:07:00Z,1
APP-00987,debt_to_income,0.516,2026-03-02T12:58:00Z,2026-02-28T03:40:00Z,1
APP-00987,income,33414.0,2026-03-02T12:58:00Z,2026-02-09T14:06:00Z,1
APP-00987,months_employed,36.0,2026-03-02T12:58:00Z,2026-02-28T10:50:00Z,1
APP-00987,prior_delinquencies,0.0,2026-03-02T12:58:00Z,2026-03-01T06:02:00Z,1
APP-00988,credit_utilization,0.414,2026-03-02T14:50:00Z,2026-03-01T04:53:00Z,0
APP-00988,debt_to_income,0.358,2026-03-02T14:50:00Z,2026-02-28T03:02:00Z,0
APP-00988,income,47717.0,2026-03-02T14:50:00Z,2026-02-06T14:34:00Z,0
APP-00988,months_employed,44.0,2026-03-02T14:50:00Z,2026-02-18T21:28:00Z,0
APP-00988,prior_delinquencies,1.0,2026-03-02T14:50:00Z,2026-03-02T03:02:00Z,0
APP-00989,credit_utilization,0.461,2026-03-02T14:53:00Z,2026-03-01T19:58:00Z,0
APP-00989,debt_to_income,0.349,2026-03-02T14:53:00Z,2026-02-28T09:59:00Z,0
APP-00989,income,46423.0,2026-03-02T14:53:00Z,2026-02-12T20:29:00Z,0
APP-00989,months_employed,16.0,2026-03-02T14:53:00Z,2026-02-16T20:32:00Z,0
APP-00989,prior_delinquencies,0.0,2026-03-02T14:53:00Z,2026-02-26T21:29:00Z,0
APP-00990,credit_utilization,0.585,2026-03-02T15:19:00Z,2026-03-02T02:47:00Z,0
APP-00990,debt_to_income,0.44,2026-03-02T15:19:00Z,2026-02-27T21:39:00Z,0
APP-00990,income,23284.0,2026-03-02T15:19:00Z,2026-02-22T10:33:00Z,0
APP-00990,months_employed,38.0,2026-03-02T15:19:00Z,2026-02-19T08:35:00Z,0
APP-00990,prior_delinquencies,0.0,2026-03-02T15:19:00Z,2026-02-28T00:18:00Z,0
APP-00991,credit_utilization,0.529,2026-03-02T17:31:00Z,2026-03-01T18:18:00Z,0
APP-00991,debt_to_income,0.393,2026-03-02T17:31:00Z,2026-03-01T07:10:00Z,0
APP-00991,income,101015.0,2026-03-02T17:31:00Z,2026-02-19T06:09:00Z,0
APP-00991,months_employed,163.0,2026-03-02T17:31:00Z,2026-02-25T00:55:00Z,0
APP-00991,prior_delinquencies,1.0,2026-03-02T17:31:00Z,2026-02-27T06:55:00Z,0
APP-00992,credit_utilization,0.352,2026-03-02T19:15:00Z,2026-03-02T02:34:00Z,0
APP-00992,debt_to_income,0.195,2026-03-02T19:15:00Z,2026-02-28T13:41:00Z,0
APP-00992,income,54198.0,2026-03-02T19:15:00Z,2026-02-28T12:37:00Z,0
APP-00992,months_employed,79.0,2026-03-02T19:15:00Z,2026-02-24T20:48:00Z,0
APP-00992,prior_delinquencies,0.0,2026-03-02T19:15:00Z,2026-02-27T15:19:00Z,0
APP-00993,credit_utilization,0.648,2026-03-03T02:23:00Z,2026-03-02T02:36:00Z,0
APP-00993,debt_to_income,0.275,2026-03-03T02:23:00Z,2026-03-02T12:22:00Z,0
APP-00993,income,57895.0,2026-03-03T02:23:00Z,2026-02-04T22:25:00Z,0
APP-00993,months_employed,132.0,2026-03-03T02:23:00Z,2026-02-27T00:11:00Z,0
APP-00993,prior_delinquencies,2.0,2026-03-03T02:23:00Z,2026-02-27T17:42:00Z,0
APP-00994,credit_utilization,0.493,2026-03-03T02:27:00Z,2026-03-03T00:57:00Z,0
APP-00994,debt_to_income,0.449,2026-03-03T02:27:00Z,2026-03-01T01:34:00Z,0
APP-00994,income,72751.0,2026-03-03T02:27:00Z,2026-02-01T20:10:00Z,0
APP-00994,months_employed,71.0,2026-03-03T02:27:00Z,2026-02-22T15:57:00Z,0
APP-00994,prior_delinquencies,1.0,2026-03-03T02:27:00Z,2026-02-27T04:37:00Z,0
APP-00995,credit_utilization,0.577,2026-03-03T02:58:00Z,2026-03-01T20:42:00Z,0
APP-00995,debt_to_income,0.502,2026-03-03T02:58:00Z,2026-02-28T10:07:00Z,0
APP-00995,income,52422.0,2026-03-03T02:58:00Z,2026-02-27T01:47:00Z,0
APP-00995,months_employed,129.0,2026-03-03T02:58:00Z,2026-02-22T19:27:00Z,0
APP-00995,prior_delinquencies,0.0,2026-03-03T02:58:00Z,2026-03-01T19:22:00Z,0
APP-00996,credit_utilization,0.565,2026-03-03T05:30:00Z,2026-03-01T17:00:00Z,0
APP-00996,debt_to_income,0.452,2026-03-03T05:30:00Z,2026-03-02T00:43:00Z,0
APP-00996,income,33722.0,2026-03-03T05:30:00Z,2026-02-02T01:04:00Z,0
APP-00996,months_employed,128.0,2026-03-03T05:30:00Z,2026-02-20T01:21:00Z,0
APP-00996,prior_delinquencies,3.0,2026-03-03T05:30:00Z,2026-03-01T14:49:00Z,0
APP-00997,credit_utilization,0.432,2026-03-03T05:36:00Z,2026-03-02T17:30:00Z,0
APP-00997,debt_to_income,0.385,2026-03-03T05:36:00Z,2026-03-02T12:05:00Z,0
APP-00997,income,52961.0,2026-03-03T05:36:00Z,2026-02-13T11:54:00Z,0
APP-00997,months_employed,94.0,2026-03-03T05:36:00Z,2026-02-20T01:10:00Z,0
APP-00997,prior_delinquencies,0.0,2026-03-03T05:36:00Z,2026-03-03T02:16:00Z,0
APP-00998,credit_utilization,0.671,2026-03-03T06:00:00Z,2026-03-01T09:14:00Z,0
APP-00998,debt_to_income,0.457,2026-03-03T06:00:00Z,2026-03-01T13:48:00Z,0
APP-00998,income,37012.0,2026-03-03T06:00:00Z,2026-03-01T00:07:00Z,0
APP-00998,months_employed,142.0,2026-03-03T06:00:00Z,2026-03-02T01:22:00Z,0
APP-00998,prior_delinquencies,0.0,2026-03-03T06:00:00Z,2026-02-28T10:02:00Z,0
APP-00999,credit_utilization,0.553,2026-03-03T08:11:00Z,2026-03-01T15:28:00Z,0
APP-00999,debt_to_income,0.425,2026-03-03T08:11:00Z,2026-03-01T23:59:00Z,0
APP-00999,income,32567.0,2026-03-03T08:11:00Z,2026-02-09T21:56:00Z,0
APP-00999,months_employed,47.0,2026-03-03T08:11:00Z,2026-02-21T15:28:00Z,0
APP-00999,prior_delinquencies,1.0,2026-03-03T08:11:00Z,2026-03-01T05:43:00Z,0
APP-01000,credit_utilization,0.246,2026-03-03T09:27:00Z,2026-03-03T06:27:00Z,0
APP-01000,debt_to_income,0.102,2026-03-03T09:27:00Z,2026-03-01T23:32:00Z,0
APP-01000,income,44275.0,2026-03-03T09:27:00Z,2026-02-02T21:40:00Z,0
APP-01000,months_employed,55.0,2026-03-03T09:27:00Z,2026-02-24T06:08:00Z,0
APP-01000,prior_delinquencies,0.0,2026-03-03T09:27:00Z,2026-03-02T14:48:00Z,0
APP-01001,credit_utilization,0.256,2026-03-03T10:32:00Z,2026-03-03T02:03:00Z,0
APP-01001,debt_to_income,0.479,2026-03-03T10:32:00Z,2026-03-03T00:57:00Z,0
APP-01001,income,23514.0,2026-03-03T10:32:00Z,2026-02-03T20:01:00Z,0
APP-01001,months_employed,202.0,2026-03-03T10:32:00Z,2026-02-22T08:59:00Z,0
APP-01001,prior_delinquencies,1.0,2026-03-03T10:32:00Z,2026-03-01T09:07:00Z,0
APP-01002,credit_utilization,0.188,2026-03-03T10:48:00Z,2026-03-03T02:07:00Z,0
APP-01002,debt_to_income,0.161,2026-03-03T10:48:00Z,2026-03-02T17:53:00Z,0
APP-01002,income,57001.0,2026-03-03T10:48:00Z,2026-02-02T08:42:00Z,0
APP-01002,months_employed,31.0,2026-03-03T10:48:00Z,2026-02-18T01:23:00Z,0
APP-01002,prior_delinquencies,0.0,2026-03-03T10:48:00Z,2026-03-03T01:29:00Z,0
APP-01003,credit_utilization,0.628,2026-03-03T11:27:00Z,2026-03-02T19:16:00Z,1
APP-01003,debt_to_income,0.438,2026-03-03T11:27:00Z,2026-03-01T23:26:00Z,1
APP-01003,income,46159.0,2026-03-03T11:27:00Z,2026-02-08T22:57:00Z,1
APP-01003,months_employed,52.0,2026-03-03T11:27:00Z,2026-02-21T21:21:00Z,1
APP-01003,prior_delinquencies,2.0,2026-03-03T11:27:00Z,2026-02-28T23:37:00Z,1
APP-01004,credit_utilization,0.68,2026-03-03T11:54:00Z,2026-03-02T12:14:00Z,0
APP-01004,debt_to_income,0.328,2026-03-03T11:54:00Z,2026-02-28T21:49:00Z,0
APP-01004,income,45142.0,2026-03-03T11:54:00Z,2026-02-13T18:49:00Z,0
APP-01004,months_employed,235.0,2026-03-03T11:54:00Z,2026-02-27T01:11:00Z,0
APP-01004,prior_delinquencies,0.0,2026-03-03T11:54:00Z,2026-03-02T02:04:00Z,0
APP-01005,credit_utilization,0.681,2026-03-03T11:55:00Z,2026-03-01T12:27:00Z,0
APP-01005,debt_to_income,0.381,2026-03-03T11:55:00Z,2026-03-02T10:07:00Z,0
APP-01005,income,55721.0,2026-03-03T11:55:00Z,2026-02-16T21:23:00Z,0
APP-01005,months_employed,202.0,2026-03-03T11:55:00Z,2026-02-27T09:38:00Z,0
APP-01005,prior_delinquencies,1.0,2026-03-03T11:55:00Z,2026-03-02T13:32:00Z,0
APP-01006,credit_utilization,0.717,2026-03-03T12:43:00Z,2026-03-02T16:57:00Z,0
APP-01006,debt_to_income,0.367,2026-03-03T12:43:00Z,2026-03-03T00:20:00Z,0
APP-01006,income,34032.0,2026-03-03T12:43:00Z,2026-02-25T09:01:00Z,0
APP-01006,months_employed,27.0,2026-03-03T12:43:00Z,2026-02-18T01:39:00Z,0
APP-01006,prior_delinquencies,0.0,2026-03-03T12:43:00Z,2026-03-01T06:18:00Z,0
APP-01007,credit_utilization,0.598,2026-03-03T14:08:00Z,2026-03-01T16:22:00Z,0
APP-01007,debt_to_income,0.245,2026-03-03T14:08:00Z,2026-03-01T04:48:00Z,0
APP-01007,income,73369.0,2026-03-03T14:08:00Z,2026-02-10T18:38:00Z,0
APP-01007,months_employed,29.0,2026-03-03T14:08:00Z,2026-02-19T22:05:00Z,0
APP-01007,prior_delinquencies,0.0,2026-03-03T14:08:00Z,2026-03-01T04:38:00Z,0
APP-01008,credit_utilization,0.509,2026-03-03T15:33:00Z,2026-03-02T21:27:00Z,0
APP-01008,debt_to_income,0.434,2026-03-03T15:33:00Z,2026-03-01T16:34:00Z,0
APP-01008,income,33246.0,2026-03-03T15:33:00Z,2026-02-26T06:05:00Z,0
APP-01008,months_employed,197.0,2026-03-03T15:33:00Z,2026-02-27T10:56:00Z,0
APP-01008,prior_delinquencies,0.0,2026-03-03T15:33:00Z,2026-03-02T18:48:00Z,0
APP-01009,credit_utilization,0.507,2026-03-03T17:10:00Z,2026-03-03T01:17:00Z,0
APP-01009,debt_to_income,0.374,2026-03-03T17:10:00Z,2026-03-02T05:18:00Z,0
APP-01009,income,38175.0,2026-03-03T17:10:00Z,2026-02-21T00:05:00Z,0
APP-01009,months_employed,133.0,2026-03-03T17:10:00Z,2026-03-02T08:46:00Z,0
APP-01009,prior_delinquencies,1.0,2026-03-03T17:10:00Z,2026-02-27T19:35:00Z,0
APP-01010,credit_utilization,0.423,2026-03-03T17:12:00Z,2026-03-02T14:46:00Z,0
APP-01010,debt_to_income,0.321,2026-03-03T17:12:00Z,2026-03-01T07:20:00Z,0
APP-01010,income,58055.0,2026-03-03T17:12:00Z,2026-02-22T17:12:00Z,0
APP-01010,months_employed,115.0,2026-03-03T17:12:00Z,2026-02-22T14:47:00Z,0
APP-01010,prior_delinquencies,0.0,2026-03-03T17:12:00Z,2026-02-28T02:38:00Z,0
APP-01011,credit_utilization,0.847,2026-03-03T17:40:00Z,2026-03-01T21:33:00Z,1
APP-01011,debt_to_income,0.522,2026-03-03T17:40:00Z,2026-03-01T23:38:00Z,1
APP-01011,income,42854.0,2026-03-03T17:40:00Z,2026-02-15T17:43:00Z,1
APP-01011,months_employed,223.0,2026-03-03T17:40:00Z,2026-02-20T18:22:00Z,1
APP-01011,prior_delinquencies,1.0,2026-03-03T17:40:00Z,2026-02-28T22:41:00Z,1
APP-01012,credit_utilization,0.515,2026-03-03T17:57:00Z,2026-03-01T17:57:00Z,0
APP-01012,debt_to_income,0.374,2026-03-03T17:57:00Z,2026-03-01T03:12:00Z,0
APP-01012,income,42771.0,2026-03-03T17:57:00Z,2026-02-16T01:10:00Z,0
APP-01012,months_employed,208.0,2026-03-03T17:57:00Z,2026-02-26T22:04:00Z,0
APP-01012,prior_delinquencies,0.0,2026-03-03T17:57:00Z,2026-03-03T03:07:00Z,0
APP-01013,credit_utilization,0.204,2026-03-03T20:39:00Z,2026-03-02T01:52:00Z,0
APP-01013,debt_to_income,0.239,2026-03-03T20:39:00Z,2026-03-02T08:57:00Z,0
APP-01013,income,63271.0,2026-03-03T20:39:00Z,2026-02-28T19:06:00Z,0
APP-01013,months_employed,46.0,2026-03-03T20:39:00Z,2026-02-26T23:22:00Z,0
APP-01013,prior_delinquencies,1.0,2026-03-03T20:39:00Z,2026-03-02T12:08:00Z,0
APP-01014,credit_utilization,0.26,2026-03-03T22:10:00Z,2026-03-02T09:39:00Z,0
APP-01014,debt_to_income,0.376,2026-03-03T22:10:00Z,2026-03-03T05:44:00Z,0
APP-01014,income,32175.0,2026-03-03T22:10:00Z,2026-02-09T20:42:00Z,0
APP-01014,months_employed,145.0,2026-03-03T22:10:00Z,2026-02-27T14:14:00Z,0
APP-01014,prior_delinquencies,1.0,2026-03-03T22:10:00Z,2026-03-02T05:08:00Z,0
APP-01015,credit_utilization,0.539,2026-03-04T01:23:00Z,2026-03-02T14:20:00Z,0
APP-01015,debt_to_income,0.388,2026-03-04T01:23:00Z,2026-03-03T18:37:00Z,0
APP-01015,income,40862.0,2026-03-04T01:23:00Z,2026-02-08T08:14:00Z,0
APP-01015,months_employed,116.0,2026-03-04T01:23:00Z,2026-02-22T21:02:00Z,0
APP-01015,prior_delinquencies,1.0,2026-03-04T01:23:00Z,2026-03-01T06:51:00Z,0
APP-01016,credit_utilization,0.783,2026-03-04T03:35:00Z,2026-03-03T04:05:00Z,0
APP-01016,debt_to_income,0.599,2026-03-04T03:35:00Z,2026-03-02T10:47:00Z,0
APP-01016,income,78894.0,2026-03-04T03:35:00Z,2026-02-27T14:20:00Z,0
APP-01016,months_employed,33.0,2026-03-04T03:35:00Z,2026-02-20T13:16:00Z,0
APP-01016,prior_delinquencies,2.0,2026-03-04T03:35:00Z,2026-03-01T22:21:00Z,0
APP-01017,credit_utilization,0.471,2026-03-04T04:25:00Z,2026-03-02T14:22:00Z,1
APP-01017,debt_to_income,0.461,2026-03-04T04:25:00Z,2026-03-03T19:17:00Z,1
APP-01017,income,27538.0,2026-03-04T04:25:00Z,2026-02-26T01:57:00Z,1
APP-01017,months_employed,168.0,2026-03-04T04:25:00Z,2026-02-25T07:06:00Z,1
APP-01017,prior_delinquencies,0.0,2026-03-04T04:25:00Z,2026-03-02T23:38:00Z,1
APP-01018,credit_utilization,0.603,2026-03-04T07:07:00Z,2026-03-03T05:47:00Z,0
APP-01018,debt_to_income,0.488,2026-03-04T07:07:00Z,2026-03-01T09:00:00Z,0
APP-01018,income,37890.0,2026-03-04T07:07:00Z,2026-02-20T10:44:00Z,0
APP-01018,months_employed,58.0,2026-03-04T07:07:00Z,2026-02-20T09:24:00Z,0
APP-01018,prior_delinquencies,0.0,2026-03-04T07:07:00Z,2026-03-02T22:52:00Z,0
APP-01019,credit_utilization,0.521,2026-03-04T07:12:00Z,2026-03-04T05:59:00Z,0
APP-01019,debt_to_income,0.377,2026-03-04T07:12:00Z,2026-03-03T18:35:00Z,0
APP-01019,income,34993.0,2026-03-04T07:12:00Z,2026-02-08T22:55:00Z,0
APP-01019,months_employed,202.0,2026-03-04T07:12:00Z,2026-03-02T10:09:00Z,0
APP-01019,prior_delinquencies,0.0,2026-03-04T07:12:00Z,2026-03-03T07:25:00Z,0
APP-01020,credit_utilization,0.408,2026-03-04T07:45:00Z,2026-03-02T15:44:00Z,0
APP-01020,debt_to_income,0.324,2026-03-04T07:45:00Z,2026-03-04T02:03:00Z,0
APP-01020,income,32160.0,2026-03-04T07:45:00Z,2026-02-13T11:19:00Z,0
APP-01020,months_employed,43.0,2026-03-04T07:45:00Z,2026-02-26T07:50:00Z,0
APP-01020,prior_delinquencies,1.0,2026-03-04T07:45:00Z,2026-03-01T08:53:00Z,0
APP-01021,credit_utilization,0.389,2026-03-04T10:59:00Z,2026-03-02T19:09:00Z,0
APP-01021,debt_to_income,0.235,2026-03-04T10:59:00Z,2026-03-03T10:21:00Z,0
APP-01021,income,52120.0,2026-03-04T10:59:00Z,2026-02-16T03:24:00Z,0
APP-01021,months_employed,131.0,2026-03-04T10:59:00Z,2026-02-20T09:20:00Z,0
APP-01021,prior_delinquencies,0.0,2026-03-04T10:59:00Z,2026-03-03T05:09:00Z,0
APP-01022,credit_utilization,0.633,2026-03-04T13:20:00Z,2026-03-03T07:21:00Z,0
APP-01022,debt_to_income,0.546,2026-03-04T13:20:00Z,2026-03-02T22:40:00Z,0
APP-01022,income,49828.0,2026-03-04T13:20:00Z,2026-02-10T16:16:00Z,0
APP-01022,months_employed,112.0,2026-03-04T13:20:00Z,2026-02-26T07:53:00Z,0
APP-01022,prior_delinquencies,1.0,2026-03-04T13:20:00Z,2026-02-28T23:08:00Z,0
APP-01023,credit_utilization,0.541,2026-03-04T13:43:00Z,2026-03-02T19:21:00Z,0
APP-01023,debt_to_income,0.334,2026-03-04T13:43:00Z,2026-03-01T22:30:00Z,0
APP-01023,income,142650.0,2026-03-04T13:43:00Z,2026-03-02T16:33:00Z,0
APP-01023,months_employed,44.0,2026-03-04T13:43:00Z,2026-02-19T05:22:00Z,0
APP-01023,prior_delinquencies,1.0,2026-03-04T13:43:00Z,2026-03-02T06:12:00Z,0
APP-01024,credit_utilization,0.166,2026-03-04T17:12:00Z,2026-03-03T16:45:00Z,0
APP-01024,debt_to_income,0.286,2026-03-04T17:12:00Z,2026-03-04T04:21:00Z,0
APP-01024,income,99289.0,2026-03-04T17:12:00Z,2026-02-07T06:49:00Z,0
APP-01024,months_employed,238.0,2026-03-04T17:12:00Z,2026-02-21T07:56:00Z,0
APP-01024,prior_delinquencies,0.0,2026-03-04T17:12:00Z,2026-03-02T21:18:00Z,0
APP-01025,credit_utilization,0.153,2026-03-04T18:24:00Z,2026-03-02T19:05:00Z,0
APP-01025,debt_to_income,0.33,2026-03-04T18:24:00Z,2026-03-02T15:28:00Z,0
APP-01025,income,53682.0,2026-03-04T18:24:00Z,2026-02-08T05:11:00Z,0
APP-01025,months_employed,94.0,2026-03-04T18:24:00Z,2026-02-23T23:18:00Z,0
APP-01025,prior_delinquencies,1.0,2026-03-04T18:24:00Z,2026-03-03T07:05:00Z,0
APP-01026,credit_utilization,0.686,2026-03-04T18:25:00Z,2026-03-04T11:21:00Z,1
APP-01026,debt_to_income,0.451,2026-03-04T18:25:00Z,2026-03-03T05:02:00Z,1
APP-01026,income,42744.0,2026-03-04T18:25:00Z,2026-02-21T14:06:00Z,1
APP-01026,months_employed,65.0,2026-03-04T18:25:00Z,2026-03-03T17:43:00Z,1
APP-01026,prior_delinquencies,0.0,2026-03-04T18:25:00Z,2026-03-02T02:44:00Z,1
APP-01027,credit_utilization,0.43,2026-03-04T18:54:00Z,2026-03-04T08:24:00Z,0
APP-01027,debt_to_income,0.409,2026-03-04T18:54:00Z,2026-03-04T08:17:00Z,0
APP-01027,income,58685.0,2026-03-04T18:54:00Z,2026-03-03T14:27:00Z,0
APP-01027,months_employed,103.0,2026-03-04T18:54:00Z,2026-02-22T12:32:00Z,0
APP-01027,prior_delinquencies,0.0,2026-03-04T18:54:00Z,2026-03-02T04:47:00Z,0
APP-01028,credit_utilization,0.157,2026-03-04T18:59:00Z,2026-03-02T23:29:00Z,0
APP-01028,debt_to_income,0.19,2026-03-04T18:59:00Z,2026-03-04T00:26:00Z,0
APP-01028,income,63279.0,2026-03-04T18:59:00Z,2026-02-08T09:12:00Z,0
APP-01028,months_employed,35.0,2026-03-04T18:59:00Z,2026-03-02T09:00:00Z,0
APP-01028,prior_delinquencies,0.0,2026-03-04T18:59:00Z,2026-03-03T19:00:00Z,0
APP-01029,credit_utilization,0.534,2026-03-04T20:55:00Z,2026-03-03T23:22:00Z,1
APP-01029,debt_to_income,0.298,2026-03-04T20:55:00Z,2026-03-02T03:42:00Z,1
APP-01029,income,45527.0,2026-03-04T20:55:00Z,2026-02-24T19:44:00Z,1
APP-01029,months_employed,115.0,2026-03-04T20:55:00Z,2026-02-25T02:02:00Z,1
APP-01029,prior_delinquencies,1.0,2026-03-04T20:55:00Z,2026-03-02T07:30:00Z,1
APP-01030,credit_utilization,0.571,2026-03-04T21:05:00Z,2026-03-04T14:09:00Z,0
APP-01030,debt_to_income,0.493,2026-03-04T21:05:00Z,2026-03-02T11:18:00Z,0
APP-01030,income,49165.0,2026-03-04T21:05:00Z,2026-02-24T04:13:00Z,0
APP-01030,months_employed,210.0,2026-03-04T21:05:00Z,2026-02-22T20:35:00Z,0
APP-01030,prior_delinquencies,1.0,2026-03-04T21:05:00Z,2026-03-01T08:52:00Z,0
APP-01031,credit_utilization,0.435,2026-03-04T21:06:00Z,2026-03-03T12:29:00Z,0
APP-01031,debt_to_income,0.204,2026-03-04T21:06:00Z,2026-03-04T07:15:00Z,0
APP-01031,income,42375.0,2026-03-04T21:06:00Z,2026-03-02T14:53:00Z,0
APP-01031,months_employed,39.0,2026-03-04T21:06:00Z,2026-02-23T21:46:00Z,0
APP-01031,prior_delinquencies,1.0,2026-03-04T21:06:00Z,2026-03-02T20:37:00Z,0
APP-01032,credit_utilization,0.745,2026-03-04T23:16:00Z,2026-03-03T21:37:00Z,0
APP-01032,debt_to_income,0.387,2026-03-04T23:16:00Z,2026-03-04T16:16:00Z,0
APP-01032,income,44942.0,2026-03-04T23:16:00Z,2026-02-10T14:33:00Z,0
APP-01032,months_employed,16.0,2026-03-04T23:16:00Z,2026-02-26T21:02:00Z,0
APP-01032,prior_delinquencies,0.0,2026-03-04T23:16:00Z,2026-03-01T20:22:00Z,0
APP-01033,credit_utilization,0.154,2026-03-05T01:03:00Z,2026-03-03T18:41:00Z,0
APP-01033,debt_to_income,0.356,2026-03-05T01:03:00Z,2026-03-04T00:45:00Z,0
APP-01033,income,42248.0,2026-03-05T01:03:00Z,2026-02-18T09:04:00Z,0
APP-01033,months_employed,100.0,2026-03-05T01:03:00Z,2026-02-20T13:01:00Z,0
APP-01033,prior_delinquencies,0.0,2026-03-05T01:03:00Z,2026-03-03T05:31:00Z,0
APP-01034,credit_utilization,0.535,2026-03-05T02:42:00Z,2026-03-03T18:12:00Z,0
APP-01034,debt_to_income,0.327,2026-03-05T02:42:00Z,2026-03-04T19:55:00Z,0
APP-01034,income,37186.0,2026-03-05T02:42:00Z,2026-02-20T12:50:00Z,0
APP-01034,months_employed,2.0,2026-03-05T02:42:00Z,2026-03-02T22:58:00Z,0
APP-01034,prior_delinquencies,1.0,2026-03-05T02:42:00Z,2026-03-02T02:11:00Z,0
APP-01035,credit_utilization,0.256,2026-03-05T03:31:00Z,2026-03-03T21:40:00Z,0
APP-01035,debt_to_income,0.403,2026-03-05T03:31:00Z,2026-03-02T13:04:00Z,0
APP-01035,income,89079.0,2026-03-05T03:31:00Z,2026-02-28T05:36:00Z,0
APP-01035,months_employed,26.0,2026-03-05T03:31:00Z,2026-02-28T03:07:00Z,0
APP-01035,prior_delinquencies,0.0,2026-03-05T03:31:00Z,2026-03-04T07:14:00Z,0
APP-01036,credit_utilization,0.315,2026-03-05T03:52:00Z,2026-03-03T10:49:00Z,1
APP-01036,debt_to_income,0.417,2026-03-05T03:52:00Z,2026-03-03T06:11:00Z,1
APP-01036,income,27818.0,2026-03-05T03:52:00Z,2026-03-02T15:44:00Z,1
APP-01036,months_employed,189.0,2026-03-05T03:52:00Z,2026-02-21T07:17:00Z,1
APP-01036,prior_delinquencies,0.0,2026-03-05T03:52:00Z,2026-03-01T08:14:00Z,1
APP-01037,credit_utilization,0.228,2026-03-05T04:04:00Z,2026-03-03T07:19:00Z,0
APP-01037,debt_to_income,0.301,2026-03-05T04:04:00Z,2026-03-02T19:15:00Z,0
APP-01037,income,53809.0,2026-03-05T04:04:00Z,2026-02-15T16:51:00Z,0
APP-01037,months_employed,214.0,2026-03-05T04:04:00Z,2026-02-27T17:26:00Z,0
APP-01037,prior_delinquencies,0.0,2026-03-05T04:04:00Z,2026-03-04T16:17:00Z,0
APP-01038,credit_utilization,0.375,2026-03-05T05:54:00Z,2026-03-04T06:03:00Z,0
APP-01038,debt_to_income,0.177,2026-03-05T05:54:00Z,2026-03-03T19:31:00Z,0
APP-01038,income,50707.0,2026-03-05T05:54:00Z,2026-02-06T23:01:00Z,0
APP-01038,months_employed,3.0,2026-03-05T05:54:00Z,2026-02-24T12:02:00Z,0
APP-01038,prior_delinquencies,0.0,2026-03-05T05:54:00Z,2026-03-04T05:45:00Z,0
APP-01039,credit_utilization,0.506,2026-03-05T12:07:00Z,2026-03-04T14:21:00Z,0
APP-01039,debt_to_income,0.411,2026-03-05T12:07:00Z,2026-03-03T20:12:00Z,0
APP-01039,income,41223.0,2026-03-05T12:07:00Z,2026-02-11T22:26:00Z,0
APP-01039,months_employed,166.0,2026-03-05T12:07:00Z,2026-02-26T01:28:00Z,0
APP-01039,prior_delinquencies,0.0,2026-03-05T12:07:00Z,2026-03-01T14:45:00Z,0
APP-01040,credit_utilization,0.207,2026-03-05T16:19:00Z,2026-03-04T00:44:00Z,0
APP-01040,debt_to_income,0.23,2026-03-05T16:19:00Z,2026-03-05T12:58:00Z,0
APP-01040,income,96865.0,2026-03-05T16:19:00Z,2026-02-09T08:53:00Z,0
APP-01040,months_employed,77.0,2026-03-05T16:19:00Z,2026-03-01T01:20:00Z,0
APP-01040,prior_delinquencies,0.0,2026-03-05T16:19:00Z,2026-03-01T21:55:00Z,0
APP-01041,credit_utilization,0.101,2026-03-05T17:40:00Z,2026-03-05T10:01:00Z,0
APP-01041,debt_to_income,0.078,2026-03-05T17:40:00Z,2026-03-02T17:52:00Z,0
APP-01041,income,84261.0,2026-03-05T17:40:00Z,2026-02-28T22:24:00Z,0
APP-01041,months_employed,66.0,2026-03-05T17:40:00Z,2026-03-02T19:35:00Z,0
APP-01041,prior_delinquencies,0.0,2026-03-05T17:40:00Z,2026-03-05T14:01:00Z,0
APP-01042,credit_utilization,0.328,2026-03-05T18:01:00Z,2026-03-05T03:31:00Z,0
APP-01042,debt_to_income,0.307,2026-03-05T18:01:00Z,2026-03-05T09:10:00Z,0
APP-01042,income,39557.0,2026-03-05T18:01:00Z,2026-02-12T17:25:00Z,0
APP-01042,months_employed,36.0,2026-03-05T18:01:00Z,2026-02-21T03:34:00Z,0
APP-01042,prior_delinquencies,1.0,2026-03-05T18:01:00Z,2026-03-03T23:55:00Z,0
APP-01043,credit_utilization,0.32,2026-03-06T00:07:00Z,2026-03-04T04:00:00Z,0
APP-01043,debt_to_income,0.413,2026-03-06T00:07:00Z,2026-03-03T06:13:00Z,0
APP-01043,income,119273.0,2026-03-06T00:07:00Z,2026-02-11T21:51:00Z,0
APP-01043,months_employed,238.0,2026-03-06T00:07:00Z,2026-02-22T13:11:00Z,0
APP-01043,prior_delinquencies,1.0,2026-03-06T00:07:00Z,2026-03-05T08:49:00Z,0
APP-01044,credit_utilization,0.849,2026-03-06T02:28:00Z,2026-03-04T06:26:00Z,1
APP-01044,debt_to_income,0.612,2026-03-06T02:28:00Z,2026-03-04T05:06:00Z,1
APP-01044,income,40988.0,2026-03-06T02:28:00Z,2026-02-24T11:30:00Z,1
APP-01044,months_employed,149.0,2026-03-06T02:28:00Z,2026-02-23T14:55:00Z,1
APP-01044,prior_delinquencies,0.0,2026-03-06T02:28:00Z,2026-03-04T15:08:00Z,1
APP-01045,credit_utilization,0.793,2026-03-06T02:35:00Z,2026-03-04T18:02:00Z,0
APP-01045,debt_to_income,0.525,2026-03-06T02:35:00Z,2026-03-03T17:20:00Z,0
APP-01045,income,46415.0,2026-03-06T02:35:00Z,2026-02-25T21:06:00Z,0
APP-01045,months_employed,188.0,2026-03-06T02:35:00Z,2026-02-22T04:31:00Z,0
APP-01045,prior_delinquencies,1.0,2026-03-06T02:35:00Z,2026-03-02T12:11:00Z,0
APP-01046,credit_utilization,0.604,2026-03-06T06:27:00Z,2026-03-05T23:23:00Z,0
APP-01046,debt_to_income,0.447,2026-03-06T06:27:00Z,2026-03-06T01:55:00Z,0
APP-01046,income,53570.0,2026-03-06T06:27:00Z,2026-02-04T22:25:00Z,0
APP-01046,months_employed,205.0,2026-03-06T06:27:00Z,2026-03-02T21:44:00Z,0
APP-01046,prior_delinquencies,0.0,2026-03-06T06:27:00Z,2026-03-03T04:27:00Z,0
APP-01047,credit_utilization,0.441,2026-03-06T06:43:00Z,2026-03-05T15:49:00Z,0
APP-01047,debt_to_income,0.508,2026-03-06T06:43:00Z,2026-03-04T21:22:00Z,0
APP-01047,income,46120.0,2026-03-06T06:43:00Z,2026-02-13T04:31:00Z,0
APP-01047,months_employed,34.0,2026-03-06T06:43:00Z,2026-02-25T07:07:00Z,0
APP-01047,prior_delinquencies,1.0,2026-03-06T06:43:00Z,2026-03-03T18:57:00Z,0
APP-01048,credit_utilization,0.515,2026-03-06T08:07:00Z,2026-03-05T15:56:00Z,0
APP-01048,debt_to_income,0.48,2026-03-06T08:07:00Z,2026-03-03T16:12:00Z,0
APP-01048,income,32051.0,2026-03-06T08:07:00Z,2026-02-20T04:01:00Z,0
APP-01048,months_employed,191.0,2026-03-06T08:07:00Z,2026-03-04T16:49:00Z,0
APP-01048,prior_delinquencies,0.0,2026-03-06T08:07:00Z,2026-03-06T04:57:00Z,0
APP-01049,credit_utilization,0.0,2026-03-06T08:22:00Z,2026-03-05T10:44:00Z,0
APP-01049,debt_to_income,0.03,2026-03-06T08:22:00Z,2026-03-04T12:23:00Z,0
APP-01049,income,92082.0,2026-03-06T08:22:00Z,2026-02-27T09:41:00Z,0
APP-01049,months_employed,98.0,2026-03-06T08:22:00Z,2026-03-05T06:45:00Z,0
APP-01049,prior_delinquencies,0.0,2026-03-06T08:22:00Z,2026-03-04T16:11:00Z,0
APP-01050,credit_utilization,0.707,2026-03-06T08:31:00Z,2026-03-04T14:03:00Z,1
APP-01050,debt_to_income,0.36,2026-03-06T08:31:00Z,2026-03-05T02:55:00Z,1
APP-01050,income,45768.0,2026-03-06T08:31:00Z,2026-02-09T01:01:00Z,1
APP-01050,months_employed,62.0,2026-03-06T08:31:00Z,2026-02-26T06:43:00Z,1
APP-01050,prior_delinquencies,0.0,2026-03-06T08:31:00Z,2026-03-06T05:53:00Z,1
APP-01051,credit_utilization,0.49,2026-03-06T09:05:00Z,2026-03-06T02:59:00Z,0
APP-01051,debt_to_income,0.257,2026-03-06T09:05:00Z,2026-03-05T16:48:00Z,0
APP-01051,income,68598.0,2026-03-06T09:05:00Z,2026-02-19T01:55:00Z,0
APP-01051,months_employed,5.0,2026-03-06T09:05:00Z,2026-02-25T20:20:00Z,0
APP-01051,prior_delinquencies,1.0,2026-03-06T09:05:00Z,2026-03-04T11:42:00Z,0
APP-01052,credit_utilization,0.322,2026-03-06T10:45:00Z,2026-03-06T02:02:00Z,0
APP-01052,debt_to_income,0.227,2026-03-06T10:45:00Z,2026-03-06T08:43:00Z,0
APP-01052,income,38053.0,2026-03-06T10:45:00Z,2026-02-12T09:12:00Z,0
APP-01052,months_employed,111.0,2026-03-06T10:45:00Z,2026-02-22T00:26:00Z,0
APP-01052,prior_delinquencies,0.0,2026-03-06T10:45:00Z,2026-03-04T05:39:00Z,0
APP-01053,credit_utilization,0.611,2026-03-06T12:46:00Z,2026-03-04T18:23:00Z,0
APP-01053,debt_to_income,0.428,2026-03-06T12:46:00Z,2026-03-04T10:24:00Z,0
APP-01053,income,44590.0,2026-03-06T12:46:00Z,2026-02-15T11:03:00Z,0
APP-01053,months_employed,35.0,2026-03-06T12:46:00Z,2026-03-04T17:06:00Z,0
APP-01053,prior_delinquencies,0.0,2026-03-06T12:46:00Z,2026-03-05T15:21:00Z,0
APP-01054,credit_utilization,0.313,2026-03-06T13:11:00Z,2026-03-06T04:21:00Z,0
APP-01054,debt_to_income,0.32,2026-03-06T13:11:00Z,2026-03-04T03:08:00Z,0
APP-01054,income,51459.0,2026-03-06T13:11:00Z,2026-02-13T16:46:00Z,0
APP-01054,months_employed,97.0,2026-03-06T13:11:00Z,2026-02-28T12:50:00Z,0
APP-01054,prior_delinquencies,1.0,2026-03-06T13:11:00Z,2026-03-04T17:46:00Z,0
APP-01055,credit_utilization,0.395,2026-03-06T14:28:00Z,2026-03-05T08:38:00Z,0
APP-01055,debt_to_income,0.238,2026-03-06T14:28:00Z,2026-03-06T05:11:00Z,0
APP-01055,income,76980.0,2026-03-06T14:28:00Z,2026-02-11T03:17:00Z,0
APP-01055,months_employed,81.0,2026-03-06T14:28:00Z,2026-02-24T10:33:00Z,0
APP-01055,prior_delinquencies,0.0,2026-03-06T14:28:00Z,2026-03-02T22:46:00Z,0
APP-01056,credit_utilization,0.501,2026-03-06T14:33:00Z,2026-03-05T07:38:00Z,1
APP-01056,debt_to_income,0.259,2026-03-06T14:33:00Z,2026-03-05T23:55:00Z,1
APP-01056,income,42880.0,2026-03-06T14:33:00Z,2026-02-28T16:51:00Z,1
APP-01056,months_employed,200.0,2026-03-06T14:33:00Z,2026-02-27T18:31:00Z,1
APP-01056,prior_delinquencies,1.0,2026-03-06T14:33:00Z,2026-03-06T07:46:00Z,1
APP-01057,credit_utilization,0.237,2026-03-06T14:47:00Z,2026-03-06T11:16:00Z,0
APP-01057,debt_to_income,0.392,2026-03-06T14:47:00Z,2026-03-04T10:01:00Z,0
APP-01057,income,43265.0,2026-03-06T14:47:00Z,2026-02-17T16:00:00Z,0
APP-01057,months_employed,46.0,2026-03-06T14:47:00Z,2026-02-28T12:43:00Z,0
APP-01057,prior_delinquencies,0.0,2026-03-06T14:47:00Z,2026-03-04T12:26:00Z,0
APP-01058,credit_utilization,0.372,2026-03-06T17:04:00Z,2026-03-06T05:19:00Z,1
APP-01058,debt_to_income,0.32,2026-03-06T17:04:00Z,2026-03-05T03:04:00Z,1
APP-01058,income,105336.0,2026-03-06T17:04:00Z,2026-02-24T20:08:00Z,1
APP-01058,months_employed,167.0,2026-03-06T17:04:00Z,2026-02-24T13:46:00Z,1
APP-01058,prior_delinquencies,0.0,2026-03-06T17:04:00Z,2026-03-02T17:48:00Z,1
APP-01059,credit_utilization,0.517,2026-03-06T17:16:00Z,2026-03-05T21:56:00Z,0
APP-01059,debt_to_income,0.335,2026-03-06T17:16:00Z,2026-03-06T06:07:00Z,0
APP-01059,income,62700.0,2026-03-06T17:16:00Z,2026-03-03T06:29:00Z,0
APP-01059,months_employed,82.0,2026-03-06T17:16:00Z,2026-02-23T15:59:00Z,0
APP-01059,prior_delinquencies,0.0,2026-03-06T17:16:00Z,2026-03-06T13:53:00Z,0
APP-01060,credit_utilization,0.492,2026-03-06T17:36:00Z,2026-03-05T06:41:00Z,0
APP-01060,debt_to_income,0.297,2026-03-06T17:36:00Z,2026-03-05T21:03:00Z,0
APP-01060,income,45188.0,2026-03-06T17:36:00Z,2026-02-28T17:13:00Z,0
APP-01060,months_employed,56.0,2026-03-06T17:36:00Z,2026-02-21T03:50:00Z,0
APP-01060,prior_delinquencies,0.0,2026-03-06T17:36:00Z,2026-03-02T19:42:00Z,0
APP-01061,credit_utilization,0.29,2026-03-06T21:55:00Z,2026-03-06T07:02:00Z,0
APP-01061,debt_to_income,0.187,2026-03-06T21:55:00Z,2026-03-05T19:19:00Z,0
APP-01061,income,26548.0,2026-03-06T21:55:00Z,2026-02-13T03:51:00Z,0
APP-01061,months_employed,110.0,2026-03-06T21:55:00Z,2026-03-02T16:13:00Z,0
APP-01061,prior_delinquencies,0.0,2026-03-06T21:55:00Z,2026-03-06T00:39:00Z,0
APP-01062,credit_utilization,0.235,2026-03-06T23:59:00Z,2026-03-06T14:23:00Z,0
APP-01062,debt_to_income,0.353,2026-03-06T23:59:00Z,2026-03-06T04:39:00Z,0
APP-01062,income,83447.0,2026-03-06T23:59:00Z,2026-02-14T18:40:00Z,0
APP-01062,months_employed,128.0,2026-03-06T23:59:00Z,2026-02-23T08:10:00Z,0
APP-01062,prior_delinquencies,1.0,2026-03-06T23:59:00Z,2026-03-05T09:26:00Z,0
APP-01063,credit_utilization,0.652,2026-03-07T00:47:00Z,2026-03-05T00:57:00Z,1
APP-01063,debt_to_income,0.377,2026-03-07T00:47:00Z,2026-03-06T15:30:00Z,1
APP-01063,income,38679.0,2026-03-07T00:47:00Z,2026-03-05T02:52:00Z,1
APP-01063,months_employed,152.0,2026-03-07T00:47:00Z,2026-02-22T19:52:00Z,1
APP-01063,prior_delinquencies,0.0,2026-03-07T00:47:00Z,2026-03-03T12:28:00Z,1
APP-01064,credit_utilization,0.51,2026-03-07T01:10:00Z,2026-03-05T17:38:00Z,0
APP-01064,debt_to_income,0.361,2026-03-07T01:10:00Z,2026-03-05T22:43:00Z,0
APP-01064,income,47970.0,2026-03-07T01:10:00Z,2026-02-18T07:00:00Z,0
APP-01064,months_employed,68.0,2026-03-07T01:10:00Z,2026-03-05T16:06:00Z,0
APP-01064,prior_delinquencies,0.0,2026-03-07T01:10:00Z,2026-03-04T08:27:00Z,0
APP-01065,credit_utilization,0.122,2026-03-07T01:20:00Z,2026-03-05T12:34:00Z,1
APP-01065,debt_to_income,0.301,2026-03-07T01:20:00Z,2026-03-06T02:38:00Z,1
APP-01065,income,44076.0,2026-03-07T01:20:00Z,2026-02-08T01:22:00Z,1
APP-01065,months_employed,237.0,2026-03-07T01:20:00Z,2026-02-24T19:21:00Z,1
APP-01065,prior_delinquencies,0.0,2026-03-07T01:20:00Z,2026-03-05T11:45:00Z,1
APP-01066,credit_utilization,0.464,2026-03-07T01:36:00Z,2026-03-06T09:15:00Z,0
APP-01066,debt_to_income,0.285,2026-03-07T01:36:00Z,2026-03-04T20:08:00Z,0
APP-01066,income,28344.0,2026-03-07T01:36:00Z,2026-02-17T07:33:00Z,0
APP-01066,months_employed,17.0,2026-03-07T01:36:00Z,2026-02-22T21:07:00Z,0
APP-01066,prior_delinquencies,0.0,2026-03-07T01:36:00Z,2026-03-03T10:45:00Z,0
APP-01067,credit_utilization,0.283,2026-03-07T03:04:00Z,2026-03-05T12:56:00Z,0
APP-01067,debt_to_income,0.397,2026-03-07T03:04:00Z,2026-03-06T17:32:00Z,0
APP-01067,income,81435.0,2026-03-07T03:04:00Z,2026-02-25T23:37:00Z,0
APP-01067,months_employed,120.0,2026-03-07T03:04:00Z,2026-02-24T17:24:00Z,0
APP-01067,prior_delinquencies,1.0,2026-03-07T03:04:00Z,2026-03-03T07:56:00Z,0
APP-01068,credit_utilization,0.197,2026-03-07T03:12:00Z,2026-03-05T22:07:00Z,1
APP-01068,debt_to_income,0.301,2026-03-07T03:12:00Z,2026-03-07T00:40:00Z,1
APP-01068,income,33940.0,2026-03-07T03:12:00Z,2026-03-03T08:07:00Z,1
APP-01068,months_employed,199.0,2026-03-07T03:12:00Z,2026-02-22T23:31:00Z,1
APP-01068,prior_delinquencies,0.0,2026-03-07T03:12:00Z,2026-03-03T14:36:00Z,1
APP-01069,credit_utilization,0.411,2026-03-07T03:45:00Z,2026-03-05T15:51:00Z,0
APP-01069,debt_to_income,0.31,2026-03-07T03:45:00Z,2026-03-06T22:53:00Z,0
APP-01069,income,126455.0,2026-03-07T03:45:00Z,2026-03-02T03:40:00Z,0
APP-01069,months_employed,202.0,2026-03-07T03:45:00Z,2026-02-23T19:05:00Z,0
APP-01069,prior_delinquencies,0.0,2026-03-07T03:45:00Z,2026-03-04T02:16:00Z,0
APP-01070,credit_utilization,0.175,2026-03-07T04:52:00Z,2026-03-05T17:30:00Z,0
APP-01070,debt_to_income,0.226,2026-03-07T04:52:00Z,2026-03-05T16:27:00Z,0
APP-01070,income,46238.0,2026-03-07T04:52:00Z,2026-02-16T23:22:00Z,0
APP-01070,months_employed,90.0,2026-03-07T04:52:00Z,2026-02-21T14:18:00Z,0
APP-01070,prior_delinquencies,0.0,2026-03-07T04:52:00Z,2026-03-06T06:36:00Z,0
APP-01071,credit_utilization,0.828,2026-03-07T09:45:00Z,2026-03-06T10:13:00Z,1
APP-01071,debt_to_income,0.503,2026-03-07T09:45:00Z,2026-03-04T12:49:00Z,1
APP-01071,income,66565.0,2026-03-07T09:45:00Z,2026-03-04T01:55:00Z,1
APP-01071,months_employed,174.0,2026-03-07T09:45:00Z,2026-03-05T01:07:00Z,1
APP-01071,prior_delinquencies,1.0,2026-03-07T09:45:00Z,2026-03-06T23:08:00Z,1
APP-01072,credit_utilization,0.571,2026-03-07T10:10:00Z,2026-03-07T07:31:00Z,0
APP-01072,debt_to_income,0.355,2026-03-07T10:10:00Z,2026-03-06T01:29:00Z,0
APP-01072,income,83395.0,2026-03-07T10:10:00Z,2026-02-10T07:56:00Z,0
APP-01072,months_employed,85.0,2026-03-07T10:10:00Z,2026-03-05T08:42:00Z,0
APP-01072,prior_delinquencies,2.0,2026-03-07T10:10:00Z,2026-03-06T18:07:00Z,0
APP-01073,credit_utilization,0.0,2026-03-07T10:24:00Z,2026-03-05T22:05:00Z,0
APP-01073,debt_to_income,0.199,2026-03-07T10:24:00Z,2026-03-06T17:41:00Z,0
APP-01073,income,35989.0,2026-03-07T10:24:00Z,2026-02-13T01:05:00Z,0
APP-01073,months_employed,188.0,2026-03-07T10:24:00Z,2026-03-02T07:07:00Z,0
APP-01073,prior_delinquencies,0.0,2026-03-07T10:24:00Z,2026-03-06T11:24:00Z,0
APP-01074,credit_utilization,0.425,2026-03-07T11:00:00Z,2026-03-06T08:18:00Z,0
APP-01074,debt_to_income,0.236,2026-03-07T11:00:00Z,2026-03-04T11:30:00Z,0
APP-01074,income,73914.0,2026-03-07T11:00:00Z,2026-02-27T14:35:00Z,0
APP-01074,months_employed,153.0,2026-03-07T11:00:00Z,2026-03-06T06:28:00Z,0
APP-01074,prior_delinquencies,0.0,2026-03-07T11:00:00Z,2026-03-05T15:04:00Z,0
APP-01075,credit_utilization,0.198,2026-03-07T11:11:00Z,2026-03-06T14:27:00Z,0
APP-01075,debt_to_income,0.115,2026-03-07T11:11:00Z,2026-03-04T13:33:00Z,0
APP-01075,income,92776.0,2026-03-07T11:11:00Z,2026-02-12T02:06:00Z,0
APP-01075,months_employed,62.0,2026-03-07T11:11:00Z,2026-03-04T10:09:00Z,0
APP-01075,prior_delinquencies,0.0,2026-03-07T11:11:00Z,2026-03-04T20:12:00Z,0
APP-01076,credit_utilization,0.318,2026-03-07T11:50:00Z,2026-03-06T08:56:00Z,0
APP-01076,debt_to_income,0.443,2026-03-07T11:50:00Z,2026-03-06T22:43:00Z,0
APP-01076,income,56733.0,2026-03-07T11:50:00Z,2026-02-19T08:29:00Z,0
APP-01076,months_employed,132.0,2026-03-07T11:50:00Z,2026-03-03T12:49:00Z,0
APP-01076,prior_delinquencies,0.0,2026-03-07T11:50:00Z,2026-03-06T20:31:00Z,0
APP-01077,credit_utilization,0.75,2026-03-07T13:39:00Z,2026-03-06T03:44:00Z,0
APP-01077,debt_to_income,0.284,2026-03-07T13:39:00Z,2026-03-04T16:23:00Z,0
APP-01077,income,38745.0,2026-03-07T13:39:00Z,2026-02-27T00:22:00Z,0
APP-01077,months_employed,38.0,2026-03-07T13:39:00Z,2026-02-26T05:27:00Z,0
APP-01077,prior_delinquencies,0.0,2026-03-07T13:39:00Z,2026-03-06T07:11:00Z,0
APP-01078,credit_utilization,0.252,2026-03-07T15:05:00Z,2026-03-05T22:12:00Z,0
APP-01078,debt_to_income,0.312,2026-03-07T15:05:00Z,2026-03-06T17:44:00Z,0
APP-01078,income,42033.0,2026-03-07T15:05:00Z,2026-02-05T17:07:00Z,0
APP-01078,months_employed,79.0,2026-03-07T15:05:00Z,2026-03-02T15:01:00Z,0
APP-01078,prior_delinquencies,0.0,2026-03-07T15:05:00Z,2026-03-04T07:39:00Z,0
APP-01079,credit_utilization,0.754,2026-03-07T17:16:00Z,2026-03-07T08:11:00Z,1
APP-01079,debt_to_income,0.509,2026-03-07T17:16:00Z,2026-03-04T17:43:00Z,1
APP-01079,income,25714.0,2026-03-07T17:16:00Z,2026-03-02T16:15:00Z,1
APP-01079,months_employed,130.0,2026-03-07T17:16:00Z,2026-02-28T20:00:00Z,1
APP-01079,prior_delinquencies,0.0,2026-03-07T17:16:00Z,2026-03-06T06:46:00Z,1
APP-01080,credit_utilization,0.182,2026-03-07T17:46:00Z,2026-03-07T14:43:00Z,0
APP-01080,debt_to_income,0.329,2026-03-07T17:46:00Z,2026-03-06T02:57:00Z,0
APP-01080,income,47171.0,2026-03-07T17:46:00Z,2026-03-01T07:31:00Z,0
APP-01080,months_employed,136.0,2026-03-07T17:46:00Z,2026-03-05T22:07:00Z,0
APP-01080,prior_delinquencies,1.0,2026-03-07T17:46:00Z,2026-03-07T12:25:00Z,0
APP-01081,credit_utilization,0.37,2026-03-07T17:54:00Z,2026-03-07T16:28:00Z,0
APP-01081,debt_to_income,0.45,2026-03-07T17:54:00Z,2026-03-06T09:41:00Z,0
APP-01081,income,130044.0,2026-03-07T17:54:00Z,2026-03-04T05:01:00Z,0
APP-01081,months_employed,221.0,2026-03-07T17:54:00Z,2026-02-23T05:00:00Z,0
APP-01081,prior_delinquencies,0.0,2026-03-07T17:54:00Z,2026-03-06T16:52:00Z,0
APP-01082,credit_utilization,0.235,2026-03-07T18:19:00Z,2026-03-06T17:46:00Z,0
APP-01082,debt_to_income,0.358,2026-03-07T18:19:00Z,2026-03-05T09:38:00Z,0
APP-01082,income,49299.0,2026-03-07T18:19:00Z,2026-02-11T13:46:00Z,0
APP-01082,months_employed,147.0,2026-03-07T18:19:00Z,2026-02-27T13:12:00Z,0
APP-01082,prior_delinquencies,0.0,2026-03-07T18:19:00Z,2026-03-04T11:56:00Z,0
APP-01083,credit_utilization,0.743,2026-03-07T19:00:00Z,2026-03-07T00:26:00Z,1
APP-01083,debt_to_income,0.723,2026-03-07T19:00:00Z,2026-03-07T10:58:00Z,1
APP-01083,income,40369.0,2026-03-07T19:00:00Z,2026-02-20T05:05:00Z,1
APP-01083,months_employed,131.0,2026-03-07T19:00:00Z,2026-02-24T08:36:00Z,1
APP-01083,prior_delinquencies,0.0,2026-03-07T19:00:00Z,2026-03-04T15:28:00Z,1
APP-01084,credit_utilization,0.362,2026-03-07T19:14:00Z,2026-03-06T22:44:00Z,0
APP-01084,debt_to_income,0.263,2026-03-07T19:14:00Z,2026-03-06T09:23:00Z,0
APP-01084,income,46247.0,2026-03-07T19:14:00Z,2026-02-20T00:28:00Z,0
APP-01084,months_employed,125.0,2026-03-07T19:14:00Z,2026-02-24T23:12:00Z,0
APP-01084,prior_delinquencies,1.0,2026-03-07T19:14:00Z,2026-03-06T18:40:00Z,0
APP-01085,credit_utilization,0.0,2026-03-07T20:46:00Z,2026-03-07T13:12:00Z,0
APP-01085,debt_to_income,0.225,2026-03-07T20:46:00Z,2026-03-07T11:03:00Z,0
APP-01085,income,45726.0,2026-03-07T20:46:00Z,2026-02-13T07:30:00Z,0
APP-01085,months_employed,195.0,2026-03-07T20:46:00Z,2026-02-27T06:38:00Z,0
APP-01085,prior_delinquencies,0.0,2026-03-07T20:46:00Z,2026-03-04T02:15:00Z,0
APP-01086,credit_utilization,0.519,2026-03-07T23:44:00Z,2026-03-07T00:46:00Z,0
APP-01086,debt_to_income,0.439,2026-03-07T23:44:00Z,2026-03-05T19:11:00Z,0
APP-01086,income,53185.0,2026-03-07T23:44:00Z,2026-03-03T05:12:00Z,0
APP-01086,months_employed,43.0,2026-03-07T23:44:00Z,2026-03-02T20:38:00Z,0
APP-01086,prior_delinquencies,0.0,2026-03-07T23:44:00Z,2026-03-06T10:31:00Z,0
APP-01087,credit_utilization,0.049,2026-03-08T03:17:00Z,2026-03-07T19:50:00Z,0
APP-01087,debt_to_income,0.062,2026-03-08T03:17:00Z,2026-03-07T21:52:00Z,0
APP-01087,income,45019.0,2026-03-08T03:17:00Z,2026-02-14T14:41:00Z,0
APP-01087,months_employed,224.0,2026-03-08T03:17:00Z,2026-03-02T17:32:00Z,0
APP-01087,prior_delinquencies,0.0,2026-03-08T03:17:00Z,2026-03-08T00:53:00Z,0
APP-01088,credit_utilization,0.029,2026-03-08T03:54:00Z,2026-03-07T09:45:00Z,0
APP-01088,debt_to_income,0.119,2026-03-08T03:54:00Z,2026-03-05T12:40:00Z,0
APP-01088,income,113515.0,2026-03-08T03:54:00Z,2026-03-03T00:43:00Z,0
APP-01088,months_employed,16.0,2026-03-08T03:54:00Z,2026-02-25T07:19:00Z,0
APP-01088,prior_delinquencies,0.0,2026-03-08T03:54:00Z,2026-03-05T08:52:00Z,0
APP-01089,credit_utilization,0.255,2026-03-08T06:07:00Z,2026-03-08T03:52:00Z,0
APP-01089,debt_to_income,0.297,2026-03-08T06:07:00Z,2026-03-05T23:12:00Z,0
APP-01089,income,35197.0,2026-03-08T06:07:00Z,2026-02-10T02:58:00Z,0
APP-01089,months_employed,31.0,2026-03-08T06:07:00Z,2026-02-22T19:16:00Z,0
APP-01089,prior_delinquencies,0.0,2026-03-08T06:07:00Z,2026-03-07T05:19:00Z,0
APP-01090,credit_utilization,0.386,2026-03-08T08:24:00Z,2026-03-07T22:53:00Z,0
APP-01090,debt_to_income,0.471,2026-03-08T08:24:00Z,2026-03-07T21:14:00Z,0
APP-01090,income,47901.0,2026-03-08T08:24:00Z,2026-03-04T02:13:00Z,0
APP-01090,months_employed,208.0,2026-03-08T08:24:00Z,2026-02-25T15:31:00Z,0
APP-01090,prior_delinquencies,1.0,2026-03-08T08:24:00Z,2026-03-05T14:52:00Z,0
APP-01091,credit_utilization,0.207,2026-03-08T09:02:00Z,2026-03-06T10:39:00Z,0
APP-01091,debt_to_income,0.304,2026-03-08T09:02:00Z,2026-03-07T10:42:00Z,0
APP-01091,income,88376.0,2026-03-08T09:02:00Z,2026-03-01T09:22:00Z,0
APP-01091,months_employed,110.0,2026-03-08T09:02:00Z,2026-02-26T17:49:00Z,0
APP-01091,prior_delinquencies,0.0,2026-03-08T09:02:00Z,2026-03-07T22:41:00Z,0
APP-01092,credit_utilization,0.0,2026-03-08T12:32:00Z,2026-03-06T16:02:00Z,0
APP-01092,debt_to_income,0.296,2026-03-08T12:32:00Z,2026-03-06T13:15:00Z,0
APP-01092,income,61268.0,2026-03-08T12:32:00Z,2026-03-01T20:39:00Z,0
APP-01092,months_employed,156.0,2026-03-08T12:32:00Z,2026-03-04T23:51:00Z,0
APP-01092,prior_delinquencies,0.0,2026-03-08T12:32:00Z,2026-03-07T09:12:00Z,0
APP-01093,credit_utilization,0.476,2026-03-08T16:05:00Z,2026-03-08T13:23:00Z,0
APP-01093,debt_to_income,0.47,2026-03-08T16:05:00Z,2026-03-08T12:38:00Z,0
APP-01093,income,68855.0,2026-03-08T16:05:00Z,2026-02-11T02:52:00Z,0
APP-01093,months_employed,131.0,2026-03-08T16:05:00Z,2026-02-28T14:43:00Z,0
APP-01093,prior_delinquencies,1.0,2026-03-08T16:05:00Z,2026-03-06T00:46:00Z,0
APP-01094,credit_utilization,0.38,2026-03-08T19:52:00Z,2026-03-08T14:36:00Z,0
APP-01094,debt_to_income,0.23,2026-03-08T19:52:00Z,2026-03-06T20:39:00Z,0
APP-01094,income,32753.0,2026-03-08T19:52:00Z,2026-03-04T11:44:00Z,0
APP-01094,months_employed,59.0,2026-03-08T19:52:00Z,2026-02-28T16:49:00Z,0
APP-01094,prior_delinquencies,0.0,2026-03-08T19:52:00Z,2026-03-06T19:35:00Z,0
APP-01095,credit_utilization,0.447,2026-03-08T20:41:00Z,2026-03-07T18:45:00Z,0
APP-01095,debt_to_income,0.315,2026-03-08T20:41:00Z,2026-03-07T03:15:00Z,0
APP-01095,income,30107.0,2026-03-08T20:41:00Z,2026-02-09T19:44:00Z,0
APP-01095,months_employed,171.0,2026-03-08T20:41:00Z,2026-02-28T03:53:00Z,0
APP-01095,prior_delinquencies,0.0,2026-03-08T20:41:00Z,2026-03-06T12:44:00Z,0
APP-01096,credit_utilization,0.282,2026-03-08T20:47:00Z,2026-03-08T12:07:00Z,1
APP-01096,debt_to_income,0.354,2026-03-08T20:47:00Z,2026-03-06T11:41:00Z,1
APP-01096,income,22784.0,2026-03-08T20:47:00Z,2026-03-06T04:19:00Z,1
APP-01096,months_employed,208.0,2026-03-08T20:47:00Z,2026-03-07T12:25:00Z,1
APP-01096,prior_delinquencies,1.0,2026-03-08T20:47:00Z,2026-03-08T06:42:00Z,1
APP-01097,credit_utilization,0.334,2026-03-08T21:07:00Z,2026-03-08T08:28:00Z,0
APP-01097,debt_to_income,0.488,2026-03-08T21:07:00Z,2026-03-06T07:32:00Z,0
APP-01097,income,51346.0,2026-03-08T21:07:00Z,2026-03-05T07:10:00Z,0
APP-01097,months_employed,189.0,2026-03-08T21:07:00Z,2026-02-27T21:33:00Z,0
APP-01097,prior_delinquencies,2.0,2026-03-08T21:07:00Z,2026-03-07T14:30:00Z,0
APP-01098,credit_utilization,0.0,2026-03-09T01:12:00Z,2026-03-08T02:57:00Z,0
APP-01098,debt_to_income,0.336,2026-03-09T01:12:00Z,2026-03-08T14:56:00Z,0
APP-01098,income,37649.0,2026-03-09T01:12:00Z,2026-03-06T17:36:00Z,0
APP-01098,months_employed,138.0,2026-03-09T01:12:00Z,2026-03-04T12:37:00Z,0
APP-01098,prior_delinquencies,1.0,2026-03-09T01:12:00Z,2026-03-08T09:10:00Z,0
APP-01099,credit_utilization,0.58,2026-03-09T01:49:00Z,2026-03-08T09:11:00Z,0
APP-01099,debt_to_income,0.262,2026-03-09T01:49:00Z,2026-03-07T07:46:00Z,0
APP-01099,income,40487.0,2026-03-09T01:49:00Z,2026-02-21T22:01:00Z,0
APP-01099,months_employed,235.0,2026-03-09T01:49:00Z,2026-02-27T05:39:00Z,0
APP-01099,prior_delinquencies,2.0,2026-03-09T01:49:00Z,2026-03-07T20:21:00Z,0
APP-01100,credit_utilization,0.341,2026-03-09T04:15:00Z,2026-03-07T06:10:00Z,0
APP-01100,debt_to_income,0.285,2026-03-09T04:15:00Z,2026-03-07T17:34:00Z,0
APP-01100,income,46865.0,2026-03-09T04:15:00Z,2026-03-01T21:44:00Z,0
APP-01100,months_employed,69.0,2026-03-09T04:15:00Z,2026-02-27T00:57:00Z,0
APP-01100,prior_delinquencies,0.0,2026-03-09T04:15:00Z,2026-03-08T20:41:00Z,0
APP-01101,credit_utilization,0.391,2026-03-09T05:11:00Z,2026-03-08T03:16:00Z,0
APP-01101,debt_to_income,0.525,2026-03-09T05:11:00Z,2026-03-06T06:51:00Z,0
APP-01101,income,46371.0,2026-03-09T05:11:00Z,2026-03-05T15:16:00Z,0
APP-01101,months_employed,1.0,2026-03-09T05:11:00Z,2026-03-02T00:03:00Z,0
APP-01101,prior_delinquencies,1.0,2026-03-09T05:11:00Z,2026-03-07T19:10:00Z,0
APP-01102,credit_utilization,0.405,2026-03-09T07:47:00Z,2026-03-09T02:57:00Z,0
APP-01102,debt_to_income,0.191,2026-03-09T07:47:00Z,2026-03-08T03:00:00Z,0
APP-01102,income,84472.0,2026-03-09T07:47:00Z,2026-02-08T04:08:00Z,0
APP-01102,months_employed,219.0,2026-03-09T07:47:00Z,2026-03-06T00:49:00Z,0
APP-01102,prior_delinquencies,0.0,2026-03-09T07:47:00Z,2026-03-06T17:06:00Z,0
APP-01103,credit_utilization,0.478,2026-03-09T08:58:00Z,2026-03-08T13:40:00Z,0
APP-01103,debt_to_income,0.369,2026-03-09T08:58:00Z,2026-03-06T09:45:00Z,0
APP-01103,income,46178.0,2026-03-09T08:58:00Z,2026-02-19T16:47:00Z,0
APP-01103,months_employed,79.0,2026-03-09T08:58:00Z,2026-03-07T11:35:00Z,0
APP-01103,prior_delinquencies,4.0,2026-03-09T08:58:00Z,2026-03-07T21:50:00Z,0
APP-01104,credit_utilization,0.394,2026-03-09T09:01:00Z,2026-03-09T06:30:00Z,0
APP-01104,debt_to_income,0.246,2026-03-09T09:01:00Z,2026-03-09T07:09:00Z,0
APP-01104,income,53706.0,2026-03-09T09:01:00Z,2026-02-18T03:56:00Z,0
APP-01104,months_employed,120.0,2026-03-09T09:01:00Z,2026-03-07T17:14:00Z,0
APP-01104,prior_delinquencies,0.0,2026-03-09T09:01:00Z,2026-03-08T06:43:00Z,0
APP-01105,credit_utilization,0.341,2026-03-09T09:22:00Z,2026-03-09T01:45:00Z,1
APP-01105,debt_to_income,0.569,2026-03-09T09:22:00Z,2026-03-08T18:15:00Z,1
APP-01105,income,67147.0,2026-03-09T09:22:00Z,2026-03-08T01:10:00Z,1
APP-01105,months_employed,8.0,2026-03-09T09:22:00Z,2026-03-01T02:32:00Z,1
APP-01105,prior_delinquencies,0.0,2026-03-09T09:22:00Z,2026-03-07T13:09:00Z,1
APP-01106,credit_utilization,0.302,2026-03-09T09:48:00Z,2026-03-08T20:05:00Z,0
APP-01106,debt_to_income,0.407,2026-03-09T09:48:00Z,2026-03-07T00:13:00Z,0
APP-01106,income,30008.0,2026-03-09T09:48:00Z,2026-02-16T19:55:00Z,0
APP-01106,months_employed,209.0,2026-03-09T09:48:00Z,2026-02-24T01:08:00Z,0
APP-01106,prior_delinquencies,0.0,2026-03-09T09:48:00Z,2026-03-09T07:27:00Z,0
APP-01107,credit_utilization,0.317,2026-03-09T10:17:00Z,2026-03-07T22:51:00Z,0
APP-01107,debt_to_income,0.345,2026-03-09T10:17:00Z,2026-03-07T15:35:00Z,0
APP-01107,income,58005.0,2026-03-09T10:17:00Z,2026-02-10T06:14:00Z,0
APP-01107,months_employed,9.0,2026-03-09T10:17:00Z,2026-03-03T01:34:00Z,0
APP-01107,prior_delinquencies,0.0,2026-03-09T10:17:00Z,2026-03-08T08:14:00Z,0
APP-01108,credit_utilization,0.534,2026-03-09T11:12:00Z,2026-03-07T16:59:00Z,0
APP-01108,debt_to_income,0.457,2026-03-09T11:12:00Z,2026-03-06T15:52:00Z,0
APP-01108,income,54857.0,2026-03-09T11:12:00Z,2026-02-18T20:31:00Z,0
APP-01108,months_employed,70.0,2026-03-09T11:12:00Z,2026-02-24T07:34:00Z,0
APP-01108,prior_delinquencies,0.0,2026-03-09T11:12:00Z,2026-03-06T07:44:00Z,0
APP-01109,credit_utilization,0.419,2026-03-09T11:43:00Z,2026-03-09T05:30:00Z,0
APP-01109,debt_to_income,0.252,2026-03-09T11:43:00Z,2026-03-08T22:11:00Z,0
APP-01109,income,70242.0,2026-03-09T11:43:00Z,2026-02-14T14:35:00Z,0
APP-01109,months_employed,210.0,2026-03-09T11:43:00Z,2026-03-05T11:54:00Z,0
APP-01109,prior_delinquencies,0.0,2026-03-09T11:43:00Z,2026-03-05T17:48:00Z,0
APP-01110,credit_utilization,0.352,2026-03-09T11:49:00Z,2026-03-08T14:56:00Z,0
APP-01110,debt_to_income,0.304,2026-03-09T11:49:00Z,2026-03-07T13:01:00Z,0
APP-01110,income,75669.0,2026-03-09T11:49:00Z,2026-02-15T08:02:00Z,0
APP-01110,months_employed,237.0,2026-03-09T11:49:00Z,2026-03-06T13:48:00Z,0
APP-01110,prior_delinquencies,0.0,2026-03-09T11:49:00Z,2026-03-05T17:14:00Z,0
APP-01111,credit_utilization,0.152,2026-03-09T14:49:00Z,2026-03-08T23:19:00Z,0
APP-01111,debt_to_income,0.455,2026-03-09T14:49:00Z,2026-03-08T10:15:00Z,0
APP-01111,income,60836.0,2026-03-09T14:49:00Z,2026-02-27T07:10:00Z,0
APP-01111,months_employed,204.0,2026-03-09T14:49:00Z,2026-03-08T04:31:00Z,0
APP-01111,prior_delinquencies,0.0,2026-03-09T14:49:00Z,2026-03-06T00:13:00Z,0
APP-01112,credit_utilization,0.276,2026-03-09T16:09:00Z,2026-03-09T00:38:00Z,0
APP-01112,debt_to_income,0.254,2026-03-09T16:09:00Z,2026-03-08T01:20:00Z,0
APP-01112,income,30789.0,2026-03-09T16:09:00Z,2026-02-15T13:35:00Z,0
APP-01112,months_employed,152.0,2026-03-09T16:09:00Z,2026-03-08T16:03:00Z,0
APP-01112,prior_delinquencies,1.0,2026-03-09T16:09:00Z,2026-03-05T22:15:00Z,0
APP-01113,credit_utilization,0.396,2026-03-09T23:06:00Z,2026-03-09T11:25:00Z,0
APP-01113,debt_to_income,0.437,2026-03-09T23:06:00Z,2026-03-08T11:10:00Z,0
APP-01113,income,37492.0,2026-03-09T23:06:00Z,2026-02-25T13:17:00Z,0
APP-01113,months_employed,139.0,2026-03-09T23:06:00Z,2026-03-03T22:10:00Z,0
APP-01113,prior_delinquencies,0.0,2026-03-09T23:06:00Z,2026-03-08T05:48:00Z,0
APP-01114,credit_utilization,0.365,2026-03-10T00:05:00Z,2026-03-08T05:39:00Z,0
APP-01114,debt_to_income,0.318,2026-03-10T00:05:00Z,2026-03-09T17:42:00Z,0
APP-01114,income,101241.0,2026-03-10T00:05:00Z,2026-02-08T18:35:00Z,0
APP-01114,months_employed,62.0,2026-03-10T00:05:00Z,2026-03-01T06:34:00Z,0
APP-01114,prior_delinquencies,1.0,2026-03-10T00:05:00Z,2026-03-07T13:50:00Z,0
APP-01115,credit_utilization,0.015,2026-03-10T00:11:00Z,2026-03-08T21:58:00Z,0
APP-01115,debt_to_income,0.146,2026-03-10T00:11:00Z,2026-03-07T23:16:00Z,0
APP-01115,income,62237.0,2026-03-10T00:11:00Z,2026-02-22T20:09:00Z,0
APP-01115,months_employed,164.0,2026-03-10T00:11:00Z,2026-03-06T05:49:00Z,0
APP-01115,prior_delinquencies,0.0,2026-03-10T00:11:00Z,2026-03-07T15:43:00Z,0
APP-01116,credit_utilization,0.249,2026-03-10T03:51:00Z,2026-03-08T07:05:00Z,0
APP-01116,debt_to_income,0.51,2026-03-10T03:51:00Z,2026-03-09T12:08:00Z,0
APP-01116,income,62796.0,2026-03-10T03:51:00Z,2026-02-13T08:22:00Z,0
APP-01116,months_employed,236.0,2026-03-10T03:51:00Z,2026-03-03T07:28:00Z,0
APP-01116,prior_delinquencies,1.0,2026-03-10T03:51:00Z,2026-03-08T01:46:00Z,0
APP-01117,credit_utilization,0.658,2026-03-10T06:53:00Z,2026-03-09T18:26:00Z,0
APP-01117,debt_to_income,0.386,2026-03-10T06:53:00Z,2026-03-10T02:52:00Z,0
APP-01117,income,23869.0,2026-03-10T06:53:00Z,2026-02-23T10:00:00Z,0
APP-01117,months_employed,55.0,2026-03-10T06:53:00Z,2026-02-27T07:20:00Z,0
APP-01117,prior_delinquencies,0.0,2026-03-10T06:53:00Z,2026-03-06T09:52:00Z,0
APP-01118,credit_utilization,0.74,2026-03-10T07:07:00Z,2026-03-08T13:53:00Z,1
APP-01118,debt_to_income,0.483,2026-03-10T07:07:00Z,2026-03-09T03:39:00Z,1
APP-01118,income,52824.0,2026-03-10T07:07:00Z,2026-02-11T19:03:00Z,1
APP-01118,months_employed,97.0,2026-03-10T07:07:00Z,2026-03-01T01:58:00Z,1
APP-01118,prior_delinquencies,1.0,2026-03-10T07:07:00Z,2026-03-07T18:40:00Z,1
APP-01119,credit_utilization,0.575,2026-03-10T07:44:00Z,2026-03-09T11:36:00Z,0
APP-01119,debt_to_income,0.486,2026-03-10T07:44:00Z,2026-03-09T15:26:00Z,0
APP-01119,income,58467.0,2026-03-10T07:44:00Z,2026-02-11T05:37:00Z,0
APP-01119,months_employed,91.0,2026-03-10T07:44:00Z,2026-03-08T04:08:00Z,0
APP-01119,prior_delinquencies,2.0,2026-03-10T07:44:00Z,2026-03-06T18:00:00Z,0
APP-01120,credit_utilization,0.098,2026-03-10T08:06:00Z,2026-03-09T15:19:00Z,0
APP-01120,debt_to_income,0.348,2026-03-10T08:06:00Z,2026-03-08T11:20:00Z,0
APP-01120,income,63528.0,2026-03-10T08:06:00Z,2026-02-23T22:42:00Z,0
APP-01120,months_employed,129.0,2026-03-10T08:06:00Z,2026-02-27T21:02:00Z,0
APP-01120,prior_delinquencies,1.0,2026-03-10T08:06:00Z,2026-03-07T13:21:00Z,0
APP-01121,credit_utilization,0.487,2026-03-10T08:18:00Z,2026-03-09T06:29:00Z,0
APP-01121,debt_to_income,0.359,2026-03-10T08:18:00Z,2026-03-08T01:31:00Z,0
APP-01121,income,100077.0,2026-03-10T08:18:00Z,2026-02-13T01:33:00Z,0
APP-01121,months_employed,30.0,2026-03-10T08:18:00Z,2026-02-28T11:35:00Z,0
APP-01121,prior_delinquencies,1.0,2026-03-10T08:18:00Z,2026-03-07T16:52:00Z,0
APP-01122,credit_utilization,0.332,2026-03-10T08:39:00Z,2026-03-09T01:43:00Z,0
APP-01122,debt_to_income,0.239,2026-03-10T08:39:00Z,2026-03-08T11:39:00Z,0
APP-01122,income,38672.0,2026-03-10T08:39:00Z,2026-02-08T10:46:00Z,0
APP-01122,months_employed,64.0,2026-03-10T08:39:00Z,2026-03-05T00:10:00Z,0
APP-01122,prior_delinquencies,1.0,2026-03-10T08:39:00Z,2026-03-09T15:05:00Z,0
APP-01123,credit_utilization,0.584,2026-03-10T09:37:00Z,2026-03-08T20:36:00Z,0
APP-01123,debt_to_income,0.344,2026-03-10T09:37:00Z,2026-03-09T12:54:00Z,0
APP-01123,income,27173.0,2026-03-10T09:37:00Z,2026-02-10T21:22:00Z,0
APP-01123,months_employed,72.0,2026-03-10T09:37:00Z,2026-03-05T16:10:00Z,0
APP-01123,prior_delinquencies,0.0,2026-03-10T09:37:00Z,2026-03-09T10:33:00Z,0
APP-01124,credit_utilization,0.448,2026-03-10T10:20:00Z,2026-03-10T03:38:00Z,0
APP-01124,debt_to_income,0.259,2026-03-10T10:20:00Z,2026-03-08T03:11:00Z,0
APP-01124,income,57608.0,2026-03-10T10:20:00Z,2026-02-11T17:38:00Z,0
APP-01124,months_employed,15.0,2026-03-10T10:20:00Z,2026-03-08T06:27:00Z,0
APP-01124,prior_delinquencies,0.0,2026-03-10T10:20:00Z,2026-03-07T06:26:00Z,0
APP-01125,credit_utilization,0.46,2026-03-10T15:23:00Z,2026-03-09T04:55:00Z,0
APP-01125,debt_to_income,0.39,2026-03-10T15:23:00Z,2026-03-09T21:27:00Z,0
APP-01125,income,54802.0,2026-03-10T15:23:00Z,2026-03-08T08:27:00Z,0
APP-01125,months_employed,207.0,2026-03-10T15:23:00Z,2026-03-07T04:15:00Z,0
APP-01125,prior_delinquencies,0.0,2026-03-10T15:23:00Z,2026-03-08T14:31:00Z,0
APP-01126,credit_utilization,0.345,2026-03-10T18:27:00Z,2026-03-09T17:03:00Z,0
APP-01126,debt_to_income,0.369,2026-03-10T18:27:00Z,2026-03-10T16:51:00Z,0
APP-01126,income,28341.0,2026-03-10T18:27:00Z,2026-02-24T12:56:00Z,0
APP-01126,months_employed,85.0,2026-03-10T18:27:00Z,2026-02-28T02:35:00Z,0
APP-01126,prior_delinquencies,0.0,2026-03-10T18:27:00Z,2026-03-09T06:46:00Z,0
APP-01127,credit_utilization,0.385,2026-03-10T18:33:00Z,2026-03-09T12:07:00Z,0
APP-01127,debt_to_income,0.152,2026-03-10T18:33:00Z,2026-03-09T07:03:00Z,0
APP-01127,income,29553.0,2026-03-10T18:33:00Z,2026-02-18T08:16:00Z,0
APP-01127,months_employed,94.0,2026-03-10T18:33:00Z,2026-03-01T20:28:00Z,0
APP-01127,prior_delinquencies,1.0,2026-03-10T18:33:00Z,2026-03-10T07:07:00Z,0
APP-01128,credit_utilization,0.533,2026-03-10T19:46:00Z,2026-03-09T00:40:00Z,0
APP-01128,debt_to_income,0.534,2026-03-10T19:46:00Z,2026-03-07T21:07:00Z,0
APP-01128,income,35858.0,2026-03-10T19:46:00Z,2026-03-04T04:02:00Z,0
APP-01128,months_employed,189.0,2026-03-10T19:46:00Z,2026-03-08T13:15:00Z,0
APP-01128,prior_delinquencies,2.0,2026-03-10T19:46:00Z,2026-03-07T06:30:00Z,0
APP-01129,credit_utilization,0.32,2026-03-10T21:50:00Z,2026-03-10T11:38:00Z,0
APP-01129,debt_to_income,0.247,2026-03-10T21:50:00Z,2026-03-07T23:47:00Z,0
APP-01129,income,48320.0,2026-03-10T21:50:00Z,2026-02-18T03:13:00Z,0
APP-01129,months_employed,93.0,2026-03-10T21:50:00Z,2026-03-04T06:04:00Z,0
APP-01129,prior_delinquencies,1.0,2026-03-10T21:50:00Z,2026-03-09T03:05:00Z,0
APP-01130,credit_utilization,0.246,2026-03-10T23:00:00Z,2026-03-09T05:42:00Z,0
APP-01130,debt_to_income,0.161,2026-03-10T23:00:00Z,2026-03-10T09:14:00Z,0
APP-01130,income,41053.0,2026-03-10T23:00:00Z,2026-03-02T03:39:00Z,0
APP-01130,months_employed,22.0,2026-03-10T23:00:00Z,2026-03-06T17:28:00Z,0
APP-01130,prior_delinquencies,1.0,2026-03-10T23:00:00Z,2026-03-08T12:29:00Z,0
APP-01131,credit_utilization,0.356,2026-03-11T00:46:00Z,2026-03-09T19:47:00Z,0
APP-01131,debt_to_income,0.349,2026-03-11T00:46:00Z,2026-03-09T06:53:00Z,0
APP-01131,income,28904.0,2026-03-11T00:46:00Z,2026-02-27T00:43:00Z,0
APP-01131,months_employed,231.0,2026-03-11T00:46:00Z,2026-03-09T15:30:00Z,0
APP-01131,prior_delinquencies,0.0,2026-03-11T00:46:00Z,2026-03-10T22:38:00Z,0
APP-01132,credit_utilization,0.238,2026-03-11T03:12:00Z,2026-03-10T09:26:00Z,0
APP-01132,debt_to_income,0.282,2026-03-11T03:12:00Z,2026-03-08T19:15:00Z,0
APP-01132,income,36597.0,2026-03-11T03:12:00Z,2026-03-07T20:33:00Z,0
APP-01132,months_employed,135.0,2026-03-11T03:12:00Z,2026-03-08T21:51:00Z,0
APP-01132,prior_delinquencies,0.0,2026-03-11T03:12:00Z,2026-03-09T22:19:00Z,0
APP-01133,credit_utilization,0.558,2026-03-11T08:02:00Z,2026-03-11T04:36:00Z,0
APP-01133,debt_to_income,0.5,2026-03-11T08:02:00Z,2026-03-09T09:24:00Z,0
APP-01133,income,56543.0,2026-03-11T08:02:00Z,2026-02-12T00:56:00Z,0
APP-01133,months_employed,184.0,2026-03-11T08:02:00Z,2026-03-02T02:35:00Z,0
APP-01133,prior_delinquencies,2.0,2026-03-11T08:02:00Z,2026-03-10T22:56:00Z,0
APP-01134,credit_utilization,0.248,2026-03-11T09:31:00Z,2026-03-11T08:24:00Z,0
APP-01134,debt_to_income,0.31,2026-03-11T09:31:00Z,2026-03-09T21:15:00Z,0
APP-01134,income,23961.0,2026-03-11T09:31:00Z,2026-03-01T22:51:00Z,0
APP-01134,months_employed,98.0,2026-03-11T09:31:00Z,2026-03-08T23:57:00Z,0
APP-01134,prior_delinquencies,0.0,2026-03-11T09:31:00Z,2026-03-10T02:32:00Z,0
APP-01135,credit_utilization,0.683,2026-03-11T09:34:00Z,2026-03-10T18:30:00Z,0
APP-01135,debt_to_income,0.297,2026-03-11T09:34:00Z,2026-03-10T09:24:00Z,0
APP-01135,income,42660.0,2026-03-11T09:34:00Z,2026-02-25T09:03:00Z,0
APP-01135,months_employed,122.0,2026-03-11T09:34:00Z,2026-03-03T03:29:00Z,0
APP-01135,prior_delinquencies,0.0,2026-03-11T09:34:00Z,2026-03-09T12:06:00Z,0
APP-01136,credit_utilization,0.368,2026-03-11T09:38:00Z,2026-03-09T15:49:00Z,0
APP-01136,debt_to_income,0.457,2026-03-11T09:38:00Z,2026-03-10T03:16:00Z,0
APP-01136,income,65759.0,2026-03-11T09:38:00Z,2026-02-09T19:25:00Z,0
APP-01136,months_employed,219.0,2026-03-11T09:38:00Z,2026-03-07T12:48:00Z,0
APP-01136,prior_delinquencies,1.0,2026-03-11T09:38:00Z,2026-03-09T03:14:00Z,0
APP-01137,credit_utilization,0.529,2026-03-11T14:33:00Z,2026-03-09T21:54:00Z,0
APP-01137,debt_to_income,0.39,2026-03-11T14:33:00Z,2026-03-11T07:09:00Z,0
APP-01137,income,67688.0,2026-03-11T14:33:00Z,2026-02-13T16:21:00Z,0
APP-01137,months_employed,231.0,2026-03-11T14:33:00Z,2026-03-07T11:54:00Z,0
APP-01137,prior_delinquencies,0.0,2026-03-11T14:33:00Z,2026-03-10T00:14:00Z,0
APP-01138,credit_utilization,0.256,2026-03-11T14:54:00Z,2026-03-10T09:24:00Z,0
APP-01138,debt_to_income,0.509,2026-03-11T14:54:00Z,2026-03-11T01:41:00Z,0
APP-01138,income,49261.0,2026-03-11T14:54:00Z,2026-03-02T06:59:00Z,0
APP-01138,months_employed,129.0,2026-03-11T14:54:00Z,2026-03-01T00:53:00Z,0
APP-01138,prior_delinquencies,0.0,2026-03-11T14:54:00Z,2026-03-10T08:57:00Z,0
APP-01139,credit_utilization,0.331,2026-03-11T15:10:00Z,2026-03-11T12:35:00Z,0
APP-01139,debt_to_income,0.291,2026-03-11T15:10:00Z,2026-03-10T00:51:00Z,0
APP-01139,income,41907.0,2026-03-11T15:10:00Z,2026-02-22T14:15:00Z,0
APP-01139,months_employed,146.0,2026-03-11T15:10:00Z,2026-03-04T20:51:00Z,0
APP-01139,prior_delinquencies,1.0,2026-03-11T15:10:00Z,2026-03-10T14:42:00Z,0
APP-01140,credit_utilization,0.207,2026-03-11T15:17:00Z,2026-03-10T00:46:00Z,0
APP-01140,debt_to_income,0.223,2026-03-11T15:17:00Z,2026-03-11T02:28:00Z,0
APP-01140,income,52937.0,2026-03-11T15:17:00Z,2026-02-18T03:49:00Z,0
APP-01140,months_employed,230.0,2026-03-11T15:17:00Z,2026-02-26T02:39:00Z,0
APP-01140,prior_delinquencies,0.0,2026-03-11T15:17:00Z,2026-03-08T15:58:00Z,0
APP-01141,credit_utilization,0.118,2026-03-11T21:06:00Z,2026-03-11T02:15:00Z,0
APP-01141,debt_to_income,0.305,2026-03-11T21:06:00Z,2026-03-09T19:00:00Z,0
APP-01141,income,134632.0,2026-03-11T21:06:00Z,2026-02-10T15:07:00Z,0
APP-01141,months_employed,98.0,2026-03-11T21:06:00Z,2026-03-01T03:14:00Z,0
APP-01141,prior_delinquencies,0.0,2026-03-11T21:06:00Z,2026-03-08T22:57:00Z,0
APP-01142,credit_utilization,0.271,2026-03-12T00:58:00Z,2026-03-10T13:10:00Z,0
APP-01142,debt_to_income,0.243,2026-03-12T00:58:00Z,2026-03-11T16:48:00Z,0
APP-01142,income,62163.0,2026-03-12T00:58:00Z,2026-03-03T11:28:00Z,0
APP-01142,months_employed,102.0,2026-03-12T00:58:00Z,2026-03-01T17:25:00Z,0
APP-01142,prior_delinquencies,0.0,2026-03-12T00:58:00Z,2026-03-10T18:54:00Z,0
APP-01143,credit_utilization,0.435,2026-03-12T00:59:00Z,2026-03-11T20:18:00Z,0
APP-01143,debt_to_income,0.398,2026-03-12T00:59:00Z,2026-03-10T22:37:00Z,0
APP-01143,income,39453.0,2026-03-12T00:59:00Z,2026-02-27T00:43:00Z,0
APP-01143,months_employed,193.0,2026-03-12T00:59:00Z,2026-03-06T22:41:00Z,0
APP-01143,prior_delinquencies,1.0,2026-03-12T00:59:00Z,2026-03-11T15:20:00Z,0
APP-01144,credit_utilization,0.017,2026-03-12T08:02:00Z,2026-03-10T12:46:00Z,0
APP-01144,debt_to_income,0.371,2026-03-12T08:02:00Z,2026-03-11T01:58:00Z,0
APP-01144,income,37224.0,2026-03-12T08:02:00Z,2026-02-26T13:27:00Z,0
APP-01144,months_employed,50.0,2026-03-12T08:02:00Z,2026-03-02T12:50:00Z,0
APP-01144,prior_delinquencies,0.0,2026-03-12T08:02:00Z,2026-03-08T16:34:00Z,0
APP-01145,credit_utilization,0.455,2026-03-12T08:04:00Z,2026-03-11T00:07:00Z,0
APP-01145,debt_to_income,0.235,2026-03-12T08:04:00Z,2026-03-10T08:45:00Z,0
APP-01145,income,59859.0,2026-03-12T08:04:00Z,2026-03-07T21:51:00Z,0
APP-01145,months_employed,122.0,2026-03-12T08:04:00Z,2026-03-08T17:24:00Z,0
APP-01145,prior_delinquencies,0.0,2026-03-12T08:04:00Z,2026-03-12T01:08:00Z,0
APP-01146,credit_utilization,0.115,2026-03-12T08:48:00Z,2026-03-12T04:31:00Z,0
APP-01146,debt_to_income,0.146,2026-03-12T08:48:00Z,2026-03-11T13:14:00Z,0
APP-01146,income,32372.0,2026-03-12T08:48:00Z,2026-02-23T04:12:00Z,0
APP-01146,months_employed,88.0,2026-03-12T08:48:00Z,2026-03-02T00:32:00Z,0
APP-01146,prior_delinquencies,0.0,2026-03-12T08:48:00Z,2026-03-11T09:02:00Z,0
APP-01147,credit_utilization,0.783,2026-03-12T09:55:00Z,2026-03-11T20:35:00Z,0
APP-01147,debt_to_income,0.366,2026-03-12T09:55:00Z,2026-03-11T02:19:00Z,0
APP-01147,income,25367.0,2026-03-12T09:55:00Z,2026-02-13T17:40:00Z,0
APP-01147,months_employed,184.0,2026-03-12T09:55:00Z,2026-03-05T18:19:00Z,0
APP-01147,prior_delinquencies,1.0,2026-03-12T09:55:00Z,2026-03-09T11:25:00Z,0
APP-01148,credit_utilization,0.696,2026-03-12T14:06:00Z,2026-03-11T16:50:00Z,0
APP-01148,debt_to_income,0.496,2026-03-12T14:06:00Z,2026-03-10T02:40:00Z,0
APP-01148,income,37863.0,2026-03-12T14:06:00Z,2026-02-20T00:46:00Z,0
APP-01148,months_employed,197.0,2026-03-12T14:06:00Z,2026-03-06T08:04:00Z,0
APP-01148,prior_delinquencies,2.0,2026-03-12T14:06:00Z,2026-03-09T11:54:00Z,0
APP-01149,credit_utilization,0.577,2026-03-12T16:49:00Z,2026-03-10T19:45:00Z,0
APP-01149,debt_to_income,0.478,2026-03-12T16:49:00Z,2026-03-10T17:47:00Z,0
APP-01149,income,43588.0,2026-03-12T16:49:00Z,2026-03-05T08:14:00Z,0
APP-01149,months_employed,23.0,2026-03-12T16:49:00Z,2026-03-01T11:00:00Z,0
APP-01149,prior_delinquencies,0.0,2026-03-12T16:49:00Z,2026-03-11T05:12:00Z,0
APP-01150,credit_utilization,0.617,2026-03-12T17:13:00Z,2026-03-12T10:17:00Z,1
APP-01150,debt_to_income,0.527,2026-03-12T17:13:00Z,2026-03-11T11:31:00Z,1
APP-01150,income,33696.0,2026-03-12T17:13:00Z,2026-02-18T15:01:00Z,1
APP-01150,months_employed,208.0,2026-03-12T17:13:00Z,2026-02-28T19:13:00Z,1
APP-01150,prior_delinquencies,1.0,2026-03-12T17:13:00Z,2026-03-11T18:43:00Z,1
APP-01151,credit_utilization,0.101,2026-03-12T17:34:00Z,2026-03-12T04:55:00Z,0
APP-01151,debt_to_income,0.153,2026-03-12T17:34:00Z,2026-03-12T15:45:00Z,0
APP-01151,income,81335.0,2026-03-12T17:34:00Z,2026-02-22T17:49:00Z,0
APP-01151,months_employed,32.0,2026-03-12T17:34:00Z,2026-02-28T04:45:00Z,0
APP-01151,prior_delinquencies,0.0,2026-03-12T17:34:00Z,2026-03-09T09:17:00Z,0
APP-01152,credit_utilization,0.377,2026-03-12T17:40:00Z,2026-03-12T16:21:00Z,0
APP-01152,debt_to_income,0.475,2026-03-12T17:40:00Z,2026-03-10T08:57:00Z,0
APP-01152,income,27285.0,2026-03-12T17:40:00Z,2026-02-27T23:28:00Z,0
APP-01152,months_employed,144.0,2026-03-12T17:40:00Z,2026-03-07T06:40:00Z,0
APP-01152,prior_delinquencies,0.0,2026-03-12T17:40:00Z,2026-03-12T09:50:00Z,0
APP-01153,credit_utilization,0.495,2026-03-12T18:49:00Z,2026-03-11T08:18:00Z,0
APP-01153,debt_to_income,0.304,2026-03-12T18:49:00Z,2026-03-12T00:36:00Z,0
APP-01153,income,40673.0,2026-03-12T18:49:00Z,2026-02-19T16:06:00Z,0
APP-01153,months_employed,24.0,2026-03-12T18:49:00Z,2026-03-03T06:09:00Z,0
APP-01153,prior_delinquencies,0.0,2026-03-12T18:49:00Z,2026-03-10T10:42:00Z,0
APP-01154,credit_utilization,0.119,2026-03-12T19:16:00Z,2026-03-11T11:16:00Z,0
APP-01154,debt_to_income,0.148,2026-03-12T19:16:00Z,2026-03-10T14:09:00Z,0
APP-01154,income,116336.0,2026-03-12T19:16:00Z,2026-02-13T11:54:00Z,0
APP-01154,months_employed,20.0,2026-03-12T19:16:00Z,2026-02-26T19:50:00Z,0
APP-01154,prior_delinquencies,0.0,2026-03-12T19:16:00Z,2026-03-11T04:42:00Z,0
APP-01155,credit_utilization,0.372,2026-03-12T21:50:00Z,2026-03-12T14:18:00Z,0
APP-01155,debt_to_income,0.215,2026-03-12T21:50:00Z,2026-03-12T12:44:00Z,0
APP-01155,income,60655.0,2026-03-12T21:50:00Z,2026-03-11T18:48:00Z,0
APP-01155,months_employed,43.0,2026-03-12T21:50:00Z,2026-03-06T01:50:00Z,0
APP-01155,prior_delinquencies,0.0,2026-03-12T21:50:00Z,2026-03-12T17:23:00Z,0
APP-01156,credit_utilization,0.213,2026-03-13T00:14:00Z,2026-03-12T20:22:00Z,0
APP-01156,debt_to_income,0.247,2026-03-13T00:14:00Z,2026-03-12T00:27:00Z,0
APP-01156,income,67499.0,2026-03-13T00:14:00Z,2026-03-11T11:36:00Z,0
APP-01156,months_employed,30.0,2026-03-13T00:14:00Z,2026-03-01T17:41:00Z,0
APP-01156,prior_delinquencies,0.0,2026-03-13T00:14:00Z,2026-03-09T09:27:00Z,0
APP-01157,credit_utilization,0.207,2026-03-13T00:18:00Z,2026-03-11T03:12:00Z,0
APP-01157,debt_to_income,0.316,2026-03-13T00:18:00Z,2026-03-10T10:35:00Z,0
APP-01157,income,87272.0,2026-03-13T00:18:00Z,2026-02-22T12:38:00Z,0
APP-01157,months_employed,221.0,2026-03-13T00:18:00Z,2026-03-06T12:47:00Z,0
APP-01157,prior_delinquencies,0.0,2026-03-13T00:18:00Z,2026-03-10T18:20:00Z,0
APP-01158,credit_utilization,0.055,2026-03-13T00:58:00Z,2026-03-11T07:21:00Z,0
APP-01158,debt_to_income,0.278,2026-03-13T00:58:00Z,2026-03-10T03:06:00Z,0
APP-01158,income,30295.0,2026-03-13T00:58:00Z,2026-02-18T12:46:00Z,0
APP-01158,months_employed,13.0,2026-03-13T00:58:00Z,2026-03-09T02:21:00Z,0
APP-01158,prior_delinquencies,0.0,2026-03-13T00:58:00Z,2026-03-12T14:31:00Z,0
APP-01159,credit_utilization,0.14,2026-03-13T05:31:00Z,2026-03-12T20:25:00Z,0
APP-01159,debt_to_income,0.236,2026-03-13T05:31:00Z,2026-03-12T01:57:00Z,0
APP-01159,income,89079.0,2026-03-13T05:31:00Z,2026-02-19T03:22:00Z,0
APP-01159,months_employed,108.0,2026-03-13T05:31:00Z,2026-03-08T10:23:00Z,0
APP-01159,prior_delinquencies,0.0,2026-03-13T05:31:00Z,2026-03-11T11:29:00Z,0
APP-01160,credit_utilization,0.0,2026-03-13T06:57:00Z,2026-03-12T08:55:00Z,0
APP-01160,debt_to_income,0.249,2026-03-13T06:57:00Z,2026-03-12T08:53:00Z,0
APP-01160,income,76682.0,2026-03-13T06:57:00Z,2026-02-26T19:26:00Z,0
APP-01160,months_employed,201.0,2026-03-13T06:57:00Z,2026-03-09T17:32:00Z,0
APP-01160,prior_delinquencies,0.0,2026-03-13T06:57:00Z,2026-03-12T16:42:00Z,0
APP-01161,credit_utilization,0.066,2026-03-13T07:30:00Z,2026-03-12T21:57:00Z,0
APP-01161,debt_to_income,0.206,2026-03-13T07:30:00Z,2026-03-12T22:57:00Z,0
APP-01161,income,55086.0,2026-03-13T07:30:00Z,2026-03-02T15:56:00Z,0
APP-01161,months_employed,232.0,2026-03-13T07:30:00Z,2026-03-08T19:04:00Z,0
APP-01161,prior_delinquencies,0.0,2026-03-13T07:30:00Z,2026-03-09T13:00:00Z,0
APP-01162,credit_utilization,0.257,2026-03-13T08:16:00Z,2026-03-11T19:01:00Z,0
APP-01162,debt_to_income,0.154,2026-03-13T08:16:00Z,2026-03-10T11:13:00Z,0
APP-01162,income,43845.0,2026-03-13T08:16:00Z,2026-03-03T09:29:00Z,0
APP-01162,months_employed,28.0,2026-03-13T08:16:00Z,2026-03-08T01:10:00Z,0
APP-01162,prior_delinquencies,1.0,2026-03-13T08:16:00Z,2026-03-11T23:05:00Z,0
APP-01163,credit_utilization,0.039,2026-03-13T08:27:00Z,2026-03-13T02:11:00Z,0
APP-01163,debt_to_income,0.258,2026-03-13T08:27:00Z,2026-03-11T00:54:00Z,0
APP-01163,income,139402.0,2026-03-13T08:27:00Z,2026-02-28T19:46:00Z,0
APP-01163,months_employed,22.0,2026-03-13T08:27:00Z,2026-03-09T04:53:00Z,0
APP-01163,prior_delinquencies,0.0,2026-03-13T08:27:00Z,2026-03-13T02:37:00Z,0
APP-01164,credit_utilization,0.424,2026-03-13T12:21:00Z,2026-03-11T12:22:00Z,0
APP-01164,debt_to_income,0.409,2026-03-13T12:21:00Z,2026-03-12T18:17:00Z,0
APP-01164,income,50139.0,2026-03-13T12:21:00Z,2026-02-15T12:10:00Z,0
APP-01164,months_employed,205.0,2026-03-13T12:21:00Z,2026-03-04T00:12:00Z,0
APP-01164,prior_delinquencies,1.0,2026-03-13T12:21:00Z,2026-03-12T14:26:00Z,0
APP-01165,credit_utilization,0.478,2026-03-13T12:25:00Z,2026-03-12T05:09:00Z,0
APP-01165,debt_to_income,0.294,2026-03-13T12:25:00Z,2026-03-11T23:55:00Z,0
APP-01165,income,39637.0,2026-03-13T12:25:00Z,2026-03-02T23:27:00Z,0
APP-01165,months_employed,155.0,2026-03-13T12:25:00Z,2026-03-10T09:45:00Z,0
APP-01165,prior_delinquencies,2.0,2026-03-13T12:25:00Z,2026-03-11T10:43:00Z,0
APP-01166,credit_utilization,0.334,2026-03-13T12:37:00Z,2026-03-12T05:12:00Z,0
APP-01166,debt_to_income,0.438,2026-03-13T12:37:00Z,2026-03-11T05:23:00Z,0
APP-01166,income,37451.0,2026-03-13T12:37:00Z,2026-03-01T12:35:00Z,0
APP-01166,months_employed,234.0,2026-03-13T12:37:00Z,2026-03-03T20:48:00Z,0
APP-01166,prior_delinquencies,1.0,2026-03-13T12:37:00Z,2026-03-10T11:40:00Z,0
APP-01167,credit_utilization,0.269,2026-03-13T13:51:00Z,2026-03-11T21:48:00Z,0
APP-01167,debt_to_income,0.153,2026-03-13T13:51:00Z,2026-03-12T22:23:00Z,0
APP-01167,income,108384.0,2026-03-13T13:51:00Z,2026-02-14T16:12:00Z,0
APP-01167,months_employed,110.0,2026-03-13T13:51:00Z,2026-03-09T15:41:00Z,0
APP-01167,prior_delinquencies,0.0,2026-03-13T13:51:00Z,2026-03-10T21:42:00Z,0
APP-01168,credit_utilization,0.627,2026-03-13T14:34:00Z,2026-03-12T19:05:00Z,0
APP-01168,debt_to_income,0.397,2026-03-13T14:34:00Z,2026-03-12T14:30:00Z,0
APP-01168,income,77688.0,2026-03-13T14:34:00Z,2026-02-14T19:21:00Z,0
APP-01168,months_employed,123.0,2026-03-13T14:34:00Z,2026-03-10T17:37:00Z,0
APP-01168,prior_delinquencies,0.0,2026-03-13T14:34:00Z,2026-03-09T22:01:00Z,0
APP-01169,credit_utilization,0.302,2026-03-13T15:05:00Z,2026-03-11T18:35:00Z,0
APP-01169,debt_to_income,0.409,2026-03-13T15:05:00Z,2026-03-11T10:53:00Z,0
APP-01169,income,57816.0,2026-03-13T15:05:00Z,2026-02-25T23:38:00Z,0
APP-01169,months_employed,195.0,2026-03-13T15:05:00Z,2026-03-10T14:19:00Z,0
APP-01169,prior_delinquencies,1.0,2026-03-13T15:05:00Z,2026-03-09T23:35:00Z,0
APP-01170,credit_utilization,0.121,2026-03-13T15:10:00Z,2026-03-12T22:55:00Z,0
APP-01170,debt_to_income,0.202,2026-03-13T15:10:00Z,2026-03-12T09:13:00Z,0
APP-01170,income,41108.0,2026-03-13T15:10:00Z,2026-02-28T02:06:00Z,0
APP-01170,months_employed,17.0,2026-03-13T15:10:00Z,2026-03-09T13:11:00Z,0
APP-01170,prior_delinquencies,1.0,2026-03-13T15:10:00Z,2026-03-11T15:54:00Z,0
APP-01171,credit_utilization,0.731,2026-03-13T16:26:00Z,2026-03-13T09:50:00Z,0
APP-01171,debt_to_income,0.352,2026-03-13T16:26:00Z,2026-03-11T22:38:00Z,0
APP-01171,income,25923.0,2026-03-13T16:26:00Z,2026-02-15T19:48:00Z,0
APP-01171,months_employed,57.0,2026-03-13T16:26:00Z,2026-02-28T07:44:00Z,0
APP-01171,prior_delinquencies,1.0,2026-03-13T16:26:00Z,2026-03-11T02:28:00Z,0
APP-01172,credit_utilization,0.433,2026-03-13T18:28:00Z,2026-03-12T04:54:00Z,0
APP-01172,debt_to_income,0.426,2026-03-13T18:28:00Z,2026-03-13T03:45:00Z,0
APP-01172,income,34001.0,2026-03-13T18:28:00Z,2026-03-05T00:19:00Z,0
APP-01172,months_employed,2.0,2026-03-13T18:28:00Z,2026-03-11T17:35:00Z,0
APP-01172,prior_delinquencies,0.0,2026-03-13T18:28:00Z,2026-03-12T20:07:00Z,0
APP-01173,credit_utilization,0.44,2026-03-13T19:14:00Z,2026-03-13T06:05:00Z,0
APP-01173,debt_to_income,0.465,2026-03-13T19:14:00Z,2026-03-12T17:17:00Z,0
APP-01173,income,19543.0,2026-03-13T19:14:00Z,2026-02-17T17:49:00Z,0
APP-01173,months_employed,140.0,2026-03-13T19:14:00Z,2026-03-09T00:47:00Z,0
APP-01173,prior_delinquencies,1.0,2026-03-13T19:14:00Z,2026-03-10T11:54:00Z,0
APP-01174,credit_utilization,0.495,2026-03-13T19:34:00Z,2026-03-12T06:14:00Z,0
APP-01174,debt_to_income,0.332,2026-03-13T19:34:00Z,2026-03-13T09:36:00Z,0
APP-01174,income,40815.0,2026-03-13T19:34:00Z,2026-03-05T01:38:00Z,0
APP-01174,months_employed,3.0,2026-03-13T19:34:00Z,2026-03-02T06:41:00Z,0
APP-01174,prior_delinquencies,0.0,2026-03-13T19:34:00Z,2026-03-12T14:45:00Z,0
APP-01175,credit_utilization,0.34,2026-03-13T22:23:00Z,2026-03-12T10:28:00Z,0
APP-01175,debt_to_income,0.436,2026-03-13T22:23:00Z,2026-03-13T10:38:00Z,0
APP-01175,income,52403.0,2026-03-13T22:23:00Z,2026-03-07T10:44:00Z,0
APP-01175,months_employed,33.0,2026-03-13T22:23:00Z,2026-03-11T15:01:00Z,0
APP-01175,prior_delinquencies,1.0,2026-03-13T22:23:00Z,2026-03-13T10:21:00Z,0
APP-01176,credit_utilization,0.598,2026-03-13T22:29:00Z,2026-03-12T22:35:00Z,1
APP-01176,debt_to_income,0.513,2026-03-13T22:29:00Z,2026-03-13T03:02:00Z,1
APP-01176,income,27741.0,2026-03-13T22:29:00Z,2026-03-06T18:39:00Z,1
APP-01176,months_employed,41.0,2026-03-13T22:29:00Z,2026-03-10T09:27:00Z,1
APP-01176,prior_delinquencies,0.0,2026-03-13T22:29:00Z,2026-03-12T21:24:00Z,1
APP-01177,credit_utilization,0.091,2026-03-14T02:11:00Z,2026-03-13T06:34:00Z,0
APP-01177,debt_to_income,0.039,2026-03-14T02:11:00Z,2026-03-13T04:16:00Z,0
APP-01177,income,21574.0,2026-03-14T02:11:00Z,2026-03-09T17:30:00Z,0
APP-01177,months_employed,61.0,2026-03-14T02:11:00Z,2026-03-08T11:32:00Z,0
APP-01177,prior_delinquencies,0.0,2026-03-14T02:11:00Z,2026-03-10T13:38:00Z,0
APP-01178,credit_utilization,0.424,2026-03-14T02:38:00Z,2026-03-12T05:49:00Z,0
APP-01178,debt_to_income,0.434,2026-03-14T02:38:00Z,2026-03-12T14:08:00Z,0
APP-01178,income,62422.0,2026-03-14T02:38:00Z,2026-03-07T19:45:00Z,0
APP-01178,months_employed,22.0,2026-03-14T02:38:00Z,2026-02-28T21:40:00Z,0
APP-01178,prior_delinquencies,1.0,2026-03-14T02:38:00Z,2026-03-11T16:04:00Z,0
APP-01179,credit_utilization,0.373,2026-03-14T04:39:00Z,2026-03-13T16:35:00Z,0
APP-01179,debt_to_income,0.373,2026-03-14T04:39:00Z,2026-03-11T07:37:00Z,0
APP-01179,income,81070.0,2026-03-14T04:39:00Z,2026-03-03T09:46:00Z,0
APP-01179,months_employed,26.0,2026-03-14T04:39:00Z,2026-03-11T22:19:00Z,0
APP-01179,prior_delinquencies,0.0,2026-03-14T04:39:00Z,2026-03-11T06:09:00Z,0
APP-01180,credit_utilization,0.325,2026-03-14T05:34:00Z,2026-03-13T19:40:00Z,0
APP-01180,debt_to_income,0.243,2026-03-14T05:34:00Z,2026-03-11T20:55:00Z,0
APP-01180,income,24975.0,2026-03-14T05:34:00Z,2026-03-04T09:11:00Z,0
APP-01180,months_employed,141.0,2026-03-14T05:34:00Z,2026-03-04T11:49:00Z,0
APP-01180,prior_delinquencies,0.0,2026-03-14T05:34:00Z,2026-03-12T12:35:00Z,0
APP-01181,credit_utilization,0.351,2026-03-14T06:47:00Z,2026-03-12T17:36:00Z,0
APP-01181,debt_to_income,0.342,2026-03-14T06:47:00Z,2026-03-11T12:21:00Z,0
APP-01181,income,41557.0,2026-03-14T06:47:00Z,2026-02-19T18:11:00Z,0
APP-01181,months_employed,123.0,2026-03-14T06:47:00Z,2026-03-08T14:01:00Z,0
APP-01181,prior_delinquencies,0.0,2026-03-14T06:47:00Z,2026-03-14T01:48:00Z,0
APP-01182,credit_utilization,0.65,2026-03-14T08:36:00Z,2026-03-13T01:51:00Z,0
APP-01182,debt_to_income,0.468,2026-03-14T08:36:00Z,2026-03-12T22:45:00Z,0
APP-01182,income,55447.0,2026-03-14T08:36:00Z,2026-03-02T13:37:00Z,0
APP-01182,months_employed,25.0,2026-03-14T08:36:00Z,2026-03-01T02:30:00Z,0
APP-01182,prior_delinquencies,0.0,2026-03-14T08:36:00Z,2026-03-10T10:43:00Z,0
APP-01183,credit_utilization,0.534,2026-03-14T08:40:00Z,2026-03-13T09:07:00Z,0
APP-01183,debt_to_income,0.138,2026-03-14T08:40:00Z,2026-03-13T12:41:00Z,0
APP-01183,income,36569.0,2026-03-14T08:40:00Z,2026-02-17T09:05:00Z,0
APP-01183,months_employed,70.0,2026-03-14T08:40:00Z,2026-03-12T00:44:00Z,0
APP-01183,prior_delinquencies,1.0,2026-03-14T08:40:00Z,2026-03-13T20:04:00Z,0
APP-01184,credit_utilization,0.133,2026-03-14T11:38:00Z,2026-03-13T09:27:00Z,0
APP-01184,debt_to_income,0.143,2026-03-14T11:38:00Z,2026-03-14T10:05:00Z,0
APP-01184,income,97507.0,2026-03-14T11:38:00Z,2026-02-25T15:30:00Z,0
APP-01184,months_employed,215.0,2026-03-14T11:38:00Z,2026-03-09T07:20:00Z,0
APP-01184,prior_delinquencies,1.0,2026-03-14T11:38:00Z,2026-03-13T12:33:00Z,0
APP-01185,credit_utilization,0.416,2026-03-14T14:14:00Z,2026-03-13T20:43:00Z,0
APP-01185,debt_to_income,0.354,2026-03-14T14:14:00Z,2026-03-14T11:55:00Z,0
APP-01185,income,62693.0,2026-03-14T14:14:00Z,2026-03-03T09:20:00Z,0
APP-01185,months_employed,19.0,2026-03-14T14:14:00Z,2026-03-03T10:59:00Z,0
APP-01185,prior_delinquencies,0.0,2026-03-14T14:14:00Z,2026-03-11T18:07:00Z,0
APP-01186,credit_utilization,0.531,2026-03-14T14:56:00Z,2026-03-14T01:37:00Z,0
APP-01186,debt_to_income,0.371,2026-03-14T14:56:00Z,2026-03-13T16:32:00Z,0
APP-01186,income,45312.0,2026-03-14T14:56:00Z,2026-02-18T00:55:00Z,0
APP-01186,months_employed,85.0,2026-03-14T14:56:00Z,2026-03-02T07:53:00Z,0
APP-01186,prior_delinquencies,2.0,2026-03-14T14:56:00Z,2026-03-10T21:11:00Z,0
APP-01187,credit_utilization,0.468,2026-03-14T15:01:00Z,2026-03-12T20:41:00Z,0
APP-01187,debt_to_income,0.329,2026-03-14T15:01:00Z,2026-03-14T10:23:00Z,0
APP-01187,income,38926.0,2026-03-14T15:01:00Z,2026-02-23T22:56:00Z,0
APP-01187,months_employed,95.0,2026-03-14T15:01:00Z,2026-03-05T21:58:00Z,0
APP-01187,prior_delinquencies,2.0,2026-03-14T15:01:00Z,2026-03-12T22:19:00Z,0
APP-01188,credit_utilization,0.038,2026-03-14T16:29:00Z,2026-03-13T21:13:00Z,0
APP-01188,debt_to_income,0.225,2026-03-14T16:29:00Z,2026-03-13T23:14:00Z,0
APP-01188,income,85728.0,2026-03-14T16:29:00Z,2026-03-06T19:25:00Z,0
APP-01188,months_employed,233.0,2026-03-14T16:29:00Z,2026-03-03T16:41:00Z,0
APP-01188,prior_delinquencies,0.0,2026-03-14T16:29:00Z,2026-03-14T05:17:00Z,0
APP-01189,credit_utilization,0.592,2026-03-14T18:55:00Z,2026-03-13T21:01:00Z,0
APP-01189,debt_to_income,0.414,2026-03-14T18:55:00Z,2026-03-13T21:28:00Z,0
APP-01189,income,66499.0,2026-03-14T18:55:00Z,2026-02-28T14:29:00Z,0
APP-01189,months_employed,145.0,2026-03-14T18:55:00Z,2026-03-11T19:04:00Z,0
APP-01189,prior_delinquencies,1.0,2026-03-14T18:55:00Z,2026-03-11T17:16:00Z,0
APP-01190,credit_utilization,0.442,2026-03-14T19:55:00Z,2026-03-13T13:56:00Z,0
APP-01190,debt_to_income,0.444,2026-03-14T19:55:00Z,2026-03-14T15:47:00Z,0
APP-01190,income,43742.0,2026-03-14T19:55:00Z,2026-03-05T21:07:00Z,0
APP-01190,months_employed,139.0,2026-03-14T19:55:00Z,2026-03-11T16:23:00Z,0
APP-01190,prior_delinquencies,2.0,2026-03-14T19:55:00Z,2026-03-11T06:11:00Z,0
APP-01191,credit_utilization,0.686,2026-03-14T20:17:00Z,2026-03-14T13:22:00Z,1
APP-01191,debt_to_income,0.374,2026-03-14T20:17:00Z,2026-03-14T14:36:00Z,1
APP-01191,income,87101.0,2026-03-14T20:17:00Z,2026-03-06T18:05:00Z,1
APP-01191,months_employed,104.0,2026-03-14T20:17:00Z,2026-03-13T07:22:00Z,1
APP-01191,prior_delinquencies,1.0,2026-03-14T20:17:00Z,2026-03-13T00:18:00Z,1
APP-01192,credit_utilization,0.223,2026-03-14T20:53:00Z,2026-03-12T21:30:00Z,0
APP-01192,debt_to_income,0.325,2026-03-14T20:53:00Z,2026-03-12T16:20:00Z,0
APP-01192,income,38495.0,2026-03-14T20:53:00Z,2026-02-21T02:40:00Z,0
APP-01192,months_employed,186.0,2026-03-14T20:53:00Z,2026-03-09T14:31:00Z,0
APP-01192,prior_delinquencies,0.0,2026-03-14T20:53:00Z,2026-03-14T15:36:00Z,0
APP-01193,credit_utilization,0.267,2026-03-14T22:03:00Z,2026-03-14T07:10:00Z,0
APP-01193,debt_to_income,0.421,2026-03-14T22:03:00Z,2026-03-12T15:19:00Z,0
APP-01193,income,42568.0,2026-03-14T22:03:00Z,2026-02-25T19:12:00Z,0
APP-01193,months_employed,95.0,2026-03-14T22:03:00Z,2026-03-02T07:23:00Z,0
APP-01193,prior_delinquencies,0.0,2026-03-14T22:03:00Z,2026-03-14T00:14:00Z,0
APP-01194,credit_utilization,0.333,2026-03-14T23:00:00Z,2026-03-13T20:12:00Z,0
APP-01194,debt_to_income,0.362,2026-03-14T23:00:00Z,2026-03-13T01:06:00Z,0
APP-01194,income,72213.0,2026-03-14T23:00:00Z,2026-03-01T15:27:00Z,0
APP-01194,months_employed,203.0,2026-03-14T23:00:00Z,2026-03-10T21:21:00Z,0
APP-01194,prior_delinquencies,0.0,2026-03-14T23:00:00Z,2026-03-11T09:41:00Z,0
APP-01195,credit_utilization,0.754,2026-03-15T02:56:00Z,2026-03-14T12:04:00Z,1
APP-01195,debt_to_income,0.461,2026-03-15T02:56:00Z,2026-03-13T06:44:00Z,1
APP-01195,income,51168.0,2026-03-15T02:56:00Z,2026-02-20T16:01:00Z,1
APP-01195,months_employed,155.0,2026-03-15T02:56:00Z,2026-03-13T21:27:00Z,1
APP-01195,prior_delinquencies,5.0,2026-03-15T02:56:00Z,2026-03-14T13:04:00Z,1
APP-01196,credit_utilization,0.338,2026-03-15T03:02:00Z,2026-03-14T02:32:00Z,1
APP-01196,debt_to_income,0.587,2026-03-15T03:02:00Z,2026-03-15T00:28:00Z,1
APP-01196,income,58057.0,2026-03-15T03:02:00Z,2026-03-04T10:19:00Z,1
APP-01196,months_employed,55.0,2026-03-15T03:02:00Z,2026-03-01T14:49:00Z,1
APP-01196,prior_delinquencies,2.0,2026-03-15T03:02:00Z,2026-03-12T07:10:00Z,1
APP-01197,credit_utilization,0.429,2026-03-15T03:13:00Z,2026-03-13T14:59:00Z,0
APP-01197,debt_to_income,0.369,2026-03-15T03:13:00Z,2026-03-12T23:44:00Z,0
APP-01197,income,74225.0,2026-03-15T03:13:00Z,2026-03-12T21:51:00Z,0
APP-01197,months_employed,83.0,2026-03-15T03:13:00Z,2026-03-04T17:25:00Z,0
APP-01197,prior_delinquencies,1.0,2026-03-15T03:13:00Z,2026-03-12T20:07:00Z,0
APP-01198,credit_utilization,0.365,2026-03-15T04:17:00Z,2026-03-13T16:16:00Z,0
APP-01198,debt_to_income,0.316,2026-03-15T04:17:00Z,2026-03-13T04:31:00Z,0
APP-01198,income,35773.0,2026-03-15T04:17:00Z,2026-02-22T01:21:00Z,0
APP-01198,months_employed,98.0,2026-03-15T04:17:00Z,2026-03-08T02:45:00Z,0
APP-01198,prior_delinquencies,1.0,2026-03-15T04:17:00Z,2026-03-11T05:06:00Z,0
APP-01199,credit_utilization,0.172,2026-03-15T06:37:00Z,2026-03-14T21:39:00Z,0
APP-01199,debt_to_income,0.234,2026-03-15T06:37:00Z,2026-03-13T14:59:00Z,0
APP-01199,income,43432.0,2026-03-15T06:37:00Z,2026-02-28T16:17:00Z,0
APP-01199,months_employed,193.0,2026-03-15T06:37:00Z,2026-03-11T06:35:00Z,0
APP-01199,prior_delinquencies,0.0,2026-03-15T06:37:00Z,2026-03-12T05:51:00Z,0
APP-01200,credit_utilization,0.279,2026-03-15T08:52:00Z,2026-03-14T00:18:00Z,0
APP-01200,debt_to_income,0.312,2026-03-15T08:52:00Z,2026-03-14T00:37:00Z,0
APP-01200,income,45239.0,2026-03-15T08:52:00Z,2026-03-14T03:33:00Z,0
APP-01200,months_employed,32.0,2026-03-15T08:52:00Z,2026-03-13T09:02:00Z,0
APP-01200,prior_delinquencies,0.0,2026-03-15T08:52:00Z,2026-03-14T18:30:00Z,0
APP-01201,credit_utilization,0.475,2026-03-15T09:27:00Z,2026-03-14T04:09:00Z,0
APP-01201,debt_to_income,0.449,2026-03-15T09:27:00Z,2026-03-14T22:07:00Z,0
APP-01201,income,81529.0,2026-03-15T09:27:00Z,2026-03-11T21:23:00Z,0
APP-01201,months_employed,71.0,2026-03-15T09:27:00Z,2026-03-10T14:11:00Z,0
APP-01201,prior_delinquencies,1.0,2026-03-15T09:27:00Z,2026-03-14T02:12:00Z,0
APP-01202,credit_utilization,0.213,2026-03-15T10:26:00Z,2026-03-13T18:53:00Z,1
APP-01202,debt_to_income,0.385,2026-03-15T10:26:00Z,2026-03-12T14:15:00Z,1
APP-01202,income,31144.0,2026-03-15T10:26:00Z,2026-03-10T04:02:00Z,1
APP-01202,months_employed,0.0,2026-03-15T10:26:00Z,2026-03-02T16:48:00Z,1
APP-01202,prior_delinquencies,1.0,2026-03-15T10:26:00Z,2026-03-11T17:52:00Z,1
APP-01203,credit_utilization,0.299,2026-03-15T11:12:00Z,2026-03-14T20:40:00Z,0
APP-01203,debt_to_income,0.265,2026-03-15T11:12:00Z,2026-03-15T06:23:00Z,0
APP-01203,income,93945.0,2026-03-15T11:12:00Z,2026-02-15T11:56:00Z,0
APP-01203,months_employed,84.0,2026-03-15T11:12:00Z,2026-03-06T07:50:00Z,0
APP-01203,prior_delinquencies,1.0,2026-03-15T11:12:00Z,2026-03-14T18:25:00Z,0
APP-01204,credit_utilization,0.708,2026-03-15T12:41:00Z,2026-03-14T09:25:00Z,1
APP-01204,debt_to_income,0.242,2026-03-15T12:41:00Z,2026-03-15T10:39:00Z,1
APP-01204,income,53480.0,2026-03-15T12:41:00Z,2026-02-27T14:47:00Z,1
APP-01204,months_employed,222.0,2026-03-15T12:41:00Z,2026-03-11T15:13:00Z,1
APP-01204,prior_delinquencies,0.0,2026-03-15T12:41:00Z,2026-03-13T05:36:00Z,1
APP-01205,credit_utilization,0.0,2026-03-15T14:19:00Z,2026-03-13T20:44:00Z,0
APP-01205,debt_to_income,0.266,2026-03-15T14:19:00Z,2026-03-12T15:03:00Z,0
APP-01205,income,97916.0,2026-03-15T14:19:00Z,2026-03-11T13:04:00Z,0
APP-01205,months_employed,107.0,2026-03-15T14:19:00Z,2026-03-14T05:06:00Z,0
APP-01205,prior_delinquencies,0.0,2026-03-15T14:19:00Z,2026-03-13T06:33:00Z,0
APP-01206,credit_utilization,0.105,2026-03-15T17:05:00Z,2026-03-14T16:15:00Z,0
APP-01206,debt_to_income,0.214,2026-03-15T17:05:00Z,2026-03-13T16:22:00Z,0
APP-01206,income,63054.0,2026-03-15T17:05:00Z,2026-03-03T17:57:00Z,0
APP-01206,months_employed,213.0,2026-03-15T17:05:00Z,2026-03-08T16:41:00Z,0
APP-01206,prior_delinquencies,0.0,2026-03-15T17:05:00Z,2026-03-13T13:15:00Z,0
APP-01207,credit_utilization,0.481,2026-03-15T18:01:00Z,2026-03-14T19:08:00Z,0
APP-01207,debt_to_income,0.32,2026-03-15T18:01:00Z,2026-03-14T03:22:00Z,0
APP-01207,income,58590.0,2026-03-15T18:01:00Z,2026-03-01T21:03:00Z,0
APP-01207,months_employed,65.0,2026-03-15T18:01:00Z,2026-03-09T06:53:00Z,0
APP-01207,prior_delinquencies,1.0,2026-03-15T18:01:00Z,2026-03-13T21:54:00Z,0
APP-01208,credit_utilization,0.348,2026-03-15T19:22:00Z,2026-03-15T17:18:00Z,0
APP-01208,debt_to_income,0.365,2026-03-15T19:22:00Z,2026-03-14T10:39:00Z,0
APP-01208,income,42050.0,2026-03-15T19:22:00Z,2026-02-20T04:19:00Z,0
APP-01208,months_employed,147.0,2026-03-15T19:22:00Z,2026-03-11T06:05:00Z,0
APP-01208,prior_delinquencies,1.0,2026-03-15T19:22:00Z,2026-03-13T14:11:00Z,0
APP-01209,credit_utilization,0.517,2026-03-15T20:30:00Z,2026-03-15T06:40:00Z,0
APP-01209,debt_to_income,0.432,2026-03-15T20:30:00Z,2026-03-14T12:18:00Z,0
APP-01209,income,22196.0,2026-03-15T20:30:00Z,2026-03-14T10:45:00Z,0
APP-01209,months_employed,8.0,2026-03-15T20:30:00Z,2026-03-11T19:24:00Z,0
APP-01209,prior_delinquencies,0.0,2026-03-15T20:30:00Z,2026-03-13T23:08:00Z,0
APP-01210,credit_utilization,0.339,2026-03-15T20:35:00Z,2026-03-15T14:50:00Z,0
APP-01210,debt_to_income,0.339,2026-03-15T20:35:00Z,2026-03-13T09:37:00Z,0
APP-01210,income,34355.0,2026-03-15T20:35:00Z,2026-02-26T10:04:00Z,0
APP-01210,months_employed,106.0,2026-03-15T20:35:00Z,2026-03-08T03:07:00Z,0
APP-01210,prior_delinquencies,0.0,2026-03-15T20:35:00Z,2026-03-13T18:07:00Z,0
APP-01211,credit_utilization,0.505,2026-03-15T22:11:00Z,2026-03-15T15:31:00Z,0
APP-01211,debt_to_income,0.375,2026-03-15T22:11:00Z,2026-03-13T16:21:00Z,0
APP-01211,income,28414.0,2026-03-15T22:11:00Z,2026-02-18T12:07:00Z,0
APP-01211,months_employed,227.0,2026-03-15T22:11:00Z,2026-03-11T20:49:00Z,0
APP-01211,prior_delinquencies,0.0,2026-03-15T22:11:00Z,2026-03-14T22:04:00Z,0
APP-01212,credit_utilization,0.138,2026-03-15T23:35:00Z,2026-03-14T06:41:00Z,0
APP-01212,debt_to_income,0.271,2026-03-15T23:35:00Z,2026-03-14T12:01:00Z,0
APP-01212,income,92246.0,2026-03-15T23:35:00Z,2026-03-10T10:11:00Z,0
APP-01212,months_employed,182.0,2026-03-15T23:35:00Z,2026-03-04T18:49:00Z,0
APP-01212,prior_delinquencies,0.0,2026-03-15T23:35:00Z,2026-03-14T17:57:00Z,0
APP-01213,credit_utilization,0.225,2026-03-16T00:14:00Z,2026-03-14T08:03:00Z,0
APP-01213,debt_to_income,0.32,2026-03-16T00:14:00Z,2026-03-14T04:15:00Z,0
APP-01213,income,171247.0,2026-03-16T00:14:00Z,2026-02-14T05:48:00Z,0
APP-01213,months_employed,40.0,2026-03-16T00:14:00Z,2026-03-06T11:13:00Z,0
APP-01213,prior_delinquencies,0.0,2026-03-16T00:14:00Z,2026-03-14T00:59:00Z,0
APP-01214,credit_utilization,0.432,2026-03-16T00:40:00Z,2026-03-14T08:09:00Z,0
APP-01214,debt_to_income,0.557,2026-03-16T00:40:00Z,2026-03-15T18:47:00Z,0
APP-01214,income,26858.0,2026-03-16T00:40:00Z,2026-03-13T10:39:00Z,0
APP-01214,months_employed,103.0,2026-03-16T00:40:00Z,2026-03-14T19:49:00Z,0
APP-01214,prior_delinquencies,2.0,2026-03-16T00:40:00Z,2026-03-14T17:27:00Z,0
APP-01215,credit_utilization,0.357,2026-03-16T02:49:00Z,2026-03-16T01:09:00Z,1
APP-01215,debt_to_income,0.351,2026-03-16T02:49:00Z,2026-03-15T13:50:00Z,1
APP-01215,income,86628.0,2026-03-16T02:49:00Z,2026-02-16T08:16:00Z,1
APP-01215,months_employed,128.0,2026-03-16T02:49:00Z,2026-03-09T15:11:00Z,1
APP-01215,prior_delinquencies,1.0,2026-03-16T02:49:00Z,2026-03-14T01:18:00Z,1
APP-01216,credit_utilization,0.584,2026-03-16T06:59:00Z,2026-03-15T20:09:00Z,0
APP-01216,debt_to_income,0.329,2026-03-16T06:59:00Z,2026-03-15T06:52:00Z,0
APP-01216,income,45364.0,2026-03-16T06:59:00Z,2026-03-02T18:46:00Z,0
APP-01216,months_employed,86.0,2026-03-16T06:59:00Z,2026-03-05T17:04:00Z,0
APP-01216,prior_delinquencies,1.0,2026-03-16T06:59:00Z,2026-03-13T00:55:00Z,0
APP-01217,credit_utilization,0.621,2026-03-16T07:45:00Z,2026-03-15T03:15:00Z,0
APP-01217,debt_to_income,0.23,2026-03-16T07:45:00Z,2026-03-14T03:40:00Z,0
APP-01217,income,35895.0,2026-03-16T07:45:00Z,2026-02-27T22:54:00Z,0
APP-01217,months_employed,142.0,2026-03-16T07:45:00Z,2026-03-10T19:31:00Z,0
APP-01217,prior_delinquencies,1.0,2026-03-16T07:45:00Z,2026-03-13T21:31:00Z,0
APP-01218,credit_utilization,0.288,2026-03-16T08:35:00Z,2026-03-14T14:22:00Z,0
APP-01218,debt_to_income,0.362,2026-03-16T08:35:00Z,2026-03-13T20:49:00Z,0
APP-01218,income,24250.0,2026-03-16T08:35:00Z,2026-03-01T03:22:00Z,0
APP-01218,months_employed,152.0,2026-03-16T08:35:00Z,2026-03-02T11:53:00Z,0
APP-01218,prior_delinquencies,3.0,2026-03-16T08:35:00Z,2026-03-15T10:31:00Z,0
APP-01219,credit_utilization,0.0,2026-03-16T08:55:00Z,2026-03-14T17:34:00Z,0
APP-01219,debt_to_income,0.03,2026-03-16T08:55:00Z,2026-03-14T08:04:00Z,0
APP-01219,income,63717.0,2026-03-16T08:55:00Z,2026-03-10T21:33:00Z,0
APP-01219,months_employed,98.0,2026-03-16T08:55:00Z,2026-03-02T11:55:00Z,0
APP-01219,prior_delinquencies,0.0,2026-03-16T08:55:00Z,2026-03-16T03:32:00Z,0
APP-01220,credit_utilization,0.574,2026-03-16T13:34:00Z,2026-03-14T19:35:00Z,0
APP-01220,debt_to_income,0.413,2026-03-16T13:34:00Z,2026-03-13T19:24:00Z,0
APP-01220,income,74890.0,2026-03-16T13:34:00Z,2026-03-03T19:59:00Z,0
APP-01220,months_employed,115.0,2026-03-16T13:34:00Z,2026-03-07T16:43:00Z,0
APP-01220,prior_delinquencies,0.0,2026-03-16T13:34:00Z,2026-03-15T21:27:00Z,0
APP-01221,credit_utilization,0.386,2026-03-16T15:29:00Z,2026-03-16T13:40:00Z,0
APP-01221,debt_to_income,0.326,2026-03-16T15:29:00Z,2026-03-15T08:55:00Z,0
APP-01221,income,30636.0,2026-03-16T15:29:00Z,2026-03-14T02:32:00Z,0
APP-01221,months_employed,98.0,2026-03-16T15:29:00Z,2026-03-05T00:19:00Z,0
APP-01221,prior_delinquencies,0.0,2026-03-16T15:29:00Z,2026-03-14T19:10:00Z,0
APP-01222,credit_utilization,0.263,2026-03-16T19:41:00Z,2026-03-16T16:06:00Z,0
APP-01222,debt_to_income,0.431,2026-03-16T19:41:00Z,2026-03-15T21:23:00Z,0
APP-01222,income,72677.0,2026-03-16T19:41:00Z,2026-03-04T16:13:00Z,0
APP-01222,months_employed,0.0,2026-03-16T19:41:00Z,2026-03-03T21:59:00Z,0
APP-01222,prior_delinquencies,0.0,2026-03-16T19:41:00Z,2026-03-13T14:13:00Z,0
APP-01223,credit_utilization,0.538,2026-03-16T20:27:00Z,2026-03-15T23:05:00Z,0
APP-01223,debt_to_income,0.413,2026-03-16T20:27:00Z,2026-03-13T21:28:00Z,0
APP-01223,income,41129.0,2026-03-16T20:27:00Z,2026-03-03T17:08:00Z,0
APP-01223,months_employed,239.0,2026-03-16T20:27:00Z,2026-03-06T15:19:00Z,0
APP-01223,prior_delinquencies,2.0,2026-03-16T20:27:00Z,2026-03-15T03:38:00Z,0
APP-01224,credit_utilization,0.329,2026-03-16T22:46:00Z,2026-03-15T03:57:00Z,0
APP-01224,debt_to_income,0.299,2026-03-16T22:46:00Z,2026-03-16T13:44:00Z,0
APP-01224,income,38811.0,2026-03-16T22:46:00Z,2026-02-24T09:09:00Z,0
APP-01224,months_employed,143.0,2026-03-16T22:46:00Z,2026-03-04T21:02:00Z,0
APP-01224,prior_delinquencies,0.0,2026-03-16T22:46:00Z,2026-03-15T10:50:00Z,0
APP-01225,credit_utilization,0.568,2026-03-16T22:53:00Z,2026-03-16T05:45:00Z,0
APP-01225,debt_to_income,0.311,2026-03-16T22:53:00Z,2026-03-14T13:39:00Z,0
APP-01225,income,29372.0,2026-03-16T22:53:00Z,2026-03-06T03:25:00Z,0
APP-01225,months_employed,203.0,2026-03-16T22:53:00Z,2026-03-08T12:20:00Z,0
APP-01225,prior_delinquencies,1.0,2026-03-16T22:53:00Z,2026-03-15T02:26:00Z,0
APP-01226,credit_utilization,0.169,2026-03-17T00:30:00Z,2026-03-15T16:23:00Z,0
APP-01226,debt_to_income,0.248,2026-03-17T00:30:00Z,2026-03-14T20:07:00Z,0
APP-01226,income,50828.0,2026-03-17T00:30:00Z,2026-02-26T11:54:00Z,0
APP-01226,months_employed,14.0,2026-03-17T00:30:00Z,2026-03-10T12:35:00Z,0
APP-01226,prior_delinquencies,0.0,2026-03-17T00:30:00Z,2026-03-13T01:27:00Z,0
APP-01227,credit_utilization,0.719,2026-03-17T03:25:00Z,2026-03-16T11:23:00Z,1
APP-01227,debt_to_income,0.555,2026-03-17T03:25:00Z,2026-03-14T06:04:00Z,1
APP-01227,income,53317.0,2026-03-17T03:25:00Z,2026-02-27T00:47:00Z,1
APP-01227,months_employed,113.0,2026-03-17T03:25:00Z,2026-03-14T08:34:00Z,1
APP-01227,prior_delinquencies,0.0,2026-03-17T03:25:00Z,2026-03-14T08:25:00Z,1
APP-01228,credit_utilization,0.144,2026-03-17T05:39:00Z,2026-03-16T15:00:00Z,0
APP-01228,debt_to_income,0.157,2026-03-17T05:39:00Z,2026-03-14T12:39:00Z,0
APP-01228,income,56189.0,2026-03-17T05:39:00Z,2026-02-16T09:20:00Z,0
APP-01228,months_employed,206.0,2026-03-17T05:39:00Z,2026-03-03T14:09:00Z,0
APP-01228,prior_delinquencies,0.0,2026-03-17T05:39:00Z,2026-03-14T06:25:00Z,0
APP-01229,credit_utilization,0.148,2026-03-17T05:57:00Z,2026-03-17T01:39:00Z,0
APP-01229,debt_to_income,0.377,2026-03-17T05:57:00Z,2026-03-14T23:57:00Z,0
APP-01229,income,93293.0,2026-03-17T05:57:00Z,2026-03-16T01:19:00Z,0
APP-01229,months_employed,43.0,2026-03-17T05:57:00Z,2026-03-09T13:44:00Z,0
APP-01229,prior_delinquencies,0.0,2026-03-17T05:57:00Z,2026-03-13T11:26:00Z,0
APP-01230,credit_utilization,0.473,2026-03-17T06:07:00Z,2026-03-16T16:55:00Z,0
APP-01230,debt_to_income,0.373,2026-03-17T06:07:00Z,2026-03-15T20:33:00Z,0
APP-01230,income,59623.0,2026-03-17T06:07:00Z,2026-03-07T19:58:00Z,0
APP-01230,months_employed,117.0,2026-03-17T06:07:00Z,2026-03-10T23:40:00Z,0
APP-01230,prior_delinquencies,2.0,2026-03-17T06:07:00Z,2026-03-14T08:56:00Z,0
APP-01231,credit_utilization,0.157,2026-03-17T06:39:00Z,2026-03-17T02:50:00Z,0
APP-01231,debt_to_income,0.328,2026-03-17T06:39:00Z,2026-03-16T10:49:00Z,0
APP-01231,income,59170.0,2026-03-17T06:39:00Z,2026-03-03T00:38:00Z,0
APP-01231,months_employed,144.0,2026-03-17T06:39:00Z,2026-03-07T04:36:00Z,0
APP-01231,prior_delinquencies,0.0,2026-03-17T06:39:00Z,2026-03-15T08:48:00Z,0
APP-01232,credit_utilization,0.403,2026-03-17T10:06:00Z,2026-03-16T13:39:00Z,1
APP-01232,debt_to_income,0.272,2026-03-17T10:06:00Z,2026-03-16T13:19:00Z,1
APP-01232,income,47379.0,2026-03-17T10:06:00Z,2026-02-24T17:40:00Z,1
APP-01232,months_employed,163.0,2026-03-17T10:06:00Z,2026-03-09T14:28:00Z,1
APP-01232,prior_delinquencies,0.0,2026-03-17T10:06:00Z,2026-03-16T23:26:00Z,1
APP-01233,credit_utilization,0.656,2026-03-17T10:59:00Z,2026-03-16T02:21:00Z,0
APP-01233,debt_to_income,0.418,2026-03-17T10:59:00Z,2026-03-16T05:30:00Z,0
APP-01233,income,31521.0,2026-03-17T10:59:00Z,2026-02-25T06:01:00Z,0
APP-01233,months_employed,86.0,2026-03-17T10:59:00Z,2026-03-11T14:32:00Z,0
APP-01233,prior_delinquencies,1.0,2026-03-17T10:59:00Z,2026-03-14T15:45:00Z,0
APP-01234,credit_utilization,0.427,2026-03-17T11:31:00Z,2026-03-17T08:45:00Z,0
APP-01234,debt_to_income,0.293,2026-03-17T11:31:00Z,2026-03-16T03:22:00Z,0
APP-01234,income,116441.0,2026-03-17T11:31:00Z,2026-03-08T14:24:00Z,0
APP-01234,months_employed,169.0,2026-03-17T11:31:00Z,2026-03-12T14:26:00Z,0
APP-01234,prior_delinquencies,1.0,2026-03-17T11:31:00Z,2026-03-14T02:17:00Z,0
APP-01235,credit_utilization,0.5,2026-03-17T12:23:00Z,2026-03-16T07:20:00Z,0
APP-01235,debt_to_income,0.337,2026-03-17T12:23:00Z,2026-03-16T09:24:00Z,0
APP-01235,income,23879.0,2026-03-17T12:23:00Z,2026-03-06T17:24:00Z,0
APP-01235,months_employed,52.0,2026-03-17T12:23:00Z,2026-03-06T01:35:00Z,0
APP-01235,prior_delinquencies,0.0,2026-03-17T12:23:00Z,2026-03-16T12:51:00Z,0
APP-01236,credit_utilization,0.387,2026-03-17T12:35:00Z,2026-03-16T19:49:00Z,0
APP-01236,debt_to_income,0.471,2026-03-17T12:35:00Z,2026-03-16T19:22:00Z,0
APP-01236,income,28304.0,2026-03-17T12:35:00Z,2026-02-18T12:03:00Z,0
APP-01236,months_employed,2.0,2026-03-17T12:35:00Z,2026-03-10T12:02:00Z,0
APP-01236,prior_delinquencies,1.0,2026-03-17T12:35:00Z,2026-03-15T22:20:00Z,0
APP-01237,credit_utilization,0.496,2026-03-17T12:35:00Z,2026-03-17T08:47:00Z,0
APP-01237,debt_to_income,0.146,2026-03-17T12:35:00Z,2026-03-14T18:36:00Z,0
APP-01237,income,73508.0,2026-03-17T12:35:00Z,2026-03-06T19:28:00Z,0
APP-01237,months_employed,142.0,2026-03-17T12:35:00Z,2026-03-16T12:00:00Z,0
APP-01237,prior_delinquencies,0.0,2026-03-17T12:35:00Z,2026-03-15T05:06:00Z,0
APP-01238,credit_utilization,0.392,2026-03-17T14:56:00Z,2026-03-16T10:54:00Z,0
APP-01238,debt_to_income,0.466,2026-03-17T14:56:00Z,2026-03-17T09:00:00Z,0
APP-01238,income,46410.0,2026-03-17T14:56:00Z,2026-02-26T00:48:00Z,0
APP-01238,months_employed,75.0,2026-03-17T14:56:00Z,2026-03-14T01:57:00Z,0
APP-01238,prior_delinquencies,1.0,2026-03-17T14:56:00Z,2026-03-16T00:17:00Z,0
APP-01239,credit_utilization,0.103,2026-03-17T15:43:00Z,2026-03-17T02:49:00Z,0
APP-01239,debt_to_income,0.195,2026-03-17T15:43:00Z,2026-03-17T08:56:00Z,0
APP-01239,income,120257.0,2026-03-17T15:43:00Z,2026-02-16T05:50:00Z,0
APP-01239,months_employed,121.0,2026-03-17T15:43:00Z,2026-03-06T23:34:00Z,0
APP-01239,prior_delinquencies,0.0,2026-03-17T15:43:00Z,2026-03-16T17:43:00Z,0
APP-01240,credit_utilization,0.645,2026-03-17T20:34:00Z,2026-03-17T04:31:00Z,1
APP-01240,debt_to_income,0.397,2026-03-17T20:34:00Z,2026-03-16T06:00:00Z,1
APP-01240,income,34053.0,2026-03-17T20:34:00Z,2026-03-09T19:48:00Z,1
APP-01240,months_employed,53.0,2026-03-17T20:34:00Z,2026-03-11T11:17:00Z,1
APP-01240,prior_delinquencies,1.0,2026-03-17T20:34:00Z,2026-03-14T07:37:00Z,1
APP-01241,credit_utilization,0.4,2026-03-17T21:07:00Z,2026-03-16T11:17:00Z,0
APP-01241,debt_to_income,0.171,2026-03-17T21:07:00Z,2026-03-16T03:07:00Z,0
APP-01241,income,73033.0,2026-03-17T21:07:00Z,2026-02-16T18:11:00Z,0
APP-01241,months_employed,210.0,2026-03-17T21:07:00Z,2026-03-15T14:01:00Z,0
APP-01241,prior_delinquencies,0.0,2026-03-17T21:07:00Z,2026-03-17T03:12:00Z,0
APP-01242,credit_utilization,0.0,2026-03-17T22:52:00Z,2026-03-16T13:03:00Z,0
APP-01242,debt_to_income,0.23,2026-03-17T22:52:00Z,2026-03-17T19:51:00Z,0
APP-01242,income,79998.0,2026-03-17T22:52:00Z,2026-03-06T10:19:00Z,0
APP-01242,months_employed,28.0,2026-03-17T22:52:00Z,2026-03-13T18:30:00Z,0
APP-01242,prior_delinquencies,0.0,2026-03-17T22:52:00Z,2026-03-17T09:08:00Z,0
APP-01243,credit_utilization,0.299,2026-03-17T23:31:00Z,2026-03-16T09:37:00Z,0
APP-01243,debt_to_income,0.378,2026-03-17T23:31:00Z,2026-03-15T05:06:00Z,0
APP-01243,income,64417.0,2026-03-17T23:31:00Z,2026-02-23T21:41:00Z,0
APP-01243,months_employed,198.0,2026-03-17T23:31:00Z,2026-03-11T21:47:00Z,0
APP-01243,prior_delinquencies,0.0,2026-03-17T23:31:00Z,2026-03-16T14:09:00Z,0
APP-01244,credit_utilization,0.763,2026-03-17T23:42:00Z,2026-03-17T04:27:00Z,0
APP-01244,debt_to_income,0.575,2026-03-17T23:42:00Z,2026-03-16T00:51:00Z,0
APP-01244,income,40592.0,2026-03-17T23:42:00Z,2026-02-28T17:31:00Z,0
APP-01244,months_employed,230.0,2026-03-17T23:42:00Z,2026-03-10T02:50:00Z,0
APP-01244,prior_delinquencies,1.0,2026-03-17T23:42:00Z,2026-03-17T02:08:00Z,0
APP-01245,credit_utilization,0.0,2026-03-18T00:01:00Z,2026-03-16T13:03:00Z,0
APP-01245,debt_to_income,0.4,2026-03-18T00:01:00Z,2026-03-17T03:20:00Z,0
APP-01245,income,19739.0,2026-03-18T00:01:00Z,2026-03-12T11:28:00Z,0
APP-01245,months_employed,131.0,2026-03-18T00:01:00Z,2026-03-15T20:43:00Z,0
APP-01245,prior_delinquencies,1.0,2026-03-18T00:01:00Z,2026-03-16T07:31:00Z,0
APP-01246,credit_utilization,0.551,2026-03-18T03:12:00Z,2026-03-17T23:16:00Z,0
APP-01246,debt_to_income,0.449,2026-03-18T03:12:00Z,2026-03-16T06:10:00Z,0
APP-01246,income,32999.0,2026-03-18T03:12:00Z,2026-03-12T14:30:00Z,0
APP-01246,months_employed,204.0,2026-03-18T03:12:00Z,2026-03-07T19:43:00Z,0
APP-01246,prior_delinquencies,1.0,2026-03-18T03:12:00Z,2026-03-16T15:31:00Z,0
APP-01247,credit_utilization,0.514,2026-03-18T04:10:00Z,2026-03-16T05:44:00Z,0
APP-01247,debt_to_income,0.306,2026-03-18T04:10:00Z,2026-03-16T02:13:00Z,0
APP-01247,income,39204.0,2026-03-18T04:10:00Z,2026-02-21T16:03:00Z,0
APP-01247,months_employed,80.0,2026-03-18T04:10:00Z,2026-03-07T11:06:00Z,0
APP-01247,prior_delinquencies,0.0,2026-03-18T04:10:00Z,2026-03-16T18:07:00Z,0
APP-01248,credit_utilization,0.667,2026-03-18T04:53:00Z,2026-03-17T00:24:00Z,0
APP-01248,debt_to_income,0.347,2026-03-18T04:53:00Z,2026-03-17T05:51:00Z,0
APP-01248,income,23178.0,2026-03-18T04:53:00Z,2026-03-11T11:45:00Z,0
APP-01248,months_employed,72.0,2026-03-18T04:53:00Z,2026-03-11T23:07:00Z,0
APP-01248,prior_delinquencies,1.0,2026-03-18T04:53:00Z,2026-03-16T05:56:00Z,0
APP-01249,credit_utilization,0.238,2026-03-18T08:36:00Z,2026-03-18T00:31:00Z,0
APP-01249,debt_to_income,0.277,2026-03-18T08:36:00Z,2026-03-16T04:14:00Z,0
APP-01249,income,46532.0,2026-03-18T08:36:00Z,2026-02-18T01:24:00Z,0
APP-01249,months_employed,186.0,2026-03-18T08:36:00Z,2026-03-07T13:27:00Z,0
APP-01249,prior_delinquencies,0.0,2026-03-18T08:36:00Z,2026-03-18T00:21:00Z,0
APP-01250,credit_utilization,0.257,2026-03-18T09:05:00Z,2026-03-18T04:44:00Z,0
APP-01250,debt_to_income,0.382,2026-03-18T09:05:00Z,2026-03-16T14:13:00Z,0
APP-01250,income,31968.0,2026-03-18T09:05:00Z,2026-03-03T08:21:00Z,0
APP-01250,months_employed,158.0,2026-03-18T09:05:00Z,2026-03-04T13:54:00Z,0
APP-01250,prior_delinquencies,1.0,2026-03-18T09:05:00Z,2026-03-17T11:14:00Z,0
APP-01251,credit_utilization,0.34,2026-03-18T12:24:00Z,2026-03-17T03:02:00Z,0
APP-01251,debt_to_income,0.274,2026-03-18T12:24:00Z,2026-03-16T05:03:00Z,0
APP-01251,income,43719.0,2026-03-18T12:24:00Z,2026-02-23T05:32:00Z,0
APP-01251,months_employed,41.0,2026-03-18T12:24:00Z,2026-03-09T13:59:00Z,0
APP-01251,prior_delinquencies,2.0,2026-03-18T12:24:00Z,2026-03-16T11:59:00Z,0
APP-01252,credit_utilization,0.874,2026-03-18T14:16:00Z,2026-03-17T12:29:00Z,0
APP-01252,debt_to_income,0.531,2026-03-18T14:16:00Z,2026-03-17T04:50:00Z,0
APP-01252,income,32970.0,2026-03-18T14:16:00Z,2026-02-17T04:54:00Z,0
APP-01252,months_employed,132.0,2026-03-18T14:16:00Z,2026-03-13T20:27:00Z,0
APP-01252,prior_delinquencies,1.0,2026-03-18T14:16:00Z,2026-03-16T04:49:00Z,0
APP-01253,credit_utilization,0.5,2026-03-18T16:17:00Z,2026-03-17T19:43:00Z,0
APP-01253,debt_to_income,0.46,2026-03-18T16:17:00Z,2026-03-18T12:52:00Z,0
APP-01253,income,33827.0,2026-03-18T16:17:00Z,2026-02-24T11:36:00Z,0
APP-01253,months_employed,13.0,2026-03-18T16:17:00Z,2026-03-08T18:40:00Z,0
APP-01253,prior_delinquencies,1.0,2026-03-18T16:17:00Z,2026-03-18T07:28:00Z,0
APP-01254,credit_utilization,0.57,2026-03-18T16:37:00Z,2026-03-17T00:28:00Z,1
APP-01254,debt_to_income,0.431,2026-03-18T16:37:00Z,2026-03-18T04:29:00Z,1
APP-01254,income,38640.0,2026-03-18T16:37:00Z,2026-03-03T13:16:00Z,1
APP-01254,months_employed,30.0,2026-03-18T16:37:00Z,2026-03-16T08:32:00Z,1
APP-01254,prior_delinquencies,2.0,2026-03-18T16:37:00Z,2026-03-17T17:52:00Z,1
APP-01255,credit_utilization,0.529,2026-03-18T19:32:00Z,2026-03-18T16:02:00Z,0
APP-01255,debt_to_income,0.434,2026-03-18T19:32:00Z,2026-03-16T13:33:00Z,0
APP-01255,income,67076.0,2026-03-18T19:32:00Z,2026-03-05T22:31:00Z,0
APP-01255,months_employed,161.0,2026-03-18T19:32:00Z,2026-03-10T14:00:00Z,0
APP-01255,prior_delinquencies,0.0,2026-03-18T19:32:00Z,2026-03-17T23:09:00Z,0
APP-01256,credit_utilization,0.401,2026-03-18T20:08:00Z,2026-03-18T10:04:00Z,0
APP-01256,debt_to_income,0.364,2026-03-18T20:08:00Z,2026-03-18T07:24:00Z,0
APP-01256,income,68813.0,2026-03-18T20:08:00Z,2026-03-08T12:00:00Z,0
APP-01256,months_employed,180.0,2026-03-18T20:08:00Z,2026-03-13T20:48:00Z,0
APP-01256,prior_delinquencies,1.0,2026-03-18T20:08:00Z,2026-03-18T05:10:00Z,0
APP-01257,credit_utilization,0.136,2026-03-18T22:36:00Z,2026-03-17T23:00:00Z,0
APP-01257,debt_to_income,0.336,2026-03-18T22:36:00Z,2026-03-16T17:18:00Z,0
APP-01257,income,56530.0,2026-03-18T22:36:00Z,2026-03-10T17:13:00Z,0
APP-01257,months_employed,207.0,2026-03-18T22:36:00Z,2026-03-05T17:56:00Z,0
APP-01257,prior_delinquencies,0.0,2026-03-18T22:36:00Z,2026-03-16T09:26:00Z,0
APP-01258,credit_utilization,0.37,2026-03-19T01:31:00Z,2026-03-18T18:11:00Z,0
APP-01258,debt_to_income,0.312,2026-03-19T01:31:00Z,2026-03-18T02:52:00Z,0
APP-01258,income,25968.0,2026-03-19T01:31:00Z,2026-02-23T09:57:00Z,0
APP-01258,months_employed,134.0,2026-03-19T01:31:00Z,2026-03-07T17:05:00Z,0
APP-01258,prior_delinquencies,0.0,2026-03-19T01:31:00Z,2026-03-16T05:51:00Z,0
APP-01259,credit_utilization,0.063,2026-03-19T05:27:00Z,2026-03-17T15:06:00Z,0
APP-01259,debt_to_income,0.348,2026-03-19T05:27:00Z,2026-03-16T10:36:00Z,0
APP-01259,income,71165.0,2026-03-19T05:27:00Z,2026-02-23T14:17:00Z,0
APP-01259,months_employed,177.0,2026-03-19T05:27:00Z,2026-03-16T17:58:00Z,0
APP-01259,prior_delinquencies,0.0,2026-03-19T05:27:00Z,2026-03-18T10:48:00Z,0
APP-01260,credit_utilization,0.126,2026-03-19T06:44:00Z,2026-03-18T06:13:00Z,0
APP-01260,debt_to_income,0.103,2026-03-19T06:44:00Z,2026-03-17T19:19:00Z,0
APP-01260,income,44635.0,2026-03-19T06:44:00Z,2026-03-08T03:26:00Z,0
APP-01260,months_employed,36.0,2026-03-19T06:44:00Z,2026-03-15T20:53:00Z,0
APP-01260,prior_delinquencies,0.0,2026-03-19T06:44:00Z,2026-03-15T17:45:00Z,0
APP-01261,credit_utilization,0.326,2026-03-19T11:12:00Z,2026-03-18T00:26:00Z,0
APP-01261,debt_to_income,0.361,2026-03-19T11:12:00Z,2026-03-16T16:14:00Z,0
APP-01261,income,29364.0,2026-03-19T11:12:00Z,2026-02-18T17:18:00Z,0
APP-01261,months_employed,88.0,2026-03-19T11:12:00Z,2026-03-15T12:25:00Z,0
APP-01261,prior_delinquencies,0.0,2026-03-19T11:12:00Z,2026-03-16T14:20:00Z,0
APP-01262,credit_utilization,0.53,2026-03-19T11:13:00Z,2026-03-17T18:47:00Z,1
APP-01262,debt_to_income,0.565,2026-03-19T11:13:00Z,2026-03-19T04:02:00Z,1
APP-01262,income,71864.0,2026-03-19T11:13:00Z,2026-03-02T12:21:00Z,1
APP-01262,months_employed,108.0,2026-03-19T11:13:00Z,2026-03-17T23:14:00Z,1
APP-01262,prior_delinquencies,0.0,2026-03-19T11:13:00Z,2026-03-17T02:47:00Z,1
APP-01263,credit_utilization,0.452,2026-03-19T11:24:00Z,2026-03-18T00:54:00Z,1
APP-01263,debt_to_income,0.434,2026-03-19T11:24:00Z,2026-03-19T01:06:00Z,1
APP-01263,income,44061.0,2026-03-19T11:24:00Z,2026-02-22T06:26:00Z,1
APP-01263,months_employed,196.0,2026-03-19T11:24:00Z,2026-03-17T12:03:00Z,1
APP-01263,prior_delinquencies,0.0,2026-03-19T11:24:00Z,2026-03-16T17:41:00Z,1
APP-01264,credit_utilization,0.642,2026-03-19T12:29:00Z,2026-03-18T08:05:00Z,0
APP-01264,debt_to_income,0.311,2026-03-19T12:29:00Z,2026-03-17T06:07:00Z,0
APP-01264,income,40870.0,2026-03-19T12:29:00Z,2026-03-02T01:37:00Z,0
APP-01264,months_employed,28.0,2026-03-19T12:29:00Z,2026-03-15T12:26:00Z,0
APP-01264,prior_delinquencies,0.0,2026-03-19T12:29:00Z,2026-03-18T06:36:00Z,0
APP-01265,credit_utilization,0.398,2026-03-19T12:46:00Z,2026-03-18T13:57:00Z,0
APP-01265,debt_to_income,0.309,2026-03-19T12:46:00Z,2026-03-18T06:50:00Z,0
APP-01265,income,58451.0,2026-03-19T12:46:00Z,2026-02-17T12:54:00Z,0
APP-01265,months_employed,123.0,2026-03-19T12:46:00Z,2026-03-14T16:22:00Z,0
APP-01265,prior_delinquencies,0.0,2026-03-19T12:46:00Z,2026-03-19T10:28:00Z,0
APP-01266,credit_utilization,0.577,2026-03-19T13:00:00Z,2026-03-19T02:55:00Z,0
APP-01266,debt_to_income,0.447,2026-03-19T13:00:00Z,2026-03-16T13:42:00Z,0
APP-01266,income,52360.0,2026-03-19T13:00:00Z,2026-03-16T10:11:00Z,0
APP-01266,months_employed,135.0,2026-03-19T13:00:00Z,2026-03-13T13:04:00Z,0
APP-01266,prior_delinquencies,2.0,2026-03-19T13:00:00Z,2026-03-19T00:13:00Z,0
APP-01267,credit_utilization,0.53,2026-03-19T13:31:00Z,2026-03-18T13:31:00Z,0
APP-01267,debt_to_income,0.122,2026-03-19T13:31:00Z,2026-03-18T04:46:00Z,0
APP-01267,income,31092.0,2026-03-19T13:31:00Z,2026-02-18T17:16:00Z,0
APP-01267,months_employed,46.0,2026-03-19T13:31:00Z,2026-03-10T14:32:00Z,0
APP-01267,prior_delinquencies,0.0,2026-03-19T13:31:00Z,2026-03-15T15:48:00Z,0
APP-01268,credit_utilization,0.505,2026-03-19T13:33:00Z,2026-03-18T04:13:00Z,1
APP-01268,debt_to_income,0.382,2026-03-19T13:33:00Z,2026-03-17T09:09:00Z,1
APP-01268,income,35895.0,2026-03-19T13:33:00Z,2026-03-16T17:19:00Z,1
APP-01268,months_employed,164.0,2026-03-19T13:33:00Z,2026-03-05T14:38:00Z,1
APP-01268,prior_delinquencies,1.0,2026-03-19T13:33:00Z,2026-03-19T02:19:00Z,1
APP-01269,credit_utilization,0.277,2026-03-19T14:06:00Z,2026-03-18T09:25:00Z,0
APP-01269,debt_to_income,0.279,2026-03-19T14:06:00Z,2026-03-17T03:54:00Z,0
APP-01269,income,43624.0,2026-03-19T14:06:00Z,2026-03-16T21:44:00Z,0
APP-01269,months_employed,43.0,2026-03-19T14:06:00Z,2026-03-09T04:28:00Z,0
APP-01269,prior_delinquencies,0.0,2026-03-19T14:06:00Z,2026-03-19T08:56:00Z,0
APP-01270,credit_utilization,0.45,2026-03-19T15:07:00Z,2026-03-18T06:58:00Z,0
APP-01270,debt_to_income,0.176,2026-03-19T15:07:00Z,2026-03-17T19:49:00Z,0
APP-01270,income,93234.0,2026-03-19T15:07:00Z,2026-02-18T19:45:00Z,0
APP-01270,months_employed,53.0,2026-03-19T15:07:00Z,2026-03-14T05:33:00Z,0
APP-01270,prior_delinquencies,0.0,2026-03-19T15:07:00Z,2026-03-15T16:33:00Z,0
APP-01271,credit_utilization,0.877,2026-03-19T15:34:00Z,2026-03-18T10:37:00Z,0
APP-01271,debt_to_income,0.39,2026-03-19T15:34:00Z,2026-03-18T20:05:00Z,0
APP-01271,income,36907.0,2026-03-19T15:34:00Z,2026-03-11T11:25:00Z,0
APP-01271,months_employed,75.0,2026-03-19T15:34:00Z,2026-03-08T19:27:00Z,0
APP-01271,prior_delinquencies,0.0,2026-03-19T15:34:00Z,2026-03-16T15:42:00Z,0
APP-01272,credit_utilization,0.552,2026-03-19T16:42:00Z,2026-03-18T23:06:00Z,1
APP-01272,debt_to_income,0.41,2026-03-19T16:42:00Z,2026-03-18T12:35:00Z,1
APP-01272,income,37391.0,2026-03-19T16:42:00Z,2026-03-11T22:29:00Z,1
APP-01272,months_employed,10.0,2026-03-19T16:42:00Z,2026-03-09T23:54:00Z,1
APP-01272,prior_delinquencies,2.0,2026-03-19T16:42:00Z,2026-03-16T05:32:00Z,1
APP-01273,credit_utilization,0.153,2026-03-19T16:44:00Z,2026-03-19T01:58:00Z,0
APP-01273,debt_to_income,0.189,2026-03-19T16:44:00Z,2026-03-19T14:34:00Z,0
APP-01273,income,63056.0,2026-03-19T16:44:00Z,2026-02-20T15:41:00Z,0
APP-01273,months_employed,35.0,2026-03-19T16:44:00Z,2026-03-10T12:37:00Z,0
APP-01273,prior_delinquencies,1.0,2026-03-19T16:44:00Z,2026-03-18T23:05:00Z,0
APP-01274,credit_utilization,0.119,2026-03-19T17:28:00Z,2026-03-18T07:50:00Z,0
APP-01274,debt_to_income,0.045,2026-03-19T17:28:00Z,2026-03-18T05:05:00Z,0
APP-01274,income,102577.0,2026-03-19T17:28:00Z,2026-02-20T16:07:00Z,0
APP-01274,months_employed,12.0,2026-03-19T17:28:00Z,2026-03-18T07:36:00Z,0
APP-01274,prior_delinquencies,0.0,2026-03-19T17:28:00Z,2026-03-16T01:54:00Z,0
APP-01275,credit_utilization,0.299,2026-03-19T17:56:00Z,2026-03-18T11:21:00Z,0
APP-01275,debt_to_income,0.32,2026-03-19T17:56:00Z,2026-03-17T15:27:00Z,0
APP-01275,income,59614.0,2026-03-19T17:56:00Z,2026-03-16T02:45:00Z,0
APP-01275,months_employed,60.0,2026-03-19T17:56:00Z,2026-03-16T06:52:00Z,0
APP-01275,prior_delinquencies,0.0,2026-03-19T17:56:00Z,2026-03-18T06:06:00Z,0
APP-01276,credit_utilization,0.557,2026-03-19T18:31:00Z,2026-03-19T10:34:00Z,0
APP-01276,debt_to_income,0.376,2026-03-19T18:31:00Z,2026-03-18T13:01:00Z,0
APP-01276,income,35897.0,2026-03-19T18:31:00Z,2026-02-22T09:53:00Z,0
APP-01276,months_employed,77.0,2026-03-19T18:31:00Z,2026-03-15T06:48:00Z,0
APP-01276,prior_delinquencies,0.0,2026-03-19T18:31:00Z,2026-03-16T04:56:00Z,0
APP-01277,credit_utilization,0.592,2026-03-19T18:48:00Z,2026-03-19T04:23:00Z,0
APP-01277,debt_to_income,0.3,2026-03-19T18:48:00Z,2026-03-17T14:33:00Z,0
APP-01277,income,59494.0,2026-03-19T18:48:00Z,2026-02-26T12:38:00Z,0
APP-01277,months_employed,110.0,2026-03-19T18:48:00Z,2026-03-12T11:02:00Z,0
APP-01277,prior_delinquencies,0.0,2026-03-19T18:48:00Z,2026-03-16T21:04:00Z,0
APP-01278,credit_utilization,0.508,2026-03-19T19:32:00Z,2026-03-17T20:21:00Z,0
APP-01278,debt_to_income,0.35,2026-03-19T19:32:00Z,2026-03-19T00:27:00Z,0
APP-01278,income,90493.0,2026-03-19T19:32:00Z,2026-03-07T17:25:00Z,0
APP-01278,months_employed,36.0,2026-03-19T19:32:00Z,2026-03-15T16:06:00Z,0
APP-01278,prior_delinquencies,0.0,2026-03-19T19:32:00Z,2026-03-16T01:38:00Z,0
APP-01279,credit_utilization,0.398,2026-03-19T19:38:00Z,2026-03-18T20:04:00Z,0
APP-01279,debt_to_income,0.382,2026-03-19T19:38:00Z,2026-03-18T21:03:00Z,0
APP-01279,income,93825.0,2026-03-19T19:38:00Z,2026-02-27T23:21:00Z,0
APP-01279,months_employed,9.0,2026-03-19T19:38:00Z,2026-03-14T03:46:00Z,0
APP-01279,prior_delinquencies,0.0,2026-03-19T19:38:00Z,2026-03-19T02:25:00Z,0
APP-01280,credit_utilization,0.687,2026-03-19T20:37:00Z,2026-03-18T20:26:00Z,1
APP-01280,debt_to_income,0.675,2026-03-19T20:37:00Z,2026-03-18T17:59:00Z,1
APP-01280,income,35413.0,2026-03-19T20:37:00Z,2026-02-25T07:12:00Z,1
APP-01280,months_employed,27.0,2026-03-19T20:37:00Z,2026-03-17T19:43:00Z,1
APP-01280,prior_delinquencies,0.0,2026-03-19T20:37:00Z,2026-03-17T09:24:00Z,1
APP-01281,credit_utilization,0.564,2026-03-19T23:06:00Z,2026-03-18T05:50:00Z,0
APP-01281,debt_to_income,0.338,2026-03-19T23:06:00Z,2026-03-17T17:32:00Z,0
APP-01281,income,54612.0,2026-03-19T23:06:00Z,2026-03-09T00:52:00Z,0
APP-01281,months_employed,24.0,2026-03-19T23:06:00Z,2026-03-18T21:52:00Z,0
APP-01281,prior_delinquencies,0.0,2026-03-19T23:06:00Z,2026-03-19T09:06:00Z,0
APP-01282,credit_utilization,0.0,2026-03-19T23:15:00Z,2026-03-18T18:03:00Z,0
APP-01282,debt_to_income,0.188,2026-03-19T23:15:00Z,2026-03-17T23:00:00Z,0
APP-01282,income,33085.0,2026-03-19T23:15:00Z,2026-02-26T05:19:00Z,0
APP-01282,months_employed,229.0,2026-03-19T23:15:00Z,2026-03-11T06:03:00Z,0
APP-01282,prior_delinquencies,0.0,2026-03-19T23:15:00Z,2026-03-17T07:07:00Z,0
APP-01283,credit_utilization,0.577,2026-03-19T23:45:00Z,2026-03-18T16:20:00Z,1
APP-01283,debt_to_income,0.406,2026-03-19T23:45:00Z,2026-03-18T05:25:00Z,1
APP-01283,income,46072.0,2026-03-19T23:45:00Z,2026-03-18T22:51:00Z,1
APP-01283,months_employed,219.0,2026-03-19T23:45:00Z,2026-03-18T14:53:00Z,1
APP-01283,prior_delinquencies,1.0,2026-03-19T23:45:00Z,2026-03-16T07:55:00Z,1
APP-01284,credit_utilization,0.39,2026-03-20T02:13:00Z,2026-03-19T20:31:00Z,1
APP-01284,debt_to_income,0.469,2026-03-20T02:13:00Z,2026-03-18T03:15:00Z,1
APP-01284,income,51116.0,2026-03-20T02:13:00Z,2026-02-26T01:59:00Z,1
APP-01284,months_employed,154.0,2026-03-20T02:13:00Z,2026-03-08T12:12:00Z,1
APP-01284,prior_delinquencies,1.0,2026-03-20T02:13:00Z,2026-03-17T12:59:00Z,1
APP-01285,credit_utilization,0.24,2026-03-20T03:58:00Z,2026-03-18T19:09:00Z,1
APP-01285,debt_to_income,0.292,2026-03-20T03:58:00Z,2026-03-17T06:41:00Z,1
APP-01285,income,49960.0,2026-03-20T03:58:00Z,2026-02-19T09:01:00Z,1
APP-01285,months_employed,31.0,2026-03-20T03:58:00Z,2026-03-07T04:54:00Z,1
APP-01285,prior_delinquencies,1.0,2026-03-20T03:58:00Z,2026-03-19T15:47:00Z,1
APP-01286,credit_utilization,0.461,2026-03-20T04:13:00Z,2026-03-18T18:25:00Z,0
APP-01286,debt_to_income,0.306,2026-03-20T04:13:00Z,2026-03-19T14:08:00Z,0
APP-01286,income,69581.0,2026-03-20T04:13:00Z,2026-03-11T23:51:00Z,0
APP-01286,months_employed,173.0,2026-03-20T04:13:00Z,2026-03-07T03:48:00Z,0
APP-01286,prior_delinquencies,1.0,2026-03-20T04:13:00Z,2026-03-17T13:58:00Z,0
APP-01287,credit_utilization,0.562,2026-03-20T06:23:00Z,2026-03-18T21:17:00Z,0
APP-01287,debt_to_income,0.415,2026-03-20T06:23:00Z,2026-03-18T03:25:00Z,0
APP-01287,income,77345.0,2026-03-20T06:23:00Z,2026-02-24T10:22:00Z,0
APP-01287,months_employed,150.0,2026-03-20T06:23:00Z,2026-03-11T09:48:00Z,0
APP-01287,prior_delinquencies,1.0,2026-03-20T06:23:00Z,2026-03-18T12:15:00Z,0
APP-01288,credit_utilization,0.427,2026-03-20T06:57:00Z,2026-03-19T20:35:00Z,0
APP-01288,debt_to_income,0.368,2026-03-20T06:57:00Z,2026-03-17T10:52:00Z,0
APP-01288,income,25980.0,2026-03-20T06:57:00Z,2026-03-06T17:46:00Z,0
APP-01288,months_employed,217.0,2026-03-20T06:57:00Z,2026-03-17T21:26:00Z,0
APP-01288,prior_delinquencies,0.0,2026-03-20T06:57:00Z,2026-03-17T21:20:00Z,0
APP-01289,credit_utilization,0.236,2026-03-20T09:54:00Z,2026-03-19T05:57:00Z,0
APP-01289,debt_to_income,0.149,2026-03-20T09:54:00Z,2026-03-17T23:11:00Z,0
APP-01289,income,66870.0,2026-03-20T09:54:00Z,2026-03-06T05:28:00Z,0
APP-01289,months_employed,26.0,2026-03-20T09:54:00Z,2026-03-15T20:18:00Z,0
APP-01289,prior_delinquencies,0.0,2026-03-20T09:54:00Z,2026-03-19T10:20:00Z,0
APP-01290,credit_utilization,0.263,2026-03-20T09:58:00Z,2026-03-18T18:06:00Z,0
APP-01290,debt_to_income,0.243,2026-03-20T09:58:00Z,2026-03-19T15:25:00Z,0
APP-01290,income,52674.0,2026-03-20T09:58:00Z,2026-03-18T13:35:00Z,0
APP-01290,months_employed,62.0,2026-03-20T09:58:00Z,2026-03-12T07:18:00Z,0
APP-01290,prior_delinquencies,1.0,2026-03-20T09:58:00Z,2026-03-19T01:44:00Z,0
APP-01291,credit_utilization,0.518,2026-03-20T10:52:00Z,2026-03-19T15:42:00Z,0
APP-01291,debt_to_income,0.443,2026-03-20T10:52:00Z,2026-03-17T16:51:00Z,0
APP-01291,income,19280.0,2026-03-20T10:52:00Z,2026-03-08T23:52:00Z,0
APP-01291,months_employed,24.0,2026-03-20T10:52:00Z,2026-03-15T23:11:00Z,0
APP-01291,prior_delinquencies,0.0,2026-03-20T10:52:00Z,2026-03-18T21:27:00Z,0
APP-01292,credit_utilization,0.321,2026-03-20T11:17:00Z,2026-03-19T17:18:00Z,0
APP-01292,debt_to_income,0.387,2026-03-20T11:17:00Z,2026-03-18T09:26:00Z,0
APP-01292,income,77421.0,2026-03-20T11:17:00Z,2026-03-06T05:40:00Z,0
APP-01292,months_employed,143.0,2026-03-20T11:17:00Z,2026-03-11T09:20:00Z,0
APP-01292,prior_delinquencies,0.0,2026-03-20T11:17:00Z,2026-03-19T20:45:00Z,0
APP-01293,credit_utilization,0.189,2026-03-20T11:35:00Z,2026-03-19T16:27:00Z,0
APP-01293,debt_to_income,0.223,2026-03-20T11:35:00Z,2026-03-17T21:37:00Z,0
APP-01293,income,94996.0,2026-03-20T11:35:00Z,2026-03-01T16:17:00Z,0
APP-01293,months_employed,223.0,2026-03-20T11:35:00Z,2026-03-09T01:22:00Z,0
APP-01293,prior_delinquencies,0.0,2026-03-20T11:35:00Z,2026-03-17T17:00:00Z,0
APP-01294,credit_utilization,0.034,2026-03-20T12:50:00Z,2026-03-19T21:25:00Z,0
APP-01294,debt_to_income,0.289,2026-03-20T12:50:00Z,2026-03-18T23:38:00Z,0
APP-01294,income,82674.0,2026-03-20T12:50:00Z,2026-03-01T11:07:00Z,0
APP-01294,months_employed,33.0,2026-03-20T12:50:00Z,2026-03-13T21:59:00Z,0
APP-01294,prior_delinquencies,0.0,2026-03-20T12:50:00Z,2026-03-17T17:33:00Z,0
APP-01295,credit_utilization,0.246,2026-03-20T13:37:00Z,2026-03-19T20:18:00Z,0
APP-01295,debt_to_income,0.278,2026-03-20T13:37:00Z,2026-03-18T10:56:00Z,0
APP-01295,income,26046.0,2026-03-20T13:37:00Z,2026-03-02T10:52:00Z,0
APP-01295,months_employed,27.0,2026-03-20T13:37:00Z,2026-03-12T12:24:00Z,0
APP-01295,prior_delinquencies,0.0,2026-03-20T13:37:00Z,2026-03-17T14:34:00Z,0
APP-01296,credit_utilization,0.589,2026-03-20T13:51:00Z,2026-03-20T01:11:00Z,0
APP-01296,debt_to_income,0.347,2026-03-20T13:51:00Z,2026-03-19T10:44:00Z,0
APP-01296,income,42196.0,2026-03-20T13:51:00Z,2026-03-13T17:52:00Z,0
APP-01296,months_employed,84.0,2026-03-20T13:51:00Z,2026-03-15T12:18:00Z,0
APP-01296,prior_delinquencies,0.0,2026-03-20T13:51:00Z,2026-03-19T17:01:00Z,0
APP-01297,credit_utilization,0.207,2026-03-20T14:30:00Z,2026-03-19T11:52:00Z,0
APP-01297,debt_to_income,0.325,2026-03-20T14:30:00Z,2026-03-20T06:19:00Z,0
APP-01297,income,96403.0,2026-03-20T14:30:00Z,2026-02-28T06:47:00Z,0
APP-01297,months_employed,6.0,2026-03-20T14:30:00Z,2026-03-14T01:52:00Z,0
APP-01297,prior_delinquencies,3.0,2026-03-20T14:30:00Z,2026-03-19T15:49:00Z,0
APP-01298,credit_utilization,0.31,2026-03-20T14:51:00Z,2026-03-19T08:47:00Z,0
APP-01298,debt_to_income,0.158,2026-03-20T14:51:00Z,2026-03-20T13:10:00Z,0
APP-01298,income,59585.0,2026-03-20T14:51:00Z,2026-03-06T15:35:00Z,0
APP-01298,months_employed,211.0,2026-03-20T14:51:00Z,2026-03-17T07:40:00Z,0
APP-01298,prior_delinquencies,1.0,2026-03-20T14:51:00Z,2026-03-17T14:10:00Z,0
APP-01299,credit_utilization,0.258,2026-03-20T15:46:00Z,2026-03-19T14:46:00Z,0
APP-01299,debt_to_income,0.429,2026-03-20T15:46:00Z,2026-03-18T12:03:00Z,0
APP-01299,income,29682.0,2026-03-20T15:46:00Z,2026-03-01T14:20:00Z,0
APP-01299,months_employed,58.0,2026-03-20T15:46:00Z,2026-03-17T20:54:00Z,0
APP-01299,prior_delinquencies,1.0,2026-03-20T15:46:00Z,2026-03-19T08:05:00Z,0
APP-01300,credit_utilization,0.217,2026-03-20T16:25:00Z,2026-03-19T04:19:00Z,0
APP-01300,debt_to_income,0.447,2026-03-20T16:25:00Z,2026-03-20T00:31:00Z,0
APP-01300,income,19309.0,2026-03-20T16:25:00Z,2026-03-02T13:27:00Z,0
APP-01300,months_employed,13.0,2026-03-20T16:25:00Z,2026-03-19T15:20:00Z,0
APP-01300,prior_delinquencies,0.0,2026-03-20T16:25:00Z,2026-03-18T11:15:00Z,0
APP-01301,credit_utilization,0.48,2026-03-20T18:10:00Z,2026-03-18T21:10:00Z,1
APP-01301,debt_to_income,0.416,2026-03-20T18:10:00Z,2026-03-17T21:07:00Z,1
APP-01301,income,44299.0,2026-03-20T18:10:00Z,2026-02-28T17:36:00Z,1
APP-01301,months_employed,82.0,2026-03-20T18:10:00Z,2026-03-11T15:32:00Z,1
APP-01301,prior_delinquencies,4.0,2026-03-20T18:10:00Z,2026-03-19T00:00:00Z,1
APP-01302,credit_utilization,0.401,2026-03-20T18:26:00Z,2026-03-19T11:51:00Z,0
APP-01302,debt_to_income,0.3,2026-03-20T18:26:00Z,2026-03-19T18:34:00Z,0
APP-01302,income,35589.0,2026-03-20T18:26:00Z,2026-03-12T01:17:00Z,0
APP-01302,months_employed,12.0,2026-03-20T18:26:00Z,2026-03-19T15:41:00Z,0
APP-01302,prior_delinquencies,1.0,2026-03-20T18:26:00Z,2026-03-20T12:10:00Z,0
APP-01303,credit_utilization,0.342,2026-03-20T18:36:00Z,2026-03-19T13:21:00Z,0
APP-01303,debt_to_income,0.163,2026-03-20T18:36:00Z,2026-03-18T07:36:00Z,0
APP-01303,income,57022.0,2026-03-20T18:36:00Z,2026-02-23T02:47:00Z,0
APP-01303,months_employed,177.0,2026-03-20T18:36:00Z,2026-03-13T08:48:00Z,0
APP-01303,prior_delinquencies,0.0,2026-03-20T18:36:00Z,2026-03-18T01:23:00Z,0
APP-01304,credit_utilization,0.46,2026-03-20T21:09:00Z,2026-03-20T08:49:00Z,0
APP-01304,debt_to_income,0.283,2026-03-20T21:09:00Z,2026-03-20T17:08:00Z,0
APP-01304,income,68894.0,2026-03-20T21:09:00Z,2026-03-04T13:51:00Z,0
APP-01304,months_employed,52.0,2026-03-20T21:09:00Z,2026-03-07T08:37:00Z,0
APP-01304,prior_delinquencies,0.0,2026-03-20T21:09:00Z,2026-03-17T07:21:00Z,0
APP-01305,credit_utilization,0.251,2026-03-20T21:51:00Z,2026-03-19T04:04:00Z,0
APP-01305,debt_to_income,0.32,2026-03-20T21:51:00Z,2026-03-18T12:44:00Z,0
APP-01305,income,67351.0,2026-03-20T21:51:00Z,2026-03-11T22:20:00Z,0
APP-01305,months_employed,53.0,2026-03-20T21:51:00Z,2026-03-15T16:47:00Z,0
APP-01305,prior_delinquencies,0.0,2026-03-20T21:51:00Z,2026-03-18T21:51:00Z,0
APP-01306,credit_utilization,0.165,2026-03-20T22:56:00Z,2026-03-19T00:06:00Z,0
APP-01306,debt_to_income,0.261,2026-03-20T22:56:00Z,2026-03-20T12:54:00Z,0
APP-01306,income,23286.0,2026-03-20T22:56:00Z,2026-02-20T02:08:00Z,0
APP-01306,months_employed,34.0,2026-03-20T22:56:00Z,2026-03-10T00:27:00Z,0
APP-01306,prior_delinquencies,0.0,2026-03-20T22:56:00Z,2026-03-18T11:50:00Z,0
APP-01307,credit_utilization,0.536,2026-03-20T22:59:00Z,2026-03-19T00:59:00Z,0
APP-01307,debt_to_income,0.388,2026-03-20T22:59:00Z,2026-03-19T04:37:00Z,0
APP-01307,income,18294.0,2026-03-20T22:59:00Z,2026-02-25T18:49:00Z,0
APP-01307,months_employed,163.0,2026-03-20T22:59:00Z,2026-03-10T15:05:00Z,0
APP-01307,prior_delinquencies,1.0,2026-03-20T22:59:00Z,2026-03-17T06:10:00Z,0
APP-01308,credit_utilization,0.198,2026-03-20T23:07:00Z,2026-03-20T07:22:00Z,0
APP-01308,debt_to_income,0.125,2026-03-20T23:07:00Z,2026-03-19T11:44:00Z,0
APP-01308,income,71954.0,2026-03-20T23:07:00Z,2026-02-21T17:24:00Z,0
APP-01308,months_employed,94.0,2026-03-20T23:07:00Z,2026-03-18T11:13:00Z,0
APP-01308,prior_delinquencies,0.0,2026-03-20T23:07:00Z,2026-03-17T14:38:00Z,0
APP-01309,credit_utilization,0.087,2026-03-20T23:50:00Z,2026-03-19T04:55:00Z,0
APP-01309,debt_to_income,0.266,2026-03-20T23:50:00Z,2026-03-18T00:26:00Z,0
APP-01309,income,41612.0,2026-03-20T23:50:00Z,2026-03-18T06:19:00Z,0
APP-01309,months_employed,204.0,2026-03-20T23:50:00Z,2026-03-17T03:47:00Z,0
APP-01309,prior_delinquencies,1.0,2026-03-20T23:50:00Z,2026-03-19T03:43:00Z,0
APP-01310,credit_utilization,0.254,2026-03-21T00:06:00Z,2026-03-19T17:02:00Z,0
APP-01310,debt_to_income,0.362,2026-03-21T00:06:00Z,2026-03-19T13:45:00Z,0
APP-01310,income,37570.0,2026-03-21T00:06:00Z,2026-02-23T10:33:00Z,0
APP-01310,months_employed,162.0,2026-03-21T00:06:00Z,2026-03-08T10:14:00Z,0
APP-01310,prior_delinquencies,0.0,2026-03-21T00:06:00Z,2026-03-20T16:56:00Z,0
APP-01311,credit_utilization,0.313,2026-03-21T02:33:00Z,2026-03-20T05:48:00Z,0
APP-01311,debt_to_income,0.315,2026-03-21T02:33:00Z,2026-03-20T19:59:00Z,0
APP-01311,income,68157.0,2026-03-21T02:33:00Z,2026-03-13T15:33:00Z,0
APP-01311,months_employed,192.0,2026-03-21T02:33:00Z,2026-03-11T22:07:00Z,0
APP-01311,prior_delinquencies,0.0,2026-03-21T02:33:00Z,2026-03-19T15:30:00Z,0
APP-01312,credit_utilization,0.366,2026-03-21T02:54:00Z,2026-03-19T11:48:00Z,0
APP-01312,debt_to_income,0.382,2026-03-21T02:54:00Z,2026-03-18T03:26:00Z,0
APP-01312,income,20670.0,2026-03-21T02:54:00Z,2026-03-19T11:23:00Z,0
APP-01312,months_employed,129.0,2026-03-21T02:54:00Z,2026-03-14T14:14:00Z,0
APP-01312,prior_delinquencies,0.0,2026-03-21T02:54:00Z,2026-03-19T06:45:00Z,0
APP-01313,credit_utilization,0.336,2026-03-21T03:02:00Z,2026-03-20T17:28:00Z,0
APP-01313,debt_to_income,0.407,2026-03-21T03:02:00Z,2026-03-19T20:58:00Z,0
APP-01313,income,48979.0,2026-03-21T03:02:00Z,2026-02-26T19:19:00Z,0
APP-01313,months_employed,8.0,2026-03-21T03:02:00Z,2026-03-13T11:36:00Z,0
APP-01313,prior_delinquencies,0.0,2026-03-21T03:02:00Z,2026-03-17T17:00:00Z,0
APP-01314,credit_utilization,0.027,2026-03-21T03:39:00Z,2026-03-19T21:30:00Z,0
APP-01314,debt_to_income,0.388,2026-03-21T03:39:00Z,2026-03-21T02:21:00Z,0
APP-01314,income,68389.0,2026-03-21T03:39:00Z,2026-03-17T12:40:00Z,0
APP-01314,months_employed,230.0,2026-03-21T03:39:00Z,2026-03-16T22:56:00Z,0
APP-01314,prior_delinquencies,0.0,2026-03-21T03:39:00Z,2026-03-17T21:26:00Z,0
APP-01315,credit_utilization,0.532,2026-03-21T04:00:00Z,2026-03-20T04:56:00Z,0
APP-01315,debt_to_income,0.287,2026-03-21T04:00:00Z,2026-03-20T02:07:00Z,0
APP-01315,income,30917.0,2026-03-21T04:00:00Z,2026-03-16T16:04:00Z,0
APP-01315,months_employed,54.0,2026-03-21T04:00:00Z,2026-03-07T10:54:00Z,0
APP-01315,prior_delinquencies,0.0,2026-03-21T04:00:00Z,2026-03-18T09:20:00Z,0
APP-01316,credit_utilization,0.459,2026-03-21T04:49:00Z,2026-03-19T22:48:00Z,0
APP-01316,debt_to_income,0.31,2026-03-21T04:49:00Z,2026-03-18T09:35:00Z,0
APP-01316,income,31539.0,2026-03-21T04:49:00Z,2026-02-27T20:44:00Z,0
APP-01316,months_employed,97.0,2026-03-21T04:49:00Z,2026-03-08T13:48:00Z,0
APP-01316,prior_delinquencies,0.0,2026-03-21T04:49:00Z,2026-03-18T01:06:00Z,0
APP-01317,credit_utilization,0.625,2026-03-21T06:04:00Z,2026-03-19T18:50:00Z,0
APP-01317,debt_to_income,0.55,2026-03-21T06:04:00Z,2026-03-18T18:39:00Z,0
APP-01317,income,19225.0,2026-03-21T06:04:00Z,2026-03-06T20:02:00Z,0
APP-01317,months_employed,89.0,2026-03-21T06:04:00Z,2026-03-08T03:00:00Z,0
APP-01317,prior_delinquencies,0.0,2026-03-21T06:04:00Z,2026-03-20T11:19:00Z,0
APP-01318,credit_utilization,0.562,2026-03-21T06:09:00Z,2026-03-20T19:07:00Z,0
APP-01318,debt_to_income,0.319,2026-03-21T06:09:00Z,2026-03-20T11:07:00Z,0
APP-01318,income,46447.0,2026-03-21T06:09:00Z,2026-03-04T19:44:00Z,0
APP-01318,months_employed,14.0,2026-03-21T06:09:00Z,2026-03-11T07:48:00Z,0
APP-01318,prior_delinquencies,0.0,2026-03-21T06:09:00Z,2026-03-20T15:23:00Z,0
APP-01319,credit_utilization,0.509,2026-03-21T08:00:00Z,2026-03-20T18:37:00Z,0
APP-01319,debt_to_income,0.179,2026-03-21T08:00:00Z,2026-03-20T04:55:00Z,0
APP-01319,income,51915.0,2026-03-21T08:00:00Z,2026-03-14T05:00:00Z,0
APP-01319,months_employed,154.0,2026-03-21T08:00:00Z,2026-03-20T00:27:00Z,0
APP-01319,prior_delinquencies,0.0,2026-03-21T08:00:00Z,2026-03-20T20:40:00Z,0
APP-01320,credit_utilization,0.373,2026-03-21T09:15:00Z,2026-03-20T14:14:00Z,0
APP-01320,debt_to_income,0.456,2026-03-21T09:15:00Z,2026-03-19T07:40:00Z,0
APP-01320,income,32583.0,2026-03-21T09:15:00Z,2026-02-27T01:28:00Z,0
APP-01320,months_employed,0.0,2026-03-21T09:15:00Z,2026-03-18T02:08:00Z,0
APP-01320,prior_delinquencies,0.0,2026-03-21T09:15:00Z,2026-03-18T23:07:00Z,0
APP-01321,credit_utilization,0.358,2026-03-21T13:14:00Z,2026-03-20T13:59:00Z,0
APP-01321,debt_to_income,0.249,2026-03-21T13:14:00Z,2026-03-19T12:32:00Z,0
APP-01321,income,94088.0,2026-03-21T13:14:00Z,2026-02-27T10:49:00Z,0
APP-01321,months_employed,190.0,2026-03-21T13:14:00Z,2026-03-10T00:25:00Z,0
APP-01321,prior_delinquencies,0.0,2026-03-21T13:14:00Z,2026-03-20T02:34:00Z,0
APP-01322,credit_utilization,0.438,2026-03-21T14:14:00Z,2026-03-21T11:24:00Z,0
APP-01322,debt_to_income,0.216,2026-03-21T14:14:00Z,2026-03-20T18:45:00Z,0
APP-01322,income,23595.0,2026-03-21T14:14:00Z,2026-02-28T06:32:00Z,0
APP-01322,months_employed,7.0,2026-03-21T14:14:00Z,2026-03-08T12:56:00Z,0
APP-01322,prior_delinquencies,1.0,2026-03-21T14:14:00Z,2026-03-19T07:32:00Z,0
APP-01323,credit_utilization,0.407,2026-03-21T17:25:00Z,2026-03-20T09:25:00Z,0
APP-01323,debt_to_income,0.355,2026-03-21T17:25:00Z,2026-03-19T06:57:00Z,0
APP-01323,income,32877.0,2026-03-21T17:25:00Z,2026-03-19T18:16:00Z,0
APP-01323,months_employed,99.0,2026-03-21T17:25:00Z,2026-03-17T21:05:00Z,0
APP-01323,prior_delinquencies,0.0,2026-03-21T17:25:00Z,2026-03-21T00:42:00Z,0
APP-01324,credit_utilization,0.338,2026-03-21T18:33:00Z,2026-03-20T08:24:00Z,0
APP-01324,debt_to_income,0.391,2026-03-21T18:33:00Z,2026-03-20T00:49:00Z,0
APP-01324,income,70170.0,2026-03-21T18:33:00Z,2026-03-05T09:19:00Z,0
APP-01324,months_employed,216.0,2026-03-21T18:33:00Z,2026-03-10T16:43:00Z,0
APP-01324,prior_delinquencies,0.0,2026-03-21T18:33:00Z,2026-03-21T01:51:00Z,0
APP-01325,credit_utilization,0.395,2026-03-21T19:51:00Z,2026-03-21T18:29:00Z,0
APP-01325,debt_to_income,0.348,2026-03-21T19:51:00Z,2026-03-20T19:40:00Z,0
APP-01325,income,64890.0,2026-03-21T19:51:00Z,2026-03-02T08:13:00Z,0
APP-01325,months_employed,64.0,2026-03-21T19:51:00Z,2026-03-10T11:30:00Z,0
APP-01325,prior_delinquencies,1.0,2026-03-21T19:51:00Z,2026-03-19T07:57:00Z,0
APP-01326,credit_utilization,0.638,2026-03-21T20:22:00Z,2026-03-20T09:25:00Z,0
APP-01326,debt_to_income,0.407,2026-03-21T20:22:00Z,2026-03-20T08:12:00Z,0
APP-01326,income,35889.0,2026-03-21T20:22:00Z,2026-02-26T04:11:00Z,0
APP-01326,months_employed,47.0,2026-03-21T20:22:00Z,2026-03-15T07:25:00Z,0
APP-01326,prior_delinquencies,1.0,2026-03-21T20:22:00Z,2026-03-18T13:30:00Z,0
APP-01327,credit_utilization,0.484,2026-03-21T21:08:00Z,2026-03-20T18:32:00Z,0
APP-01327,debt_to_income,0.299,2026-03-21T21:08:00Z,2026-03-20T14:23:00Z,0
APP-01327,income,120688.0,2026-03-21T21:08:00Z,2026-03-17T22:27:00Z,0
APP-01327,months_employed,124.0,2026-03-21T21:08:00Z,2026-03-10T19:27:00Z,0
APP-01327,prior_delinquencies,0.0,2026-03-21T21:08:00Z,2026-03-19T13:05:00Z,0
APP-01328,credit_utilization,0.619,2026-03-21T21:34:00Z,2026-03-21T07:16:00Z,0
APP-01328,debt_to_income,0.385,2026-03-21T21:34:00Z,2026-03-21T20:30:00Z,0
APP-01328,income,21815.0,2026-03-21T21:34:00Z,2026-03-07T06:23:00Z,0
APP-01328,months_employed,28.0,2026-03-21T21:34:00Z,2026-03-15T05:18:00Z,0
APP-01328,prior_delinquencies,0.0,2026-03-21T21:34:00Z,2026-03-21T08:13:00Z,0
APP-01329,credit_utilization,0.326,2026-03-22T00:03:00Z,2026-03-20T18:44:00Z,0
APP-01329,debt_to_income,0.232,2026-03-22T00:03:00Z,2026-03-21T00:50:00Z,0
APP-01329,income,76814.0,2026-03-22T00:03:00Z,2026-02-23T15:59:00Z,0
APP-01329,months_employed,54.0,2026-03-22T00:03:00Z,2026-03-15T00:22:00Z,0
APP-01329,prior_delinquencies,1.0,2026-03-22T00:03:00Z,2026-03-21T07:15:00Z,0
APP-01330,credit_utilization,0.146,2026-03-22T00:28:00Z,2026-03-21T23:08:00Z,0
APP-01330,debt_to_income,0.327,2026-03-22T00:28:00Z,2026-03-20T04:58:00Z,0
APP-01330,income,61326.0,2026-03-22T00:28:00Z,2026-02-23T08:25:00Z,0
APP-01330,months_employed,31.0,2026-03-22T00:28:00Z,2026-03-14T14:41:00Z,0
APP-01330,prior_delinquencies,0.0,2026-03-22T00:28:00Z,2026-03-20T09:14:00Z,0
APP-01331,credit_utilization,0.307,2026-03-22T00:59:00Z,2026-03-21T00:55:00Z,0
APP-01331,debt_to_income,0.305,2026-03-22T00:59:00Z,2026-03-19T02:08:00Z,0
APP-01331,income,57924.0,2026-03-22T00:59:00Z,2026-02-22T12:25:00Z,0
APP-01331,months_employed,97.0,2026-03-22T00:59:00Z,2026-03-16T16:58:00Z,0
APP-01331,prior_delinquencies,3.0,2026-03-22T00:59:00Z,2026-03-20T16:29:00Z,0
APP-01332,credit_utilization,0.193,2026-03-22T02:36:00Z,2026-03-20T14:26:00Z,0
APP-01332,debt_to_income,0.303,2026-03-22T02:36:00Z,2026-03-19T04:46:00Z,0
APP-01332,income,62603.0,2026-03-22T02:36:00Z,2026-03-20T13:47:00Z,0
APP-01332,months_employed,191.0,2026-03-22T02:36:00Z,2026-03-17T03:57:00Z,0
APP-01332,prior_delinquencies,0.0,2026-03-22T02:36:00Z,2026-03-18T05:45:00Z,0
APP-01333,credit_utilization,0.352,2026-03-22T02:45:00Z,2026-03-21T16:15:00Z,0
APP-01333,debt_to_income,0.377,2026-03-22T02:45:00Z,2026-03-21T19:45:00Z,0
APP-01333,income,61319.0,2026-03-22T02:45:00Z,2026-02-23T12:32:00Z,0
APP-01333,months_employed,46.0,2026-03-22T02:45:00Z,2026-03-20T04:18:00Z,0
APP-01333,prior_delinquencies,0.0,2026-03-22T02:45:00Z,2026-03-20T04:46:00Z,0
APP-01334,credit_utilization,0.327,2026-03-22T02:53:00Z,2026-03-21T10:00:00Z,0
APP-01334,debt_to_income,0.205,2026-03-22T02:53:00Z,2026-03-21T11:41:00Z,0
APP-01334,income,43922.0,2026-03-22T02:53:00Z,2026-03-06T22:00:00Z,0
APP-01334,months_employed,128.0,2026-03-22T02:53:00Z,2026-03-08T20:02:00Z,0
APP-01334,prior_delinquencies,0.0,2026-03-22T02:53:00Z,2026-03-21T11:23:00Z,0
APP-01335,credit_utilization,0.383,2026-03-22T08:35:00Z,2026-03-21T17:13:00Z,0
APP-01335,debt_to_income,0.289,2026-03-22T08:35:00Z,2026-03-20T03:01:00Z,0
APP-01335,income,43962.0,2026-03-22T08:35:00Z,2026-03-05T00:24:00Z,0
APP-01335,months_employed,130.0,2026-03-22T08:35:00Z,2026-03-11T03:10:00Z,0
APP-01335,prior_delinquencies,0.0,2026-03-22T08:35:00Z,2026-03-21T02:46:00Z,0
APP-01336,credit_utilization,0.594,2026-03-22T09:46:00Z,2026-03-21T06:32:00Z,0
APP-01336,debt_to_income,0.38,2026-03-22T09:46:00Z,2026-03-21T14:51:00Z,0
APP-01336,income,41722.0,2026-03-22T09:46:00Z,2026-03-10T22:11:00Z,0
APP-01336,months_employed,196.0,2026-03-22T09:46:00Z,2026-03-15T16:17:00Z,0
APP-01336,prior_delinquencies,0.0,2026-03-22T09:46:00Z,2026-03-20T18:08:00Z,0
APP-01337,credit_utilization,0.454,2026-03-22T11:11:00Z,2026-03-21T01:46:00Z,0
APP-01337,debt_to_income,0.435,2026-03-22T11:11:00Z,2026-03-20T06:31:00Z,0
APP-01337,income,51366.0,2026-03-22T11:11:00Z,2026-03-07T19:33:00Z,0
APP-01337,months_employed,53.0,2026-03-22T11:11:00Z,2026-03-13T03:24:00Z,0
APP-01337,prior_delinquencies,3.0,2026-03-22T11:11:00Z,2026-03-20T21:13:00Z,0
APP-01338,credit_utilization,0.308,2026-03-22T12:32:00Z,2026-03-21T07:31:00Z,0
APP-01338,debt_to_income,0.225,2026-03-22T12:32:00Z,2026-03-21T04:23:00Z,0
APP-01338,income,79655.0,2026-03-22T12:32:00Z,2026-02-27T06:07:00Z,0
APP-01338,months_employed,115.0,2026-03-22T12:32:00Z,2026-03-14T05:55:00Z,0
APP-01338,prior_delinquencies,1.0,2026-03-22T12:32:00Z,2026-03-20T18:25:00Z,0
APP-01339,credit_utilization,0.152,2026-03-22T14:33:00Z,2026-03-21T12:20:00Z,0
APP-01339,debt_to_income,0.463,2026-03-22T14:33:00Z,2026-03-20T14:03:00Z,0
APP-01339,income,35045.0,2026-03-22T14:33:00Z,2026-02-20T15:20:00Z,0
APP-01339,months_employed,11.0,2026-03-22T14:33:00Z,2026-03-11T23:16:00Z,0
APP-01339,prior_delinquencies,0.0,2026-03-22T14:33:00Z,2026-03-18T15:38:00Z,0
APP-01340,credit_utilization,0.499,2026-03-22T15:11:00Z,2026-03-22T09:45:00Z,0
APP-01340,debt_to_income,0.327,2026-03-22T15:11:00Z,2026-03-20T22:37:00Z,0
APP-01340,income,27413.0,2026-03-22T15:11:00Z,2026-03-04T06:06:00Z,0
APP-01340,months_employed,0.0,2026-03-22T15:11:00Z,2026-03-21T13:00:00Z,0
APP-01340,prior_delinquencies,1.0,2026-03-22T15:11:00Z,2026-03-19T13:23:00Z,0
APP-01341,credit_utilization,0.572,2026-03-22T20:05:00Z,2026-03-22T17:08:00Z,0
APP-01341,debt_to_income,0.376,2026-03-22T20:05:00Z,2026-03-22T06:32:00Z,0
APP-01341,income,44849.0,2026-03-22T20:05:00Z,2026-03-12T13:25:00Z,0
APP-01341,months_employed,225.0,2026-03-22T20:05:00Z,2026-03-12T10:14:00Z,0
APP-01341,prior_delinquencies,1.0,2026-03-22T20:05:00Z,2026-03-19T10:12:00Z,0
APP-01342,credit_utilization,0.532,2026-03-22T21:13:00Z,2026-03-21T01:00:00Z,0
APP-01342,debt_to_income,0.398,2026-03-22T21:13:00Z,2026-03-22T18:28:00Z,0
APP-01342,income,81454.0,2026-03-22T21:13:00Z,2026-03-18T06:56:00Z,0
APP-01342,months_employed,114.0,2026-03-22T21:13:00Z,2026-03-14T21:54:00Z,0
APP-01342,prior_delinquencies,1.0,2026-03-22T21:13:00Z,2026-03-22T03:07:00Z,0
APP-01343,credit_utilization,0.287,2026-03-22T22:30:00Z,2026-03-22T14:18:00Z,0
APP-01343,debt_to_income,0.536,2026-03-22T22:30:00Z,2026-03-21T14:10:00Z,0
APP-01343,income,47338.0,2026-03-22T22:30:00Z,2026-03-12T23:24:00Z,0
APP-01343,months_employed,74.0,2026-03-22T22:30:00Z,2026-03-16T19:50:00Z,0
APP-01343,prior_delinquencies,0.0,2026-03-22T22:30:00Z,2026-03-21T04:59:00Z,0
APP-01344,credit_utilization,0.4,2026-03-22T23:38:00Z,2026-03-22T17:04:00Z,0
APP-01344,debt_to_income,0.373,2026-03-22T23:38:00Z,2026-03-22T03:27:00Z,0
APP-01344,income,64267.0,2026-03-22T23:38:00Z,2026-03-01T02:15:00Z,0
APP-01344,months_employed,229.0,2026-03-22T23:38:00Z,2026-03-13T10:02:00Z,0
APP-01344,prior_delinquencies,0.0,2026-03-22T23:38:00Z,2026-03-21T21:59:00Z,0
APP-01345,credit_utilization,0.458,2026-03-23T00:05:00Z,2026-03-22T18:50:00Z,0
APP-01345,debt_to_income,0.437,2026-03-23T00:05:00Z,2026-03-21T12:25:00Z,0
APP-01345,income,34917.0,2026-03-23T00:05:00Z,2026-02-27T12:53:00Z,0
APP-01345,months_employed,17.0,2026-03-23T00:05:00Z,2026-03-11T00:29:00Z,0
APP-01345,prior_delinquencies,0.0,2026-03-23T00:05:00Z,2026-03-19T12:51:00Z,0
APP-01346,credit_utilization,0.194,2026-03-23T00:07:00Z,2026-03-21T00:16:00Z,0
APP-01346,debt_to_income,0.26,2026-03-23T00:07:00Z,2026-03-20T00:11:00Z,0
APP-01346,income,33832.0,2026-03-23T00:07:00Z,2026-03-13T13:28:00Z,0
APP-01346,months_employed,204.0,2026-03-23T00:07:00Z,2026-03-11T03:30:00Z,0
APP-01346,prior_delinquencies,0.0,2026-03-23T00:07:00Z,2026-03-21T01:29:00Z,0
APP-01347,credit_utilization,0.526,2026-03-23T00:49:00Z,2026-03-21T03:16:00Z,0
APP-01347,debt_to_income,0.557,2026-03-23T00:49:00Z,2026-03-22T00:13:00Z,0
APP-01347,income,39517.0,2026-03-23T00:49:00Z,2026-03-04T11:42:00Z,0
APP-01347,months_employed,165.0,2026-03-23T00:49:00Z,2026-03-20T16:34:00Z,0
APP-01347,prior_delinquencies,1.0,2026-03-23T00:49:00Z,2026-03-19T01:31:00Z,0
APP-01348,credit_utilization,0.25,2026-03-23T01:12:00Z,2026-03-21T23:35:00Z,0
APP-01348,debt_to_income,0.169,2026-03-23T01:12:00Z,2026-03-21T02:08:00Z,0
APP-01348,income,51196.0,2026-03-23T01:12:00Z,2026-02-28T18:33:00Z,0
APP-01348,months_employed,153.0,2026-03-23T01:12:00Z,2026-03-13T15:24:00Z,0
APP-01348,prior_delinquencies,0.0,2026-03-23T01:12:00Z,2026-03-21T16:49:00Z,0
APP-01349,credit_utilization,0.591,2026-03-23T06:56:00Z,2026-03-22T17:17:00Z,0
APP-01349,debt_to_income,0.475,2026-03-23T06:56:00Z,2026-03-23T01:54:00Z,0
APP-01349,income,43588.0,2026-03-23T06:56:00Z,2026-03-07T15:05:00Z,0
APP-01349,months_employed,61.0,2026-03-23T06:56:00Z,2026-03-19T03:05:00Z,0
APP-01349,prior_delinquencies,0.0,2026-03-23T06:56:00Z,2026-03-22T07:14:00Z,0
APP-01350,credit_utilization,0.724,2026-03-23T09:17:00Z,2026-03-23T01:02:00Z,0
APP-01350,debt_to_income,0.356,2026-03-23T09:17:00Z,2026-03-20T18:19:00Z,0
APP-01350,income,33840.0,2026-03-23T09:17:00Z,2026-02-24T03:40:00Z,0
APP-01350,months_employed,144.0,2026-03-23T09:17:00Z,2026-03-17T06:39:00Z,0
APP-01350,prior_delinquencies,0.0,2026-03-23T09:17:00Z,2026-03-21T18:47:00Z,0
APP-01351,credit_utilization,0.144,2026-03-23T10:21:00Z,2026-03-21T19:41:00Z,0
APP-01351,debt_to_income,0.445,2026-03-23T10:21:00Z,2026-03-21T13:28:00Z,0
APP-01351,income,81731.0,2026-03-23T10:21:00Z,2026-03-20T22:45:00Z,0
APP-01351,months_employed,152.0,2026-03-23T10:21:00Z,2026-03-10T12:34:00Z,0
APP-01351,prior_delinquencies,2.0,2026-03-23T10:21:00Z,2026-03-21T12:01:00Z,0
APP-01352,credit_utilization,0.383,2026-03-23T11:06:00Z,2026-03-22T05:18:00Z,0
APP-01352,debt_to_income,0.299,2026-03-23T11:06:00Z,2026-03-21T11:11:00Z,0
APP-01352,income,73604.0,2026-03-23T11:06:00Z,2026-03-04T06:45:00Z,0
APP-01352,months_employed,94.0,2026-03-23T11:06:00Z,2026-03-18T17:14:00Z,0
APP-01352,prior_delinquencies,1.0,2026-03-23T11:06:00Z,2026-03-22T19:34:00Z,0
APP-01353,credit_utilization,0.641,2026-03-23T11:11:00Z,2026-03-22T02:03:00Z,0
APP-01353,debt_to_income,0.31,2026-03-23T11:11:00Z,2026-03-20T13:52:00Z,0
APP-01353,income,53919.0,2026-03-23T11:11:00Z,2026-02-21T14:26:00Z,0
APP-01353,months_employed,191.0,2026-03-23T11:11:00Z,2026-03-14T03:25:00Z,0
APP-01353,prior_delinquencies,0.0,2026-03-23T11:11:00Z,2026-03-21T05:24:00Z,0
APP-01354,credit_utilization,0.537,2026-03-23T12:07:00Z,2026-03-22T01:34:00Z,0
APP-01354,debt_to_income,0.321,2026-03-23T12:07:00Z,2026-03-21T20:31:00Z,0
APP-01354,income,64891.0,2026-03-23T12:07:00Z,2026-03-19T08:44:00Z,0
APP-01354,months_employed,141.0,2026-03-23T12:07:00Z,2026-03-12T16:33:00Z,0
APP-01354,prior_delinquencies,0.0,2026-03-23T12:07:00Z,2026-03-20T23:49:00Z,0
APP-01355,credit_utilization,0.181,2026-03-23T13:11:00Z,2026-03-22T01:18:00Z,1
APP-01355,debt_to_income,0.12,2026-03-23T13:11:00Z,2026-03-22T01:39:00Z,1
APP-01355,income,35494.0,2026-03-23T13:11:00Z,2026-03-02T16:02:00Z,1
APP-01355,months_employed,43.0,2026-03-23T13:11:00Z,2026-03-15T06:03:00Z,1
APP-01355,prior_delinquencies,1.0,2026-03-23T13:11:00Z,2026-03-21T02:14:00Z,1
APP-01356,credit_utilization,0.464,2026-03-23T13:32:00Z,2026-03-22T23:38:00Z,1
APP-01356,debt_to_income,0.419,2026-03-23T13:32:00Z,2026-03-23T03:48:00Z,1
APP-01356,income,48149.0,2026-03-23T13:32:00Z,2026-03-01T02:29:00Z,1
APP-01356,months_employed,103.0,2026-03-23T13:32:00Z,2026-03-14T12:07:00Z,1
APP-01356,prior_delinquencies,0.0,2026-03-23T13:32:00Z,2026-03-22T22:31:00Z,1
APP-01357,credit_utilization,0.297,2026-03-23T15:48:00Z,2026-03-21T21:02:00Z,1
APP-01357,debt_to_income,0.529,2026-03-23T15:48:00Z,2026-03-23T10:42:00Z,1
APP-01357,income,45778.0,2026-03-23T15:48:00Z,2026-03-02T21:53:00Z,1
APP-01357,months_employed,138.0,2026-03-23T15:48:00Z,2026-03-21T11:50:00Z,1
APP-01357,prior_delinquencies,0.0,2026-03-23T15:48:00Z,2026-03-21T01:26:00Z,1
APP-01358,credit_utilization,0.328,2026-03-23T15:55:00Z,2026-03-21T18:18:00Z,0
APP-01358,debt_to_income,0.551,2026-03-23T15:55:00Z,2026-03-22T04:41:00Z,0
APP-01358,income,112348.0,2026-03-23T15:55:00Z,2026-02-27T15:18:00Z,0
APP-01358,months_employed,156.0,2026-03-23T15:55:00Z,2026-03-14T02:29:00Z,0
APP-01358,prior_delinquencies,2.0,2026-03-23T15:55:00Z,2026-03-22T16:01:00Z,0
APP-01359,credit_utilization,0.248,2026-03-23T20:36:00Z,2026-03-23T12:41:00Z,0
APP-01359,debt_to_income,0.375,2026-03-23T20:36:00Z,2026-03-23T03:03:00Z,0
APP-01359,income,55882.0,2026-03-23T20:36:00Z,2026-03-14T14:25:00Z,0
APP-01359,months_employed,100.0,2026-03-23T20:36:00Z,2026-03-19T15:16:00Z,0
APP-01359,prior_delinquencies,0.0,2026-03-23T20:36:00Z,2026-03-23T12:11:00Z,0
APP-01360,credit_utilization,0.475,2026-03-23T21:44:00Z,2026-03-23T11:45:00Z,0
APP-01360,debt_to_income,0.286,2026-03-23T21:44:00Z,2026-03-22T09:49:00Z,0
APP-01360,income,62926.0,2026-03-23T21:44:00Z,2026-03-20T18:21:00Z,0
APP-01360,months_employed,81.0,2026-03-23T21:44:00Z,2026-03-19T00:51:00Z,0
APP-01360,prior_delinquencies,0.0,2026-03-23T21:44:00Z,2026-03-21T07:31:00Z,0
APP-01361,credit_utilization,0.167,2026-03-23T22:09:00Z,2026-03-22T23:45:00Z,0
APP-01361,debt_to_income,0.262,2026-03-23T22:09:00Z,2026-03-23T20:21:00Z,0
APP-01361,income,55802.0,2026-03-23T22:09:00Z,2026-03-22T15:02:00Z,0
APP-01361,months_employed,167.0,2026-03-23T22:09:00Z,2026-03-10T22:06:00Z,0
APP-01361,prior_delinquencies,0.0,2026-03-23T22:09:00Z,2026-03-21T17:25:00Z,0
APP-01362,credit_utilization,0.532,2026-03-24T01:22:00Z,2026-03-23T06:29:00Z,0
APP-01362,debt_to_income,0.355,2026-03-24T01:22:00Z,2026-03-22T07:59:00Z,0
APP-01362,income,71324.0,2026-03-24T01:22:00Z,2026-03-18T01:22:00Z,0
APP-01362,months_employed,193.0,2026-03-24T01:22:00Z,2026-03-12T03:34:00Z,0
APP-01362,prior_delinquencies,0.0,2026-03-24T01:22:00Z,2026-03-23T22:15:00Z,0
APP-01363,credit_utilization,0.622,2026-03-24T01:24:00Z,2026-03-22T18:09:00Z,0
APP-01363,debt_to_income,0.446,2026-03-24T01:24:00Z,2026-03-23T19:18:00Z,0
APP-01363,income,37524.0,2026-03-24T01:24:00Z,2026-03-20T05:10:00Z,0
APP-01363,months_employed,214.0,2026-03-24T01:24:00Z,2026-03-11T07:25:00Z,0
APP-01363,prior_delinquencies,0.0,2026-03-24T01:24:00Z,2026-03-22T13:07:00Z,0
APP-01364,credit_utilization,0.402,2026-03-24T03:33:00Z,2026-03-23T08:12:00Z,0
APP-01364,debt_to_income,0.137,2026-03-24T03:33:00Z,2026-03-21T04:44:00Z,0
APP-01364,income,38239.0,2026-03-24T03:33:00Z,2026-03-02T13:52:00Z,0
APP-01364,months_employed,123.0,2026-03-24T03:33:00Z,2026-03-20T02:47:00Z,0
APP-01364,prior_delinquencies,0.0,2026-03-24T03:33:00Z,2026-03-23T18:05:00Z,0
APP-01365,credit_utilization,0.591,2026-03-24T04:12:00Z,2026-03-22T14:26:00Z,0
APP-01365,debt_to_income,0.388,2026-03-24T04:12:00Z,2026-03-23T11:59:00Z,0
APP-01365,income,44975.0,2026-03-24T04:12:00Z,2026-03-07T06:17:00Z,0
APP-01365,months_employed,164.0,2026-03-24T04:12:00Z,2026-03-11T05:29:00Z,0
APP-01365,prior_delinquencies,2.0,2026-03-24T04:12:00Z,2026-03-21T07:04:00Z,0
APP-01366,credit_utilization,0.155,2026-03-24T04:38:00Z,2026-03-22T05:50:00Z,0
APP-01366,debt_to_income,0.131,2026-03-24T04:38:00Z,2026-03-21T06:32:00Z,0
APP-01366,income,50538.0,2026-03-24T04:38:00Z,2026-02-24T03:01:00Z,0
APP-01366,months_employed,28.0,2026-03-24T04:38:00Z,2026-03-21T15:26:00Z,0
APP-01366,prior_delinquencies,1.0,2026-03-24T04:38:00Z,2026-03-22T22:16:00Z,0
APP-01367,credit_utilization,0.14,2026-03-24T10:42:00Z,2026-03-23T11:22:00Z,0
APP-01367,debt_to_income,0.363,2026-03-24T10:42:00Z,2026-03-22T13:44:00Z,0
APP-01367,income,129295.0,2026-03-24T10:42:00Z,2026-02-28T12:28:00Z,0
APP-01367,months_employed,156.0,2026-03-24T10:42:00Z,2026-03-11T02:42:00Z,0
APP-01367,prior_delinquencies,0.0,2026-03-24T10:42:00Z,2026-03-23T11:09:00Z,0
APP-01368,credit_utilization,0.419,2026-03-24T18:16:00Z,2026-03-24T10:40:00Z,0
APP-01368,debt_to_income,0.469,2026-03-24T18:16:00Z,2026-03-21T19:01:00Z,0
APP-01368,income,69949.0,2026-03-24T18:16:00Z,2026-02-23T08:21:00Z,0
APP-01368,months_employed,78.0,2026-03-24T18:16:00Z,2026-03-21T22:42:00Z,0
APP-01368,prior_delinquencies,0.0,2026-03-24T18:16:00Z,2026-03-23T16:49:00Z,0
APP-01369,credit_utilization,0.327,2026-03-24T19:41:00Z,2026-03-23T14:26:00Z,0
APP-01369,debt_to_income,0.429,2026-03-24T19:41:00Z,2026-03-22T17:59:00Z,0
APP-01369,income,35415.0,2026-03-24T19:41:00Z,2026-02-28T08:36:00Z,0
APP-01369,months_employed,53.0,2026-03-24T19:41:00Z,2026-03-19T20:17:00Z,0
APP-01369,prior_delinquencies,0.0,2026-03-24T19:41:00Z,2026-03-22T05:15:00Z,0
APP-01370,credit_utilization,0.069,2026-03-24T21:00:00Z,2026-03-23T02:30:00Z,0
APP-01370,debt_to_income,0.188,2026-03-24T21:00:00Z,2026-03-22T10:58:00Z,0
APP-01370,income,65739.0,2026-03-24T21:00:00Z,2026-03-19T21:15:00Z,0
APP-01370,months_employed,65.0,2026-03-24T21:00:00Z,2026-03-12T09:25:00Z,0
APP-01370,prior_delinquencies,1.0,2026-03-24T21:00:00Z,2026-03-24T13:15:00Z,0
APP-01371,credit_utilization,0.0,2026-03-24T23:10:00Z,2026-03-24T21:24:00Z,0
APP-01371,debt_to_income,0.222,2026-03-24T23:10:00Z,2026-03-23T12:50:00Z,0
APP-01371,income,85795.0,2026-03-24T23:10:00Z,2026-03-16T10:28:00Z,0
APP-01371,months_employed,37.0,2026-03-24T23:10:00Z,2026-03-21T19:57:00Z,0
APP-01371,prior_delinquencies,0.0,2026-03-24T23:10:00Z,2026-03-23T15:26:00Z,0
APP-01372,credit_utilization,0.241,2026-03-24T23:52:00Z,2026-03-24T12:57:00Z,0
APP-01372,debt_to_income,0.327,2026-03-24T23:52:00Z,2026-03-23T06:52:00Z,0
APP-01372,income,41844.0,2026-03-24T23:52:00Z,2026-03-17T05:46:00Z,0
APP-01372,months_employed,24.0,2026-03-24T23:52:00Z,2026-03-14T05:49:00Z,0
APP-01372,prior_delinquencies,0.0,2026-03-24T23:52:00Z,2026-03-24T02:02:00Z,0
APP-01373,credit_utilization,0.682,2026-03-25T00:08:00Z,2026-03-24T00:10:00Z,0
APP-01373,debt_to_income,0.381,2026-03-25T00:08:00Z,2026-03-22T20:02:00Z,0
APP-01373,income,35467.0,2026-03-25T00:08:00Z,2026-03-02T09:47:00Z,0
APP-01373,months_employed,97.0,2026-03-25T00:08:00Z,2026-03-18T19:11:00Z,0
APP-01373,prior_delinquencies,1.0,2026-03-25T00:08:00Z,2026-03-21T17:36:00Z,0
APP-01374,credit_utilization,0.496,2026-03-25T02:37:00Z,2026-03-24T23:18:00Z,0
APP-01374,debt_to_income,0.303,2026-03-25T02:37:00Z,2026-03-23T10:35:00Z,0
APP-01374,income,33845.0,2026-03-25T02:37:00Z,2026-03-02T05:33:00Z,0
APP-01374,months_employed,125.0,2026-03-25T02:37:00Z,2026-03-22T07:37:00Z,0
APP-01374,prior_delinquencies,0.0,2026-03-25T02:37:00Z,2026-03-22T09:54:00Z,0
APP-01375,credit_utilization,0.061,2026-03-25T02:59:00Z,2026-03-23T20:10:00Z,0
APP-01375,debt_to_income,0.261,2026-03-25T02:59:00Z,2026-03-23T10:46:00Z,0
APP-01375,income,75101.0,2026-03-25T02:59:00Z,2026-03-19T23:21:00Z,0
APP-01375,months_employed,24.0,2026-03-25T02:59:00Z,2026-03-14T23:34:00Z,0
APP-01375,prior_delinquencies,1.0,2026-03-25T02:59:00Z,2026-03-24T12:29:00Z,0
APP-01376,credit_utilization,0.465,2026-03-25T06:18:00Z,2026-03-24T11:29:00Z,0
APP-01376,debt_to_income,0.313,2026-03-25T06:18:00Z,2026-03-24T13:46:00Z,0
APP-01376,income,54026.0,2026-03-25T06:18:00Z,2026-03-14T02:14:00Z,0
APP-01376,months_employed,66.0,2026-03-25T06:18:00Z,2026-03-14T20:37:00Z,0
APP-01376,prior_delinquencies,0.0,2026-03-25T06:18:00Z,2026-03-24T17:15:00Z,0
APP-01377,credit_utilization,0.348,2026-03-25T08:06:00Z,2026-03-23T17:15:00Z,0
APP-01377,debt_to_income,0.382,2026-03-25T08:06:00Z,2026-03-23T09:33:00Z,0
APP-01377,income,47246.0,2026-03-25T08:06:00Z,2026-03-03T11:24:00Z,0
APP-01377,months_employed,148.0,2026-03-25T08:06:00Z,2026-03-19T13:13:00Z,0
APP-01377,prior_delinquencies,2.0,2026-03-25T08:06:00Z,2026-03-22T18:44:00Z,0
APP-01378,credit_utilization,0.38,2026-03-25T08:19:00Z,2026-03-25T00:24:00Z,0
APP-01378,debt_to_income,0.321,2026-03-25T08:19:00Z,2026-03-23T10:36:00Z,0
APP-01378,income,46665.0,2026-03-25T08:19:00Z,2026-03-17T02:02:00Z,0
APP-01378,months_employed,161.0,2026-03-25T08:19:00Z,2026-03-15T06:35:00Z,0
APP-01378,prior_delinquencies,0.0,2026-03-25T08:19:00Z,2026-03-24T08:05:00Z,0
APP-01379,credit_utilization,0.038,2026-03-25T09:05:00Z,2026-03-24T12:41:00Z,0
APP-01379,debt_to_income,0.472,2026-03-25T09:05:00Z,2026-03-22T16:23:00Z,0
APP-01379,income,40832.0,2026-03-25T09:05:00Z,2026-03-10T21:26:00Z,0
APP-01379,months_employed,38.0,2026-03-25T09:05:00Z,2026-03-15T05:55:00Z,0
APP-01379,prior_delinquencies,2.0,2026-03-25T09:05:00Z,2026-03-25T00:58:00Z,0
APP-01380,credit_utilization,0.396,2026-03-25T11:02:00Z,2026-03-24T05:18:00Z,0
APP-01380,debt_to_income,0.561,2026-03-25T11:02:00Z,2026-03-22T22:26:00Z,0
APP-01380,income,23921.0,2026-03-25T11:02:00Z,2026-03-02T20:38:00Z,0
APP-01380,months_employed,59.0,2026-03-25T11:02:00Z,2026-03-21T06:26:00Z,0
APP-01380,prior_delinquencies,0.0,2026-03-25T11:02:00Z,2026-03-24T22:12:00Z,0
APP-01381,credit_utilization,0.604,2026-03-25T11:16:00Z,2026-03-25T06:59:00Z,0
APP-01381,debt_to_income,0.317,2026-03-25T11:16:00Z,2026-03-25T03:58:00Z,0
APP-01381,income,42934.0,2026-03-25T11:16:00Z,2026-03-10T05:57:00Z,0
APP-01381,months_employed,195.0,2026-03-25T11:16:00Z,2026-03-21T12:04:00Z,0
APP-01381,prior_delinquencies,0.0,2026-03-25T11:16:00Z,2026-03-22T14:22:00Z,0
APP-01382,credit_utilization,0.364,2026-03-25T14:57:00Z,2026-03-25T05:34:00Z,0
APP-01382,debt_to_income,0.328,2026-03-25T14:57:00Z,2026-03-25T02:34:00Z,0
APP-01382,income,75434.0,2026-03-25T14:57:00Z,2026-02-24T06:12:00Z,0
APP-01382,months_employed,212.0,2026-03-25T14:57:00Z,2026-03-16T22:06:00Z,0
APP-01382,prior_delinquencies,1.0,2026-03-25T14:57:00Z,2026-03-22T13:13:00Z,0
APP-01383,credit_utilization,0.304,2026-03-25T15:06:00Z,2026-03-23T15:54:00Z,0
APP-01383,debt_to_income,0.26,2026-03-25T15:06:00Z,2026-03-23T09:43:00Z,0
APP-01383,income,21312.0,2026-03-25T15:06:00Z,2026-03-15T12:54:00Z,0
APP-01383,months_employed,146.0,2026-03-25T15:06:00Z,2026-03-12T15:55:00Z,0
APP-01383,prior_delinquencies,0.0,2026-03-25T15:06:00Z,2026-03-24T18:14:00Z,0
APP-01384,credit_utilization,0.656,2026-03-25T16:45:00Z,2026-03-24T09:42:00Z,1
APP-01384,debt_to_income,0.406,2026-03-25T16:45:00Z,2026-03-25T09:25:00Z,1
APP-01384,income,32016.0,2026-03-25T16:45:00Z,2026-03-22T10:45:00Z,1
APP-01384,months_employed,235.0,2026-03-25T16:45:00Z,2026-03-19T06:08:00Z,1
APP-01384,prior_delinquencies,0.0,2026-03-25T16:45:00Z,2026-03-23T14:34:00Z,1
APP-01385,credit_utilization,0.172,2026-03-25T18:45:00Z,2026-03-24T07:35:00Z,0
APP-01385,debt_to_income,0.382,2026-03-25T18:45:00Z,2026-03-25T11:01:00Z,0
APP-01385,income,92632.0,2026-03-25T18:45:00Z,2026-03-14T21:14:00Z,0
APP-01385,months_employed,16.0,2026-03-25T18:45:00Z,2026-03-21T01:49:00Z,0
APP-01385,prior_delinquencies,0.0,2026-03-25T18:45:00Z,2026-03-23T19:01:00Z,0
APP-01386,credit_utilization,0.676,2026-03-25T19:08:00Z,2026-03-24T23:19:00Z,1
APP-01386,debt_to_income,0.431,2026-03-25T19:08:00Z,2026-03-25T08:52:00Z,1
APP-01386,income,25107.0,2026-03-25T19:08:00Z,2026-03-12T17:07:00Z,1
APP-01386,months_employed,191.0,2026-03-25T19:08:00Z,2026-03-21T02:07:00Z,1
APP-01386,prior_delinquencies,0.0,2026-03-25T19:08:00Z,2026-03-24T22:02:00Z,1
APP-01387,credit_utilization,0.534,2026-03-25T19:08:00Z,2026-03-23T22:14:00Z,0
APP-01387,debt_to_income,0.506,2026-03-25T19:08:00Z,2026-03-25T17:28:00Z,0
APP-01387,income,68079.0,2026-03-25T19:08:00Z,2026-03-11T14:02:00Z,0
APP-01387,months_employed,43.0,2026-03-25T19:08:00Z,2026-03-13T16:58:00Z,0
APP-01387,prior_delinquencies,1.0,2026-03-25T19:08:00Z,2026-03-23T09:36:00Z,0
APP-01388,credit_utilization,0.338,2026-03-25T21:22:00Z,2026-03-24T06:59:00Z,0
APP-01388,debt_to_income,0.253,2026-03-25T21:22:00Z,2026-03-25T08:44:00Z,0
APP-01388,income,38458.0,2026-03-25T21:22:00Z,2026-03-16T16:17:00Z,0
APP-01388,months_employed,177.0,2026-03-25T21:22:00Z,2026-03-12T09:52:00Z,0
APP-01388,prior_delinquencies,0.0,2026-03-25T21:22:00Z,2026-03-24T13:39:00Z,0
APP-01389,credit_utilization,0.242,2026-03-25T22:03:00Z,2026-03-24T07:32:00Z,0
APP-01389,debt_to_income,0.377,2026-03-25T22:03:00Z,2026-03-25T09:17:00Z,0
APP-01389,income,69637.0,2026-03-25T22:03:00Z,2026-03-19T22:40:00Z,0
APP-01389,months_employed,35.0,2026-03-25T22:03:00Z,2026-03-14T20:16:00Z,0
APP-01389,prior_delinquencies,1.0,2026-03-25T22:03:00Z,2026-03-22T19:12:00Z,0
APP-01390,credit_utilization,0.323,2026-03-25T22:27:00Z,2026-03-24T22:35:00Z,0
APP-01390,debt_to_income,0.235,2026-03-25T22:27:00Z,2026-03-23T06:33:00Z,0
APP-01390,income,72375.0,2026-03-25T22:27:00Z,2026-03-15T18:38:00Z,0
APP-01390,months_employed,59.0,2026-03-25T22:27:00Z,2026-03-21T23:51:00Z,0
APP-01390,prior_delinquencies,0.0,2026-03-25T22:27:00Z,2026-03-23T06:08:00Z,0
APP-01391,credit_utilization,0.413,2026-03-25T23:34:00Z,2026-03-25T08:41:00Z,0
APP-01391,debt_to_income,0.27,2026-03-25T23:34:00Z,2026-03-25T15:25:00Z,0
APP-01391,income,46794.0,2026-03-25T23:34:00Z,2026-03-15T05:03:00Z,0
APP-01391,months_employed,187.0,2026-03-25T23:34:00Z,2026-03-12T11:24:00Z,0
APP-01391,prior_delinquencies,1.0,2026-03-25T23:34:00Z,2026-03-25T16:35:00Z,0
APP-01392,credit_utilization,0.317,2026-03-26T01:29:00Z,2026-03-24T13:05:00Z,0
APP-01392,debt_to_income,0.431,2026-03-26T01:29:00Z,2026-03-24T09:12:00Z,0
APP-01392,income,50944.0,2026-03-26T01:29:00Z,2026-02-26T00:27:00Z,0
APP-01392,months_employed,126.0,2026-03-26T01:29:00Z,2026-03-14T14:48:00Z,0
APP-01392,prior_delinquencies,0.0,2026-03-26T01:29:00Z,2026-03-23T14:08:00Z,0
APP-01393,credit_utilization,0.41,2026-03-26T02:27:00Z,2026-03-24T03:33:00Z,0
APP-01393,debt_to_income,0.456,2026-03-26T02:27:00Z,2026-03-25T15:48:00Z,0
APP-01393,income,31114.0,2026-03-26T02:27:00Z,2026-03-09T00:12:00Z,0
APP-01393,months_employed,193.0,2026-03-26T02:27:00Z,2026-03-17T02:42:00Z,0
APP-01393,prior_delinquencies,0.0,2026-03-26T02:27:00Z,2026-03-25T03:13:00Z,0
APP-01394,credit_utilization,0.504,2026-03-26T02:57:00Z,2026-03-24T11:49:00Z,0
APP-01394,debt_to_income,0.257,2026-03-26T02:57:00Z,2026-03-25T04:32:00Z,0
APP-01394,income,87028.0,2026-03-26T02:57:00Z,2026-03-12T04:12:00Z,0
APP-01394,months_employed,83.0,2026-03-26T02:57:00Z,2026-03-24T09:23:00Z,0
APP-01394,prior_delinquencies,1.0,2026-03-26T02:57:00Z,2026-03-23T22:54:00Z,0
APP-01395,credit_utilization,0.495,2026-03-26T07:01:00Z,2026-03-24T08:10:00Z,1
APP-01395,debt_to_income,0.372,2026-03-26T07:01:00Z,2026-03-26T04:17:00Z,1
APP-01395,income,58452.0,2026-03-26T07:01:00Z,2026-03-16T01:39:00Z,1
APP-01395,months_employed,145.0,2026-03-26T07:01:00Z,2026-03-24T09:40:00Z,1
APP-01395,prior_delinquencies,0.0,2026-03-26T07:01:00Z,2026-03-23T19:33:00Z,1
APP-01396,credit_utilization,0.768,2026-03-26T07:38:00Z,2026-03-25T02:02:00Z,0
APP-01396,debt_to_income,0.392,2026-03-26T07:38:00Z,2026-03-24T09:58:00Z,0
APP-01396,income,51090.0,2026-03-26T07:38:00Z,2026-03-24T08:52:00Z,0
APP-01396,months_employed,205.0,2026-03-26T07:38:00Z,2026-03-17T12:39:00Z,0
APP-01396,prior_delinquencies,2.0,2026-03-26T07:38:00Z,2026-03-24T10:50:00Z,0
APP-01397,credit_utilization,0.183,2026-03-26T07:57:00Z,2026-03-25T07:11:00Z,0
APP-01397,debt_to_income,0.448,2026-03-26T07:57:00Z,2026-03-24T05:10:00Z,0
APP-01397,income,58080.0,2026-03-26T07:57:00Z,2026-03-01T14:49:00Z,0
APP-01397,months_employed,76.0,2026-03-26T07:57:00Z,2026-03-23T14:24:00Z,0
APP-01397,prior_delinquencies,1.0,2026-03-26T07:57:00Z,2026-03-22T18:07:00Z,0
APP-01398,credit_utilization,0.698,2026-03-26T08:05:00Z,2026-03-24T20:07:00Z,1
APP-01398,debt_to_income,0.466,2026-03-26T08:05:00Z,2026-03-25T03:02:00Z,1
APP-01398,income,26089.0,2026-03-26T08:05:00Z,2026-03-02T07:10:00Z,1
APP-01398,months_employed,34.0,2026-03-26T08:05:00Z,2026-03-12T21:07:00Z,1
APP-01398,prior_delinquencies,1.0,2026-03-26T08:05:00Z,2026-03-23T17:00:00Z,1
APP-01399,credit_utilization,0.332,2026-03-26T08:35:00Z,2026-03-25T14:18:00Z,0
APP-01399,debt_to_income,0.407,2026-03-26T08:35:00Z,2026-03-26T07:28:00Z,0
APP-01399,income,40965.0,2026-03-26T08:35:00Z,2026-03-11T21:38:00Z,0
APP-01399,months_employed,142.0,2026-03-26T08:35:00Z,2026-03-24T08:24:00Z,0
APP-01399,prior_delinquencies,0.0,2026-03-26T08:35:00Z,2026-03-22T17:56:00Z,0
APP-01400,credit_utilization,0.54,2026-03-26T08:41:00Z,2026-03-25T05:12:00Z,0
APP-01400,debt_to_income,0.449,2026-03-26T08:41:00Z,2026-03-23T09:02:00Z,0
APP-01400,income,43841.0,2026-03-26T08:41:00Z,2026-03-20T09:13:00Z,0
APP-01400,months_employed,134.0,2026-03-26T08:41:00Z,2026-03-19T19:07:00Z,0
APP-01400,prior_delinquencies,1.0,2026-03-26T08:41:00Z,2026-03-25T09:14:00Z,0
APP-01401,credit_utilization,0.713,2026-03-26T10:55:00Z,2026-03-26T05:08:00Z,1
APP-01401,debt_to_income,0.383,2026-03-26T10:55:00Z,2026-03-24T02:09:00Z,1
APP-01401,income,62875.0,2026-03-26T10:55:00Z,2026-03-14T07:18:00Z,1
APP-01401,months_employed,100.0,2026-03-26T10:55:00Z,2026-03-15T09:54:00Z,1
APP-01401,prior_delinquencies,1.0,2026-03-26T10:55:00Z,2026-03-23T05:51:00Z,1
APP-01402,credit_utilization,0.252,2026-03-26T11:45:00Z,2026-03-26T05:11:00Z,0
APP-01402,debt_to_income,0.348,2026-03-26T11:45:00Z,2026-03-24T10:44:00Z,0
APP-01402,income,40271.0,2026-03-26T11:45:00Z,2026-03-11T16:12:00Z,0
APP-01402,months_employed,54.0,2026-03-26T11:45:00Z,2026-03-24T05:30:00Z,0
APP-01402,prior_delinquencies,1.0,2026-03-26T11:45:00Z,2026-03-23T07:04:00Z,0
APP-01403,credit_utilization,0.316,2026-03-26T13:14:00Z,2026-03-25T18:54:00Z,0
APP-01403,debt_to_income,0.256,2026-03-26T13:14:00Z,2026-03-23T20:04:00Z,0
APP-01403,income,28677.0,2026-03-26T13:14:00Z,2026-03-17T10:42:00Z,0
APP-01403,months_employed,207.0,2026-03-26T13:14:00Z,2026-03-17T03:41:00Z,0
APP-01403,prior_delinquencies,0.0,2026-03-26T13:14:00Z,2026-03-25T12:42:00Z,0
APP-01404,credit_utilization,0.448,2026-03-26T13:16:00Z,2026-03-26T04:25:00Z,0
APP-01404,debt_to_income,0.324,2026-03-26T13:16:00Z,2026-03-25T21:02:00Z,0
APP-01404,income,32698.0,2026-03-26T13:16:00Z,2026-02-27T11:28:00Z,0
APP-01404,months_employed,196.0,2026-03-26T13:16:00Z,2026-03-14T08:39:00Z,0
APP-01404,prior_delinquencies,1.0,2026-03-26T13:16:00Z,2026-03-25T20:55:00Z,0
APP-01405,credit_utilization,0.318,2026-03-26T13:22:00Z,2026-03-25T19:18:00Z,0
APP-01405,debt_to_income,0.273,2026-03-26T13:22:00Z,2026-03-24T16:22:00Z,0
APP-01405,income,45944.0,2026-03-26T13:22:00Z,2026-03-15T00:31:00Z,0
APP-01405,months_employed,101.0,2026-03-26T13:22:00Z,2026-03-12T21:05:00Z,0
APP-01405,prior_delinquencies,1.0,2026-03-26T13:22:00Z,2026-03-24T20:53:00Z,0
APP-01406,credit_utilization,0.086,2026-03-26T14:23:00Z,2026-03-24T18:29:00Z,0
APP-01406,debt_to_income,0.1,2026-03-26T14:23:00Z,2026-03-26T03:55:00Z,0
APP-01406,income,38415.0,2026-03-26T14:23:00Z,2026-02-25T14:18:00Z,0
APP-01406,months_employed,27.0,2026-03-26T14:23:00Z,2026-03-18T23:28:00Z,0
APP-01406,prior_delinquencies,1.0,2026-03-26T14:23:00Z,2026-03-23T21:16:00Z,0
APP-01407,credit_utilization,0.505,2026-03-26T16:03:00Z,2026-03-26T06:34:00Z,0
APP-01407,debt_to_income,0.393,2026-03-26T16:03:00Z,2026-03-24T01:04:00Z,0
APP-01407,income,30231.0,2026-03-26T16:03:00Z,2026-03-14T09:36:00Z,0
APP-01407,months_employed,32.0,2026-03-26T16:03:00Z,2026-03-22T08:23:00Z,0
APP-01407,prior_delinquencies,1.0,2026-03-26T16:03:00Z,2026-03-25T11:02:00Z,0
APP-01408,credit_utilization,0.451,2026-03-26T16:41:00Z,2026-03-26T10:02:00Z,0
APP-01408,debt_to_income,0.469,2026-03-26T16:41:00Z,2026-03-26T12:26:00Z,0
APP-01408,income,62895.0,2026-03-26T16:41:00Z,2026-03-11T12:01:00Z,0
APP-01408,months_employed,61.0,2026-03-26T16:41:00Z,2026-03-21T17:33:00Z,0
APP-01408,prior_delinquencies,1.0,2026-03-26T16:41:00Z,2026-03-25T05:40:00Z,0
APP-01409,credit_utilization,0.334,2026-03-26T16:46:00Z,2026-03-26T06:56:00Z,0
APP-01409,debt_to_income,0.417,2026-03-26T16:46:00Z,2026-03-25T15:57:00Z,0
APP-01409,income,75910.0,2026-03-26T16:46:00Z,2026-02-28T18:10:00Z,0
APP-01409,months_employed,54.0,2026-03-26T16:46:00Z,2026-03-18T02:45:00Z,0
APP-01409,prior_delinquencies,1.0,2026-03-26T16:46:00Z,2026-03-25T00:13:00Z,0
APP-01410,credit_utilization,0.457,2026-03-26T17:21:00Z,2026-03-26T11:23:00Z,0
APP-01410,debt_to_income,0.36,2026-03-26T17:21:00Z,2026-03-25T04:57:00Z,0
APP-01410,income,41352.0,2026-03-26T17:21:00Z,2026-03-04T01:22:00Z,0
APP-01410,months_employed,44.0,2026-03-26T17:21:00Z,2026-03-24T13:29:00Z,0
APP-01410,prior_delinquencies,1.0,2026-03-26T17:21:00Z,2026-03-23T07:31:00Z,0
APP-01411,credit_utilization,0.438,2026-03-26T17:47:00Z,2026-03-25T23:19:00Z,1
APP-01411,debt_to_income,0.593,2026-03-26T17:47:00Z,2026-03-24T02:57:00Z,1
APP-01411,income,45146.0,2026-03-26T17:47:00Z,2026-03-15T17:17:00Z,1
APP-01411,months_employed,52.0,2026-03-26T17:47:00Z,2026-03-13T23:53:00Z,1
APP-01411,prior_delinquencies,0.0,2026-03-26T17:47:00Z,2026-03-24T02:43:00Z,1
APP-01412,credit_utilization,0.389,2026-03-26T18:24:00Z,2026-03-25T23:23:00Z,0
APP-01412,debt_to_income,0.368,2026-03-26T18:24:00Z,2026-03-26T12:46:00Z,0
APP-01412,income,37809.0,2026-03-26T18:24:00Z,2026-02-26T05:01:00Z,0
APP-01412,months_employed,163.0,2026-03-26T18:24:00Z,2026-03-18T14:55:00Z,0
APP-01412,prior_delinquencies,0.0,2026-03-26T18:24:00Z,2026-03-24T20:05:00Z,0
APP-01413,credit_utilization,0.318,2026-03-26T20:24:00Z,2026-03-25T00:31:00Z,0
APP-01413,debt_to_income,0.46,2026-03-26T20:24:00Z,2026-03-26T06:10:00Z,0
APP-01413,income,55343.0,2026-03-26T20:24:00Z,2026-03-24T14:56:00Z,0
APP-01413,months_employed,28.0,2026-03-26T20:24:00Z,2026-03-24T23:31:00Z,0
APP-01413,prior_delinquencies,0.0,2026-03-26T20:24:00Z,2026-03-25T21:35:00Z,0
APP-01414,credit_utilization,0.14,2026-03-26T21:42:00Z,2026-03-25T10:08:00Z,1
APP-01414,debt_to_income,0.265,2026-03-26T21:42:00Z,2026-03-24T07:09:00Z,1
APP-01414,income,23278.0,2026-03-26T21:42:00Z,2026-02-25T20:56:00Z,1
APP-01414,months_employed,85.0,2026-03-26T21:42:00Z,2026-03-16T02:29:00Z,1
APP-01414,prior_delinquencies,0.0,2026-03-26T21:42:00Z,2026-03-24T04:05:00Z,1
APP-01415,credit_utilization,0.265,2026-03-26T23:03:00Z,2026-03-24T23:26:00Z,0
APP-01415,debt_to_income,0.249,2026-03-26T23:03:00Z,2026-03-26T06:22:00Z,0
APP-01415,income,113516.0,2026-03-26T23:03:00Z,2026-03-23T08:48:00Z,0
APP-01415,months_employed,163.0,2026-03-26T23:03:00Z,2026-03-19T06:34:00Z,0
APP-01415,prior_delinquencies,0.0,2026-03-26T23:03:00Z,2026-03-23T12:22:00Z,0
APP-01416,credit_utilization,0.269,2026-03-27T01:20:00Z,2026-03-25T16:25:00Z,0
APP-01416,debt_to_income,0.386,2026-03-27T01:20:00Z,2026-03-26T03:26:00Z,0
APP-01416,income,53909.0,2026-03-27T01:20:00Z,2026-03-09T17:30:00Z,0
APP-01416,months_employed,68.0,2026-03-27T01:20:00Z,2026-03-17T11:27:00Z,0
APP-01416,prior_delinquencies,1.0,2026-03-27T01:20:00Z,2026-03-26T21:04:00Z,0
APP-01417,credit_utilization,0.74,2026-03-27T01:32:00Z,2026-03-25T22:35:00Z,0
APP-01417,debt_to_income,0.482,2026-03-27T01:32:00Z,2026-03-26T19:06:00Z,0
APP-01417,income,42849.0,2026-03-27T01:32:00Z,2026-03-19T16:42:00Z,0
APP-01417,months_employed,0.0,2026-03-27T01:32:00Z,2026-03-19T07:20:00Z,0
APP-01417,prior_delinquencies,0.0,2026-03-27T01:32:00Z,2026-03-25T17:34:00Z,0
APP-01418,credit_utilization,0.335,2026-03-27T02:43:00Z,2026-03-25T20:11:00Z,0
APP-01418,debt_to_income,0.462,2026-03-27T02:43:00Z,2026-03-25T05:13:00Z,0
APP-01418,income,47301.0,2026-03-27T02:43:00Z,2026-02-26T01:41:00Z,0
APP-01418,months_employed,175.0,2026-03-27T02:43:00Z,2026-03-25T13:23:00Z,0
APP-01418,prior_delinquencies,0.0,2026-03-27T02:43:00Z,2026-03-24T09:03:00Z,0
APP-01419,credit_utilization,0.326,2026-03-27T04:02:00Z,2026-03-26T07:16:00Z,0
APP-01419,debt_to_income,0.156,2026-03-27T04:02:00Z,2026-03-25T23:28:00Z,0
APP-01419,income,76675.0,2026-03-27T04:02:00Z,2026-03-16T19:34:00Z,0
APP-01419,months_employed,166.0,2026-03-27T04:02:00Z,2026-03-25T04:58:00Z,0
APP-01419,prior_delinquencies,0.0,2026-03-27T04:02:00Z,2026-03-23T10:15:00Z,0
APP-01420,credit_utilization,0.451,2026-03-27T04:04:00Z,2026-03-25T05:54:00Z,0
APP-01420,debt_to_income,0.496,2026-03-27T04:04:00Z,2026-03-25T08:56:00Z,0
APP-01420,income,33092.0,2026-03-27T04:04:00Z,2026-03-19T16:03:00Z,0
APP-01420,months_employed,74.0,2026-03-27T04:04:00Z,2026-03-17T01:33:00Z,0
APP-01420,prior_delinquencies,0.0,2026-03-27T04:04:00Z,2026-03-26T02:55:00Z,0
APP-01421,credit_utilization,0.338,2026-03-27T04:53:00Z,2026-03-26T10:51:00Z,0
APP-01421,debt_to_income,0.356,2026-03-27T04:53:00Z,2026-03-25T11:14:00Z,0
APP-01421,income,44758.0,2026-03-27T04:53:00Z,2026-03-10T12:30:00Z,0
APP-01421,months_employed,45.0,2026-03-27T04:53:00Z,2026-03-25T18:02:00Z,0
APP-01421,prior_delinquencies,0.0,2026-03-27T04:53:00Z,2026-03-24T21:37:00Z,0
APP-01422,credit_utilization,0.488,2026-03-27T05:23:00Z,2026-03-25T18:54:00Z,0
APP-01422,debt_to_income,0.229,2026-03-27T05:23:00Z,2026-03-26T16:44:00Z,0
APP-01422,income,64731.0,2026-03-27T05:23:00Z,2026-03-25T06:13:00Z,0
APP-01422,months_employed,66.0,2026-03-27T05:23:00Z,2026-03-25T18:39:00Z,0
APP-01422,prior_delinquencies,0.0,2026-03-27T05:23:00Z,2026-03-24T05:53:00Z,0
APP-01423,credit_utilization,0.331,2026-03-27T05:43:00Z,2026-03-25T11:30:00Z,0
APP-01423,debt_to_income,0.416,2026-03-27T05:43:00Z,2026-03-25T18:42:00Z,0
APP-01423,income,48315.0,2026-03-27T05:43:00Z,2026-03-07T04:17:00Z,0
APP-01423,months_employed,185.0,2026-03-27T05:43:00Z,2026-03-18T14:41:00Z,0
APP-01423,prior_delinquencies,0.0,2026-03-27T05:43:00Z,2026-03-25T04:47:00Z,0
APP-01424,credit_utilization,0.295,2026-03-27T06:25:00Z,2026-03-26T23:10:00Z,0
APP-01424,debt_to_income,0.351,2026-03-27T06:25:00Z,2026-03-24T08:12:00Z,0
APP-01424,income,49572.0,2026-03-27T06:25:00Z,2026-03-13T10:17:00Z,0
APP-01424,months_employed,98.0,2026-03-27T06:25:00Z,2026-03-25T02:49:00Z,0
APP-01424,prior_delinquencies,0.0,2026-03-27T06:25:00Z,2026-03-26T19:00:00Z,0
APP-01425,credit_utilization,0.26,2026-03-27T07:33:00Z,2026-03-26T22:26:00Z,0
APP-01425,debt_to_income,0.345,2026-03-27T07:33:00Z,2026-03-25T22:07:00Z,0
APP-01425,income,40771.0,2026-03-27T07:33:00Z,2026-02-27T13:12:00Z,0
APP-01425,months_employed,198.0,2026-03-27T07:33:00Z,2026-03-18T20:46:00Z,0
APP-01425,prior_delinquencies,1.0,2026-03-27T07:33:00Z,2026-03-26T17:17:00Z,0
APP-01426,credit_utilization,0.419,2026-03-27T07:36:00Z,2026-03-26T21:10:00Z,1
APP-01426,debt_to_income,0.427,2026-03-27T07:36:00Z,2026-03-24T11:45:00Z,1
APP-01426,income,51004.0,2026-03-27T07:36:00Z,2026-02-25T17:00:00Z,1
APP-01426,months_employed,171.0,2026-03-27T07:36:00Z,2026-03-15T01:33:00Z,1
APP-01426,prior_delinquencies,0.0,2026-03-27T07:36:00Z,2026-03-26T06:06:00Z,1
APP-01427,credit_utilization,0.39,2026-03-27T08:21:00Z,2026-03-27T05:34:00Z,0
APP-01427,debt_to_income,0.488,2026-03-27T08:21:00Z,2026-03-25T06:18:00Z,0
APP-01427,income,55121.0,2026-03-27T08:21:00Z,2026-03-11T21:09:00Z,0
APP-01427,months_employed,229.0,2026-03-27T08:21:00Z,2026-03-17T05:22:00Z,0
APP-01427,prior_delinquencies,0.0,2026-03-27T08:21:00Z,2026-03-24T04:23:00Z,0
APP-01428,credit_utilization,0.203,2026-03-27T09:40:00Z,2026-03-26T12:42:00Z,1
APP-01428,debt_to_income,0.351,2026-03-27T09:40:00Z,2026-03-24T11:23:00Z,1
APP-01428,income,45686.0,2026-03-27T09:40:00Z,2026-03-19T20:50:00Z,1
APP-01428,months_employed,71.0,2026-03-27T09:40:00Z,2026-03-26T05:11:00Z,1
APP-01428,prior_delinquencies,1.0,2026-03-27T09:40:00Z,2026-03-27T01:37:00Z,1
APP-01429,credit_utilization,0.299,2026-03-27T11:34:00Z,2026-03-25T18:53:00Z,1
APP-01429,debt_to_income,0.333,2026-03-27T11:34:00Z,2026-03-25T22:28:00Z,1
APP-01429,income,59564.0,2026-03-27T11:34:00Z,2026-03-25T09:54:00Z,1
APP-01429,months_employed,98.0,2026-03-27T11:34:00Z,2026-03-16T19:32:00Z,1
APP-01429,prior_delinquencies,1.0,2026-03-27T11:34:00Z,2026-03-23T22:56:00Z,1
APP-01430,credit_utilization,0.137,2026-03-27T11:53:00Z,2026-03-27T06:42:00Z,0
APP-01430,debt_to_income,0.259,2026-03-27T11:53:00Z,2026-03-25T10:23:00Z,0
APP-01430,income,31199.0,2026-03-27T11:53:00Z,2026-03-24T14:14:00Z,0
APP-01430,months_employed,201.0,2026-03-27T11:53:00Z,2026-03-21T16:45:00Z,0
APP-01430,prior_delinquencies,0.0,2026-03-27T11:53:00Z,2026-03-25T14:25:00Z,0
APP-01431,credit_utilization,0.623,2026-03-27T14:23:00Z,2026-03-26T13:59:00Z,0
APP-01431,debt_to_income,0.311,2026-03-27T14:23:00Z,2026-03-25T17:06:00Z,0
APP-01431,income,32019.0,2026-03-27T14:23:00Z,2026-03-13T22:26:00Z,0
APP-01431,months_employed,185.0,2026-03-27T14:23:00Z,2026-03-23T15:26:00Z,0
APP-01431,prior_delinquencies,0.0,2026-03-27T14:23:00Z,2026-03-24T00:46:00Z,0
APP-01432,credit_utilization,0.213,2026-03-27T17:59:00Z,2026-03-26T05:41:00Z,0
APP-01432,debt_to_income,0.362,2026-03-27T17:59:00Z,2026-03-25T05:58:00Z,0
APP-01432,income,29749.0,2026-03-27T17:59:00Z,2026-03-22T19:17:00Z,0
APP-01432,months_employed,9.0,2026-03-27T17:59:00Z,2026-03-25T06:15:00Z,0
APP-01432,prior_delinquencies,0.0,2026-03-27T17:59:00Z,2026-03-24T17:01:00Z,0
APP-01433,credit_utilization,0.082,2026-03-27T18:32:00Z,2026-03-26T07:40:00Z,0
APP-01433,debt_to_income,0.263,2026-03-27T18:32:00Z,2026-03-25T11:08:00Z,0
APP-01433,income,38112.0,2026-03-27T18:32:00Z,2026-03-05T17:59:00Z,0
APP-01433,months_employed,169.0,2026-03-27T18:32:00Z,2026-03-20T16:49:00Z,0
APP-01433,prior_delinquencies,2.0,2026-03-27T18:32:00Z,2026-03-25T16:21:00Z,0
APP-01434,credit_utilization,0.418,2026-03-27T19:18:00Z,2026-03-27T01:24:00Z,0
APP-01434,debt_to_income,0.298,2026-03-27T19:18:00Z,2026-03-26T08:02:00Z,0
APP-01434,income,40453.0,2026-03-27T19:18:00Z,2026-03-15T05:23:00Z,0
APP-01434,months_employed,67.0,2026-03-27T19:18:00Z,2026-03-19T04:17:00Z,0
APP-01434,prior_delinquencies,0.0,2026-03-27T19:18:00Z,2026-03-26T09:16:00Z,0
APP-01435,credit_utilization,0.282,2026-03-27T19:18:00Z,2026-03-26T15:54:00Z,0
APP-01435,debt_to_income,0.371,2026-03-27T19:18:00Z,2026-03-25T21:18:00Z,0
APP-01435,income,40215.0,2026-03-27T19:18:00Z,2026-02-27T14:38:00Z,0
APP-01435,months_employed,40.0,2026-03-27T19:18:00Z,2026-03-15T10:16:00Z,0
APP-01435,prior_delinquencies,0.0,2026-03-27T19:18:00Z,2026-03-24T16:03:00Z,0
APP-01436,credit_utilization,0.096,2026-03-27T19:47:00Z,2026-03-25T21:31:00Z,0
APP-01436,debt_to_income,0.103,2026-03-27T19:47:00Z,2026-03-26T14:37:00Z,0
APP-01436,income,24976.0,2026-03-27T19:47:00Z,2026-03-24T05:13:00Z,0
APP-01436,months_employed,109.0,2026-03-27T19:47:00Z,2026-03-19T10:16:00Z,0
APP-01436,prior_delinquencies,0.0,2026-03-27T19:47:00Z,2026-03-25T11:06:00Z,0
APP-01437,credit_utilization,0.577,2026-03-27T20:49:00Z,2026-03-26T12:54:00Z,0
APP-01437,debt_to_income,0.295,2026-03-27T20:49:00Z,2026-03-25T00:46:00Z,0
APP-01437,income,39776.0,2026-03-27T20:49:00Z,2026-03-26T03:02:00Z,0
APP-01437,months_employed,170.0,2026-03-27T20:49:00Z,2026-03-25T10:11:00Z,0
APP-01437,prior_delinquencies,0.0,2026-03-27T20:49:00Z,2026-03-27T06:55:00Z,0
APP-01438,credit_utilization,0.809,2026-03-27T22:53:00Z,2026-03-26T21:30:00Z,0
APP-01438,debt_to_income,0.464,2026-03-27T22:53:00Z,2026-03-26T05:26:00Z,0
APP-01438,income,43150.0,2026-03-27T22:53:00Z,2026-03-02T09:04:00Z,0
APP-01438,months_employed,0.0,2026-03-27T22:53:00Z,2026-03-17T03:00:00Z,0
APP-01438,prior_delinquencies,3.0,2026-03-27T22:53:00Z,2026-03-24T06:46:00Z,0
APP-01439,credit_utilization,0.262,2026-03-28T00:59:00Z,2026-03-26T12:30:00Z,0
APP-01439,debt_to_income,0.2,2026-03-28T00:59:00Z,2026-03-26T19:42:00Z,0
APP-01439,income,41655.0,2026-03-28T00:59:00Z,2026-03-07T02:14:00Z,0
APP-01439,months_employed,115.0,2026-03-28T00:59:00Z,2026-03-24T14:02:00Z,0
APP-01439,prior_delinquencies,0.0,2026-03-28T00:59:00Z,2026-03-24T17:59:00Z,0
APP-01440,credit_utilization,0.185,2026-03-28T02:57:00Z,2026-03-27T05:17:00Z,0
APP-01440,debt_to_income,0.304,2026-03-28T02:57:00Z,2026-03-27T03:04:00Z,0
APP-01440,income,71081.0,2026-03-28T02:57:00Z,2026-03-11T23:44:00Z,0
APP-01440,months_employed,34.0,2026-03-28T02:57:00Z,2026-03-20T12:24:00Z,0
APP-01440,prior_delinquencies,0.0,2026-03-28T02:57:00Z,2026-03-25T13:58:00Z,0
APP-01441,credit_utilization,0.615,2026-03-28T02:59:00Z,2026-03-26T06:51:00Z,0
APP-01441,debt_to_income,0.19,2026-03-28T02:59:00Z,2026-03-25T11:56:00Z,0
APP-01441,income,29058.0,2026-03-28T02:59:00Z,2026-03-25T14:38:00Z,0
APP-01441,months_employed,168.0,2026-03-28T02:59:00Z,2026-03-14T18:26:00Z,0
APP-01441,prior_delinquencies,0.0,2026-03-28T02:59:00Z,2026-03-26T00:54:00Z,0
APP-01442,credit_utilization,0.253,2026-03-28T03:28:00Z,2026-03-26T22:20:00Z,0
APP-01442,debt_to_income,0.417,2026-03-28T03:28:00Z,2026-03-26T07:58:00Z,0
APP-01442,income,43958.0,2026-03-28T03:28:00Z,2026-03-08T06:21:00Z,0
APP-01442,months_employed,145.0,2026-03-28T03:28:00Z,2026-03-18T10:19:00Z,0
APP-01442,prior_delinquencies,3.0,2026-03-28T03:28:00Z,2026-03-25T10:08:00Z,0
APP-01443,credit_utilization,0.364,2026-03-28T05:07:00Z,2026-03-27T00:10:00Z,0
APP-01443,debt_to_income,0.268,2026-03-28T05:07:00Z,2026-03-25T18:58:00Z,0
APP-01443,income,94505.0,2026-03-28T05:07:00Z,2026-03-04T02:45:00Z,0
APP-01443,months_employed,152.0,2026-03-28T05:07:00Z,2026-03-16T01:43:00Z,0
APP-01443,prior_delinquencies,4.0,2026-03-28T05:07:00Z,2026-03-25T12:59:00Z,0
APP-01444,credit_utilization,0.483,2026-03-28T06:23:00Z,2026-03-26T09:30:00Z,0
APP-01444,debt_to_income,0.553,2026-03-28T06:23:00Z,2026-03-25T18:25:00Z,0
APP-01444,income,24186.0,2026-03-28T06:23:00Z,2026-03-18T08:57:00Z,0
APP-01444,months_employed,28.0,2026-03-28T06:23:00Z,2026-03-25T06:24:00Z,0
APP-01444,prior_delinquencies,0.0,2026-03-28T06:23:00Z,2026-03-27T22:43:00Z,0
APP-01445,credit_utilization,0.48,2026-03-28T07:34:00Z,2026-03-27T20:35:00Z,0
APP-01445,debt_to_income,0.244,2026-03-28T07:34:00Z,2026-03-27T01:58:00Z,0
APP-01445,income,49655.0,2026-03-28T07:34:00Z,2026-03-03T08:15:00Z,0
APP-01445,months_employed,41.0,2026-03-28T07:34:00Z,2026-03-18T17:41:00Z,0
APP-01445,prior_delinquencies,0.0,2026-03-28T07:34:00Z,2026-03-27T05:55:00Z,0
APP-01446,credit_utilization,0.287,2026-03-28T07:41:00Z,2026-03-27T05:20:00Z,0
APP-01446,debt_to_income,0.32,2026-03-28T07:41:00Z,2026-03-26T15:44:00Z,0
APP-01446,income,55820.0,2026-03-28T07:41:00Z,2026-03-02T20:58:00Z,0
APP-01446,months_employed,114.0,2026-03-28T07:41:00Z,2026-03-14T13:18:00Z,0
APP-01446,prior_delinquencies,0.0,2026-03-28T07:41:00Z,2026-03-26T16:04:00Z,0
APP-01447,credit_utilization,0.422,2026-03-28T08:29:00Z,2026-03-26T22:45:00Z,0
APP-01447,debt_to_income,0.532,2026-03-28T08:29:00Z,2026-03-25T10:39:00Z,0
APP-01447,income,44171.0,2026-03-28T08:29:00Z,2026-03-03T16:13:00Z,0
APP-01447,months_employed,165.0,2026-03-28T08:29:00Z,2026-03-14T09:21:00Z,0
APP-01447,prior_delinquencies,0.0,2026-03-28T08:29:00Z,2026-03-24T12:33:00Z,0
APP-01448,credit_utilization,0.155,2026-03-28T09:25:00Z,2026-03-26T11:02:00Z,0
APP-01448,debt_to_income,0.388,2026-03-28T09:25:00Z,2026-03-25T17:36:00Z,0
APP-01448,income,42284.0,2026-03-28T09:25:00Z,2026-03-03T19:50:00Z,0
APP-01448,months_employed,218.0,2026-03-28T09:25:00Z,2026-03-19T18:16:00Z,0
APP-01448,prior_delinquencies,0.0,2026-03-28T09:25:00Z,2026-03-27T04:03:00Z,0
APP-01449,credit_utilization,0.468,2026-03-28T10:04:00Z,2026-03-27T10:01:00Z,0
APP-01449,debt_to_income,0.36,2026-03-28T10:04:00Z,2026-03-28T06:35:00Z,0
APP-01449,income,28410.0,2026-03-28T10:04:00Z,2026-03-11T12:04:00Z,0
APP-01449,months_employed,131.0,2026-03-28T10:04:00Z,2026-03-16T20:37:00Z,0
APP-01449,prior_delinquencies,0.0,2026-03-28T10:04:00Z,2026-03-28T00:02:00Z,0
APP-01450,credit_utilization,0.396,2026-03-28T11:07:00Z,2026-03-27T14:44:00Z,0
APP-01450,debt_to_income,0.102,2026-03-28T11:07:00Z,2026-03-26T04:40:00Z,0
APP-01450,income,44674.0,2026-03-28T11:07:00Z,2026-03-03T13:37:00Z,0
APP-01450,months_employed,239.0,2026-03-28T11:07:00Z,2026-03-18T07:04:00Z,0
APP-01450,prior_delinquencies,0.0,2026-03-28T11:07:00Z,2026-03-26T03:36:00Z,0
APP-01451,credit_utilization,0.022,2026-03-28T11:24:00Z,2026-03-28T01:56:00Z,0
APP-01451,debt_to_income,0.158,2026-03-28T11:24:00Z,2026-03-27T05:30:00Z,0
APP-01451,income,111830.0,2026-03-28T11:24:00Z,2026-03-09T16:40:00Z,0
APP-01451,months_employed,84.0,2026-03-28T11:24:00Z,2026-03-15T16:17:00Z,0
APP-01451,prior_delinquencies,0.0,2026-03-28T11:24:00Z,2026-03-28T06:28:00Z,0
APP-01452,credit_utilization,0.403,2026-03-28T11:31:00Z,2026-03-27T18:02:00Z,0
APP-01452,debt_to_income,0.281,2026-03-28T11:31:00Z,2026-03-26T01:49:00Z,0
APP-01452,income,36121.0,2026-03-28T11:31:00Z,2026-03-10T23:46:00Z,0
APP-01452,months_employed,189.0,2026-03-28T11:31:00Z,2026-03-21T17:03:00Z,0
APP-01452,prior_delinquencies,2.0,2026-03-28T11:31:00Z,2026-03-25T11:28:00Z,0
APP-01453,credit_utilization,0.374,2026-03-28T12:22:00Z,2026-03-27T08:01:00Z,0
APP-01453,debt_to_income,0.254,2026-03-28T12:22:00Z,2026-03-27T05:20:00Z,0
APP-01453,income,63879.0,2026-03-28T12:22:00Z,2026-03-17T20:28:00Z,0
APP-01453,months_employed,64.0,2026-03-28T12:22:00Z,2026-03-24T15:45:00Z,0
APP-01453,prior_delinquencies,0.0,2026-03-28T12:22:00Z,2026-03-26T08:20:00Z,0
APP-01454,credit_utilization,0.573,2026-03-28T12:27:00Z,2026-03-27T18:27:00Z,0
APP-01454,debt_to_income,0.436,2026-03-28T12:27:00Z,2026-03-27T20:53:00Z,0
APP-01454,income,51207.0,2026-03-28T12:27:00Z,2026-03-26T06:40:00Z,0
APP-01454,months_employed,227.0,2026-03-28T12:27:00Z,2026-03-19T08:21:00Z,0
APP-01454,prior_delinquencies,0.0,2026-03-28T12:27:00Z,2026-03-27T09:56:00Z,0
APP-01455,credit_utilization,0.356,2026-03-28T13:12:00Z,2026-03-27T20:59:00Z,0
APP-01455,debt_to_income,0.471,2026-03-28T13:12:00Z,2026-03-26T16:01:00Z,0
APP-01455,income,66827.0,2026-03-28T13:12:00Z,2026-03-12T02:53:00Z,0
APP-01455,months_employed,85.0,2026-03-28T13:12:00Z,2026-03-27T08:14:00Z,0
APP-01455,prior_delinquencies,0.0,2026-03-28T13:12:00Z,2026-03-24T19:13:00Z,0
APP-01456,credit_utilization,0.38,2026-03-28T13:41:00Z,2026-03-28T11:01:00Z,0
APP-01456,debt_to_income,0.303,2026-03-28T13:41:00Z,2026-03-26T02:21:00Z,0
APP-01456,income,53109.0,2026-03-28T13:41:00Z,2026-03-13T15:51:00Z,0
APP-01456,months_employed,180.0,2026-03-28T13:41:00Z,2026-03-21T02:41:00Z,0
APP-01456,prior_delinquencies,0.0,2026-03-28T13:41:00Z,2026-03-24T19:06:00Z,0
APP-01457,credit_utilization,0.648,2026-03-28T14:10:00Z,2026-03-27T06:59:00Z,1
APP-01457,debt_to_income,0.499,2026-03-28T14:10:00Z,2026-03-25T22:15:00Z,1
APP-01457,income,35290.0,2026-03-28T14:10:00Z,2026-03-19T14:42:00Z,1
APP-01457,months_employed,74.0,2026-03-28T14:10:00Z,2026-03-19T03:58:00Z,1
APP-01457,prior_delinquencies,2.0,2026-03-28T14:10:00Z,2026-03-27T05:49:00Z,1
APP-01458,credit_utilization,0.242,2026-03-28T14:49:00Z,2026-03-26T17:11:00Z,0
APP-01458,debt_to_income,0.268,2026-03-28T14:49:00Z,2026-03-27T11:27:00Z,0
APP-01458,income,57882.0,2026-03-28T14:49:00Z,2026-03-27T03:57:00Z,0
APP-01458,months_employed,59.0,2026-03-28T14:49:00Z,2026-03-16T16:12:00Z,0
APP-01458,prior_delinquencies,0.0,2026-03-28T14:49:00Z,2026-03-25T08:06:00Z,0
APP-01459,credit_utilization,0.313,2026-03-28T15:27:00Z,2026-03-28T03:36:00Z,0
APP-01459,debt_to_income,0.31,2026-03-28T15:27:00Z,2026-03-28T04:19:00Z,0
APP-01459,income,56816.0,2026-03-28T15:27:00Z,2026-03-05T06:11:00Z,0
APP-01459,months_employed,30.0,2026-03-28T15:27:00Z,2026-03-24T02:12:00Z,0
APP-01459,prior_delinquencies,0.0,2026-03-28T15:27:00Z,2026-03-26T21:20:00Z,0
APP-01460,credit_utilization,0.847,2026-03-28T16:27:00Z,2026-03-26T18:05:00Z,1
APP-01460,debt_to_income,0.392,2026-03-28T16:27:00Z,2026-03-26T06:08:00Z,1
APP-01460,income,63251.0,2026-03-28T16:27:00Z,2026-03-01T06:50:00Z,1
APP-01460,months_employed,0.0,2026-03-28T16:27:00Z,2026-03-21T07:50:00Z,1
APP-01460,prior_delinquencies,0.0,2026-03-28T16:27:00Z,2026-03-25T00:24:00Z,1
APP-01461,credit_utilization,0.489,2026-03-28T17:08:00Z,2026-03-27T05:20:00Z,0
APP-01461,debt_to_income,0.458,2026-03-28T17:08:00Z,2026-03-26T08:39:00Z,0
APP-01461,income,55768.0,2026-03-28T17:08:00Z,2026-03-05T14:38:00Z,0
APP-01461,months_employed,215.0,2026-03-28T17:08:00Z,2026-03-24T04:11:00Z,0
APP-01461,prior_delinquencies,1.0,2026-03-28T17:08:00Z,2026-03-25T10:48:00Z,0
APP-01462,credit_utilization,0.452,2026-03-28T17:49:00Z,2026-03-28T03:14:00Z,0
APP-01462,debt_to_income,0.184,2026-03-28T17:49:00Z,2026-03-26T17:12:00Z,0
APP-01462,income,51917.0,2026-03-28T17:49:00Z,2026-03-14T05:35:00Z,0
APP-01462,months_employed,155.0,2026-03-28T17:49:00Z,2026-03-26T09:21:00Z,0
APP-01462,prior_delinquencies,0.0,2026-03-28T17:49:00Z,2026-03-25T21:53:00Z,0
APP-01463,credit_utilization,0.718,2026-03-28T17:54:00Z,2026-03-27T01:10:00Z,1
APP-01463,debt_to_income,0.46,2026-03-28T17:54:00Z,2026-03-26T00:38:00Z,1
APP-01463,income,24763.0,2026-03-28T17:54:00Z,2026-03-04T01:44:00Z,1
APP-01463,months_employed,237.0,2026-03-28T17:54:00Z,2026-03-19T19:43:00Z,1
APP-01463,prior_delinquencies,1.0,2026-03-28T17:54:00Z,2026-03-28T13:16:00Z,1
APP-01464,credit_utilization,0.637,2026-03-28T18:56:00Z,2026-03-27T02:07:00Z,0
APP-01464,debt_to_income,0.515,2026-03-28T18:56:00Z,2026-03-27T12:00:00Z,0
APP-01464,income,35767.0,2026-03-28T18:56:00Z,2026-02-27T00:54:00Z,0
APP-01464,months_employed,193.0,2026-03-28T18:56:00Z,2026-03-25T12:37:00Z,0
APP-01464,prior_delinquencies,2.0,2026-03-28T18:56:00Z,2026-03-27T18:49:00Z,0
APP-01465,credit_utilization,0.421,2026-03-28T19:08:00Z,2026-03-27T05:54:00Z,1
APP-01465,debt_to_income,0.463,2026-03-28T19:08:00Z,2026-03-28T03:32:00Z,1
APP-01465,income,36118.0,2026-03-28T19:08:00Z,2026-03-04T04:26:00Z,1
APP-01465,months_employed,140.0,2026-03-28T19:08:00Z,2026-03-22T18:26:00Z,1
APP-01465,prior_delinquencies,4.0,2026-03-28T19:08:00Z,2026-03-25T02:23:00Z,1
APP-01466,credit_utilization,0.538,2026-03-28T19:49:00Z,2026-03-27T19:23:00Z,0
APP-01466,debt_to_income,0.234,2026-03-28T19:49:00Z,2026-03-28T16:41:00Z,0
APP-01466,income,52654.0,2026-03-28T19:49:00Z,2026-03-26T05:45:00Z,0
APP-01466,months_employed,69.0,2026-03-28T19:49:00Z,2026-03-26T00:01:00Z,0
APP-01466,prior_delinquencies,2.0,2026-03-28T19:49:00Z,2026-03-24T21:40:00Z,0
APP-01467,credit_utilization,0.596,2026-03-28T20:42:00Z,2026-03-28T01:18:00Z,0
APP-01467,debt_to_income,0.428,2026-03-28T20:42:00Z,2026-03-26T20:45:00Z,0
APP-01467,income,35747.0,2026-03-28T20:42:00Z,2026-03-24T04:09:00Z,0
APP-01467,months_employed,109.0,2026-03-28T20:42:00Z,2026-03-25T00:03:00Z,0
APP-01467,prior_delinquencies,0.0,2026-03-28T20:42:00Z,2026-03-27T04:12:00Z,0
APP-01468,credit_utilization,0.495,2026-03-28T20:48:00Z,2026-03-28T07:53:00Z,0
APP-01468,debt_to_income,0.432,2026-03-28T20:48:00Z,2026-03-28T16:57:00Z,0
APP-01468,income,68409.0,2026-03-28T20:48:00Z,2026-03-13T12:48:00Z,0
APP-01468,months_employed,164.0,2026-03-28T20:48:00Z,2026-03-23T03:22:00Z,0
APP-01468,prior_delinquencies,0.0,2026-03-28T20:48:00Z,2026-03-28T15:15:00Z,0
APP-01469,credit_utilization,0.423,2026-03-28T22:26:00Z,2026-03-28T13:06:00Z,0
APP-01469,debt_to_income,0.32,2026-03-28T22:26:00Z,2026-03-26T06:32:00Z,0
APP-01469,income,41841.0,2026-03-28T22:26:00Z,2026-03-17T23:45:00Z,0
APP-01469,months_employed,100.0,2026-03-28T22:26:00Z,2026-03-17T06:22:00Z,0
APP-01469,prior_delinquencies,0.0,2026-03-28T22:26:00Z,2026-03-25T01:50:00Z,0
APP-01470,credit_utilization,0.467,2026-03-28T22:57:00Z,2026-03-27T06:58:00Z,1
APP-01470,debt_to_income,0.487,2026-03-28T22:57:00Z,2026-03-26T12:55:00Z,1
APP-01470,income,31349.0,2026-03-28T22:57:00Z,2026-03-09T06:18:00Z,1
APP-01470,months_employed,118.0,2026-03-28T22:57:00Z,2026-03-24T18:16:00Z,1
APP-01470,prior_delinquencies,0.0,2026-03-28T22:57:00Z,2026-03-25T23:07:00Z,1
APP-01471,credit_utilization,0.518,2026-03-28T23:50:00Z,2026-03-27T01:29:00Z,0
APP-01471,debt_to_income,0.371,2026-03-28T23:50:00Z,2026-03-27T04:52:00Z,0
APP-01471,income,61254.0,2026-03-28T23:50:00Z,2026-03-25T15:10:00Z,0
APP-01471,months_employed,52.0,2026-03-28T23:50:00Z,2026-03-26T21:05:00Z,0
APP-01471,prior_delinquencies,1.0,2026-03-28T23:50:00Z,2026-03-28T21:14:00Z,0
APP-01472,credit_utilization,0.216,2026-03-29T00:30:00Z,2026-03-28T19:49:00Z,0
APP-01472,debt_to_income,0.25,2026-03-29T00:30:00Z,2026-03-27T03:37:00Z,0
APP-01472,income,101994.0,2026-03-29T00:30:00Z,2026-03-19T06:46:00Z,0
APP-01472,months_employed,172.0,2026-03-29T00:30:00Z,2026-03-15T21:07:00Z,0
APP-01472,prior_delinquencies,0.0,2026-03-29T00:30:00Z,2026-03-27T20:56:00Z,0
APP-01473,credit_utilization,0.279,2026-03-29T00:50:00Z,2026-03-28T21:47:00Z,1
APP-01473,debt_to_income,0.317,2026-03-29T00:50:00Z,2026-03-27T21:50:00Z,1
APP-01473,income,30225.0,2026-03-29T00:50:00Z,2026-03-04T18:52:00Z,1
APP-01473,months_employed,102.0,2026-03-29T00:50:00Z,2026-03-21T11:27:00Z,1
APP-01473,prior_delinquencies,0.0,2026-03-29T00:50:00Z,2026-03-27T17:07:00Z,1
APP-01474,credit_utilization,0.518,2026-03-29T01:21:00Z,2026-03-28T15:31:00Z,0
APP-01474,debt_to_income,0.08,2026-03-29T01:21:00Z,2026-03-28T17:50:00Z,0
APP-01474,income,40925.0,2026-03-29T01:21:00Z,2026-03-07T07:29:00Z,0
APP-01474,months_employed,210.0,2026-03-29T01:21:00Z,2026-03-25T03:41:00Z,0
APP-01474,prior_delinquencies,0.0,2026-03-29T01:21:00Z,2026-03-25T08:47:00Z,0
APP-01475,credit_utilization,0.685,2026-03-29T03:13:00Z,2026-03-28T05:52:00Z,1
APP-01475,debt_to_income,0.644,2026-03-29T03:13:00Z,2026-03-27T06:30:00Z,1
APP-01475,income,28669.0,2026-03-29T03:13:00Z,2026-03-14T07:29:00Z,1
APP-01475,months_employed,149.0,2026-03-29T03:13:00Z,2026-03-22T01:57:00Z,1
APP-01475,prior_delinquencies,1.0,2026-03-29T03:13:00Z,2026-03-26T13:10:00Z,1
APP-01476,credit_utilization,0.412,2026-03-29T03:36:00Z,2026-03-28T21:41:00Z,1
APP-01476,debt_to_income,0.519,2026-03-29T03:36:00Z,2026-03-27T14:30:00Z,1
APP-01476,income,30160.0,2026-03-29T03:36:00Z,2026-02-27T04:43:00Z,1
APP-01476,months_employed,34.0,2026-03-29T03:36:00Z,2026-03-22T19:34:00Z,1
APP-01476,prior_delinquencies,0.0,2026-03-29T03:36:00Z,2026-03-27T20:20:00Z,1
APP-01477,credit_utilization,0.515,2026-03-29T04:26:00Z,2026-03-27T07:18:00Z,0
APP-01477,debt_to_income,0.463,2026-03-29T04:26:00Z,2026-03-26T13:08:00Z,0
APP-01477,income,21881.0,2026-03-29T04:26:00Z,2026-03-01T06:38:00Z,0
APP-01477,months_employed,19.0,2026-03-29T04:26:00Z,2026-03-16T06:45:00Z,0
APP-01477,prior_delinquencies,0.0,2026-03-29T04:26:00Z,2026-03-28T17:15:00Z,0
APP-01478,credit_utilization,0.071,2026-03-29T08:51:00Z,2026-03-28T01:22:00Z,0
APP-01478,debt_to_income,0.227,2026-03-29T08:51:00Z,2026-03-27T16:44:00Z,0
APP-01478,income,54075.0,2026-03-29T08:51:00Z,2026-03-23T03:03:00Z,0
APP-01478,months_employed,151.0,2026-03-29T08:51:00Z,2026-03-25T07:11:00Z,0
APP-01478,prior_delinquencies,2.0,2026-03-29T08:51:00Z,2026-03-27T14:17:00Z,0
APP-01479,credit_utilization,0.481,2026-03-29T10:57:00Z,2026-03-28T07:21:00Z,0
APP-01479,debt_to_income,0.58,2026-03-29T10:57:00Z,2026-03-27T11:12:00Z,0
APP-01479,income,52999.0,2026-03-29T10:57:00Z,2026-03-24T21:51:00Z,0
APP-01479,months_employed,32.0,2026-03-29T10:57:00Z,2026-03-20T00:30:00Z,0
APP-01479,prior_delinquencies,0.0,2026-03-29T10:57:00Z,2026-03-28T16:45:00Z,0
APP-01480,credit_utilization,0.209,2026-03-29T11:06:00Z,2026-03-27T22:21:00Z,0
APP-01480,debt_to_income,0.212,2026-03-29T11:06:00Z,2026-03-27T18:45:00Z,0
APP-01480,income,61312.0,2026-03-29T11:06:00Z,2026-03-23T17:55:00Z,0
APP-01480,months_employed,150.0,2026-03-29T11:06:00Z,2026-03-17T07:40:00Z,0
APP-01480,prior_delinquencies,0.0,2026-03-29T11:06:00Z,2026-03-28T04:52:00Z,0
APP-01481,credit_utilization,0.334,2026-03-29T13:32:00Z,2026-03-29T11:04:00Z,0
APP-01481,debt_to_income,0.377,2026-03-29T13:32:00Z,2026-03-29T05:24:00Z,0
APP-01481,income,126556.0,2026-03-29T13:32:00Z,2026-03-10T06:39:00Z,0
APP-01481,months_employed,122.0,2026-03-29T13:32:00Z,2026-03-16T19:28:00Z,0
APP-01481,prior_delinquencies,0.0,2026-03-29T13:32:00Z,2026-03-26T18:36:00Z,0
APP-01482,credit_utilization,0.362,2026-03-29T15:20:00Z,2026-03-28T01:48:00Z,1
APP-01482,debt_to_income,0.258,2026-03-29T15:20:00Z,2026-03-27T08:37:00Z,1
APP-01482,income,24790.0,2026-03-29T15:20:00Z,2026-03-14T02:54:00Z,1
APP-01482,months_employed,237.0,2026-03-29T15:20:00Z,2026-03-21T00:08:00Z,1
APP-01482,prior_delinquencies,2.0,2026-03-29T15:20:00Z,2026-03-27T18:23:00Z,1
APP-01483,credit_utilization,0.472,2026-03-29T16:29:00Z,2026-03-28T12:01:00Z,0
APP-01483,debt_to_income,0.308,2026-03-29T16:29:00Z,2026-03-28T02:46:00Z,0
APP-01483,income,30761.0,2026-03-29T16:29:00Z,2026-03-25T16:27:00Z,0
APP-01483,months_employed,58.0,2026-03-29T16:29:00Z,2026-03-26T08:59:00Z,0
APP-01483,prior_delinquencies,0.0,2026-03-29T16:29:00Z,2026-03-27T14:04:00Z,0
APP-01484,credit_utilization,0.352,2026-03-29T19:20:00Z,2026-03-28T09:37:00Z,0
APP-01484,debt_to_income,0.274,2026-03-29T19:20:00Z,2026-03-29T04:28:00Z,0
APP-01484,income,67401.0,2026-03-29T19:20:00Z,2026-03-21T04:15:00Z,0
APP-01484,months_employed,150.0,2026-03-29T19:20:00Z,2026-03-22T17:32:00Z,0
APP-01484,prior_delinquencies,0.0,2026-03-29T19:20:00Z,2026-03-27T14:02:00Z,0
APP-01485,credit_utilization,0.41,2026-03-29T20:16:00Z,2026-03-28T18:06:00Z,0
APP-01485,debt_to_income,0.302,2026-03-29T20:16:00Z,2026-03-29T15:35:00Z,0
APP-01485,income,59155.0,2026-03-29T20:16:00Z,2026-03-24T14:22:00Z,0
APP-01485,months_employed,60.0,2026-03-29T20:16:00Z,2026-03-23T23:25:00Z,0
APP-01485,prior_delinquencies,0.0,2026-03-29T20:16:00Z,2026-03-26T20:26:00Z,0
APP-01486,credit_utilization,0.437,2026-03-30T00:57:00Z,2026-03-28T16:13:00Z,0
APP-01486,debt_to_income,0.314,2026-03-30T00:57:00Z,2026-03-28T09:01:00Z,0
APP-01486,income,65693.0,2026-03-30T00:57:00Z,2026-03-27T17:11:00Z,0
APP-01486,months_employed,159.0,2026-03-30T00:57:00Z,2026-03-20T22:00:00Z,0
APP-01486,prior_delinquencies,0.0,2026-03-30T00:57:00Z,2026-03-27T07:15:00Z,0
APP-01487,credit_utilization,0.544,2026-03-30T03:24:00Z,2026-03-28T08:21:00Z,0
APP-01487,debt_to_income,0.431,2026-03-30T03:24:00Z,2026-03-28T20:11:00Z,0
APP-01487,income,58587.0,2026-03-30T03:24:00Z,2026-03-06T10:56:00Z,0
APP-01487,months_employed,138.0,2026-03-30T03:24:00Z,2026-03-18T11:07:00Z,0
APP-01487,prior_delinquencies,0.0,2026-03-30T03:24:00Z,2026-03-29T04:08:00Z,0
APP-01488,credit_utilization,0.502,2026-03-30T03:51:00Z,2026-03-30T00:29:00Z,0
APP-01488,debt_to_income,0.248,2026-03-30T03:51:00Z,2026-03-28T07:35:00Z,0
APP-01488,income,56230.0,2026-03-30T03:51:00Z,2026-02-28T17:06:00Z,0
APP-01488,months_employed,16.0,2026-03-30T03:51:00Z,2026-03-23T00:47:00Z,0
APP-01488,prior_delinquencies,0.0,2026-03-30T03:51:00Z,2026-03-28T05:35:00Z,0
APP-01489,credit_utilization,0.271,2026-03-30T04:46:00Z,2026-03-29T11:02:00Z,0
APP-01489,debt_to_income,0.404,2026-03-30T04:46:00Z,2026-03-27T09:41:00Z,0
APP-01489,income,74559.0,2026-03-30T04:46:00Z,2026-03-07T22:04:00Z,0
APP-01489,months_employed,41.0,2026-03-30T04:46:00Z,2026-03-20T23:39:00Z,0
APP-01489,prior_delinquencies,0.0,2026-03-30T04:46:00Z,2026-03-26T19:54:00Z,0
APP-01490,credit_utilization,0.172,2026-03-30T04:50:00Z,2026-03-29T19:32:00Z,0
APP-01490,debt_to_income,0.322,2026-03-30T04:50:00Z,2026-03-28T21:31:00Z,0
APP-01490,income,79176.0,2026-03-30T04:50:00Z,2026-03-21T21:00:00Z,0
APP-01490,months_employed,64.0,2026-03-30T04:50:00Z,2026-03-25T15:10:00Z,0
APP-01490,prior_delinquencies,1.0,2026-03-30T04:50:00Z,2026-03-28T13:52:00Z,0
APP-01491,credit_utilization,0.421,2026-03-30T06:23:00Z,2026-03-29T01:16:00Z,0
APP-01491,debt_to_income,0.256,2026-03-30T06:23:00Z,2026-03-27T12:39:00Z,0
APP-01491,income,61542.0,2026-03-30T06:23:00Z,2026-03-14T01:36:00Z,0
APP-01491,months_employed,228.0,2026-03-30T06:23:00Z,2026-03-25T02:24:00Z,0
APP-01491,prior_delinquencies,2.0,2026-03-30T06:23:00Z,2026-03-28T12:36:00Z,0
APP-01492,credit_utilization,0.319,2026-03-30T10:28:00Z,2026-03-29T16:55:00Z,1
APP-01492,debt_to_income,0.363,2026-03-30T10:28:00Z,2026-03-29T11:03:00Z,1
APP-01492,income,103502.0,2026-03-30T10:28:00Z,2026-03-22T02:54:00Z,1
APP-01492,months_employed,24.0,2026-03-30T10:28:00Z,2026-03-28T12:00:00Z,1
APP-01492,prior_delinquencies,2.0,2026-03-30T10:28:00Z,2026-03-26T12:53:00Z,1
APP-01493,credit_utilization,0.399,2026-03-30T11:19:00Z,2026-03-28T21:10:00Z,0
APP-01493,debt_to_income,0.388,2026-03-30T11:19:00Z,2026-03-29T07:21:00Z,0
APP-01493,income,52371.0,2026-03-30T11:19:00Z,2026-03-11T09:48:00Z,0
APP-01493,months_employed,64.0,2026-03-30T11:19:00Z,2026-03-26T12:33:00Z,0
APP-01493,prior_delinquencies,1.0,2026-03-30T11:19:00Z,2026-03-27T03:11:00Z,0
APP-01494,credit_utilization,0.389,2026-03-30T12:12:00Z,2026-03-30T04:18:00Z,0
APP-01494,debt_to_income,0.403,2026-03-30T12:12:00Z,2026-03-27T16:31:00Z,0
APP-01494,income,28242.0,2026-03-30T12:12:00Z,2026-03-12T13:18:00Z,0
APP-01494,months_employed,172.0,2026-03-30T12:12:00Z,2026-03-24T02:13:00Z,0
APP-01494,prior_delinquencies,0.0,2026-03-30T12:12:00Z,2026-03-27T08:10:00Z,0
APP-01495,credit_utilization,0.792,2026-03-30T12:41:00Z,2026-03-28T23:25:00Z,1
APP-01495,debt_to_income,0.46,2026-03-30T12:41:00Z,2026-03-30T11:21:00Z,1
APP-01495,income,32667.0,2026-03-30T12:41:00Z,2026-03-22T14:11:00Z,1
APP-01495,months_employed,60.0,2026-03-30T12:41:00Z,2026-03-18T09:41:00Z,1
APP-01495,prior_delinquencies,2.0,2026-03-30T12:41:00Z,2026-03-29T19:56:00Z,1
APP-01496,credit_utilization,0.544,2026-03-30T15:14:00Z,2026-03-30T11:09:00Z,0
APP-01496,debt_to_income,0.343,2026-03-30T15:14:00Z,2026-03-29T05:26:00Z,0
APP-01496,income,41316.0,2026-03-30T15:14:00Z,2026-03-10T04:55:00Z,0
APP-01496,months_employed,238.0,2026-03-30T15:14:00Z,2026-03-22T14:27:00Z,0
APP-01496,prior_delinquencies,0.0,2026-03-30T15:14:00Z,2026-03-29T03:57:00Z,0
APP-01497,credit_utilization,0.065,2026-03-30T16:56:00Z,2026-03-29T20:19:00Z,0
APP-01497,debt_to_income,0.079,2026-03-30T16:56:00Z,2026-03-30T14:42:00Z,0
APP-01497,income,166059.0,2026-03-30T16:56:00Z,2026-03-16T21:11:00Z,0
APP-01497,months_employed,47.0,2026-03-30T16:56:00Z,2026-03-18T15:02:00Z,0
APP-01497,prior_delinquencies,0.0,2026-03-30T16:56:00Z,2026-03-29T05:35:00Z,0
APP-01498,credit_utilization,0.342,2026-03-30T17:37:00Z,2026-03-28T18:00:00Z,0
APP-01498,debt_to_income,0.377,2026-03-30T17:37:00Z,2026-03-28T11:05:00Z,0
APP-01498,income,44329.0,2026-03-30T17:37:00Z,2026-03-15T04:27:00Z,0
APP-01498,months_employed,72.0,2026-03-30T17:37:00Z,2026-03-25T19:12:00Z,0
APP-01498,prior_delinquencies,0.0,2026-03-30T17:37:00Z,2026-03-30T06:09:00Z,0
APP-01499,credit_utilization,0.497,2026-03-30T17:51:00Z,2026-03-29T02:04:00Z,0
APP-01499,debt_to_income,0.545,2026-03-30T17:51:00Z,2026-03-29T15:47:00Z,0
APP-01499,income,71850.0,2026-03-30T17:51:00Z,2026-03-03T10:02:00Z,0
APP-01499,months_employed,144.0,2026-03-30T17:51:00Z,2026-03-17T03:23:00Z,0
APP-01499,prior_delinquencies,1.0,2026-03-30T17:51:00Z,2026-03-27T11:48:00Z,0
APP-01500,credit_utilization,0.33,2026-03-30T18:44:00Z,2026-03-29T18:15:00Z,0
APP-01500,debt_to_income,0.421,2026-03-30T18:44:00Z,2026-03-28T17:58:00Z,0
APP-01500,income,33763.0,2026-03-30T18:44:00Z,2026-03-14T00:57:00Z,0
APP-01500,months_employed,237.0,2026-03-30T18:44:00Z,2026-03-20T03:12:00Z,0
APP-01500,prior_delinquencies,1.0,2026-03-30T18:44:00Z,2026-03-27T20:31:00Z,0
APP-01501,credit_utilization,0.039,2026-03-30T19:16:00Z,2026-03-30T13:04:00Z,0
APP-01501,debt_to_income,0.27,2026-03-30T19:16:00Z,2026-03-29T03:56:00Z,0
APP-01501,income,109349.0,2026-03-30T19:16:00Z,2026-03-28T00:14:00Z,0
APP-01501,months_employed,21.0,2026-03-30T19:16:00Z,2026-03-25T14:34:00Z,0
APP-01501,prior_delinquencies,0.0,2026-03-30T19:16:00Z,2026-03-28T05:48:00Z,0
APP-01502,credit_utilization,0.623,2026-03-30T20:43:00Z,2026-03-30T18:59:00Z,1
APP-01502,debt_to_income,0.444,2026-03-30T20:43:00Z,2026-03-28T01:06:00Z,1
APP-01502,income,45262.0,2026-03-30T20:43:00Z,2026-03-11T12:25:00Z,1
APP-01502,months_employed,34.0,2026-03-30T20:43:00Z,2026-03-21T05:26:00Z,1
APP-01502,prior_delinquencies,0.0,2026-03-30T20:43:00Z,2026-03-29T22:02:00Z,1
APP-01503,credit_utilization,0.549,2026-03-30T21:25:00Z,2026-03-29T18:16:00Z,0
APP-01503,debt_to_income,0.214,2026-03-30T21:25:00Z,2026-03-28T05:45:00Z,0
APP-01503,income,50082.0,2026-03-30T21:25:00Z,2026-03-21T19:59:00Z,0
APP-01503,months_employed,109.0,2026-03-30T21:25:00Z,2026-03-27T04:21:00Z,0
APP-01503,prior_delinquencies,0.0,2026-03-30T21:25:00Z,2026-03-28T20:34:00Z,0
APP-01504,credit_utilization,0.65,2026-03-30T21:45:00Z,2026-03-29T00:16:00Z,0
APP-01504,debt_to_income,0.349,2026-03-30T21:45:00Z,2026-03-28T12:48:00Z,0
APP-01504,income,123078.0,2026-03-30T21:45:00Z,2026-03-03T16:47:00Z,0
APP-01504,months_employed,107.0,2026-03-30T21:45:00Z,2026-03-25T21:13:00Z,0
APP-01504,prior_delinquencies,0.0,2026-03-30T21:45:00Z,2026-03-30T12:12:00Z,0
APP-01505,credit_utilization,0.241,2026-03-30T22:08:00Z,2026-03-29T04:54:00Z,0
APP-01505,debt_to_income,0.217,2026-03-30T22:08:00Z,2026-03-30T09:11:00Z,0
APP-01505,income,101199.0,2026-03-30T22:08:00Z,2026-03-29T20:43:00Z,0
APP-01505,months_employed,9.0,2026-03-30T22:08:00Z,2026-03-23T10:56:00Z,0
APP-01505,prior_delinquencies,0.0,2026-03-30T22:08:00Z,2026-03-28T03:51:00Z,0
APP-01506,credit_utilization,0.516,2026-03-30T22:14:00Z,2026-03-29T06:34:00Z,0
APP-01506,debt_to_income,0.359,2026-03-30T22:14:00Z,2026-03-29T01:06:00Z,0
APP-01506,income,48247.0,2026-03-30T22:14:00Z,2026-03-11T06:53:00Z,0
APP-01506,months_employed,185.0,2026-03-30T22:14:00Z,2026-03-24T09:12:00Z,0
APP-01506,prior_delinquencies,0.0,2026-03-30T22:14:00Z,2026-03-28T09:52:00Z,0
APP-01507,credit_utilization,0.414,2026-03-30T22:37:00Z,2026-03-30T00:59:00Z,0
APP-01507,debt_to_income,0.355,2026-03-30T22:37:00Z,2026-03-28T17:52:00Z,0
APP-01507,income,58150.0,2026-03-30T22:37:00Z,2026-03-03T16:54:00Z,0
APP-01507,months_employed,84.0,2026-03-30T22:37:00Z,2026-03-24T16:46:00Z,0
APP-01507,prior_delinquencies,0.0,2026-03-30T22:37:00Z,2026-03-28T10:50:00Z,0
APP-01508,credit_utilization,0.431,2026-03-31T00:06:00Z,2026-03-30T11:19:00Z,0
APP-01508,debt_to_income,0.51,2026-03-31T00:06:00Z,2026-03-28T14:06:00Z,0
APP-01508,income,51360.0,2026-03-31T00:06:00Z,2026-03-13T08:20:00Z,0
APP-01508,months_employed,30.0,2026-03-31T00:06:00Z,2026-03-23T04:14:00Z,0
APP-01508,prior_delinquencies,1.0,2026-03-31T00:06:00Z,2026-03-29T03:57:00Z,0
APP-01509,credit_utilization,0.452,2026-03-31T00:44:00Z,2026-03-29T20:16:00Z,1
APP-01509,debt_to_income,0.552,2026-03-31T00:44:00Z,2026-03-29T03:05:00Z,1
APP-01509,income,53013.0,2026-03-31T00:44:00Z,2026-03-07T16:05:00Z,1
APP-01509,months_employed,74.0,2026-03-31T00:44:00Z,2026-03-19T11:43:00Z,1
APP-01509,prior_delinquencies,0.0,2026-03-31T00:44:00Z,2026-03-29T13:50:00Z,1
APP-01510,credit_utilization,0.365,2026-03-31T06:33:00Z,2026-03-31T05:07:00Z,0
APP-01510,debt_to_income,0.289,2026-03-31T06:33:00Z,2026-03-30T16:07:00Z,0
APP-01510,income,29846.0,2026-03-31T06:33:00Z,2026-03-15T16:59:00Z,0
APP-01510,months_employed,61.0,2026-03-31T06:33:00Z,2026-03-20T07:40:00Z,0
APP-01510,prior_delinquencies,1.0,2026-03-31T06:33:00Z,2026-03-27T17:03:00Z,0
APP-01511,credit_utilization,0.363,2026-03-31T07:08:00Z,2026-03-30T20:08:00Z,0
APP-01511,debt_to_income,0.381,2026-03-31T07:08:00Z,2026-03-30T19:09:00Z,0
APP-01511,income,56236.0,2026-03-31T07:08:00Z,2026-03-25T08:47:00Z,0
APP-01511,months_employed,1.0,2026-03-31T07:08:00Z,2026-03-21T14:41:00Z,0
APP-01511,prior_delinquencies,0.0,2026-03-31T07:08:00Z,2026-03-29T10:10:00Z,0
APP-01512,credit_utilization,0.196,2026-03-31T08:21:00Z,2026-03-29T23:22:00Z,0
APP-01512,debt_to_income,0.192,2026-03-31T08:21:00Z,2026-03-28T12:36:00Z,0
APP-01512,income,48554.0,2026-03-31T08:21:00Z,2026-03-08T20:02:00Z,0
APP-01512,months_employed,65.0,2026-03-31T08:21:00Z,2026-03-23T11:33:00Z,0
APP-01512,prior_delinquencies,0.0,2026-03-31T08:21:00Z,2026-03-27T20:47:00Z,0
APP-01513,credit_utilization,0.314,2026-03-31T09:34:00Z,2026-03-30T16:42:00Z,0
APP-01513,debt_to_income,0.362,2026-03-31T09:34:00Z,2026-03-31T00:41:00Z,0
APP-01513,income,82324.0,2026-03-31T09:34:00Z,2026-03-17T05:53:00Z,0
APP-01513,months_employed,59.0,2026-03-31T09:34:00Z,2026-03-23T22:41:00Z,0
APP-01513,prior_delinquencies,1.0,2026-03-31T09:34:00Z,2026-03-30T12:17:00Z,0
APP-01514,credit_utilization,0.478,2026-03-31T09:52:00Z,2026-03-29T18:04:00Z,0
APP-01514,debt_to_income,0.346,2026-03-31T09:52:00Z,2026-03-30T23:13:00Z,0
APP-01514,income,35716.0,2026-03-31T09:52:00Z,2026-03-16T07:05:00Z,0
APP-01514,months_employed,68.0,2026-03-31T09:52:00Z,2026-03-18T14:00:00Z,0
APP-01514,prior_delinquencies,0.0,2026-03-31T09:52:00Z,2026-03-29T00:55:00Z,0
APP-01515,credit_utilization,0.364,2026-03-31T10:47:00Z,2026-03-30T14:44:00Z,0
APP-01515,debt_to_income,0.167,2026-03-31T10:47:00Z,2026-03-29T19:38:00Z,0
APP-01515,income,61216.0,2026-03-31T10:47:00Z,2026-03-24T05:09:00Z,0
APP-01515,months_employed,112.0,2026-03-31T10:47:00Z,2026-03-17T23:00:00Z,0
APP-01515,prior_delinquencies,0.0,2026-03-31T10:47:00Z,2026-03-29T02:29:00Z,0
APP-01516,credit_utilization,0.441,2026-03-31T10:48:00Z,2026-03-30T09:12:00Z,0
APP-01516,debt_to_income,0.237,2026-03-31T10:48:00Z,2026-03-31T08:52:00Z,0
APP-01516,income,38782.0,2026-03-31T10:48:00Z,2026-03-25T14:13:00Z,0
APP-01516,months_employed,7.0,2026-03-31T10:48:00Z,2026-03-22T05:52:00Z,0
APP-01516,prior_delinquencies,0.0,2026-03-31T10:48:00Z,2026-03-30T17:10:00Z,0
APP-01517,credit_utilization,0.219,2026-03-31T10:56:00Z,2026-03-29T12:09:00Z,0
APP-01517,debt_to_income,0.271,2026-03-31T10:56:00Z,2026-03-30T17:49:00Z,0
APP-01517,income,51397.0,2026-03-31T10:56:00Z,2026-03-29T03:28:00Z,0
APP-01517,months_employed,177.0,2026-03-31T10:56:00Z,2026-03-20T15:35:00Z,0
APP-01517,prior_delinquencies,1.0,2026-03-31T10:56:00Z,2026-03-29T13:18:00Z,0
APP-01518,credit_utilization,0.093,2026-03-31T16:31:00Z,2026-03-30T06:29:00Z,0
APP-01518,debt_to_income,0.358,2026-03-31T16:31:00Z,2026-03-31T15:09:00Z,0
APP-01518,income,32425.0,2026-03-31T16:31:00Z,2026-03-27T14:51:00Z,0
APP-01518,months_employed,225.0,2026-03-31T16:31:00Z,2026-03-22T05:39:00Z,0
APP-01518,prior_delinquencies,0.0,2026-03-31T16:31:00Z,2026-03-30T05:44:00Z,0
APP-01519,credit_utilization,0.238,2026-03-31T18:23:00Z,2026-03-29T21:23:00Z,0
APP-01519,debt_to_income,0.509,2026-03-31T18:23:00Z,2026-03-31T00:50:00Z,0
APP-01519,income,55759.0,2026-03-31T18:23:00Z,2026-03-23T16:29:00Z,0
APP-01519,months_employed,39.0,2026-03-31T18:23:00Z,2026-03-18T09:34:00Z,0
APP-01519,prior_delinquencies,0.0,2026-03-31T18:23:00Z,2026-03-31T04:03:00Z,0
APP-01520,credit_utilization,0.555,2026-03-31T19:42:00Z,2026-03-31T16:20:00Z,0
APP-01520,debt_to_income,0.485,2026-03-31T19:42:00Z,2026-03-29T06:06:00Z,0
APP-01520,income,39872.0,2026-03-31T19:42:00Z,2026-03-04T00:41:00Z,0
APP-01520,months_employed,29.0,2026-03-31T19:42:00Z,2026-03-24T11:07:00Z,0
APP-01520,prior_delinquencies,0.0,2026-03-31T19:42:00Z,2026-03-31T12:53:00Z,0
APP-01521,credit_utilization,0.444,2026-03-31T21:42:00Z,2026-03-31T08:42:00Z,0
APP-01521,debt_to_income,0.335,2026-03-31T21:42:00Z,2026-03-29T04:52:00Z,0
APP-01521,income,54252.0,2026-03-31T21:42:00Z,2026-03-28T23:35:00Z,0
APP-01521,months_employed,126.0,2026-03-31T21:42:00Z,2026-03-25T14:36:00Z,0
APP-01521,prior_delinquencies,0.0,2026-03-31T21:42:00Z,2026-03-28T05:32:00Z,0
APP-01522,credit_utilization,0.154,2026-04-01T03:50:00Z,2026-03-30T05:06:00Z,0
APP-01522,debt_to_income,0.248,2026-04-01T03:50:00Z,2026-04-01T01:58:00Z,0
APP-01522,income,33117.0,2026-04-01T03:50:00Z,2026-03-12T15:16:00Z,0
APP-01522,months_employed,212.0,2026-04-01T03:50:00Z,2026-03-27T23:38:00Z,0
APP-01522,prior_delinquencies,0.0,2026-04-01T03:50:00Z,2026-03-30T01:41:00Z,0
APP-01523,credit_utilization,0.195,2026-04-01T06:14:00Z,2026-03-31T18:26:00Z,0
APP-01523,debt_to_income,0.513,2026-04-01T06:14:00Z,2026-03-31T22:51:00Z,0
APP-01523,income,44086.0,2026-04-01T06:14:00Z,2026-03-02T17:30:00Z,0
APP-01523,months_employed,87.0,2026-04-01T06:14:00Z,2026-03-23T10:15:00Z,0
APP-01523,prior_delinquencies,0.0,2026-04-01T06:14:00Z,2026-03-31T05:43:00Z,0
APP-01524,credit_utilization,0.32,2026-04-01T06:55:00Z,2026-03-31T11:14:00Z,0
APP-01524,debt_to_income,0.341,2026-04-01T06:55:00Z,2026-03-31T19:44:00Z,0
APP-01524,income,40485.0,2026-04-01T06:55:00Z,2026-03-21T05:32:00Z,0
APP-01524,months_employed,114.0,2026-04-01T06:55:00Z,2026-03-19T06:00:00Z,0
APP-01524,prior_delinquencies,0.0,2026-04-01T06:55:00Z,2026-03-28T08:13:00Z,0
APP-01525,credit_utilization,0.159,2026-04-01T12:01:00Z,2026-04-01T09:31:00Z,0
APP-01525,debt_to_income,0.47,2026-04-01T12:01:00Z,2026-03-29T21:40:00Z,0
APP-01525,income,66125.0,2026-04-01T12:01:00Z,2026-03-11T00:29:00Z,0
APP-01525,months_employed,154.0,2026-04-01T12:01:00Z,2026-03-27T08:23:00Z,0
APP-01525,prior_delinquencies,1.0,2026-04-01T12:01:00Z,2026-03-31T21:33:00Z,0
APP-01526,credit_utilization,0.424,2026-04-01T12:07:00Z,2026-03-31T22:32:00Z,0
APP-01526,debt_to_income,0.409,2026-04-01T12:07:00Z,2026-03-31T16:48:00Z,0
APP-01526,income,39147.0,2026-04-01T12:07:00Z,2026-03-02T12:35:00Z,0
APP-01526,months_employed,40.0,2026-04-01T12:07:00Z,2026-03-21T15:51:00Z,0
APP-01526,prior_delinquencies,1.0,2026-04-01T12:07:00Z,2026-03-30T15:50:00Z,0
APP-01527,credit_utilization,0.637,2026-04-01T14:30:00Z,2026-04-01T06:05:00Z,0
APP-01527,debt_to_income,0.392,2026-04-01T14:30:00Z,2026-03-30T21:48:00Z,0
APP-01527,income,28945.0,2026-04-01T14:30:00Z,2026-03-24T22:37:00Z,0
APP-01527,months_employed,11.0,2026-04-01T14:30:00Z,2026-03-24T13:17:00Z,0
APP-01527,prior_delinquencies,1.0,2026-04-01T14:30:00Z,2026-03-30T09:46:00Z,0
APP-01528,credit_utilization,0.395,2026-04-01T16:53:00Z,2026-03-31T18:30:00Z,0
APP-01528,debt_to_income,0.299,2026-04-01T16:53:00Z,2026-03-31T07:16:00Z,0
APP-01528,income,53478.0,2026-04-01T16:53:00Z,2026-03-14T11:29:00Z,0
APP-01528,months_employed,178.0,2026-04-01T16:53:00Z,2026-03-31T04:56:00Z,0
APP-01528,prior_delinquencies,0.0,2026-04-01T16:53:00Z,2026-03-31T12:25:00Z,0
APP-01529,credit_utilization,0.39,2026-04-01T20:46:00Z,2026-04-01T12:50:00Z,0
APP-01529,debt_to_income,0.197,2026-04-01T20:46:00Z,2026-03-30T14:04:00Z,0
APP-01529,income,116117.0,2026-04-01T20:46:00Z,2026-03-28T03:34:00Z,0
APP-01529,months_employed,189.0,2026-04-01T20:46:00Z,2026-03-27T22:00:00Z,0
APP-01529,prior_delinquencies,0.0,2026-04-01T20:46:00Z,2026-04-01T07:40:00Z,0
APP-01530,credit_utilization,0.258,2026-04-01T21:39:00Z,2026-04-01T08:34:00Z,0
APP-01530,debt_to_income,0.264,2026-04-01T21:39:00Z,2026-03-31T22:56:00Z,0
APP-01530,income,31031.0,2026-04-01T21:39:00Z,2026-03-25T00:05:00Z,0
APP-01530,months_employed,238.0,2026-04-01T21:39:00Z,2026-03-22T04:51:00Z,0
APP-01530,prior_delinquencies,0.0,2026-04-01T21:39:00Z,2026-04-01T19:35:00Z,0
APP-01531,credit_utilization,0.595,2026-04-01T23:09:00Z,2026-04-01T17:11:00Z,0
APP-01531,debt_to_income,0.386,2026-04-01T23:09:00Z,2026-03-30T14:16:00Z,0
APP-01531,income,23951.0,2026-04-01T23:09:00Z,2026-03-25T07:52:00Z,0
APP-01531,months_employed,164.0,2026-04-01T23:09:00Z,2026-03-27T05:22:00Z,0
APP-01531,prior_delinquencies,1.0,2026-04-01T23:09:00Z,2026-03-29T13:41:00Z,0
APP-01532,credit_utilization,0.385,2026-04-01T23:13:00Z,2026-04-01T21:53:00Z,0
APP-01532,debt_to_income,0.19,2026-04-01T23:13:00Z,2026-04-01T15:42:00Z,0
APP-01532,income,83096.0,2026-04-01T23:13:00Z,2026-03-28T02:08:00Z,0
APP-01532,months_employed,152.0,2026-04-01T23:13:00Z,2026-03-28T05:29:00Z,0
APP-01532,prior_delinquencies,1.0,2026-04-01T23:13:00Z,2026-03-31T06:17:00Z,0
APP-01533,credit_utilization,0.443,2026-04-02T00:44:00Z,2026-03-31T10:31:00Z,0
APP-01533,debt_to_income,0.27,2026-04-02T00:44:00Z,2026-03-30T08:53:00Z,0
APP-01533,income,56287.0,2026-04-02T00:44:00Z,2026-03-18T23:32:00Z,0
APP-01533,months_employed,186.0,2026-04-02T00:44:00Z,2026-03-28T13:12:00Z,0
APP-01533,prior_delinquencies,0.0,2026-04-02T00:44:00Z,2026-04-01T03:19:00Z,0
APP-01534,credit_utilization,0.444,2026-04-02T02:28:00Z,2026-04-01T20:32:00Z,0
APP-01534,debt_to_income,0.323,2026-04-02T02:28:00Z,2026-04-01T20:45:00Z,0
APP-01534,income,99089.0,2026-04-02T02:28:00Z,2026-03-18T05:27:00Z,0
APP-01534,months_employed,207.0,2026-04-02T02:28:00Z,2026-03-25T12:47:00Z,0
APP-01534,prior_delinquencies,0.0,2026-04-02T02:28:00Z,2026-04-01T16:36:00Z,0
APP-01535,credit_utilization,0.084,2026-04-02T03:03:00Z,2026-04-01T16:15:00Z,0
APP-01535,debt_to_income,0.209,2026-04-02T03:03:00Z,2026-04-02T01:03:00Z,0
APP-01535,income,52827.0,2026-04-02T03:03:00Z,2026-03-07T23:23:00Z,0
APP-01535,months_employed,66.0,2026-04-02T03:03:00Z,2026-03-24T15:26:00Z,0
APP-01535,prior_delinquencies,0.0,2026-04-02T03:03:00Z,2026-03-30T22:37:00Z,0
APP-01536,credit_utilization,0.667,2026-04-02T03:28:00Z,2026-04-01T13:49:00Z,0
APP-01536,debt_to_income,0.272,2026-04-02T03:28:00Z,2026-03-31T09:24:00Z,0
APP-01536,income,39389.0,2026-04-02T03:28:00Z,2026-03-24T11:41:00Z,0
APP-01536,months_employed,166.0,2026-04-02T03:28:00Z,2026-03-28T20:27:00Z,0
APP-01536,prior_delinquencies,1.0,2026-04-02T03:28:00Z,2026-04-01T07:50:00Z,0
APP-01537,credit_utilization,0.186,2026-04-02T05:54:00Z,2026-04-01T11:23:00Z,0
APP-01537,debt_to_income,0.263,2026-04-02T05:54:00Z,2026-04-01T19:08:00Z,0
APP-01537,income,58977.0,2026-04-02T05:54:00Z,2026-03-04T12:28:00Z,0
APP-01537,months_employed,51.0,2026-04-02T05:54:00Z,2026-03-28T08:20:00Z,0
APP-01537,prior_delinquencies,0.0,2026-04-02T05:54:00Z,2026-04-01T05:32:00Z,0
APP-01538,credit_utilization,0.444,2026-04-02T10:08:00Z,2026-04-02T05:49:00Z,0
APP-01538,debt_to_income,0.277,2026-04-02T10:08:00Z,2026-03-31T07:49:00Z,0
APP-01538,income,79498.0,2026-04-02T10:08:00Z,2026-03-06T15:26:00Z,0
APP-01538,months_employed,44.0,2026-04-02T10:08:00Z,2026-03-31T01:48:00Z,0
APP-01538,prior_delinquencies,0.0,2026-04-02T10:08:00Z,2026-03-31T20:26:00Z,0
APP-01539,credit_utilization,0.621,2026-04-02T13:33:00Z,2026-04-01T16:18:00Z,0
APP-01539,debt_to_income,0.205,2026-04-02T13:33:00Z,2026-03-31T02:08:00Z,0
APP-01539,income,39089.0,2026-04-02T13:33:00Z,2026-03-14T20:46:00Z,0
APP-01539,months_employed,8.0,2026-04-02T13:33:00Z,2026-03-25T04:03:00Z,0
APP-01539,prior_delinquencies,1.0,2026-04-02T13:33:00Z,2026-03-29T16:04:00Z,0
APP-01540,credit_utilization,0.617,2026-04-02T16:01:00Z,2026-04-01T19:01:00Z,0
APP-01540,debt_to_income,0.438,2026-04-02T16:01:00Z,2026-04-01T03:30:00Z,0
APP-01540,income,29002.0,2026-04-02T16:01:00Z,2026-03-15T16:47:00Z,0
APP-01540,months_employed,81.0,2026-04-02T16:01:00Z,2026-03-21T12:52:00Z,0
APP-01540,prior_delinquencies,1.0,2026-04-02T16:01:00Z,2026-03-30T02:01:00Z,0
APP-01541,credit_utilization,0.375,2026-04-02T18:43:00Z,2026-04-02T12:23:00Z,0
APP-01541,debt_to_income,0.178,2026-04-02T18:43:00Z,2026-04-01T06:04:00Z,0
APP-01541,income,77200.0,2026-04-02T18:43:00Z,2026-03-11T16:48:00Z,0
APP-01541,months_employed,106.0,2026-04-02T18:43:00Z,2026-03-31T07:46:00Z,0
APP-01541,prior_delinquencies,0.0,2026-04-02T18:43:00Z,2026-03-31T16:03:00Z,0
APP-01542,credit_utilization,0.526,2026-04-02T19:35:00Z,2026-04-02T05:25:00Z,0
APP-01542,debt_to_income,0.395,2026-04-02T19:35:00Z,2026-03-31T11:18:00Z,0
APP-01542,income,58444.0,2026-04-02T19:35:00Z,2026-03-27T18:20:00Z,0
APP-01542,months_employed,65.0,2026-04-02T19:35:00Z,2026-03-26T21:16:00Z,0
APP-01542,prior_delinquencies,0.0,2026-04-02T19:35:00Z,2026-03-31T07:07:00Z,0
APP-01543,credit_utilization,0.31,2026-04-03T00:02:00Z,2026-04-02T15:25:00Z,0
APP-01543,debt_to_income,0.132,2026-04-03T00:02:00Z,2026-03-31T03:26:00Z,0
APP-01543,income,55972.0,2026-04-03T00:02:00Z,2026-04-01T17:51:00Z,0
APP-01543,months_employed,9.0,2026-04-03T00:02:00Z,2026-03-23T19:56:00Z,0
APP-01543,prior_delinquencies,0.0,2026-04-03T00:02:00Z,2026-03-30T00:30:00Z,0
APP-01544,credit_utilization,0.597,2026-04-03T02:27:00Z,2026-04-02T03:40:00Z,0
APP-01544,debt_to_income,0.281,2026-04-03T02:27:00Z,2026-04-01T08:52:00Z,0
APP-01544,income,30724.0,2026-04-03T02:27:00Z,2026-03-15T14:06:00Z,0
APP-01544,months_employed,170.0,2026-04-03T02:27:00Z,2026-03-30T05:03:00Z,0
APP-01544,prior_delinquencies,1.0,2026-04-03T02:27:00Z,2026-04-02T01:11:00Z,0
APP-01545,credit_utilization,0.637,2026-04-03T05:45:00Z,2026-04-01T18:40:00Z,0
APP-01545,debt_to_income,0.306,2026-04-03T05:45:00Z,2026-03-31T20:07:00Z,0
APP-01545,income,48274.0,2026-04-03T05:45:00Z,2026-03-07T08:39:00Z,0
APP-01545,months_employed,74.0,2026-04-03T05:45:00Z,2026-03-27T23:46:00Z,0
APP-01545,prior_delinquencies,0.0,2026-04-03T05:45:00Z,2026-03-30T14:47:00Z,0
APP-01546,credit_utilization,0.467,2026-04-03T12:19:00Z,2026-04-02T04:10:00Z,0
APP-01546,debt_to_income,0.362,2026-04-03T12:19:00Z,2026-03-31T22:55:00Z,0
APP-01546,income,68040.0,2026-04-03T12:19:00Z,2026-03-26T06:09:00Z,0
APP-01546,months_employed,160.0,2026-04-03T12:19:00Z,2026-04-01T15:59:00Z,0
APP-01546,prior_delinquencies,0.0,2026-04-03T12:19:00Z,2026-03-31T07:20:00Z,0
APP-01547,credit_utilization,0.128,2026-04-03T14:55:00Z,2026-04-01T23:25:00Z,0
APP-01547,debt_to_income,0.364,2026-04-03T14:55:00Z,2026-04-03T10:36:00Z,0
APP-01547,income,63715.0,2026-04-03T14:55:00Z,2026-03-24T19:22:00Z,0
APP-01547,months_employed,4.0,2026-04-03T14:55:00Z,2026-04-01T16:47:00Z,0
APP-01547,prior_delinquencies,0.0,2026-04-03T14:55:00Z,2026-04-02T03:30:00Z,0
APP-01548,credit_utilization,0.431,2026-04-03T16:29:00Z,2026-04-02T00:16:00Z,0
APP-01548,debt_to_income,0.399,2026-04-03T16:29:00Z,2026-04-02T00:54:00Z,0
APP-01548,income,24084.0,2026-04-03T16:29:00Z,2026-03-27T20:08:00Z,0
APP-01548,months_employed,41.0,2026-04-03T16:29:00Z,2026-04-02T10:09:00Z,0
APP-01548,prior_delinquencies,1.0,2026-04-03T16:29:00Z,2026-03-31T22:44:00Z,0
APP-01549,credit_utilization,0.642,2026-04-03T16:35:00Z,2026-04-02T05:53:00Z,0
APP-01549,debt_to_income,0.289,2026-04-03T16:35:00Z,2026-04-01T11:10:00Z,0
APP-01549,income,44609.0,2026-04-03T16:35:00Z,2026-03-16T00:03:00Z,0
APP-01549,months_employed,235.0,2026-04-03T16:35:00Z,2026-04-01T17:34:00Z,0
APP-01549,prior_delinquencies,0.0,2026-04-03T16:35:00Z,2026-03-31T09:41:00Z,0
APP-01550,credit_utilization,0.317,2026-04-03T17:47:00Z,2026-04-03T08:21:00Z,0
APP-01550,debt_to_income,0.311,2026-04-03T17:47:00Z,2026-04-03T08:45:00Z,0
APP-01550,income,59190.0,2026-04-03T17:47:00Z,2026-03-20T21:04:00Z,0
APP-01550,months_employed,144.0,2026-04-03T17:47:00Z,2026-03-29T14:22:00Z,0
APP-01550,prior_delinquencies,0.0,2026-04-03T17:47:00Z,2026-04-02T14:56:00Z,0
APP-01551,credit_utilization,0.528,2026-04-03T18:10:00Z,2026-04-02T10:06:00Z,0
APP-01551,debt_to_income,0.295,2026-04-03T18:10:00Z,2026-04-03T07:20:00Z,0
APP-01551,income,81048.0,2026-04-03T18:10:00Z,2026-03-25T12:31:00Z,0
APP-01551,months_employed,208.0,2026-04-03T18:10:00Z,2026-03-27T03:51:00Z,0
APP-01551,prior_delinquencies,0.0,2026-04-03T18:10:00Z,2026-04-01T12:32:00Z,0
APP-01552,credit_utilization,0.469,2026-04-03T18:10:00Z,2026-04-02T22:36:00Z,0
APP-01552,debt_to_income,0.288,2026-04-03T18:10:00Z,2026-04-03T04:59:00Z,0
APP-01552,income,43181.0,2026-04-03T18:10:00Z,2026-03-14T15:34:00Z,0
APP-01552,months_employed,103.0,2026-04-03T18:10:00Z,2026-03-26T18:53:00Z,0
APP-01552,prior_delinquencies,0.0,2026-04-03T18:10:00Z,2026-04-02T02:55:00Z,0
APP-01553,credit_utilization,0.478,2026-04-03T19:07:00Z,2026-04-02T08:01:00Z,0
APP-01553,debt_to_income,0.311,2026-04-03T19:07:00Z,2026-04-02T23:16:00Z,0
APP-01553,income,69567.0,2026-04-03T19:07:00Z,2026-03-16T19:13:00Z,0
APP-01553,months_employed,120.0,2026-04-03T19:07:00Z,2026-03-25T09:59:00Z,0
APP-01553,prior_delinquencies,0.0,2026-04-03T19:07:00Z,2026-04-03T04:17:00Z,0
APP-01554,credit_utilization,0.267,2026-04-03T20:16:00Z,2026-04-02T03:43:00Z,0
APP-01554,debt_to_income,0.236,2026-04-03T20:16:00Z,2026-04-02T23:53:00Z,0
APP-01554,income,42939.0,2026-04-03T20:16:00Z,2026-03-11T06:07:00Z,0
APP-01554,months_employed,64.0,2026-04-03T20:16:00Z,2026-03-29T04:08:00Z,0
APP-01554,prior_delinquencies,0.0,2026-04-03T20:16:00Z,2026-03-31T05:25:00Z,0
APP-01555,credit_utilization,0.277,2026-04-03T22:00:00Z,2026-04-02T23:53:00Z,0
APP-01555,debt_to_income,0.413,2026-04-03T22:00:00Z,2026-04-03T17:00:00Z,0
APP-01555,income,25097.0,2026-04-03T22:00:00Z,2026-03-27T20:23:00Z,0
APP-01555,months_employed,214.0,2026-04-03T22:00:00Z,2026-03-23T08:16:00Z,0
APP-01555,prior_delinquencies,0.0,2026-04-03T22:00:00Z,2026-03-31T13:28:00Z,0
APP-01556,credit_utilization,0.297,2026-04-03T22:39:00Z,2026-04-02T15:53:00Z,0
APP-01556,debt_to_income,0.267,2026-04-03T22:39:00Z,2026-04-01T06:49:00Z,0
APP-01556,income,34460.0,2026-04-03T22:39:00Z,2026-03-18T22:09:00Z,0
APP-01556,months_employed,176.0,2026-04-03T22:39:00Z,2026-03-29T02:10:00Z,0
APP-01556,prior_delinquencies,0.0,2026-04-03T22:39:00Z,2026-04-01T12:02:00Z,0
APP-01557,credit_utilization,0.343,2026-04-03T23:21:00Z,2026-04-02T20:07:00Z,0
APP-01557,debt_to_income,0.413,2026-04-03T23:21:00Z,2026-04-02T02:59:00Z,0
APP-01557,income,42056.0,2026-04-03T23:21:00Z,2026-03-06T03:18:00Z,0
APP-01557,months_employed,150.0,2026-04-03T23:21:00Z,2026-04-01T06:46:00Z,0
APP-01557,prior_delinquencies,1.0,2026-04-03T23:21:00Z,2026-03-31T14:24:00Z,0
APP-01558,credit_utilization,0.286,2026-04-04T04:09:00Z,2026-04-03T12:11:00Z,0
APP-01558,debt_to_income,0.412,2026-04-04T04:09:00Z,2026-04-01T08:24:00Z,0
APP-01558,income,51684.0,2026-04-04T04:09:00Z,2026-03-11T21:45:00Z,0
APP-01558,months_employed,61.0,2026-04-04T04:09:00Z,2026-03-22T21:08:00Z,0
APP-01558,prior_delinquencies,0.0,2026-04-04T04:09:00Z,2026-04-03T03:19:00Z,0
APP-01559,credit_utilization,0.343,2026-04-04T04:18:00Z,2026-04-02T11:22:00Z,0
APP-01559,debt_to_income,0.153,2026-04-04T04:18:00Z,2026-04-01T18:11:00Z,0
APP-01559,income,76070.0,2026-04-04T04:18:00Z,2026-03-08T10:02:00Z,0
APP-01559,months_employed,121.0,2026-04-04T04:18:00Z,2026-03-27T16:29:00Z,0
APP-01559,prior_delinquencies,1.0,2026-04-04T04:18:00Z,2026-04-02T07:02:00Z,0
APP-01560,credit_utilization,0.367,2026-04-04T05:07:00Z,2026-04-03T20:39:00Z,0
APP-01560,debt_to_income,0.493,2026-04-04T05:07:00Z,2026-04-03T23:32:00Z,0
APP-01560,income,31351.0,2026-04-04T05:07:00Z,2026-03-06T06:05:00Z,0
APP-01560,months_employed,66.0,2026-04-04T05:07:00Z,2026-03-21T14:10:00Z,0
APP-01560,prior_delinquencies,3.0,2026-04-04T05:07:00Z,2026-04-01T14:17:00Z,0
APP-01561,credit_utilization,0.248,2026-04-04T05:56:00Z,2026-04-03T09:54:00Z,0
APP-01561,debt_to_income,0.26,2026-04-04T05:56:00Z,2026-04-01T22:32:00Z,0
APP-01561,income,55653.0,2026-04-04T05:56:00Z,2026-03-14T15:47:00Z,0
APP-01561,months_employed,116.0,2026-04-04T05:56:00Z,2026-03-25T00:08:00Z,0
APP-01561,prior_delinquencies,0.0,2026-04-04T05:56:00Z,2026-04-03T06:25:00Z,0
APP-01562,credit_utilization,0.175,2026-04-04T09:46:00Z,2026-04-03T03:06:00Z,0
APP-01562,debt_to_income,0.41,2026-04-04T09:46:00Z,2026-04-03T06:17:00Z,0
APP-01562,income,65839.0,2026-04-04T09:46:00Z,2026-03-23T11:00:00Z,0
APP-01562,months_employed,73.0,2026-04-04T09:46:00Z,2026-03-25T00:34:00Z,0
APP-01562,prior_delinquencies,0.0,2026-04-04T09:46:00Z,2026-04-02T20:53:00Z,0
APP-01563,credit_utilization,0.298,2026-04-04T10:41:00Z,2026-04-02T21:59:00Z,0
APP-01563,debt_to_income,0.266,2026-04-04T10:41:00Z,2026-04-02T07:59:00Z,0
APP-01563,income,35360.0,2026-04-04T10:41:00Z,2026-03-10T00:51:00Z,0
APP-01563,months_employed,165.0,2026-04-04T10:41:00Z,2026-03-22T09:51:00Z,0
APP-01563,prior_delinquencies,0.0,2026-04-04T10:41:00Z,2026-04-02T16:31:00Z,0
APP-01564,credit_utilization,0.368,2026-04-04T14:43:00Z,2026-04-04T00:11:00Z,0
APP-01564,debt_to_income,0.18,2026-04-04T14:43:00Z,2026-04-03T18:47:00Z,0
APP-01564,income,74036.0,2026-04-04T14:43:00Z,2026-03-08T20:06:00Z,0
APP-01564,months_employed,150.0,2026-04-04T14:43:00Z,2026-03-26T05:36:00Z,0
APP-01564,prior_delinquencies,0.0,2026-04-04T14:43:00Z,2026-04-03T22:26:00Z,0
APP-01565,credit_utilization,0.168,2026-04-04T14:59:00Z,2026-04-03T12:19:00Z,0
APP-01565,debt_to_income,0.472,2026-04-04T14:59:00Z,2026-04-02T04:10:00Z,0
APP-01565,income,64641.0,2026-04-04T14:59:00Z,2026-03-15T06:42:00Z,0
APP-01565,months_employed,120.0,2026-04-04T14:59:00Z,2026-03-25T23:28:00Z,0
APP-01565,prior_delinquencies,1.0,2026-04-04T14:59:00Z,2026-04-01T18:17:00Z,0
APP-01566,credit_utilization,0.238,2026-04-04T16:01:00Z,2026-04-02T17:25:00Z,0
APP-01566,debt_to_income,0.33,2026-04-04T16:01:00Z,2026-04-02T19:39:00Z,0
APP-01566,income,41050.0,2026-04-04T16:01:00Z,2026-03-17T04:38:00Z,0
APP-01566,months_employed,114.0,2026-04-04T16:01:00Z,2026-03-30T07:35:00Z,0
APP-01566,prior_delinquencies,1.0,2026-04-04T16:01:00Z,2026-04-01T13:55:00Z,0
APP-01567,credit_utilization,0.196,2026-04-04T16:40:00Z,2026-04-04T07:32:00Z,0
APP-01567,debt_to_income,0.298,2026-04-04T16:40:00Z,2026-04-02T21:50:00Z,0
APP-01567,income,35669.0,2026-04-04T16:40:00Z,2026-03-16T15:59:00Z,0
APP-01567,months_employed,115.0,2026-04-04T16:40:00Z,2026-03-27T21:51:00Z,0
APP-01567,prior_delinquencies,1.0,2026-04-04T16:40:00Z,2026-04-01T22:38:00Z,0
APP-01568,credit_utilization,0.417,2026-04-04T17:09:00Z,2026-04-03T17:17:00Z,0
APP-01568,debt_to_income,0.202,2026-04-04T17:09:00Z,2026-04-02T11:18:00Z,0
APP-01568,income,25797.0,2026-04-04T17:09:00Z,2026-04-01T05:15:00Z,0
APP-01568,months_employed,232.0,2026-04-04T17:09:00Z,2026-04-01T21:27:00Z,0
APP-01568,prior_delinquencies,1.0,2026-04-04T17:09:00Z,2026-04-03T07:09:00Z,0
APP-01569,credit_utilization,0.3,2026-04-04T20:22:00Z,2026-04-03T05:09:00Z,0
APP-01569,debt_to_income,0.262,2026-04-04T20:22:00Z,2026-04-04T11:58:00Z,0
APP-01569,income,64671.0,2026-04-04T20:22:00Z,2026-03-10T21:38:00Z,0
APP-01569,months_employed,126.0,2026-04-04T20:22:00Z,2026-03-26T22:12:00Z,0
APP-01569,prior_delinquencies,0.0,2026-04-04T20:22:00Z,2026-04-01T10:55:00Z,0
APP-01570,credit_utilization,0.376,2026-04-04T20:24:00Z,2026-04-03T15:55:00Z,0
APP-01570,debt_to_income,0.357,2026-04-04T20:24:00Z,2026-04-01T22:47:00Z,0
APP-01570,income,38776.0,2026-04-04T20:24:00Z,2026-03-15T11:26:00Z,0
APP-01570,months_employed,143.0,2026-04-04T20:24:00Z,2026-03-29T04:38:00Z,0
APP-01570,prior_delinquencies,0.0,2026-04-04T20:24:00Z,2026-04-02T22:39:00Z,0
APP-01571,credit_utilization,0.573,2026-04-04T20:30:00Z,2026-04-04T12:17:00Z,1
APP-01571,debt_to_income,0.212,2026-04-04T20:30:00Z,2026-04-02T12:21:00Z,1
APP-01571,income,42029.0,2026-04-04T20:30:00Z,2026-03-19T23:09:00Z,1
APP-01571,months_employed,210.0,2026-04-04T20:30:00Z,2026-03-21T20:30:00Z,1
APP-01571,prior_delinquencies,1.0,2026-04-04T20:30:00Z,2026-04-01T21:09:00Z,1
APP-01572,credit_utilization,0.385,2026-04-04T20:33:00Z,2026-04-04T01:26:00Z,1
APP-01572,debt_to_income,0.337,2026-04-04T20:33:00Z,2026-04-04T09:06:00Z,1
APP-01572,income,39647.0,2026-04-04T20:33:00Z,2026-03-16T03:41:00Z,1
APP-01572,months_employed,233.0,2026-04-04T20:33:00Z,2026-03-22T12:23:00Z,1
APP-01572,prior_delinquencies,1.0,2026-04-04T20:33:00Z,2026-04-02T11:14:00Z,1
APP-01573,credit_utilization,0.172,2026-04-04T20:36:00Z,2026-04-04T01:59:00Z,0
APP-01573,debt_to_income,0.367,2026-04-04T20:36:00Z,2026-04-04T04:23:00Z,0
APP-01573,income,33547.0,2026-04-04T20:36:00Z,2026-03-30T17:32:00Z,0
APP-01573,months_employed,6.0,2026-04-04T20:36:00Z,2026-04-03T18:42:00Z,0
APP-01573,prior_delinquencies,0.0,2026-04-04T20:36:00Z,2026-04-02T09:36:00Z,0
APP-01574,credit_utilization,0.209,2026-04-04T20:40:00Z,2026-04-03T02:57:00Z,0
APP-01574,debt_to_income,0.283,2026-04-04T20:40:00Z,2026-04-03T15:01:00Z,0
APP-01574,income,57103.0,2026-04-04T20:40:00Z,2026-03-24T16:39:00Z,0
APP-01574,months_employed,132.0,2026-04-04T20:40:00Z,2026-04-03T18:52:00Z,0
APP-01574,prior_delinquencies,0.0,2026-04-04T20:40:00Z,2026-04-04T07:35:00Z,0
APP-01575,credit_utilization,0.218,2026-04-05T00:38:00Z,2026-04-04T12:03:00Z,0
APP-01575,debt_to_income,0.297,2026-04-05T00:38:00Z,2026-04-04T01:21:00Z,0
APP-01575,income,28024.0,2026-04-05T00:38:00Z,2026-03-20T23:34:00Z,0
APP-01575,months_employed,140.0,2026-04-05T00:38:00Z,2026-03-22T17:46:00Z,0
APP-01575,prior_delinquencies,2.0,2026-04-05T00:38:00Z,2026-04-04T03:28:00Z,0
APP-01576,credit_utilization,0.417,2026-04-05T02:48:00Z,2026-04-04T01:29:00Z,0
APP-01576,debt_to_income,0.254,2026-04-05T02:48:00Z,2026-04-04T21:58:00Z,0
APP-01576,income,30154.0,2026-04-05T02:48:00Z,2026-04-03T06:29:00Z,0
APP-01576,months_employed,175.0,2026-04-05T02:48:00Z,2026-03-29T20:18:00Z,0
APP-01576,prior_delinquencies,0.0,2026-04-05T02:48:00Z,2026-04-04T06:07:00Z,0
APP-01577,credit_utilization,0.493,2026-04-05T04:59:00Z,2026-04-04T06:24:00Z,0
APP-01577,debt_to_income,0.255,2026-04-05T04:59:00Z,2026-04-02T16:58:00Z,0
APP-01577,income,95205.0,2026-04-05T04:59:00Z,2026-03-11T01:29:00Z,0
APP-01577,months_employed,149.0,2026-04-05T04:59:00Z,2026-04-04T01:32:00Z,0
APP-01577,prior_delinquencies,0.0,2026-04-05T04:59:00Z,2026-04-03T03:13:00Z,0
APP-01578,credit_utilization,0.601,2026-04-05T06:39:00Z,2026-04-04T12:45:00Z,0
APP-01578,debt_to_income,0.534,2026-04-05T06:39:00Z,2026-04-02T14:37:00Z,0
APP-01578,income,58516.0,2026-04-05T06:39:00Z,2026-03-14T04:21:00Z,0
APP-01578,months_employed,234.0,2026-04-05T06:39:00Z,2026-03-31T06:12:00Z,0
APP-01578,prior_delinquencies,1.0,2026-04-05T06:39:00Z,2026-04-02T03:23:00Z,0
APP-01579,credit_utilization,0.391,2026-04-05T07:25:00Z,2026-04-04T00:57:00Z,0
APP-01579,debt_to_income,0.42,2026-04-05T07:25:00Z,2026-04-02T12:32:00Z,0
APP-01579,income,53626.0,2026-04-05T07:25:00Z,2026-03-06T19:57:00Z,0
APP-01579,months_employed,40.0,2026-04-05T07:25:00Z,2026-03-30T02:44:00Z,0
APP-01579,prior_delinquencies,2.0,2026-04-05T07:25:00Z,2026-04-03T06:04:00Z,0
APP-01580,credit_utilization,0.309,2026-04-05T08:47:00Z,2026-04-04T18:18:00Z,0
APP-01580,debt_to_income,0.27,2026-04-05T08:47:00Z,2026-04-03T04:21:00Z,0
APP-01580,income,42542.0,2026-04-05T08:47:00Z,2026-04-01T20:26:00Z,0
APP-01580,months_employed,86.0,2026-04-05T08:47:00Z,2026-03-26T23:05:00Z,0
APP-01580,prior_delinquencies,0.0,2026-04-05T08:47:00Z,2026-04-03T20:27:00Z,0
APP-01581,credit_utilization,0.467,2026-04-05T09:26:00Z,2026-04-05T05:39:00Z,1
APP-01581,debt_to_income,0.635,2026-04-05T09:26:00Z,2026-04-05T04:33:00Z,1
APP-01581,income,32486.0,2026-04-05T09:26:00Z,2026-04-01T19:26:00Z,1
APP-01581,months_employed,99.0,2026-04-05T09:26:00Z,2026-03-30T02:34:00Z,1
APP-01581,prior_delinquencies,0.0,2026-04-05T09:26:00Z,2026-04-02T01:57:00Z,1
APP-01582,credit_utilization,0.609,2026-04-05T10:00:00Z,2026-04-04T00:29:00Z,1
APP-01582,debt_to_income,0.542,2026-04-05T10:00:00Z,2026-04-03T18:03:00Z,1
APP-01582,income,77541.0,2026-04-05T10:00:00Z,2026-03-26T09:40:00Z,1
APP-01582,months_employed,232.0,2026-04-05T10:00:00Z,2026-04-02T13:56:00Z,1
APP-01582,prior_delinquencies,3.0,2026-04-05T10:00:00Z,2026-04-03T22:10:00Z,1
APP-01583,credit_utilization,0.308,2026-04-05T12:23:00Z,2026-04-04T16:34:00Z,0
APP-01583,debt_to_income,0.257,2026-04-05T12:23:00Z,2026-04-05T07:27:00Z,0
APP-01583,income,35594.0,2026-04-05T12:23:00Z,2026-03-23T18:10:00Z,0
APP-01583,months_employed,233.0,2026-04-05T12:23:00Z,2026-03-24T13:42:00Z,0
APP-01583,prior_delinquencies,0.0,2026-04-05T12:23:00Z,2026-04-05T05:34:00Z,0
APP-01584,credit_utilization,0.315,2026-04-05T16:30:00Z,2026-04-03T16:44:00Z,0
APP-01584,debt_to_income,0.285,2026-04-05T16:30:00Z,2026-04-03T08:15:00Z,0
APP-01584,income,87480.0,2026-04-05T16:30:00Z,2026-03-28T11:26:00Z,0
APP-01584,months_employed,196.0,2026-04-05T16:30:00Z,2026-03-27T00:03:00Z,0
APP-01584,prior_delinquencies,0.0,2026-04-05T16:30:00Z,2026-04-05T05:21:00Z,0
APP-01585,credit_utilization,0.345,2026-04-05T16:59:00Z,2026-04-03T17:47:00Z,1
APP-01585,debt_to_income,0.334,2026-04-05T16:59:00Z,2026-04-05T14:06:00Z,1
APP-01585,income,30096.0,2026-04-05T16:59:00Z,2026-03-16T16:46:00Z,1
APP-01585,months_employed,10.0,2026-04-05T16:59:00Z,2026-03-23T22:03:00Z,1
APP-01585,prior_delinquencies,2.0,2026-04-05T16:59:00Z,2026-04-03T12:34:00Z,1
APP-01586,credit_utilization,0.243,2026-04-05T17:48:00Z,2026-04-05T02:49:00Z,0
APP-01586,debt_to_income,0.273,2026-04-05T17:48:00Z,2026-04-05T11:29:00Z,0
APP-01586,income,104606.0,2026-04-05T17:48:00Z,2026-03-28T06:54:00Z,0
APP-01586,months_employed,202.0,2026-04-05T17:48:00Z,2026-03-26T22:34:00Z,0
APP-01586,prior_delinquencies,0.0,2026-04-05T17:48:00Z,2026-04-05T08:05:00Z,0
APP-01587,credit_utilization,0.13,2026-04-05T19:25:00Z,2026-04-05T15:25:00Z,0
APP-01587,debt_to_income,0.352,2026-04-05T19:25:00Z,2026-04-04T05:02:00Z,0
APP-01587,income,58927.0,2026-04-05T19:25:00Z,2026-03-15T09:01:00Z,0
APP-01587,months_employed,238.0,2026-04-05T19:25:00Z,2026-03-23T17:05:00Z,0
APP-01587,prior_delinquencies,0.0,2026-04-05T19:25:00Z,2026-04-05T03:49:00Z,0
APP-01588,credit_utilization,0.498,2026-04-05T19:38:00Z,2026-04-05T08:35:00Z,1
APP-01588,debt_to_income,0.415,2026-04-05T19:38:00Z,2026-04-04T14:08:00Z,1
APP-01588,income,67259.0,2026-04-05T19:38:00Z,2026-03-20T20:44:00Z,1
APP-01588,months_employed,180.0,2026-04-05T19:38:00Z,2026-03-29T03:06:00Z,1
APP-01588,prior_delinquencies,0.0,2026-04-05T19:38:00Z,2026-04-02T13:06:00Z,1
APP-01589,credit_utilization,0.314,2026-04-05T20:27:00Z,2026-04-05T14:05:00Z,1
APP-01589,debt_to_income,0.409,2026-04-05T20:27:00Z,2026-04-03T06:19:00Z,1
APP-01589,income,29406.0,2026-04-05T20:27:00Z,2026-04-01T18:01:00Z,1
APP-01589,months_employed,227.0,2026-04-05T20:27:00Z,2026-04-01T09:44:00Z,1
APP-01589,prior_delinquencies,1.0,2026-04-05T20:27:00Z,2026-04-03T15:41:00Z,1
APP-01590,credit_utilization,0.509,2026-04-06T00:19:00Z,2026-04-04T14:17:00Z,0
APP-01590,debt_to_income,0.335,2026-04-06T00:19:00Z,2026-04-05T06:52:00Z,0
APP-01590,income,71690.0,2026-04-06T00:19:00Z,2026-03-31T08:43:00Z,0
APP-01590,months_employed,153.0,2026-04-06T00:19:00Z,2026-03-31T10:06:00Z,0
APP-01590,prior_delinquencies,0.0,2026-04-06T00:19:00Z,2026-04-03T16:47:00Z,0
APP-01591,credit_utilization,0.239,2026-04-06T00:44:00Z,2026-04-05T19:14:00Z,0
APP-01591,debt_to_income,0.344,2026-04-06T00:44:00Z,2026-04-03T00:48:00Z,0
APP-01591,income,44338.0,2026-04-06T00:44:00Z,2026-03-26T11:32:00Z,0
APP-01591,months_employed,228.0,2026-04-06T00:44:00Z,2026-03-27T21:05:00Z,0
APP-01591,prior_delinquencies,1.0,2026-04-06T00:44:00Z,2026-04-03T17:20:00Z,0
APP-01592,credit_utilization,0.706,2026-04-06T01:02:00Z,2026-04-05T20:16:00Z,1
APP-01592,debt_to_income,0.36,2026-04-06T01:02:00Z,2026-04-05T06:15:00Z,1
APP-01592,income,11774.0,2026-04-06T01:02:00Z,2026-03-11T06:46:00Z,1
APP-01592,months_employed,113.0,2026-04-06T01:02:00Z,2026-03-24T05:32:00Z,1
APP-01592,prior_delinquencies,3.0,2026-04-06T01:02:00Z,2026-04-04T19:26:00Z,1
APP-01593,credit_utilization,0.386,2026-04-06T02:38:00Z,2026-04-06T00:38:00Z,0
APP-01593,debt_to_income,0.3,2026-04-06T02:38:00Z,2026-04-03T22:36:00Z,0
APP-01593,income,119369.0,2026-04-06T02:38:00Z,2026-03-09T06:07:00Z,0
APP-01593,months_employed,164.0,2026-04-06T02:38:00Z,2026-04-01T02:29:00Z,0
APP-01593,prior_delinquencies,1.0,2026-04-06T02:38:00Z,2026-04-02T18:05:00Z,0
APP-01594,credit_utilization,0.76,2026-04-06T03:29:00Z,2026-04-05T21:38:00Z,0
APP-01594,debt_to_income,0.46,2026-04-06T03:29:00Z,2026-04-06T02:08:00Z,0
APP-01594,income,35789.0,2026-04-06T03:29:00Z,2026-03-31T09:16:00Z,0
APP-01594,months_employed,131.0,2026-04-06T03:29:00Z,2026-04-03T21:38:00Z,0
APP-01594,prior_delinquencies,0.0,2026-04-06T03:29:00Z,2026-04-02T13:52:00Z,0
APP-01595,credit_utilization,0.472,2026-04-06T04:05:00Z,2026-04-05T15:20:00Z,0
APP-01595,debt_to_income,0.379,2026-04-06T04:05:00Z,2026-04-05T17:27:00Z,0
APP-01595,income,23177.0,2026-04-06T04:05:00Z,2026-03-12T07:35:00Z,0
APP-01595,months_employed,154.0,2026-04-06T04:05:00Z,2026-03-31T08:27:00Z,0
APP-01595,prior_delinquencies,1.0,2026-04-06T04:05:00Z,2026-04-03T11:28:00Z,0
APP-01596,credit_utilization,0.227,2026-04-06T08:46:00Z,2026-04-05T22:58:00Z,1
APP-01596,debt_to_income,0.373,2026-04-06T08:46:00Z,2026-04-03T21:00:00Z,1
APP-01596,income,50936.0,2026-04-06T08:46:00Z,2026-03-25T18:54:00Z,1
APP-01596,months_employed,200.0,2026-04-06T08:46:00Z,2026-04-01T09:22:00Z,1
APP-01596,prior_delinquencies,2.0,2026-04-06T08:46:00Z,2026-04-05T04:20:00Z,1
APP-01597,credit_utilization,0.329,2026-04-06T10:48:00Z,2026-04-06T01:12:00Z,0
APP-01597,debt_to_income,0.365,2026-04-06T10:48:00Z,2026-04-04T20:27:00Z,0
APP-01597,income,33799.0,2026-04-06T10:48:00Z,2026-03-24T01:57:00Z,0
APP-01597,months_employed,155.0,2026-04-06T10:48:00Z,2026-03-28T07:56:00Z,0
APP-01597,prior_delinquencies,1.0,2026-04-06T10:48:00Z,2026-04-05T09:55:00Z,0
APP-01598,credit_utilization,0.606,2026-04-06T12:03:00Z,2026-04-05T04:23:00Z,0
APP-01598,debt_to_income,0.299,2026-04-06T12:03:00Z,2026-04-03T21:03:00Z,0
APP-01598,income,34100.0,2026-04-06T12:03:00Z,2026-04-03T14:40:00Z,0
APP-01598,months_employed,4.0,2026-04-06T12:03:00Z,2026-04-02T17:32:00Z,0
APP-01598,prior_delinquencies,0.0,2026-04-06T12:03:00Z,2026-04-06T04:50:00Z,0
APP-01599,credit_utilization,0.486,2026-04-06T13:14:00Z,2026-04-04T23:38:00Z,1
APP-01599,debt_to_income,0.551,2026-04-06T13:14:00Z,2026-04-06T00:25:00Z,1
APP-01599,income,51669.0,2026-04-06T13:14:00Z,2026-03-29T07:41:00Z,1
APP-01599,months_employed,61.0,2026-04-06T13:14:00Z,2026-03-23T17:11:00Z,1
APP-01599,prior_delinquencies,1.0,2026-04-06T13:14:00Z,2026-04-03T09:16:00Z,1
APP-01600,credit_utilization,0.409,2026-04-06T14:33:00Z,2026-04-04T20:17:00Z,0
APP-01600,debt_to_income,0.379,2026-04-06T14:33:00Z,2026-04-04T11:28:00Z,0
APP-01600,income,61007.0,2026-04-06T14:33:00Z,2026-03-22T22:18:00Z,0
APP-01600,months_employed,238.0,2026-04-06T14:33:00Z,2026-03-28T11:42:00Z,0
APP-01600,prior_delinquencies,0.0,2026-04-06T14:33:00Z,2026-04-04T03:34:00Z,0
APP-01601,credit_utilization,0.505,2026-04-06T14:37:00Z,2026-04-05T09:31:00Z,0
APP-01601,debt_to_income,0.306,2026-04-06T14:37:00Z,2026-04-04T07:00:00Z,0
APP-01601,income,28759.0,2026-04-06T14:37:00Z,2026-04-03T21:59:00Z,0
APP-01601,months_employed,68.0,2026-04-06T14:37:00Z,2026-03-27T12:34:00Z,0
APP-01601,prior_delinquencies,0.0,2026-04-06T14:37:00Z,2026-04-04T23:48:00Z,0
APP-01602,credit_utilization,0.341,2026-04-06T15:25:00Z,2026-04-04T23:50:00Z,0
APP-01602,debt_to_income,0.29,2026-04-06T15:25:00Z,2026-04-05T01:23:00Z,0
APP-01602,income,22406.0,2026-04-06T15:25:00Z,2026-03-14T08:30:00Z,0
APP-01602,months_employed,182.0,2026-04-06T15:25:00Z,2026-04-05T15:08:00Z,0
APP-01602,prior_delinquencies,0.0,2026-04-06T15:25:00Z,2026-04-06T04:06:00Z,0
APP-01603,credit_utilization,0.207,2026-04-06T15:42:00Z,2026-04-05T02:29:00Z,0
APP-01603,debt_to_income,0.417,2026-04-06T15:42:00Z,2026-04-05T11:36:00Z,0
APP-01603,income,44044.0,2026-04-06T15:42:00Z,2026-03-15T05:48:00Z,0
APP-01603,months_employed,237.0,2026-04-06T15:42:00Z,2026-03-25T11:55:00Z,0
APP-01603,prior_delinquencies,0.0,2026-04-06T15:42:00Z,2026-04-04T02:05:00Z,0
APP-01604,credit_utilization,0.271,2026-04-06T17:24:00Z,2026-04-05T23:33:00Z,0
APP-01604,debt_to_income,0.314,2026-04-06T17:24:00Z,2026-04-06T07:32:00Z,0
APP-01604,income,74883.0,2026-04-06T17:24:00Z,2026-03-21T01:10:00Z,0
APP-01604,months_employed,207.0,2026-04-06T17:24:00Z,2026-03-29T00:27:00Z,0
APP-01604,prior_delinquencies,0.0,2026-04-06T17:24:00Z,2026-04-03T13:49:00Z,0
APP-01605,credit_utilization,0.566,2026-04-06T17:33:00Z,2026-04-06T16:26:00Z,1
APP-01605,debt_to_income,0.56,2026-04-06T17:33:00Z,2026-04-06T01:20:00Z,1
APP-01605,income,57361.0,2026-04-06T17:33:00Z,2026-03-19T09:22:00Z,1
APP-01605,months_employed,58.0,2026-04-06T17:33:00Z,2026-04-02T07:01:00Z,1
APP-01605,prior_delinquencies,0.0,2026-04-06T17:33:00Z,2026-04-03T08:05:00Z,1
APP-01606,credit_utilization,0.468,2026-04-06T22:50:00Z,2026-04-05T17:56:00Z,0
APP-01606,debt_to_income,0.189,2026-04-06T22:50:00Z,2026-04-05T01:52:00Z,0
APP-01606,income,94806.0,2026-04-06T22:50:00Z,2026-03-29T11:11:00Z,0
APP-01606,months_employed,204.0,2026-04-06T22:50:00Z,2026-03-26T23:32:00Z,0
APP-01606,prior_delinquencies,3.0,2026-04-06T22:50:00Z,2026-04-06T10:02:00Z,0
APP-01607,credit_utilization,0.077,2026-04-06T22:56:00Z,2026-04-05T03:04:00Z,0
APP-01607,debt_to_income,0.341,2026-04-06T22:56:00Z,2026-04-04T04:08:00Z,0
APP-01607,income,68659.0,2026-04-06T22:56:00Z,2026-03-11T04:26:00Z,0
APP-01607,months_employed,194.0,2026-04-06T22:56:00Z,2026-03-26T23:19:00Z,0
APP-01607,prior_delinquencies,0.0,2026-04-06T22:56:00Z,2026-04-03T13:32:00Z,0
APP-01608,credit_utilization,0.51,2026-04-07T01:33:00Z,2026-04-06T10:41:00Z,1
APP-01608,debt_to_income,0.456,2026-04-07T01:33:00Z,2026-04-04T02:39:00Z,1
APP-01608,income,53449.0,2026-04-07T01:33:00Z,2026-03-22T01:22:00Z,1
APP-01608,months_employed,0.0,2026-04-07T01:33:00Z,2026-04-05T11:03:00Z,1
APP-01608,prior_delinquencies,1.0,2026-04-07T01:33:00Z,2026-04-04T19:59:00Z,1
APP-01609,credit_utilization,0.503,2026-04-07T01:45:00Z,2026-04-05T20:53:00Z,0
APP-01609,debt_to_income,0.315,2026-04-07T01:45:00Z,2026-04-05T16:04:00Z,0
APP-01609,income,40375.0,2026-04-07T01:45:00Z,2026-03-08T04:50:00Z,0
APP-01609,months_employed,142.0,2026-04-07T01:45:00Z,2026-03-27T10:37:00Z,0
APP-01609,prior_delinquencies,1.0,2026-04-07T01:45:00Z,2026-04-06T20:04:00Z,0
APP-01610,credit_utilization,0.423,2026-04-07T02:21:00Z,2026-04-05T12:18:00Z,0
APP-01610,debt_to_income,0.344,2026-04-07T02:21:00Z,2026-04-04T04:45:00Z,0
APP-01610,income,29568.0,2026-04-07T02:21:00Z,2026-03-19T23:14:00Z,0
APP-01610,months_employed,201.0,2026-04-07T02:21:00Z,2026-03-31T01:36:00Z,0
APP-01610,prior_delinquencies,1.0,2026-04-07T02:21:00Z,2026-04-06T17:25:00Z,0
APP-01611,credit_utilization,0.451,2026-04-07T02:29:00Z,2026-04-07T01:02:00Z,0
APP-01611,debt_to_income,0.465,2026-04-07T02:29:00Z,2026-04-06T02:18:00Z,0
APP-01611,income,50933.0,2026-04-07T02:29:00Z,2026-04-05T02:54:00Z,0
APP-01611,months_employed,102.0,2026-04-07T02:29:00Z,2026-04-02T05:49:00Z,0
APP-01611,prior_delinquencies,0.0,2026-04-07T02:29:00Z,2026-04-03T06:28:00Z,0
APP-01612,credit_utilization,0.618,2026-04-07T07:25:00Z,2026-04-06T09:48:00Z,0
APP-01612,debt_to_income,0.439,2026-04-07T07:25:00Z,2026-04-06T20:40:00Z,0
APP-01612,income,77136.0,2026-04-07T07:25:00Z,2026-03-27T16:33:00Z,0
APP-01612,months_employed,226.0,2026-04-07T07:25:00Z,2026-03-28T12:53:00Z,0
APP-01612,prior_delinquencies,1.0,2026-04-07T07:25:00Z,2026-04-05T21:54:00Z,0
APP-01613,credit_utilization,0.198,2026-04-07T07:41:00Z,2026-04-06T09:54:00Z,0
APP-01613,debt_to_income,0.264,2026-04-07T07:41:00Z,2026-04-06T01:51:00Z,0
APP-01613,income,60769.0,2026-04-07T07:41:00Z,2026-03-16T14:10:00Z,0
APP-01613,months_employed,1.0,2026-04-07T07:41:00Z,2026-03-28T23:04:00Z,0
APP-01613,prior_delinquencies,0.0,2026-04-07T07:41:00Z,2026-04-05T09:40:00Z,0
APP-01614,credit_utilization,0.445,2026-04-07T08:38:00Z,2026-04-06T01:53:00Z,0
APP-01614,debt_to_income,0.391,2026-04-07T08:38:00Z,2026-04-04T15:43:00Z,0
APP-01614,income,65369.0,2026-04-07T08:38:00Z,2026-03-14T10:03:00Z,0
APP-01614,months_employed,5.0,2026-04-07T08:38:00Z,2026-03-27T06:47:00Z,0
APP-01614,prior_delinquencies,0.0,2026-04-07T08:38:00Z,2026-04-04T16:36:00Z,0
APP-01615,credit_utilization,0.156,2026-04-07T09:43:00Z,2026-04-06T15:01:00Z,0
APP-01615,debt_to_income,0.278,2026-04-07T09:43:00Z,2026-04-05T14:41:00Z,0
APP-01615,income,77979.0,2026-04-07T09:43:00Z,2026-03-31T15:37:00Z,0
APP-01615,months_employed,61.0,2026-04-07T09:43:00Z,2026-04-03T16:18:00Z,0
APP-01615,prior_delinquencies,0.0,2026-04-07T09:43:00Z,2026-04-03T12:02:00Z,0
APP-01616,credit_utilization,0.287,2026-04-07T10:34:00Z,2026-04-06T06:22:00Z,0
APP-01616,debt_to_income,0.431,2026-04-07T10:34:00Z,2026-04-07T05:16:00Z,0
APP-01616,income,114715.0,2026-04-07T10:34:00Z,2026-03-21T17:29:00Z,0
APP-01616,months_employed,59.0,2026-04-07T10:34:00Z,2026-03-30T03:01:00Z,0
APP-01616,prior_delinquencies,0.0,2026-04-07T10:34:00Z,2026-04-05T22:29:00Z,0
APP-01617,credit_utilization,0.225,2026-04-07T13:18:00Z,2026-04-05T18:42:00Z,0
APP-01617,debt_to_income,0.216,2026-04-07T13:18:00Z,2026-04-07T11:14:00Z,0
APP-01617,income,52798.0,2026-04-07T13:18:00Z,2026-04-05T00:16:00Z,0
APP-01617,months_employed,195.0,2026-04-07T13:18:00Z,2026-04-02T20:42:00Z,0
APP-01617,prior_delinquencies,0.0,2026-04-07T13:18:00Z,2026-04-06T07:13:00Z,0
APP-01618,credit_utilization,0.331,2026-04-07T17:43:00Z,2026-04-07T11:13:00Z,0
APP-01618,debt_to_income,0.425,2026-04-07T17:43:00Z,2026-04-06T10:49:00Z,0
APP-01618,income,53323.0,2026-04-07T17:43:00Z,2026-03-28T10:27:00Z,0
APP-01618,months_employed,219.0,2026-04-07T17:43:00Z,2026-03-31T15:24:00Z,0
APP-01618,prior_delinquencies,0.0,2026-04-07T17:43:00Z,2026-04-07T09:19:00Z,0
APP-01619,credit_utilization,0.602,2026-04-07T18:38:00Z,2026-04-07T08:32:00Z,0
APP-01619,debt_to_income,0.38,2026-04-07T18:38:00Z,2026-04-06T23:59:00Z,0
APP-01619,income,45860.0,2026-04-07T18:38:00Z,2026-03-12T03:38:00Z,0
APP-01619,months_employed,216.0,2026-04-07T18:38:00Z,2026-03-27T22:34:00Z,0
APP-01619,prior_delinquencies,0.0,2026-04-07T18:38:00Z,2026-04-06T21:02:00Z,0
APP-01620,credit_utilization,0.476,2026-04-07T20:03:00Z,2026-04-06T10:30:00Z,0
APP-01620,debt_to_income,0.416,2026-04-07T20:03:00Z,2026-04-05T04:47:00Z,0
APP-01620,income,64327.0,2026-04-07T20:03:00Z,2026-03-18T12:37:00Z,0
APP-01620,months_employed,83.0,2026-04-07T20:03:00Z,2026-03-26T05:48:00Z,0
APP-01620,prior_delinquencies,1.0,2026-04-07T20:03:00Z,2026-04-06T01:08:00Z,0
APP-01621,credit_utilization,0.109,2026-04-07T20:28:00Z,2026-04-07T11:29:00Z,0
APP-01621,debt_to_income,0.252,2026-04-07T20:28:00Z,2026-04-04T21:24:00Z,0
APP-01621,income,49387.0,2026-04-07T20:28:00Z,2026-03-25T19:41:00Z,0
APP-01621,months_employed,18.0,2026-04-07T20:28:00Z,2026-03-26T02:00:00Z,0
APP-01621,prior_delinquencies,0.0,2026-04-07T20:28:00Z,2026-04-04T07:26:00Z,0
APP-01622,credit_utilization,0.452,2026-04-07T21:14:00Z,2026-04-06T12:31:00Z,0
APP-01622,debt_to_income,0.502,2026-04-07T21:14:00Z,2026-04-06T09:15:00Z,0
APP-01622,income,77368.0,2026-04-07T21:14:00Z,2026-03-29T07:52:00Z,0
APP-01622,months_employed,133.0,2026-04-07T21:14:00Z,2026-04-06T06:54:00Z,0
APP-01622,prior_delinquencies,1.0,2026-04-07T21:14:00Z,2026-04-07T12:35:00Z,0
APP-01623,credit_utilization,0.295,2026-04-07T22:15:00Z,2026-04-07T20:55:00Z,0
APP-01623,debt_to_income,0.01,2026-04-07T22:15:00Z,2026-04-06T12:58:00Z,0
APP-01623,income,82061.0,2026-04-07T22:15:00Z,2026-03-26T17:50:00Z,0
APP-01623,months_employed,196.0,2026-04-07T22:15:00Z,2026-04-03T04:34:00Z,0
APP-01623,prior_delinquencies,0.0,2026-04-07T22:15:00Z,2026-04-06T06:53:00Z,0
APP-01624,credit_utilization,0.571,2026-04-07T23:22:00Z,2026-04-07T21:41:00Z,0
APP-01624,debt_to_income,0.41,2026-04-07T23:22:00Z,2026-04-07T05:41:00Z,0
APP-01624,income,39990.0,2026-04-07T23:22:00Z,2026-03-29T12:55:00Z,0
APP-01624,months_employed,154.0,2026-04-07T23:22:00Z,2026-03-27T19:18:00Z,0
APP-01624,prior_delinquencies,2.0,2026-04-07T23:22:00Z,2026-04-04T22:25:00Z,0
APP-01625,credit_utilization,0.683,2026-04-08T04:48:00Z,2026-04-07T03:20:00Z,0
APP-01625,debt_to_income,0.244,2026-04-08T04:48:00Z,2026-04-06T17:45:00Z,0
APP-01625,income,43353.0,2026-04-08T04:48:00Z,2026-04-05T22:35:00Z,0
APP-01625,months_employed,220.0,2026-04-08T04:48:00Z,2026-03-30T12:58:00Z,0
APP-01625,prior_delinquencies,0.0,2026-04-08T04:48:00Z,2026-04-05T18:29:00Z,0
APP-01626,credit_utilization,0.74,2026-04-08T11:40:00Z,2026-04-06T12:33:00Z,0
APP-01626,debt_to_income,0.447,2026-04-08T11:40:00Z,2026-04-07T14:51:00Z,0
APP-01626,income,41307.0,2026-04-08T11:40:00Z,2026-03-23T20:55:00Z,0
APP-01626,months_employed,117.0,2026-04-08T11:40:00Z,2026-04-06T14:13:00Z,0
APP-01626,prior_delinquencies,0.0,2026-04-08T11:40:00Z,2026-04-07T07:50:00Z,0
APP-01627,credit_utilization,0.404,2026-04-08T11:48:00Z,2026-04-07T22:24:00Z,1
APP-01627,debt_to_income,0.615,2026-04-08T11:48:00Z,2026-04-08T10:26:00Z,1
APP-01627,income,38288.0,2026-04-08T11:48:00Z,2026-03-24T21:58:00Z,1
APP-01627,months_employed,186.0,2026-04-08T11:48:00Z,2026-04-07T08:07:00Z,1
APP-01627,prior_delinquencies,0.0,2026-04-08T11:48:00Z,2026-04-07T07:54:00Z,1
APP-01628,credit_utilization,0.601,2026-04-08T14:18:00Z,2026-04-07T12:03:00Z,0
APP-01628,debt_to_income,0.584,2026-04-08T14:18:00Z,2026-04-08T13:01:00Z,0
APP-01628,income,34981.0,2026-04-08T14:18:00Z,2026-04-05T01:25:00Z,0
APP-01628,months_employed,190.0,2026-04-08T14:18:00Z,2026-04-03T16:12:00Z,0
APP-01628,prior_delinquencies,1.0,2026-04-08T14:18:00Z,2026-04-05T07:43:00Z,0
APP-01629,credit_utilization,0.47,2026-04-08T15:26:00Z,2026-04-06T18:57:00Z,0
APP-01629,debt_to_income,0.16,2026-04-08T15:26:00Z,2026-04-08T03:41:00Z,0
APP-01629,income,58487.0,2026-04-08T15:26:00Z,2026-03-17T20:46:00Z,0
APP-01629,months_employed,140.0,2026-04-08T15:26:00Z,2026-04-06T19:24:00Z,0
APP-01629,prior_delinquencies,0.0,2026-04-08T15:26:00Z,2026-04-08T03:55:00Z,0
APP-01630,credit_utilization,0.418,2026-04-08T16:02:00Z,2026-04-07T02:27:00Z,1
APP-01630,debt_to_income,0.356,2026-04-08T16:02:00Z,2026-04-07T04:30:00Z,1
APP-01630,income,19750.0,2026-04-08T16:02:00Z,2026-03-27T03:39:00Z,1
APP-01630,months_employed,23.0,2026-04-08T16:02:00Z,2026-04-03T13:26:00Z,1
APP-01630,prior_delinquencies,2.0,2026-04-08T16:02:00Z,2026-04-06T22:10:00Z,1
APP-01631,credit_utilization,0.307,2026-04-08T16:11:00Z,2026-04-06T20:15:00Z,0
APP-01631,debt_to_income,0.285,2026-04-08T16:11:00Z,2026-04-08T12:51:00Z,0
APP-01631,income,47323.0,2026-04-08T16:11:00Z,2026-03-22T22:01:00Z,0
APP-01631,months_employed,79.0,2026-04-08T16:11:00Z,2026-03-30T06:03:00Z,0
APP-01631,prior_delinquencies,0.0,2026-04-08T16:11:00Z,2026-04-07T22:25:00Z,0
APP-01632,credit_utilization,0.369,2026-04-08T16:14:00Z,2026-04-06T18:40:00Z,0
APP-01632,debt_to_income,0.352,2026-04-08T16:14:00Z,2026-04-06T21:41:00Z,0
APP-01632,income,85997.0,2026-04-08T16:14:00Z,2026-03-28T16:51:00Z,0
APP-01632,months_employed,207.0,2026-04-08T16:14:00Z,2026-03-31T23:36:00Z,0
APP-01632,prior_delinquencies,1.0,2026-04-08T16:14:00Z,2026-04-07T21:29:00Z,0
APP-01633,credit_utilization,0.224,2026-04-08T19:37:00Z,2026-04-06T21:55:00Z,0
APP-01633,debt_to_income,0.364,2026-04-08T19:37:00Z,2026-04-07T08:35:00Z,0
APP-01633,income,49068.0,2026-04-08T19:37:00Z,2026-03-23T19:55:00Z,0
APP-01633,months_employed,228.0,2026-04-08T19:37:00Z,2026-03-31T21:41:00Z,0
APP-01633,prior_delinquencies,2.0,2026-04-08T19:37:00Z,2026-04-06T14:29:00Z,0
APP-01634,credit_utilization,0.21,2026-04-08T21:12:00Z,2026-04-08T08:39:00Z,0
APP-01634,debt_to_income,0.277,2026-04-08T21:12:00Z,2026-04-05T22:54:00Z,0
APP-01634,income,98253.0,2026-04-08T21:12:00Z,2026-03-10T10:23:00Z,0
APP-01634,months_employed,2.0,2026-04-08T21:12:00Z,2026-03-27T02:01:00Z,0
APP-01634,prior_delinquencies,0.0,2026-04-08T21:12:00Z,2026-04-06T04:09:00Z,0
APP-01635,credit_utilization,0.541,2026-04-08T21:39:00Z,2026-04-08T10:36:00Z,0
APP-01635,debt_to_income,0.336,2026-04-08T21:39:00Z,2026-04-06T22:15:00Z,0
APP-01635,income,74220.0,2026-04-08T21:39:00Z,2026-03-31T13:24:00Z,0
APP-01635,months_employed,175.0,2026-04-08T21:39:00Z,2026-03-26T23:24:00Z,0
APP-01635,prior_delinquencies,0.0,2026-04-08T21:39:00Z,2026-04-05T08:56:00Z,0
APP-01636,credit_utilization,0.151,2026-04-08T23:16:00Z,2026-04-08T08:17:00Z,0
APP-01636,debt_to_income,0.373,2026-04-08T23:16:00Z,2026-04-08T19:34:00Z,0
APP-01636,income,77784.0,2026-04-08T23:16:00Z,2026-03-16T07:20:00Z,0
APP-01636,months_employed,141.0,2026-04-08T23:16:00Z,2026-03-31T08:29:00Z,0
APP-01636,prior_delinquencies,0.0,2026-04-08T23:16:00Z,2026-04-08T10:13:00Z,0
APP-01637,credit_utilization,0.175,2026-04-09T00:46:00Z,2026-04-08T16:23:00Z,0
APP-01637,debt_to_income,0.266,2026-04-09T00:46:00Z,2026-04-06T17:34:00Z,0
APP-01637,income,60198.0,2026-04-09T00:46:00Z,2026-04-03T04:52:00Z,0
APP-01637,months_employed,0.0,2026-04-09T00:46:00Z,2026-04-04T20:12:00Z,0
APP-01637,prior_delinquencies,0.0,2026-04-09T00:46:00Z,2026-04-08T01:20:00Z,0
APP-01638,credit_utilization,0.333,2026-04-09T02:44:00Z,2026-04-08T01:45:00Z,0
APP-01638,debt_to_income,0.336,2026-04-09T02:44:00Z,2026-04-06T09:01:00Z,0
APP-01638,income,54217.0,2026-04-09T02:44:00Z,2026-03-20T02:45:00Z,0
APP-01638,months_employed,208.0,2026-04-09T02:44:00Z,2026-04-03T02:24:00Z,0
APP-01638,prior_delinquencies,0.0,2026-04-09T02:44:00Z,2026-04-08T22:07:00Z,0
APP-01639,credit_utilization,0.283,2026-04-09T05:16:00Z,2026-04-07T15:05:00Z,0
APP-01639,debt_to_income,0.365,2026-04-09T05:16:00Z,2026-04-08T07:17:00Z,0
APP-01639,income,66100.0,2026-04-09T05:16:00Z,2026-03-10T18:27:00Z,0
APP-01639,months_employed,91.0,2026-04-09T05:16:00Z,2026-04-01T07:17:00Z,0
APP-01639,prior_delinquencies,1.0,2026-04-09T05:16:00Z,2026-04-05T14:29:00Z,0
APP-01640,credit_utilization,0.287,2026-04-09T11:41:00Z,2026-04-07T16:27:00Z,0
APP-01640,debt_to_income,0.348,2026-04-09T11:41:00Z,2026-04-08T02:23:00Z,0
APP-01640,income,27813.0,2026-04-09T11:41:00Z,2026-03-21T14:07:00Z,0
APP-01640,months_employed,120.0,2026-04-09T11:41:00Z,2026-04-03T11:35:00Z,0
APP-01640,prior_delinquencies,0.0,2026-04-09T11:41:00Z,2026-04-08T06:25:00Z,0
APP-01641,credit_utilization,0.302,2026-04-09T13:16:00Z,2026-04-08T22:44:00Z,0
APP-01641,debt_to_income,0.399,2026-04-09T13:16:00Z,2026-04-06T15:13:00Z,0
APP-01641,income,89116.0,2026-04-09T13:16:00Z,2026-03-26T05:53:00Z,0
APP-01641,months_employed,212.0,2026-04-09T13:16:00Z,2026-04-06T10:13:00Z,0
APP-01641,prior_delinquencies,1.0,2026-04-09T13:16:00Z,2026-04-08T06:46:00Z,0
APP-01642,credit_utilization,0.296,2026-04-09T13:25:00Z,2026-04-09T10:02:00Z,0
APP-01642,debt_to_income,0.312,2026-04-09T13:25:00Z,2026-04-08T18:38:00Z,0
APP-01642,income,40004.0,2026-04-09T13:25:00Z,2026-03-24T16:07:00Z,0
APP-01642,months_employed,224.0,2026-04-09T13:25:00Z,2026-03-31T22:40:00Z,0
APP-01642,prior_delinquencies,2.0,2026-04-09T13:25:00Z,2026-04-09T08:23:00Z,0
APP-01643,credit_utilization,0.38,2026-04-09T14:42:00Z,2026-04-08T13:45:00Z,0
APP-01643,debt_to_income,0.245,2026-04-09T14:42:00Z,2026-04-08T08:20:00Z,0
APP-01643,income,64642.0,2026-04-09T14:42:00Z,2026-04-08T09:37:00Z,0
APP-01643,months_employed,187.0,2026-04-09T14:42:00Z,2026-04-01T09:32:00Z,0
APP-01643,prior_delinquencies,1.0,2026-04-09T14:42:00Z,2026-04-09T06:33:00Z,0
APP-01644,credit_utilization,0.632,2026-04-09T15:31:00Z,2026-04-09T13:40:00Z,0
APP-01644,debt_to_income,0.403,2026-04-09T15:31:00Z,2026-04-07T19:20:00Z,0
APP-01644,income,104684.0,2026-04-09T15:31:00Z,2026-04-03T01:53:00Z,0
APP-01644,months_employed,171.0,2026-04-09T15:31:00Z,2026-03-27T01:55:00Z,0
APP-01644,prior_delinquencies,0.0,2026-04-09T15:31:00Z,2026-04-08T04:35:00Z,0
APP-01645,credit_utilization,0.617,2026-04-09T17:45:00Z,2026-04-08T22:36:00Z,0
APP-01645,debt_to_income,0.256,2026-04-09T17:45:00Z,2026-04-08T02:34:00Z,0
APP-01645,income,45588.0,2026-04-09T17:45:00Z,2026-03-28T21:09:00Z,0
APP-01645,months_employed,238.0,2026-04-09T17:45:00Z,2026-03-29T21:31:00Z,0
APP-01645,prior_delinquencies,0.0,2026-04-09T17:45:00Z,2026-04-07T05:33:00Z,0
APP-01646,credit_utilization,0.594,2026-04-09T19:57:00Z,2026-04-08T11:38:00Z,0
APP-01646,debt_to_income,0.312,2026-04-09T19:57:00Z,2026-04-07T16:30:00Z,0
APP-01646,income,48894.0,2026-04-09T19:57:00Z,2026-03-27T11:31:00Z,0
APP-01646,months_employed,104.0,2026-04-09T19:57:00Z,2026-03-29T22:07:00Z,0
APP-01646,prior_delinquencies,1.0,2026-04-09T19:57:00Z,2026-04-09T04:31:00Z,0
APP-01647,credit_utilization,0.231,2026-04-09T19:59:00Z,2026-04-09T05:53:00Z,0
APP-01647,debt_to_income,0.188,2026-04-09T19:59:00Z,2026-04-08T17:39:00Z,0
APP-01647,income,57558.0,2026-04-09T19:59:00Z,2026-03-14T01:53:00Z,0
APP-01647,months_employed,126.0,2026-04-09T19:59:00Z,2026-04-03T23:42:00Z,0
APP-01647,prior_delinquencies,0.0,2026-04-09T19:59:00Z,2026-04-08T16:05:00Z,0
APP-01648,credit_utilization,0.384,2026-04-09T20:38:00Z,2026-04-08T00:06:00Z,0
APP-01648,debt_to_income,0.302,2026-04-09T20:38:00Z,2026-04-07T03:20:00Z,0
APP-01648,income,115369.0,2026-04-09T20:38:00Z,2026-03-13T18:16:00Z,0
APP-01648,months_employed,172.0,2026-04-09T20:38:00Z,2026-03-27T09:03:00Z,0
APP-01648,prior_delinquencies,0.0,2026-04-09T20:38:00Z,2026-04-06T23:09:00Z,0
APP-01649,credit_utilization,0.818,2026-04-09T21:32:00Z,2026-04-09T06:08:00Z,0
APP-01649,debt_to_income,0.215,2026-04-09T21:32:00Z,2026-04-08T18:58:00Z,0
APP-01649,income,22273.0,2026-04-09T21:32:00Z,2026-03-26T11:47:00Z,0
APP-01649,months_employed,11.0,2026-04-09T21:32:00Z,2026-03-28T19:43:00Z,0
APP-01649,prior_delinquencies,0.0,2026-04-09T21:32:00Z,2026-04-06T09:26:00Z,0
APP-01650,credit_utilization,0.217,2026-04-09T21:52:00Z,2026-04-08T13:51:00Z,0
APP-01650,debt_to_income,0.313,2026-04-09T21:52:00Z,2026-04-07T05:07:00Z,0
APP-01650,income,37519.0,2026-04-09T21:52:00Z,2026-03-15T07:41:00Z,0
APP-01650,months_employed,69.0,2026-04-09T21:52:00Z,2026-03-30T22:40:00Z,0
APP-01650,prior_delinquencies,1.0,2026-04-09T21:52:00Z,2026-04-08T22:46:00Z,0
APP-01651,credit_utilization,0.422,2026-04-09T23:54:00Z,2026-04-08T21:24:00Z,0
APP-01651,debt_to_income,0.43,2026-04-09T23:54:00Z,2026-04-09T00:44:00Z,0
APP-01651,income,62472.0,2026-04-09T23:54:00Z,2026-04-07T22:59:00Z,0
APP-01651,months_employed,79.0,2026-04-09T23:54:00Z,2026-04-08T21:12:00Z,0
APP-01651,prior_delinquencies,1.0,2026-04-09T23:54:00Z,2026-04-09T20:07:00Z,0
APP-01652,credit_utilization,0.53,2026-04-10T00:27:00Z,2026-04-08T19:18:00Z,1
APP-01652,debt_to_income,0.395,2026-04-10T00:27:00Z,2026-04-07T19:57:00Z,1
APP-01652,income,62816.0,2026-04-10T00:27:00Z,2026-04-07T21:48:00Z,1
APP-01652,months_employed,146.0,2026-04-10T00:27:00Z,2026-03-27T05:54:00Z,1
APP-01652,prior_delinquencies,0.0,2026-04-10T00:27:00Z,2026-04-07T01:18:00Z,1
APP-01653,credit_utilization,0.543,2026-04-10T02:14:00Z,2026-04-09T23:25:00Z,0
APP-01653,debt_to_income,0.345,2026-04-10T02:14:00Z,2026-04-07T17:21:00Z,0
APP-01653,income,47725.0,2026-04-10T02:14:00Z,2026-03-25T06:50:00Z,0
APP-01653,months_employed,196.0,2026-04-10T02:14:00Z,2026-03-30T10:12:00Z,0
APP-01653,prior_delinquencies,0.0,2026-04-10T02:14:00Z,2026-04-07T16:41:00Z,0
APP-01654,credit_utilization,0.0,2026-04-10T02:25:00Z,2026-04-09T05:42:00Z,0
APP-01654,debt_to_income,0.151,2026-04-10T02:25:00Z,2026-04-09T06:16:00Z,0
APP-01654,income,100020.0,2026-04-10T02:25:00Z,2026-03-25T07:34:00Z,0
APP-01654,months_employed,20.0,2026-04-10T02:25:00Z,2026-03-30T06:38:00Z,0
APP-01654,prior_delinquencies,0.0,2026-04-10T02:25:00Z,2026-04-06T16:52:00Z,0
APP-01655,credit_utilization,0.486,2026-04-10T04:15:00Z,2026-04-09T14:32:00Z,0
APP-01655,debt_to_income,0.51,2026-04-10T04:15:00Z,2026-04-07T15:22:00Z,0
APP-01655,income,28178.0,2026-04-10T04:15:00Z,2026-03-16T08:22:00Z,0
APP-01655,months_employed,165.0,2026-04-10T04:15:00Z,2026-04-03T17:20:00Z,0
APP-01655,prior_delinquencies,1.0,2026-04-10T04:15:00Z,2026-04-06T04:34:00Z,0
APP-01656,credit_utilization,0.194,2026-04-10T06:18:00Z,2026-04-08T22:43:00Z,0
APP-01656,debt_to_income,0.367,2026-04-10T06:18:00Z,2026-04-08T14:14:00Z,0
APP-01656,income,113323.0,2026-04-10T06:18:00Z,2026-03-25T11:46:00Z,0
APP-01656,months_employed,190.0,2026-04-10T06:18:00Z,2026-04-08T07:37:00Z,0
APP-01656,prior_delinquencies,0.0,2026-04-10T06:18:00Z,2026-04-06T10:49:00Z,0
APP-01657,credit_utilization,0.336,2026-04-10T07:00:00Z,2026-04-08T16:04:00Z,0
APP-01657,debt_to_income,0.322,2026-04-10T07:00:00Z,2026-04-08T04:32:00Z,0
APP-01657,income,76126.0,2026-04-10T07:00:00Z,2026-03-28T05:06:00Z,0
APP-01657,months_employed,5.0,2026-04-10T07:00:00Z,2026-04-07T10:39:00Z,0
APP-01657,prior_delinquencies,1.0,2026-04-10T07:00:00Z,2026-04-09T19:57:00Z,0
APP-01658,credit_utilization,0.344,2026-04-10T10:27:00Z,2026-04-08T12:27:00Z,0
APP-01658,debt_to_income,0.491,2026-04-10T10:27:00Z,2026-04-09T22:03:00Z,0
APP-01658,income,65270.0,2026-04-10T10:27:00Z,2026-03-21T08:22:00Z,0
APP-01658,months_employed,145.0,2026-04-10T10:27:00Z,2026-04-04T18:59:00Z,0
APP-01658,prior_delinquencies,0.0,2026-04-10T10:27:00Z,2026-04-08T08:38:00Z,0
APP-01659,credit_utilization,0.291,2026-04-10T11:04:00Z,2026-04-09T21:25:00Z,0
APP-01659,debt_to_income,0.348,2026-04-10T11:04:00Z,2026-04-08T05:40:00Z,0
APP-01659,income,62764.0,2026-04-10T11:04:00Z,2026-03-30T12:54:00Z,0
APP-01659,months_employed,161.0,2026-04-10T11:04:00Z,2026-03-29T07:43:00Z,0
APP-01659,prior_delinquencies,2.0,2026-04-10T11:04:00Z,2026-04-10T06:11:00Z,0
APP-01660,credit_utilization,0.323,2026-04-10T12:08:00Z,2026-04-09T19:37:00Z,0
APP-01660,debt_to_income,0.551,2026-04-10T12:08:00Z,2026-04-10T07:07:00Z,0
APP-01660,income,39250.0,2026-04-10T12:08:00Z,2026-03-25T00:11:00Z,0
APP-01660,months_employed,69.0,2026-04-10T12:08:00Z,2026-03-30T01:53:00Z,0
APP-01660,prior_delinquencies,0.0,2026-04-10T12:08:00Z,2026-04-08T05:26:00Z,0
APP-01661,credit_utilization,0.387,2026-04-10T12:33:00Z,2026-04-08T18:18:00Z,0
APP-01661,debt_to_income,0.315,2026-04-10T12:33:00Z,2026-04-09T05:39:00Z,0
APP-01661,income,76750.0,2026-04-10T12:33:00Z,2026-04-06T01:18:00Z,0
APP-01661,months_employed,48.0,2026-04-10T12:33:00Z,2026-04-07T16:34:00Z,0
APP-01661,prior_delinquencies,0.0,2026-04-10T12:33:00Z,2026-04-09T15:21:00Z,0
APP-01662,credit_utilization,0.487,2026-04-10T13:49:00Z,2026-04-10T07:53:00Z,0
APP-01662,debt_to_income,0.232,2026-04-10T13:49:00Z,2026-04-09T19:20:00Z,0
APP-01662,income,105319.0,2026-04-10T13:49:00Z,2026-04-09T08:29:00Z,0
APP-01662,months_employed,201.0,2026-04-10T13:49:00Z,2026-03-27T19:19:00Z,0
APP-01662,prior_delinquencies,1.0,2026-04-10T13:49:00Z,2026-04-10T07:40:00Z,0
APP-01663,credit_utilization,0.389,2026-04-10T14:55:00Z,2026-04-09T10:32:00Z,0
APP-01663,debt_to_income,0.261,2026-04-10T14:55:00Z,2026-04-07T15:14:00Z,0
APP-01663,income,64326.0,2026-04-10T14:55:00Z,2026-04-01T13:48:00Z,0
APP-01663,months_employed,194.0,2026-04-10T14:55:00Z,2026-04-05T01:19:00Z,0
APP-01663,prior_delinquencies,2.0,2026-04-10T14:55:00Z,2026-04-09T20:40:00Z,0
APP-01664,credit_utilization,0.392,2026-04-10T15:24:00Z,2026-04-09T00:31:00Z,0
APP-01664,debt_to_income,0.288,2026-04-10T15:24:00Z,2026-04-10T03:01:00Z,0
APP-01664,income,74759.0,2026-04-10T15:24:00Z,2026-03-25T02:06:00Z,0
APP-01664,months_employed,70.0,2026-04-10T15:24:00Z,2026-04-08T23:07:00Z,0
APP-01664,prior_delinquencies,0.0,2026-04-10T15:24:00Z,2026-04-09T05:48:00Z,0
APP-01665,credit_utilization,0.419,2026-04-10T17:28:00Z,2026-04-09T14:49:00Z,1
APP-01665,debt_to_income,0.511,2026-04-10T17:28:00Z,2026-04-07T17:36:00Z,1
APP-01665,income,38471.0,2026-04-10T17:28:00Z,2026-04-08T13:08:00Z,1
APP-01665,months_employed,73.0,2026-04-10T17:28:00Z,2026-03-31T03:34:00Z,1
APP-01665,prior_delinquencies,2.0,2026-04-10T17:28:00Z,2026-04-09T00:03:00Z,1
APP-01666,credit_utilization,0.069,2026-04-10T18:57:00Z,2026-04-09T10:36:00Z,0
APP-01666,debt_to_income,0.294,2026-04-10T18:57:00Z,2026-04-10T14:50:00Z,0
APP-01666,income,60890.0,2026-04-10T18:57:00Z,2026-04-02T12:07:00Z,0
APP-01666,months_employed,47.0,2026-04-10T18:57:00Z,2026-04-05T19:07:00Z,0
APP-01666,prior_delinquencies,1.0,2026-04-10T18:57:00Z,2026-04-10T10:41:00Z,0
APP-01667,credit_utilization,0.623,2026-04-10T22:20:00Z,2026-04-10T21:20:00Z,0
APP-01667,debt_to_income,0.506,2026-04-10T22:20:00Z,2026-04-08T18:54:00Z,0
APP-01667,income,28467.0,2026-04-10T22:20:00Z,2026-03-13T08:16:00Z,0
APP-01667,months_employed,138.0,2026-04-10T22:20:00Z,2026-03-28T19:51:00Z,0
APP-01667,prior_delinquencies,2.0,2026-04-10T22:20:00Z,2026-04-08T17:56:00Z,0
APP-01668,credit_utilization,0.569,2026-04-11T02:10:00Z,2026-04-10T12:53:00Z,1
APP-01668,debt_to_income,0.625,2026-04-11T02:10:00Z,2026-04-09T19:26:00Z,1
APP-01668,income,58312.0,2026-04-11T02:10:00Z,2026-03-28T12:04:00Z,1
APP-01668,months_employed,50.0,2026-04-11T02:10:00Z,2026-03-30T04:25:00Z,1
APP-01668,prior_delinquencies,2.0,2026-04-11T02:10:00Z,2026-04-07T09:10:00Z,1
APP-01669,credit_utilization,0.641,2026-04-11T04:44:00Z,2026-04-10T06:07:00Z,0
APP-01669,debt_to_income,0.291,2026-04-11T04:44:00Z,2026-04-09T23:11:00Z,0
APP-01669,income,47230.0,2026-04-11T04:44:00Z,2026-03-30T16:38:00Z,0
APP-01669,months_employed,115.0,2026-04-11T04:44:00Z,2026-04-03T16:15:00Z,0
APP-01669,prior_delinquencies,1.0,2026-04-11T04:44:00Z,2026-04-09T01:45:00Z,0
APP-01670,credit_utilization,0.693,2026-04-11T04:46:00Z,2026-04-11T03:44:00Z,0
APP-01670,debt_to_income,0.447,2026-04-11T04:46:00Z,2026-04-10T11:34:00Z,0
APP-01670,income,41782.0,2026-04-11T04:46:00Z,2026-04-08T17:37:00Z,0
APP-01670,months_employed,0.0,2026-04-11T04:46:00Z,2026-04-06T09:51:00Z,0
APP-01670,prior_delinquencies,0.0,2026-04-11T04:46:00Z,2026-04-07T05:25:00Z,0
APP-01671,credit_utilization,0.358,2026-04-11T07:08:00Z,2026-04-09T09:24:00Z,0
APP-01671,debt_to_income,0.374,2026-04-11T07:08:00Z,2026-04-09T16:53:00Z,0
APP-01671,income,55151.0,2026-04-11T07:08:00Z,2026-03-24T00:47:00Z,0
APP-01671,months_employed,31.0,2026-04-11T07:08:00Z,2026-04-03T11:09:00Z,0
APP-01671,prior_delinquencies,0.0,2026-04-11T07:08:00Z,2026-04-08T04:58:00Z,0
APP-01672,credit_utilization,0.239,2026-04-11T14:01:00Z,2026-04-09T19:54:00Z,0
APP-01672,debt_to_income,0.254,2026-04-11T14:01:00Z,2026-04-09T20:04:00Z,0
APP-01672,income,119825.0,2026-04-11T14:01:00Z,2026-03-28T08:07:00Z,0
APP-01672,months_employed,226.0,2026-04-11T14:01:00Z,2026-04-04T00:20:00Z,0
APP-01672,prior_delinquencies,0.0,2026-04-11T14:01:00Z,2026-04-08T04:46:00Z,0
APP-01673,credit_utilization,0.622,2026-04-11T14:44:00Z,2026-04-10T08:49:00Z,0
APP-01673,debt_to_income,0.287,2026-04-11T14:44:00Z,2026-04-11T12:46:00Z,0
APP-01673,income,44680.0,2026-04-11T14:44:00Z,2026-04-05T23:07:00Z,0
APP-01673,months_employed,24.0,2026-04-11T14:44:00Z,2026-04-01T18:02:00Z,0
APP-01673,prior_delinquencies,1.0,2026-04-11T14:44:00Z,2026-04-09T18:16:00Z,0
APP-01674,credit_utilization,0.371,2026-04-11T14:44:00Z,2026-04-10T03:44:00Z,0
APP-01674,debt_to_income,0.389,2026-04-11T14:44:00Z,2026-04-10T11:19:00Z,0
APP-01674,income,62070.0,2026-04-11T14:44:00Z,2026-04-01T15:40:00Z,0
APP-01674,months_employed,205.0,2026-04-11T14:44:00Z,2026-04-10T06:28:00Z,0
APP-01674,prior_delinquencies,0.0,2026-04-11T14:44:00Z,2026-04-07T20:28:00Z,0
APP-01675,credit_utilization,0.096,2026-04-11T16:52:00Z,2026-04-10T09:54:00Z,0
APP-01675,debt_to_income,0.291,2026-04-11T16:52:00Z,2026-04-10T08:59:00Z,0
APP-01675,income,62002.0,2026-04-11T16:52:00Z,2026-03-29T09:05:00Z,0
APP-01675,months_employed,3.0,2026-04-11T16:52:00Z,2026-04-06T17:55:00Z,0
APP-01675,prior_delinquencies,1.0,2026-04-11T16:52:00Z,2026-04-09T17:54:00Z,0
APP-01676,credit_utilization,0.199,2026-04-11T20:03:00Z,2026-04-10T11:22:00Z,0
APP-01676,debt_to_income,0.247,2026-04-11T20:03:00Z,2026-04-11T14:44:00Z,0
APP-01676,income,76519.0,2026-04-11T20:03:00Z,2026-04-01T03:24:00Z,0
APP-01676,months_employed,47.0,2026-04-11T20:03:00Z,2026-03-29T00:07:00Z,0
APP-01676,prior_delinquencies,0.0,2026-04-11T20:03:00Z,2026-04-09T19:25:00Z,0
APP-01677,credit_utilization,0.507,2026-04-11T20:15:00Z,2026-04-10T09:25:00Z,0
APP-01677,debt_to_income,0.459,2026-04-11T20:15:00Z,2026-04-11T03:48:00Z,0
APP-01677,income,57350.0,2026-04-11T20:15:00Z,2026-03-22T16:07:00Z,0
APP-01677,months_employed,82.0,2026-04-11T20:15:00Z,2026-03-30T01:13:00Z,0
APP-01677,prior_delinquencies,0.0,2026-04-11T20:15:00Z,2026-04-10T06:57:00Z,0
APP-01678,credit_utilization,0.323,2026-04-11T21:58:00Z,2026-04-09T23:39:00Z,0
APP-01678,debt_to_income,0.46,2026-04-11T21:58:00Z,2026-04-11T02:31:00Z,0
APP-01678,income,20143.0,2026-04-11T21:58:00Z,2026-04-03T16:02:00Z,0
APP-01678,months_employed,201.0,2026-04-11T21:58:00Z,2026-03-29T19:02:00Z,0
APP-01678,prior_delinquencies,1.0,2026-04-11T21:58:00Z,2026-04-09T20:11:00Z,0
APP-01679,credit_utilization,0.456,2026-04-11T22:39:00Z,2026-04-11T17:46:00Z,0
APP-01679,debt_to_income,0.535,2026-04-11T22:39:00Z,2026-04-11T10:26:00Z,0
APP-01679,income,43319.0,2026-04-11T22:39:00Z,2026-03-13T04:26:00Z,0
APP-01679,months_employed,66.0,2026-04-11T22:39:00Z,2026-03-31T14:45:00Z,0
APP-01679,prior_delinquencies,0.0,2026-04-11T22:39:00Z,2026-04-08T17:29:00Z,0
APP-01680,credit_utilization,0.26,2026-04-11T23:00:00Z,2026-04-11T17:40:00Z,0
APP-01680,debt_to_income,0.179,2026-04-11T23:00:00Z,2026-04-10T02:34:00Z,0
APP-01680,income,79992.0,2026-04-11T23:00:00Z,2026-04-06T13:17:00Z,0
APP-01680,months_employed,115.0,2026-04-11T23:00:00Z,2026-04-09T04:53:00Z,0
APP-01680,prior_delinquencies,0.0,2026-04-11T23:00:00Z,2026-04-10T05:05:00Z,0
APP-01681,credit_utilization,0.564,2026-04-11T23:01:00Z,2026-04-10T13:36:00Z,0
APP-01681,debt_to_income,0.234,2026-04-11T23:01:00Z,2026-04-10T01:10:00Z,0
APP-01681,income,76030.0,2026-04-11T23:01:00Z,2026-04-08T03:24:00Z,0
APP-01681,months_employed,211.0,2026-04-11T23:01:00Z,2026-04-02T14:46:00Z,0
APP-01681,prior_delinquencies,1.0,2026-04-11T23:01:00Z,2026-04-10T04:04:00Z,0
APP-01682,credit_utilization,0.511,2026-04-12T02:02:00Z,2026-04-11T12:56:00Z,0
APP-01682,debt_to_income,0.269,2026-04-12T02:02:00Z,2026-04-09T02:10:00Z,0
APP-01682,income,37438.0,2026-04-12T02:02:00Z,2026-03-16T10:16:00Z,0
APP-01682,months_employed,159.0,2026-04-12T02:02:00Z,2026-04-11T01:11:00Z,0
APP-01682,prior_delinquencies,1.0,2026-04-12T02:02:00Z,2026-04-10T03:29:00Z,0
APP-01683,credit_utilization,0.597,2026-04-12T02:38:00Z,2026-04-11T07:06:00Z,0
APP-01683,debt_to_income,0.431,2026-04-12T02:38:00Z,2026-04-11T15:56:00Z,0
APP-01683,income,101145.0,2026-04-12T02:38:00Z,2026-04-04T08:40:00Z,0
APP-01683,months_employed,129.0,2026-04-12T02:38:00Z,2026-03-29T19:52:00Z,0
APP-01683,prior_delinquencies,0.0,2026-04-12T02:38:00Z,2026-04-09T08:12:00Z,0
APP-01684,credit_utilization,0.457,2026-04-12T03:28:00Z,2026-04-11T20:12:00Z,0
APP-01684,debt_to_income,0.289,2026-04-12T03:28:00Z,2026-04-11T20:06:00Z,0
APP-01684,income,47585.0,2026-04-12T03:28:00Z,2026-03-20T13:45:00Z,0
APP-01684,months_employed,126.0,2026-04-12T03:28:00Z,2026-04-01T22:22:00Z,0
APP-01684,prior_delinquencies,0.0,2026-04-12T03:28:00Z,2026-04-08T17:34:00Z,0
APP-01685,credit_utilization,0.371,2026-04-12T04:56:00Z,2026-04-10T09:10:00Z,0
APP-01685,debt_to_income,0.387,2026-04-12T04:56:00Z,2026-04-09T12:34:00Z,0
APP-01685,income,64070.0,2026-04-12T04:56:00Z,2026-04-03T00:49:00Z,0
APP-01685,months_employed,119.0,2026-04-12T04:56:00Z,2026-03-30T10:06:00Z,0
APP-01685,prior_delinquencies,0.0,2026-04-12T04:56:00Z,2026-04-11T13:43:00Z,0
APP-01686,credit_utilization,0.686,2026-04-12T05:07:00Z,2026-04-10T12:15:00Z,0
APP-01686,debt_to_income,0.306,2026-04-12T05:07:00Z,2026-04-11T01:15:00Z,0
APP-01686,income,69371.0,2026-04-12T05:07:00Z,2026-03-19T18:50:00Z,0
APP-01686,months_employed,23.0,2026-04-12T05:07:00Z,2026-04-10T14:56:00Z,0
APP-01686,prior_delinquencies,2.0,2026-04-12T05:07:00Z,2026-04-09T07:10:00Z,0
APP-01687,credit_utilization,0.171,2026-04-12T06:11:00Z,2026-04-11T13:27:00Z,0
APP-01687,debt_to_income,0.329,2026-04-12T06:11:00Z,2026-04-10T11:27:00Z,0
APP-01687,income,42984.0,2026-04-12T06:11:00Z,2026-03-14T03:41:00Z,0
APP-01687,months_employed,121.0,2026-04-12T06:11:00Z,2026-04-09T06:26:00Z,0
APP-01687,prior_delinquencies,0.0,2026-04-12T06:11:00Z,2026-04-10T00:11:00Z,0
APP-01688,credit_utilization,0.402,2026-04-12T08:22:00Z,2026-04-10T22:31:00Z,1
APP-01688,debt_to_income,0.398,2026-04-12T08:22:00Z,2026-04-11T17:52:00Z,1
APP-01688,income,32052.0,2026-04-12T08:22:00Z,2026-03-27T14:16:00Z,1
APP-01688,months_employed,176.0,2026-04-12T08:22:00Z,2026-04-10T21:06:00Z,1
APP-01688,prior_delinquencies,1.0,2026-04-12T08:22:00Z,2026-04-10T23:50:00Z,1
APP-01689,credit_utilization,0.135,2026-04-12T09:59:00Z,2026-04-12T07:18:00Z,0
APP-01689,debt_to_income,0.361,2026-04-12T09:59:00Z,2026-04-11T12:40:00Z,0
APP-01689,income,75959.0,2026-04-12T09:59:00Z,2026-03-30T18:56:00Z,0
APP-01689,months_employed,66.0,2026-04-12T09:59:00Z,2026-03-30T12:13:00Z,0
APP-01689,prior_delinquencies,1.0,2026-04-12T09:59:00Z,2026-04-09T07:27:00Z,0
APP-01690,credit_utilization,0.371,2026-04-12T11:51:00Z,2026-04-11T20:56:00Z,1
APP-01690,debt_to_income,0.531,2026-04-12T11:51:00Z,2026-04-11T16:42:00Z,1
APP-01690,income,49825.0,2026-04-12T11:51:00Z,2026-03-23T16:49:00Z,1
APP-01690,months_employed,9.0,2026-04-12T11:51:00Z,2026-04-05T17:38:00Z,1
APP-01690,prior_delinquencies,0.0,2026-04-12T11:51:00Z,2026-04-10T09:47:00Z,1
APP-01691,credit_utilization,0.3,2026-04-12T12:16:00Z,2026-04-11T11:37:00Z,0
APP-01691,debt_to_income,0.331,2026-04-12T12:16:00Z,2026-04-10T16:00:00Z,0
APP-01691,income,33332.0,2026-04-12T12:16:00Z,2026-03-23T22:02:00Z,0
APP-01691,months_employed,113.0,2026-04-12T12:16:00Z,2026-04-09T22:30:00Z,0
APP-01691,prior_delinquencies,1.0,2026-04-12T12:16:00Z,2026-04-12T00:57:00Z,0
APP-01692,credit_utilization,0.596,2026-04-12T12:35:00Z,2026-04-10T21:01:00Z,0
APP-01692,debt_to_income,0.283,2026-04-12T12:35:00Z,2026-04-10T21:12:00Z,0
APP-01692,income,33324.0,2026-04-12T12:35:00Z,2026-04-02T11:33:00Z,0
APP-01692,months_employed,91.0,2026-04-12T12:35:00Z,2026-03-31T18:33:00Z,0
APP-01692,prior_delinquencies,1.0,2026-04-12T12:35:00Z,2026-04-11T16:50:00Z,0
APP-01693,credit_utilization,0.271,2026-04-12T13:43:00Z,2026-04-11T10:23:00Z,0
APP-01693,debt_to_income,0.401,2026-04-12T13:43:00Z,2026-04-11T01:06:00Z,0
APP-01693,income,34075.0,2026-04-12T13:43:00Z,2026-04-07T21:03:00Z,0
APP-01693,months_employed,4.0,2026-04-12T13:43:00Z,2026-04-01T02:47:00Z,0
APP-01693,prior_delinquencies,0.0,2026-04-12T13:43:00Z,2026-04-10T11:27:00Z,0
APP-01694,credit_utilization,0.611,2026-04-12T13:58:00Z,2026-04-10T15:36:00Z,0
APP-01694,debt_to_income,0.512,2026-04-12T13:58:00Z,2026-04-10T18:59:00Z,0
APP-01694,income,36535.0,2026-04-12T13:58:00Z,2026-03-28T09:07:00Z,0
APP-01694,months_employed,157.0,2026-04-12T13:58:00Z,2026-03-29T21:19:00Z,0
APP-01694,prior_delinquencies,0.0,2026-04-12T13:58:00Z,2026-04-10T10:30:00Z,0
APP-01695,credit_utilization,0.228,2026-04-12T14:13:00Z,2026-04-12T11:27:00Z,0
APP-01695,debt_to_income,0.229,2026-04-12T14:13:00Z,2026-04-11T22:04:00Z,0
APP-01695,income,61880.0,2026-04-12T14:13:00Z,2026-03-30T09:41:00Z,0
APP-01695,months_employed,235.0,2026-04-12T14:13:00Z,2026-04-10T09:11:00Z,0
APP-01695,prior_delinquencies,0.0,2026-04-12T14:13:00Z,2026-04-11T20:04:00Z,0
APP-01696,credit_utilization,0.382,2026-04-12T15:50:00Z,2026-04-11T15:27:00Z,0
APP-01696,debt_to_income,0.252,2026-04-12T15:50:00Z,2026-04-12T11:25:00Z,0
APP-01696,income,58265.0,2026-04-12T15:50:00Z,2026-03-26T20:14:00Z,0
APP-01696,months_employed,103.0,2026-04-12T15:50:00Z,2026-04-08T16:52:00Z,0
APP-01696,prior_delinquencies,0.0,2026-04-12T15:50:00Z,2026-04-11T00:41:00Z,0
APP-01697,credit_utilization,0.596,2026-04-12T15:57:00Z,2026-04-12T01:47:00Z,1
APP-01697,debt_to_income,0.253,2026-04-12T15:57:00Z,2026-04-11T04:58:00Z,1
APP-01697,income,53740.0,2026-04-12T15:57:00Z,2026-03-22T13:32:00Z,1
APP-01697,months_employed,75.0,2026-04-12T15:57:00Z,2026-03-31T14:19:00Z,1
APP-01697,prior_delinquencies,3.0,2026-04-12T15:57:00Z,2026-04-09T14:27:00Z,1
APP-01698,credit_utilization,0.139,2026-04-12T19:36:00Z,2026-04-11T18:33:00Z,0
APP-01698,debt_to_income,0.124,2026-04-12T19:36:00Z,2026-04-10T09:21:00Z,0
APP-01698,income,41747.0,2026-04-12T19:36:00Z,2026-03-31T12:51:00Z,0
APP-01698,months_employed,226.0,2026-04-12T19:36:00Z,2026-03-30T12:03:00Z,0
APP-01698,prior_delinquencies,0.0,2026-04-12T19:36:00Z,2026-04-10T02:23:00Z,0
APP-01699,credit_utilization,0.491,2026-04-12T20:03:00Z,2026-04-12T10:57:00Z,0
APP-01699,debt_to_income,0.304,2026-04-12T20:03:00Z,2026-04-11T17:07:00Z,0
APP-01699,income,53834.0,2026-04-12T20:03:00Z,2026-04-03T10:37:00Z,0
APP-01699,months_employed,110.0,2026-04-12T20:03:00Z,2026-04-05T03:38:00Z,0
APP-01699,prior_delinquencies,0.0,2026-04-12T20:03:00Z,2026-04-11T05:41:00Z,0
APP-01700,credit_utilization,0.222,2026-04-12T20:35:00Z,2026-04-12T16:36:00Z,0
APP-01700,debt_to_income,0.323,2026-04-12T20:35:00Z,2026-04-12T17:16:00Z,0
APP-01700,income,92124.0,2026-04-12T20:35:00Z,2026-04-03T05:12:00Z,0
APP-01700,months_employed,172.0,2026-04-12T20:35:00Z,2026-04-08T13:57:00Z,0
APP-01700,prior_delinquencies,0.0,2026-04-12T20:35:00Z,2026-04-12T04:25:00Z,0
APP-01701,credit_utilization,0.09,2026-04-12T22:13:00Z,2026-04-11T20:44:00Z,0
APP-01701,debt_to_income,0.164,2026-04-12T22:13:00Z,2026-04-11T08:26:00Z,0
APP-01701,income,70826.0,2026-04-12T22:13:00Z,2026-03-17T22:55:00Z,0
APP-01701,months_employed,198.0,2026-04-12T22:13:00Z,2026-04-08T18:02:00Z,0
APP-01701,prior_delinquencies,0.0,2026-04-12T22:13:00Z,2026-04-11T15:06:00Z,0
APP-01702,credit_utilization,0.411,2026-04-12T22:55:00Z,2026-04-12T19:41:00Z,0
APP-01702,debt_to_income,0.458,2026-04-12T22:55:00Z,2026-04-11T18:05:00Z,0
APP-01702,income,24571.0,2026-04-12T22:55:00Z,2026-04-04T15:06:00Z,0
APP-01702,months_employed,193.0,2026-04-12T22:55:00Z,2026-04-04T23:06:00Z,0
APP-01702,prior_delinquencies,1.0,2026-04-12T22:55:00Z,2026-04-11T12:24:00Z,0
APP-01703,credit_utilization,0.648,2026-04-13T01:10:00Z,2026-04-12T09:57:00Z,1
APP-01703,debt_to_income,0.439,2026-04-13T01:10:00Z,2026-04-11T21:25:00Z,1
APP-01703,income,62946.0,2026-04-13T01:10:00Z,2026-04-09T01:54:00Z,1
APP-01703,months_employed,43.0,2026-04-13T01:10:00Z,2026-04-07T04:00:00Z,1
APP-01703,prior_delinquencies,0.0,2026-04-13T01:10:00Z,2026-04-10T15:59:00Z,1
APP-01704,credit_utilization,0.213,2026-04-13T02:00:00Z,2026-04-11T12:07:00Z,0
APP-01704,debt_to_income,0.339,2026-04-13T02:00:00Z,2026-04-10T07:00:00Z,0
APP-01704,income,19171.0,2026-04-13T02:00:00Z,2026-03-21T20:49:00Z,0
APP-01704,months_employed,4.0,2026-04-13T02:00:00Z,2026-04-08T23:02:00Z,0
APP-01704,prior_delinquencies,0.0,2026-04-13T02:00:00Z,2026-04-12T04:57:00Z,0
APP-01705,credit_utilization,0.434,2026-04-13T03:51:00Z,2026-04-12T22:17:00Z,0
APP-01705,debt_to_income,0.201,2026-04-13T03:51:00Z,2026-04-12T20:26:00Z,0
APP-01705,income,58794.0,2026-04-13T03:51:00Z,2026-04-06T02:27:00Z,0
APP-01705,months_employed,210.0,2026-04-13T03:51:00Z,2026-04-06T13:25:00Z,0
APP-01705,prior_delinquencies,0.0,2026-04-13T03:51:00Z,2026-04-13T00:33:00Z,0
APP-01706,credit_utilization,0.658,2026-04-13T04:11:00Z,2026-04-12T17:59:00Z,0
APP-01706,debt_to_income,0.233,2026-04-13T04:11:00Z,2026-04-11T23:44:00Z,0
APP-01706,income,76385.0,2026-04-13T04:11:00Z,2026-03-21T21:36:00Z,0
APP-01706,months_employed,183.0,2026-04-13T04:11:00Z,2026-04-02T16:12:00Z,0
APP-01706,prior_delinquencies,0.0,2026-04-13T04:11:00Z,2026-04-11T21:26:00Z,0
APP-01707,credit_utilization,0.511,2026-04-13T04:12:00Z,2026-04-11T18:29:00Z,0
APP-01707,debt_to_income,0.426,2026-04-13T04:12:00Z,2026-04-12T14:32:00Z,0
APP-01707,income,24603.0,2026-04-13T04:12:00Z,2026-03-21T03:26:00Z,0
APP-01707,months_employed,102.0,2026-04-13T04:12:00Z,2026-04-11T23:53:00Z,0
APP-01707,prior_delinquencies,0.0,2026-04-13T04:12:00Z,2026-04-11T11:54:00Z,0
APP-01708,credit_utilization,0.453,2026-04-13T07:17:00Z,2026-04-11T12:29:00Z,0
APP-01708,debt_to_income,0.345,2026-04-13T07:17:00Z,2026-04-11T14:07:00Z,0
APP-01708,income,24064.0,2026-04-13T07:17:00Z,2026-04-01T04:31:00Z,0
APP-01708,months_employed,28.0,2026-04-13T07:17:00Z,2026-03-31T16:04:00Z,0
APP-01708,prior_delinquencies,0.0,2026-04-13T07:17:00Z,2026-04-12T03:36:00Z,0
APP-01709,credit_utilization,0.554,2026-04-13T10:10:00Z,2026-04-12T18:56:00Z,0
APP-01709,debt_to_income,0.363,2026-04-13T10:10:00Z,2026-04-10T12:24:00Z,0
APP-01709,income,50867.0,2026-04-13T10:10:00Z,2026-04-01T07:46:00Z,0
APP-01709,months_employed,116.0,2026-04-13T10:10:00Z,2026-04-03T05:09:00Z,0
APP-01709,prior_delinquencies,0.0,2026-04-13T10:10:00Z,2026-04-10T03:29:00Z,0
APP-01710,credit_utilization,0.6,2026-04-13T11:24:00Z,2026-04-12T15:14:00Z,0
APP-01710,debt_to_income,0.284,2026-04-13T11:24:00Z,2026-04-10T14:33:00Z,0
APP-01710,income,124696.0,2026-04-13T11:24:00Z,2026-03-21T03:25:00Z,0
APP-01710,months_employed,36.0,2026-04-13T11:24:00Z,2026-04-02T19:41:00Z,0
APP-01710,prior_delinquencies,0.0,2026-04-13T11:24:00Z,2026-04-10T04:19:00Z,0
APP-01711,credit_utilization,0.462,2026-04-13T11:55:00Z,2026-04-12T05:51:00Z,0
APP-01711,debt_to_income,0.478,2026-04-13T11:55:00Z,2026-04-12T17:33:00Z,0
APP-01711,income,75655.0,2026-04-13T11:55:00Z,2026-04-04T07:42:00Z,0
APP-01711,months_employed,22.0,2026-04-13T11:55:00Z,2026-04-08T22:20:00Z,0
APP-01711,prior_delinquencies,0.0,2026-04-13T11:55:00Z,2026-04-09T18:41:00Z,0
APP-01712,credit_utilization,0.315,2026-04-13T12:06:00Z,2026-04-12T11:09:00Z,0
APP-01712,debt_to_income,0.14,2026-04-13T12:06:00Z,2026-04-12T06:31:00Z,0
APP-01712,income,46892.0,2026-04-13T12:06:00Z,2026-03-30T13:14:00Z,0
APP-01712,months_employed,107.0,2026-04-13T12:06:00Z,2026-04-05T01:25:00Z,0
APP-01712,prior_delinquencies,0.0,2026-04-13T12:06:00Z,2026-04-10T05:48:00Z,0
APP-01713,credit_utilization,0.735,2026-04-13T12:07:00Z,2026-04-12T22:55:00Z,0
APP-01713,debt_to_income,0.508,2026-04-13T12:07:00Z,2026-04-13T02:35:00Z,0
APP-01713,income,44217.0,2026-04-13T12:07:00Z,2026-04-02T22:07:00Z,0
APP-01713,months_employed,1.0,2026-04-13T12:07:00Z,2026-04-09T04:36:00Z,0
APP-01713,prior_delinquencies,0.0,2026-04-13T12:07:00Z,2026-04-10T00:31:00Z,0
APP-01714,credit_utilization,0.29,2026-04-13T13:40:00Z,2026-04-12T02:18:00Z,1
APP-01714,debt_to_income,0.532,2026-04-13T13:40:00Z,2026-04-12T02:45:00Z,1
APP-01714,income,21109.0,2026-04-13T13:40:00Z,2026-03-30T16:05:00Z,1
APP-01714,months_employed,158.0,2026-04-13T13:40:00Z,2026-03-31T07:07:00Z,1
APP-01714,prior_delinquencies,0.0,2026-04-13T13:40:00Z,2026-04-12T19:32:00Z,1
APP-01715,credit_utilization,0.375,2026-04-13T13:53:00Z,2026-04-12T08:21:00Z,0
APP-01715,debt_to_income,0.397,2026-04-13T13:53:00Z,2026-04-12T11:16:00Z,0
APP-01715,income,49434.0,2026-04-13T13:53:00Z,2026-03-21T14:05:00Z,0
APP-01715,months_employed,138.0,2026-04-13T13:53:00Z,2026-04-08T02:08:00Z,0
APP-01715,prior_delinquencies,1.0,2026-04-13T13:53:00Z,2026-04-10T15:11:00Z,0
APP-01716,credit_utilization,0.429,2026-04-13T14:36:00Z,2026-04-13T05:42:00Z,0
APP-01716,debt_to_income,0.359,2026-04-13T14:36:00Z,2026-04-13T02:41:00Z,0
APP-01716,income,56754.0,2026-04-13T14:36:00Z,2026-04-05T11:33:00Z,0
APP-01716,months_employed,128.0,2026-04-13T14:36:00Z,2026-04-03T08:01:00Z,0
APP-01716,prior_delinquencies,0.0,2026-04-13T14:36:00Z,2026-04-12T07:15:00Z,0
APP-01717,credit_utilization,0.228,2026-04-13T15:20:00Z,2026-04-12T14:22:00Z,0
APP-01717,debt_to_income,0.233,2026-04-13T15:20:00Z,2026-04-12T23:37:00Z,0
APP-01717,income,42003.0,2026-04-13T15:20:00Z,2026-03-27T10:04:00Z,0
APP-01717,months_employed,75.0,2026-04-13T15:20:00Z,2026-04-05T08:57:00Z,0
APP-01717,prior_delinquencies,1.0,2026-04-13T15:20:00Z,2026-04-09T20:58:00Z,0
APP-01718,credit_utilization,0.389,2026-04-13T16:16:00Z,2026-04-11T17:33:00Z,0
APP-01718,debt_to_income,0.32,2026-04-13T16:16:00Z,2026-04-11T02:15:00Z,0
APP-01718,income,25202.0,2026-04-13T16:16:00Z,2026-03-27T08:04:00Z,0
APP-01718,months_employed,57.0,2026-04-13T16:16:00Z,2026-04-02T05:12:00Z,0
APP-01718,prior_delinquencies,1.0,2026-04-13T16:16:00Z,2026-04-10T21:17:00Z,0
APP-01719,credit_utilization,0.21,2026-04-13T17:05:00Z,2026-04-12T00:44:00Z,0
APP-01719,debt_to_income,0.119,2026-04-13T17:05:00Z,2026-04-11T11:30:00Z,0
APP-01719,income,82545.0,2026-04-13T17:05:00Z,2026-04-03T07:34:00Z,0
APP-01719,months_employed,56.0,2026-04-13T17:05:00Z,2026-04-09T12:47:00Z,0
APP-01719,prior_delinquencies,0.0,2026-04-13T17:05:00Z,2026-04-12T05:59:00Z,0
APP-01720,credit_utilization,0.0,2026-04-13T22:09:00Z,2026-04-12T18:54:00Z,0
APP-01720,debt_to_income,0.178,2026-04-13T22:09:00Z,2026-04-12T05:36:00Z,0
APP-01720,income,58565.0,2026-04-13T22:09:00Z,2026-03-18T16:47:00Z,0
APP-01720,months_employed,128.0,2026-04-13T22:09:00Z,2026-04-04T17:45:00Z,0
APP-01720,prior_delinquencies,0.0,2026-04-13T22:09:00Z,2026-04-13T06:34:00Z,0
APP-01721,credit_utilization,0.41,2026-04-13T23:38:00Z,2026-04-13T17:15:00Z,0
APP-01721,debt_to_income,0.292,2026-04-13T23:38:00Z,2026-04-13T01:02:00Z,0
APP-01721,income,34380.0,2026-04-13T23:38:00Z,2026-03-16T15:53:00Z,0
APP-01721,months_employed,167.0,2026-04-13T23:38:00Z,2026-03-31T18:25:00Z,0
APP-01721,prior_delinquencies,0.0,2026-04-13T23:38:00Z,2026-04-11T03:42:00Z,0
APP-01722,credit_utilization,0.481,2026-04-14T00:37:00Z,2026-04-12T22:25:00Z,0
APP-01722,debt_to_income,0.533,2026-04-14T00:37:00Z,2026-04-13T11:24:00Z,0
APP-01722,income,62086.0,2026-04-14T00:37:00Z,2026-03-28T18:46:00Z,0
APP-01722,months_employed,24.0,2026-04-14T00:37:00Z,2026-04-04T12:37:00Z,0
APP-01722,prior_delinquencies,0.0,2026-04-14T00:37:00Z,2026-04-12T18:29:00Z,0
APP-01723,credit_utilization,0.366,2026-04-14T00:45:00Z,2026-04-12T12:41:00Z,0
APP-01723,debt_to_income,0.338,2026-04-14T00:45:00Z,2026-04-11T12:12:00Z,0
APP-01723,income,83944.0,2026-04-14T00:45:00Z,2026-04-07T07:35:00Z,0
APP-01723,months_employed,211.0,2026-04-14T00:45:00Z,2026-03-31T20:32:00Z,0
APP-01723,prior_delinquencies,1.0,2026-04-14T00:45:00Z,2026-04-11T10:05:00Z,0
APP-01724,credit_utilization,0.584,2026-04-14T03:41:00Z,2026-04-13T08:01:00Z,0
APP-01724,debt_to_income,0.521,2026-04-14T03:41:00Z,2026-04-11T08:49:00Z,0
APP-01724,income,41392.0,2026-04-14T03:41:00Z,2026-03-16T13:32:00Z,0
APP-01724,months_employed,130.0,2026-04-14T03:41:00Z,2026-04-06T04:21:00Z,0
APP-01724,prior_delinquencies,0.0,2026-04-14T03:41:00Z,2026-04-10T04:29:00Z,0
APP-01725,credit_utilization,0.582,2026-04-14T04:15:00Z,2026-04-13T14:28:00Z,0
APP-01725,debt_to_income,0.466,2026-04-14T04:15:00Z,2026-04-11T14:45:00Z,0
APP-01725,income,58126.0,2026-04-14T04:15:00Z,2026-04-02T05:56:00Z,0
APP-01725,months_employed,101.0,2026-04-14T04:15:00Z,2026-04-11T13:33:00Z,0
APP-01725,prior_delinquencies,0.0,2026-04-14T04:15:00Z,2026-04-13T14:54:00Z,0
APP-01726,credit_utilization,0.254,2026-04-14T06:21:00Z,2026-04-12T14:19:00Z,1
APP-01726,debt_to_income,0.377,2026-04-14T06:21:00Z,2026-04-14T02:49:00Z,1
APP-01726,income,89991.0,2026-04-14T06:21:00Z,2026-03-28T20:17:00Z,1
APP-01726,months_employed,133.0,2026-04-14T06:21:00Z,2026-04-09T02:46:00Z,1
APP-01726,prior_delinquencies,0.0,2026-04-14T06:21:00Z,2026-04-11T19:54:00Z,1
APP-01727,credit_utilization,0.721,2026-04-14T07:21:00Z,2026-04-12T18:35:00Z,1
APP-01727,debt_to_income,0.527,2026-04-14T07:21:00Z,2026-04-12T03:13:00Z,1
APP-01727,income,24762.0,2026-04-14T07:21:00Z,2026-03-30T19:56:00Z,1
APP-01727,months_employed,20.0,2026-04-14T07:21:00Z,2026-04-11T00:29:00Z,1
APP-01727,prior_delinquencies,0.0,2026-04-14T07:21:00Z,2026-04-10T20:17:00Z,1
APP-01728,credit_utilization,0.4,2026-04-14T10:27:00Z,2026-04-12T20:45:00Z,0
APP-01728,debt_to_income,0.381,2026-04-14T10:27:00Z,2026-04-12T02:57:00Z,0
APP-01728,income,54167.0,2026-04-14T10:27:00Z,2026-04-06T08:01:00Z,0
APP-01728,months_employed,196.0,2026-04-14T10:27:00Z,2026-04-12T20:46:00Z,0
APP-01728,prior_delinquencies,2.0,2026-04-14T10:27:00Z,2026-04-13T17:07:00Z,0
APP-01729,credit_utilization,0.485,2026-04-14T11:52:00Z,2026-04-13T17:09:00Z,0
APP-01729,debt_to_income,0.312,2026-04-14T11:52:00Z,2026-04-13T19:26:00Z,0
APP-01729,income,30787.0,2026-04-14T11:52:00Z,2026-03-16T20:14:00Z,0
APP-01729,months_employed,199.0,2026-04-14T11:52:00Z,2026-04-12T23:24:00Z,0
APP-01729,prior_delinquencies,0.0,2026-04-14T11:52:00Z,2026-04-10T21:58:00Z,0
APP-01730,credit_utilization,0.746,2026-04-14T13:31:00Z,2026-04-13T00:00:00Z,1
APP-01730,debt_to_income,0.491,2026-04-14T13:31:00Z,2026-04-11T23:02:00Z,1
APP-01730,income,64586.0,2026-04-14T13:31:00Z,2026-03-17T22:14:00Z,1
APP-01730,months_employed,18.0,2026-04-14T13:31:00Z,2026-04-06T21:22:00Z,1
APP-01730,prior_delinquencies,0.0,2026-04-14T13:31:00Z,2026-04-13T05:27:00Z,1
APP-01731,credit_utilization,0.319,2026-04-14T15:13:00Z,2026-04-14T01:08:00Z,0
APP-01731,debt_to_income,0.313,2026-04-14T15:13:00Z,2026-04-13T19:27:00Z,0
APP-01731,income,38408.0,2026-04-14T15:13:00Z,2026-03-16T16:25:00Z,0
APP-01731,months_employed,227.0,2026-04-14T15:13:00Z,2026-04-08T11:40:00Z,0
APP-01731,prior_delinquencies,0.0,2026-04-14T15:13:00Z,2026-04-13T12:21:00Z,0
APP-01732,credit_utilization,0.16,2026-04-14T16:06:00Z,2026-04-14T06:33:00Z,0
APP-01732,debt_to_income,0.366,2026-04-14T16:06:00Z,2026-04-13T01:03:00Z,0
APP-01732,income,41845.0,2026-04-14T16:06:00Z,2026-04-06T07:02:00Z,0
APP-01732,months_employed,18.0,2026-04-14T16:06:00Z,2026-04-04T12:00:00Z,0
APP-01732,prior_delinquencies,0.0,2026-04-14T16:06:00Z,2026-04-13T03:10:00Z,0
APP-01733,credit_utilization,0.542,2026-04-14T16:11:00Z,2026-04-13T07:33:00Z,0
APP-01733,debt_to_income,0.455,2026-04-14T16:11:00Z,2026-04-11T19:44:00Z,0
APP-01733,income,53841.0,2026-04-14T16:11:00Z,2026-04-05T19:00:00Z,0
APP-01733,months_employed,89.0,2026-04-14T16:11:00Z,2026-04-06T05:11:00Z,0
APP-01733,prior_delinquencies,0.0,2026-04-14T16:11:00Z,2026-04-11T10:03:00Z,0
APP-01734,credit_utilization,0.433,2026-04-14T16:18:00Z,2026-04-12T23:25:00Z,0
APP-01734,debt_to_income,0.368,2026-04-14T16:18:00Z,2026-04-12T17:18:00Z,0
APP-01734,income,29991.0,2026-04-14T16:18:00Z,2026-04-13T02:20:00Z,0
APP-01734,months_employed,193.0,2026-04-14T16:18:00Z,2026-04-06T14:38:00Z,0
APP-01734,prior_delinquencies,1.0,2026-04-14T16:18:00Z,2026-04-11T10:38:00Z,0
APP-01735,credit_utilization,0.587,2026-04-14T16:19:00Z,2026-04-14T12:47:00Z,0
APP-01735,debt_to_income,0.472,2026-04-14T16:19:00Z,2026-04-13T05:53:00Z,0
APP-01735,income,46321.0,2026-04-14T16:19:00Z,2026-03-19T19:19:00Z,0
APP-01735,months_employed,114.0,2026-04-14T16:19:00Z,2026-04-11T16:11:00Z,0
APP-01735,prior_delinquencies,0.0,2026-04-14T16:19:00Z,2026-04-13T03:42:00Z,0
APP-01736,credit_utilization,0.44,2026-04-14T18:27:00Z,2026-04-13T09:07:00Z,0
APP-01736,debt_to_income,0.343,2026-04-14T18:27:00Z,2026-04-14T03:27:00Z,0
APP-01736,income,59639.0,2026-04-14T18:27:00Z,2026-03-23T02:04:00Z,0
APP-01736,months_employed,146.0,2026-04-14T18:27:00Z,2026-04-02T18:42:00Z,0
APP-01736,prior_delinquencies,0.0,2026-04-14T18:27:00Z,2026-04-13T10:33:00Z,0
APP-01737,credit_utilization,0.144,2026-04-14T19:15:00Z,2026-04-14T14:08:00Z,0
APP-01737,debt_to_income,0.159,2026-04-14T19:15:00Z,2026-04-12T22:02:00Z,0
APP-01737,income,48059.0,2026-04-14T19:15:00Z,2026-03-19T18:10:00Z,0
APP-01737,months_employed,131.0,2026-04-14T19:15:00Z,2026-04-03T15:47:00Z,0
APP-01737,prior_delinquencies,2.0,2026-04-14T19:15:00Z,2026-04-10T21:18:00Z,0
APP-01738,credit_utilization,0.381,2026-04-14T21:07:00Z,2026-04-13T18:41:00Z,0
APP-01738,debt_to_income,0.478,2026-04-14T21:07:00Z,2026-04-11T22:49:00Z,0
APP-01738,income,44335.0,2026-04-14T21:07:00Z,2026-04-06T17:05:00Z,0
APP-01738,months_employed,220.0,2026-04-14T21:07:00Z,2026-04-12T13:24:00Z,0
APP-01738,prior_delinquencies,0.0,2026-04-14T21:07:00Z,2026-04-13T05:59:00Z,0
APP-01739,credit_utilization,0.41,2026-04-14T22:28:00Z,2026-04-13T13:01:00Z,0
APP-01739,debt_to_income,0.432,2026-04-14T22:28:00Z,2026-04-13T05:02:00Z,0
APP-01739,income,44250.0,2026-04-14T22:28:00Z,2026-03-26T20:49:00Z,0
APP-01739,months_employed,9.0,2026-04-14T22:28:00Z,2026-04-01T05:05:00Z,0
APP-01739,prior_delinquencies,0.0,2026-04-14T22:28:00Z,2026-04-13T02:31:00Z,0
APP-01740,credit_utilization,0.426,2026-04-15T03:16:00Z,2026-04-14T17:08:00Z,0
APP-01740,debt_to_income,0.368,2026-04-15T03:16:00Z,2026-04-12T10:50:00Z,0
APP-01740,income,42933.0,2026-04-15T03:16:00Z,2026-03-17T03:31:00Z,0
APP-01740,months_employed,66.0,2026-04-15T03:16:00Z,2026-04-06T06:58:00Z,0
APP-01740,prior_delinquencies,0.0,2026-04-15T03:16:00Z,2026-04-13T03:14:00Z,0
APP-01741,credit_utilization,0.302,2026-04-15T03:16:00Z,2026-04-13T20:31:00Z,1
APP-01741,debt_to_income,0.329,2026-04-15T03:16:00Z,2026-04-12T08:36:00Z,1
APP-01741,income,57808.0,2026-04-15T03:16:00Z,2026-03-16T09:16:00Z,1
APP-01741,months_employed,217.0,2026-04-15T03:16:00Z,2026-04-13T03:14:00Z,1
APP-01741,prior_delinquencies,0.0,2026-04-15T03:16:00Z,2026-04-14T20:29:00Z,1
APP-01742,credit_utilization,0.253,2026-04-15T05:18:00Z,2026-04-14T02:12:00Z,0
APP-01742,debt_to_income,0.315,2026-04-15T05:18:00Z,2026-04-13T13:51:00Z,0
APP-01742,income,38518.0,2026-04-15T05:18:00Z,2026-03-17T19:29:00Z,0
APP-01742,months_employed,162.0,2026-04-15T05:18:00Z,2026-04-13T16:57:00Z,0
APP-01742,prior_delinquencies,1.0,2026-04-15T05:18:00Z,2026-04-12T02:52:00Z,0
APP-01743,credit_utilization,0.26,2026-04-15T05:54:00Z,2026-04-13T13:54:00Z,0
APP-01743,debt_to_income,0.371,2026-04-15T05:54:00Z,2026-04-13T16:01:00Z,0
APP-01743,income,88246.0,2026-04-15T05:54:00Z,2026-03-30T05:55:00Z,0
APP-01743,months_employed,50.0,2026-04-15T05:54:00Z,2026-04-03T18:26:00Z,0
APP-01743,prior_delinquencies,0.0,2026-04-15T05:54:00Z,2026-04-12T09:25:00Z,0
APP-01744,credit_utilization,0.064,2026-04-15T06:46:00Z,2026-04-14T17:26:00Z,0
APP-01744,debt_to_income,0.186,2026-04-15T06:46:00Z,2026-04-14T01:26:00Z,0
APP-01744,income,69287.0,2026-04-15T06:46:00Z,2026-03-22T17:50:00Z,0
APP-01744,months_employed,146.0,2026-04-15T06:46:00Z,2026-04-14T05:07:00Z,0
APP-01744,prior_delinquencies,1.0,2026-04-15T06:46:00Z,2026-04-13T14:22:00Z,0
APP-01745,credit_utilization,0.374,2026-04-15T12:52:00Z,2026-04-15T08:00:00Z,0
APP-01745,debt_to_income,0.368,2026-04-15T12:52:00Z,2026-04-15T05:31:00Z,0
APP-01745,income,34983.0,2026-04-15T12:52:00Z,2026-04-03T02:50:00Z,0
APP-01745,months_employed,191.0,2026-04-15T12:52:00Z,2026-04-03T12:19:00Z,0
APP-01745,prior_delinquencies,0.0,2026-04-15T12:52:00Z,2026-04-14T17:03:00Z,0
APP-01746,credit_utilization,0.652,2026-04-15T13:02:00Z,2026-04-14T14:10:00Z,1
APP-01746,debt_to_income,0.556,2026-04-15T13:02:00Z,2026-04-13T07:35:00Z,1
APP-01746,income,59216.0,2026-04-15T13:02:00Z,2026-03-28T23:36:00Z,1
APP-01746,months_employed,5.0,2026-04-15T13:02:00Z,2026-04-10T09:27:00Z,1
APP-01746,prior_delinquencies,2.0,2026-04-15T13:02:00Z,2026-04-11T19:50:00Z,1
APP-01747,credit_utilization,0.219,2026-04-15T13:39:00Z,2026-04-14T07:49:00Z,0
APP-01747,debt_to_income,0.495,2026-04-15T13:39:00Z,2026-04-13T17:31:00Z,0
APP-01747,income,47677.0,2026-04-15T13:39:00Z,2026-04-01T00:33:00Z,0
APP-01747,months_employed,113.0,2026-04-15T13:39:00Z,2026-04-06T00:00:00Z,0
APP-01747,prior_delinquencies,0.0,2026-04-15T13:39:00Z,2026-04-13T00:42:00Z,0
APP-01748,credit_utilization,0.491,2026-04-15T16:01:00Z,2026-04-13T16:18:00Z,0
APP-01748,debt_to_income,0.516,2026-04-15T16:01:00Z,2026-04-13T17:22:00Z,0
APP-01748,income,103953.0,2026-04-15T16:01:00Z,2026-03-29T15:03:00Z,0
APP-01748,months_employed,199.0,2026-04-15T16:01:00Z,2026-04-01T20:05:00Z,0
APP-01748,prior_delinquencies,0.0,2026-04-15T16:01:00Z,2026-04-13T15:27:00Z,0
APP-01749,credit_utilization,0.431,2026-04-15T18:07:00Z,2026-04-14T21:40:00Z,0
APP-01749,debt_to_income,0.516,2026-04-15T18:07:00Z,2026-04-12T22:08:00Z,0
APP-01749,income,24535.0,2026-04-15T18:07:00Z,2026-04-04T18:52:00Z,0
APP-01749,months_employed,172.0,2026-04-15T18:07:00Z,2026-04-02T09:25:00Z,0
APP-01749,prior_delinquencies,1.0,2026-04-15T18:07:00Z,2026-04-15T02:11:00Z,0
APP-01750,credit_utilization,0.854,2026-04-15T18:19:00Z,2026-04-15T11:22:00Z,0
APP-01750,debt_to_income,0.289,2026-04-15T18:19:00Z,2026-04-13T08:40:00Z,0
APP-01750,income,82394.0,2026-04-15T18:19:00Z,2026-03-25T20:07:00Z,0
APP-01750,months_employed,160.0,2026-04-15T18:19:00Z,2026-04-09T11:20:00Z,0
APP-01750,prior_delinquencies,0.0,2026-04-15T18:19:00Z,2026-04-15T14:12:00Z,0
APP-01751,credit_utilization,0.225,2026-04-16T00:25:00Z,2026-04-15T21:35:00Z,0
APP-01751,debt_to_income,0.26,2026-04-16T00:25:00Z,2026-04-15T06:06:00Z,0
APP-01751,income,49553.0,2026-04-16T00:25:00Z,2026-03-30T16:26:00Z,0
APP-01751,months_employed,12.0,2026-04-16T00:25:00Z,2026-04-11T10:42:00Z,0
APP-01751,prior_delinquencies,0.0,2026-04-16T00:25:00Z,2026-04-12T08:51:00Z,0
APP-01752,credit_utilization,0.198,2026-04-16T01:08:00Z,2026-04-15T04:51:00Z,0
APP-01752,debt_to_income,0.282,2026-04-16T01:08:00Z,2026-04-14T05:06:00Z,0
APP-01752,income,91002.0,2026-04-16T01:08:00Z,2026-04-01T07:17:00Z,0
APP-01752,months_employed,63.0,2026-04-16T01:08:00Z,2026-04-10T02:52:00Z,0
APP-01752,prior_delinquencies,0.0,2026-04-16T01:08:00Z,2026-04-13T11:06:00Z,0
APP-01753,credit_utilization,0.568,2026-04-16T01:40:00Z,2026-04-14T20:34:00Z,0
APP-01753,debt_to_income,0.325,2026-04-16T01:40:00Z,2026-04-13T06:11:00Z,0
APP-01753,income,89881.0,2026-04-16T01:40:00Z,2026-03-26T18:33:00Z,0
APP-01753,months_employed,116.0,2026-04-16T01:40:00Z,2026-04-06T05:13:00Z,0
APP-01753,prior_delinquencies,0.0,2026-04-16T01:40:00Z,2026-04-13T00:43:00Z,0
APP-01754,credit_utilization,0.331,2026-04-16T04:05:00Z,2026-04-14T14:03:00Z,0
APP-01754,debt_to_income,0.312,2026-04-16T04:05:00Z,2026-04-15T20:08:00Z,0
APP-01754,income,25037.0,2026-04-16T04:05:00Z,2026-03-28T11:46:00Z,0
APP-01754,months_employed,10.0,2026-04-16T04:05:00Z,2026-04-05T00:28:00Z,0
APP-01754,prior_delinquencies,1.0,2026-04-16T04:05:00Z,2026-04-15T01:21:00Z,0
APP-01755,credit_utilization,0.285,2026-04-16T05:35:00Z,2026-04-15T13:35:00Z,0
APP-01755,debt_to_income,0.347,2026-04-16T05:35:00Z,2026-04-14T18:51:00Z,0
APP-01755,income,48155.0,2026-04-16T05:35:00Z,2026-04-01T05:25:00Z,0
APP-01755,months_employed,208.0,2026-04-16T05:35:00Z,2026-04-04T15:11:00Z,0
APP-01755,prior_delinquencies,0.0,2026-04-16T05:35:00Z,2026-04-12T16:02:00Z,0
APP-01756,credit_utilization,0.412,2026-04-16T06:45:00Z,2026-04-15T21:42:00Z,0
APP-01756,debt_to_income,0.411,2026-04-16T06:45:00Z,2026-04-15T10:12:00Z,0
APP-01756,income,29129.0,2026-04-16T06:45:00Z,2026-03-21T13:05:00Z,0
APP-01756,months_employed,6.0,2026-04-16T06:45:00Z,2026-04-13T07:29:00Z,0
APP-01756,prior_delinquencies,0.0,2026-04-16T06:45:00Z,2026-04-13T01:49:00Z,0
APP-01757,credit_utilization,0.232,2026-04-16T07:00:00Z,2026-04-15T16:45:00Z,0
APP-01757,debt_to_income,0.515,2026-04-16T07:00:00Z,2026-04-14T00:25:00Z,0
APP-01757,income,30382.0,2026-04-16T07:00:00Z,2026-03-29T08:02:00Z,0
APP-01757,months_employed,128.0,2026-04-16T07:00:00Z,2026-04-09T19:57:00Z,0
APP-01757,prior_delinquencies,0.0,2026-04-16T07:00:00Z,2026-04-14T06:43:00Z,0
APP-01758,credit_utilization,0.297,2026-04-16T07:29:00Z,2026-04-14T15:13:00Z,0
APP-01758,debt_to_income,0.387,2026-04-16T07:29:00Z,2026-04-15T06:42:00Z,0
APP-01758,income,26602.0,2026-04-16T07:29:00Z,2026-04-09T11:22:00Z,0
APP-01758,months_employed,152.0,2026-04-16T07:29:00Z,2026-04-08T09:25:00Z,0
APP-01758,prior_delinquencies,0.0,2026-04-16T07:29:00Z,2026-04-15T15:49:00Z,0
APP-01759,credit_utilization,0.641,2026-04-16T07:51:00Z,2026-04-15T19:13:00Z,1
APP-01759,debt_to_income,0.434,2026-04-16T07:51:00Z,2026-04-15T20:24:00Z,1
APP-01759,income,34056.0,2026-04-16T07:51:00Z,2026-04-13T00:35:00Z,1
APP-01759,months_employed,121.0,2026-04-16T07:51:00Z,2026-04-09T12:36:00Z,1
APP-01759,prior_delinquencies,2.0,2026-04-16T07:51:00Z,2026-04-13T14:49:00Z,1
APP-01760,credit_utilization,0.528,2026-04-16T08:35:00Z,2026-04-14T15:19:00Z,0
APP-01760,debt_to_income,0.429,2026-04-16T08:35:00Z,2026-04-15T02:38:00Z,0
APP-01760,income,19489.0,2026-04-16T08:35:00Z,2026-04-02T15:02:00Z,0
APP-01760,months_employed,87.0,2026-04-16T08:35:00Z,2026-04-12T17:04:00Z,0
APP-01760,prior_delinquencies,3.0,2026-04-16T08:35:00Z,2026-04-14T02:00:00Z,0
APP-01761,credit_utilization,0.51,2026-04-16T12:39:00Z,2026-04-15T21:49:00Z,1
APP-01761,debt_to_income,0.586,2026-04-16T12:39:00Z,2026-04-14T15:35:00Z,1
APP-01761,income,55823.0,2026-04-16T12:39:00Z,2026-04-04T07:52:00Z,1
APP-01761,months_employed,111.0,2026-04-16T12:39:00Z,2026-04-11T17:25:00Z,1
APP-01761,prior_delinquencies,1.0,2026-04-16T12:39:00Z,2026-04-14T13:43:00Z,1
APP-01762,credit_utilization,0.503,2026-04-16T15:27:00Z,2026-04-15T09:04:00Z,0
APP-01762,debt_to_income,0.354,2026-04-16T15:27:00Z,2026-04-14T05:38:00Z,0
APP-01762,income,60313.0,2026-04-16T15:27:00Z,2026-04-03T13:24:00Z,0
APP-01762,months_employed,109.0,2026-04-16T15:27:00Z,2026-04-08T03:20:00Z,0
APP-01762,prior_delinquencies,1.0,2026-04-16T15:27:00Z,2026-04-14T19:53:00Z,0
APP-01763,credit_utilization,0.216,2026-04-16T16:41:00Z,2026-04-15T20:11:00Z,0
APP-01763,debt_to_income,0.318,2026-04-16T16:41:00Z,2026-04-16T07:38:00Z,0
APP-01763,income,74928.0,2026-04-16T16:41:00Z,2026-03-31T13:11:00Z,0
APP-01763,months_employed,128.0,2026-04-16T16:41:00Z,2026-04-08T01:17:00Z,0
APP-01763,prior_delinquencies,0.0,2026-04-16T16:41:00Z,2026-04-14T12:59:00Z,0
APP-01764,credit_utilization,0.54,2026-04-16T16:45:00Z,2026-04-16T13:14:00Z,0
APP-01764,debt_to_income,0.424,2026-04-16T16:45:00Z,2026-04-15T14:18:00Z,0
APP-01764,income,54777.0,2026-04-16T16:45:00Z,2026-03-25T20:28:00Z,0
APP-01764,months_employed,229.0,2026-04-16T16:45:00Z,2026-04-10T07:57:00Z,0
APP-01764,prior_delinquencies,1.0,2026-04-16T16:45:00Z,2026-04-13T23:20:00Z,0
APP-01765,credit_utilization,0.272,2026-04-16T20:20:00Z,2026-04-15T11:53:00Z,0
APP-01765,debt_to_income,0.331,2026-04-16T20:20:00Z,2026-04-14T10:24:00Z,0
APP-01765,income,24609.0,2026-04-16T20:20:00Z,2026-04-14T20:51:00Z,0
APP-01765,months_employed,220.0,2026-04-16T20:20:00Z,2026-04-07T12:54:00Z,0
APP-01765,prior_delinquencies,1.0,2026-04-16T20:20:00Z,2026-04-16T15:21:00Z,0
APP-01766,credit_utilization,0.673,2026-04-16T20:50:00Z,2026-04-16T10:40:00Z,0
APP-01766,debt_to_income,0.395,2026-04-16T20:50:00Z,2026-04-15T19:24:00Z,0
APP-01766,income,36388.0,2026-04-16T20:50:00Z,2026-04-13T09:26:00Z,0
APP-01766,months_employed,118.0,2026-04-16T20:50:00Z,2026-04-07T01:44:00Z,0
APP-01766,prior_delinquencies,0.0,2026-04-16T20:50:00Z,2026-04-13T18:08:00Z,0
APP-01767,credit_utilization,0.37,2026-04-16T22:29:00Z,2026-04-16T12:50:00Z,0
APP-01767,debt_to_income,0.322,2026-04-16T22:29:00Z,2026-04-16T02:18:00Z,0
APP-01767,income,51399.0,2026-04-16T22:29:00Z,2026-03-18T20:41:00Z,0
APP-01767,months_employed,237.0,2026-04-16T22:29:00Z,2026-04-05T06:56:00Z,0
APP-01767,prior_delinquencies,1.0,2026-04-16T22:29:00Z,2026-04-14T14:37:00Z,0
APP-01768,credit_utilization,0.44,2026-04-17T02:35:00Z,2026-04-15T12:08:00Z,0
APP-01768,debt_to_income,0.291,2026-04-17T02:35:00Z,2026-04-15T21:28:00Z,0
APP-01768,income,34260.0,2026-04-17T02:35:00Z,2026-04-10T08:43:00Z,0
APP-01768,months_employed,30.0,2026-04-17T02:35:00Z,2026-04-15T17:57:00Z,0
APP-01768,prior_delinquencies,1.0,2026-04-17T02:35:00Z,2026-04-14T04:02:00Z,0
APP-01769,credit_utilization,0.605,2026-04-17T11:47:00Z,2026-04-16T14:01:00Z,0
APP-01769,debt_to_income,0.458,2026-04-17T11:47:00Z,2026-04-14T23:38:00Z,0
APP-01769,income,28913.0,2026-04-17T11:47:00Z,2026-03-30T17:04:00Z,0
APP-01769,months_employed,78.0,2026-04-17T11:47:00Z,2026-04-04T12:29:00Z,0
APP-01769,prior_delinquencies,1.0,2026-04-17T11:47:00Z,2026-04-14T12:16:00Z,0
APP-01770,credit_utilization,0.43,2026-04-17T13:19:00Z,2026-04-17T08:28:00Z,0
APP-01770,debt_to_income,0.365,2026-04-17T13:19:00Z,2026-04-15T04:27:00Z,0
APP-01770,income,25859.0,2026-04-17T13:19:00Z,2026-04-11T02:28:00Z,0
APP-01770,months_employed,122.0,2026-04-17T13:19:00Z,2026-04-09T00:32:00Z,0
APP-01770,prior_delinquencies,0.0,2026-04-17T13:19:00Z,2026-04-15T23:10:00Z,0
APP-01771,credit_utilization,0.355,2026-04-17T14:20:00Z,2026-04-16T05:58:00Z,1
APP-01771,debt_to_income,0.554,2026-04-17T14:20:00Z,2026-04-16T01:14:00Z,1
APP-01771,income,37742.0,2026-04-17T14:20:00Z,2026-03-19T08:05:00Z,1
APP-01771,months_employed,29.0,2026-04-17T14:20:00Z,2026-04-14T07:16:00Z,1
APP-01771,prior_delinquencies,0.0,2026-04-17T14:20:00Z,2026-04-16T08:01:00Z,1
APP-01772,credit_utilization,0.145,2026-04-17T15:51:00Z,2026-04-16T14:53:00Z,0
APP-01772,debt_to_income,0.313,2026-04-17T15:51:00Z,2026-04-16T01:55:00Z,0
APP-01772,income,33031.0,2026-04-17T15:51:00Z,2026-03-23T07:46:00Z,0
APP-01772,months_employed,97.0,2026-04-17T15:51:00Z,2026-04-05T16:43:00Z,0
APP-01772,prior_delinquencies,1.0,2026-04-17T15:51:00Z,2026-04-14T03:39:00Z,0
APP-01773,credit_utilization,0.574,2026-04-17T15:54:00Z,2026-04-17T06:34:00Z,0
APP-01773,debt_to_income,0.498,2026-04-17T15:54:00Z,2026-04-16T08:30:00Z,0
APP-01773,income,52554.0,2026-04-17T15:54:00Z,2026-04-12T23:38:00Z,0
APP-01773,months_employed,235.0,2026-04-17T15:54:00Z,2026-04-06T03:38:00Z,0
APP-01773,prior_delinquencies,0.0,2026-04-17T15:54:00Z,2026-04-14T14:36:00Z,0
APP-01774,credit_utilization,0.138,2026-04-17T16:38:00Z,2026-04-15T18:27:00Z,0
APP-01774,debt_to_income,0.204,2026-04-17T16:38:00Z,2026-04-16T12:52:00Z,0
APP-01774,income,93209.0,2026-04-17T16:38:00Z,2026-03-23T00:22:00Z,0
APP-01774,months_employed,212.0,2026-04-17T16:38:00Z,2026-04-12T19:03:00Z,0
APP-01774,prior_delinquencies,0.0,2026-04-17T16:38:00Z,2026-04-14T17:06:00Z,0
APP-01775,credit_utilization,0.352,2026-04-17T20:13:00Z,2026-04-16T21:27:00Z,0
APP-01775,debt_to_income,0.223,2026-04-17T20:13:00Z,2026-04-16T20:30:00Z,0
APP-01775,income,69091.0,2026-04-17T20:13:00Z,2026-04-11T13:50:00Z,0
APP-01775,months_employed,25.0,2026-04-17T20:13:00Z,2026-04-03T20:34:00Z,0
APP-01775,prior_delinquencies,1.0,2026-04-17T20:13:00Z,2026-04-15T00:34:00Z,0
APP-01776,credit_utilization,0.4,2026-04-17T21:12:00Z,2026-04-17T07:20:00Z,0
APP-01776,debt_to_income,0.449,2026-04-17T21:12:00Z,2026-04-15T21:41:00Z,0
APP-01776,income,34696.0,2026-04-17T21:12:00Z,2026-04-08T04:14:00Z,0
APP-01776,months_employed,112.0,2026-04-17T21:12:00Z,2026-04-09T18:48:00Z,0
APP-01776,prior_delinquencies,1.0,2026-04-17T21:12:00Z,2026-04-14T18:56:00Z,0
APP-01777,credit_utilization,0.129,2026-04-17T21:33:00Z,2026-04-16T14:42:00Z,0
APP-01777,debt_to_income,0.487,2026-04-17T21:33:00Z,2026-04-15T09:56:00Z,0
APP-01777,income,47625.0,2026-04-17T21:33:00Z,2026-03-31T10:52:00Z,0
APP-01777,months_employed,63.0,2026-04-17T21:33:00Z,2026-04-10T22:56:00Z,0
APP-01777,prior_delinquencies,0.0,2026-04-17T21:33:00Z,2026-04-16T14:21:00Z,0
APP-01778,credit_utilization,0.337,2026-04-17T23:03:00Z,2026-04-16T08:11:00Z,1
APP-01778,debt_to_income,0.592,2026-04-17T23:03:00Z,2026-04-16T02:48:00Z,1
APP-01778,income,15697.0,2026-04-17T23:03:00Z,2026-04-16T04:13:00Z,1
APP-01778,months_employed,0.0,2026-04-17T23:03:00Z,2026-04-07T01:01:00Z,1
APP-01778,prior_delinquencies,0.0,2026-04-17T23:03:00Z,2026-04-14T01:42:00Z,1
APP-01779,credit_utilization,0.336,2026-04-18T00:00:00Z,2026-04-16T00:31:00Z,0
APP-01779,debt_to_income,0.097,2026-04-18T00:00:00Z,2026-04-15T12:32:00Z,0
APP-01779,income,85492.0,2026-04-18T00:00:00Z,2026-04-04T01:57:00Z,0
APP-01779,months_employed,192.0,2026-04-18T00:00:00Z,2026-04-15T15:23:00Z,0
APP-01779,prior_delinquencies,1.0,2026-04-18T00:00:00Z,2026-04-17T06:01:00Z,0
APP-01780,credit_utilization,0.735,2026-04-18T00:41:00Z,2026-04-16T01:52:00Z,0
APP-01780,debt_to_income,0.478,2026-04-18T00:41:00Z,2026-04-16T14:16:00Z,0
APP-01780,income,56935.0,2026-04-18T00:41:00Z,2026-04-01T09:28:00Z,0
APP-01780,months_employed,13.0,2026-04-18T00:41:00Z,2026-04-06T07:06:00Z,0
APP-01780,prior_delinquencies,0.0,2026-04-18T00:41:00Z,2026-04-14T15:00:00Z,0
APP-01781,credit_utilization,0.491,2026-04-18T00:53:00Z,2026-04-16T21:52:00Z,1
APP-01781,debt_to_income,0.496,2026-04-18T00:53:00Z,2026-04-16T01:29:00Z,1
APP-01781,income,57029.0,2026-04-18T00:53:00Z,2026-04-01T16:02:00Z,1
APP-01781,months_employed,18.0,2026-04-18T00:53:00Z,2026-04-08T21:41:00Z,1
APP-01781,prior_delinquencies,1.0,2026-04-18T00:53:00Z,2026-04-17T05:36:00Z,1
APP-01782,credit_utilization,0.222,2026-04-18T01:52:00Z,2026-04-16T04:20:00Z,0
APP-01782,debt_to_income,0.349,2026-04-18T01:52:00Z,2026-04-17T15:08:00Z,0
APP-01782,income,117487.0,2026-04-18T01:52:00Z,2026-03-23T15:16:00Z,0
APP-01782,months_employed,10.0,2026-04-18T01:52:00Z,2026-04-12T08:42:00Z,0
APP-01782,prior_delinquencies,0.0,2026-04-18T01:52:00Z,2026-04-15T10:24:00Z,0
APP-01783,credit_utilization,0.228,2026-04-18T03:34:00Z,2026-04-17T05:51:00Z,0
APP-01783,debt_to_income,0.01,2026-04-18T03:34:00Z,2026-04-15T13:42:00Z,0
APP-01783,income,49762.0,2026-04-18T03:34:00Z,2026-04-15T17:56:00Z,0
APP-01783,months_employed,234.0,2026-04-18T03:34:00Z,2026-04-08T01:31:00Z,0
APP-01783,prior_delinquencies,0.0,2026-04-18T03:34:00Z,2026-04-17T21:22:00Z,0
APP-01784,credit_utilization,0.706,2026-04-18T05:01:00Z,2026-04-16T23:11:00Z,0
APP-01784,debt_to_income,0.282,2026-04-18T05:01:00Z,2026-04-15T15:32:00Z,0
APP-01784,income,26693.0,2026-04-18T05:01:00Z,2026-04-05T16:00:00Z,0
APP-01784,months_employed,97.0,2026-04-18T05:01:00Z,2026-04-09T00:10:00Z,0
APP-01784,prior_delinquencies,1.0,2026-04-18T05:01:00Z,2026-04-17T16:59:00Z,0
APP-01785,credit_utilization,0.417,2026-04-18T05:42:00Z,2026-04-17T01:03:00Z,0
APP-01785,debt_to_income,0.333,2026-04-18T05:42:00Z,2026-04-16T05:49:00Z,0
APP-01785,income,41642.0,2026-04-18T05:42:00Z,2026-04-04T15:34:00Z,0
APP-01785,months_employed,50.0,2026-04-18T05:42:00Z,2026-04-08T09:58:00Z,0
APP-01785,prior_delinquencies,0.0,2026-04-18T05:42:00Z,2026-04-16T09:13:00Z,0
APP-01786,credit_utilization,0.475,2026-04-18T06:06:00Z,2026-04-17T11:04:00Z,0
APP-01786,debt_to_income,0.505,2026-04-18T06:06:00Z,2026-04-15T19:58:00Z,0
APP-01786,income,58674.0,2026-04-18T06:06:00Z,2026-04-04T04:10:00Z,0
APP-01786,months_employed,203.0,2026-04-18T06:06:00Z,2026-04-10T15:59:00Z,0
APP-01786,prior_delinquencies,0.0,2026-04-18T06:06:00Z,2026-04-15T18:30:00Z,0
APP-01787,credit_utilization,0.0,2026-04-18T06:38:00Z,2026-04-16T11:22:00Z,0
APP-01787,debt_to_income,0.185,2026-04-18T06:38:00Z,2026-04-16T10:44:00Z,0
APP-01787,income,133246.0,2026-04-18T06:38:00Z,2026-04-02T16:22:00Z,0
APP-01787,months_employed,17.0,2026-04-18T06:38:00Z,2026-04-17T00:25:00Z,0
APP-01787,prior_delinquencies,0.0,2026-04-18T06:38:00Z,2026-04-17T09:42:00Z,0
APP-01788,credit_utilization,0.244,2026-04-18T06:57:00Z,2026-04-17T20:33:00Z,1
APP-01788,debt_to_income,0.427,2026-04-18T06:57:00Z,2026-04-16T18:49:00Z,1
APP-01788,income,31970.0,2026-04-18T06:57:00Z,2026-04-03T16:49:00Z,1
APP-01788,months_employed,74.0,2026-04-18T06:57:00Z,2026-04-09T05:58:00Z,1
APP-01788,prior_delinquencies,0.0,2026-04-18T06:57:00Z,2026-04-15T12:29:00Z,1
APP-01789,credit_utilization,0.296,2026-04-18T07:08:00Z,2026-04-17T01:33:00Z,0
APP-01789,debt_to_income,0.073,2026-04-18T07:08:00Z,2026-04-16T07:08:00Z,0
APP-01789,income,97418.0,2026-04-18T07:08:00Z,2026-03-31T14:29:00Z,0
APP-01789,months_employed,233.0,2026-04-18T07:08:00Z,2026-04-08T10:45:00Z,0
APP-01789,prior_delinquencies,1.0,2026-04-18T07:08:00Z,2026-04-18T00:23:00Z,0
APP-01790,credit_utilization,0.156,2026-04-18T07:46:00Z,2026-04-18T02:50:00Z,1
APP-01790,debt_to_income,0.273,2026-04-18T07:46:00Z,2026-04-17T06:35:00Z,1
APP-01790,income,49069.0,2026-04-18T07:46:00Z,2026-04-11T20:59:00Z,1
APP-01790,months_employed,88.0,2026-04-18T07:46:00Z,2026-04-10T06:28:00Z,1
APP-01790,prior_delinquencies,2.0,2026-04-18T07:46:00Z,2026-04-15T07:08:00Z,1
APP-01791,credit_utilization,0.112,2026-04-18T09:44:00Z,2026-04-17T02:06:00Z,0
APP-01791,debt_to_income,0.287,2026-04-18T09:44:00Z,2026-04-17T18:16:00Z,0
APP-01791,income,95667.0,2026-04-18T09:44:00Z,2026-04-08T11:47:00Z,0
APP-01791,months_employed,211.0,2026-04-18T09:44:00Z,2026-04-12T07:42:00Z,0
APP-01791,prior_delinquencies,0.0,2026-04-18T09:44:00Z,2026-04-16T17:58:00Z,0
APP-01792,credit_utilization,0.208,2026-04-18T10:36:00Z,2026-04-17T22:33:00Z,0
APP-01792,debt_to_income,0.353,2026-04-18T10:36:00Z,2026-04-17T20:04:00Z,0
APP-01792,income,36710.0,2026-04-18T10:36:00Z,2026-03-26T10:21:00Z,0
APP-01792,months_employed,31.0,2026-04-18T10:36:00Z,2026-04-08T11:29:00Z,0
APP-01792,prior_delinquencies,3.0,2026-04-18T10:36:00Z,2026-04-16T04:05:00Z,0
APP-01793,credit_utilization,0.691,2026-04-18T10:54:00Z,2026-04-18T01:41:00Z,1
APP-01793,debt_to_income,0.586,2026-04-18T10:54:00Z,2026-04-17T16:02:00Z,1
APP-01793,income,27590.0,2026-04-18T10:54:00Z,2026-03-21T12:09:00Z,1
APP-01793,months_employed,8.0,2026-04-18T10:54:00Z,2026-04-14T23:36:00Z,1
APP-01793,prior_delinquencies,4.0,2026-04-18T10:54:00Z,2026-04-16T19:19:00Z,1
APP-01794,credit_utilization,0.478,2026-04-18T11:55:00Z,2026-04-17T01:51:00Z,1
APP-01794,debt_to_income,0.303,2026-04-18T11:55:00Z,2026-04-17T20:44:00Z,1
APP-01794,income,64748.0,2026-04-18T11:55:00Z,2026-04-03T04:33:00Z,1
APP-01794,months_employed,130.0,2026-04-18T11:55:00Z,2026-04-05T19:58:00Z,1
APP-01794,prior_delinquencies,1.0,2026-04-18T11:55:00Z,2026-04-15T16:35:00Z,1
APP-01795,credit_utilization,0.404,2026-04-18T15:40:00Z,2026-04-16T15:48:00Z,0
APP-01795,debt_to_income,0.445,2026-04-18T15:40:00Z,2026-04-16T02:18:00Z,0
APP-01795,income,36626.0,2026-04-18T15:40:00Z,2026-04-02T07:06:00Z,0
APP-01795,months_employed,183.0,2026-04-18T15:40:00Z,2026-04-05T04:50:00Z,0
APP-01795,prior_delinquencies,0.0,2026-04-18T15:40:00Z,2026-04-15T10:18:00Z,0
APP-01796,credit_utilization,0.464,2026-04-18T15:45:00Z,2026-04-16T18:31:00Z,0
APP-01796,debt_to_income,0.382,2026-04-18T15:45:00Z,2026-04-16T08:29:00Z,0
APP-01796,income,29181.0,2026-04-18T15:45:00Z,2026-04-12T15:05:00Z,0
APP-01796,months_employed,13.0,2026-04-18T15:45:00Z,2026-04-05T04:13:00Z,0
APP-01796,prior_delinquencies,0.0,2026-04-18T15:45:00Z,2026-04-15T19:34:00Z,0
APP-01797,credit_utilization,0.26,2026-04-18T17:38:00Z,2026-04-17T16:30:00Z,0
APP-01797,debt_to_income,0.1,2026-04-18T17:38:00Z,2026-04-18T03:06:00Z,0
APP-01797,income,62431.0,2026-04-18T17:38:00Z,2026-03-24T23:54:00Z,0
APP-01797,months_employed,52.0,2026-04-18T17:38:00Z,2026-04-07T23:36:00Z,0
APP-01797,prior_delinquencies,1.0,2026-04-18T17:38:00Z,2026-04-16T08:04:00Z,0
APP-01798,credit_utilization,0.239,2026-04-18T17:57:00Z,2026-04-17T03:13:00Z,0
APP-01798,debt_to_income,0.312,2026-04-18T17:57:00Z,2026-04-18T12:57:00Z,0
APP-01798,income,71596.0,2026-04-18T17:57:00Z,2026-03-23T20:58:00Z,0
APP-01798,months_employed,163.0,2026-04-18T17:57:00Z,2026-04-13T11:35:00Z,0
APP-01798,prior_delinquencies,0.0,2026-04-18T17:57:00Z,2026-04-14T21:06:00Z,0
APP-01799,credit_utilization,0.645,2026-04-18T18:01:00Z,2026-04-18T11:58:00Z,1
APP-01799,debt_to_income,0.384,2026-04-18T18:01:00Z,2026-04-16T10:32:00Z,1
APP-01799,income,33799.0,2026-04-18T18:01:00Z,2026-04-05T19:53:00Z,1
APP-01799,months_employed,235.0,2026-04-18T18:01:00Z,2026-04-05T17:38:00Z,1
APP-01799,prior_delinquencies,2.0,2026-04-18T18:01:00Z,2026-04-17T15:35:00Z,1
APP-01800,credit_utilization,0.401,2026-04-18T19:49:00Z,2026-04-16T20:10:00Z,0
APP-01800,debt_to_income,0.403,2026-04-18T19:49:00Z,2026-04-18T04:47:00Z,0
APP-01800,income,25673.0,2026-04-18T19:49:00Z,2026-04-05T09:26:00Z,0
APP-01800,months_employed,22.0,2026-04-18T19:49:00Z,2026-04-17T02:52:00Z,0
APP-01800,prior_delinquencies,1.0,2026-04-18T19:49:00Z,2026-04-15T11:24:00Z,0
APP-01801,credit_utilization,0.278,2026-04-18T19:58:00Z,2026-04-17T21:49:00Z,0
APP-01801,debt_to_income,0.386,2026-04-18T19:58:00Z,2026-04-17T14:15:00Z,0
APP-01801,income,28077.0,2026-04-18T19:58:00Z,2026-03-23T15:28:00Z,0
APP-01801,months_employed,100.0,2026-04-18T19:58:00Z,2026-04-14T01:19:00Z,0
APP-01801,prior_delinquencies,0.0,2026-04-18T19:58:00Z,2026-04-18T02:09:00Z,0
APP-01802,credit_utilization,0.37,2026-04-18T20:25:00Z,2026-04-18T10:12:00Z,0
APP-01802,debt_to_income,0.385,2026-04-18T20:25:00Z,2026-04-18T11:51:00Z,0
APP-01802,income,45345.0,2026-04-18T20:25:00Z,2026-03-30T12:50:00Z,0
APP-01802,months_employed,190.0,2026-04-18T20:25:00Z,2026-04-10T18:17:00Z,0
APP-01802,prior_delinquencies,0.0,2026-04-18T20:25:00Z,2026-04-15T05:41:00Z,0
APP-01803,credit_utilization,0.376,2026-04-18T22:10:00Z,2026-04-17T16:45:00Z,0
APP-01803,debt_to_income,0.378,2026-04-18T22:10:00Z,2026-04-16T15:22:00Z,0
APP-01803,income,21449.0,2026-04-18T22:10:00Z,2026-03-28T16:32:00Z,0
APP-01803,months_employed,182.0,2026-04-18T22:10:00Z,2026-04-14T15:21:00Z,0
APP-01803,prior_delinquencies,0.0,2026-04-18T22:10:00Z,2026-04-18T08:17:00Z,0
APP-01804,credit_utilization,0.085,2026-04-18T22:11:00Z,2026-04-17T15:30:00Z,0
APP-01804,debt_to_income,0.128,2026-04-18T22:11:00Z,2026-04-16T13:25:00Z,0
APP-01804,income,106821.0,2026-04-18T22:11:00Z,2026-03-29T09:53:00Z,0
APP-01804,months_employed,5.0,2026-04-18T22:11:00Z,2026-04-13T10:52:00Z,0
APP-01804,prior_delinquencies,0.0,2026-04-18T22:11:00Z,2026-04-17T06:27:00Z,0
APP-01805,credit_utilization,0.325,2026-04-18T23:37:00Z,2026-04-17T13:28:00Z,0
APP-01805,debt_to_income,0.491,2026-04-18T23:37:00Z,2026-04-18T07:07:00Z,0
APP-01805,income,106031.0,2026-04-18T23:37:00Z,2026-04-05T13:24:00Z,0
APP-01805,months_employed,92.0,2026-04-18T23:37:00Z,2026-04-06T02:04:00Z,0
APP-01805,prior_delinquencies,0.0,2026-04-18T23:37:00Z,2026-04-16T19:37:00Z,0
APP-01806,credit_utilization,0.404,2026-04-19T02:51:00Z,2026-04-17T20:03:00Z,0
APP-01806,debt_to_income,0.176,2026-04-19T02:51:00Z,2026-04-18T05:30:00Z,0
APP-01806,income,27793.0,2026-04-19T02:51:00Z,2026-04-12T04:07:00Z,0
APP-01806,months_employed,78.0,2026-04-19T02:51:00Z,2026-04-17T19:03:00Z,0
APP-01806,prior_delinquencies,1.0,2026-04-19T02:51:00Z,2026-04-17T00:25:00Z,0
APP-01807,credit_utilization,0.156,2026-04-19T07:46:00Z,2026-04-18T00:20:00Z,0
APP-01807,debt_to_income,0.265,2026-04-19T07:46:00Z,2026-04-16T08:40:00Z,0
APP-01807,income,61506.0,2026-04-19T07:46:00Z,2026-04-10T12:34:00Z,0
APP-01807,months_employed,3.0,2026-04-19T07:46:00Z,2026-04-15T07:18:00Z,0
APP-01807,prior_delinquencies,0.0,2026-04-19T07:46:00Z,2026-04-16T01:54:00Z,0
APP-01808,credit_utilization,0.209,2026-04-19T07:56:00Z,2026-04-19T02:31:00Z,0
APP-01808,debt_to_income,0.267,2026-04-19T07:56:00Z,2026-04-18T20:05:00Z,0
APP-01808,income,62190.0,2026-04-19T07:56:00Z,2026-03-23T17:03:00Z,0
APP-01808,months_employed,64.0,2026-04-19T07:56:00Z,2026-04-09T22:43:00Z,0
APP-01808,prior_delinquencies,1.0,2026-04-19T07:56:00Z,2026-04-16T17:15:00Z,0
APP-01809,credit_utilization,0.282,2026-04-19T09:20:00Z,2026-04-18T21:20:00Z,0
APP-01809,debt_to_income,0.352,2026-04-19T09:20:00Z,2026-04-17T02:31:00Z,0
APP-01809,income,69617.0,2026-04-19T09:20:00Z,2026-04-16T03:53:00Z,0
APP-01809,months_employed,172.0,2026-04-19T09:20:00Z,2026-04-10T20:37:00Z,0
APP-01809,prior_delinquencies,0.0,2026-04-19T09:20:00Z,2026-04-17T07:28:00Z,0
APP-01810,credit_utilization,0.371,2026-04-19T12:33:00Z,2026-04-19T11:02:00Z,0
APP-01810,debt_to_income,0.131,2026-04-19T12:33:00Z,2026-04-18T01:34:00Z,0
APP-01810,income,47565.0,2026-04-19T12:33:00Z,2026-04-13T04:51:00Z,0
APP-01810,months_employed,125.0,2026-04-19T12:33:00Z,2026-04-05T19:30:00Z,0
APP-01810,prior_delinquencies,0.0,2026-04-19T12:33:00Z,2026-04-16T07:19:00Z,0
APP-01811,credit_utilization,0.467,2026-04-19T12:48:00Z,2026-04-18T06:32:00Z,0
APP-01811,debt_to_income,0.331,2026-04-19T12:48:00Z,2026-04-18T00:19:00Z,0
APP-01811,income,42976.0,2026-04-19T12:48:00Z,2026-04-07T09:08:00Z,0
APP-01811,months_employed,100.0,2026-04-19T12:48:00Z,2026-04-06T03:07:00Z,0
APP-01811,prior_delinquencies,0.0,2026-04-19T12:48:00Z,2026-04-16T13:34:00Z,0
APP-01812,credit_utilization,0.401,2026-04-19T13:46:00Z,2026-04-18T03:19:00Z,0
APP-01812,debt_to_income,0.403,2026-04-19T13:46:00Z,2026-04-19T02:23:00Z,0
APP-01812,income,61287.0,2026-04-19T13:46:00Z,2026-04-12T20:54:00Z,0
APP-01812,months_employed,199.0,2026-04-19T13:46:00Z,2026-04-06T14:18:00Z,0
APP-01812,prior_delinquencies,0.0,2026-04-19T13:46:00Z,2026-04-16T18:21:00Z,0
APP-01813,credit_utilization,0.126,2026-04-19T14:05:00Z,2026-04-19T08:41:00Z,0
APP-01813,debt_to_income,0.203,2026-04-19T14:05:00Z,2026-04-18T02:02:00Z,0
APP-01813,income,47857.0,2026-04-19T14:05:00Z,2026-03-20T23:05:00Z,0
APP-01813,months_employed,199.0,2026-04-19T14:05:00Z,2026-04-09T15:34:00Z,0
APP-01813,prior_delinquencies,0.0,2026-04-19T14:05:00Z,2026-04-18T20:14:00Z,0
APP-01814,credit_utilization,0.287,2026-04-19T15:09:00Z,2026-04-19T10:44:00Z,0
APP-01814,debt_to_income,0.229,2026-04-19T15:09:00Z,2026-04-19T09:48:00Z,0
APP-01814,income,67459.0,2026-04-19T15:09:00Z,2026-03-24T13:51:00Z,0
APP-01814,months_employed,225.0,2026-04-19T15:09:00Z,2026-04-07T06:14:00Z,0
APP-01814,prior_delinquencies,2.0,2026-04-19T15:09:00Z,2026-04-16T19:15:00Z,0
APP-01815,credit_utilization,0.41,2026-04-19T15:57:00Z,2026-04-18T04:29:00Z,0
APP-01815,debt_to_income,0.255,2026-04-19T15:57:00Z,2026-04-18T08:08:00Z,0
APP-01815,income,46666.0,2026-04-19T15:57:00Z,2026-04-06T23:59:00Z,0
APP-01815,months_employed,103.0,2026-04-19T15:57:00Z,2026-04-12T05:29:00Z,0
APP-01815,prior_delinquencies,0.0,2026-04-19T15:57:00Z,2026-04-17T14:02:00Z,0
APP-01816,credit_utilization,0.202,2026-04-19T17:36:00Z,2026-04-19T12:03:00Z,0
APP-01816,debt_to_income,0.418,2026-04-19T17:36:00Z,2026-04-17T16:01:00Z,0
APP-01816,income,58533.0,2026-04-19T17:36:00Z,2026-04-17T09:41:00Z,0
APP-01816,months_employed,212.0,2026-04-19T17:36:00Z,2026-04-13T16:08:00Z,0
APP-01816,prior_delinquencies,1.0,2026-04-19T17:36:00Z,2026-04-17T21:22:00Z,0
APP-01817,credit_utilization,0.503,2026-04-19T18:11:00Z,2026-04-18T02:59:00Z,1
APP-01817,debt_to_income,0.448,2026-04-19T18:11:00Z,2026-04-19T13:11:00Z,1
APP-01817,income,98001.0,2026-04-19T18:11:00Z,2026-04-06T14:19:00Z,1
APP-01817,months_employed,32.0,2026-04-19T18:11:00Z,2026-04-13T10:56:00Z,1
APP-01817,prior_delinquencies,1.0,2026-04-19T18:11:00Z,2026-04-16T04:51:00Z,1
APP-01818,credit_utilization,0.466,2026-04-19T19:59:00Z,2026-04-19T15:23:00Z,0
APP-01818,debt_to_income,0.56,2026-04-19T19:59:00Z,2026-04-17T17:12:00Z,0
APP-01818,income,45220.0,2026-04-19T19:59:00Z,2026-04-03T23:13:00Z,0
APP-01818,months_employed,135.0,2026-04-19T19:59:00Z,2026-04-12T16:31:00Z,0
APP-01818,prior_delinquencies,0.0,2026-04-19T19:59:00Z,2026-04-19T06:02:00Z,0
APP-01819,credit_utilization,0.383,2026-04-19T20:16:00Z,2026-04-17T23:49:00Z,0
APP-01819,debt_to_income,0.387,2026-04-19T20:16:00Z,2026-04-17T13:04:00Z,0
APP-01819,income,30550.0,2026-04-19T20:16:00Z,2026-03-29T23:29:00Z,0
APP-01819,months_employed,222.0,2026-04-19T20:16:00Z,2026-04-07T12:32:00Z,0
APP-01819,prior_delinquencies,1.0,2026-04-19T20:16:00Z,2026-04-19T02:51:00Z,0
APP-01820,credit_utilization,0.513,2026-04-19T21:09:00Z,2026-04-18T20:25:00Z,0
APP-01820,debt_to_income,0.381,2026-04-19T21:09:00Z,2026-04-17T08:22:00Z,0
APP-01820,income,30772.0,2026-04-19T21:09:00Z,2026-03-27T23:52:00Z,0
APP-01820,months_employed,129.0,2026-04-19T21:09:00Z,2026-04-14T14:35:00Z,0
APP-01820,prior_delinquencies,1.0,2026-04-19T21:09:00Z,2026-04-17T21:19:00Z,0
APP-01821,credit_utilization,0.328,2026-04-19T22:25:00Z,2026-04-17T23:06:00Z,0
APP-01821,debt_to_income,0.248,2026-04-19T22:25:00Z,2026-04-18T19:50:00Z,0
APP-01821,income,62410.0,2026-04-19T22:25:00Z,2026-04-01T23:43:00Z,0
APP-01821,months_employed,152.0,2026-04-19T22:25:00Z,2026-04-18T17:51:00Z,0
APP-01821,prior_delinquencies,0.0,2026-04-19T22:25:00Z,2026-04-16T06:39:00Z,0
APP-01822,credit_utilization,0.345,2026-04-19T23:15:00Z,2026-04-18T15:17:00Z,0
APP-01822,debt_to_income,0.285,2026-04-19T23:15:00Z,2026-04-19T20:07:00Z,0
APP-01822,income,32583.0,2026-04-19T23:15:00Z,2026-04-07T21:09:00Z,0
APP-01822,months_employed,115.0,2026-04-19T23:15:00Z,2026-04-11T14:19:00Z,0
APP-01822,prior_delinquencies,3.0,2026-04-19T23:15:00Z,2026-04-19T13:33:00Z,0
APP-01823,credit_utilization,0.247,2026-04-19T23:44:00Z,2026-04-18T23:23:00Z,0
APP-01823,debt_to_income,0.218,2026-04-19T23:44:00Z,2026-04-19T08:17:00Z,0
APP-01823,income,74843.0,2026-04-19T23:44:00Z,2026-03-31T21:38:00Z,0
APP-01823,months_employed,203.0,2026-04-19T23:44:00Z,2026-04-11T11:03:00Z,0
APP-01823,prior_delinquencies,0.0,2026-04-19T23:44:00Z,2026-04-18T20:20:00Z,0
APP-01824,credit_utilization,0.315,2026-04-20T00:10:00Z,2026-04-18T19:10:00Z,0
APP-01824,debt_to_income,0.295,2026-04-20T00:10:00Z,2026-04-18T10:47:00Z,0
APP-01824,income,43539.0,2026-04-20T00:10:00Z,2026-04-04T19:33:00Z,0
APP-01824,months_employed,61.0,2026-04-20T00:10:00Z,2026-04-08T01:40:00Z,0
APP-01824,prior_delinquencies,0.0,2026-04-20T00:10:00Z,2026-04-17T10:10:00Z,0
APP-01825,credit_utilization,0.003,2026-04-20T04:29:00Z,2026-04-18T12:26:00Z,0
APP-01825,debt_to_income,0.305,2026-04-20T04:29:00Z,2026-04-19T07:11:00Z,0
APP-01825,income,52827.0,2026-04-20T04:29:00Z,2026-04-13T07:15:00Z,0
APP-01825,months_employed,73.0,2026-04-20T04:29:00Z,2026-04-14T01:26:00Z,0
APP-01825,prior_delinquencies,2.0,2026-04-20T04:29:00Z,2026-04-19T10:22:00Z,0
APP-01826,credit_utilization,0.538,2026-04-20T04:29:00Z,2026-04-18T15:31:00Z,1
APP-01826,debt_to_income,0.503,2026-04-20T04:29:00Z,2026-04-17T09:41:00Z,1
APP-01826,income,39259.0,2026-04-20T04:29:00Z,2026-04-13T14:50:00Z,1
APP-01826,months_employed,228.0,2026-04-20T04:29:00Z,2026-04-11T15:43:00Z,1
APP-01826,prior_delinquencies,1.0,2026-04-20T04:29:00Z,2026-04-18T15:23:00Z,1
APP-01827,credit_utilization,0.14,2026-04-20T07:05:00Z,2026-04-20T03:08:00Z,0
APP-01827,debt_to_income,0.11,2026-04-20T07:05:00Z,2026-04-19T10:19:00Z,0
APP-01827,income,59037.0,2026-04-20T07:05:00Z,2026-04-01T23:05:00Z,0
APP-01827,months_employed,11.0,2026-04-20T07:05:00Z,2026-04-12T12:18:00Z,0
APP-01827,prior_delinquencies,0.0,2026-04-20T07:05:00Z,2026-04-19T12:59:00Z,0
APP-01828,credit_utilization,0.239,2026-04-20T08:03:00Z,2026-04-19T21:21:00Z,0
APP-01828,debt_to_income,0.262,2026-04-20T08:03:00Z,2026-04-19T23:21:00Z,0
APP-01828,income,176519.0,2026-04-20T08:03:00Z,2026-04-10T05:46:00Z,0
APP-01828,months_employed,234.0,2026-04-20T08:03:00Z,2026-04-14T13:56:00Z,0
APP-01828,prior_delinquencies,0.0,2026-04-20T08:03:00Z,2026-04-18T03:52:00Z,0
APP-01829,credit_utilization,0.394,2026-04-20T09:11:00Z,2026-04-18T12:17:00Z,0
APP-01829,debt_to_income,0.249,2026-04-20T09:11:00Z,2026-04-19T05:32:00Z,0
APP-01829,income,56818.0,2026-04-20T09:11:00Z,2026-04-17T08:31:00Z,0
APP-01829,months_employed,57.0,2026-04-20T09:11:00Z,2026-04-12T17:23:00Z,0
APP-01829,prior_delinquencies,0.0,2026-04-20T09:11:00Z,2026-04-17T21:54:00Z,0
APP-01830,credit_utilization,0.549,2026-04-20T10:44:00Z,2026-04-19T05:28:00Z,0
APP-01830,debt_to_income,0.169,2026-04-20T10:44:00Z,2026-04-18T01:55:00Z,0
APP-01830,income,36283.0,2026-04-20T10:44:00Z,2026-04-05T09:14:00Z,0
APP-01830,months_employed,185.0,2026-04-20T10:44:00Z,2026-04-09T18:59:00Z,0
APP-01830,prior_delinquencies,2.0,2026-04-20T10:44:00Z,2026-04-18T13:17:00Z,0
APP-01831,credit_utilization,0.26,2026-04-20T16:18:00Z,2026-04-20T07:09:00Z,0
APP-01831,debt_to_income,0.163,2026-04-20T16:18:00Z,2026-04-18T09:20:00Z,0
APP-01831,income,141080.0,2026-04-20T16:18:00Z,2026-04-07T12:05:00Z,0
APP-01831,months_employed,33.0,2026-04-20T16:18:00Z,2026-04-17T06:24:00Z,0
APP-01831,prior_delinquencies,0.0,2026-04-20T16:18:00Z,2026-04-17T19:53:00Z,0
APP-01832,credit_utilization,0.479,2026-04-20T18:37:00Z,2026-04-19T05:41:00Z,0
APP-01832,debt_to_income,0.225,2026-04-20T18:37:00Z,2026-04-19T07:18:00Z,0
APP-01832,income,22442.0,2026-04-20T18:37:00Z,2026-04-18T15:18:00Z,0
APP-01832,months_employed,225.0,2026-04-20T18:37:00Z,2026-04-09T01:45:00Z,0
APP-01832,prior_delinquencies,0.0,2026-04-20T18:37:00Z,2026-04-17T01:04:00Z,0
APP-01833,credit_utilization,0.12,2026-04-20T19:26:00Z,2026-04-19T07:56:00Z,0
APP-01833,debt_to_income,0.2,2026-04-20T19:26:00Z,2026-04-19T19:19:00Z,0
APP-01833,income,63934.0,2026-04-20T19:26:00Z,2026-04-12T01:54:00Z,0
APP-01833,months_employed,50.0,2026-04-20T19:26:00Z,2026-04-11T19:30:00Z,0
APP-01833,prior_delinquencies,0.0,2026-04-20T19:26:00Z,2026-04-17T10:48:00Z,0
APP-01834,credit_utilization,0.424,2026-04-20T22:40:00Z,2026-04-19T19:29:00Z,0
APP-01834,debt_to_income,0.487,2026-04-20T22:40:00Z,2026-04-19T11:46:00Z,0
APP-01834,income,19058.0,2026-04-20T22:40:00Z,2026-03-31T08:00:00Z,0
APP-01834,months_employed,90.0,2026-04-20T22:40:00Z,2026-04-08T00:03:00Z,0
APP-01834,prior_delinquencies,0.0,2026-04-20T22:40:00Z,2026-04-18T16:33:00Z,0
APP-01835,credit_utilization,0.556,2026-04-21T03:53:00Z,2026-04-19T08:55:00Z,1
APP-01835,debt_to_income,0.572,2026-04-21T03:53:00Z,2026-04-18T23:22:00Z,1
APP-01835,income,47926.0,2026-04-21T03:53:00Z,2026-04-14T19:45:00Z,1
APP-01835,months_employed,227.0,2026-04-21T03:53:00Z,2026-04-12T12:22:00Z,1
APP-01835,prior_delinquencies,1.0,2026-04-21T03:53:00Z,2026-04-18T00:54:00Z,1
APP-01836,credit_utilization,0.334,2026-04-21T03:59:00Z,2026-04-20T23:22:00Z,0
APP-01836,debt_to_income,0.274,2026-04-21T03:59:00Z,2026-04-18T05:15:00Z,0
APP-01836,income,119577.0,2026-04-21T03:59:00Z,2026-04-13T00:03:00Z,0
APP-01836,months_employed,57.0,2026-04-21T03:59:00Z,2026-04-10T12:00:00Z,0
APP-01836,prior_delinquencies,0.0,2026-04-21T03:59:00Z,2026-04-17T06:17:00Z,0
APP-01837,credit_utilization,0.523,2026-04-21T04:43:00Z,2026-04-19T21:46:00Z,0
APP-01837,debt_to_income,0.477,2026-04-21T04:43:00Z,2026-04-18T09:41:00Z,0
APP-01837,income,21668.0,2026-04-21T04:43:00Z,2026-03-29T19:24:00Z,0
APP-01837,months_employed,95.0,2026-04-21T04:43:00Z,2026-04-20T02:01:00Z,0
APP-01837,prior_delinquencies,1.0,2026-04-21T04:43:00Z,2026-04-20T08:32:00Z,0
APP-01838,credit_utilization,0.574,2026-04-21T04:52:00Z,2026-04-20T10:14:00Z,1
APP-01838,debt_to_income,0.535,2026-04-21T04:52:00Z,2026-04-20T00:48:00Z,1
APP-01838,income,19000.0,2026-04-21T04:52:00Z,2026-04-11T18:01:00Z,1
APP-01838,months_employed,107.0,2026-04-21T04:52:00Z,2026-04-17T03:22:00Z,1
APP-01838,prior_delinquencies,1.0,2026-04-21T04:52:00Z,2026-04-21T01:41:00Z,1
APP-01839,credit_utilization,0.344,2026-04-21T07:52:00Z,2026-04-20T05:12:00Z,1
APP-01839,debt_to_income,0.467,2026-04-21T07:52:00Z,2026-04-19T21:39:00Z,1
APP-01839,income,41268.0,2026-04-21T07:52:00Z,2026-03-24T15:12:00Z,1
APP-01839,months_employed,7.0,2026-04-21T07:52:00Z,2026-04-09T23:38:00Z,1
APP-01839,prior_delinquencies,0.0,2026-04-21T07:52:00Z,2026-04-17T13:52:00Z,1
APP-01840,credit_utilization,0.416,2026-04-21T15:59:00Z,2026-04-20T18:31:00Z,1
APP-01840,debt_to_income,0.532,2026-04-21T15:59:00Z,2026-04-21T01:58:00Z,1
APP-01840,income,23826.0,2026-04-21T15:59:00Z,2026-04-13T08:34:00Z,1
APP-01840,months_employed,83.0,2026-04-21T15:59:00Z,2026-04-16T03:26:00Z,1
APP-01840,prior_delinquencies,2.0,2026-04-21T15:59:00Z,2026-04-18T12:01:00Z,1
APP-01841,credit_utilization,0.559,2026-04-21T16:56:00Z,2026-04-20T10:17:00Z,1
APP-01841,debt_to_income,0.495,2026-04-21T16:56:00Z,2026-04-20T00:21:00Z,1
APP-01841,income,21653.0,2026-04-21T16:56:00Z,2026-03-25T13:54:00Z,1
APP-01841,months_employed,80.0,2026-04-21T16:56:00Z,2026-04-12T18:56:00Z,1
APP-01841,prior_delinquencies,0.0,2026-04-21T16:56:00Z,2026-04-20T10:53:00Z,1
APP-01842,credit_utilization,0.438,2026-04-21T17:10:00Z,2026-04-20T21:16:00Z,0
APP-01842,debt_to_income,0.376,2026-04-21T17:10:00Z,2026-04-21T11:35:00Z,0
APP-01842,income,43057.0,2026-04-21T17:10:00Z,2026-04-01T16:14:00Z,0
APP-01842,months_employed,82.0,2026-04-21T17:10:00Z,2026-04-18T12:13:00Z,0
APP-01842,prior_delinquencies,1.0,2026-04-21T17:10:00Z,2026-04-19T09:40:00Z,0
APP-01843,credit_utilization,0.0,2026-04-21T18:17:00Z,2026-04-21T04:25:00Z,0
APP-01843,debt_to_income,0.269,2026-04-21T18:17:00Z,2026-04-20T23:30:00Z,0
APP-01843,income,43467.0,2026-04-21T18:17:00Z,2026-04-02T18:28:00Z,0
APP-01843,months_employed,119.0,2026-04-21T18:17:00Z,2026-04-16T13:38:00Z,0
APP-01843,prior_delinquencies,0.0,2026-04-21T18:17:00Z,2026-04-19T03:34:00Z,0
APP-01844,credit_utilization,0.014,2026-04-21T21:01:00Z,2026-04-20T01:43:00Z,0
APP-01844,debt_to_income,0.131,2026-04-21T21:01:00Z,2026-04-21T01:27:00Z,0
APP-01844,income,35918.0,2026-04-21T21:01:00Z,2026-04-10T10:54:00Z,0
APP-01844,months_employed,61.0,2026-04-21T21:01:00Z,2026-04-16T00:58:00Z,0
APP-01844,prior_delinquencies,0.0,2026-04-21T21:01:00Z,2026-04-19T17:18:00Z,0
APP-01845,credit_utilization,0.176,2026-04-21T23:08:00Z,2026-04-20T22:21:00Z,0
APP-01845,debt_to_income,0.264,2026-04-21T23:08:00Z,2026-04-19T14:56:00Z,0
APP-01845,income,93247.0,2026-04-21T23:08:00Z,2026-04-01T18:41:00Z,0
APP-01845,months_employed,120.0,2026-04-21T23:08:00Z,2026-04-10T07:53:00Z,0
APP-01845,prior_delinquencies,0.0,2026-04-21T23:08:00Z,2026-04-21T01:59:00Z,0
APP-01846,credit_utilization,0.234,2026-04-22T05:39:00Z,2026-04-21T16:55:00Z,0
APP-01846,debt_to_income,0.5,2026-04-22T05:39:00Z,2026-04-20T20:12:00Z,0
APP-01846,income,21580.0,2026-04-22T05:39:00Z,2026-03-25T22:19:00Z,0
APP-01846,months_employed,140.0,2026-04-22T05:39:00Z,2026-04-11T14:46:00Z,0
APP-01846,prior_delinquencies,0.0,2026-04-22T05:39:00Z,2026-04-20T11:42:00Z,0
APP-01847,credit_utilization,0.702,2026-04-22T07:18:00Z,2026-04-21T04:32:00Z,0
APP-01847,debt_to_income,0.473,2026-04-22T07:18:00Z,2026-04-20T21:16:00Z,0
APP-01847,income,44156.0,2026-04-22T07:18:00Z,2026-04-14T03:30:00Z,0
APP-01847,months_employed,27.0,2026-04-22T07:18:00Z,2026-04-19T07:51:00Z,0
APP-01847,prior_delinquencies,1.0,2026-04-22T07:18:00Z,2026-04-20T21:07:00Z,0
APP-01848,credit_utilization,0.22,2026-04-22T07:42:00Z,2026-04-20T07:57:00Z,0
APP-01848,debt_to_income,0.386,2026-04-22T07:42:00Z,2026-04-20T11:24:00Z,0
APP-01848,income,53869.0,2026-04-22T07:42:00Z,2026-03-27T19:41:00Z,0
APP-01848,months_employed,227.0,2026-04-22T07:42:00Z,2026-04-10T12:39:00Z,0
APP-01848,prior_delinquencies,0.0,2026-04-22T07:42:00Z,2026-04-18T08:23:00Z,0
APP-01849,credit_utilization,0.242,2026-04-22T08:57:00Z,2026-04-20T10:08:00Z,0
APP-01849,debt_to_income,0.223,2026-04-22T08:57:00Z,2026-04-20T17:43:00Z,0
APP-01849,income,55296.0,2026-04-22T08:57:00Z,2026-04-01T07:52:00Z,0
APP-01849,months_employed,145.0,2026-04-22T08:57:00Z,2026-04-14T08:31:00Z,0
APP-01849,prior_delinquencies,0.0,2026-04-22T08:57:00Z,2026-04-21T01:05:00Z,0
APP-01850,credit_utilization,0.588,2026-04-22T09:37:00Z,2026-04-21T21:03:00Z,0
APP-01850,debt_to_income,0.424,2026-04-22T09:37:00Z,2026-04-21T21:21:00Z,0
APP-01850,income,67493.0,2026-04-22T09:37:00Z,2026-03-31T02:10:00Z,0
APP-01850,months_employed,75.0,2026-04-22T09:37:00Z,2026-04-13T23:55:00Z,0
APP-01850,prior_delinquencies,0.0,2026-04-22T09:37:00Z,2026-04-19T00:24:00Z,0
APP-01851,credit_utilization,0.478,2026-04-22T11:07:00Z,2026-04-21T10:16:00Z,0
APP-01851,debt_to_income,0.385,2026-04-22T11:07:00Z,2026-04-19T23:34:00Z,0
APP-01851,income,45703.0,2026-04-22T11:07:00Z,2026-04-16T13:03:00Z,0
APP-01851,months_employed,119.0,2026-04-22T11:07:00Z,2026-04-14T02:38:00Z,0
APP-01851,prior_delinquencies,0.0,2026-04-22T11:07:00Z,2026-04-19T04:03:00Z,0
APP-01852,credit_utilization,0.32,2026-04-22T18:07:00Z,2026-04-21T08:17:00Z,0
APP-01852,debt_to_income,0.25,2026-04-22T18:07:00Z,2026-04-20T10:56:00Z,0
APP-01852,income,57120.0,2026-04-22T18:07:00Z,2026-04-15T21:17:00Z,0
APP-01852,months_employed,131.0,2026-04-22T18:07:00Z,2026-04-11T20:32:00Z,0
APP-01852,prior_delinquencies,0.0,2026-04-22T18:07:00Z,2026-04-19T01:18:00Z,0
APP-01853,credit_utilization,0.723,2026-04-22T20:02:00Z,2026-04-22T18:58:00Z,1
APP-01853,debt_to_income,0.524,2026-04-22T20:02:00Z,2026-04-22T18:31:00Z,1
APP-01853,income,60393.0,2026-04-22T20:02:00Z,2026-04-09T14:26:00Z,1
APP-01853,months_employed,171.0,2026-04-22T20:02:00Z,2026-04-12T10:15:00Z,1
APP-01853,prior_delinquencies,0.0,2026-04-22T20:02:00Z,2026-04-20T00:26:00Z,1
APP-01854,credit_utilization,0.609,2026-04-22T23:00:00Z,2026-04-21T23:21:00Z,0
APP-01854,debt_to_income,0.349,2026-04-22T23:00:00Z,2026-04-21T04:35:00Z,0
APP-01854,income,87942.0,2026-04-22T23:00:00Z,2026-04-10T10:19:00Z,0
APP-01854,months_employed,163.0,2026-04-22T23:00:00Z,2026-04-10T22:43:00Z,0
APP-01854,prior_delinquencies,1.0,2026-04-22T23:00:00Z,2026-04-21T06:13:00Z,0
APP-01855,credit_utilization,0.458,2026-04-23T00:25:00Z,2026-04-22T11:15:00Z,0
APP-01855,debt_to_income,0.321,2026-04-23T00:25:00Z,2026-04-20T22:53:00Z,0
APP-01855,income,49907.0,2026-04-23T00:25:00Z,2026-04-17T10:03:00Z,0
APP-01855,months_employed,119.0,2026-04-23T00:25:00Z,2026-04-14T12:00:00Z,0
APP-01855,prior_delinquencies,1.0,2026-04-23T00:25:00Z,2026-04-21T19:35:00Z,0
APP-01856,credit_utilization,0.153,2026-04-23T04:11:00Z,2026-04-22T06:34:00Z,0
APP-01856,debt_to_income,0.249,2026-04-23T04:11:00Z,2026-04-21T17:01:00Z,0
APP-01856,income,47315.0,2026-04-23T04:11:00Z,2026-04-09T01:35:00Z,0
APP-01856,months_employed,29.0,2026-04-23T04:11:00Z,2026-04-20T15:37:00Z,0
APP-01856,prior_delinquencies,0.0,2026-04-23T04:11:00Z,2026-04-22T12:23:00Z,0
APP-01857,credit_utilization,0.545,2026-04-23T05:54:00Z,2026-04-23T04:27:00Z,0
APP-01857,debt_to_income,0.348,2026-04-23T05:54:00Z,2026-04-21T06:44:00Z,0
APP-01857,income,71871.0,2026-04-23T05:54:00Z,2026-04-05T18:54:00Z,0
APP-01857,months_employed,160.0,2026-04-23T05:54:00Z,2026-04-17T01:13:00Z,0
APP-01857,prior_delinquencies,2.0,2026-04-23T05:54:00Z,2026-04-19T10:38:00Z,0
APP-01858,credit_utilization,0.718,2026-04-23T10:59:00Z,2026-04-22T10:20:00Z,0
APP-01858,debt_to_income,0.45,2026-04-23T10:59:00Z,2026-04-20T16:43:00Z,0
APP-01858,income,24030.0,2026-04-23T10:59:00Z,2026-03-26T09:08:00Z,0
APP-01858,months_employed,47.0,2026-04-23T10:59:00Z,2026-04-19T17:19:00Z,0
APP-01858,prior_delinquencies,1.0,2026-04-23T10:59:00Z,2026-04-22T01:11:00Z,0
APP-01859,credit_utilization,0.91,2026-04-23T11:05:00Z,2026-04-23T05:16:00Z,0
APP-01859,debt_to_income,0.686,2026-04-23T11:05:00Z,2026-04-22T07:18:00Z,0
APP-01859,income,34159.0,2026-04-23T11:05:00Z,2026-04-19T11:39:00Z,0
APP-01859,months_employed,49.0,2026-04-23T11:05:00Z,2026-04-20T05:16:00Z,0
APP-01859,prior_delinquencies,1.0,2026-04-23T11:05:00Z,2026-04-23T04:48:00Z,0
APP-01860,credit_utilization,0.54,2026-04-23T11:20:00Z,2026-04-22T17:39:00Z,1
APP-01860,debt_to_income,0.599,2026-04-23T11:20:00Z,2026-04-22T02:16:00Z,1
APP-01860,income,75430.0,2026-04-23T11:20:00Z,2026-04-14T13:27:00Z,1
APP-01860,months_employed,115.0,2026-04-23T11:20:00Z,2026-04-21T08:16:00Z,1
APP-01860,prior_delinquencies,2.0,2026-04-23T11:20:00Z,2026-04-20T11:10:00Z,1
APP-01861,credit_utilization,0.198,2026-04-23T13:36:00Z,2026-04-22T04:39:00Z,0
APP-01861,debt_to_income,0.304,2026-04-23T13:36:00Z,2026-04-23T11:47:00Z,0
APP-01861,income,85610.0,2026-04-23T13:36:00Z,2026-03-31T00:31:00Z,0
APP-01861,months_employed,214.0,2026-04-23T13:36:00Z,2026-04-17T09:00:00Z,0
APP-01861,prior_delinquencies,0.0,2026-04-23T13:36:00Z,2026-04-23T08:48:00Z,0
APP-01862,credit_utilization,0.838,2026-04-23T16:27:00Z,2026-04-23T12:26:00Z,0
APP-01862,debt_to_income,0.528,2026-04-23T16:27:00Z,2026-04-22T11:59:00Z,0
APP-01862,income,34844.0,2026-04-23T16:27:00Z,2026-03-29T19:14:00Z,0
APP-01862,months_employed,3.0,2026-04-23T16:27:00Z,2026-04-20T07:59:00Z,0
APP-01862,prior_delinquencies,2.0,2026-04-23T16:27:00Z,2026-04-22T00:42:00Z,0
APP-01863,credit_utilization,0.529,2026-04-23T17:45:00Z,2026-04-23T03:09:00Z,0
APP-01863,debt_to_income,0.374,2026-04-23T17:45:00Z,2026-04-23T06:12:00Z,0
APP-01863,income,32464.0,2026-04-23T17:45:00Z,2026-04-22T08:04:00Z,0
APP-01863,months_employed,113.0,2026-04-23T17:45:00Z,2026-04-14T19:35:00Z,0
APP-01863,prior_delinquencies,0.0,2026-04-23T17:45:00Z,2026-04-22T04:49:00Z,0
APP-01864,credit_utilization,0.577,2026-04-23T18:27:00Z,2026-04-23T13:16:00Z,0
APP-01864,debt_to_income,0.415,2026-04-23T18:27:00Z,2026-04-22T07:34:00Z,0
APP-01864,income,23215.0,2026-04-23T18:27:00Z,2026-04-21T03:27:00Z,0
APP-01864,months_employed,180.0,2026-04-23T18:27:00Z,2026-04-19T05:40:00Z,0
APP-01864,prior_delinquencies,0.0,2026-04-23T18:27:00Z,2026-04-22T04:17:00Z,0
APP-01865,credit_utilization,0.625,2026-04-23T19:02:00Z,2026-04-22T21:01:00Z,1
APP-01865,debt_to_income,0.343,2026-04-23T19:02:00Z,2026-04-23T02:35:00Z,1
APP-01865,income,61673.0,2026-04-23T19:02:00Z,2026-04-11T03:38:00Z,1
APP-01865,months_employed,69.0,2026-04-23T19:02:00Z,2026-04-18T15:22:00Z,1
APP-01865,prior_delinquencies,0.0,2026-04-23T19:02:00Z,2026-04-22T03:59:00Z,1
APP-01866,credit_utilization,0.414,2026-04-23T19:37:00Z,2026-04-22T13:55:00Z,1
APP-01866,debt_to_income,0.307,2026-04-23T19:37:00Z,2026-04-21T11:11:00Z,1
APP-01866,income,26153.0,2026-04-23T19:37:00Z,2026-03-28T19:08:00Z,1
APP-01866,months_employed,200.0,2026-04-23T19:37:00Z,2026-04-21T11:42:00Z,1
APP-01866,prior_delinquencies,1.0,2026-04-23T19:37:00Z,2026-04-23T12:26:00Z,1
APP-01867,credit_utilization,0.52,2026-04-23T21:14:00Z,2026-04-22T12:26:00Z,1
APP-01867,debt_to_income,0.352,2026-04-23T21:14:00Z,2026-04-22T23:30:00Z,1
APP-01867,income,29307.0,2026-04-23T21:14:00Z,2026-03-27T09:34:00Z,1
APP-01867,months_employed,97.0,2026-04-23T21:14:00Z,2026-04-21T23:17:00Z,1
APP-01867,prior_delinquencies,0.0,2026-04-23T21:14:00Z,2026-04-22T11:24:00Z,1
APP-01868,credit_utilization,0.0,2026-04-23T22:40:00Z,2026-04-22T05:38:00Z,0
APP-01868,debt_to_income,0.345,2026-04-23T22:40:00Z,2026-04-22T19:14:00Z,0
APP-01868,income,52998.0,2026-04-23T22:40:00Z,2026-03-29T22:43:00Z,0
APP-01868,months_employed,232.0,2026-04-23T22:40:00Z,2026-04-19T19:08:00Z,0
APP-01868,prior_delinquencies,0.0,2026-04-23T22:40:00Z,2026-04-23T01:20:00Z,0
APP-01869,credit_utilization,0.326,2026-04-23T22:51:00Z,2026-04-23T17:06:00Z,0
APP-01869,debt_to_income,0.314,2026-04-23T22:51:00Z,2026-04-22T14:20:00Z,0
APP-01869,income,60926.0,2026-04-23T22:51:00Z,2026-04-11T15:47:00Z,0
APP-01869,months_employed,63.0,2026-04-23T22:51:00Z,2026-04-18T22:16:00Z,0
APP-01869,prior_delinquencies,0.0,2026-04-23T22:51:00Z,2026-04-22T10:37:00Z,0
APP-01870,credit_utilization,0.825,2026-04-23T23:38:00Z,2026-04-22T11:49:00Z,0
APP-01870,debt_to_income,0.498,2026-04-23T23:38:00Z,2026-04-21T18:47:00Z,0
APP-01870,income,49595.0,2026-04-23T23:38:00Z,2026-03-28T20:35:00Z,0
APP-01870,months_employed,202.0,2026-04-23T23:38:00Z,2026-04-13T01:08:00Z,0
APP-01870,prior_delinquencies,0.0,2026-04-23T23:38:00Z,2026-04-20T13:31:00Z,0
APP-01871,credit_utilization,0.402,2026-04-23T23:44:00Z,2026-04-22T02:11:00Z,0
APP-01871,debt_to_income,0.343,2026-04-23T23:44:00Z,2026-04-22T11:42:00Z,0
APP-01871,income,67594.0,2026-04-23T23:44:00Z,2026-04-07T10:23:00Z,0
APP-01871,months_employed,167.0,2026-04-23T23:44:00Z,2026-04-22T09:46:00Z,0
APP-01871,prior_delinquencies,0.0,2026-04-23T23:44:00Z,2026-04-22T07:33:00Z,0
APP-01872,credit_utilization,0.292,2026-04-24T01:19:00Z,2026-04-22T10:57:00Z,0
APP-01872,debt_to_income,0.198,2026-04-24T01:19:00Z,2026-04-21T06:02:00Z,0
APP-01872,income,40909.0,2026-04-24T01:19:00Z,2026-04-17T13:33:00Z,0
APP-01872,months_employed,227.0,2026-04-24T01:19:00Z,2026-04-15T15:02:00Z,0
APP-01872,prior_delinquencies,0.0,2026-04-24T01:19:00Z,2026-04-21T03:22:00Z,0
APP-01873,credit_utilization,0.738,2026-04-24T01:42:00Z,2026-04-22T14:39:00Z,0
APP-01873,debt_to_income,0.571,2026-04-24T01:42:00Z,2026-04-23T01:33:00Z,0
APP-01873,income,34103.0,2026-04-24T01:42:00Z,2026-04-16T01:41:00Z,0
APP-01873,months_employed,126.0,2026-04-24T01:42:00Z,2026-04-12T14:04:00Z,0
APP-01873,prior_delinquencies,1.0,2026-04-24T01:42:00Z,2026-04-21T17:46:00Z,0
APP-01874,credit_utilization,0.181,2026-04-24T02:23:00Z,2026-04-23T18:01:00Z,0
APP-01874,debt_to_income,0.354,2026-04-24T02:23:00Z,2026-04-22T22:52:00Z,0
APP-01874,income,64739.0,2026-04-24T02:23:00Z,2026-04-20T02:16:00Z,0
APP-01874,months_employed,222.0,2026-04-24T02:23:00Z,2026-04-17T23:50:00Z,0
APP-01874,prior_delinquencies,0.0,2026-04-24T02:23:00Z,2026-04-23T06:00:00Z,0
APP-01875,credit_utilization,0.221,2026-04-24T03:47:00Z,2026-04-24T00:52:00Z,0
APP-01875,debt_to_income,0.479,2026-04-24T03:47:00Z,2026-04-22T02:19:00Z,0
APP-01875,income,46434.0,2026-04-24T03:47:00Z,2026-03-31T18:52:00Z,0
APP-01875,months_employed,119.0,2026-04-24T03:47:00Z,2026-04-15T19:03:00Z,0
APP-01875,prior_delinquencies,0.0,2026-04-24T03:47:00Z,2026-04-22T21:09:00Z,0
APP-01876,credit_utilization,0.114,2026-04-24T04:56:00Z,2026-04-23T04:32:00Z,0
APP-01876,debt_to_income,0.482,2026-04-24T04:56:00Z,2026-04-22T07:23:00Z,0
APP-01876,income,35228.0,2026-04-24T04:56:00Z,2026-04-15T04:53:00Z,0
APP-01876,months_employed,60.0,2026-04-24T04:56:00Z,2026-04-22T20:48:00Z,0
APP-01876,prior_delinquencies,0.0,2026-04-24T04:56:00Z,2026-04-22T11:06:00Z,0
APP-01877,credit_utilization,0.338,2026-04-24T05:33:00Z,2026-04-23T14:13:00Z,0
APP-01877,debt_to_income,0.29,2026-04-24T05:33:00Z,2026-04-23T10:05:00Z,0
APP-01877,income,25993.0,2026-04-24T05:33:00Z,2026-04-08T16:58:00Z,0
APP-01877,months_employed,40.0,2026-04-24T05:33:00Z,2026-04-12T11:40:00Z,0
APP-01877,prior_delinquencies,1.0,2026-04-24T05:33:00Z,2026-04-21T04:38:00Z,0
APP-01878,credit_utilization,0.002,2026-04-24T06:31:00Z,2026-04-23T02:03:00Z,0
APP-01878,debt_to_income,0.285,2026-04-24T06:31:00Z,2026-04-23T01:03:00Z,0
APP-01878,income,25391.0,2026-04-24T06:31:00Z,2026-04-14T04:30:00Z,0
APP-01878,months_employed,75.0,2026-04-24T06:31:00Z,2026-04-22T09:29:00Z,0
APP-01878,prior_delinquencies,0.0,2026-04-24T06:31:00Z,2026-04-22T02:06:00Z,0
APP-01879,credit_utilization,0.45,2026-04-24T07:25:00Z,2026-04-22T14:19:00Z,0
APP-01879,debt_to_income,0.371,2026-04-24T07:25:00Z,2026-04-23T14:24:00Z,0
APP-01879,income,107146.0,2026-04-24T07:25:00Z,2026-04-03T15:30:00Z,0
APP-01879,months_employed,93.0,2026-04-24T07:25:00Z,2026-04-18T20:02:00Z,0
APP-01879,prior_delinquencies,1.0,2026-04-24T07:25:00Z,2026-04-21T09:43:00Z,0
APP-01880,credit_utilization,0.41,2026-04-24T09:37:00Z,2026-04-23T22:33:00Z,0
APP-01880,debt_to_income,0.428,2026-04-24T09:37:00Z,2026-04-21T22:22:00Z,0
APP-01880,income,59115.0,2026-04-24T09:37:00Z,2026-04-13T01:24:00Z,0
APP-01880,months_employed,9.0,2026-04-24T09:37:00Z,2026-04-13T09:29:00Z,0
APP-01880,prior_delinquencies,0.0,2026-04-24T09:37:00Z,2026-04-20T12:18:00Z,0
APP-01881,credit_utilization,0.595,2026-04-24T10:18:00Z,2026-04-24T03:22:00Z,0
APP-01881,debt_to_income,0.444,2026-04-24T10:18:00Z,2026-04-23T20:34:00Z,0
APP-01881,income,66366.0,2026-04-24T10:18:00Z,2026-04-13T15:05:00Z,0
APP-01881,months_employed,45.0,2026-04-24T10:18:00Z,2026-04-16T12:35:00Z,0
APP-01881,prior_delinquencies,1.0,2026-04-24T10:18:00Z,2026-04-23T08:51:00Z,0
APP-01882,credit_utilization,0.454,2026-04-24T12:33:00Z,2026-04-24T09:37:00Z,0
APP-01882,debt_to_income,0.235,2026-04-24T12:33:00Z,2026-04-21T19:25:00Z,0
APP-01882,income,69218.0,2026-04-24T12:33:00Z,2026-03-25T20:59:00Z,0
APP-01882,months_employed,75.0,2026-04-24T12:33:00Z,2026-04-19T00:23:00Z,0
APP-01882,prior_delinquencies,1.0,2026-04-24T12:33:00Z,2026-04-23T22:40:00Z,0
APP-01883,credit_utilization,0.45,2026-04-24T12:53:00Z,2026-04-22T17:53:00Z,0
APP-01883,debt_to_income,0.376,2026-04-24T12:53:00Z,2026-04-22T15:14:00Z,0
APP-01883,income,44356.0,2026-04-24T12:53:00Z,2026-03-30T12:13:00Z,0
APP-01883,months_employed,137.0,2026-04-24T12:53:00Z,2026-04-18T00:28:00Z,0
APP-01883,prior_delinquencies,0.0,2026-04-24T12:53:00Z,2026-04-21T00:37:00Z,0
APP-01884,credit_utilization,0.349,2026-04-24T13:39:00Z,2026-04-24T04:35:00Z,0
APP-01884,debt_to_income,0.298,2026-04-24T13:39:00Z,2026-04-24T11:00:00Z,0
APP-01884,income,123495.0,2026-04-24T13:39:00Z,2026-04-03T10:15:00Z,0
APP-01884,months_employed,133.0,2026-04-24T13:39:00Z,2026-04-17T07:43:00Z,0
APP-01884,prior_delinquencies,1.0,2026-04-24T13:39:00Z,2026-04-22T05:45:00Z,0
APP-01885,credit_utilization,0.524,2026-04-24T13:43:00Z,2026-04-22T22:09:00Z,0
APP-01885,debt_to_income,0.126,2026-04-24T13:43:00Z,2026-04-24T08:40:00Z,0
APP-01885,income,26376.0,2026-04-24T13:43:00Z,2026-03-27T16:04:00Z,0
APP-01885,months_employed,160.0,2026-04-24T13:43:00Z,2026-04-20T12:07:00Z,0
APP-01885,prior_delinquencies,0.0,2026-04-24T13:43:00Z,2026-04-22T04:39:00Z,0
APP-01886,credit_utilization,0.514,2026-04-24T13:54:00Z,2026-04-22T16:00:00Z,0
APP-01886,debt_to_income,0.644,2026-04-24T13:54:00Z,2026-04-23T20:47:00Z,0
APP-01886,income,40313.0,2026-04-24T13:54:00Z,2026-04-14T18:08:00Z,0
APP-01886,months_employed,178.0,2026-04-24T13:54:00Z,2026-04-14T10:20:00Z,0
APP-01886,prior_delinquencies,0.0,2026-04-24T13:54:00Z,2026-04-22T05:32:00Z,0
APP-01887,credit_utilization,0.197,2026-04-24T14:28:00Z,2026-04-23T11:13:00Z,0
APP-01887,debt_to_income,0.426,2026-04-24T14:28:00Z,2026-04-21T19:02:00Z,0
APP-01887,income,70356.0,2026-04-24T14:28:00Z,2026-03-29T18:14:00Z,0
APP-01887,months_employed,9.0,2026-04-24T14:28:00Z,2026-04-12T01:33:00Z,0
APP-01887,prior_delinquencies,1.0,2026-04-24T14:28:00Z,2026-04-21T16:20:00Z,0
APP-01888,credit_utilization,0.212,2026-04-24T15:01:00Z,2026-04-22T18:55:00Z,0
APP-01888,debt_to_income,0.149,2026-04-24T15:01:00Z,2026-04-22T14:20:00Z,0
APP-01888,income,65833.0,2026-04-24T15:01:00Z,2026-04-11T22:05:00Z,0
APP-01888,months_employed,158.0,2026-04-24T15:01:00Z,2026-04-22T17:17:00Z,0
APP-01888,prior_delinquencies,0.0,2026-04-24T15:01:00Z,2026-04-23T22:25:00Z,0
APP-01889,credit_utilization,0.101,2026-04-24T15:11:00Z,2026-04-23T07:20:00Z,0
APP-01889,debt_to_income,0.213,2026-04-24T15:11:00Z,2026-04-22T22:44:00Z,0
APP-01889,income,47330.0,2026-04-24T15:11:00Z,2026-04-10T01:17:00Z,0
APP-01889,months_employed,154.0,2026-04-24T15:11:00Z,2026-04-18T22:37:00Z,0
APP-01889,prior_delinquencies,0.0,2026-04-24T15:11:00Z,2026-04-23T04:58:00Z,0
APP-01890,credit_utilization,0.585,2026-04-24T17:12:00Z,2026-04-23T09:33:00Z,0
APP-01890,debt_to_income,0.369,2026-04-24T17:12:00Z,2026-04-22T01:39:00Z,0
APP-01890,income,64376.0,2026-04-24T17:12:00Z,2026-04-06T14:33:00Z,0
APP-01890,months_employed,127.0,2026-04-24T17:12:00Z,2026-04-23T14:38:00Z,0
APP-01890,prior_delinquencies,1.0,2026-04-24T17:12:00Z,2026-04-23T18:55:00Z,0
APP-01891,credit_utilization,0.278,2026-04-24T19:00:00Z,2026-04-23T15:30:00Z,0
APP-01891,debt_to_income,0.456,2026-04-24T19:00:00Z,2026-04-23T05:06:00Z,0
APP-01891,income,26511.0,2026-04-24T19:00:00Z,2026-04-16T07:31:00Z,0
APP-01891,months_employed,139.0,2026-04-24T19:00:00Z,2026-04-14T03:42:00Z,0
APP-01891,prior_delinquencies,0.0,2026-04-24T19:00:00Z,2026-04-22T10:08:00Z,0
APP-01892,credit_utilization,0.479,2026-04-24T19:30:00Z,2026-04-24T04:58:00Z,0
APP-01892,debt_to_income,0.297,2026-04-24T19:30:00Z,2026-04-22T06:26:00Z,0
APP-01892,income,21650.0,2026-04-24T19:30:00Z,2026-04-20T21:09:00Z,0
APP-01892,months_employed,53.0,2026-04-24T19:30:00Z,2026-04-21T06:58:00Z,0
APP-01892,prior_delinquencies,0.0,2026-04-24T19:30:00Z,2026-04-21T18:24:00Z,0
APP-01893,credit_utilization,0.218,2026-04-24T21:01:00Z,2026-04-23T11:44:00Z,0
APP-01893,debt_to_income,0.279,2026-04-24T21:01:00Z,2026-04-22T19:30:00Z,0
APP-01893,income,50954.0,2026-04-24T21:01:00Z,2026-04-08T21:21:00Z,0
APP-01893,months_employed,145.0,2026-04-24T21:01:00Z,2026-04-12T19:18:00Z,0
APP-01893,prior_delinquencies,1.0,2026-04-24T21:01:00Z,2026-04-24T10:06:00Z,0
APP-01894,credit_utilization,0.247,2026-04-24T21:07:00Z,2026-04-24T01:24:00Z,0
APP-01894,debt_to_income,0.334,2026-04-24T21:07:00Z,2026-04-22T15:24:00Z,0
APP-01894,income,63430.0,2026-04-24T21:07:00Z,2026-03-27T01:03:00Z,0
APP-01894,months_employed,44.0,2026-04-24T21:07:00Z,2026-04-16T02:15:00Z,0
APP-01894,prior_delinquencies,0.0,2026-04-24T21:07:00Z,2026-04-21T15:37:00Z,0
APP-01895,credit_utilization,0.363,2026-04-24T22:13:00Z,2026-04-24T00:55:00Z,1
APP-01895,debt_to_income,0.245,2026-04-24T22:13:00Z,2026-04-23T09:59:00Z,1
APP-01895,income,54516.0,2026-04-24T22:13:00Z,2026-04-05T20:38:00Z,1
APP-01895,months_employed,13.0,2026-04-24T22:13:00Z,2026-04-16T17:49:00Z,1
APP-01895,prior_delinquencies,1.0,2026-04-24T22:13:00Z,2026-04-23T10:16:00Z,1
APP-01896,credit_utilization,0.445,2026-04-24T22:29:00Z,2026-04-24T09:37:00Z,0
APP-01896,debt_to_income,0.296,2026-04-24T22:29:00Z,2026-04-23T20:48:00Z,0
APP-01896,income,50482.0,2026-04-24T22:29:00Z,2026-03-30T11:57:00Z,0
APP-01896,months_employed,72.0,2026-04-24T22:29:00Z,2026-04-19T14:26:00Z,0
APP-01896,prior_delinquencies,1.0,2026-04-24T22:29:00Z,2026-04-22T02:29:00Z,0
APP-01897,credit_utilization,0.217,2026-04-25T00:39:00Z,2026-04-24T07:11:00Z,1
APP-01897,debt_to_income,0.342,2026-04-25T00:39:00Z,2026-04-23T16:34:00Z,1
APP-01897,income,23701.0,2026-04-25T00:39:00Z,2026-04-05T21:47:00Z,1
APP-01897,months_employed,1.0,2026-04-25T00:39:00Z,2026-04-12T17:37:00Z,1
APP-01897,prior_delinquencies,1.0,2026-04-25T00:39:00Z,2026-04-23T20:09:00Z,1
APP-01898,credit_utilization,0.292,2026-04-25T00:53:00Z,2026-04-23T04:31:00Z,0
APP-01898,debt_to_income,0.171,2026-04-25T00:53:00Z,2026-04-23T06:51:00Z,0
APP-01898,income,52289.0,2026-04-25T00:53:00Z,2026-04-04T13:20:00Z,0
APP-01898,months_employed,213.0,2026-04-25T00:53:00Z,2026-04-17T22:20:00Z,0
APP-01898,prior_delinquencies,0.0,2026-04-25T00:53:00Z,2026-04-24T04:17:00Z,0
APP-01899,credit_utilization,0.398,2026-04-25T01:59:00Z,2026-04-24T21:45:00Z,1
APP-01899,debt_to_income,0.401,2026-04-25T01:59:00Z,2026-04-23T22:17:00Z,1
APP-01899,income,162686.0,2026-04-25T01:59:00Z,2026-04-02T14:06:00Z,1
APP-01899,months_employed,222.0,2026-04-25T01:59:00Z,2026-04-15T13:28:00Z,1
APP-01899,prior_delinquencies,1.0,2026-04-25T01:59:00Z,2026-04-22T11:00:00Z,1
APP-01900,credit_utilization,0.591,2026-04-25T09:54:00Z,2026-04-24T11:43:00Z,0
APP-01900,debt_to_income,0.288,2026-04-25T09:54:00Z,2026-04-25T08:43:00Z,0
APP-01900,income,29245.0,2026-04-25T09:54:00Z,2026-03-28T18:18:00Z,0
APP-01900,months_employed,96.0,2026-04-25T09:54:00Z,2026-04-18T22:52:00Z,0
APP-01900,prior_delinquencies,0.0,2026-04-25T09:54:00Z,2026-04-24T11:40:00Z,0
APP-01901,credit_utilization,0.208,2026-04-25T10:14:00Z,2026-04-24T19:11:00Z,0
APP-01901,debt_to_income,0.438,2026-04-25T10:14:00Z,2026-04-22T11:02:00Z,0
APP-01901,income,44916.0,2026-04-25T10:14:00Z,2026-04-06T12:37:00Z,0
APP-01901,months_employed,5.0,2026-04-25T10:14:00Z,2026-04-13T09:38:00Z,0
APP-01901,prior_delinquencies,1.0,2026-04-25T10:14:00Z,2026-04-24T05:17:00Z,0
APP-01902,credit_utilization,0.508,2026-04-25T10:59:00Z,2026-04-25T02:31:00Z,0
APP-01902,debt_to_income,0.162,2026-04-25T10:59:00Z,2026-04-24T20:08:00Z,0
APP-01902,income,73399.0,2026-04-25T10:59:00Z,2026-04-22T01:49:00Z,0
APP-01902,months_employed,72.0,2026-04-25T10:59:00Z,2026-04-13T01:06:00Z,0
APP-01902,prior_delinquencies,2.0,2026-04-25T10:59:00Z,2026-04-22T23:11:00Z,0
APP-01903,credit_utilization,0.26,2026-04-25T11:15:00Z,2026-04-24T18:27:00Z,0
APP-01903,debt_to_income,0.348,2026-04-25T11:15:00Z,2026-04-22T12:09:00Z,0
APP-01903,income,85442.0,2026-04-25T11:15:00Z,2026-04-16T02:06:00Z,0
APP-01903,months_employed,62.0,2026-04-25T11:15:00Z,2026-04-11T17:29:00Z,0
APP-01903,prior_delinquencies,0.0,2026-04-25T11:15:00Z,2026-04-22T11:14:00Z,0
APP-01904,credit_utilization,0.622,2026-04-25T11:25:00Z,2026-04-24T22:30:00Z,0
APP-01904,debt_to_income,0.43,2026-04-25T11:25:00Z,2026-04-22T12:24:00Z,0
APP-01904,income,22055.0,2026-04-25T11:25:00Z,2026-04-07T09:33:00Z,0
APP-01904,months_employed,9.0,2026-04-25T11:25:00Z,2026-04-20T04:58:00Z,0
APP-01904,prior_delinquencies,1.0,2026-04-25T11:25:00Z,2026-04-22T21:41:00Z,0
APP-01905,credit_utilization,0.397,2026-04-25T13:10:00Z,2026-04-23T22:34:00Z,1
APP-01905,debt_to_income,0.293,2026-04-25T13:10:00Z,2026-04-23T11:59:00Z,1
APP-01905,income,82978.0,2026-04-25T13:10:00Z,2026-04-16T02:27:00Z,1
APP-01905,months_employed,91.0,2026-04-25T13:10:00Z,2026-04-24T05:42:00Z,1
APP-01905,prior_delinquencies,0.0,2026-04-25T13:10:00Z,2026-04-22T05:43:00Z,1
APP-01906,credit_utilization,0.336,2026-04-25T13:51:00Z,2026-04-24T06:02:00Z,0
APP-01906,debt_to_income,0.426,2026-04-25T13:51:00Z,2026-04-24T06:50:00Z,0
APP-01906,income,61670.0,2026-04-25T13:51:00Z,2026-04-02T03:27:00Z,0
APP-01906,months_employed,195.0,2026-04-25T13:51:00Z,2026-04-15T17:30:00Z,0
APP-01906,prior_delinquencies,0.0,2026-04-25T13:51:00Z,2026-04-25T02:32:00Z,0
APP-01907,credit_utilization,0.619,2026-04-25T14:10:00Z,2026-04-25T06:01:00Z,1
APP-01907,debt_to_income,0.519,2026-04-25T14:10:00Z,2026-04-24T02:19:00Z,1
APP-01907,income,35083.0,2026-04-25T14:10:00Z,2026-04-03T07:13:00Z,1
APP-01907,months_employed,160.0,2026-04-25T14:10:00Z,2026-04-24T06:09:00Z,1
APP-01907,prior_delinquencies,2.0,2026-04-25T14:10:00Z,2026-04-24T20:48:00Z,1
APP-01908,credit_utilization,0.379,2026-04-25T14:38:00Z,2026-04-24T07:28:00Z,0
APP-01908,debt_to_income,0.41,2026-04-25T14:38:00Z,2026-04-22T23:39:00Z,0
APP-01908,income,36358.0,2026-04-25T14:38:00Z,2026-04-01T17:18:00Z,0
APP-01908,months_employed,117.0,2026-04-25T14:38:00Z,2026-04-16T11:34:00Z,0
APP-01908,prior_delinquencies,0.0,2026-04-25T14:38:00Z,2026-04-21T22:21:00Z,0
APP-01909,credit_utilization,0.0,2026-04-25T14:46:00Z,2026-04-25T03:46:00Z,0
APP-01909,debt_to_income,0.01,2026-04-25T14:46:00Z,2026-04-23T01:25:00Z,0
APP-01909,income,76421.0,2026-04-25T14:46:00Z,2026-04-11T14:16:00Z,0
APP-01909,months_employed,173.0,2026-04-25T14:46:00Z,2026-04-23T06:30:00Z,0
APP-01909,prior_delinquencies,0.0,2026-04-25T14:46:00Z,2026-04-25T07:01:00Z,0
APP-01910,credit_utilization,0.367,2026-04-25T17:32:00Z,2026-04-24T11:09:00Z,0
APP-01910,debt_to_income,0.305,2026-04-25T17:32:00Z,2026-04-22T23:50:00Z,0
APP-01910,income,54456.0,2026-04-25T17:32:00Z,2026-04-22T12:33:00Z,0
APP-01910,months_employed,212.0,2026-04-25T17:32:00Z,2026-04-17T10:50:00Z,0
APP-01910,prior_delinquencies,0.0,2026-04-25T17:32:00Z,2026-04-24T03:41:00Z,0
APP-01911,credit_utilization,0.0,2026-04-25T17:46:00Z,2026-04-24T09:03:00Z,0
APP-01911,debt_to_income,0.23,2026-04-25T17:46:00Z,2026-04-23T16:16:00Z,0
APP-01911,income,41392.0,2026-04-25T17:46:00Z,2026-04-01T17:25:00Z,0
APP-01911,months_employed,166.0,2026-04-25T17:46:00Z,2026-04-13T06:26:00Z,0
APP-01911,prior_delinquencies,0.0,2026-04-25T17:46:00Z,2026-04-25T04:47:00Z,0
APP-01912,credit_utilization,0.769,2026-04-25T18:34:00Z,2026-04-25T02:04:00Z,1
APP-01912,debt_to_income,0.606,2026-04-25T18:34:00Z,2026-04-23T23:44:00Z,1
APP-01912,income,37599.0,2026-04-25T18:34:00Z,2026-04-13T17:23:00Z,1
APP-01912,months_employed,83.0,2026-04-25T18:34:00Z,2026-04-17T23:58:00Z,1
APP-01912,prior_delinquencies,1.0,2026-04-25T18:34:00Z,2026-04-24T21:15:00Z,1
APP-01913,credit_utilization,0.39,2026-04-25T19:30:00Z,2026-04-24T20:45:00Z,0
APP-01913,debt_to_income,0.354,2026-04-25T19:30:00Z,2026-04-25T04:24:00Z,0
APP-01913,income,30358.0,2026-04-25T19:30:00Z,2026-03-27T20:14:00Z,0
APP-01913,months_employed,196.0,2026-04-25T19:30:00Z,2026-04-11T22:20:00Z,0
APP-01913,prior_delinquencies,0.0,2026-04-25T19:30:00Z,2026-04-24T06:31:00Z,0
APP-01914,credit_utilization,0.593,2026-04-25T21:29:00Z,2026-04-24T07:10:00Z,1
APP-01914,debt_to_income,0.404,2026-04-25T21:29:00Z,2026-04-24T20:46:00Z,1
APP-01914,income,53579.0,2026-04-25T21:29:00Z,2026-04-07T05:12:00Z,1
APP-01914,months_employed,165.0,2026-04-25T21:29:00Z,2026-04-23T22:16:00Z,1
APP-01914,prior_delinquencies,0.0,2026-04-25T21:29:00Z,2026-04-23T16:20:00Z,1
APP-01915,credit_utilization,0.0,2026-04-25T21:41:00Z,2026-04-24T21:19:00Z,0
APP-01915,debt_to_income,0.044,2026-04-25T21:41:00Z,2026-04-23T18:39:00Z,0
APP-01915,income,134253.0,2026-04-25T21:41:00Z,2026-04-19T15:30:00Z,0
APP-01915,months_employed,115.0,2026-04-25T21:41:00Z,2026-04-19T14:17:00Z,0
APP-01915,prior_delinquencies,0.0,2026-04-25T21:41:00Z,2026-04-25T12:57:00Z,0
APP-01916,credit_utilization,0.031,2026-04-25T22:37:00Z,2026-04-24T15:03:00Z,0
APP-01916,debt_to_income,0.118,2026-04-25T22:37:00Z,2026-04-25T15:01:00Z,0
APP-01916,income,87124.0,2026-04-25T22:37:00Z,2026-04-03T05:28:00Z,0
APP-01916,months_employed,50.0,2026-04-25T22:37:00Z,2026-04-16T16:01:00Z,0
APP-01916,prior_delinquencies,0.0,2026-04-25T22:37:00Z,2026-04-22T17:11:00Z,0
APP-01917,credit_utilization,0.391,2026-04-26T02:08:00Z,2026-04-25T02:13:00Z,0
APP-01917,debt_to_income,0.229,2026-04-26T02:08:00Z,2026-04-23T05:57:00Z,0
APP-01917,income,38527.0,2026-04-26T02:08:00Z,2026-04-23T14:25:00Z,0
APP-01917,months_employed,57.0,2026-04-26T02:08:00Z,2026-04-18T20:40:00Z,0
APP-01917,prior_delinquencies,0.0,2026-04-26T02:08:00Z,2026-04-22T23:37:00Z,0
APP-01918,credit_utilization,0.33,2026-04-26T06:15:00Z,2026-04-24T19:14:00Z,0
APP-01918,debt_to_income,0.321,2026-04-26T06:15:00Z,2026-04-25T13:37:00Z,0
APP-01918,income,50177.0,2026-04-26T06:15:00Z,2026-04-21T23:52:00Z,0
APP-01918,months_employed,63.0,2026-04-26T06:15:00Z,2026-04-19T03:04:00Z,0
APP-01918,prior_delinquencies,0.0,2026-04-26T06:15:00Z,2026-04-25T17:35:00Z,0
APP-01919,credit_utilization,0.694,2026-04-26T06:29:00Z,2026-04-25T13:43:00Z,1
APP-01919,debt_to_income,0.552,2026-04-26T06:29:00Z,2026-04-25T11:51:00Z,1
APP-01919,income,16192.0,2026-04-26T06:29:00Z,2026-04-23T00:57:00Z,1
APP-01919,months_employed,131.0,2026-04-26T06:29:00Z,2026-04-22T01:51:00Z,1
APP-01919,prior_delinquencies,1.0,2026-04-26T06:29:00Z,2026-04-23T21:26:00Z,1
APP-01920,credit_utilization,0.349,2026-04-26T06:53:00Z,2026-04-25T06:47:00Z,1
APP-01920,debt_to_income,0.193,2026-04-26T06:53:00Z,2026-04-25T16:53:00Z,1
APP-01920,income,67028.0,2026-04-26T06:53:00Z,2026-04-23T08:03:00Z,1
APP-01920,months_employed,179.0,2026-04-26T06:53:00Z,2026-04-20T15:22:00Z,1
APP-01920,prior_delinquencies,1.0,2026-04-26T06:53:00Z,2026-04-23T02:25:00Z,1
APP-01921,credit_utilization,0.106,2026-04-26T07:42:00Z,2026-04-26T03:57:00Z,0
APP-01921,debt_to_income,0.302,2026-04-26T07:42:00Z,2026-04-25T23:20:00Z,0
APP-01921,income,30380.0,2026-04-26T07:42:00Z,2026-04-10T20:15:00Z,0
APP-01921,months_employed,213.0,2026-04-26T07:42:00Z,2026-04-23T19:43:00Z,0
APP-01921,prior_delinquencies,2.0,2026-04-26T07:42:00Z,2026-04-24T21:16:00Z,0
APP-01922,credit_utilization,0.155,2026-04-26T08:06:00Z,2026-04-25T16:13:00Z,0
APP-01922,debt_to_income,0.148,2026-04-26T08:06:00Z,2026-04-23T22:53:00Z,0
APP-01922,income,118846.0,2026-04-26T08:06:00Z,2026-04-20T13:30:00Z,0
APP-01922,months_employed,152.0,2026-04-26T08:06:00Z,2026-04-19T04:17:00Z,0
APP-01922,prior_delinquencies,0.0,2026-04-26T08:06:00Z,2026-04-22T18:55:00Z,0
APP-01923,credit_utilization,0.532,2026-04-26T09:48:00Z,2026-04-26T08:09:00Z,0
APP-01923,debt_to_income,0.332,2026-04-26T09:48:00Z,2026-04-24T04:13:00Z,0
APP-01923,income,44062.0,2026-04-26T09:48:00Z,2026-04-04T13:24:00Z,0
APP-01923,months_employed,68.0,2026-04-26T09:48:00Z,2026-04-21T22:58:00Z,0
APP-01923,prior_delinquencies,0.0,2026-04-26T09:48:00Z,2026-04-24T09:40:00Z,0
APP-01924,credit_utilization,0.642,2026-04-26T12:07:00Z,2026-04-26T05:44:00Z,0
APP-01924,debt_to_income,0.409,2026-04-26T12:07:00Z,2026-04-24T03:50:00Z,0
APP-01924,income,30406.0,2026-04-26T12:07:00Z,2026-04-11T03:27:00Z,0
APP-01924,months_employed,68.0,2026-04-26T12:07:00Z,2026-04-13T23:24:00Z,0
APP-01924,prior_delinquencies,1.0,2026-04-26T12:07:00Z,2026-04-25T06:53:00Z,0
APP-01925,credit_utilization,0.538,2026-04-26T15:04:00Z,2026-04-26T10:56:00Z,0
APP-01925,debt_to_income,0.459,2026-04-26T15:04:00Z,2026-04-24T22:05:00Z,0
APP-01925,income,43337.0,2026-04-26T15:04:00Z,2026-04-16T05:44:00Z,0
APP-01925,months_employed,89.0,2026-04-26T15:04:00Z,2026-04-22T14:00:00Z,0
APP-01925,prior_delinquencies,1.0,2026-04-26T15:04:00Z,2026-04-23T02:41:00Z,0
APP-01926,credit_utilization,0.683,2026-04-26T15:17:00Z,2026-04-25T14:07:00Z,0
APP-01926,debt_to_income,0.378,2026-04-26T15:17:00Z,2026-04-23T18:10:00Z,0
APP-01926,income,39003.0,2026-04-26T15:17:00Z,2026-04-11T12:04:00Z,0
APP-01926,months_employed,93.0,2026-04-26T15:17:00Z,2026-04-14T19:09:00Z,0
APP-01926,prior_delinquencies,1.0,2026-04-26T15:17:00Z,2026-04-24T11:04:00Z,0
APP-01927,credit_utilization,0.199,2026-04-26T16:03:00Z,2026-04-26T12:51:00Z,0
APP-01927,debt_to_income,0.248,2026-04-26T16:03:00Z,2026-04-26T02:57:00Z,0
APP-01927,income,32051.0,2026-04-26T16:03:00Z,2026-04-09T15:52:00Z,0
APP-01927,months_employed,13.0,2026-04-26T16:03:00Z,2026-04-23T04:28:00Z,0
APP-01927,prior_delinquencies,0.0,2026-04-26T16:03:00Z,2026-04-24T13:08:00Z,0
APP-01928,credit_utilization,0.386,2026-04-26T17:23:00Z,2026-04-25T03:09:00Z,0
APP-01928,debt_to_income,0.329,2026-04-26T17:23:00Z,2026-04-25T03:48:00Z,0
APP-01928,income,72236.0,2026-04-26T17:23:00Z,2026-04-09T17:53:00Z,0
APP-01928,months_employed,118.0,2026-04-26T17:23:00Z,2026-04-14T18:24:00Z,0
APP-01928,prior_delinquencies,0.0,2026-04-26T17:23:00Z,2026-04-25T14:28:00Z,0
APP-01929,credit_utilization,0.0,2026-04-26T21:32:00Z,2026-04-25T20:13:00Z,0
APP-01929,debt_to_income,0.18,2026-04-26T21:32:00Z,2026-04-24T10:23:00Z,0
APP-01929,income,70221.0,2026-04-26T21:32:00Z,2026-04-06T02:03:00Z,0
APP-01929,months_employed,139.0,2026-04-26T21:32:00Z,2026-04-22T05:32:00Z,0
APP-01929,prior_delinquencies,0.0,2026-04-26T21:32:00Z,2026-04-25T23:32:00Z,0
APP-01930,credit_utilization,0.835,2026-04-26T22:32:00Z,2026-04-26T05:54:00Z,1
APP-01930,debt_to_income,0.543,2026-04-26T22:32:00Z,2026-04-24T23:59:00Z,1
APP-01930,income,59582.0,2026-04-26T22:32:00Z,2026-03-28T03:46:00Z,1
APP-01930,months_employed,158.0,2026-04-26T22:32:00Z,2026-04-21T00:46:00Z,1
APP-01930,prior_delinquencies,2.0,2026-04-26T22:32:00Z,2026-04-26T12:34:00Z,1
APP-01931,credit_utilization,0.693,2026-04-26T23:04:00Z,2026-04-25T14:52:00Z,0
APP-01931,debt_to_income,0.518,2026-04-26T23:04:00Z,2026-04-26T06:03:00Z,0
APP-01931,income,52522.0,2026-04-26T23:04:00Z,2026-04-13T01:24:00Z,0
APP-01931,months_employed,210.0,2026-04-26T23:04:00Z,2026-04-18T05:13:00Z,0
APP-01931,prior_delinquencies,1.0,2026-04-26T23:04:00Z,2026-04-25T17:09:00Z,0
APP-01932,credit_utilization,0.404,2026-04-27T00:35:00Z,2026-04-25T06:20:00Z,0
APP-01932,debt_to_income,0.299,2026-04-27T00:35:00Z,2026-04-26T08:11:00Z,0
APP-01932,income,68148.0,2026-04-27T00:35:00Z,2026-04-06T04:44:00Z,0
APP-01932,months_employed,118.0,2026-04-27T00:35:00Z,2026-04-17T17:44:00Z,0
APP-01932,prior_delinquencies,0.0,2026-04-27T00:35:00Z,2026-04-25T19:58:00Z,0
APP-01933,credit_utilization,0.098,2026-04-27T03:33:00Z,2026-04-26T09:22:00Z,0
APP-01933,debt_to_income,0.22,2026-04-27T03:33:00Z,2026-04-26T17:23:00Z,0
APP-01933,income,41562.0,2026-04-27T03:33:00Z,2026-04-23T15:30:00Z,0
APP-01933,months_employed,163.0,2026-04-27T03:33:00Z,2026-04-24T08:09:00Z,0
APP-01933,prior_delinquencies,0.0,2026-04-27T03:33:00Z,2026-04-25T20:15:00Z,0
APP-01934,credit_utilization,0.694,2026-04-27T06:18:00Z,2026-04-26T09:13:00Z,1
APP-01934,debt_to_income,0.514,2026-04-27T06:18:00Z,2026-04-26T12:26:00Z,1
APP-01934,income,70105.0,2026-04-27T06:18:00Z,2026-03-28T11:44:00Z,1
APP-01934,months_employed,59.0,2026-04-27T06:18:00Z,2026-04-20T18:30:00Z,1
APP-01934,prior_delinquencies,1.0,2026-04-27T06:18:00Z,2026-04-26T11:42:00Z,1
APP-01935,credit_utilization,0.492,2026-04-27T06:57:00Z,2026-04-25T16:31:00Z,0
APP-01935,debt_to_income,0.434,2026-04-27T06:57:00Z,2026-04-25T06:42:00Z,0
APP-01935,income,59824.0,2026-04-27T06:57:00Z,2026-04-19T14:08:00Z,0
APP-01935,months_employed,226.0,2026-04-27T06:57:00Z,2026-04-22T06:08:00Z,0
APP-01935,prior_delinquencies,1.0,2026-04-27T06:57:00Z,2026-04-25T11:32:00Z,0
APP-01936,credit_utilization,0.235,2026-04-27T07:51:00Z,2026-04-26T20:14:00Z,0
APP-01936,debt_to_income,0.264,2026-04-27T07:51:00Z,2026-04-25T21:08:00Z,0
APP-01936,income,68194.0,2026-04-27T07:51:00Z,2026-04-11T01:13:00Z,0
APP-01936,months_employed,104.0,2026-04-27T07:51:00Z,2026-04-15T08:33:00Z,0
APP-01936,prior_delinquencies,0.0,2026-04-27T07:51:00Z,2026-04-26T13:44:00Z,0
APP-01937,credit_utilization,0.641,2026-04-27T08:52:00Z,2026-04-25T10:23:00Z,1
APP-01937,debt_to_income,0.444,2026-04-27T08:52:00Z,2026-04-24T14:20:00Z,1
APP-01937,income,49051.0,2026-04-27T08:52:00Z,2026-04-08T16:46:00Z,1
APP-01937,months_employed,123.0,2026-04-27T08:52:00Z,2026-04-21T08:54:00Z,1
APP-01937,prior_delinquencies,1.0,2026-04-27T08:52:00Z,2026-04-24T14:09:00Z,1
APP-01938,credit_utilization,0.235,2026-04-27T10:41:00Z,2026-04-25T13:01:00Z,0
APP-01938,debt_to_income,0.263,2026-04-27T10:41:00Z,2026-04-25T20:09:00Z,0
APP-01938,income,103793.0,2026-04-27T10:41:00Z,2026-04-07T11:43:00Z,0
APP-01938,months_employed,76.0,2026-04-27T10:41:00Z,2026-04-18T01:13:00Z,0
APP-01938,prior_delinquencies,1.0,2026-04-27T10:41:00Z,2026-04-27T03:40:00Z,0
APP-01939,credit_utilization,0.347,2026-04-27T11:42:00Z,2026-04-26T11:24:00Z,0
APP-01939,debt_to_income,0.415,2026-04-27T11:42:00Z,2026-04-25T17:05:00Z,0
APP-01939,income,73951.0,2026-04-27T11:42:00Z,2026-04-09T10:47:00Z,0
APP-01939,months_employed,66.0,2026-04-27T11:42:00Z,2026-04-16T09:25:00Z,0
APP-01939,prior_delinquencies,1.0,2026-04-27T11:42:00Z,2026-04-24T19:00:00Z,0
APP-01940,credit_utilization,0.553,2026-04-27T12:09:00Z,2026-04-25T14:50:00Z,0
APP-01940,debt_to_income,0.451,2026-04-27T12:09:00Z,2026-04-26T16:42:00Z,0
APP-01940,income,60414.0,2026-04-27T12:09:00Z,2026-04-11T19:45:00Z,0
APP-01940,months_employed,149.0,2026-04-27T12:09:00Z,2026-04-17T12:46:00Z,0
APP-01940,prior_delinquencies,1.0,2026-04-27T12:09:00Z,2026-04-25T21:36:00Z,0
APP-01941,credit_utilization,0.171,2026-04-27T13:05:00Z,2026-04-25T17:02:00Z,0
APP-01941,debt_to_income,0.227,2026-04-27T13:05:00Z,2026-04-24T17:51:00Z,0
APP-01941,income,25080.0,2026-04-27T13:05:00Z,2026-04-20T08:03:00Z,0
APP-01941,months_employed,146.0,2026-04-27T13:05:00Z,2026-04-14T00:23:00Z,0
APP-01941,prior_delinquencies,1.0,2026-04-27T13:05:00Z,2026-04-24T01:32:00Z,0
APP-01942,credit_utilization,0.357,2026-04-27T13:49:00Z,2026-04-26T18:57:00Z,0
APP-01942,debt_to_income,0.466,2026-04-27T13:49:00Z,2026-04-24T20:11:00Z,0
APP-01942,income,78570.0,2026-04-27T13:49:00Z,2026-04-17T18:37:00Z,0
APP-01942,months_employed,78.0,2026-04-27T13:49:00Z,2026-04-15T09:22:00Z,0
APP-01942,prior_delinquencies,0.0,2026-04-27T13:49:00Z,2026-04-24T15:13:00Z,0
APP-01943,credit_utilization,0.124,2026-04-27T15:52:00Z,2026-04-27T08:16:00Z,0
APP-01943,debt_to_income,0.396,2026-04-27T15:52:00Z,2026-04-26T06:16:00Z,0
APP-01943,income,68244.0,2026-04-27T15:52:00Z,2026-04-18T19:01:00Z,0
APP-01943,months_employed,57.0,2026-04-27T15:52:00Z,2026-04-20T15:02:00Z,0
APP-01943,prior_delinquencies,0.0,2026-04-27T15:52:00Z,2026-04-27T02:47:00Z,0
APP-01944,credit_utilization,0.236,2026-04-27T18:07:00Z,2026-04-26T22:05:00Z,0
APP-01944,debt_to_income,0.324,2026-04-27T18:07:00Z,2026-04-27T14:49:00Z,0
APP-01944,income,46667.0,2026-04-27T18:07:00Z,2026-04-17T07:18:00Z,0
APP-01944,months_employed,48.0,2026-04-27T18:07:00Z,2026-04-15T16:36:00Z,0
APP-01944,prior_delinquencies,0.0,2026-04-27T18:07:00Z,2026-04-25T04:01:00Z,0
APP-01945,credit_utilization,0.222,2026-04-27T19:20:00Z,2026-04-27T15:27:00Z,0
APP-01945,debt_to_income,0.205,2026-04-27T19:20:00Z,2026-04-26T03:10:00Z,0
APP-01945,income,35471.0,2026-04-27T19:20:00Z,2026-04-26T05:01:00Z,0
APP-01945,months_employed,32.0,2026-04-27T19:20:00Z,2026-04-21T14:28:00Z,0
APP-01945,prior_delinquencies,0.0,2026-04-27T19:20:00Z,2026-04-26T17:18:00Z,0
APP-01946,credit_utilization,0.768,2026-04-27T21:09:00Z,2026-04-26T10:43:00Z,0
APP-01946,debt_to_income,0.401,2026-04-27T21:09:00Z,2026-04-26T05:55:00Z,0
APP-01946,income,20215.0,2026-04-27T21:09:00Z,2026-04-01T14:55:00Z,0
APP-01946,months_employed,12.0,2026-04-27T21:09:00Z,2026-04-25T10:31:00Z,0
APP-01946,prior_delinquencies,1.0,2026-04-27T21:09:00Z,2026-04-25T17:58:00Z,0
APP-01947,credit_utilization,0.6,2026-04-28T00:59:00Z,2026-04-26T09:29:00Z,1
APP-01947,debt_to_income,0.439,2026-04-28T00:59:00Z,2026-04-25T20:05:00Z,1
APP-01947,income,39017.0,2026-04-28T00:59:00Z,2026-04-04T12:44:00Z,1
APP-01947,months_employed,181.0,2026-04-28T00:59:00Z,2026-04-20T20:15:00Z,1
APP-01947,prior_delinquencies,0.0,2026-04-28T00:59:00Z,2026-04-25T06:02:00Z,1
APP-01948,credit_utilization,0.389,2026-04-28T01:13:00Z,2026-04-27T11:59:00Z,0
APP-01948,debt_to_income,0.299,2026-04-28T01:13:00Z,2026-04-27T22:42:00Z,0
APP-01948,income,36948.0,2026-04-28T01:13:00Z,2026-04-20T19:59:00Z,0
APP-01948,months_employed,37.0,2026-04-28T01:13:00Z,2026-04-19T11:50:00Z,0
APP-01948,prior_delinquencies,0.0,2026-04-28T01:13:00Z,2026-04-24T18:38:00Z,0
APP-01949,credit_utilization,0.437,2026-04-28T03:26:00Z,2026-04-27T04:03:00Z,0
APP-01949,debt_to_income,0.276,2026-04-28T03:26:00Z,2026-04-27T02:49:00Z,0
APP-01949,income,41105.0,2026-04-28T03:26:00Z,2026-04-02T07:24:00Z,0
APP-01949,months_employed,237.0,2026-04-28T03:26:00Z,2026-04-24T07:59:00Z,0
APP-01949,prior_delinquencies,0.0,2026-04-28T03:26:00Z,2026-04-27T12:12:00Z,0
APP-01950,credit_utilization,0.341,2026-04-28T03:55:00Z,2026-04-27T21:43:00Z,0
APP-01950,debt_to_income,0.299,2026-04-28T03:55:00Z,2026-04-26T21:01:00Z,0
APP-01950,income,36409.0,2026-04-28T03:55:00Z,2026-04-02T09:00:00Z,0
APP-01950,months_employed,119.0,2026-04-28T03:55:00Z,2026-04-17T12:30:00Z,0
APP-01950,prior_delinquencies,1.0,2026-04-28T03:55:00Z,2026-04-26T13:32:00Z,0
APP-01951,credit_utilization,0.583,2026-04-28T04:49:00Z,2026-04-27T15:27:00Z,1
APP-01951,debt_to_income,0.367,2026-04-28T04:49:00Z,2026-04-26T16:40:00Z,1
APP-01951,income,44540.0,2026-04-28T04:49:00Z,2026-04-15T00:56:00Z,1
APP-01951,months_employed,45.0,2026-04-28T04:49:00Z,2026-04-20T17:34:00Z,1
APP-01951,prior_delinquencies,0.0,2026-04-28T04:49:00Z,2026-04-24T11:32:00Z,1
APP-01952,credit_utilization,0.267,2026-04-28T06:02:00Z,2026-04-27T18:32:00Z,0
APP-01952,debt_to_income,0.188,2026-04-28T06:02:00Z,2026-04-25T11:57:00Z,0
APP-01952,income,51046.0,2026-04-28T06:02:00Z,2026-04-14T20:44:00Z,0
APP-01952,months_employed,173.0,2026-04-28T06:02:00Z,2026-04-24T23:38:00Z,0
APP-01952,prior_delinquencies,1.0,2026-04-28T06:02:00Z,2026-04-27T21:01:00Z,0
APP-01953,credit_utilization,0.567,2026-04-28T07:08:00Z,2026-04-27T05:24:00Z,1
APP-01953,debt_to_income,0.454,2026-04-28T07:08:00Z,2026-04-28T04:54:00Z,1
APP-01953,income,48043.0,2026-04-28T07:08:00Z,2026-04-17T20:19:00Z,1
APP-01953,months_employed,129.0,2026-04-28T07:08:00Z,2026-04-20T15:05:00Z,1
APP-01953,prior_delinquencies,0.0,2026-04-28T07:08:00Z,2026-04-27T06:57:00Z,1
APP-01954,credit_utilization,0.653,2026-04-28T12:38:00Z,2026-04-26T16:03:00Z,1
APP-01954,debt_to_income,0.529,2026-04-28T12:38:00Z,2026-04-26T20:06:00Z,1
APP-01954,income,41580.0,2026-04-28T12:38:00Z,2026-04-16T15:21:00Z,1
APP-01954,months_employed,136.0,2026-04-28T12:38:00Z,2026-04-26T10:15:00Z,1
APP-01954,prior_delinquencies,2.0,2026-04-28T12:38:00Z,2026-04-26T17:23:00Z,1
APP-01955,credit_utilization,0.464,2026-04-28T13:11:00Z,2026-04-26T22:02:00Z,0
APP-01955,debt_to_income,0.35,2026-04-28T13:11:00Z,2026-04-27T10:31:00Z,0
APP-01955,income,36104.0,2026-04-28T13:11:00Z,2026-04-03T05:28:00Z,0
APP-01955,months_employed,219.0,2026-04-28T13:11:00Z,2026-04-23T05:21:00Z,0
APP-01955,prior_delinquencies,0.0,2026-04-28T13:11:00Z,2026-04-27T00:21:00Z,0
APP-01956,credit_utilization,0.477,2026-04-28T13:23:00Z,2026-04-26T19:02:00Z,0
APP-01956,debt_to_income,0.263,2026-04-28T13:23:00Z,2026-04-25T16:52:00Z,0
APP-01956,income,33693.0,2026-04-28T13:23:00Z,2026-04-21T19:18:00Z,0
APP-01956,months_employed,3.0,2026-04-28T13:23:00Z,2026-04-23T11:17:00Z,0
APP-01956,prior_delinquencies,0.0,2026-04-28T13:23:00Z,2026-04-27T23:42:00Z,0
APP-01957,credit_utilization,0.426,2026-04-28T13:26:00Z,2026-04-27T07:16:00Z,0
APP-01957,debt_to_income,0.509,2026-04-28T13:26:00Z,2026-04-26T02:30:00Z,0
APP-01957,income,30761.0,2026-04-28T13:26:00Z,2026-04-15T08:03:00Z,0
APP-01957,months_employed,176.0,2026-04-28T13:26:00Z,2026-04-16T21:51:00Z,0
APP-01957,prior_delinquencies,0.0,2026-04-28T13:26:00Z,2026-04-26T23:40:00Z,0
APP-01958,credit_utilization,0.662,2026-04-28T14:22:00Z,2026-04-26T19:59:00Z,0
APP-01958,debt_to_income,0.358,2026-04-28T14:22:00Z,2026-04-26T06:12:00Z,0
APP-01958,income,59800.0,2026-04-28T14:22:00Z,2026-04-24T04:04:00Z,0
APP-01958,months_employed,96.0,2026-04-28T14:22:00Z,2026-04-16T05:20:00Z,0
APP-01958,prior_delinquencies,2.0,2026-04-28T14:22:00Z,2026-04-26T23:26:00Z,0
APP-01959,credit_utilization,0.196,2026-04-28T15:02:00Z,2026-04-27T14:02:00Z,0
APP-01959,debt_to_income,0.406,2026-04-28T15:02:00Z,2026-04-27T16:18:00Z,0
APP-01959,income,38799.0,2026-04-28T15:02:00Z,2026-03-31T22:32:00Z,0
APP-01959,months_employed,150.0,2026-04-28T15:02:00Z,2026-04-24T22:17:00Z,0
APP-01959,prior_delinquencies,0.0,2026-04-28T15:02:00Z,2026-04-26T22:41:00Z,0
APP-01960,credit_utilization,0.313,2026-04-28T15:28:00Z,2026-04-27T23:50:00Z,0
APP-01960,debt_to_income,0.297,2026-04-28T15:28:00Z,2026-04-27T15:05:00Z,0
APP-01960,income,103902.0,2026-04-28T15:28:00Z,2026-04-04T08:09:00Z,0
APP-01960,months_employed,205.0,2026-04-28T15:28:00Z,2026-04-19T16:53:00Z,0
APP-01960,prior_delinquencies,0.0,2026-04-28T15:28:00Z,2026-04-26T11:23:00Z,0
APP-01961,credit_utilization,0.352,2026-04-28T17:23:00Z,2026-04-27T19:51:00Z,0
APP-01961,debt_to_income,0.348,2026-04-28T17:23:00Z,2026-04-26T13:55:00Z,0
APP-01961,income,89195.0,2026-04-28T17:23:00Z,2026-03-30T20:45:00Z,0
APP-01961,months_employed,119.0,2026-04-28T17:23:00Z,2026-04-18T04:22:00Z,0
APP-01961,prior_delinquencies,0.0,2026-04-28T17:23:00Z,2026-04-26T23:51:00Z,0
APP-01962,credit_utilization,0.17,2026-04-28T17:51:00Z,2026-04-28T05:57:00Z,0
APP-01962,debt_to_income,0.361,2026-04-28T17:51:00Z,2026-04-28T03:44:00Z,0
APP-01962,income,85017.0,2026-04-28T17:51:00Z,2026-04-22T13:14:00Z,0
APP-01962,months_employed,176.0,2026-04-28T17:51:00Z,2026-04-20T01:18:00Z,0
APP-01962,prior_delinquencies,2.0,2026-04-28T17:51:00Z,2026-04-25T18:30:00Z,0
APP-01963,credit_utilization,0.216,2026-04-28T18:25:00Z,2026-04-27T20:44:00Z,0
APP-01963,debt_to_income,0.263,2026-04-28T18:25:00Z,2026-04-26T13:11:00Z,0
APP-01963,income,61049.0,2026-04-28T18:25:00Z,2026-04-18T02:15:00Z,0
APP-01963,months_employed,152.0,2026-04-28T18:25:00Z,2026-04-24T22:26:00Z,0
APP-01963,prior_delinquencies,0.0,2026-04-28T18:25:00Z,2026-04-27T13:15:00Z,0
APP-01964,credit_utilization,0.436,2026-04-28T18:27:00Z,2026-04-26T19:35:00Z,0
APP-01964,debt_to_income,0.355,2026-04-28T18:27:00Z,2026-04-26T10:00:00Z,0
APP-01964,income,37693.0,2026-04-28T18:27:00Z,2026-04-08T23:47:00Z,0
APP-01964,months_employed,221.0,2026-04-28T18:27:00Z,2026-04-15T08:59:00Z,0
APP-01964,prior_delinquencies,0.0,2026-04-28T18:27:00Z,2026-04-27T09:47:00Z,0
APP-01965,credit_utilization,0.505,2026-04-28T18:38:00Z,2026-04-27T08:08:00Z,0
APP-01965,debt_to_income,0.146,2026-04-28T18:38:00Z,2026-04-27T14:07:00Z,0
APP-01965,income,34118.0,2026-04-28T18:38:00Z,2026-04-15T04:04:00Z,0
APP-01965,months_employed,54.0,2026-04-28T18:38:00Z,2026-04-19T10:33:00Z,0
APP-01965,prior_delinquencies,0.0,2026-04-28T18:38:00Z,2026-04-25T23:28:00Z,0
APP-01966,credit_utilization,0.256,2026-04-28T19:07:00Z,2026-04-27T03:38:00Z,0
APP-01966,debt_to_income,0.328,2026-04-28T19:07:00Z,2026-04-26T03:22:00Z,0
APP-01966,income,76991.0,2026-04-28T19:07:00Z,2026-04-26T00:43:00Z,0
APP-01966,months_employed,139.0,2026-04-28T19:07:00Z,2026-04-22T18:18:00Z,0
APP-01966,prior_delinquencies,1.0,2026-04-28T19:07:00Z,2026-04-25T21:15:00Z,0
APP-01967,credit_utilization,0.153,2026-04-28T19:40:00Z,2026-04-28T03:25:00Z,0
APP-01967,debt_to_income,0.156,2026-04-28T19:40:00Z,2026-04-26T08:03:00Z,0
APP-01967,income,42619.0,2026-04-28T19:40:00Z,2026-04-20T01:30:00Z,0
APP-01967,months_employed,200.0,2026-04-28T19:40:00Z,2026-04-24T06:52:00Z,0
APP-01967,prior_delinquencies,0.0,2026-04-28T19:40:00Z,2026-04-27T17:29:00Z,0
APP-01968,credit_utilization,0.667,2026-04-28T21:03:00Z,2026-04-28T17:34:00Z,0
APP-01968,debt_to_income,0.476,2026-04-28T21:03:00Z,2026-04-27T09:09:00Z,0
APP-01968,income,57768.0,2026-04-28T21:03:00Z,2026-04-01T20:05:00Z,0
APP-01968,months_employed,48.0,2026-04-28T21:03:00Z,2026-04-21T09:45:00Z,0
APP-01968,prior_delinquencies,0.0,2026-04-28T21:03:00Z,2026-04-25T12:20:00Z,0
APP-01969,credit_utilization,0.309,2026-04-28T23:05:00Z,2026-04-28T21:22:00Z,0
APP-01969,debt_to_income,0.262,2026-04-28T23:05:00Z,2026-04-26T05:43:00Z,0
APP-01969,income,31379.0,2026-04-28T23:05:00Z,2026-04-08T00:19:00Z,0
APP-01969,months_employed,184.0,2026-04-28T23:05:00Z,2026-04-27T07:28:00Z,0
APP-01969,prior_delinquencies,0.0,2026-04-28T23:05:00Z,2026-04-28T01:05:00Z,0
APP-01970,credit_utilization,0.438,2026-04-28T23:55:00Z,2026-04-28T13:46:00Z,0
APP-01970,debt_to_income,0.358,2026-04-28T23:55:00Z,2026-04-26T10:55:00Z,0
APP-01970,income,47102.0,2026-04-28T23:55:00Z,2026-04-21T18:28:00Z,0
APP-01970,months_employed,99.0,2026-04-28T23:55:00Z,2026-04-22T06:35:00Z,0
APP-01970,prior_delinquencies,2.0,2026-04-28T23:55:00Z,2026-04-25T15:22:00Z,0
APP-01971,credit_utilization,0.675,2026-04-29T01:16:00Z,2026-04-28T20:39:00Z,0
APP-01971,debt_to_income,0.55,2026-04-29T01:16:00Z,2026-04-28T13:07:00Z,0
APP-01971,income,53430.0,2026-04-29T01:16:00Z,2026-04-03T17:42:00Z,0
APP-01971,months_employed,170.0,2026-04-29T01:16:00Z,2026-04-22T19:30:00Z,0
APP-01971,prior_delinquencies,1.0,2026-04-29T01:16:00Z,2026-04-25T18:05:00Z,0
APP-01972,credit_utilization,0.26,2026-04-29T03:58:00Z,2026-04-28T21:22:00Z,0
APP-01972,debt_to_income,0.287,2026-04-29T03:58:00Z,2026-04-28T09:49:00Z,0
APP-01972,income,45176.0,2026-04-29T03:58:00Z,2026-04-16T18:51:00Z,0
APP-01972,months_employed,153.0,2026-04-29T03:58:00Z,2026-04-22T14:14:00Z,0
APP-01972,prior_delinquencies,0.0,2026-04-29T03:58:00Z,2026-04-27T21:01:00Z,0
APP-01973,credit_utilization,0.644,2026-04-29T04:55:00Z,2026-04-28T14:31:00Z,0
APP-01973,debt_to_income,0.473,2026-04-29T04:55:00Z,2026-04-28T22:15:00Z,0
APP-01973,income,20928.0,2026-04-29T04:55:00Z,2026-04-23T22:18:00Z,0
APP-01973,months_employed,121.0,2026-04-29T04:55:00Z,2026-04-18T20:21:00Z,0
APP-01973,prior_delinquencies,1.0,2026-04-29T04:55:00Z,2026-04-27T20:18:00Z,0
APP-01974,credit_utilization,0.286,2026-04-29T06:38:00Z,2026-04-27T08:58:00Z,0
APP-01974,debt_to_income,0.364,2026-04-29T06:38:00Z,2026-04-26T20:38:00Z,0
APP-01974,income,43022.0,2026-04-29T06:38:00Z,2026-03-31T04:59:00Z,0
APP-01974,months_employed,108.0,2026-04-29T06:38:00Z,2026-04-25T08:37:00Z,0
APP-01974,prior_delinquencies,0.0,2026-04-29T06:38:00Z,2026-04-25T17:41:00Z,0
APP-01975,credit_utilization,0.0,2026-04-29T09:41:00Z,2026-04-28T12:28:00Z,0
APP-01975,debt_to_income,0.211,2026-04-29T09:41:00Z,2026-04-27T01:28:00Z,0
APP-01975,income,52720.0,2026-04-29T09:41:00Z,2026-04-08T19:10:00Z,0
APP-01975,months_employed,45.0,2026-04-29T09:41:00Z,2026-04-21T07:05:00Z,0
APP-01975,prior_delinquencies,1.0,2026-04-29T09:41:00Z,2026-04-27T17:06:00Z,0
APP-01976,credit_utilization,0.331,2026-04-29T10:26:00Z,2026-04-28T09:40:00Z,1
APP-01976,debt_to_income,0.456,2026-04-29T10:26:00Z,2026-04-26T10:43:00Z,1
APP-01976,income,24450.0,2026-04-29T10:26:00Z,2026-04-25T07:30:00Z,1
APP-01976,months_employed,209.0,2026-04-29T10:26:00Z,2026-04-17T15:41:00Z,1
APP-01976,prior_delinquencies,1.0,2026-04-29T10:26:00Z,2026-04-26T07:10:00Z,1
APP-01977,credit_utilization,0.431,2026-04-29T11:56:00Z,2026-04-29T08:04:00Z,0
APP-01977,debt_to_income,0.225,2026-04-29T11:56:00Z,2026-04-29T02:33:00Z,0
APP-01977,income,50400.0,2026-04-29T11:56:00Z,2026-04-12T13:04:00Z,0
APP-01977,months_employed,55.0,2026-04-29T11:56:00Z,2026-04-23T20:40:00Z,0
APP-01977,prior_delinquencies,0.0,2026-04-29T11:56:00Z,2026-04-26T03:58:00Z,0
APP-01978,credit_utilization,0.371,2026-04-29T13:50:00Z,2026-04-28T22:53:00Z,0
APP-01978,debt_to_income,0.417,2026-04-29T13:50:00Z,2026-04-29T07:44:00Z,0
APP-01978,income,60179.0,2026-04-29T13:50:00Z,2026-04-04T08:56:00Z,0
APP-01978,months_employed,57.0,2026-04-29T13:50:00Z,2026-04-21T09:29:00Z,0
APP-01978,prior_delinquencies,2.0,2026-04-29T13:50:00Z,2026-04-25T20:43:00Z,0
APP-01979,credit_utilization,0.12,2026-04-29T14:58:00Z,2026-04-28T12:26:00Z,0
APP-01979,debt_to_income,0.306,2026-04-29T14:58:00Z,2026-04-28T00:41:00Z,0
APP-01979,income,34462.0,2026-04-29T14:58:00Z,2026-04-16T12:15:00Z,0
APP-01979,months_employed,103.0,2026-04-29T14:58:00Z,2026-04-18T15:18:00Z,0
APP-01979,prior_delinquencies,1.0,2026-04-29T14:58:00Z,2026-04-27T17:22:00Z,0
APP-01980,credit_utilization,0.2,2026-04-29T15:22:00Z,2026-04-29T09:49:00Z,0
APP-01980,debt_to_income,0.188,2026-04-29T15:22:00Z,2026-04-28T18:38:00Z,0
APP-01980,income,109723.0,2026-04-29T15:22:00Z,2026-04-12T05:03:00Z,0
APP-01980,months_employed,178.0,2026-04-29T15:22:00Z,2026-04-19T20:46:00Z,0
APP-01980,prior_delinquencies,1.0,2026-04-29T15:22:00Z,2026-04-27T11:10:00Z,0
APP-01981,credit_utilization,0.307,2026-04-29T15:57:00Z,2026-04-28T15:29:00Z,0
APP-01981,debt_to_income,0.492,2026-04-29T15:57:00Z,2026-04-26T16:17:00Z,0
APP-01981,income,36701.0,2026-04-29T15:57:00Z,2026-04-17T07:14:00Z,0
APP-01981,months_employed,46.0,2026-04-29T15:57:00Z,2026-04-23T15:15:00Z,0
APP-01981,prior_delinquencies,0.0,2026-04-29T15:57:00Z,2026-04-26T11:58:00Z,0
APP-01982,credit_utilization,0.221,2026-04-29T20:22:00Z,2026-04-28T05:16:00Z,0
APP-01982,debt_to_income,0.331,2026-04-29T20:22:00Z,2026-04-28T20:01:00Z,0
APP-01982,income,65426.0,2026-04-29T20:22:00Z,2026-04-02T18:15:00Z,0
APP-01982,months_employed,45.0,2026-04-29T20:22:00Z,2026-04-27T02:57:00Z,0
APP-01982,prior_delinquencies,0.0,2026-04-29T20:22:00Z,2026-04-29T04:55:00Z,0
APP-01983,credit_utilization,0.404,2026-04-29T20:27:00Z,2026-04-29T15:09:00Z,0
APP-01983,debt_to_income,0.271,2026-04-29T20:27:00Z,2026-04-29T02:08:00Z,0
APP-01983,income,46430.0,2026-04-29T20:27:00Z,2026-04-21T07:53:00Z,0
APP-01983,months_employed,177.0,2026-04-29T20:27:00Z,2026-04-17T02:42:00Z,0
APP-01983,prior_delinquencies,0.0,2026-04-29T20:27:00Z,2026-04-28T08:28:00Z,0
APP-01984,credit_utilization,0.109,2026-04-29T20:30:00Z,2026-04-28T03:32:00Z,0
APP-01984,debt_to_income,0.288,2026-04-29T20:30:00Z,2026-04-26T21:04:00Z,0
APP-01984,income,37316.0,2026-04-29T20:30:00Z,2026-04-11T08:36:00Z,0
APP-01984,months_employed,195.0,2026-04-29T20:30:00Z,2026-04-27T05:48:00Z,0
APP-01984,prior_delinquencies,0.0,2026-04-29T20:30:00Z,2026-04-26T23:08:00Z,0
APP-01985,credit_utilization,0.568,2026-04-29T20:50:00Z,2026-04-28T02:09:00Z,0
APP-01985,debt_to_income,0.266,2026-04-29T20:50:00Z,2026-04-29T15:29:00Z,0
APP-01985,income,109853.0,2026-04-29T20:50:00Z,2026-04-04T02:25:00Z,0
APP-01985,months_employed,82.0,2026-04-29T20:50:00Z,2026-04-25T14:39:00Z,0
APP-01985,prior_delinquencies,0.0,2026-04-29T20:50:00Z,2026-04-28T02:21:00Z,0
APP-01986,credit_utilization,0.036,2026-04-29T21:50:00Z,2026-04-29T07:25:00Z,0
APP-01986,debt_to_income,0.228,2026-04-29T21:50:00Z,2026-04-29T11:59:00Z,0
APP-01986,income,45210.0,2026-04-29T21:50:00Z,2026-04-11T15:25:00Z,0
APP-01986,months_employed,42.0,2026-04-29T21:50:00Z,2026-04-17T22:18:00Z,0
APP-01986,prior_delinquencies,1.0,2026-04-29T21:50:00Z,2026-04-26T08:19:00Z,0
APP-01987,credit_utilization,0.385,2026-04-29T22:04:00Z,2026-04-29T12:02:00Z,1
APP-01987,debt_to_income,0.46,2026-04-29T22:04:00Z,2026-04-28T08:18:00Z,1
APP-01987,income,96260.0,2026-04-29T22:04:00Z,2026-04-15T14:31:00Z,1
APP-01987,months_employed,186.0,2026-04-29T22:04:00Z,2026-04-22T19:31:00Z,1
APP-01987,prior_delinquencies,1.0,2026-04-29T22:04:00Z,2026-04-26T00:07:00Z,1
APP-01988,credit_utilization,0.181,2026-04-29T23:53:00Z,2026-04-28T21:44:00Z,0
APP-01988,debt_to_income,0.382,2026-04-29T23:53:00Z,2026-04-28T20:38:00Z,0
APP-01988,income,44794.0,2026-04-29T23:53:00Z,2026-03-31T11:06:00Z,0
APP-01988,months_employed,178.0,2026-04-29T23:53:00Z,2026-04-17T04:20:00Z,0
APP-01988,prior_delinquencies,1.0,2026-04-29T23:53:00Z,2026-04-26T07:46:00Z,0
APP-01989,credit_utilization,0.414,2026-04-30T02:16:00Z,2026-04-28T20:50:00Z,1
APP-01989,debt_to_income,0.417,2026-04-30T02:16:00Z,2026-04-28T13:34:00Z,1
APP-01989,income,36381.0,2026-04-30T02:16:00Z,2026-04-19T06:57:00Z,1
APP-01989,months_employed,152.0,2026-04-30T02:16:00Z,2026-04-28T17:35:00Z,1
APP-01989,prior_delinquencies,2.0,2026-04-30T02:16:00Z,2026-04-26T08:41:00Z,1
APP-01990,credit_utilization,0.447,2026-04-30T04:54:00Z,2026-04-28T14:43:00Z,0
APP-01990,debt_to_income,0.509,2026-04-30T04:54:00Z,2026-04-27T10:20:00Z,0
APP-01990,income,92666.0,2026-04-30T04:54:00Z,2026-04-09T20:14:00Z,0
APP-01990,months_employed,206.0,2026-04-30T04:54:00Z,2026-04-23T11:53:00Z,0
APP-01990,prior_delinquencies,1.0,2026-04-30T04:54:00Z,2026-04-26T14:37:00Z,0
APP-01991,credit_utilization,0.247,2026-04-30T05:36:00Z,2026-04-28T19:02:00Z,0
APP-01991,debt_to_income,0.418,2026-04-30T05:36:00Z,2026-04-29T22:58:00Z,0
APP-01991,income,44247.0,2026-04-30T05:36:00Z,2026-04-17T18:11:00Z,0
APP-01991,months_employed,116.0,2026-04-30T05:36:00Z,2026-04-28T00:38:00Z,0
APP-01991,prior_delinquencies,1.0,2026-04-30T05:36:00Z,2026-04-28T07:42:00Z,0
APP-01992,credit_utilization,0.553,2026-04-30T05:45:00Z,2026-04-29T04:01:00Z,0
APP-01992,debt_to_income,0.263,2026-04-30T05:45:00Z,2026-04-29T14:50:00Z,0
APP-01992,income,38099.0,2026-04-30T05:45:00Z,2026-04-13T21:26:00Z,0
APP-01992,months_employed,105.0,2026-04-30T05:45:00Z,2026-04-20T12:10:00Z,0
APP-01992,prior_delinquencies,0.0,2026-04-30T05:45:00Z,2026-04-28T13:53:00Z,0
APP-01993,credit_utilization,0.267,2026-04-30T05:46:00Z,2026-04-28T11:39:00Z,0
APP-01993,debt_to_income,0.244,2026-04-30T05:46:00Z,2026-04-28T05:43:00Z,0
APP-01993,income,40929.0,2026-04-30T05:46:00Z,2026-04-10T19:33:00Z,0
APP-01993,months_employed,6.0,2026-04-30T05:46:00Z,2026-04-26T00:20:00Z,0
APP-01993,prior_delinquencies,0.0,2026-04-30T05:46:00Z,2026-04-29T23:17:00Z,0
APP-01994,credit_utilization,0.039,2026-04-30T06:10:00Z,2026-04-29T04:18:00Z,0
APP-01994,debt_to_income,0.19,2026-04-30T06:10:00Z,2026-04-28T03:09:00Z,0
APP-01994,income,26391.0,2026-04-30T06:10:00Z,2026-04-20T19:08:00Z,0
APP-01994,months_employed,103.0,2026-04-30T06:10:00Z,2026-04-22T17:03:00Z,0
APP-01994,prior_delinquencies,1.0,2026-04-30T06:10:00Z,2026-04-30T01:18:00Z,0
APP-01995,credit_utilization,0.427,2026-04-30T06:44:00Z,2026-04-29T03:26:00Z,0
APP-01995,debt_to_income,0.418,2026-04-30T06:44:00Z,2026-04-29T04:42:00Z,0
APP-01995,income,92383.0,2026-04-30T06:44:00Z,2026-04-15T06:23:00Z,0
APP-01995,months_employed,194.0,2026-04-30T06:44:00Z,2026-04-19T03:08:00Z,0
APP-01995,prior_delinquencies,0.0,2026-04-30T06:44:00Z,2026-04-29T00:56:00Z,0
APP-01996,credit_utilization,0.361,2026-04-30T06:52:00Z,2026-04-29T08:45:00Z,0
APP-01996,debt_to_income,0.578,2026-04-30T06:52:00Z,2026-04-28T19:56:00Z,0
APP-01996,income,38026.0,2026-04-30T06:52:00Z,2026-04-20T00:35:00Z,0
APP-01996,months_employed,164.0,2026-04-30T06:52:00Z,2026-04-19T13:48:00Z,0
APP-01996,prior_delinquencies,0.0,2026-04-30T06:52:00Z,2026-04-27T19:01:00Z,0
APP-01997,credit_utilization,0.468,2026-04-30T07:35:00Z,2026-04-29T23:44:00Z,0
APP-01997,debt_to_income,0.352,2026-04-30T07:35:00Z,2026-04-29T22:39:00Z,0
APP-01997,income,74535.0,2026-04-30T07:35:00Z,2026-04-07T09:04:00Z,0
APP-01997,months_employed,142.0,2026-04-30T07:35:00Z,2026-04-16T12:20:00Z,0
APP-01997,prior_delinquencies,0.0,2026-04-30T07:35:00Z,2026-04-29T14:42:00Z,0
APP-01998,credit_utilization,0.692,2026-04-30T09:27:00Z,2026-04-28T13:11:00Z,0
APP-01998,debt_to_income,0.322,2026-04-30T09:27:00Z,2026-04-29T10:30:00Z,0
APP-01998,income,29399.0,2026-04-30T09:27:00Z,2026-04-01T13:30:00Z,0
APP-01998,months_employed,215.0,2026-04-30T09:27:00Z,2026-04-28T22:29:00Z,0
APP-01998,prior_delinquencies,1.0,2026-04-30T09:27:00Z,2026-04-27T16:29:00Z,0
APP-01999,credit_utilization,0.569,2026-04-30T11:15:00Z,2026-04-29T13:00:00Z,0
APP-01999,debt_to_income,0.403,2026-04-30T11:15:00Z,2026-04-29T22:16:00Z,0
APP-01999,income,64174.0,2026-04-30T11:15:00Z,2026-04-16T23:14:00Z,0
APP-01999,months_employed,187.0,2026-04-30T11:15:00Z,2026-04-21T08:27:00Z,0
APP-01999,prior_delinquencies,0.0,2026-04-30T11:15:00Z,2026-04-27T01:58:00Z,0
APP-02000,credit_utilization,0.405,2026-04-30T13:56:00Z,2026-04-29T09:17:00Z,0
APP-02000,debt_to_income,0.379,2026-04-30T13:56:00Z,2026-04-28T11:11:00Z,0
APP-02000,income,59141.0,2026-04-30T13:56:00Z,2026-04-17T07:41:00Z,0
APP-02000,months_employed,31.0,2026-04-30T13:56:00Z,2026-04-22T16:50:00Z,0
APP-02000,prior_delinquencies,0.0,2026-04-30T13:56:00Z,2026-04-27T10:23:00Z,0
APP-02001,credit_utilization,0.138,2026-04-30T19:05:00Z,2026-04-30T12:06:00Z,0
APP-02001,debt_to_income,0.307,2026-04-30T19:05:00Z,2026-04-28T14:25:00Z,0
APP-02001,income,44902.0,2026-04-30T19:05:00Z,2026-04-10T12:48:00Z,0
APP-02001,months_employed,146.0,2026-04-30T19:05:00Z,2026-04-29T01:10:00Z,0
APP-02001,prior_delinquencies,1.0,2026-04-30T19:05:00Z,2026-04-28T03:00:00Z,0
APP-02002,credit_utilization,0.45,2026-04-30T19:29:00Z,2026-04-30T17:14:00Z,0
APP-02002,debt_to_income,0.275,2026-04-30T19:29:00Z,2026-04-29T15:14:00Z,0
APP-02002,income,45508.0,2026-04-30T19:29:00Z,2026-04-09T06:15:00Z,0
APP-02002,months_employed,227.0,2026-04-30T19:29:00Z,2026-04-17T11:07:00Z,0
APP-02002,prior_delinquencies,1.0,2026-04-30T19:29:00Z,2026-04-30T16:05:00Z,0
APP-02003,credit_utilization,0.266,2026-04-30T20:43:00Z,2026-04-29T19:20:00Z,0
APP-02003,debt_to_income,0.295,2026-04-30T20:43:00Z,2026-04-28T18:53:00Z,0
APP-02003,income,91402.0,2026-04-30T20:43:00Z,2026-04-08T11:02:00Z,0
APP-02003,months_employed,205.0,2026-04-30T20:43:00Z,2026-04-27T06:40:00Z,0
APP-02003,prior_delinquencies,0.0,2026-04-30T20:43:00Z,2026-04-27T13:12:00Z,0
APP-02004,credit_utilization,0.539,2026-04-30T23:17:00Z,2026-04-29T18:35:00Z,0
APP-02004,debt_to_income,0.5,2026-04-30T23:17:00Z,2026-04-28T20:10:00Z,0
APP-02004,income,80930.0,2026-04-30T23:17:00Z,2026-04-08T04:07:00Z,0
APP-02004,months_employed,234.0,2026-04-30T23:17:00Z,2026-04-29T10:54:00Z,0
APP-02004,prior_delinquencies,0.0,2026-04-30T23:17:00Z,2026-04-29T20:50:00Z,0
APP-02005,credit_utilization,0.686,2026-04-30T23:45:00Z,2026-04-30T10:53:00Z,1
APP-02005,debt_to_income,0.303,2026-04-30T23:45:00Z,2026-04-30T20:51:00Z,1
APP-02005,income,46905.0,2026-04-30T23:45:00Z,2026-04-10T08:23:00Z,1
APP-02005,months_employed,33.0,2026-04-30T23:45:00Z,2026-04-21T17:12:00Z,1
APP-02005,prior_delinquencies,2.0,2026-04-30T23:45:00Z,2026-04-28T04:41:00Z,1
APP-02006,credit_utilization,0.346,2026-05-01T02:11:00Z,2026-04-29T20:23:00Z,0
APP-02006,debt_to_income,0.451,2026-05-01T02:11:00Z,2026-04-28T15:37:00Z,0
APP-02006,income,36145.0,2026-05-01T02:11:00Z,2026-04-15T17:29:00Z,0
APP-02006,months_employed,189.0,2026-05-01T02:11:00Z,2026-04-25T05:53:00Z,0
APP-02006,prior_delinquencies,0.0,2026-05-01T02:11:00Z,2026-04-28T19:03:00Z,0
APP-02007,credit_utilization,0.55,2026-05-01T04:13:00Z,2026-04-30T08:05:00Z,1
APP-02007,debt_to_income,0.409,2026-05-01T04:13:00Z,2026-04-29T03:14:00Z,1
APP-02007,income,52646.0,2026-05-01T04:13:00Z,2026-04-24T16:05:00Z,1
APP-02007,months_employed,230.0,2026-05-01T04:13:00Z,2026-04-29T05:56:00Z,1
APP-02007,prior_delinquencies,0.0,2026-05-01T04:13:00Z,2026-04-30T11:19:00Z,1
APP-02008,credit_utilization,0.729,2026-05-01T06:58:00Z,2026-04-30T17:35:00Z,1
APP-02008,debt_to_income,0.422,2026-05-01T06:58:00Z,2026-04-30T05:05:00Z,1
APP-02008,income,38139.0,2026-05-01T06:58:00Z,2026-04-14T15:29:00Z,1
APP-02008,months_employed,53.0,2026-05-01T06:58:00Z,2026-04-29T20:46:00Z,1
APP-02008,prior_delinquencies,0.0,2026-05-01T06:58:00Z,2026-04-29T21:34:00Z,1
APP-02009,credit_utilization,0.647,2026-05-01T08:20:00Z,2026-04-30T21:04:00Z,0
APP-02009,debt_to_income,0.499,2026-05-01T08:20:00Z,2026-04-30T10:19:00Z,0
APP-02009,income,45921.0,2026-05-01T08:20:00Z,2026-04-14T21:38:00Z,0
APP-02009,months_employed,232.0,2026-05-01T08:20:00Z,2026-04-29T21:22:00Z,0
APP-02009,prior_delinquencies,1.0,2026-05-01T08:20:00Z,2026-04-29T02:59:00Z,0
APP-02010,credit_utilization,0.647,2026-05-01T08:21:00Z,2026-04-29T13:37:00Z,0
APP-02010,debt_to_income,0.342,2026-05-01T08:21:00Z,2026-04-30T18:57:00Z,0
APP-02010,income,27505.0,2026-05-01T08:21:00Z,2026-04-10T08:07:00Z,0
APP-02010,months_employed,133.0,2026-05-01T08:21:00Z,2026-04-26T16:12:00Z,0
APP-02010,prior_delinquencies,0.0,2026-05-01T08:21:00Z,2026-04-29T18:26:00Z,0
APP-02011,credit_utilization,0.334,2026-05-01T09:53:00Z,2026-04-29T22:52:00Z,0
APP-02011,debt_to_income,0.382,2026-05-01T09:53:00Z,2026-04-30T12:50:00Z,0
APP-02011,income,29183.0,2026-05-01T09:53:00Z,2026-04-26T08:32:00Z,0
APP-02011,months_employed,77.0,2026-05-01T09:53:00Z,2026-04-19T03:06:00Z,0
APP-02011,prior_delinquencies,0.0,2026-05-01T09:53:00Z,2026-04-28T19:05:00Z,0
APP-02012,credit_utilization,0.326,2026-05-01T11:37:00Z,2026-04-30T04:36:00Z,0
APP-02012,debt_to_income,0.585,2026-05-01T11:37:00Z,2026-04-29T04:33:00Z,0
APP-02012,income,70414.0,2026-05-01T11:37:00Z,2026-04-22T14:09:00Z,0
APP-02012,months_employed,71.0,2026-05-01T11:37:00Z,2026-04-24T22:31:00Z,0
APP-02012,prior_delinquencies,1.0,2026-05-01T11:37:00Z,2026-04-30T03:09:00Z,0
APP-02013,credit_utilization,0.718,2026-05-01T11:39:00Z,2026-04-30T01:25:00Z,0
APP-02013,debt_to_income,0.256,2026-05-01T11:39:00Z,2026-04-30T21:27:00Z,0
APP-02013,income,27345.0,2026-05-01T11:39:00Z,2026-04-14T09:36:00Z,0
APP-02013,months_employed,109.0,2026-05-01T11:39:00Z,2026-04-27T01:54:00Z,0
APP-02013,prior_delinquencies,0.0,2026-05-01T11:39:00Z,2026-04-30T01:05:00Z,0
APP-02014,credit_utilization,0.277,2026-05-01T14:24:00Z,2026-04-30T09:14:00Z,0
APP-02014,debt_to_income,0.316,2026-05-01T14:24:00Z,2026-04-30T15:26:00Z,0
APP-02014,income,139506.0,2026-05-01T14:24:00Z,2026-04-15T23:49:00Z,0
APP-02014,months_employed,100.0,2026-05-01T14:24:00Z,2026-04-29T12:51:00Z,0
APP-02014,prior_delinquencies,0.0,2026-05-01T14:24:00Z,2026-04-28T18:02:00Z,0
APP-02015,credit_utilization,0.677,2026-05-01T14:27:00Z,2026-05-01T03:32:00Z,0
APP-02015,debt_to_income,0.389,2026-05-01T14:27:00Z,2026-04-30T14:53:00Z,0
APP-02015,income,48050.0,2026-05-01T14:27:00Z,2026-04-13T11:58:00Z,0
APP-02015,months_employed,111.0,2026-05-01T14:27:00Z,2026-04-20T04:31:00Z,0
APP-02015,prior_delinquencies,0.0,2026-05-01T14:27:00Z,2026-04-30T00:17:00Z,0
APP-02016,credit_utilization,0.487,2026-05-01T17:42:00Z,2026-04-30T03:50:00Z,0
APP-02016,debt_to_income,0.352,2026-05-01T17:42:00Z,2026-04-29T19:29:00Z,0
APP-02016,income,57881.0,2026-05-01T17:42:00Z,2026-04-17T15:26:00Z,0
APP-02016,months_employed,176.0,2026-05-01T17:42:00Z,2026-04-22T14:09:00Z,0
APP-02016,prior_delinquencies,1.0,2026-05-01T17:42:00Z,2026-04-29T23:16:00Z,0
APP-02017,credit_utilization,0.249,2026-05-01T19:32:00Z,2026-04-29T23:06:00Z,0
APP-02017,debt_to_income,0.321,2026-05-01T19:32:00Z,2026-05-01T03:32:00Z,0
APP-02017,income,56235.0,2026-05-01T19:32:00Z,2026-04-06T00:22:00Z,0
APP-02017,months_employed,31.0,2026-05-01T19:32:00Z,2026-04-24T13:19:00Z,0
APP-02017,prior_delinquencies,1.0,2026-05-01T19:32:00Z,2026-04-29T08:01:00Z,0
APP-02018,credit_utilization,0.155,2026-05-01T20:16:00Z,2026-05-01T06:10:00Z,0
APP-02018,debt_to_income,0.25,2026-05-01T20:16:00Z,2026-04-30T17:24:00Z,0
APP-02018,income,47289.0,2026-05-01T20:16:00Z,2026-04-09T18:03:00Z,0
APP-02018,months_employed,175.0,2026-05-01T20:16:00Z,2026-04-28T18:55:00Z,0
APP-02018,prior_delinquencies,1.0,2026-05-01T20:16:00Z,2026-04-28T08:33:00Z,0
APP-02019,credit_utilization,0.479,2026-05-01T22:03:00Z,2026-05-01T00:36:00Z,0
APP-02019,debt_to_income,0.466,2026-05-01T22:03:00Z,2026-04-30T06:06:00Z,0
APP-02019,income,36249.0,2026-05-01T22:03:00Z,2026-04-07T06:08:00Z,0
APP-02019,months_employed,106.0,2026-05-01T22:03:00Z,2026-04-25T03:10:00Z,0
APP-02019,prior_delinquencies,1.0,2026-05-01T22:03:00Z,2026-04-28T11:39:00Z,0
APP-02020,credit_utilization,0.355,2026-05-01T22:31:00Z,2026-04-30T19:17:00Z,0
APP-02020,debt_to_income,0.444,2026-05-01T22:31:00Z,2026-04-30T07:02:00Z,0
APP-02020,income,27116.0,2026-05-01T22:31:00Z,2026-04-28T19:00:00Z,0
APP-02020,months_employed,201.0,2026-05-01T22:31:00Z,2026-04-29T21:47:00Z,0
APP-02020,prior_delinquencies,1.0,2026-05-01T22:31:00Z,2026-05-01T16:41:00Z,0
APP-02021,credit_utilization,0.314,2026-05-02T01:42:00Z,2026-05-01T17:08:00Z,0
APP-02021,debt_to_income,0.418,2026-05-02T01:42:00Z,2026-04-30T01:48:00Z,0
APP-02021,income,32785.0,2026-05-02T01:42:00Z,2026-04-24T23:47:00Z,0
APP-02021,months_employed,196.0,2026-05-02T01:42:00Z,2026-04-24T12:32:00Z,0
APP-02021,prior_delinquencies,0.0,2026-05-02T01:42:00Z,2026-04-30T21:53:00Z,0
APP-02022,credit_utilization,0.573,2026-05-02T03:34:00Z,2026-04-30T08:43:00Z,0
APP-02022,debt_to_income,0.259,2026-05-02T03:34:00Z,2026-04-29T21:17:00Z,0
APP-02022,income,42537.0,2026-05-02T03:34:00Z,2026-04-06T10:17:00Z,0
APP-02022,months_employed,133.0,2026-05-02T03:34:00Z,2026-04-27T18:08:00Z,0
APP-02022,prior_delinquencies,0.0,2026-05-02T03:34:00Z,2026-04-28T14:10:00Z,0
APP-02023,credit_utilization,0.687,2026-05-02T11:10:00Z,2026-05-02T09:09:00Z,0
APP-02023,debt_to_income,0.467,2026-05-02T11:10:00Z,2026-05-01T20:16:00Z,0
APP-02023,income,70791.0,2026-05-02T11:10:00Z,2026-04-23T17:37:00Z,0
APP-02023,months_employed,142.0,2026-05-02T11:10:00Z,2026-04-22T01:55:00Z,0
APP-02023,prior_delinquencies,0.0,2026-05-02T11:10:00Z,2026-04-28T23:38:00Z,0
APP-02024,credit_utilization,0.422,2026-05-02T12:42:00Z,2026-04-30T13:50:00Z,0
APP-02024,debt_to_income,0.402,2026-05-02T12:42:00Z,2026-05-02T04:32:00Z,0
APP-02024,income,34285.0,2026-05-02T12:42:00Z,2026-04-21T10:46:00Z,0
APP-02024,months_employed,22.0,2026-05-02T12:42:00Z,2026-04-27T09:56:00Z,0
APP-02024,prior_delinquencies,0.0,2026-05-02T12:42:00Z,2026-04-30T14:04:00Z,0
APP-02025,credit_utilization,0.505,2026-05-02T13:34:00Z,2026-04-30T17:50:00Z,0
APP-02025,debt_to_income,0.395,2026-05-02T13:34:00Z,2026-05-02T10:40:00Z,0
APP-02025,income,51036.0,2026-05-02T13:34:00Z,2026-04-17T21:13:00Z,0
APP-02025,months_employed,63.0,2026-05-02T13:34:00Z,2026-04-26T16:13:00Z,0
APP-02025,prior_delinquencies,0.0,2026-05-02T13:34:00Z,2026-04-28T14:20:00Z,0
APP-02026,credit_utilization,0.523,2026-05-02T14:18:00Z,2026-05-01T11:31:00Z,0
APP-02026,debt_to_income,0.368,2026-05-02T14:18:00Z,2026-04-29T20:06:00Z,0
APP-02026,income,46086.0,2026-05-02T14:18:00Z,2026-04-14T03:43:00Z,0
APP-02026,months_employed,208.0,2026-05-02T14:18:00Z,2026-04-28T13:50:00Z,0
APP-02026,prior_delinquencies,0.0,2026-05-02T14:18:00Z,2026-04-29T21:24:00Z,0
APP-02027,credit_utilization,0.345,2026-05-02T15:07:00Z,2026-05-01T16:14:00Z,0
APP-02027,debt_to_income,0.347,2026-05-02T15:07:00Z,2026-05-01T02:36:00Z,0
APP-02027,income,84055.0,2026-05-02T15:07:00Z,2026-04-21T02:18:00Z,0
APP-02027,months_employed,193.0,2026-05-02T15:07:00Z,2026-04-24T10:39:00Z,0
APP-02027,prior_delinquencies,0.0,2026-05-02T15:07:00Z,2026-05-02T03:22:00Z,0
APP-02028,credit_utilization,0.673,2026-05-02T17:02:00Z,2026-05-01T13:37:00Z,0
APP-02028,debt_to_income,0.347,2026-05-02T17:02:00Z,2026-05-01T15:50:00Z,0
APP-02028,income,50590.0,2026-05-02T17:02:00Z,2026-04-07T04:22:00Z,0
APP-02028,months_employed,28.0,2026-05-02T17:02:00Z,2026-04-30T22:36:00Z,0
APP-02028,prior_delinquencies,1.0,2026-05-02T17:02:00Z,2026-04-29T06:26:00Z,0
APP-02029,credit_utilization,0.459,2026-05-02T19:31:00Z,2026-05-01T23:42:00Z,1
APP-02029,debt_to_income,0.514,2026-05-02T19:31:00Z,2026-04-30T13:46:00Z,1
APP-02029,income,44581.0,2026-05-02T19:31:00Z,2026-04-04T00:02:00Z,1
APP-02029,months_employed,223.0,2026-05-02T19:31:00Z,2026-04-29T18:18:00Z,1
APP-02029,prior_delinquencies,1.0,2026-05-02T19:31:00Z,2026-05-01T06:25:00Z,1
APP-02030,credit_utilization,0.498,2026-05-02T19:33:00Z,2026-05-01T11:57:00Z,0
APP-02030,debt_to_income,0.353,2026-05-02T19:33:00Z,2026-04-30T21:27:00Z,0
APP-02030,income,68064.0,2026-05-02T19:33:00Z,2026-04-29T21:37:00Z,0
APP-02030,months_employed,118.0,2026-05-02T19:33:00Z,2026-04-26T04:15:00Z,0
APP-02030,prior_delinquencies,0.0,2026-05-02T19:33:00Z,2026-05-02T02:46:00Z,0
APP-02031,credit_utilization,0.255,2026-05-02T20:20:00Z,2026-05-01T19:08:00Z,0
APP-02031,debt_to_income,0.26,2026-05-02T20:20:00Z,2026-05-01T02:15:00Z,0
APP-02031,income,39776.0,2026-05-02T20:20:00Z,2026-04-12T00:20:00Z,0
APP-02031,months_employed,206.0,2026-05-02T20:20:00Z,2026-04-23T08:13:00Z,0
APP-02031,prior_delinquencies,2.0,2026-05-02T20:20:00Z,2026-05-01T13:05:00Z,0
APP-02032,credit_utilization,0.543,2026-05-02T20:38:00Z,2026-05-02T13:11:00Z,0
APP-02032,debt_to_income,0.346,2026-05-02T20:38:00Z,2026-04-30T19:36:00Z,0
APP-02032,income,81378.0,2026-05-02T20:38:00Z,2026-04-29T01:38:00Z,0
APP-02032,months_employed,125.0,2026-05-02T20:38:00Z,2026-04-25T11:11:00Z,0
APP-02032,prior_delinquencies,0.0,2026-05-02T20:38:00Z,2026-05-01T13:14:00Z,0
APP-02033,credit_utilization,0.58,2026-05-02T21:34:00Z,2026-05-01T14:53:00Z,0
APP-02033,debt_to_income,0.34,2026-05-02T21:34:00Z,2026-05-02T16:59:00Z,0
APP-02033,income,92996.0,2026-05-02T21:34:00Z,2026-04-20T07:27:00Z,0
APP-02033,months_employed,179.0,2026-05-02T21:34:00Z,2026-04-19T11:38:00Z,0
APP-02033,prior_delinquencies,1.0,2026-05-02T21:34:00Z,2026-04-30T01:02:00Z,0
APP-02034,credit_utilization,0.318,2026-05-02T22:04:00Z,2026-05-01T01:21:00Z,0
APP-02034,debt_to_income,0.362,2026-05-02T22:04:00Z,2026-05-01T20:10:00Z,0
APP-02034,income,29223.0,2026-05-02T22:04:00Z,2026-04-11T16:52:00Z,0
APP-02034,months_employed,136.0,2026-05-02T22:04:00Z,2026-04-19T00:45:00Z,0
APP-02034,prior_delinquencies,3.0,2026-05-02T22:04:00Z,2026-05-02T04:57:00Z,0
APP-02035,credit_utilization,0.616,2026-05-02T22:28:00Z,2026-05-02T10:51:00Z,0
APP-02035,debt_to_income,0.398,2026-05-02T22:28:00Z,2026-04-30T13:50:00Z,0
APP-02035,income,38918.0,2026-05-02T22:28:00Z,2026-04-29T19:00:00Z,0
APP-02035,months_employed,182.0,2026-05-02T22:28:00Z,2026-04-27T19:42:00Z,0
APP-02035,prior_delinquencies,1.0,2026-05-02T22:28:00Z,2026-05-02T02:54:00Z,0
APP-02036,credit_utilization,0.049,2026-05-02T23:13:00Z,2026-05-02T15:50:00Z,0
APP-02036,debt_to_income,0.385,2026-05-02T23:13:00Z,2026-05-02T04:18:00Z,0
APP-02036,income,35821.0,2026-05-02T23:13:00Z,2026-04-06T05:10:00Z,0
APP-02036,months_employed,159.0,2026-05-02T23:13:00Z,2026-04-21T09:19:00Z,0
APP-02036,prior_delinquencies,0.0,2026-05-02T23:13:00Z,2026-04-29T00:25:00Z,0
APP-02037,credit_utilization,0.418,2026-05-03T00:17:00Z,2026-05-01T08:12:00Z,0
APP-02037,debt_to_income,0.314,2026-05-03T00:17:00Z,2026-04-30T22:26:00Z,0
APP-02037,income,63972.0,2026-05-03T00:17:00Z,2026-05-01T00:16:00Z,0
APP-02037,months_employed,132.0,2026-05-03T00:17:00Z,2026-04-30T20:03:00Z,0
APP-02037,prior_delinquencies,1.0,2026-05-03T00:17:00Z,2026-05-01T02:51:00Z,0
APP-02038,credit_utilization,0.358,2026-05-03T01:30:00Z,2026-05-02T01:35:00Z,0
APP-02038,debt_to_income,0.227,2026-05-03T01:30:00Z,2026-04-30T13:35:00Z,0
APP-02038,income,34296.0,2026-05-03T01:30:00Z,2026-04-29T15:12:00Z,0
APP-02038,months_employed,190.0,2026-05-03T01:30:00Z,2026-04-19T20:54:00Z,0
APP-02038,prior_delinquencies,0.0,2026-05-03T01:30:00Z,2026-05-01T08:59:00Z,0
APP-02039,credit_utilization,0.395,2026-05-03T02:01:00Z,2026-05-02T14:50:00Z,0
APP-02039,debt_to_income,0.166,2026-05-03T02:01:00Z,2026-05-01T19:24:00Z,0
APP-02039,income,114702.0,2026-05-03T02:01:00Z,2026-04-28T08:10:00Z,0
APP-02039,months_employed,103.0,2026-05-03T02:01:00Z,2026-04-23T19:33:00Z,0
APP-02039,prior_delinquencies,0.0,2026-05-03T02:01:00Z,2026-04-30T19:49:00Z,0
APP-02040,credit_utilization,0.107,2026-05-03T04:16:00Z,2026-05-02T18:46:00Z,0
APP-02040,debt_to_income,0.131,2026-05-03T04:16:00Z,2026-05-01T02:00:00Z,0
APP-02040,income,57345.0,2026-05-03T04:16:00Z,2026-04-08T13:42:00Z,0
APP-02040,months_employed,202.0,2026-05-03T04:16:00Z,2026-05-01T02:14:00Z,0
APP-02040,prior_delinquencies,0.0,2026-05-03T04:16:00Z,2026-05-01T20:21:00Z,0
APP-02041,credit_utilization,0.443,2026-05-03T05:12:00Z,2026-05-01T20:22:00Z,0
APP-02041,debt_to_income,0.474,2026-05-03T05:12:00Z,2026-05-01T23:23:00Z,0
APP-02041,income,33030.0,2026-05-03T05:12:00Z,2026-04-09T18:47:00Z,0
APP-02041,months_employed,217.0,2026-05-03T05:12:00Z,2026-04-20T14:58:00Z,0
APP-02041,prior_delinquencies,0.0,2026-05-03T05:12:00Z,2026-04-30T17:22:00Z,0
APP-02042,credit_utilization,0.323,2026-05-03T07:20:00Z,2026-05-01T16:18:00Z,0
APP-02042,debt_to_income,0.44,2026-05-03T07:20:00Z,2026-05-01T18:59:00Z,0
APP-02042,income,45200.0,2026-05-03T07:20:00Z,2026-04-25T04:20:00Z,0
APP-02042,months_employed,231.0,2026-05-03T07:20:00Z,2026-05-02T05:45:00Z,0
APP-02042,prior_delinquencies,0.0,2026-05-03T07:20:00Z,2026-04-29T07:26:00Z,0
APP-02043,credit_utilization,0.686,2026-05-03T08:38:00Z,2026-05-02T09:02:00Z,0
APP-02043,debt_to_income,0.326,2026-05-03T08:38:00Z,2026-05-01T09:05:00Z,0
APP-02043,income,38060.0,2026-05-03T08:38:00Z,2026-04-05T00:32:00Z,0
APP-02043,months_employed,63.0,2026-05-03T08:38:00Z,2026-04-25T09:46:00Z,0
APP-02043,prior_delinquencies,0.0,2026-05-03T08:38:00Z,2026-05-02T19:51:00Z,0
APP-02044,credit_utilization,0.285,2026-05-03T10:51:00Z,2026-05-02T21:44:00Z,0
APP-02044,debt_to_income,0.294,2026-05-03T10:51:00Z,2026-04-30T22:38:00Z,0
APP-02044,income,43831.0,2026-05-03T10:51:00Z,2026-04-07T11:43:00Z,0
APP-02044,months_employed,144.0,2026-05-03T10:51:00Z,2026-04-25T08:03:00Z,0
APP-02044,prior_delinquencies,0.0,2026-05-03T10:51:00Z,2026-04-29T21:31:00Z,0
APP-02045,credit_utilization,0.483,2026-05-03T11:29:00Z,2026-05-01T23:13:00Z,0
APP-02045,debt_to_income,0.354,2026-05-03T11:29:00Z,2026-05-02T15:42:00Z,0
APP-02045,income,52802.0,2026-05-03T11:29:00Z,2026-04-08T02:16:00Z,0
APP-02045,months_employed,171.0,2026-05-03T11:29:00Z,2026-04-28T00:17:00Z,0
APP-02045,prior_delinquencies,1.0,2026-05-03T11:29:00Z,2026-05-01T09:49:00Z,0
APP-02046,credit_utilization,0.247,2026-05-03T12:05:00Z,2026-05-02T11:58:00Z,0
APP-02046,debt_to_income,0.475,2026-05-03T12:05:00Z,2026-05-02T18:35:00Z,0
APP-02046,income,46151.0,2026-05-03T12:05:00Z,2026-04-10T16:11:00Z,0
APP-02046,months_employed,211.0,2026-05-03T12:05:00Z,2026-04-25T05:07:00Z,0
APP-02046,prior_delinquencies,0.0,2026-05-03T12:05:00Z,2026-04-30T05:15:00Z,0
APP-02047,credit_utilization,0.371,2026-05-03T15:38:00Z,2026-05-02T01:35:00Z,0
APP-02047,debt_to_income,0.401,2026-05-03T15:38:00Z,2026-05-01T19:10:00Z,0
APP-02047,income,88286.0,2026-05-03T15:38:00Z,2026-04-30T03:23:00Z,0
APP-02047,months_employed,68.0,2026-05-03T15:38:00Z,2026-04-28T01:14:00Z,0
APP-02047,prior_delinquencies,1.0,2026-05-03T15:38:00Z,2026-04-30T07:52:00Z,0
APP-02048,credit_utilization,0.418,2026-05-03T16:33:00Z,2026-05-03T12:29:00Z,0
APP-02048,debt_to_income,0.227,2026-05-03T16:33:00Z,2026-05-03T10:51:00Z,0
APP-02048,income,52257.0,2026-05-03T16:33:00Z,2026-04-14T16:05:00Z,0
APP-02048,months_employed,31.0,2026-05-03T16:33:00Z,2026-04-27T03:21:00Z,0
APP-02048,prior_delinquencies,0.0,2026-05-03T16:33:00Z,2026-05-01T05:28:00Z,0
APP-02049,credit_utilization,0.326,2026-05-03T17:24:00Z,2026-05-03T03:00:00Z,0
APP-02049,debt_to_income,0.525,2026-05-03T17:24:00Z,2026-05-03T15:40:00Z,0
APP-02049,income,62359.0,2026-05-03T17:24:00Z,2026-04-05T12:12:00Z,0
APP-02049,months_employed,214.0,2026-05-03T17:24:00Z,2026-04-30T11:13:00Z,0
APP-02049,prior_delinquencies,0.0,2026-05-03T17:24:00Z,2026-05-01T21:04:00Z,0
APP-02050,credit_utilization,0.59,2026-05-03T20:47:00Z,2026-05-03T16:28:00Z,0
APP-02050,debt_to_income,0.301,2026-05-03T20:47:00Z,2026-05-02T16:14:00Z,0
APP-02050,income,50076.0,2026-05-03T20:47:00Z,2026-04-22T18:11:00Z,0
APP-02050,months_employed,118.0,2026-05-03T20:47:00Z,2026-05-02T19:43:00Z,0
APP-02050,prior_delinquencies,1.0,2026-05-03T20:47:00Z,2026-05-03T02:11:00Z,0
APP-02051,credit_utilization,0.155,2026-05-03T23:07:00Z,2026-05-02T20:34:00Z,0
APP-02051,debt_to_income,0.475,2026-05-03T23:07:00Z,2026-05-01T06:27:00Z,0
APP-02051,income,46220.0,2026-05-03T23:07:00Z,2026-04-10T17:27:00Z,0
APP-02051,months_employed,54.0,2026-05-03T23:07:00Z,2026-04-30T16:30:00Z,0
APP-02051,prior_delinquencies,2.0,2026-05-03T23:07:00Z,2026-04-30T15:22:00Z,0
APP-02052,credit_utilization,0.408,2026-05-03T23:32:00Z,2026-05-02T15:56:00Z,0
APP-02052,debt_to_income,0.14,2026-05-03T23:32:00Z,2026-05-02T23:52:00Z,0
APP-02052,income,110448.0,2026-05-03T23:32:00Z,2026-04-23T11:45:00Z,0
APP-02052,months_employed,162.0,2026-05-03T23:32:00Z,2026-04-25T23:21:00Z,0
APP-02052,prior_delinquencies,0.0,2026-05-03T23:32:00Z,2026-05-01T22:01:00Z,0
APP-02053,credit_utilization,0.747,2026-05-04T00:03:00Z,2026-05-03T03:02:00Z,1
APP-02053,debt_to_income,0.481,2026-05-04T00:03:00Z,2026-05-02T12:03:00Z,1
APP-02053,income,51162.0,2026-05-04T00:03:00Z,2026-05-02T21:59:00Z,1
APP-02053,months_employed,75.0,2026-05-04T00:03:00Z,2026-04-20T11:28:00Z,1
APP-02053,prior_delinquencies,0.0,2026-05-04T00:03:00Z,2026-04-30T16:18:00Z,1
APP-02054,credit_utilization,0.401,2026-05-04T05:09:00Z,2026-05-03T22:21:00Z,0
APP-02054,debt_to_income,0.344,2026-05-04T05:09:00Z,2026-05-01T20:48:00Z,0
APP-02054,income,43735.0,2026-05-04T05:09:00Z,2026-04-26T11:23:00Z,0
APP-02054,months_employed,176.0,2026-05-04T05:09:00Z,2026-05-01T06:26:00Z,0
APP-02054,prior_delinquencies,0.0,2026-05-04T05:09:00Z,2026-05-03T02:32:00Z,0
APP-02055,credit_utilization,0.081,2026-05-04T09:53:00Z,2026-05-04T03:29:00Z,0
APP-02055,debt_to_income,0.315,2026-05-04T09:53:00Z,2026-05-02T01:10:00Z,0
APP-02055,income,38251.0,2026-05-04T09:53:00Z,2026-04-20T12:36:00Z,0
APP-02055,months_employed,139.0,2026-05-04T09:53:00Z,2026-05-03T03:09:00Z,0
APP-02055,prior_delinquencies,0.0,2026-05-04T09:53:00Z,2026-05-03T15:21:00Z,0
APP-02056,credit_utilization,0.604,2026-05-04T11:13:00Z,2026-05-03T16:02:00Z,0
APP-02056,debt_to_income,0.525,2026-05-04T11:13:00Z,2026-05-02T01:29:00Z,0
APP-02056,income,46441.0,2026-05-04T11:13:00Z,2026-05-02T07:16:00Z,0
APP-02056,months_employed,239.0,2026-05-04T11:13:00Z,2026-04-21T09:31:00Z,0
APP-02056,prior_delinquencies,2.0,2026-05-04T11:13:00Z,2026-05-01T04:18:00Z,0
APP-02057,credit_utilization,0.516,2026-05-04T12:37:00Z,2026-05-04T05:56:00Z,0
APP-02057,debt_to_income,0.377,2026-05-04T12:37:00Z,2026-05-03T15:55:00Z,0
APP-02057,income,60480.0,2026-05-04T12:37:00Z,2026-04-06T01:37:00Z,0
APP-02057,months_employed,61.0,2026-05-04T12:37:00Z,2026-05-02T04:30:00Z,0
APP-02057,prior_delinquencies,0.0,2026-05-04T12:37:00Z,2026-05-03T20:18:00Z,0
APP-02058,credit_utilization,0.264,2026-05-04T13:10:00Z,2026-05-04T08:55:00Z,0
APP-02058,debt_to_income,0.404,2026-05-04T13:10:00Z,2026-05-01T18:27:00Z,0
APP-02058,income,55900.0,2026-05-04T13:10:00Z,2026-04-04T22:29:00Z,0
APP-02058,months_employed,207.0,2026-05-04T13:10:00Z,2026-04-24T05:23:00Z,0
APP-02058,prior_delinquencies,1.0,2026-05-04T13:10:00Z,2026-04-30T16:01:00Z,0
APP-02059,credit_utilization,0.363,2026-05-04T14:34:00Z,2026-05-03T00:09:00Z,0
APP-02059,debt_to_income,0.385,2026-05-04T14:34:00Z,2026-05-01T15:25:00Z,0
APP-02059,income,42822.0,2026-05-04T14:34:00Z,2026-04-18T18:19:00Z,0
APP-02059,months_employed,214.0,2026-05-04T14:34:00Z,2026-04-27T15:38:00Z,0
APP-02059,prior_delinquencies,0.0,2026-05-04T14:34:00Z,2026-05-02T08:44:00Z,0
APP-02060,credit_utilization,0.331,2026-05-04T15:41:00Z,2026-05-04T05:06:00Z,0
APP-02060,debt_to_income,0.138,2026-05-04T15:41:00Z,2026-05-03T05:56:00Z,0
APP-02060,income,56897.0,2026-05-04T15:41:00Z,2026-04-13T03:46:00Z,0
APP-02060,months_employed,116.0,2026-05-04T15:41:00Z,2026-04-25T10:26:00Z,0
APP-02060,prior_delinquencies,0.0,2026-05-04T15:41:00Z,2026-05-03T00:37:00Z,0
APP-02061,credit_utilization,0.698,2026-05-04T16:23:00Z,2026-05-03T05:37:00Z,1
APP-02061,debt_to_income,0.577,2026-05-04T16:23:00Z,2026-05-01T16:40:00Z,1
APP-02061,income,50553.0,2026-05-04T16:23:00Z,2026-04-13T18:39:00Z,1
APP-02061,months_employed,136.0,2026-05-04T16:23:00Z,2026-04-27T12:36:00Z,1
APP-02061,prior_delinquencies,1.0,2026-05-04T16:23:00Z,2026-05-02T10:49:00Z,1
APP-02062,credit_utilization,0.0,2026-05-04T20:11:00Z,2026-05-03T12:03:00Z,0
APP-02062,debt_to_income,0.152,2026-05-04T20:11:00Z,2026-05-04T10:49:00Z,0
APP-02062,income,95547.0,2026-05-04T20:11:00Z,2026-04-18T09:32:00Z,0
APP-02062,months_employed,83.0,2026-05-04T20:11:00Z,2026-04-29T23:08:00Z,0
APP-02062,prior_delinquencies,0.0,2026-05-04T20:11:00Z,2026-05-03T16:49:00Z,0
APP-02063,credit_utilization,0.074,2026-05-04T20:50:00Z,2026-05-04T15:33:00Z,0
APP-02063,debt_to_income,0.389,2026-05-04T20:50:00Z,2026-05-04T10:20:00Z,0
APP-02063,income,61367.0,2026-05-04T20:50:00Z,2026-04-29T23:02:00Z,0
APP-02063,months_employed,115.0,2026-05-04T20:50:00Z,2026-04-27T11:22:00Z,0
APP-02063,prior_delinquencies,0.0,2026-05-04T20:50:00Z,2026-05-04T00:32:00Z,0
APP-02064,credit_utilization,0.534,2026-05-04T21:19:00Z,2026-05-03T17:36:00Z,0
APP-02064,debt_to_income,0.212,2026-05-04T21:19:00Z,2026-05-02T18:55:00Z,0
APP-02064,income,35875.0,2026-05-04T21:19:00Z,2026-04-30T05:01:00Z,0
APP-02064,months_employed,183.0,2026-05-04T21:19:00Z,2026-05-03T17:42:00Z,0
APP-02064,prior_delinquencies,0.0,2026-05-04T21:19:00Z,2026-05-02T08:43:00Z,0
APP-02065,credit_utilization,0.333,2026-05-04T23:16:00Z,2026-05-04T08:37:00Z,0
APP-02065,debt_to_income,0.532,2026-05-04T23:16:00Z,2026-05-04T11:33:00Z,0
APP-02065,income,26569.0,2026-05-04T23:16:00Z,2026-04-09T15:59:00Z,0
APP-02065,months_employed,128.0,2026-05-04T23:16:00Z,2026-05-02T07:00:00Z,0
APP-02065,prior_delinquencies,0.0,2026-05-04T23:16:00Z,2026-05-04T11:56:00Z,0
APP-02066,credit_utilization,0.565,2026-05-04T23:26:00Z,2026-05-04T02:31:00Z,0
APP-02066,debt_to_income,0.426,2026-05-04T23:26:00Z,2026-05-04T04:39:00Z,0
APP-02066,income,32226.0,2026-05-04T23:26:00Z,2026-04-24T22:17:00Z,0
APP-02066,months_employed,3.0,2026-05-04T23:26:00Z,2026-05-01T19:29:00Z,0
APP-02066,prior_delinquencies,1.0,2026-05-04T23:26:00Z,2026-05-04T15:09:00Z,0
APP-02067,credit_utilization,0.279,2026-05-05T01:18:00Z,2026-05-03T10:20:00Z,0
APP-02067,debt_to_income,0.195,2026-05-05T01:18:00Z,2026-05-03T13:59:00Z,0
APP-02067,income,61732.0,2026-05-05T01:18:00Z,2026-04-30T04:46:00Z,0
APP-02067,months_employed,234.0,2026-05-05T01:18:00Z,2026-04-22T17:51:00Z,0
APP-02067,prior_delinquencies,0.0,2026-05-05T01:18:00Z,2026-05-04T11:43:00Z,0
APP-02068,credit_utilization,0.281,2026-05-05T01:20:00Z,2026-05-03T18:37:00Z,0
APP-02068,debt_to_income,0.43,2026-05-05T01:20:00Z,2026-05-02T03:35:00Z,0
APP-02068,income,70104.0,2026-05-05T01:20:00Z,2026-05-03T00:25:00Z,0
APP-02068,months_employed,157.0,2026-05-05T01:20:00Z,2026-04-27T09:29:00Z,0
APP-02068,prior_delinquencies,1.0,2026-05-05T01:20:00Z,2026-05-02T19:02:00Z,0
APP-02069,credit_utilization,0.197,2026-05-05T02:04:00Z,2026-05-04T08:52:00Z,0
APP-02069,debt_to_income,0.252,2026-05-05T02:04:00Z,2026-05-03T19:57:00Z,0
APP-02069,income,53915.0,2026-05-05T02:04:00Z,2026-05-01T06:18:00Z,0
APP-02069,months_employed,17.0,2026-05-05T02:04:00Z,2026-04-29T12:30:00Z,0
APP-02069,prior_delinquencies,0.0,2026-05-05T02:04:00Z,2026-05-01T21:37:00Z,0
APP-02070,credit_utilization,0.0,2026-05-05T02:21:00Z,2026-05-04T01:07:00Z,0
APP-02070,debt_to_income,0.324,2026-05-05T02:21:00Z,2026-05-04T23:20:00Z,0
APP-02070,income,88557.0,2026-05-05T02:21:00Z,2026-04-24T18:49:00Z,0
APP-02070,months_employed,7.0,2026-05-05T02:21:00Z,2026-04-29T05:36:00Z,0
APP-02070,prior_delinquencies,0.0,2026-05-05T02:21:00Z,2026-05-04T06:35:00Z,0
APP-02071,credit_utilization,0.518,2026-05-05T02:30:00Z,2026-05-04T21:33:00Z,0
APP-02071,debt_to_income,0.414,2026-05-05T02:30:00Z,2026-05-02T03:12:00Z,0
APP-02071,income,43480.0,2026-05-05T02:30:00Z,2026-04-14T01:04:00Z,0
APP-02071,months_employed,108.0,2026-05-05T02:30:00Z,2026-04-22T03:36:00Z,0
APP-02071,prior_delinquencies,0.0,2026-05-05T02:30:00Z,2026-05-01T21:24:00Z,0
APP-02072,credit_utilization,0.293,2026-05-05T03:21:00Z,2026-05-04T09:03:00Z,0
APP-02072,debt_to_income,0.351,2026-05-05T03:21:00Z,2026-05-03T03:43:00Z,0
APP-02072,income,27840.0,2026-05-05T03:21:00Z,2026-04-20T23:46:00Z,0
APP-02072,months_employed,160.0,2026-05-05T03:21:00Z,2026-04-27T09:21:00Z,0
APP-02072,prior_delinquencies,0.0,2026-05-05T03:21:00Z,2026-05-02T06:17:00Z,0
APP-02073,credit_utilization,0.4,2026-05-05T03:57:00Z,2026-05-04T17:58:00Z,0
APP-02073,debt_to_income,0.577,2026-05-05T03:57:00Z,2026-05-04T18:18:00Z,0
APP-02073,income,44032.0,2026-05-05T03:57:00Z,2026-04-11T11:47:00Z,0
APP-02073,months_employed,126.0,2026-05-05T03:57:00Z,2026-04-21T21:52:00Z,0
APP-02073,prior_delinquencies,0.0,2026-05-05T03:57:00Z,2026-05-02T05:13:00Z,0
APP-02074,credit_utilization,0.0,2026-05-05T04:52:00Z,2026-05-03T19:43:00Z,0
APP-02074,debt_to_income,0.218,2026-05-05T04:52:00Z,2026-05-03T12:06:00Z,0
APP-02074,income,111237.0,2026-05-05T04:52:00Z,2026-04-06T21:31:00Z,0
APP-02074,months_employed,106.0,2026-05-05T04:52:00Z,2026-04-26T02:18:00Z,0
APP-02074,prior_delinquencies,0.0,2026-05-05T04:52:00Z,2026-05-02T03:50:00Z,0
APP-02075,credit_utilization,0.509,2026-05-05T06:49:00Z,2026-05-04T16:02:00Z,0
APP-02075,debt_to_income,0.542,2026-05-05T06:49:00Z,2026-05-03T12:32:00Z,0
APP-02075,income,51743.0,2026-05-05T06:49:00Z,2026-04-21T07:37:00Z,0
APP-02075,months_employed,68.0,2026-05-05T06:49:00Z,2026-04-23T12:50:00Z,0
APP-02075,prior_delinquencies,1.0,2026-05-05T06:49:00Z,2026-05-03T15:43:00Z,0
APP-02076,credit_utilization,0.342,2026-05-05T10:01:00Z,2026-05-04T01:35:00Z,0
APP-02076,debt_to_income,0.44,2026-05-05T10:01:00Z,2026-05-04T19:18:00Z,0
APP-02076,income,43178.0,2026-05-05T10:01:00Z,2026-04-07T19:01:00Z,0
APP-02076,months_employed,149.0,2026-05-05T10:01:00Z,2026-05-02T01:18:00Z,0
APP-02076,prior_delinquencies,0.0,2026-05-05T10:01:00Z,2026-05-04T13:07:00Z,0
APP-02077,credit_utilization,0.141,2026-05-05T11:23:00Z,2026-05-04T14:04:00Z,0
APP-02077,debt_to_income,0.13,2026-05-05T11:23:00Z,2026-05-04T07:38:00Z,0
APP-02077,income,21432.0,2026-05-05T11:23:00Z,2026-04-22T03:59:00Z,0
APP-02077,months_employed,96.0,2026-05-05T11:23:00Z,2026-04-29T12:57:00Z,0
APP-02077,prior_delinquencies,2.0,2026-05-05T11:23:00Z,2026-05-01T12:56:00Z,0
APP-02078,credit_utilization,0.549,2026-05-05T11:33:00Z,2026-05-05T00:58:00Z,0
APP-02078,debt_to_income,0.226,2026-05-05T11:33:00Z,2026-05-05T05:46:00Z,0
APP-02078,income,73231.0,2026-05-05T11:33:00Z,2026-04-29T01:57:00Z,0
APP-02078,months_employed,130.0,2026-05-05T11:33:00Z,2026-05-02T07:15:00Z,0
APP-02078,prior_delinquencies,0.0,2026-05-05T11:33:00Z,2026-05-02T10:14:00Z,0
APP-02079,credit_utilization,0.359,2026-05-05T12:03:00Z,2026-05-05T03:50:00Z,0
APP-02079,debt_to_income,0.419,2026-05-05T12:03:00Z,2026-05-02T16:32:00Z,0
APP-02079,income,23509.0,2026-05-05T12:03:00Z,2026-04-13T00:53:00Z,0
APP-02079,months_employed,82.0,2026-05-05T12:03:00Z,2026-04-24T21:11:00Z,0
APP-02079,prior_delinquencies,2.0,2026-05-05T12:03:00Z,2026-05-01T23:33:00Z,0
APP-02080,credit_utilization,0.137,2026-05-05T12:48:00Z,2026-05-05T09:35:00Z,0
APP-02080,debt_to_income,0.309,2026-05-05T12:48:00Z,2026-05-04T15:26:00Z,0
APP-02080,income,42704.0,2026-05-05T12:48:00Z,2026-05-03T08:19:00Z,0
APP-02080,months_employed,142.0,2026-05-05T12:48:00Z,2026-04-27T17:42:00Z,0
APP-02080,prior_delinquencies,0.0,2026-05-05T12:48:00Z,2026-05-02T07:17:00Z,0
APP-02081,credit_utilization,0.338,2026-05-05T13:45:00Z,2026-05-05T00:34:00Z,0
APP-02081,debt_to_income,0.357,2026-05-05T13:45:00Z,2026-05-03T21:54:00Z,0
APP-02081,income,56083.0,2026-05-05T13:45:00Z,2026-04-26T15:38:00Z,0
APP-02081,months_employed,233.0,2026-05-05T13:45:00Z,2026-05-02T22:02:00Z,0
APP-02081,prior_delinquencies,0.0,2026-05-05T13:45:00Z,2026-05-02T00:37:00Z,0
APP-02082,credit_utilization,0.339,2026-05-05T16:03:00Z,2026-05-04T07:59:00Z,0
APP-02082,debt_to_income,0.282,2026-05-05T16:03:00Z,2026-05-05T02:20:00Z,0
APP-02082,income,69255.0,2026-05-05T16:03:00Z,2026-05-02T06:37:00Z,0
APP-02082,months_employed,50.0,2026-05-05T16:03:00Z,2026-04-30T18:13:00Z,0
APP-02082,prior_delinquencies,0.0,2026-05-05T16:03:00Z,2026-05-04T03:23:00Z,0
APP-02083,credit_utilization,0.662,2026-05-05T17:58:00Z,2026-05-05T02:52:00Z,0
APP-02083,debt_to_income,0.232,2026-05-05T17:58:00Z,2026-05-05T09:14:00Z,0
APP-02083,income,48578.0,2026-05-05T17:58:00Z,2026-04-24T03:41:00Z,0
APP-02083,months_employed,107.0,2026-05-05T17:58:00Z,2026-04-23T16:47:00Z,0
APP-02083,prior_delinquencies,1.0,2026-05-05T17:58:00Z,2026-05-03T16:23:00Z,0
APP-02084,credit_utilization,0.592,2026-05-05T19:13:00Z,2026-05-03T20:01:00Z,0
APP-02084,debt_to_income,0.453,2026-05-05T19:13:00Z,2026-05-05T01:09:00Z,0
APP-02084,income,60638.0,2026-05-05T19:13:00Z,2026-04-18T15:07:00Z,0
APP-02084,months_employed,164.0,2026-05-05T19:13:00Z,2026-04-22T04:49:00Z,0
APP-02084,prior_delinquencies,0.0,2026-05-05T19:13:00Z,2026-05-03T20:46:00Z,0
APP-02085,credit_utilization,0.351,2026-05-05T19:41:00Z,2026-05-05T13:14:00Z,0
APP-02085,debt_to_income,0.258,2026-05-05T19:41:00Z,2026-05-05T16:06:00Z,0
APP-02085,income,65155.0,2026-05-05T19:41:00Z,2026-04-19T14:31:00Z,0
APP-02085,months_employed,113.0,2026-05-05T19:41:00Z,2026-05-02T04:27:00Z,0
APP-02085,prior_delinquencies,3.0,2026-05-05T19:41:00Z,2026-05-05T09:25:00Z,0
APP-02086,credit_utilization,0.36,2026-05-05T20:29:00Z,2026-05-03T21:27:00Z,0
APP-02086,debt_to_income,0.434,2026-05-05T20:29:00Z,2026-05-05T12:58:00Z,0
APP-02086,income,33763.0,2026-05-05T20:29:00Z,2026-04-16T19:00:00Z,0
APP-02086,months_employed,134.0,2026-05-05T20:29:00Z,2026-04-27T19:44:00Z,0
APP-02086,prior_delinquencies,0.0,2026-05-05T20:29:00Z,2026-05-03T21:03:00Z,0
APP-02087,credit_utilization,0.377,2026-05-05T22:52:00Z,2026-05-04T22:23:00Z,0
APP-02087,debt_to_income,0.272,2026-05-05T22:52:00Z,2026-05-03T17:05:00Z,0
APP-02087,income,58502.0,2026-05-05T22:52:00Z,2026-05-01T00:52:00Z,0
APP-02087,months_employed,167.0,2026-05-05T22:52:00Z,2026-04-30T09:53:00Z,0
APP-02087,prior_delinquencies,0.0,2026-05-05T22:52:00Z,2026-05-05T03:17:00Z,0
APP-02088,credit_utilization,0.009,2026-05-05T23:02:00Z,2026-05-04T05:11:00Z,0
APP-02088,debt_to_income,0.243,2026-05-05T23:02:00Z,2026-05-03T06:59:00Z,0
APP-02088,income,45795.0,2026-05-05T23:02:00Z,2026-04-17T20:46:00Z,0
APP-02088,months_employed,175.0,2026-05-05T23:02:00Z,2026-04-30T21:24:00Z,0
APP-02088,prior_delinquencies,0.0,2026-05-05T23:02:00Z,2026-05-05T03:39:00Z,0
APP-02089,credit_utilization,0.0,2026-05-06T00:28:00Z,2026-05-05T12:48:00Z,0
APP-02089,debt_to_income,0.165,2026-05-06T00:28:00Z,2026-05-05T04:14:00Z,0
APP-02089,income,78675.0,2026-05-06T00:28:00Z,2026-05-01T12:55:00Z,0
APP-02089,months_employed,147.0,2026-05-06T00:28:00Z,2026-04-23T09:25:00Z,0
APP-02089,prior_delinquencies,0.0,2026-05-06T00:28:00Z,2026-05-05T13:01:00Z,0
APP-02090,credit_utilization,0.208,2026-05-06T04:49:00Z,2026-05-04T23:13:00Z,0
APP-02090,debt_to_income,0.413,2026-05-06T04:49:00Z,2026-05-04T17:57:00Z,0
APP-02090,income,43308.0,2026-05-06T04:49:00Z,2026-04-10T15:27:00Z,0
APP-02090,months_employed,82.0,2026-05-06T04:49:00Z,2026-04-24T20:55:00Z,0
APP-02090,prior_delinquencies,0.0,2026-05-06T04:49:00Z,2026-05-05T16:20:00Z,0
APP-02091,credit_utilization,0.63,2026-05-06T05:23:00Z,2026-05-04T14:25:00Z,0
APP-02091,debt_to_income,0.395,2026-05-06T05:23:00Z,2026-05-03T23:38:00Z,0
APP-02091,income,47630.0,2026-05-06T05:23:00Z,2026-04-23T23:39:00Z,0
APP-02091,months_employed,15.0,2026-05-06T05:23:00Z,2026-04-27T03:36:00Z,0
APP-02091,prior_delinquencies,1.0,2026-05-06T05:23:00Z,2026-05-05T14:06:00Z,0
APP-02092,credit_utilization,0.298,2026-05-06T05:30:00Z,2026-05-04T17:54:00Z,0
APP-02092,debt_to_income,0.276,2026-05-06T05:30:00Z,2026-05-04T03:04:00Z,0
APP-02092,income,54342.0,2026-05-06T05:30:00Z,2026-05-04T17:52:00Z,0
APP-02092,months_employed,208.0,2026-05-06T05:30:00Z,2026-04-25T01:08:00Z,0
APP-02092,prior_delinquencies,0.0,2026-05-06T05:30:00Z,2026-05-04T18:19:00Z,0
APP-02093,credit_utilization,0.124,2026-05-06T05:41:00Z,2026-05-04T23:08:00Z,0
APP-02093,debt_to_income,0.383,2026-05-06T05:41:00Z,2026-05-05T15:10:00Z,0
APP-02093,income,39900.0,2026-05-06T05:41:00Z,2026-04-27T01:33:00Z,0
APP-02093,months_employed,213.0,2026-05-06T05:41:00Z,2026-05-04T17:34:00Z,0
APP-02093,prior_delinquencies,0.0,2026-05-06T05:41:00Z,2026-05-04T13:55:00Z,0
APP-02094,credit_utilization,0.362,2026-05-06T07:08:00Z,2026-05-05T10:17:00Z,0
APP-02094,debt_to_income,0.482,2026-05-06T07:08:00Z,2026-05-03T12:13:00Z,0
APP-02094,income,23622.0,2026-05-06T07:08:00Z,2026-04-18T05:51:00Z,0
APP-02094,months_employed,15.0,2026-05-06T07:08:00Z,2026-04-24T18:05:00Z,0
APP-02094,prior_delinquencies,0.0,2026-05-06T07:08:00Z,2026-05-04T21:48:00Z,0
APP-02095,credit_utilization,0.435,2026-05-06T07:59:00Z,2026-05-05T22:06:00Z,0
APP-02095,debt_to_income,0.428,2026-05-06T07:59:00Z,2026-05-06T03:43:00Z,0
APP-02095,income,57895.0,2026-05-06T07:59:00Z,2026-04-24T04:18:00Z,0
APP-02095,months_employed,217.0,2026-05-06T07:59:00Z,2026-04-26T20:41:00Z,0
APP-02095,prior_delinquencies,0.0,2026-05-06T07:59:00Z,2026-05-04T14:54:00Z,0
APP-02096,credit_utilization,0.188,2026-05-06T08:27:00Z,2026-05-04T13:07:00Z,0
APP-02096,debt_to_income,0.038,2026-05-06T08:27:00Z,2026-05-05T00:38:00Z,0
APP-02096,income,67901.0,2026-05-06T08:27:00Z,2026-04-08T09:11:00Z,0
APP-02096,months_employed,110.0,2026-05-06T08:27:00Z,2026-04-30T04:55:00Z,0
APP-02096,prior_delinquencies,0.0,2026-05-06T08:27:00Z,2026-05-02T12:31:00Z,0
APP-02097,credit_utilization,0.123,2026-05-06T08:56:00Z,2026-05-05T14:58:00Z,0
APP-02097,debt_to_income,0.239,2026-05-06T08:56:00Z,2026-05-05T04:54:00Z,0
APP-02097,income,51234.0,2026-05-06T08:56:00Z,2026-04-10T14:32:00Z,0
APP-02097,months_employed,192.0,2026-05-06T08:56:00Z,2026-04-23T17:02:00Z,0
APP-02097,prior_delinquencies,0.0,2026-05-06T08:56:00Z,2026-05-02T14:45:00Z,0
APP-02098,credit_utilization,0.308,2026-05-06T11:49:00Z,2026-05-04T20:58:00Z,0
APP-02098,debt_to_income,0.238,2026-05-06T11:49:00Z,2026-05-03T23:40:00Z,0
APP-02098,income,76253.0,2026-05-06T11:49:00Z,2026-04-23T11:00:00Z,0
APP-02098,months_employed,201.0,2026-05-06T11:49:00Z,2026-04-23T05:26:00Z,0
APP-02098,prior_delinquencies,0.0,2026-05-06T11:49:00Z,2026-05-04T06:49:00Z,0
APP-02099,credit_utilization,0.635,2026-05-06T13:06:00Z,2026-05-05T05:02:00Z,0
APP-02099,debt_to_income,0.352,2026-05-06T13:06:00Z,2026-05-04T11:33:00Z,0
APP-02099,income,70160.0,2026-05-06T13:06:00Z,2026-04-23T11:11:00Z,0
APP-02099,months_employed,32.0,2026-05-06T13:06:00Z,2026-05-03T09:19:00Z,0
APP-02099,prior_delinquencies,0.0,2026-05-06T13:06:00Z,2026-05-06T07:07:00Z,0
APP-02100,credit_utilization,0.694,2026-05-06T13:32:00Z,2026-05-05T02:22:00Z,0
APP-02100,debt_to_income,0.465,2026-05-06T13:32:00Z,2026-05-04T00:31:00Z,0
APP-02100,income,38285.0,2026-05-06T13:32:00Z,2026-04-20T15:59:00Z,0
APP-02100,months_employed,24.0,2026-05-06T13:32:00Z,2026-05-01T10:46:00Z,0
APP-02100,prior_delinquencies,1.0,2026-05-06T13:32:00Z,2026-05-05T15:13:00Z,0
APP-02101,credit_utilization,0.664,2026-05-06T16:15:00Z,2026-05-06T12:07:00Z,1
APP-02101,debt_to_income,0.54,2026-05-06T16:15:00Z,2026-05-04T04:23:00Z,1
APP-02101,income,39310.0,2026-05-06T16:15:00Z,2026-04-15T05:33:00Z,1
APP-02101,months_employed,222.0,2026-05-06T16:15:00Z,2026-04-28T11:49:00Z,1
APP-02101,prior_delinquencies,0.0,2026-05-06T16:15:00Z,2026-05-03T23:49:00Z,1
APP-02102,credit_utilization,0.473,2026-05-06T20:17:00Z,2026-05-05T21:57:00Z,0
APP-02102,debt_to_income,0.298,2026-05-06T20:17:00Z,2026-05-04T11:33:00Z,0
APP-02102,income,55849.0,2026-05-06T20:17:00Z,2026-05-05T18:57:00Z,0
APP-02102,months_employed,52.0,2026-05-06T20:17:00Z,2026-04-23T10:42:00Z,0
APP-02102,prior_delinquencies,0.0,2026-05-06T20:17:00Z,2026-05-06T04:52:00Z,0
APP-02103,credit_utilization,0.258,2026-05-06T23:47:00Z,2026-05-06T12:39:00Z,0
APP-02103,debt_to_income,0.417,2026-05-06T23:47:00Z,2026-05-06T18:10:00Z,0
APP-02103,income,74394.0,2026-05-06T23:47:00Z,2026-04-25T20:51:00Z,0
APP-02103,months_employed,97.0,2026-05-06T23:47:00Z,2026-04-30T23:51:00Z,0
APP-02103,prior_delinquencies,0.0,2026-05-06T23:47:00Z,2026-05-03T20:53:00Z,0
APP-02104,credit_utilization,0.465,2026-05-07T02:40:00Z,2026-05-05T17:50:00Z,0
APP-02104,debt_to_income,0.391,2026-05-07T02:40:00Z,2026-05-05T18:51:00Z,0
APP-02104,income,53156.0,2026-05-07T02:40:00Z,2026-04-08T18:14:00Z,0
APP-02104,months_employed,124.0,2026-05-07T02:40:00Z,2026-04-29T21:17:00Z,0
APP-02104,prior_delinquencies,1.0,2026-05-07T02:40:00Z,2026-05-05T14:32:00Z,0
APP-02105,credit_utilization,0.216,2026-05-07T04:24:00Z,2026-05-05T04:38:00Z,0
APP-02105,debt_to_income,0.26,2026-05-07T04:24:00Z,2026-05-04T05:28:00Z,0
APP-02105,income,57251.0,2026-05-07T04:24:00Z,2026-04-22T16:38:00Z,0
APP-02105,months_employed,127.0,2026-05-07T04:24:00Z,2026-05-05T20:46:00Z,0
APP-02105,prior_delinquencies,0.0,2026-05-07T04:24:00Z,2026-05-03T18:25:00Z,0
APP-02106,credit_utilization,0.414,2026-05-07T05:13:00Z,2026-05-05T12:21:00Z,0
APP-02106,debt_to_income,0.35,2026-05-07T05:13:00Z,2026-05-06T08:50:00Z,0
APP-02106,income,35398.0,2026-05-07T05:13:00Z,2026-04-17T18:53:00Z,0
APP-02106,months_employed,214.0,2026-05-07T05:13:00Z,2026-05-03T14:07:00Z,0
APP-02106,prior_delinquencies,0.0,2026-05-07T05:13:00Z,2026-05-05T16:45:00Z,0
APP-02107,credit_utilization,0.445,2026-05-07T05:15:00Z,2026-05-06T17:17:00Z,0
APP-02107,debt_to_income,0.188,2026-05-07T05:15:00Z,2026-05-06T22:17:00Z,0
APP-02107,income,69704.0,2026-05-07T05:15:00Z,2026-04-30T17:08:00Z,0
APP-02107,months_employed,84.0,2026-05-07T05:15:00Z,2026-04-29T23:08:00Z,0
APP-02107,prior_delinquencies,0.0,2026-05-07T05:15:00Z,2026-05-04T16:29:00Z,0
APP-02108,credit_utilization,0.486,2026-05-07T08:14:00Z,2026-05-06T06:59:00Z,0
APP-02108,debt_to_income,0.459,2026-05-07T08:14:00Z,2026-05-04T17:56:00Z,0
APP-02108,income,39132.0,2026-05-07T08:14:00Z,2026-05-04T18:21:00Z,0
APP-02108,months_employed,103.0,2026-05-07T08:14:00Z,2026-05-04T10:43:00Z,0
APP-02108,prior_delinquencies,0.0,2026-05-07T08:14:00Z,2026-05-04T21:53:00Z,0
APP-02109,credit_utilization,0.425,2026-05-07T08:27:00Z,2026-05-06T01:31:00Z,0
APP-02109,debt_to_income,0.337,2026-05-07T08:27:00Z,2026-05-05T23:50:00Z,0
APP-02109,income,23944.0,2026-05-07T08:27:00Z,2026-04-17T12:50:00Z,0
APP-02109,months_employed,61.0,2026-05-07T08:27:00Z,2026-05-03T16:49:00Z,0
APP-02109,prior_delinquencies,1.0,2026-05-07T08:27:00Z,2026-05-06T20:43:00Z,0
APP-02110,credit_utilization,0.605,2026-05-07T08:30:00Z,2026-05-07T01:27:00Z,1
APP-02110,debt_to_income,0.352,2026-05-07T08:30:00Z,2026-05-06T09:29:00Z,1
APP-02110,income,51206.0,2026-05-07T08:30:00Z,2026-04-21T07:17:00Z,1
APP-02110,months_employed,86.0,2026-05-07T08:30:00Z,2026-04-30T22:03:00Z,1
APP-02110,prior_delinquencies,0.0,2026-05-07T08:30:00Z,2026-05-07T05:11:00Z,1
APP-02111,credit_utilization,0.588,2026-05-07T08:59:00Z,2026-05-05T18:23:00Z,0
APP-02111,debt_to_income,0.197,2026-05-07T08:59:00Z,2026-05-06T12:27:00Z,0
APP-02111,income,52823.0,2026-05-07T08:59:00Z,2026-04-16T05:00:00Z,0
APP-02111,months_employed,57.0,2026-05-07T08:59:00Z,2026-04-26T20:05:00Z,0
APP-02111,prior_delinquencies,1.0,2026-05-07T08:59:00Z,2026-05-07T03:58:00Z,0
APP-02112,credit_utilization,0.59,2026-05-07T11:40:00Z,2026-05-06T22:24:00Z,0
APP-02112,debt_to_income,0.374,2026-05-07T11:40:00Z,2026-05-06T06:04:00Z,0
APP-02112,income,24908.0,2026-05-07T11:40:00Z,2026-04-08T07:41:00Z,0
APP-02112,months_employed,32.0,2026-05-07T11:40:00Z,2026-04-25T02:57:00Z,0
APP-02112,prior_delinquencies,0.0,2026-05-07T11:40:00Z,2026-05-04T00:19:00Z,0
APP-02113,credit_utilization,0.402,2026-05-07T12:07:00Z,2026-05-06T17:17:00Z,0
APP-02113,debt_to_income,0.414,2026-05-07T12:07:00Z,2026-05-06T06:45:00Z,0
APP-02113,income,24532.0,2026-05-07T12:07:00Z,2026-04-16T21:36:00Z,0
APP-02113,months_employed,66.0,2026-05-07T12:07:00Z,2026-04-29T20:11:00Z,0
APP-02113,prior_delinquencies,0.0,2026-05-07T12:07:00Z,2026-05-05T12:47:00Z,0
APP-02114,credit_utilization,0.188,2026-05-07T13:04:00Z,2026-05-06T10:23:00Z,0
APP-02114,debt_to_income,0.297,2026-05-07T13:04:00Z,2026-05-05T17:06:00Z,0
APP-02114,income,73983.0,2026-05-07T13:04:00Z,2026-04-18T14:31:00Z,0
APP-02114,months_employed,28.0,2026-05-07T13:04:00Z,2026-05-01T07:39:00Z,0
APP-02114,prior_delinquencies,0.0,2026-05-07T13:04:00Z,2026-05-03T20:51:00Z,0
APP-02115,credit_utilization,0.425,2026-05-07T13:31:00Z,2026-05-06T00:09:00Z,0
APP-02115,debt_to_income,0.353,2026-05-07T13:31:00Z,2026-05-04T14:02:00Z,0
APP-02115,income,43515.0,2026-05-07T13:31:00Z,2026-04-29T08:13:00Z,0
APP-02115,months_employed,30.0,2026-05-07T13:31:00Z,2026-04-26T16:29:00Z,0
APP-02115,prior_delinquencies,0.0,2026-05-07T13:31:00Z,2026-05-04T13:08:00Z,0
APP-02116,credit_utilization,0.518,2026-05-07T14:54:00Z,2026-05-06T19:26:00Z,0
APP-02116,debt_to_income,0.347,2026-05-07T14:54:00Z,2026-05-05T04:10:00Z,0
APP-02116,income,52459.0,2026-05-07T14:54:00Z,2026-05-04T07:44:00Z,0
APP-02116,months_employed,45.0,2026-05-07T14:54:00Z,2026-04-25T07:25:00Z,0
APP-02116,prior_delinquencies,1.0,2026-05-07T14:54:00Z,2026-05-07T03:01:00Z,0
APP-02117,credit_utilization,0.722,2026-05-07T15:10:00Z,2026-05-06T13:56:00Z,0
APP-02117,debt_to_income,0.53,2026-05-07T15:10:00Z,2026-05-05T02:37:00Z,0
APP-02117,income,25180.0,2026-05-07T15:10:00Z,2026-04-28T01:32:00Z,0
APP-02117,months_employed,11.0,2026-05-07T15:10:00Z,2026-04-26T00:38:00Z,0
APP-02117,prior_delinquencies,3.0,2026-05-07T15:10:00Z,2026-05-05T22:33:00Z,0
APP-02118,credit_utilization,0.309,2026-05-07T16:40:00Z,2026-05-07T06:57:00Z,1
APP-02118,debt_to_income,0.398,2026-05-07T16:40:00Z,2026-05-05T22:33:00Z,1
APP-02118,income,23237.0,2026-05-07T16:40:00Z,2026-04-21T21:54:00Z,1
APP-02118,months_employed,90.0,2026-05-07T16:40:00Z,2026-04-28T20:18:00Z,1
APP-02118,prior_delinquencies,0.0,2026-05-07T16:40:00Z,2026-05-04T17:21:00Z,1
APP-02119,credit_utilization,0.575,2026-05-07T18:57:00Z,2026-05-07T14:17:00Z,0
APP-02119,debt_to_income,0.308,2026-05-07T18:57:00Z,2026-05-05T12:18:00Z,0
APP-02119,income,38306.0,2026-05-07T18:57:00Z,2026-05-05T06:28:00Z,0
APP-02119,months_employed,0.0,2026-05-07T18:57:00Z,2026-04-27T00:44:00Z,0
APP-02119,prior_delinquencies,0.0,2026-05-07T18:57:00Z,2026-05-05T22:51:00Z,0
APP-02120,credit_utilization,0.693,2026-05-07T19:29:00Z,2026-05-06T17:15:00Z,1
APP-02120,debt_to_income,0.611,2026-05-07T19:29:00Z,2026-05-05T10:54:00Z,1
APP-02120,income,45166.0,2026-05-07T19:29:00Z,2026-04-28T19:36:00Z,1
APP-02120,months_employed,186.0,2026-05-07T19:29:00Z,2026-04-29T18:11:00Z,1
APP-02120,prior_delinquencies,3.0,2026-05-07T19:29:00Z,2026-05-05T14:55:00Z,1
APP-02121,credit_utilization,0.276,2026-05-07T22:42:00Z,2026-05-06T19:21:00Z,0
APP-02121,debt_to_income,0.169,2026-05-07T22:42:00Z,2026-05-06T04:36:00Z,0
APP-02121,income,40857.0,2026-05-07T22:42:00Z,2026-04-22T16:15:00Z,0
APP-02121,months_employed,171.0,2026-05-07T22:42:00Z,2026-05-01T14:54:00Z,0
APP-02121,prior_delinquencies,1.0,2026-05-07T22:42:00Z,2026-05-06T06:23:00Z,0
APP-02122,credit_utilization,0.574,2026-05-08T02:04:00Z,2026-05-07T22:27:00Z,0
APP-02122,debt_to_income,0.316,2026-05-08T02:04:00Z,2026-05-05T22:35:00Z,0
APP-02122,income,37801.0,2026-05-08T02:04:00Z,2026-04-19T16:13:00Z,0
APP-02122,months_employed,216.0,2026-05-08T02:04:00Z,2026-05-04T10:34:00Z,0
APP-02122,prior_delinquencies,0.0,2026-05-08T02:04:00Z,2026-05-06T22:49:00Z,0
APP-02123,credit_utilization,0.583,2026-05-08T05:30:00Z,2026-05-07T16:50:00Z,0
APP-02123,debt_to_income,0.466,2026-05-08T05:30:00Z,2026-05-06T11:44:00Z,0
APP-02123,income,21749.0,2026-05-08T05:30:00Z,2026-04-27T00:56:00Z,0
APP-02123,months_employed,56.0,2026-05-08T05:30:00Z,2026-04-27T18:45:00Z,0
APP-02123,prior_delinquencies,2.0,2026-05-08T05:30:00Z,2026-05-04T19:50:00Z,0
APP-02124,credit_utilization,0.467,2026-05-08T06:04:00Z,2026-05-08T03:02:00Z,0
APP-02124,debt_to_income,0.59,2026-05-08T06:04:00Z,2026-05-07T13:50:00Z,0
APP-02124,income,23488.0,2026-05-08T06:04:00Z,2026-04-11T20:51:00Z,0
APP-02124,months_employed,226.0,2026-05-08T06:04:00Z,2026-05-01T05:24:00Z,0
APP-02124,prior_delinquencies,0.0,2026-05-08T06:04:00Z,2026-05-04T07:16:00Z,0
APP-02125,credit_utilization,0.6,2026-05-08T08:28:00Z,2026-05-06T11:31:00Z,1
APP-02125,debt_to_income,0.582,2026-05-08T08:28:00Z,2026-05-06T13:38:00Z,1
APP-02125,income,35171.0,2026-05-08T08:28:00Z,2026-04-24T05:01:00Z,1
APP-02125,months_employed,134.0,2026-05-08T08:28:00Z,2026-05-05T23:57:00Z,1
APP-02125,prior_delinquencies,1.0,2026-05-08T08:28:00Z,2026-05-04T19:38:00Z,1
APP-02126,credit_utilization,0.269,2026-05-08T10:22:00Z,2026-05-07T08:52:00Z,0
APP-02126,debt_to_income,0.01,2026-05-08T10:22:00Z,2026-05-08T00:23:00Z,0
APP-02126,income,80140.0,2026-05-08T10:22:00Z,2026-04-12T02:22:00Z,0
APP-02126,months_employed,151.0,2026-05-08T10:22:00Z,2026-05-05T10:43:00Z,0
APP-02126,prior_delinquencies,0.0,2026-05-08T10:22:00Z,2026-05-07T00:24:00Z,0
APP-02127,credit_utilization,0.608,2026-05-08T12:51:00Z,2026-05-07T15:17:00Z,0
APP-02127,debt_to_income,0.219,2026-05-08T12:51:00Z,2026-05-07T03:01:00Z,0
APP-02127,income,58385.0,2026-05-08T12:51:00Z,2026-04-19T00:39:00Z,0
APP-02127,months_employed,162.0,2026-05-08T12:51:00Z,2026-05-02T18:54:00Z,0
APP-02127,prior_delinquencies,0.0,2026-05-08T12:51:00Z,2026-05-06T05:14:00Z,0
APP-02128,credit_utilization,0.467,2026-05-08T14:13:00Z,2026-05-06T21:08:00Z,1
APP-02128,debt_to_income,0.38,2026-05-08T14:13:00Z,2026-05-08T04:02:00Z,1
APP-02128,income,31415.0,2026-05-08T14:13:00Z,2026-04-24T14:36:00Z,1
APP-02128,months_employed,119.0,2026-05-08T14:13:00Z,2026-05-06T12:02:00Z,1
APP-02128,prior_delinquencies,1.0,2026-05-08T14:13:00Z,2026-05-06T18:57:00Z,1
APP-02129,credit_utilization,0.402,2026-05-08T16:59:00Z,2026-05-07T14:11:00Z,0
APP-02129,debt_to_income,0.351,2026-05-08T16:59:00Z,2026-05-07T08:59:00Z,0
APP-02129,income,32457.0,2026-05-08T16:59:00Z,2026-05-04T05:53:00Z,0
APP-02129,months_employed,103.0,2026-05-08T16:59:00Z,2026-05-05T05:19:00Z,0
APP-02129,prior_delinquencies,0.0,2026-05-08T16:59:00Z,2026-05-06T20:39:00Z,0
APP-02130,credit_utilization,0.548,2026-05-08T17:20:00Z,2026-05-07T22:30:00Z,1
APP-02130,debt_to_income,0.421,2026-05-08T17:20:00Z,2026-05-07T13:41:00Z,1
APP-02130,income,22521.0,2026-05-08T17:20:00Z,2026-05-01T04:38:00Z,1
APP-02130,months_employed,111.0,2026-05-08T17:20:00Z,2026-05-06T04:26:00Z,1
APP-02130,prior_delinquencies,1.0,2026-05-08T17:20:00Z,2026-05-06T01:38:00Z,1
APP-02131,credit_utilization,0.477,2026-05-08T18:07:00Z,2026-05-08T06:38:00Z,0
APP-02131,debt_to_income,0.506,2026-05-08T18:07:00Z,2026-05-06T10:44:00Z,0
APP-02131,income,44171.0,2026-05-08T18:07:00Z,2026-04-12T12:16:00Z,0
APP-02131,months_employed,179.0,2026-05-08T18:07:00Z,2026-05-04T04:24:00Z,0
APP-02131,prior_delinquencies,1.0,2026-05-08T18:07:00Z,2026-05-06T08:24:00Z,0
APP-02132,credit_utilization,0.388,2026-05-08T19:18:00Z,2026-05-08T01:57:00Z,0
APP-02132,debt_to_income,0.313,2026-05-08T19:18:00Z,2026-05-06T12:22:00Z,0
APP-02132,income,95994.0,2026-05-08T19:18:00Z,2026-04-22T01:26:00Z,0
APP-02132,months_employed,164.0,2026-05-08T19:18:00Z,2026-05-06T10:04:00Z,0
APP-02132,prior_delinquencies,0.0,2026-05-08T19:18:00Z,2026-05-06T14:59:00Z,0
APP-02133,credit_utilization,0.291,2026-05-08T20:12:00Z,2026-05-08T12:07:00Z,0
APP-02133,debt_to_income,0.31,2026-05-08T20:12:00Z,2026-05-07T16:08:00Z,0
APP-02133,income,65447.0,2026-05-08T20:12:00Z,2026-04-13T07:43:00Z,0
APP-02133,months_employed,6.0,2026-05-08T20:12:00Z,2026-05-02T08:53:00Z,0
APP-02133,prior_delinquencies,0.0,2026-05-08T20:12:00Z,2026-05-06T17:47:00Z,0
APP-02134,credit_utilization,0.46,2026-05-08T20:21:00Z,2026-05-07T17:53:00Z,0
APP-02134,debt_to_income,0.185,2026-05-08T20:21:00Z,2026-05-06T23:03:00Z,0
APP-02134,income,70106.0,2026-05-08T20:21:00Z,2026-04-09T00:57:00Z,0
APP-02134,months_employed,56.0,2026-05-08T20:21:00Z,2026-04-25T20:08:00Z,0
APP-02134,prior_delinquencies,2.0,2026-05-08T20:21:00Z,2026-05-08T17:29:00Z,0
APP-02135,credit_utilization,0.03,2026-05-08T20:29:00Z,2026-05-08T15:13:00Z,1
APP-02135,debt_to_income,0.312,2026-05-08T20:29:00Z,2026-05-06T12:45:00Z,1
APP-02135,income,53455.0,2026-05-08T20:29:00Z,2026-04-18T11:37:00Z,1
APP-02135,months_employed,228.0,2026-05-08T20:29:00Z,2026-05-07T04:21:00Z,1
APP-02135,prior_delinquencies,0.0,2026-05-08T20:29:00Z,2026-05-08T08:34:00Z,1
APP-02136,credit_utilization,0.42,2026-05-08T22:16:00Z,2026-05-08T05:04:00Z,1
APP-02136,debt_to_income,0.321,2026-05-08T22:16:00Z,2026-05-08T06:35:00Z,1
APP-02136,income,38215.0,2026-05-08T22:16:00Z,2026-04-19T22:23:00Z,1
APP-02136,months_employed,10.0,2026-05-08T22:16:00Z,2026-04-24T22:16:00Z,1
APP-02136,prior_delinquencies,1.0,2026-05-08T22:16:00Z,2026-05-07T03:23:00Z,1
APP-02137,credit_utilization,0.417,2026-05-08T22:42:00Z,2026-05-07T21:01:00Z,1
APP-02137,debt_to_income,0.362,2026-05-08T22:42:00Z,2026-05-07T16:18:00Z,1
APP-02137,income,27336.0,2026-05-08T22:42:00Z,2026-04-30T19:06:00Z,1
APP-02137,months_employed,94.0,2026-05-08T22:42:00Z,2026-05-03T20:31:00Z,1
APP-02137,prior_delinquencies,0.0,2026-05-08T22:42:00Z,2026-05-07T05:11:00Z,1
APP-02138,credit_utilization,0.284,2026-05-08T23:52:00Z,2026-05-08T08:37:00Z,0
APP-02138,debt_to_income,0.221,2026-05-08T23:52:00Z,2026-05-06T02:57:00Z,0
APP-02138,income,40607.0,2026-05-08T23:52:00Z,2026-04-21T13:48:00Z,0
APP-02138,months_employed,214.0,2026-05-08T23:52:00Z,2026-04-25T03:56:00Z,0
APP-02138,prior_delinquencies,0.0,2026-05-08T23:52:00Z,2026-05-08T09:24:00Z,0
APP-02139,credit_utilization,0.251,2026-05-09T00:00:00Z,2026-05-08T18:52:00Z,0
APP-02139,debt_to_income,0.376,2026-05-09T00:00:00Z,2026-05-08T01:17:00Z,0
APP-02139,income,61244.0,2026-05-09T00:00:00Z,2026-05-05T12:16:00Z,0
APP-02139,months_employed,231.0,2026-05-09T00:00:00Z,2026-04-25T19:53:00Z,0
APP-02139,prior_delinquencies,1.0,2026-05-09T00:00:00Z,2026-05-08T19:57:00Z,0
APP-02140,credit_utilization,0.655,2026-05-09T00:23:00Z,2026-05-07T23:22:00Z,0
APP-02140,debt_to_income,0.302,2026-05-09T00:23:00Z,2026-05-07T11:51:00Z,0
APP-02140,income,48651.0,2026-05-09T00:23:00Z,2026-04-22T03:31:00Z,0
APP-02140,months_employed,76.0,2026-05-09T00:23:00Z,2026-05-07T07:48:00Z,0
APP-02140,prior_delinquencies,1.0,2026-05-09T00:23:00Z,2026-05-07T06:31:00Z,0
APP-02141,credit_utilization,0.456,2026-05-09T04:54:00Z,2026-05-07T15:28:00Z,0
APP-02141,debt_to_income,0.396,2026-05-09T04:54:00Z,2026-05-06T16:16:00Z,0
APP-02141,income,14019.0,2026-05-09T04:54:00Z,2026-04-19T05:48:00Z,0
APP-02141,months_employed,27.0,2026-05-09T04:54:00Z,2026-04-25T14:22:00Z,0
APP-02141,prior_delinquencies,1.0,2026-05-09T04:54:00Z,2026-05-06T14:39:00Z,0
APP-02142,credit_utilization,0.49,2026-05-09T05:43:00Z,2026-05-08T07:01:00Z,1
APP-02142,debt_to_income,0.427,2026-05-09T05:43:00Z,2026-05-08T14:20:00Z,1
APP-02142,income,45430.0,2026-05-09T05:43:00Z,2026-04-17T04:45:00Z,1
APP-02142,months_employed,48.0,2026-05-09T05:43:00Z,2026-05-01T07:49:00Z,1
APP-02142,prior_delinquencies,1.0,2026-05-09T05:43:00Z,2026-05-08T21:39:00Z,1
APP-02143,credit_utilization,0.501,2026-05-09T08:07:00Z,2026-05-09T02:00:00Z,0
APP-02143,debt_to_income,0.457,2026-05-09T08:07:00Z,2026-05-06T16:47:00Z,0
APP-02143,income,48727.0,2026-05-09T08:07:00Z,2026-05-08T06:17:00Z,0
APP-02143,months_employed,227.0,2026-05-09T08:07:00Z,2026-05-04T23:12:00Z,0
APP-02143,prior_delinquencies,0.0,2026-05-09T08:07:00Z,2026-05-06T15:40:00Z,0
APP-02144,credit_utilization,0.253,2026-05-09T09:21:00Z,2026-05-08T23:06:00Z,0
APP-02144,debt_to_income,0.546,2026-05-09T09:21:00Z,2026-05-07T18:33:00Z,0
APP-02144,income,57317.0,2026-05-09T09:21:00Z,2026-04-22T16:14:00Z,0
APP-02144,months_employed,182.0,2026-05-09T09:21:00Z,2026-05-05T20:31:00Z,0
APP-02144,prior_delinquencies,3.0,2026-05-09T09:21:00Z,2026-05-05T22:03:00Z,0
APP-02145,credit_utilization,0.288,2026-05-09T10:51:00Z,2026-05-08T18:15:00Z,1
APP-02145,debt_to_income,0.411,2026-05-09T10:51:00Z,2026-05-07T03:29:00Z,1
APP-02145,income,66256.0,2026-05-09T10:51:00Z,2026-04-27T18:01:00Z,1
APP-02145,months_employed,232.0,2026-05-09T10:51:00Z,2026-04-25T13:02:00Z,1
APP-02145,prior_delinquencies,0.0,2026-05-09T10:51:00Z,2026-05-08T13:40:00Z,1
APP-02146,credit_utilization,0.598,2026-05-09T13:25:00Z,2026-05-08T15:05:00Z,1
APP-02146,debt_to_income,0.492,2026-05-09T13:25:00Z,2026-05-09T11:43:00Z,1
APP-02146,income,45786.0,2026-05-09T13:25:00Z,2026-04-11T13:34:00Z,1
APP-02146,months_employed,54.0,2026-05-09T13:25:00Z,2026-04-26T20:15:00Z,1
APP-02146,prior_delinquencies,3.0,2026-05-09T13:25:00Z,2026-05-08T08:22:00Z,1
APP-02147,credit_utilization,0.48,2026-05-09T17:27:00Z,2026-05-08T23:31:00Z,0
APP-02147,debt_to_income,0.175,2026-05-09T17:27:00Z,2026-05-08T14:00:00Z,0
APP-02147,income,73620.0,2026-05-09T17:27:00Z,2026-04-28T02:05:00Z,0
APP-02147,months_employed,138.0,2026-05-09T17:27:00Z,2026-05-03T10:55:00Z,0
APP-02147,prior_delinquencies,0.0,2026-05-09T17:27:00Z,2026-05-08T02:22:00Z,0
APP-02148,credit_utilization,0.355,2026-05-09T17:37:00Z,2026-05-08T09:13:00Z,0
APP-02148,debt_to_income,0.273,2026-05-09T17:37:00Z,2026-05-08T03:16:00Z,0
APP-02148,income,85488.0,2026-05-09T17:37:00Z,2026-04-29T22:52:00Z,0
APP-02148,months_employed,114.0,2026-05-09T17:37:00Z,2026-04-28T06:51:00Z,0
APP-02148,prior_delinquencies,0.0,2026-05-09T17:37:00Z,2026-05-07T14:11:00Z,0
APP-02149,credit_utilization,0.121,2026-05-09T19:31:00Z,2026-05-08T02:15:00Z,0
APP-02149,debt_to_income,0.354,2026-05-09T19:31:00Z,2026-05-07T03:53:00Z,0
APP-02149,income,97114.0,2026-05-09T19:31:00Z,2026-04-18T14:40:00Z,0
APP-02149,months_employed,86.0,2026-05-09T19:31:00Z,2026-04-26T22:24:00Z,0
APP-02149,prior_delinquencies,1.0,2026-05-09T19:31:00Z,2026-05-08T04:15:00Z,0
APP-02150,credit_utilization,0.469,2026-05-09T20:06:00Z,2026-05-08T23:49:00Z,0
APP-02150,debt_to_income,0.409,2026-05-09T20:06:00Z,2026-05-07T03:59:00Z,0
APP-02150,income,23404.0,2026-05-09T20:06:00Z,2026-05-01T19:21:00Z,0
APP-02150,months_employed,201.0,2026-05-09T20:06:00Z,2026-04-29T01:15:00Z,0
APP-02150,prior_delinquencies,1.0,2026-05-09T20:06:00Z,2026-05-06T14:40:00Z,0
APP-02151,credit_utilization,0.495,2026-05-10T04:16:00Z,2026-05-09T12:43:00Z,0
APP-02151,debt_to_income,0.487,2026-05-10T04:16:00Z,2026-05-08T07:41:00Z,0
APP-02151,income,23758.0,2026-05-10T04:16:00Z,2026-05-07T07:59:00Z,0
APP-02151,months_employed,31.0,2026-05-10T04:16:00Z,2026-04-30T09:03:00Z,0
APP-02151,prior_delinquencies,0.0,2026-05-10T04:16:00Z,2026-05-09T09:31:00Z,0
APP-02152,credit_utilization,0.378,2026-05-10T05:28:00Z,2026-05-09T08:06:00Z,0
APP-02152,debt_to_income,0.398,2026-05-10T05:28:00Z,2026-05-09T06:50:00Z,0
APP-02152,income,79722.0,2026-05-10T05:28:00Z,2026-04-26T05:48:00Z,0
APP-02152,months_employed,189.0,2026-05-10T05:28:00Z,2026-04-28T04:01:00Z,0
APP-02152,prior_delinquencies,0.0,2026-05-10T05:28:00Z,2026-05-07T08:13:00Z,0
APP-02153,credit_utilization,0.087,2026-05-10T07:50:00Z,2026-05-09T20:09:00Z,0
APP-02153,debt_to_income,0.213,2026-05-10T07:50:00Z,2026-05-07T09:14:00Z,0
APP-02153,income,112046.0,2026-05-10T07:50:00Z,2026-05-07T05:06:00Z,0
APP-02153,months_employed,76.0,2026-05-10T07:50:00Z,2026-05-04T05:12:00Z,0
APP-02153,prior_delinquencies,0.0,2026-05-10T07:50:00Z,2026-05-07T08:30:00Z,0
APP-02154,credit_utilization,0.535,2026-05-10T10:35:00Z,2026-05-09T14:18:00Z,0
APP-02154,debt_to_income,0.452,2026-05-10T10:35:00Z,2026-05-09T15:28:00Z,0
APP-02154,income,47321.0,2026-05-10T10:35:00Z,2026-04-23T08:18:00Z,0
APP-02154,months_employed,84.0,2026-05-10T10:35:00Z,2026-05-07T13:28:00Z,0
APP-02154,prior_delinquencies,0.0,2026-05-10T10:35:00Z,2026-05-08T17:28:00Z,0
APP-02155,credit_utilization,0.544,2026-05-10T12:37:00Z,2026-05-09T14:10:00Z,0
APP-02155,debt_to_income,0.39,2026-05-10T12:37:00Z,2026-05-09T06:22:00Z,0
APP-02155,income,58030.0,2026-05-10T12:37:00Z,2026-04-14T03:05:00Z,0
APP-02155,months_employed,121.0,2026-05-10T12:37:00Z,2026-05-03T06:01:00Z,0
APP-02155,prior_delinquencies,1.0,2026-05-10T12:37:00Z,2026-05-10T10:04:00Z,0
APP-02156,credit_utilization,0.156,2026-05-10T12:49:00Z,2026-05-09T14:12:00Z,0
APP-02156,debt_to_income,0.361,2026-05-10T12:49:00Z,2026-05-07T16:02:00Z,0
APP-02156,income,32236.0,2026-05-10T12:49:00Z,2026-05-08T00:11:00Z,0
APP-02156,months_employed,99.0,2026-05-10T12:49:00Z,2026-05-04T20:28:00Z,0
APP-02156,prior_delinquencies,2.0,2026-05-10T12:49:00Z,2026-05-10T02:14:00Z,0
APP-02157,credit_utilization,0.606,2026-05-10T16:56:00Z,2026-05-09T02:19:00Z,0
APP-02157,debt_to_income,0.47,2026-05-10T16:56:00Z,2026-05-08T17:04:00Z,0
APP-02157,income,43675.0,2026-05-10T16:56:00Z,2026-04-30T13:45:00Z,0
APP-02157,months_employed,236.0,2026-05-10T16:56:00Z,2026-05-04T09:05:00Z,0
APP-02157,prior_delinquencies,0.0,2026-05-10T16:56:00Z,2026-05-09T07:17:00Z,0
APP-02158,credit_utilization,0.255,2026-05-10T18:39:00Z,2026-05-09T10:22:00Z,1
APP-02158,debt_to_income,0.384,2026-05-10T18:39:00Z,2026-05-10T10:47:00Z,1
APP-02158,income,44100.0,2026-05-10T18:39:00Z,2026-04-15T07:08:00Z,1
APP-02158,months_employed,199.0,2026-05-10T18:39:00Z,2026-04-29T02:45:00Z,1
APP-02158,prior_delinquencies,0.0,2026-05-10T18:39:00Z,2026-05-08T09:46:00Z,1
APP-02159,credit_utilization,0.353,2026-05-10T18:51:00Z,2026-05-09T20:26:00Z,0
APP-02159,debt_to_income,0.251,2026-05-10T18:51:00Z,2026-05-10T09:43:00Z,0
APP-02159,income,37088.0,2026-05-10T18:51:00Z,2026-05-07T21:03:00Z,0
APP-02159,months_employed,113.0,2026-05-10T18:51:00Z,2026-05-04T00:04:00Z,0
APP-02159,prior_delinquencies,0.0,2026-05-10T18:51:00Z,2026-05-09T13:41:00Z,0
APP-02160,credit_utilization,0.391,2026-05-10T22:07:00Z,2026-05-09T20:44:00Z,0
APP-02160,debt_to_income,0.31,2026-05-10T22:07:00Z,2026-05-09T16:36:00Z,0
APP-02160,income,36018.0,2026-05-10T22:07:00Z,2026-04-13T16:36:00Z,0
APP-02160,months_employed,4.0,2026-05-10T22:07:00Z,2026-05-05T08:57:00Z,0
APP-02160,prior_delinquencies,1.0,2026-05-10T22:07:00Z,2026-05-08T21:16:00Z,0
APP-02161,credit_utilization,0.371,2026-05-11T00:01:00Z,2026-05-09T18:05:00Z,0
APP-02161,debt_to_income,0.311,2026-05-11T00:01:00Z,2026-05-10T15:42:00Z,0
APP-02161,income,71477.0,2026-05-11T00:01:00Z,2026-04-29T22:43:00Z,0
APP-02161,months_employed,11.0,2026-05-11T00:01:00Z,2026-05-05T22:03:00Z,0
APP-02161,prior_delinquencies,0.0,2026-05-11T00:01:00Z,2026-05-08T15:49:00Z,0
APP-02162,credit_utilization,0.522,2026-05-11T00:15:00Z,2026-05-10T19:49:00Z,0
APP-02162,debt_to_income,0.271,2026-05-11T00:15:00Z,2026-05-10T08:17:00Z,0
APP-02162,income,40263.0,2026-05-11T00:15:00Z,2026-05-03T14:57:00Z,0
APP-02162,months_employed,133.0,2026-05-11T00:15:00Z,2026-05-05T14:33:00Z,0
APP-02162,prior_delinquencies,0.0,2026-05-11T00:15:00Z,2026-05-08T07:03:00Z,0
APP-02163,credit_utilization,0.08,2026-05-11T00:24:00Z,2026-05-09T22:56:00Z,0
APP-02163,debt_to_income,0.239,2026-05-11T00:24:00Z,2026-05-08T19:00:00Z,0
APP-02163,income,66497.0,2026-05-11T00:24:00Z,2026-05-07T12:34:00Z,0
APP-02163,months_employed,231.0,2026-05-11T00:24:00Z,2026-04-29T23:32:00Z,0
APP-02163,prior_delinquencies,0.0,2026-05-11T00:24:00Z,2026-05-09T10:04:00Z,0
APP-02164,credit_utilization,0.256,2026-05-11T01:20:00Z,2026-05-10T19:51:00Z,0
APP-02164,debt_to_income,0.348,2026-05-11T01:20:00Z,2026-05-09T11:45:00Z,0
APP-02164,income,72234.0,2026-05-11T01:20:00Z,2026-05-07T21:50:00Z,0
APP-02164,months_employed,228.0,2026-05-11T01:20:00Z,2026-05-07T03:12:00Z,0
APP-02164,prior_delinquencies,0.0,2026-05-11T01:20:00Z,2026-05-10T01:47:00Z,0
APP-02165,credit_utilization,0.427,2026-05-11T03:30:00Z,2026-05-09T06:09:00Z,0
APP-02165,debt_to_income,0.319,2026-05-11T03:30:00Z,2026-05-09T20:56:00Z,0
APP-02165,income,55573.0,2026-05-11T03:30:00Z,2026-04-28T07:22:00Z,0
APP-02165,months_employed,125.0,2026-05-11T03:30:00Z,2026-04-29T02:45:00Z,0
APP-02165,prior_delinquencies,0.0,2026-05-11T03:30:00Z,2026-05-08T09:59:00Z,0
APP-02166,credit_utilization,0.425,2026-05-11T04:18:00Z,2026-05-10T01:00:00Z,0
APP-02166,debt_to_income,0.288,2026-05-11T04:18:00Z,2026-05-10T18:42:00Z,0
APP-02166,income,53063.0,2026-05-11T04:18:00Z,2026-04-23T22:06:00Z,0
APP-02166,months_employed,207.0,2026-05-11T04:18:00Z,2026-05-01T10:34:00Z,0
APP-02166,prior_delinquencies,2.0,2026-05-11T04:18:00Z,2026-05-09T17:49:00Z,0
APP-02167,credit_utilization,0.471,2026-05-11T05:11:00Z,2026-05-09T10:42:00Z,0
APP-02167,debt_to_income,0.427,2026-05-11T05:11:00Z,2026-05-09T09:53:00Z,0
APP-02167,income,75766.0,2026-05-11T05:11:00Z,2026-05-10T04:03:00Z,0
APP-02167,months_employed,23.0,2026-05-11T05:11:00Z,2026-05-02T12:51:00Z,0
APP-02167,prior_delinquencies,0.0,2026-05-11T05:11:00Z,2026-05-07T19:55:00Z,0
APP-02168,credit_utilization,0.324,2026-05-11T06:42:00Z,2026-05-10T10:03:00Z,0
APP-02168,debt_to_income,0.229,2026-05-11T06:42:00Z,2026-05-11T00:35:00Z,0
APP-02168,income,56192.0,2026-05-11T06:42:00Z,2026-04-24T08:09:00Z,0
APP-02168,months_employed,26.0,2026-05-11T06:42:00Z,2026-05-03T18:13:00Z,0
APP-02168,prior_delinquencies,0.0,2026-05-11T06:42:00Z,2026-05-08T11:41:00Z,0
APP-02169,credit_utilization,0.395,2026-05-11T10:21:00Z,2026-05-09T23:32:00Z,0
APP-02169,debt_to_income,0.457,2026-05-11T10:21:00Z,2026-05-08T17:02:00Z,0
APP-02169,income,84892.0,2026-05-11T10:21:00Z,2026-04-30T09:22:00Z,0
APP-02169,months_employed,71.0,2026-05-11T10:21:00Z,2026-05-02T06:12:00Z,0
APP-02169,prior_delinquencies,0.0,2026-05-11T10:21:00Z,2026-05-08T13:36:00Z,0
APP-02170,credit_utilization,0.423,2026-05-11T10:42:00Z,2026-05-09T12:01:00Z,0
APP-02170,debt_to_income,0.281,2026-05-11T10:42:00Z,2026-05-09T06:31:00Z,0
APP-02170,income,52546.0,2026-05-11T10:42:00Z,2026-04-12T05:22:00Z,0
APP-02170,months_employed,141.0,2026-05-11T10:42:00Z,2026-05-06T10:34:00Z,0
APP-02170,prior_delinquencies,0.0,2026-05-11T10:42:00Z,2026-05-10T22:58:00Z,0
APP-02171,credit_utilization,0.623,2026-05-11T11:21:00Z,2026-05-10T17:27:00Z,0
APP-02171,debt_to_income,0.337,2026-05-11T11:21:00Z,2026-05-09T08:40:00Z,0
APP-02171,income,16089.0,2026-05-11T11:21:00Z,2026-04-11T22:15:00Z,0
APP-02171,months_employed,96.0,2026-05-11T11:21:00Z,2026-04-27T11:54:00Z,0
APP-02171,prior_delinquencies,0.0,2026-05-11T11:21:00Z,2026-05-09T14:16:00Z,0
APP-02172,credit_utilization,0.484,2026-05-11T11:48:00Z,2026-05-09T13:49:00Z,0
APP-02172,debt_to_income,0.322,2026-05-11T11:48:00Z,2026-05-09T10:21:00Z,0
APP-02172,income,44079.0,2026-05-11T11:48:00Z,2026-04-18T12:48:00Z,0
APP-02172,months_employed,94.0,2026-05-11T11:48:00Z,2026-05-08T10:12:00Z,0
APP-02172,prior_delinquencies,0.0,2026-05-11T11:48:00Z,2026-05-10T03:41:00Z,0
APP-02173,credit_utilization,0.403,2026-05-11T13:52:00Z,2026-05-10T20:11:00Z,0
APP-02173,debt_to_income,0.362,2026-05-11T13:52:00Z,2026-05-11T06:25:00Z,0
APP-02173,income,78465.0,2026-05-11T13:52:00Z,2026-04-16T04:20:00Z,0
APP-02173,months_employed,136.0,2026-05-11T13:52:00Z,2026-05-01T15:23:00Z,0
APP-02173,prior_delinquencies,0.0,2026-05-11T13:52:00Z,2026-05-10T16:11:00Z,0
APP-02174,credit_utilization,0.353,2026-05-11T14:23:00Z,2026-05-10T16:08:00Z,0
APP-02174,debt_to_income,0.312,2026-05-11T14:23:00Z,2026-05-09T01:58:00Z,0
APP-02174,income,63732.0,2026-05-11T14:23:00Z,2026-04-19T03:35:00Z,0
APP-02174,months_employed,47.0,2026-05-11T14:23:00Z,2026-05-01T14:09:00Z,0
APP-02174,prior_delinquencies,2.0,2026-05-11T14:23:00Z,2026-05-11T04:37:00Z,0
APP-02175,credit_utilization,0.633,2026-05-11T14:25:00Z,2026-05-11T06:40:00Z,0
APP-02175,debt_to_income,0.377,2026-05-11T14:25:00Z,2026-05-09T17:11:00Z,0
APP-02175,income,59733.0,2026-05-11T14:25:00Z,2026-05-06T21:20:00Z,0
APP-02175,months_employed,81.0,2026-05-11T14:25:00Z,2026-05-04T01:23:00Z,0
APP-02175,prior_delinquencies,0.0,2026-05-11T14:25:00Z,2026-05-08T07:22:00Z,0
APP-02176,credit_utilization,0.227,2026-05-11T14:35:00Z,2026-05-10T11:10:00Z,0
APP-02176,debt_to_income,0.239,2026-05-11T14:35:00Z,2026-05-11T08:49:00Z,0
APP-02176,income,59739.0,2026-05-11T14:35:00Z,2026-04-15T14:18:00Z,0
APP-02176,months_employed,40.0,2026-05-11T14:35:00Z,2026-05-06T19:47:00Z,0
APP-02176,prior_delinquencies,0.0,2026-05-11T14:35:00Z,2026-05-09T15:28:00Z,0
APP-02177,credit_utilization,0.45,2026-05-11T14:54:00Z,2026-05-09T19:56:00Z,0
APP-02177,debt_to_income,0.4,2026-05-11T14:54:00Z,2026-05-10T06:05:00Z,0
APP-02177,income,74386.0,2026-05-11T14:54:00Z,2026-04-15T00:05:00Z,0
APP-02177,months_employed,209.0,2026-05-11T14:54:00Z,2026-04-27T22:02:00Z,0
APP-02177,prior_delinquencies,1.0,2026-05-11T14:54:00Z,2026-05-08T15:39:00Z,0
APP-02178,credit_utilization,0.555,2026-05-11T16:15:00Z,2026-05-10T01:13:00Z,1
APP-02178,debt_to_income,0.459,2026-05-11T16:15:00Z,2026-05-10T17:54:00Z,1
APP-02178,income,31640.0,2026-05-11T16:15:00Z,2026-04-18T17:27:00Z,1
APP-02178,months_employed,232.0,2026-05-11T16:15:00Z,2026-05-01T20:44:00Z,1
APP-02178,prior_delinquencies,3.0,2026-05-11T16:15:00Z,2026-05-08T16:13:00Z,1
APP-02179,credit_utilization,0.564,2026-05-11T16:44:00Z,2026-05-11T09:52:00Z,0
APP-02179,debt_to_income,0.381,2026-05-11T16:44:00Z,2026-05-11T08:00:00Z,0
APP-02179,income,47474.0,2026-05-11T16:44:00Z,2026-04-12T18:40:00Z,0
APP-02179,months_employed,60.0,2026-05-11T16:44:00Z,2026-05-04T21:24:00Z,0
APP-02179,prior_delinquencies,1.0,2026-05-11T16:44:00Z,2026-05-11T02:01:00Z,0
APP-02180,credit_utilization,0.335,2026-05-11T17:43:00Z,2026-05-09T23:28:00Z,0
APP-02180,debt_to_income,0.186,2026-05-11T17:43:00Z,2026-05-09T17:34:00Z,0
APP-02180,income,104269.0,2026-05-11T17:43:00Z,2026-05-03T13:58:00Z,0
APP-02180,months_employed,57.0,2026-05-11T17:43:00Z,2026-05-01T04:19:00Z,0
APP-02180,prior_delinquencies,0.0,2026-05-11T17:43:00Z,2026-05-09T22:31:00Z,0
APP-02181,credit_utilization,0.402,2026-05-11T18:55:00Z,2026-05-10T19:30:00Z,0
APP-02181,debt_to_income,0.26,2026-05-11T18:55:00Z,2026-05-11T16:16:00Z,0
APP-02181,income,57790.0,2026-05-11T18:55:00Z,2026-04-26T17:10:00Z,0
APP-02181,months_employed,207.0,2026-05-11T18:55:00Z,2026-04-29T01:20:00Z,0
APP-02181,prior_delinquencies,0.0,2026-05-11T18:55:00Z,2026-05-09T12:05:00Z,0
APP-02182,credit_utilization,0.497,2026-05-11T19:03:00Z,2026-05-10T02:26:00Z,0
APP-02182,debt_to_income,0.374,2026-05-11T19:03:00Z,2026-05-09T12:09:00Z,0
APP-02182,income,31268.0,2026-05-11T19:03:00Z,2026-04-28T14:32:00Z,0
APP-02182,months_employed,229.0,2026-05-11T19:03:00Z,2026-05-08T08:05:00Z,0
APP-02182,prior_delinquencies,2.0,2026-05-11T19:03:00Z,2026-05-11T02:25:00Z,0
APP-02183,credit_utilization,0.448,2026-05-12T00:18:00Z,2026-05-10T08:18:00Z,1
APP-02183,debt_to_income,0.556,2026-05-12T00:18:00Z,2026-05-09T23:55:00Z,1
APP-02183,income,44913.0,2026-05-12T00:18:00Z,2026-04-20T21:49:00Z,1
APP-02183,months_employed,118.0,2026-05-12T00:18:00Z,2026-05-04T19:14:00Z,1
APP-02183,prior_delinquencies,1.0,2026-05-12T00:18:00Z,2026-05-11T02:57:00Z,1
APP-02184,credit_utilization,0.814,2026-05-12T03:57:00Z,2026-05-10T09:22:00Z,1
APP-02184,debt_to_income,0.39,2026-05-12T03:57:00Z,2026-05-09T08:03:00Z,1
APP-02184,income,51705.0,2026-05-12T03:57:00Z,2026-05-09T01:21:00Z,1
APP-02184,months_employed,40.0,2026-05-12T03:57:00Z,2026-05-02T15:48:00Z,1
APP-02184,prior_delinquencies,1.0,2026-05-12T03:57:00Z,2026-05-10T15:20:00Z,1
APP-02185,credit_utilization,0.41,2026-05-12T04:25:00Z,2026-05-11T16:42:00Z,0
APP-02185,debt_to_income,0.466,2026-05-12T04:25:00Z,2026-05-11T21:03:00Z,0
APP-02185,income,58006.0,2026-05-12T04:25:00Z,2026-05-07T06:20:00Z,0
APP-02185,months_employed,6.0,2026-05-12T04:25:00Z,2026-04-30T23:40:00Z,0
APP-02185,prior_delinquencies,0.0,2026-05-12T04:25:00Z,2026-05-11T02:30:00Z,0
APP-02186,credit_utilization,0.082,2026-05-12T05:00:00Z,2026-05-11T08:54:00Z,0
APP-02186,debt_to_income,0.208,2026-05-12T05:00:00Z,2026-05-09T21:04:00Z,0
APP-02186,income,40951.0,2026-05-12T05:00:00Z,2026-04-22T08:03:00Z,0
APP-02186,months_employed,230.0,2026-05-12T05:00:00Z,2026-05-06T01:11:00Z,0
APP-02186,prior_delinquencies,0.0,2026-05-12T05:00:00Z,2026-05-10T19:04:00Z,0
APP-02187,credit_utilization,0.379,2026-05-12T05:17:00Z,2026-05-11T17:19:00Z,0
APP-02187,debt_to_income,0.164,2026-05-12T05:17:00Z,2026-05-09T08:15:00Z,0
APP-02187,income,52227.0,2026-05-12T05:17:00Z,2026-04-17T02:38:00Z,0
APP-02187,months_employed,28.0,2026-05-12T05:17:00Z,2026-05-07T01:36:00Z,0
APP-02187,prior_delinquencies,0.0,2026-05-12T05:17:00Z,2026-05-11T12:42:00Z,0
APP-02188,credit_utilization,0.277,2026-05-12T05:37:00Z,2026-05-11T15:57:00Z,1
APP-02188,debt_to_income,0.311,2026-05-12T05:37:00Z,2026-05-11T05:22:00Z,1
APP-02188,income,76899.0,2026-05-12T05:37:00Z,2026-04-25T14:42:00Z,1
APP-02188,months_employed,221.0,2026-05-12T05:37:00Z,2026-05-09T21:09:00Z,1
APP-02188,prior_delinquencies,2.0,2026-05-12T05:37:00Z,2026-05-11T22:02:00Z,1
APP-02189,credit_utilization,0.469,2026-05-12T08:30:00Z,2026-05-11T12:44:00Z,0
APP-02189,debt_to_income,0.291,2026-05-12T08:30:00Z,2026-05-10T06:15:00Z,0
APP-02189,income,43866.0,2026-05-12T08:30:00Z,2026-04-14T16:45:00Z,0
APP-02189,months_employed,148.0,2026-05-12T08:30:00Z,2026-04-28T20:26:00Z,0
APP-02189,prior_delinquencies,0.0,2026-05-12T08:30:00Z,2026-05-11T06:50:00Z,0
APP-02190,credit_utilization,0.552,2026-05-12T08:36:00Z,2026-05-10T13:52:00Z,0
APP-02190,debt_to_income,0.438,2026-05-12T08:36:00Z,2026-05-12T01:12:00Z,0
APP-02190,income,42707.0,2026-05-12T08:36:00Z,2026-04-26T22:42:00Z,0
APP-02190,months_employed,197.0,2026-05-12T08:36:00Z,2026-05-01T19:38:00Z,0
APP-02190,prior_delinquencies,0.0,2026-05-12T08:36:00Z,2026-05-11T20:07:00Z,0
APP-02191,credit_utilization,0.295,2026-05-12T09:27:00Z,2026-05-11T23:57:00Z,0
APP-02191,debt_to_income,0.362,2026-05-12T09:27:00Z,2026-05-10T19:22:00Z,0
APP-02191,income,41348.0,2026-05-12T09:27:00Z,2026-04-17T20:04:00Z,0
APP-02191,months_employed,174.0,2026-05-12T09:27:00Z,2026-04-29T23:25:00Z,0
APP-02191,prior_delinquencies,1.0,2026-05-12T09:27:00Z,2026-05-08T15:07:00Z,0
APP-02192,credit_utilization,0.466,2026-05-12T10:54:00Z,2026-05-11T06:57:00Z,0
APP-02192,debt_to_income,0.42,2026-05-12T10:54:00Z,2026-05-09T19:07:00Z,0
APP-02192,income,53251.0,2026-05-12T10:54:00Z,2026-05-11T09:43:00Z,0
APP-02192,months_employed,65.0,2026-05-12T10:54:00Z,2026-05-01T05:24:00Z,0
APP-02192,prior_delinquencies,0.0,2026-05-12T10:54:00Z,2026-05-09T17:52:00Z,0
APP-02193,credit_utilization,0.142,2026-05-12T13:57:00Z,2026-05-11T05:27:00Z,0
APP-02193,debt_to_income,0.179,2026-05-12T13:57:00Z,2026-05-11T00:31:00Z,0
APP-02193,income,63157.0,2026-05-12T13:57:00Z,2026-05-02T00:28:00Z,0
APP-02193,months_employed,4.0,2026-05-12T13:57:00Z,2026-05-01T11:01:00Z,0
APP-02193,prior_delinquencies,1.0,2026-05-12T13:57:00Z,2026-05-09T13:29:00Z,0
APP-02194,credit_utilization,0.482,2026-05-12T16:43:00Z,2026-05-11T16:02:00Z,1
APP-02194,debt_to_income,0.591,2026-05-12T16:43:00Z,2026-05-11T02:05:00Z,1
APP-02194,income,91574.0,2026-05-12T16:43:00Z,2026-04-12T23:16:00Z,1
APP-02194,months_employed,229.0,2026-05-12T16:43:00Z,2026-05-11T02:37:00Z,1
APP-02194,prior_delinquencies,1.0,2026-05-12T16:43:00Z,2026-05-09T21:42:00Z,1
APP-02195,credit_utilization,0.459,2026-05-12T18:55:00Z,2026-05-11T13:50:00Z,0
APP-02195,debt_to_income,0.425,2026-05-12T18:55:00Z,2026-05-10T03:35:00Z,0
APP-02195,income,55914.0,2026-05-12T18:55:00Z,2026-05-10T17:38:00Z,0
APP-02195,months_employed,113.0,2026-05-12T18:55:00Z,2026-05-08T01:31:00Z,0
APP-02195,prior_delinquencies,0.0,2026-05-12T18:55:00Z,2026-05-11T13:14:00Z,0
APP-02196,credit_utilization,0.109,2026-05-12T19:08:00Z,2026-05-11T23:32:00Z,0
APP-02196,debt_to_income,0.248,2026-05-12T19:08:00Z,2026-05-11T03:22:00Z,0
APP-02196,income,38849.0,2026-05-12T19:08:00Z,2026-04-15T10:07:00Z,0
APP-02196,months_employed,156.0,2026-05-12T19:08:00Z,2026-04-29T05:49:00Z,0
APP-02196,prior_delinquencies,0.0,2026-05-12T19:08:00Z,2026-05-09T08:37:00Z,0
APP-02197,credit_utilization,0.476,2026-05-12T19:37:00Z,2026-05-11T03:15:00Z,1
APP-02197,debt_to_income,0.397,2026-05-12T19:37:00Z,2026-05-10T16:53:00Z,1
APP-02197,income,56236.0,2026-05-12T19:37:00Z,2026-04-18T09:03:00Z,1
APP-02197,months_employed,175.0,2026-05-12T19:37:00Z,2026-05-11T17:59:00Z,1
APP-02197,prior_delinquencies,2.0,2026-05-12T19:37:00Z,2026-05-11T11:58:00Z,1
APP-02198,credit_utilization,0.54,2026-05-12T21:34:00Z,2026-05-11T12:27:00Z,0
APP-02198,debt_to_income,0.415,2026-05-12T21:34:00Z,2026-05-11T19:26:00Z,0
APP-02198,income,83244.0,2026-05-12T21:34:00Z,2026-04-15T18:20:00Z,0
APP-02198,months_employed,39.0,2026-05-12T21:34:00Z,2026-05-10T15:49:00Z,0
APP-02198,prior_delinquencies,0.0,2026-05-12T21:34:00Z,2026-05-09T05:56:00Z,0
APP-02199,credit_utilization,0.349,2026-05-12T21:50:00Z,2026-05-11T14:52:00Z,0
APP-02199,debt_to_income,0.358,2026-05-12T21:50:00Z,2026-05-12T06:37:00Z,0
APP-02199,income,22516.0,2026-05-12T21:50:00Z,2026-05-01T21:17:00Z,0
APP-02199,months_employed,201.0,2026-05-12T21:50:00Z,2026-05-10T11:29:00Z,0
APP-02199,prior_delinquencies,0.0,2026-05-12T21:50:00Z,2026-05-10T06:18:00Z,0
APP-02200,credit_utilization,0.261,2026-05-13T01:07:00Z,2026-05-11T11:43:00Z,0
APP-02200,debt_to_income,0.281,2026-05-13T01:07:00Z,2026-05-12T17:58:00Z,0
APP-02200,income,42627.0,2026-05-13T01:07:00Z,2026-05-02T22:11:00Z,0
APP-02200,months_employed,191.0,2026-05-13T01:07:00Z,2026-05-03T22:32:00Z,0
APP-02200,prior_delinquencies,0.0,2026-05-13T01:07:00Z,2026-05-12T03:01:00Z,0
APP-02201,credit_utilization,0.599,2026-05-13T04:49:00Z,2026-05-11T07:22:00Z,0
APP-02201,debt_to_income,0.468,2026-05-13T04:49:00Z,2026-05-12T21:05:00Z,0
APP-02201,income,64456.0,2026-05-13T04:49:00Z,2026-04-20T22:50:00Z,0
APP-02201,months_employed,34.0,2026-05-13T04:49:00Z,2026-05-05T21:10:00Z,0
APP-02201,prior_delinquencies,0.0,2026-05-13T04:49:00Z,2026-05-12T14:46:00Z,0
APP-02202,credit_utilization,0.312,2026-05-13T06:13:00Z,2026-05-12T04:23:00Z,0
APP-02202,debt_to_income,0.215,2026-05-13T06:13:00Z,2026-05-10T12:06:00Z,0
APP-02202,income,62496.0,2026-05-13T06:13:00Z,2026-04-24T04:42:00Z,0
APP-02202,months_employed,104.0,2026-05-13T06:13:00Z,2026-04-30T08:57:00Z,0
APP-02202,prior_delinquencies,0.0,2026-05-13T06:13:00Z,2026-05-10T21:39:00Z,0
APP-02203,credit_utilization,0.5,2026-05-13T10:03:00Z,2026-05-12T16:43:00Z,0
APP-02203,debt_to_income,0.389,2026-05-13T10:03:00Z,2026-05-12T00:35:00Z,0
APP-02203,income,49800.0,2026-05-13T10:03:00Z,2026-04-16T06:14:00Z,0
APP-02203,months_employed,171.0,2026-05-13T10:03:00Z,2026-05-10T17:53:00Z,0
APP-02203,prior_delinquencies,0.0,2026-05-13T10:03:00Z,2026-05-11T16:23:00Z,0
APP-02204,credit_utilization,0.496,2026-05-13T10:34:00Z,2026-05-13T07:53:00Z,0
APP-02204,debt_to_income,0.52,2026-05-13T10:34:00Z,2026-05-10T23:05:00Z,0
APP-02204,income,64018.0,2026-05-13T10:34:00Z,2026-05-09T19:05:00Z,0
APP-02204,months_employed,230.0,2026-05-13T10:34:00Z,2026-05-11T01:23:00Z,0
APP-02204,prior_delinquencies,0.0,2026-05-13T10:34:00Z,2026-05-12T13:54:00Z,0
APP-02205,credit_utilization,0.185,2026-05-13T10:44:00Z,2026-05-12T17:14:00Z,0
APP-02205,debt_to_income,0.372,2026-05-13T10:44:00Z,2026-05-10T19:51:00Z,0
APP-02205,income,64899.0,2026-05-13T10:44:00Z,2026-04-19T10:15:00Z,0
APP-02205,months_employed,209.0,2026-05-13T10:44:00Z,2026-05-06T05:28:00Z,0
APP-02205,prior_delinquencies,1.0,2026-05-13T10:44:00Z,2026-05-10T02:19:00Z,0
APP-02206,credit_utilization,0.273,2026-05-13T11:24:00Z,2026-05-12T03:33:00Z,0
APP-02206,debt_to_income,0.275,2026-05-13T11:24:00Z,2026-05-12T07:26:00Z,0
APP-02206,income,128713.0,2026-05-13T11:24:00Z,2026-04-22T10:16:00Z,0
APP-02206,months_employed,50.0,2026-05-13T11:24:00Z,2026-05-08T13:56:00Z,0
APP-02206,prior_delinquencies,0.0,2026-05-13T11:24:00Z,2026-05-11T03:39:00Z,0
APP-02207,credit_utilization,0.0,2026-05-13T11:53:00Z,2026-05-13T07:00:00Z,0
APP-02207,debt_to_income,0.049,2026-05-13T11:53:00Z,2026-05-11T16:52:00Z,0
APP-02207,income,85985.0,2026-05-13T11:53:00Z,2026-05-09T20:55:00Z,0
APP-02207,months_employed,224.0,2026-05-13T11:53:00Z,2026-05-10T14:49:00Z,0
APP-02207,prior_delinquencies,0.0,2026-05-13T11:53:00Z,2026-05-13T09:18:00Z,0
APP-02208,credit_utilization,0.055,2026-05-13T13:56:00Z,2026-05-12T08:52:00Z,0
APP-02208,debt_to_income,0.241,2026-05-13T13:56:00Z,2026-05-12T01:16:00Z,0
APP-02208,income,43876.0,2026-05-13T13:56:00Z,2026-04-18T13:31:00Z,0
APP-02208,months_employed,70.0,2026-05-13T13:56:00Z,2026-05-04T15:52:00Z,0
APP-02208,prior_delinquencies,1.0,2026-05-13T13:56:00Z,2026-05-12T06:46:00Z,0
APP-02209,credit_utilization,0.378,2026-05-13T14:23:00Z,2026-05-12T21:41:00Z,0
APP-02209,debt_to_income,0.347,2026-05-13T14:23:00Z,2026-05-12T23:06:00Z,0
APP-02209,income,37539.0,2026-05-13T14:23:00Z,2026-04-17T20:46:00Z,0
APP-02209,months_employed,57.0,2026-05-13T14:23:00Z,2026-05-06T17:45:00Z,0
APP-02209,prior_delinquencies,0.0,2026-05-13T14:23:00Z,2026-05-11T22:46:00Z,0
APP-02210,credit_utilization,0.09,2026-05-13T14:38:00Z,2026-05-13T00:14:00Z,0
APP-02210,debt_to_income,0.343,2026-05-13T14:38:00Z,2026-05-12T07:16:00Z,0
APP-02210,income,53748.0,2026-05-13T14:38:00Z,2026-04-27T13:28:00Z,0
APP-02210,months_employed,146.0,2026-05-13T14:38:00Z,2026-05-11T04:20:00Z,0
APP-02210,prior_delinquencies,1.0,2026-05-13T14:38:00Z,2026-05-12T19:23:00Z,0
APP-02211,credit_utilization,0.434,2026-05-13T15:40:00Z,2026-05-12T17:04:00Z,0
APP-02211,debt_to_income,0.229,2026-05-13T15:40:00Z,2026-05-10T16:43:00Z,0
APP-02211,income,51141.0,2026-05-13T15:40:00Z,2026-05-10T02:38:00Z,0
APP-02211,months_employed,135.0,2026-05-13T15:40:00Z,2026-05-01T12:32:00Z,0
APP-02211,prior_delinquencies,1.0,2026-05-13T15:40:00Z,2026-05-12T20:08:00Z,0
APP-02212,credit_utilization,0.612,2026-05-13T16:14:00Z,2026-05-13T02:33:00Z,0
APP-02212,debt_to_income,0.435,2026-05-13T16:14:00Z,2026-05-12T07:28:00Z,0
APP-02212,income,52901.0,2026-05-13T16:14:00Z,2026-05-03T05:10:00Z,0
APP-02212,months_employed,167.0,2026-05-13T16:14:00Z,2026-05-07T19:39:00Z,0
APP-02212,prior_delinquencies,0.0,2026-05-13T16:14:00Z,2026-05-12T23:41:00Z,0
APP-02213,credit_utilization,0.219,2026-05-13T17:15:00Z,2026-05-13T10:21:00Z,0
APP-02213,debt_to_income,0.328,2026-05-13T17:15:00Z,2026-05-11T20:19:00Z,0
APP-02213,income,72813.0,2026-05-13T17:15:00Z,2026-05-04T17:05:00Z,0
APP-02213,months_employed,19.0,2026-05-13T17:15:00Z,2026-04-30T06:46:00Z,0
APP-02213,prior_delinquencies,0.0,2026-05-13T17:15:00Z,2026-05-11T13:38:00Z,0
APP-02214,credit_utilization,0.314,2026-05-13T17:55:00Z,2026-05-12T15:08:00Z,0
APP-02214,debt_to_income,0.226,2026-05-13T17:55:00Z,2026-05-12T11:58:00Z,0
APP-02214,income,60238.0,2026-05-13T17:55:00Z,2026-05-10T15:57:00Z,0
APP-02214,months_employed,56.0,2026-05-13T17:55:00Z,2026-05-12T05:30:00Z,0
APP-02214,prior_delinquencies,0.0,2026-05-13T17:55:00Z,2026-05-13T10:13:00Z,0
APP-02215,credit_utilization,0.458,2026-05-13T18:21:00Z,2026-05-13T04:40:00Z,0
APP-02215,debt_to_income,0.397,2026-05-13T18:21:00Z,2026-05-12T06:18:00Z,0
APP-02215,income,65921.0,2026-05-13T18:21:00Z,2026-04-17T08:35:00Z,0
APP-02215,months_employed,51.0,2026-05-13T18:21:00Z,2026-05-09T01:11:00Z,0
APP-02215,prior_delinquencies,1.0,2026-05-13T18:21:00Z,2026-05-10T22:11:00Z,0
APP-02216,credit_utilization,0.401,2026-05-13T20:05:00Z,2026-05-11T23:44:00Z,0
APP-02216,debt_to_income,0.519,2026-05-13T20:05:00Z,2026-05-12T18:47:00Z,0
APP-02216,income,32580.0,2026-05-13T20:05:00Z,2026-04-14T08:01:00Z,0
APP-02216,months_employed,211.0,2026-05-13T20:05:00Z,2026-05-04T21:30:00Z,0
APP-02216,prior_delinquencies,1.0,2026-05-13T20:05:00Z,2026-05-10T21:11:00Z,0
APP-02217,credit_utilization,0.464,2026-05-13T20:42:00Z,2026-05-12T18:30:00Z,0
APP-02217,debt_to_income,0.402,2026-05-13T20:42:00Z,2026-05-13T16:23:00Z,0
APP-02217,income,61573.0,2026-05-13T20:42:00Z,2026-04-30T20:30:00Z,0
APP-02217,months_employed,128.0,2026-05-13T20:42:00Z,2026-05-07T03:38:00Z,0
APP-02217,prior_delinquencies,0.0,2026-05-13T20:42:00Z,2026-05-10T02:45:00Z,0
APP-02218,credit_utilization,0.177,2026-05-13T21:22:00Z,2026-05-12T03:12:00Z,0
APP-02218,debt_to_income,0.052,2026-05-13T21:22:00Z,2026-05-11T23:05:00Z,0
APP-02218,income,68547.0,2026-05-13T21:22:00Z,2026-04-27T18:27:00Z,0
APP-02218,months_employed,202.0,2026-05-13T21:22:00Z,2026-05-09T22:51:00Z,0
APP-02218,prior_delinquencies,0.0,2026-05-13T21:22:00Z,2026-05-10T13:13:00Z,0
APP-02219,credit_utilization,0.238,2026-05-13T22:56:00Z,2026-05-12T08:16:00Z,0
APP-02219,debt_to_income,0.173,2026-05-13T22:56:00Z,2026-05-13T03:47:00Z,0
APP-02219,income,51641.0,2026-05-13T22:56:00Z,2026-04-14T17:55:00Z,0
APP-02219,months_employed,144.0,2026-05-13T22:56:00Z,2026-05-12T08:50:00Z,0
APP-02219,prior_delinquencies,1.0,2026-05-13T22:56:00Z,2026-05-11T00:24:00Z,0
APP-02220,credit_utilization,0.568,2026-05-13T23:08:00Z,2026-05-12T19:03:00Z,0
APP-02220,debt_to_income,0.146,2026-05-13T23:08:00Z,2026-05-12T02:33:00Z,0
APP-02220,income,49705.0,2026-05-13T23:08:00Z,2026-05-01T06:19:00Z,0
APP-02220,months_employed,52.0,2026-05-13T23:08:00Z,2026-05-11T21:36:00Z,0
APP-02220,prior_delinquencies,0.0,2026-05-13T23:08:00Z,2026-05-12T07:10:00Z,0
APP-02221,credit_utilization,0.288,2026-05-13T23:42:00Z,2026-05-12T04:51:00Z,0
APP-02221,debt_to_income,0.47,2026-05-13T23:42:00Z,2026-05-11T18:35:00Z,0
APP-02221,income,60547.0,2026-05-13T23:42:00Z,2026-04-25T01:15:00Z,0
APP-02221,months_employed,190.0,2026-05-13T23:42:00Z,2026-05-08T12:30:00Z,0
APP-02221,prior_delinquencies,0.0,2026-05-13T23:42:00Z,2026-05-10T20:03:00Z,0
APP-02222,credit_utilization,0.098,2026-05-14T00:45:00Z,2026-05-13T03:29:00Z,0
APP-02222,debt_to_income,0.237,2026-05-14T00:45:00Z,2026-05-11T18:55:00Z,0
APP-02222,income,76941.0,2026-05-14T00:45:00Z,2026-05-01T04:23:00Z,0
APP-02222,months_employed,90.0,2026-05-14T00:45:00Z,2026-05-09T00:46:00Z,0
APP-02222,prior_delinquencies,0.0,2026-05-14T00:45:00Z,2026-05-13T01:02:00Z,0
APP-02223,credit_utilization,0.362,2026-05-14T01:43:00Z,2026-05-12T14:03:00Z,1
APP-02223,debt_to_income,0.262,2026-05-14T01:43:00Z,2026-05-11T17:15:00Z,1
APP-02223,income,86677.0,2026-05-14T01:43:00Z,2026-04-28T03:57:00Z,1
APP-02223,months_employed,64.0,2026-05-14T01:43:00Z,2026-05-12T12:50:00Z,1
APP-02223,prior_delinquencies,0.0,2026-05-14T01:43:00Z,2026-05-11T20:58:00Z,1
APP-02224,credit_utilization,0.584,2026-05-14T05:32:00Z,2026-05-12T17:24:00Z,0
APP-02224,debt_to_income,0.345,2026-05-14T05:32:00Z,2026-05-12T02:15:00Z,0
APP-02224,income,31310.0,2026-05-14T05:32:00Z,2026-05-08T22:11:00Z,0
APP-02224,months_employed,111.0,2026-05-14T05:32:00Z,2026-05-01T12:51:00Z,0
APP-02224,prior_delinquencies,0.0,2026-05-14T05:32:00Z,2026-05-13T16:00:00Z,0
APP-02225,credit_utilization,0.212,2026-05-14T05:32:00Z,2026-05-13T04:19:00Z,0
APP-02225,debt_to_income,0.228,2026-05-14T05:32:00Z,2026-05-13T23:43:00Z,0
APP-02225,income,64791.0,2026-05-14T05:32:00Z,2026-04-24T09:48:00Z,0
APP-02225,months_employed,33.0,2026-05-14T05:32:00Z,2026-05-01T23:06:00Z,0
APP-02225,prior_delinquencies,0.0,2026-05-14T05:32:00Z,2026-05-11T20:18:00Z,0
APP-02226,credit_utilization,0.53,2026-05-14T08:29:00Z,2026-05-12T10:51:00Z,1
APP-02226,debt_to_income,0.387,2026-05-14T08:29:00Z,2026-05-11T15:35:00Z,1
APP-02226,income,49896.0,2026-05-14T08:29:00Z,2026-05-11T01:41:00Z,1
APP-02226,months_employed,202.0,2026-05-14T08:29:00Z,2026-05-12T16:55:00Z,1
APP-02226,prior_delinquencies,0.0,2026-05-14T08:29:00Z,2026-05-13T11:21:00Z,1
APP-02227,credit_utilization,0.582,2026-05-14T08:33:00Z,2026-05-13T20:25:00Z,1
APP-02227,debt_to_income,0.486,2026-05-14T08:33:00Z,2026-05-11T13:40:00Z,1
APP-02227,income,52421.0,2026-05-14T08:33:00Z,2026-04-14T09:30:00Z,1
APP-02227,months_employed,69.0,2026-05-14T08:33:00Z,2026-05-05T12:00:00Z,1
APP-02227,prior_delinquencies,2.0,2026-05-14T08:33:00Z,2026-05-13T03:25:00Z,1
APP-02228,credit_utilization,0.0,2026-05-14T08:53:00Z,2026-05-13T15:52:00Z,0
APP-02228,debt_to_income,0.249,2026-05-14T08:53:00Z,2026-05-13T01:49:00Z,0
APP-02228,income,31175.0,2026-05-14T08:53:00Z,2026-04-29T15:39:00Z,0
APP-02228,months_employed,134.0,2026-05-14T08:53:00Z,2026-05-01T14:57:00Z,0
APP-02228,prior_delinquencies,1.0,2026-05-14T08:53:00Z,2026-05-12T07:07:00Z,0
APP-02229,credit_utilization,0.334,2026-05-14T14:09:00Z,2026-05-13T16:33:00Z,0
APP-02229,debt_to_income,0.307,2026-05-14T14:09:00Z,2026-05-13T16:16:00Z,0
APP-02229,income,38147.0,2026-05-14T14:09:00Z,2026-05-08T12:45:00Z,0
APP-02229,months_employed,30.0,2026-05-14T14:09:00Z,2026-05-06T05:08:00Z,0
APP-02229,prior_delinquencies,0.0,2026-05-14T14:09:00Z,2026-05-13T00:35:00Z,0
APP-02230,credit_utilization,0.61,2026-05-14T14:51:00Z,2026-05-14T12:39:00Z,0
APP-02230,debt_to_income,0.392,2026-05-14T14:51:00Z,2026-05-12T05:57:00Z,0
APP-02230,income,30258.0,2026-05-14T14:51:00Z,2026-04-24T08:32:00Z,0
APP-02230,months_employed,112.0,2026-05-14T14:51:00Z,2026-05-11T13:35:00Z,0
APP-02230,prior_delinquencies,2.0,2026-05-14T14:51:00Z,2026-05-12T16:07:00Z,0
APP-02231,credit_utilization,0.711,2026-05-14T16:34:00Z,2026-05-13T14:56:00Z,0
APP-02231,debt_to_income,0.416,2026-05-14T16:34:00Z,2026-05-13T14:09:00Z,0
APP-02231,income,62199.0,2026-05-14T16:34:00Z,2026-04-15T12:38:00Z,0
APP-02231,months_employed,127.0,2026-05-14T16:34:00Z,2026-05-02T08:44:00Z,0
APP-02231,prior_delinquencies,1.0,2026-05-14T16:34:00Z,2026-05-11T07:42:00Z,0
APP-02232,credit_utilization,0.703,2026-05-14T17:02:00Z,2026-05-14T06:16:00Z,0
APP-02232,debt_to_income,0.342,2026-05-14T17:02:00Z,2026-05-13T00:39:00Z,0
APP-02232,income,55692.0,2026-05-14T17:02:00Z,2026-04-22T08:29:00Z,0
APP-02232,months_employed,235.0,2026-05-14T17:02:00Z,2026-05-01T15:52:00Z,0
APP-02232,prior_delinquencies,2.0,2026-05-14T17:02:00Z,2026-05-13T05:55:00Z,0
APP-02233,credit_utilization,0.206,2026-05-14T17:03:00Z,2026-05-14T16:02:00Z,0
APP-02233,debt_to_income,0.233,2026-05-14T17:03:00Z,2026-05-14T11:46:00Z,0
APP-02233,income,37359.0,2026-05-14T17:03:00Z,2026-04-19T22:13:00Z,0
APP-02233,months_employed,30.0,2026-05-14T17:03:00Z,2026-05-11T02:53:00Z,0
APP-02233,prior_delinquencies,0.0,2026-05-14T17:03:00Z,2026-05-11T00:00:00Z,0
APP-02234,credit_utilization,0.131,2026-05-14T17:25:00Z,2026-05-13T17:23:00Z,0
APP-02234,debt_to_income,0.222,2026-05-14T17:25:00Z,2026-05-12T13:42:00Z,0
APP-02234,income,36420.0,2026-05-14T17:25:00Z,2026-05-04T01:11:00Z,0
APP-02234,months_employed,111.0,2026-05-14T17:25:00Z,2026-05-07T10:03:00Z,0
APP-02234,prior_delinquencies,0.0,2026-05-14T17:25:00Z,2026-05-12T13:53:00Z,0
APP-02235,credit_utilization,0.338,2026-05-14T19:08:00Z,2026-05-14T06:47:00Z,0
APP-02235,debt_to_income,0.237,2026-05-14T19:08:00Z,2026-05-13T00:56:00Z,0
APP-02235,income,64528.0,2026-05-14T19:08:00Z,2026-05-08T14:40:00Z,0
APP-02235,months_employed,181.0,2026-05-14T19:08:00Z,2026-05-03T07:12:00Z,0
APP-02235,prior_delinquencies,0.0,2026-05-14T19:08:00Z,2026-05-11T21:20:00Z,0
APP-02236,credit_utilization,0.255,2026-05-14T20:04:00Z,2026-05-13T19:45:00Z,0
APP-02236,debt_to_income,0.275,2026-05-14T20:04:00Z,2026-05-14T05:00:00Z,0
APP-02236,income,57710.0,2026-05-14T20:04:00Z,2026-05-08T10:33:00Z,0
APP-02236,months_employed,171.0,2026-05-14T20:04:00Z,2026-05-10T01:33:00Z,0
APP-02236,prior_delinquencies,0.0,2026-05-14T20:04:00Z,2026-05-10T20:22:00Z,0
APP-02237,credit_utilization,0.639,2026-05-14T21:36:00Z,2026-05-14T03:01:00Z,0
APP-02237,debt_to_income,0.341,2026-05-14T21:36:00Z,2026-05-13T14:22:00Z,0
APP-02237,income,70450.0,2026-05-14T21:36:00Z,2026-04-17T10:32:00Z,0
APP-02237,months_employed,96.0,2026-05-14T21:36:00Z,2026-05-07T13:41:00Z,0
APP-02237,prior_delinquencies,0.0,2026-05-14T21:36:00Z,2026-05-13T08:53:00Z,0
APP-02238,credit_utilization,0.563,2026-05-14T22:11:00Z,2026-05-13T13:14:00Z,1
APP-02238,debt_to_income,0.382,2026-05-14T22:11:00Z,2026-05-14T04:46:00Z,1
APP-02238,income,44783.0,2026-05-14T22:11:00Z,2026-04-22T05:00:00Z,1
APP-02238,months_employed,55.0,2026-05-14T22:11:00Z,2026-05-11T00:30:00Z,1
APP-02238,prior_delinquencies,0.0,2026-05-14T22:11:00Z,2026-05-13T14:31:00Z,1
APP-02239,credit_utilization,0.529,2026-05-14T22:42:00Z,2026-05-14T18:46:00Z,0
APP-02239,debt_to_income,0.36,2026-05-14T22:42:00Z,2026-05-13T10:24:00Z,0
APP-02239,income,33228.0,2026-05-14T22:42:00Z,2026-04-15T11:55:00Z,0
APP-02239,months_employed,39.0,2026-05-14T22:42:00Z,2026-05-08T05:26:00Z,0
APP-02239,prior_delinquencies,0.0,2026-05-14T22:42:00Z,2026-05-11T21:01:00Z,0
APP-02240,credit_utilization,0.5,2026-05-15T00:46:00Z,2026-05-13T16:36:00Z,0
APP-02240,debt_to_income,0.467,2026-05-15T00:46:00Z,2026-05-13T04:56:00Z,0
APP-02240,income,17103.0,2026-05-15T00:46:00Z,2026-05-02T07:55:00Z,0
APP-02240,months_employed,108.0,2026-05-15T00:46:00Z,2026-05-09T06:15:00Z,0
APP-02240,prior_delinquencies,0.0,2026-05-15T00:46:00Z,2026-05-14T19:45:00Z,0
APP-02241,credit_utilization,0.593,2026-05-15T00:54:00Z,2026-05-13T10:53:00Z,0
APP-02241,debt_to_income,0.369,2026-05-15T00:54:00Z,2026-05-14T15:45:00Z,0
APP-02241,income,29183.0,2026-05-15T00:54:00Z,2026-04-17T04:32:00Z,0
APP-02241,months_employed,68.0,2026-05-15T00:54:00Z,2026-05-02T05:01:00Z,0
APP-02241,prior_delinquencies,1.0,2026-05-15T00:54:00Z,2026-05-14T01:31:00Z,0
APP-02242,credit_utilization,0.32,2026-05-15T02:11:00Z,2026-05-13T11:37:00Z,0
APP-02242,debt_to_income,0.221,2026-05-15T02:11:00Z,2026-05-12T14:02:00Z,0
APP-02242,income,36277.0,2026-05-15T02:11:00Z,2026-05-04T05:55:00Z,0
APP-02242,months_employed,86.0,2026-05-15T02:11:00Z,2026-05-08T23:12:00Z,0
APP-02242,prior_delinquencies,0.0,2026-05-15T02:11:00Z,2026-05-14T22:11:00Z,0
APP-02243,credit_utilization,0.344,2026-05-15T02:36:00Z,2026-05-13T13:54:00Z,0
APP-02243,debt_to_income,0.344,2026-05-15T02:36:00Z,2026-05-12T08:45:00Z,0
APP-02243,income,47942.0,2026-05-15T02:36:00Z,2026-04-26T06:19:00Z,0
APP-02243,months_employed,116.0,2026-05-15T02:36:00Z,2026-05-12T00:24:00Z,0
APP-02243,prior_delinquencies,2.0,2026-05-15T02:36:00Z,2026-05-13T15:53:00Z,0
APP-02244,credit_utilization,0.345,2026-05-15T03:23:00Z,2026-05-13T19:26:00Z,0
APP-02244,debt_to_income,0.214,2026-05-15T03:23:00Z,2026-05-14T11:42:00Z,0
APP-02244,income,36910.0,2026-05-15T03:23:00Z,2026-04-25T05:03:00Z,0
APP-02244,months_employed,108.0,2026-05-15T03:23:00Z,2026-05-01T20:33:00Z,0
APP-02244,prior_delinquencies,1.0,2026-05-15T03:23:00Z,2026-05-12T22:35:00Z,0
APP-02245,credit_utilization,0.36,2026-05-15T04:25:00Z,2026-05-13T23:02:00Z,0
APP-02245,debt_to_income,0.347,2026-05-15T04:25:00Z,2026-05-12T10:59:00Z,0
APP-02245,income,52804.0,2026-05-15T04:25:00Z,2026-05-10T17:03:00Z,0
APP-02245,months_employed,98.0,2026-05-15T04:25:00Z,2026-05-04T03:56:00Z,0
APP-02245,prior_delinquencies,1.0,2026-05-15T04:25:00Z,2026-05-11T08:35:00Z,0
APP-02246,credit_utilization,0.403,2026-05-15T07:55:00Z,2026-05-15T04:08:00Z,0
APP-02246,debt_to_income,0.358,2026-05-15T07:55:00Z,2026-05-12T18:17:00Z,0
APP-02246,income,50210.0,2026-05-15T07:55:00Z,2026-04-20T03:05:00Z,0
APP-02246,months_employed,144.0,2026-05-15T07:55:00Z,2026-05-08T20:31:00Z,0
APP-02246,prior_delinquencies,1.0,2026-05-15T07:55:00Z,2026-05-14T12:06:00Z,0
APP-02247,credit_utilization,0.445,2026-05-15T08:05:00Z,2026-05-14T00:29:00Z,0
APP-02247,debt_to_income,0.573,2026-05-15T08:05:00Z,2026-05-12T23:28:00Z,0
APP-02247,income,47087.0,2026-05-15T08:05:00Z,2026-04-27T00:33:00Z,0
APP-02247,months_employed,211.0,2026-05-15T08:05:00Z,2026-05-09T07:40:00Z,0
APP-02247,prior_delinquencies,1.0,2026-05-15T08:05:00Z,2026-05-13T21:15:00Z,0
APP-02248,credit_utilization,0.616,2026-05-15T10:15:00Z,2026-05-15T07:12:00Z,0
APP-02248,debt_to_income,0.36,2026-05-15T10:15:00Z,2026-05-12T18:37:00Z,0
APP-02248,income,34589.0,2026-05-15T10:15:00Z,2026-05-08T11:23:00Z,0
APP-02248,months_employed,62.0,2026-05-15T10:15:00Z,2026-05-06T20:30:00Z,0
APP-02248,prior_delinquencies,0.0,2026-05-15T10:15:00Z,2026-05-15T00:43:00Z,0
APP-02249,credit_utilization,0.557,2026-05-15T11:54:00Z,2026-05-15T02:49:00Z,0
APP-02249,debt_to_income,0.212,2026-05-15T11:54:00Z,2026-05-14T09:39:00Z,0
APP-02249,income,31291.0,2026-05-15T11:54:00Z,2026-04-29T14:25:00Z,0
APP-02249,months_employed,177.0,2026-05-15T11:54:00Z,2026-05-07T01:14:00Z,0
APP-02249,prior_delinquencies,0.0,2026-05-15T11:54:00Z,2026-05-15T05:38:00Z,0
APP-02250,credit_utilization,0.546,2026-05-15T14:17:00Z,2026-05-13T15:37:00Z,1
APP-02250,debt_to_income,0.326,2026-05-15T14:17:00Z,2026-05-15T06:58:00Z,1
APP-02250,income,78583.0,2026-05-15T14:17:00Z,2026-05-02T13:25:00Z,1
APP-02250,months_employed,57.0,2026-05-15T14:17:00Z,2026-05-12T18:05:00Z,1
APP-02250,prior_delinquencies,0.0,2026-05-15T14:17:00Z,2026-05-15T09:10:00Z,1
APP-02251,credit_utilization,0.339,2026-05-15T14:25:00Z,2026-05-14T14:59:00Z,0
APP-02251,debt_to_income,0.422,2026-05-15T14:25:00Z,2026-05-12T23:27:00Z,0
APP-02251,income,36115.0,2026-05-15T14:25:00Z,2026-05-12T00:08:00Z,0
APP-02251,months_employed,182.0,2026-05-15T14:25:00Z,2026-05-04T05:40:00Z,0
APP-02251,prior_delinquencies,0.0,2026-05-15T14:25:00Z,2026-05-13T05:22:00Z,0
APP-02252,credit_utilization,0.531,2026-05-15T17:19:00Z,2026-05-14T16:46:00Z,0
APP-02252,debt_to_income,0.481,2026-05-15T17:19:00Z,2026-05-13T23:46:00Z,0
APP-02252,income,38895.0,2026-05-15T17:19:00Z,2026-05-14T08:36:00Z,0
APP-02252,months_employed,198.0,2026-05-15T17:19:00Z,2026-05-12T04:06:00Z,0
APP-02252,prior_delinquencies,0.0,2026-05-15T17:19:00Z,2026-05-13T21:43:00Z,0
APP-02253,credit_utilization,0.263,2026-05-15T19:58:00Z,2026-05-15T15:05:00Z,0
APP-02253,debt_to_income,0.429,2026-05-15T19:58:00Z,2026-05-14T13:42:00Z,0
APP-02253,income,61566.0,2026-05-15T19:58:00Z,2026-04-17T16:43:00Z,0
APP-02253,months_employed,41.0,2026-05-15T19:58:00Z,2026-05-03T01:18:00Z,0
APP-02253,prior_delinquencies,0.0,2026-05-15T19:58:00Z,2026-05-14T21:34:00Z,0
APP-02254,credit_utilization,0.243,2026-05-15T22:54:00Z,2026-05-15T07:07:00Z,0
APP-02254,debt_to_income,0.444,2026-05-15T22:54:00Z,2026-05-13T16:20:00Z,0
APP-02254,income,52831.0,2026-05-15T22:54:00Z,2026-05-01T16:46:00Z,0
APP-02254,months_employed,25.0,2026-05-15T22:54:00Z,2026-05-11T21:26:00Z,0
APP-02254,prior_delinquencies,1.0,2026-05-15T22:54:00Z,2026-05-13T04:58:00Z,0
APP-02255,credit_utilization,0.275,2026-05-15T22:56:00Z,2026-05-14T04:11:00Z,0
APP-02255,debt_to_income,0.429,2026-05-15T22:56:00Z,2026-05-15T06:22:00Z,0
APP-02255,income,40030.0,2026-05-15T22:56:00Z,2026-04-16T21:53:00Z,0
APP-02255,months_employed,98.0,2026-05-15T22:56:00Z,2026-05-08T13:05:00Z,0
APP-02255,prior_delinquencies,2.0,2026-05-15T22:56:00Z,2026-05-13T09:22:00Z,0
APP-02256,credit_utilization,0.218,2026-05-16T03:12:00Z,2026-05-15T08:49:00Z,0
APP-02256,debt_to_income,0.326,2026-05-16T03:12:00Z,2026-05-14T13:29:00Z,0
APP-02256,income,44294.0,2026-05-16T03:12:00Z,2026-04-24T04:03:00Z,0
APP-02256,months_employed,158.0,2026-05-16T03:12:00Z,2026-05-03T19:30:00Z,0
APP-02256,prior_delinquencies,0.0,2026-05-16T03:12:00Z,2026-05-15T19:57:00Z,0
APP-02257,credit_utilization,0.312,2026-05-16T03:28:00Z,2026-05-15T23:18:00Z,0
APP-02257,debt_to_income,0.327,2026-05-16T03:28:00Z,2026-05-14T03:00:00Z,0
APP-02257,income,88988.0,2026-05-16T03:28:00Z,2026-05-08T01:29:00Z,0
APP-02257,months_employed,169.0,2026-05-16T03:28:00Z,2026-05-11T15:37:00Z,0
APP-02257,prior_delinquencies,0.0,2026-05-16T03:28:00Z,2026-05-14T17:22:00Z,0
APP-02258,credit_utilization,0.399,2026-05-16T03:30:00Z,2026-05-15T11:03:00Z,0
APP-02258,debt_to_income,0.36,2026-05-16T03:30:00Z,2026-05-15T16:55:00Z,0
APP-02258,income,68358.0,2026-05-16T03:30:00Z,2026-05-09T17:53:00Z,0
APP-02258,months_employed,93.0,2026-05-16T03:30:00Z,2026-05-05T04:46:00Z,0
APP-02258,prior_delinquencies,0.0,2026-05-16T03:30:00Z,2026-05-13T05:18:00Z,0
APP-02259,credit_utilization,0.417,2026-05-16T04:37:00Z,2026-05-15T17:43:00Z,0
APP-02259,debt_to_income,0.372,2026-05-16T04:37:00Z,2026-05-13T22:22:00Z,0
APP-02259,income,54162.0,2026-05-16T04:37:00Z,2026-04-25T20:40:00Z,0
APP-02259,months_employed,161.0,2026-05-16T04:37:00Z,2026-05-02T05:44:00Z,0
APP-02259,prior_delinquencies,0.0,2026-05-16T04:37:00Z,2026-05-12T18:26:00Z,0
APP-02260,credit_utilization,0.366,2026-05-16T04:58:00Z,2026-05-14T18:14:00Z,0
APP-02260,debt_to_income,0.354,2026-05-16T04:58:00Z,2026-05-13T13:54:00Z,0
APP-02260,income,64608.0,2026-05-16T04:58:00Z,2026-05-02T05:46:00Z,0
APP-02260,months_employed,206.0,2026-05-16T04:58:00Z,2026-05-09T10:39:00Z,0
APP-02260,prior_delinquencies,0.0,2026-05-16T04:58:00Z,2026-05-15T22:47:00Z,0
APP-02261,credit_utilization,0.468,2026-05-16T05:14:00Z,2026-05-14T23:25:00Z,0
APP-02261,debt_to_income,0.365,2026-05-16T05:14:00Z,2026-05-14T00:18:00Z,0
APP-02261,income,25176.0,2026-05-16T05:14:00Z,2026-04-23T15:15:00Z,0
APP-02261,months_employed,129.0,2026-05-16T05:14:00Z,2026-05-03T01:58:00Z,0
APP-02261,prior_delinquencies,1.0,2026-05-16T05:14:00Z,2026-05-15T12:45:00Z,0
APP-02262,credit_utilization,0.289,2026-05-16T05:46:00Z,2026-05-15T18:31:00Z,0
APP-02262,debt_to_income,0.199,2026-05-16T05:46:00Z,2026-05-13T19:38:00Z,0
APP-02262,income,43716.0,2026-05-16T05:46:00Z,2026-04-19T07:34:00Z,0
APP-02262,months_employed,56.0,2026-05-16T05:46:00Z,2026-05-06T13:58:00Z,0
APP-02262,prior_delinquencies,0.0,2026-05-16T05:46:00Z,2026-05-15T08:16:00Z,0
APP-02263,credit_utilization,0.342,2026-05-16T06:06:00Z,2026-05-16T02:30:00Z,0
APP-02263,debt_to_income,0.186,2026-05-16T06:06:00Z,2026-05-15T19:10:00Z,0
APP-02263,income,77888.0,2026-05-16T06:06:00Z,2026-05-09T01:36:00Z,0
APP-02263,months_employed,154.0,2026-05-16T06:06:00Z,2026-05-04T15:09:00Z,0
APP-02263,prior_delinquencies,0.0,2026-05-16T06:06:00Z,2026-05-12T21:37:00Z,0
APP-02264,credit_utilization,0.339,2026-05-16T06:17:00Z,2026-05-14T13:33:00Z,0
APP-02264,debt_to_income,0.487,2026-05-16T06:17:00Z,2026-05-15T21:43:00Z,0
APP-02264,income,87523.0,2026-05-16T06:17:00Z,2026-04-24T20:59:00Z,0
APP-02264,months_employed,172.0,2026-05-16T06:17:00Z,2026-05-12T17:56:00Z,0
APP-02264,prior_delinquencies,0.0,2026-05-16T06:17:00Z,2026-05-13T10:10:00Z,0
APP-02265,credit_utilization,0.389,2026-05-16T07:21:00Z,2026-05-15T07:32:00Z,0
APP-02265,debt_to_income,0.205,2026-05-16T07:21:00Z,2026-05-14T11:17:00Z,0
APP-02265,income,35576.0,2026-05-16T07:21:00Z,2026-05-09T04:11:00Z,0
APP-02265,months_employed,193.0,2026-05-16T07:21:00Z,2026-05-03T21:00:00Z,0
APP-02265,prior_delinquencies,0.0,2026-05-16T07:21:00Z,2026-05-13T05:05:00Z,0
APP-02266,credit_utilization,0.141,2026-05-16T10:41:00Z,2026-05-16T07:39:00Z,0
APP-02266,debt_to_income,0.265,2026-05-16T10:41:00Z,2026-05-13T19:28:00Z,0
APP-02266,income,52332.0,2026-05-16T10:41:00Z,2026-04-20T13:01:00Z,0
APP-02266,months_employed,26.0,2026-05-16T10:41:00Z,2026-05-12T02:01:00Z,0
APP-02266,prior_delinquencies,1.0,2026-05-16T10:41:00Z,2026-05-14T00:31:00Z,0
APP-02267,credit_utilization,0.254,2026-05-16T10:52:00Z,2026-05-14T11:19:00Z,0
APP-02267,debt_to_income,0.332,2026-05-16T10:52:00Z,2026-05-14T18:51:00Z,0
APP-02267,income,92902.0,2026-05-16T10:52:00Z,2026-05-04T17:08:00Z,0
APP-02267,months_employed,208.0,2026-05-16T10:52:00Z,2026-05-05T21:55:00Z,0
APP-02267,prior_delinquencies,0.0,2026-05-16T10:52:00Z,2026-05-12T12:12:00Z,0
APP-02268,credit_utilization,0.304,2026-05-16T10:57:00Z,2026-05-14T14:35:00Z,0
APP-02268,debt_to_income,0.293,2026-05-16T10:57:00Z,2026-05-13T22:25:00Z,0
APP-02268,income,63094.0,2026-05-16T10:57:00Z,2026-05-05T12:32:00Z,0
APP-02268,months_employed,184.0,2026-05-16T10:57:00Z,2026-05-09T13:47:00Z,0
APP-02268,prior_delinquencies,0.0,2026-05-16T10:57:00Z,2026-05-12T18:02:00Z,0
APP-02269,credit_utilization,0.553,2026-05-16T10:59:00Z,2026-05-14T14:15:00Z,0
APP-02269,debt_to_income,0.46,2026-05-16T10:59:00Z,2026-05-13T14:57:00Z,0
APP-02269,income,48562.0,2026-05-16T10:59:00Z,2026-04-23T04:56:00Z,0
APP-02269,months_employed,163.0,2026-05-16T10:59:00Z,2026-05-09T22:38:00Z,0
APP-02269,prior_delinquencies,2.0,2026-05-16T10:59:00Z,2026-05-12T14:20:00Z,0
APP-02270,credit_utilization,0.264,2026-05-16T11:07:00Z,2026-05-14T21:53:00Z,0
APP-02270,debt_to_income,0.254,2026-05-16T11:07:00Z,2026-05-15T03:48:00Z,0
APP-02270,income,33497.0,2026-05-16T11:07:00Z,2026-05-11T00:36:00Z,0
APP-02270,months_employed,57.0,2026-05-16T11:07:00Z,2026-05-08T06:12:00Z,0
APP-02270,prior_delinquencies,0.0,2026-05-16T11:07:00Z,2026-05-15T23:31:00Z,0
APP-02271,credit_utilization,0.474,2026-05-16T12:46:00Z,2026-05-16T02:29:00Z,0
APP-02271,debt_to_income,0.433,2026-05-16T12:46:00Z,2026-05-15T19:15:00Z,0
APP-02271,income,34074.0,2026-05-16T12:46:00Z,2026-05-03T14:03:00Z,0
APP-02271,months_employed,103.0,2026-05-16T12:46:00Z,2026-05-06T13:43:00Z,0
APP-02271,prior_delinquencies,2.0,2026-05-16T12:46:00Z,2026-05-15T16:36:00Z,0
APP-02272,credit_utilization,0.591,2026-05-16T12:50:00Z,2026-05-15T13:09:00Z,0
APP-02272,debt_to_income,0.428,2026-05-16T12:50:00Z,2026-05-15T23:26:00Z,0
APP-02272,income,60272.0,2026-05-16T12:50:00Z,2026-04-26T16:10:00Z,0
APP-02272,months_employed,16.0,2026-05-16T12:50:00Z,2026-05-13T11:02:00Z,0
APP-02272,prior_delinquencies,1.0,2026-05-16T12:50:00Z,2026-05-15T00:27:00Z,0
APP-02273,credit_utilization,0.266,2026-05-16T12:52:00Z,2026-05-16T06:01:00Z,0
APP-02273,debt_to_income,0.3,2026-05-16T12:52:00Z,2026-05-13T18:15:00Z,0
APP-02273,income,51247.0,2026-05-16T12:52:00Z,2026-04-30T01:11:00Z,0
APP-02273,months_employed,103.0,2026-05-16T12:52:00Z,2026-05-11T16:04:00Z,0
APP-02273,prior_delinquencies,0.0,2026-05-16T12:52:00Z,2026-05-12T13:58:00Z,0
APP-02274,credit_utilization,0.301,2026-05-16T14:38:00Z,2026-05-15T11:55:00Z,1
APP-02274,debt_to_income,0.477,2026-05-16T14:38:00Z,2026-05-14T21:52:00Z,1
APP-02274,income,48441.0,2026-05-16T14:38:00Z,2026-05-04T14:00:00Z,1
APP-02274,months_employed,223.0,2026-05-16T14:38:00Z,2026-05-05T22:28:00Z,1
APP-02274,prior_delinquencies,0.0,2026-05-16T14:38:00Z,2026-05-12T22:07:00Z,1
APP-02275,credit_utilization,0.308,2026-05-16T21:26:00Z,2026-05-16T10:43:00Z,0
APP-02275,debt_to_income,0.438,2026-05-16T21:26:00Z,2026-05-16T18:49:00Z,0
APP-02275,income,55456.0,2026-05-16T21:26:00Z,2026-05-02T17:33:00Z,0
APP-02275,months_employed,119.0,2026-05-16T21:26:00Z,2026-05-09T07:46:00Z,0
APP-02275,prior_delinquencies,0.0,2026-05-16T21:26:00Z,2026-05-13T16:56:00Z,0
APP-02276,credit_utilization,0.416,2026-05-16T22:30:00Z,2026-05-16T02:02:00Z,0
APP-02276,debt_to_income,0.258,2026-05-16T22:30:00Z,2026-05-14T04:54:00Z,0
APP-02276,income,37416.0,2026-05-16T22:30:00Z,2026-05-05T10:05:00Z,0
APP-02276,months_employed,122.0,2026-05-16T22:30:00Z,2026-05-06T07:04:00Z,0
APP-02276,prior_delinquencies,0.0,2026-05-16T22:30:00Z,2026-05-14T10:13:00Z,0
APP-02277,credit_utilization,0.26,2026-05-17T04:14:00Z,2026-05-15T10:29:00Z,0
APP-02277,debt_to_income,0.396,2026-05-17T04:14:00Z,2026-05-16T14:30:00Z,0
APP-02277,income,154780.0,2026-05-17T04:14:00Z,2026-05-14T16:33:00Z,0
APP-02277,months_employed,201.0,2026-05-17T04:14:00Z,2026-05-09T22:09:00Z,0
APP-02277,prior_delinquencies,0.0,2026-05-17T04:14:00Z,2026-05-13T16:26:00Z,0
APP-02278,credit_utilization,0.123,2026-05-17T05:43:00Z,2026-05-16T20:41:00Z,0
APP-02278,debt_to_income,0.29,2026-05-17T05:43:00Z,2026-05-14T13:19:00Z,0
APP-02278,income,53391.0,2026-05-17T05:43:00Z,2026-05-05T14:19:00Z,0
APP-02278,months_employed,138.0,2026-05-17T05:43:00Z,2026-05-06T01:59:00Z,0
APP-02278,prior_delinquencies,1.0,2026-05-17T05:43:00Z,2026-05-15T21:26:00Z,0
APP-02279,credit_utilization,0.141,2026-05-17T06:01:00Z,2026-05-17T03:23:00Z,0
APP-02279,debt_to_income,0.32,2026-05-17T06:01:00Z,2026-05-15T04:51:00Z,0
APP-02279,income,35853.0,2026-05-17T06:01:00Z,2026-04-24T10:32:00Z,0
APP-02279,months_employed,136.0,2026-05-17T06:01:00Z,2026-05-04T15:30:00Z,0
APP-02279,prior_delinquencies,0.0,2026-05-17T06:01:00Z,2026-05-14T20:31:00Z,0
APP-02280,credit_utilization,0.463,2026-05-17T10:16:00Z,2026-05-17T08:17:00Z,0
APP-02280,debt_to_income,0.512,2026-05-17T10:16:00Z,2026-05-17T01:12:00Z,0
APP-02280,income,19203.0,2026-05-17T10:16:00Z,2026-05-03T08:13:00Z,0
APP-02280,months_employed,232.0,2026-05-17T10:16:00Z,2026-05-08T16:53:00Z,0
APP-02280,prior_delinquencies,0.0,2026-05-17T10:16:00Z,2026-05-13T14:44:00Z,0
APP-02281,credit_utilization,0.452,2026-05-17T10:28:00Z,2026-05-17T08:00:00Z,0
APP-02281,debt_to_income,0.456,2026-05-17T10:28:00Z,2026-05-15T16:56:00Z,0
APP-02281,income,31836.0,2026-05-17T10:28:00Z,2026-05-09T18:41:00Z,0
APP-02281,months_employed,85.0,2026-05-17T10:28:00Z,2026-05-07T09:33:00Z,0
APP-02281,prior_delinquencies,0.0,2026-05-17T10:28:00Z,2026-05-13T18:01:00Z,0
APP-02282,credit_utilization,0.339,2026-05-17T10:37:00Z,2026-05-16T23:02:00Z,0
APP-02282,debt_to_income,0.238,2026-05-17T10:37:00Z,2026-05-15T11:01:00Z,0
APP-02282,income,48934.0,2026-05-17T10:37:00Z,2026-05-09T15:47:00Z,0
APP-02282,months_employed,87.0,2026-05-17T10:37:00Z,2026-05-04T16:33:00Z,0
APP-02282,prior_delinquencies,0.0,2026-05-17T10:37:00Z,2026-05-13T20:06:00Z,0
APP-02283,credit_utilization,0.147,2026-05-17T11:00:00Z,2026-05-15T23:35:00Z,0
APP-02283,debt_to_income,0.334,2026-05-17T11:00:00Z,2026-05-15T03:17:00Z,0
APP-02283,income,57408.0,2026-05-17T11:00:00Z,2026-04-27T04:24:00Z,0
APP-02283,months_employed,207.0,2026-05-17T11:00:00Z,2026-05-08T00:58:00Z,0
APP-02283,prior_delinquencies,0.0,2026-05-17T11:00:00Z,2026-05-14T02:50:00Z,0
APP-02284,credit_utilization,0.457,2026-05-17T13:41:00Z,2026-05-15T21:22:00Z,0
APP-02284,debt_to_income,0.432,2026-05-17T13:41:00Z,2026-05-17T06:06:00Z,0
APP-02284,income,27948.0,2026-05-17T13:41:00Z,2026-05-16T05:08:00Z,0
APP-02284,months_employed,34.0,2026-05-17T13:41:00Z,2026-05-14T08:23:00Z,0
APP-02284,prior_delinquencies,2.0,2026-05-17T13:41:00Z,2026-05-16T11:09:00Z,0
APP-02285,credit_utilization,0.318,2026-05-17T13:41:00Z,2026-05-16T11:56:00Z,0
APP-02285,debt_to_income,0.186,2026-05-17T13:41:00Z,2026-05-17T10:23:00Z,0
APP-02285,income,86356.0,2026-05-17T13:41:00Z,2026-05-05T19:35:00Z,0
APP-02285,months_employed,88.0,2026-05-17T13:41:00Z,2026-05-16T02:08:00Z,0
APP-02285,prior_delinquencies,0.0,2026-05-17T13:41:00Z,2026-05-15T14:58:00Z,0
APP-02286,credit_utilization,0.453,2026-05-17T14:11:00Z,2026-05-17T00:31:00Z,0
APP-02286,debt_to_income,0.338,2026-05-17T14:11:00Z,2026-05-17T08:06:00Z,0
APP-02286,income,43616.0,2026-05-17T14:11:00Z,2026-04-25T05:36:00Z,0
APP-02286,months_employed,138.0,2026-05-17T14:11:00Z,2026-05-04T05:18:00Z,0
APP-02286,prior_delinquencies,0.0,2026-05-17T14:11:00Z,2026-05-14T16:01:00Z,0
APP-02287,credit_utilization,0.054,2026-05-17T15:33:00Z,2026-05-17T00:48:00Z,0
APP-02287,debt_to_income,0.097,2026-05-17T15:33:00Z,2026-05-16T11:05:00Z,0
APP-02287,income,62306.0,2026-05-17T15:33:00Z,2026-04-25T20:44:00Z,0
APP-02287,months_employed,38.0,2026-05-17T15:33:00Z,2026-05-04T06:55:00Z,0
APP-02287,prior_delinquencies,0.0,2026-05-17T15:33:00Z,2026-05-15T15:37:00Z,0
APP-02288,credit_utilization,0.468,2026-05-17T17:22:00Z,2026-05-17T01:23:00Z,1
APP-02288,debt_to_income,0.386,2026-05-17T17:22:00Z,2026-05-14T22:27:00Z,1
APP-02288,income,25089.0,2026-05-17T17:22:00Z,2026-05-01T21:09:00Z,1
APP-02288,months_employed,221.0,2026-05-17T17:22:00Z,2026-05-14T05:21:00Z,1
APP-02288,prior_delinquencies,0.0,2026-05-17T17:22:00Z,2026-05-14T18:07:00Z,1
APP-02289,credit_utilization,0.331,2026-05-17T19:45:00Z,2026-05-16T13:18:00Z,0
APP-02289,debt_to_income,0.339,2026-05-17T19:45:00Z,2026-05-17T07:04:00Z,0
APP-02289,income,26861.0,2026-05-17T19:45:00Z,2026-04-23T02:28:00Z,0
APP-02289,months_employed,6.0,2026-05-17T19:45:00Z,2026-05-15T11:25:00Z,0
APP-02289,prior_delinquencies,0.0,2026-05-17T19:45:00Z,2026-05-15T04:17:00Z,0
APP-02290,credit_utilization,0.493,2026-05-17T19:49:00Z,2026-05-16T21:07:00Z,0
APP-02290,debt_to_income,0.344,2026-05-17T19:49:00Z,2026-05-15T13:25:00Z,0
APP-02290,income,28803.0,2026-05-17T19:49:00Z,2026-04-30T18:25:00Z,0
APP-02290,months_employed,14.0,2026-05-17T19:49:00Z,2026-05-05T14:30:00Z,0
APP-02290,prior_delinquencies,0.0,2026-05-17T19:49:00Z,2026-05-17T05:57:00Z,0
APP-02291,credit_utilization,0.668,2026-05-17T20:00:00Z,2026-05-16T18:43:00Z,0
APP-02291,debt_to_income,0.35,2026-05-17T20:00:00Z,2026-05-16T03:58:00Z,0
APP-02291,income,25043.0,2026-05-17T20:00:00Z,2026-05-10T12:22:00Z,0
APP-02291,months_employed,147.0,2026-05-17T20:00:00Z,2026-05-14T19:28:00Z,0
APP-02291,prior_delinquencies,0.0,2026-05-17T20:00:00Z,2026-05-14T23:19:00Z,0
APP-02292,credit_utilization,0.435,2026-05-17T23:51:00Z,2026-05-16T06:51:00Z,0
APP-02292,debt_to_income,0.298,2026-05-17T23:51:00Z,2026-05-15T08:15:00Z,0
APP-02292,income,57608.0,2026-05-17T23:51:00Z,2026-05-11T23:21:00Z,0
APP-02292,months_employed,7.0,2026-05-17T23:51:00Z,2026-05-12T19:18:00Z,0
APP-02292,prior_delinquencies,1.0,2026-05-17T23:51:00Z,2026-05-14T14:44:00Z,0
APP-02293,credit_utilization,0.552,2026-05-18T00:37:00Z,2026-05-16T11:28:00Z,0
APP-02293,debt_to_income,0.32,2026-05-18T00:37:00Z,2026-05-15T13:54:00Z,0
APP-02293,income,83355.0,2026-05-18T00:37:00Z,2026-05-14T09:57:00Z,0
APP-02293,months_employed,220.0,2026-05-18T00:37:00Z,2026-05-13T04:14:00Z,0
APP-02293,prior_delinquencies,1.0,2026-05-18T00:37:00Z,2026-05-17T09:16:00Z,0
APP-02294,credit_utilization,0.373,2026-05-18T01:43:00Z,2026-05-17T04:13:00Z,0
APP-02294,debt_to_income,0.309,2026-05-18T01:43:00Z,2026-05-15T21:06:00Z,0
APP-02294,income,36215.0,2026-05-18T01:43:00Z,2026-05-02T09:50:00Z,0
APP-02294,months_employed,52.0,2026-05-18T01:43:00Z,2026-05-07T02:37:00Z,0
APP-02294,prior_delinquencies,1.0,2026-05-18T01:43:00Z,2026-05-14T09:54:00Z,0
APP-02295,credit_utilization,0.081,2026-05-18T04:43:00Z,2026-05-17T00:15:00Z,0
APP-02295,debt_to_income,0.246,2026-05-18T04:43:00Z,2026-05-16T06:11:00Z,0
APP-02295,income,40414.0,2026-05-18T04:43:00Z,2026-05-15T11:09:00Z,0
APP-02295,months_employed,170.0,2026-05-18T04:43:00Z,2026-05-13T05:30:00Z,0
APP-02295,prior_delinquencies,1.0,2026-05-18T04:43:00Z,2026-05-14T05:35:00Z,0
APP-02296,credit_utilization,0.415,2026-05-18T05:41:00Z,2026-05-18T01:54:00Z,0
APP-02296,debt_to_income,0.312,2026-05-18T05:41:00Z,2026-05-17T13:12:00Z,0
APP-02296,income,120607.0,2026-05-18T05:41:00Z,2026-05-03T14:20:00Z,0
APP-02296,months_employed,164.0,2026-05-18T05:41:00Z,2026-05-14T22:16:00Z,0
APP-02296,prior_delinquencies,1.0,2026-05-18T05:41:00Z,2026-05-16T12:47:00Z,0
APP-02297,credit_utilization,0.384,2026-05-18T06:09:00Z,2026-05-16T21:15:00Z,0
APP-02297,debt_to_income,0.513,2026-05-18T06:09:00Z,2026-05-17T09:29:00Z,0
APP-02297,income,60966.0,2026-05-18T06:09:00Z,2026-05-12T12:35:00Z,0
APP-02297,months_employed,44.0,2026-05-18T06:09:00Z,2026-05-14T05:18:00Z,0
APP-02297,prior_delinquencies,0.0,2026-05-18T06:09:00Z,2026-05-17T08:33:00Z,0
APP-02298,credit_utilization,0.486,2026-05-18T09:04:00Z,2026-05-17T15:11:00Z,0
APP-02298,debt_to_income,0.328,2026-05-18T09:04:00Z,2026-05-16T16:01:00Z,0
APP-02298,income,41800.0,2026-05-18T09:04:00Z,2026-04-29T15:11:00Z,0
APP-02298,months_employed,162.0,2026-05-18T09:04:00Z,2026-05-06T13:25:00Z,0
APP-02298,prior_delinquencies,0.0,2026-05-18T09:04:00Z,2026-05-17T13:36:00Z,0
APP-02299,credit_utilization,0.385,2026-05-18T09:25:00Z,2026-05-17T02:01:00Z,1
APP-02299,debt_to_income,0.386,2026-05-18T09:25:00Z,2026-05-16T19:47:00Z,1
APP-02299,income,15665.0,2026-05-18T09:25:00Z,2026-04-27T07:19:00Z,1
APP-02299,months_employed,154.0,2026-05-18T09:25:00Z,2026-05-11T08:38:00Z,1
APP-02299,prior_delinquencies,3.0,2026-05-18T09:25:00Z,2026-05-15T08:19:00Z,1
APP-02300,credit_utilization,0.404,2026-05-18T09:26:00Z,2026-05-16T23:33:00Z,0
APP-02300,debt_to_income,0.452,2026-05-18T09:26:00Z,2026-05-17T11:44:00Z,0
APP-02300,income,47445.0,2026-05-18T09:26:00Z,2026-05-17T02:58:00Z,0
APP-02300,months_employed,37.0,2026-05-18T09:26:00Z,2026-05-14T20:38:00Z,0
APP-02300,prior_delinquencies,0.0,2026-05-18T09:26:00Z,2026-05-17T14:00:00Z,0
APP-02301,credit_utilization,0.249,2026-05-18T14:57:00Z,2026-05-17T01:01:00Z,0
APP-02301,debt_to_income,0.38,2026-05-18T14:57:00Z,2026-05-17T04:24:00Z,0
APP-02301,income,30396.0,2026-05-18T14:57:00Z,2026-05-07T05:05:00Z,0
APP-02301,months_employed,37.0,2026-05-18T14:57:00Z,2026-05-12T07:14:00Z,0
APP-02301,prior_delinquencies,0.0,2026-05-18T14:57:00Z,2026-05-18T06:39:00Z,0
APP-02302,credit_utilization,0.629,2026-05-18T15:52:00Z,2026-05-18T08:50:00Z,0
APP-02302,debt_to_income,0.421,2026-05-18T15:52:00Z,2026-05-16T21:33:00Z,0
APP-02302,income,31236.0,2026-05-18T15:52:00Z,2026-05-10T11:26:00Z,0
APP-02302,months_employed,10.0,2026-05-18T15:52:00Z,2026-05-04T17:55:00Z,0
APP-02302,prior_delinquencies,1.0,2026-05-18T15:52:00Z,2026-05-16T17:50:00Z,0
APP-02303,credit_utilization,0.659,2026-05-18T17:43:00Z,2026-05-17T16:37:00Z,0
APP-02303,debt_to_income,0.56,2026-05-18T17:43:00Z,2026-05-17T09:39:00Z,0
APP-02303,income,59525.0,2026-05-18T17:43:00Z,2026-05-14T01:21:00Z,0
APP-02303,months_employed,193.0,2026-05-18T17:43:00Z,2026-05-14T20:03:00Z,0
APP-02303,prior_delinquencies,0.0,2026-05-18T17:43:00Z,2026-05-16T00:38:00Z,0
APP-02304,credit_utilization,0.318,2026-05-18T18:44:00Z,2026-05-17T17:41:00Z,0
APP-02304,debt_to_income,0.236,2026-05-18T18:44:00Z,2026-05-18T08:42:00Z,0
APP-02304,income,97884.0,2026-05-18T18:44:00Z,2026-05-03T23:22:00Z,0
APP-02304,months_employed,127.0,2026-05-18T18:44:00Z,2026-05-17T17:53:00Z,0
APP-02304,prior_delinquencies,0.0,2026-05-18T18:44:00Z,2026-05-17T15:37:00Z,0
APP-02305,credit_utilization,0.0,2026-05-18T19:06:00Z,2026-05-17T17:20:00Z,0
APP-02305,debt_to_income,0.269,2026-05-18T19:06:00Z,2026-05-16T15:58:00Z,0
APP-02305,income,66048.0,2026-05-18T19:06:00Z,2026-04-28T03:26:00Z,0
APP-02305,months_employed,41.0,2026-05-18T19:06:00Z,2026-05-09T18:08:00Z,0
APP-02305,prior_delinquencies,0.0,2026-05-18T19:06:00Z,2026-05-18T09:40:00Z,0
APP-02306,credit_utilization,0.746,2026-05-19T02:03:00Z,2026-05-17T06:25:00Z,0
APP-02306,debt_to_income,0.508,2026-05-19T02:03:00Z,2026-05-16T10:50:00Z,0
APP-02306,income,59141.0,2026-05-19T02:03:00Z,2026-04-28T00:23:00Z,0
APP-02306,months_employed,2.0,2026-05-19T02:03:00Z,2026-05-08T18:31:00Z,0
APP-02306,prior_delinquencies,0.0,2026-05-19T02:03:00Z,2026-05-16T09:57:00Z,0
APP-02307,credit_utilization,0.51,2026-05-19T04:23:00Z,2026-05-18T21:37:00Z,0
APP-02307,debt_to_income,0.295,2026-05-19T04:23:00Z,2026-05-18T11:48:00Z,0
APP-02307,income,75478.0,2026-05-19T04:23:00Z,2026-04-23T05:35:00Z,0
APP-02307,months_employed,0.0,2026-05-19T04:23:00Z,2026-05-16T20:56:00Z,0
APP-02307,prior_delinquencies,1.0,2026-05-19T04:23:00Z,2026-05-15T18:01:00Z,0
APP-02308,credit_utilization,0.42,2026-05-19T05:36:00Z,2026-05-17T15:09:00Z,0
APP-02308,debt_to_income,0.348,2026-05-19T05:36:00Z,2026-05-16T15:53:00Z,0
APP-02308,income,89168.0,2026-05-19T05:36:00Z,2026-04-19T11:50:00Z,0
APP-02308,months_employed,2.0,2026-05-19T05:36:00Z,2026-05-17T09:40:00Z,0
APP-02308,prior_delinquencies,0.0,2026-05-19T05:36:00Z,2026-05-18T14:59:00Z,0
APP-02309,credit_utilization,0.545,2026-05-19T05:44:00Z,2026-05-18T16:34:00Z,0
APP-02309,debt_to_income,0.334,2026-05-19T05:44:00Z,2026-05-17T16:46:00Z,0
APP-02309,income,40800.0,2026-05-19T05:44:00Z,2026-04-28T05:04:00Z,0
APP-02309,months_employed,103.0,2026-05-19T05:44:00Z,2026-05-07T02:06:00Z,0
APP-02309,prior_delinquencies,1.0,2026-05-19T05:44:00Z,2026-05-16T14:59:00Z,0
APP-02310,credit_utilization,0.321,2026-05-19T07:10:00Z,2026-05-18T17:43:00Z,0
APP-02310,debt_to_income,0.291,2026-05-19T07:10:00Z,2026-05-18T13:26:00Z,0
APP-02310,income,58760.0,2026-05-19T07:10:00Z,2026-05-16T04:39:00Z,0
APP-02310,months_employed,30.0,2026-05-19T07:10:00Z,2026-05-05T18:51:00Z,0
APP-02310,prior_delinquencies,0.0,2026-05-19T07:10:00Z,2026-05-16T16:59:00Z,0
APP-02311,credit_utilization,0.661,2026-05-19T07:36:00Z,2026-05-18T03:16:00Z,0
APP-02311,debt_to_income,0.361,2026-05-19T07:36:00Z,2026-05-17T19:36:00Z,0
APP-02311,income,51764.0,2026-05-19T07:36:00Z,2026-04-28T10:47:00Z,0
APP-02311,months_employed,210.0,2026-05-19T07:36:00Z,2026-05-17T05:26:00Z,0
APP-02311,prior_delinquencies,0.0,2026-05-19T07:36:00Z,2026-05-17T08:37:00Z,0
APP-02312,credit_utilization,0.425,2026-05-19T08:17:00Z,2026-05-17T17:25:00Z,0
APP-02312,debt_to_income,0.45,2026-05-19T08:17:00Z,2026-05-18T15:58:00Z,0
APP-02312,income,54650.0,2026-05-19T08:17:00Z,2026-05-07T01:56:00Z,0
APP-02312,months_employed,123.0,2026-05-19T08:17:00Z,2026-05-05T09:22:00Z,0
APP-02312,prior_delinquencies,1.0,2026-05-19T08:17:00Z,2026-05-16T11:36:00Z,0
APP-02313,credit_utilization,0.411,2026-05-19T11:52:00Z,2026-05-18T04:05:00Z,0
APP-02313,debt_to_income,0.365,2026-05-19T11:52:00Z,2026-05-17T23:50:00Z,0
APP-02313,income,90554.0,2026-05-19T11:52:00Z,2026-05-05T10:04:00Z,0
APP-02313,months_employed,112.0,2026-05-19T11:52:00Z,2026-05-11T11:08:00Z,0
APP-02313,prior_delinquencies,1.0,2026-05-19T11:52:00Z,2026-05-19T09:04:00Z,0
APP-02314,credit_utilization,0.187,2026-05-19T12:23:00Z,2026-05-18T11:56:00Z,0
APP-02314,debt_to_income,0.213,2026-05-19T12:23:00Z,2026-05-18T21:00:00Z,0
APP-02314,income,65732.0,2026-05-19T12:23:00Z,2026-04-26T07:46:00Z,0
APP-02314,months_employed,170.0,2026-05-19T12:23:00Z,2026-05-16T22:51:00Z,0
APP-02314,prior_delinquencies,0.0,2026-05-19T12:23:00Z,2026-05-18T13:48:00Z,0
APP-02315,credit_utilization,0.743,2026-05-19T12:23:00Z,2026-05-18T17:52:00Z,1
APP-02315,debt_to_income,0.387,2026-05-19T12:23:00Z,2026-05-18T12:49:00Z,1
APP-02315,income,41848.0,2026-05-19T12:23:00Z,2026-05-12T03:23:00Z,1
APP-02315,months_employed,112.0,2026-05-19T12:23:00Z,2026-05-10T03:22:00Z,1
APP-02315,prior_delinquencies,1.0,2026-05-19T12:23:00Z,2026-05-16T06:34:00Z,1
APP-02316,credit_utilization,0.369,2026-05-19T13:52:00Z,2026-05-18T05:38:00Z,0
APP-02316,debt_to_income,0.45,2026-05-19T13:52:00Z,2026-05-17T13:49:00Z,0
APP-02316,income,30520.0,2026-05-19T13:52:00Z,2026-05-02T22:35:00Z,0
APP-02316,months_employed,133.0,2026-05-19T13:52:00Z,2026-05-11T00:48:00Z,0
APP-02316,prior_delinquencies,0.0,2026-05-19T13:52:00Z,2026-05-19T11:19:00Z,0
APP-02317,credit_utilization,0.612,2026-05-19T19:13:00Z,2026-05-18T20:11:00Z,0
APP-02317,debt_to_income,0.421,2026-05-19T19:13:00Z,2026-05-17T05:03:00Z,0
APP-02317,income,22529.0,2026-05-19T19:13:00Z,2026-05-11T10:41:00Z,0
APP-02317,months_employed,25.0,2026-05-19T19:13:00Z,2026-05-07T02:38:00Z,0
APP-02317,prior_delinquencies,0.0,2026-05-19T19:13:00Z,2026-05-17T12:48:00Z,0
APP-02318,credit_utilization,0.317,2026-05-19T22:00:00Z,2026-05-18T23:19:00Z,1
APP-02318,debt_to_income,0.4,2026-05-19T22:00:00Z,2026-05-17T07:24:00Z,1
APP-02318,income,79437.0,2026-05-19T22:00:00Z,2026-04-29T21:46:00Z,1
APP-02318,months_employed,109.0,2026-05-19T22:00:00Z,2026-05-18T00:38:00Z,1
APP-02318,prior_delinquencies,1.0,2026-05-19T22:00:00Z,2026-05-16T20:25:00Z,1
APP-02319,credit_utilization,0.518,2026-05-19T22:55:00Z,2026-05-18T11:02:00Z,1
APP-02319,debt_to_income,0.539,2026-05-19T22:55:00Z,2026-05-17T16:06:00Z,1
APP-02319,income,37960.0,2026-05-19T22:55:00Z,2026-05-16T11:32:00Z,1
APP-02319,months_employed,47.0,2026-05-19T22:55:00Z,2026-05-13T20:16:00Z,1
APP-02319,prior_delinquencies,0.0,2026-05-19T22:55:00Z,2026-05-17T20:19:00Z,1
APP-02320,credit_utilization,0.491,2026-05-20T00:41:00Z,2026-05-18T12:38:00Z,0
APP-02320,debt_to_income,0.188,2026-05-20T00:41:00Z,2026-05-18T13:04:00Z,0
APP-02320,income,61504.0,2026-05-20T00:41:00Z,2026-05-02T04:55:00Z,0
APP-02320,months_employed,143.0,2026-05-20T00:41:00Z,2026-05-11T19:15:00Z,0
APP-02320,prior_delinquencies,0.0,2026-05-20T00:41:00Z,2026-05-18T11:54:00Z,0
APP-02321,credit_utilization,0.419,2026-05-20T00:54:00Z,2026-05-19T11:41:00Z,0
APP-02321,debt_to_income,0.378,2026-05-20T00:54:00Z,2026-05-18T10:43:00Z,0
APP-02321,income,39193.0,2026-05-20T00:54:00Z,2026-05-12T08:25:00Z,0
APP-02321,months_employed,101.0,2026-05-20T00:54:00Z,2026-05-13T22:16:00Z,0
APP-02321,prior_delinquencies,1.0,2026-05-20T00:54:00Z,2026-05-19T11:36:00Z,0
APP-02322,credit_utilization,0.504,2026-05-20T01:30:00Z,2026-05-19T06:52:00Z,0
APP-02322,debt_to_income,0.473,2026-05-20T01:30:00Z,2026-05-17T23:50:00Z,0
APP-02322,income,62036.0,2026-05-20T01:30:00Z,2026-05-04T17:34:00Z,0
APP-02322,months_employed,199.0,2026-05-20T01:30:00Z,2026-05-07T07:35:00Z,0
APP-02322,prior_delinquencies,2.0,2026-05-20T01:30:00Z,2026-05-16T20:03:00Z,0
APP-02323,credit_utilization,0.279,2026-05-20T01:44:00Z,2026-05-18T05:07:00Z,0
APP-02323,debt_to_income,0.049,2026-05-20T01:44:00Z,2026-05-17T20:46:00Z,0
APP-02323,income,111326.0,2026-05-20T01:44:00Z,2026-05-04T07:51:00Z,0
APP-02323,months_employed,89.0,2026-05-20T01:44:00Z,2026-05-06T11:25:00Z,0
APP-02323,prior_delinquencies,0.0,2026-05-20T01:44:00Z,2026-05-19T22:46:00Z,0
APP-02324,credit_utilization,0.622,2026-05-20T02:24:00Z,2026-05-18T04:55:00Z,1
APP-02324,debt_to_income,0.573,2026-05-20T02:24:00Z,2026-05-18T04:41:00Z,1
APP-02324,income,32772.0,2026-05-20T02:24:00Z,2026-05-01T22:09:00Z,1
APP-02324,months_employed,30.0,2026-05-20T02:24:00Z,2026-05-12T04:51:00Z,1
APP-02324,prior_delinquencies,0.0,2026-05-20T02:24:00Z,2026-05-17T05:02:00Z,1
APP-02325,credit_utilization,0.344,2026-05-20T03:06:00Z,2026-05-19T20:46:00Z,0
APP-02325,debt_to_income,0.288,2026-05-20T03:06:00Z,2026-05-19T09:56:00Z,0
APP-02325,income,54059.0,2026-05-20T03:06:00Z,2026-04-29T23:14:00Z,0
APP-02325,months_employed,9.0,2026-05-20T03:06:00Z,2026-05-06T03:06:00Z,0
APP-02325,prior_delinquencies,0.0,2026-05-20T03:06:00Z,2026-05-19T22:29:00Z,0
APP-02326,credit_utilization,0.24,2026-05-20T04:17:00Z,2026-05-18T18:23:00Z,0
APP-02326,debt_to_income,0.329,2026-05-20T04:17:00Z,2026-05-18T16:31:00Z,0
APP-02326,income,89287.0,2026-05-20T04:17:00Z,2026-04-26T20:39:00Z,0
APP-02326,months_employed,155.0,2026-05-20T04:17:00Z,2026-05-08T16:12:00Z,0
APP-02326,prior_delinquencies,2.0,2026-05-20T04:17:00Z,2026-05-19T00:28:00Z,0
APP-02327,credit_utilization,0.279,2026-05-20T04:58:00Z,2026-05-18T15:47:00Z,0
APP-02327,debt_to_income,0.476,2026-05-20T04:58:00Z,2026-05-18T20:21:00Z,0
APP-02327,income,69737.0,2026-05-20T04:58:00Z,2026-04-28T00:14:00Z,0
APP-02327,months_employed,27.0,2026-05-20T04:58:00Z,2026-05-18T09:50:00Z,0
APP-02327,prior_delinquencies,0.0,2026-05-20T04:58:00Z,2026-05-18T15:00:00Z,0
APP-02328,credit_utilization,0.202,2026-05-20T06:45:00Z,2026-05-18T23:18:00Z,0
APP-02328,debt_to_income,0.44,2026-05-20T06:45:00Z,2026-05-17T23:48:00Z,0
APP-02328,income,65591.0,2026-05-20T06:45:00Z,2026-04-30T12:31:00Z,0
APP-02328,months_employed,65.0,2026-05-20T06:45:00Z,2026-05-08T11:45:00Z,0
APP-02328,prior_delinquencies,1.0,2026-05-20T06:45:00Z,2026-05-17T05:03:00Z,0
APP-02329,credit_utilization,0.664,2026-05-20T09:05:00Z,2026-05-18T15:58:00Z,0
APP-02329,debt_to_income,0.344,2026-05-20T09:05:00Z,2026-05-19T02:44:00Z,0
APP-02329,income,55851.0,2026-05-20T09:05:00Z,2026-04-29T00:38:00Z,0
APP-02329,months_employed,31.0,2026-05-20T09:05:00Z,2026-05-09T20:33:00Z,0
APP-02329,prior_delinquencies,0.0,2026-05-20T09:05:00Z,2026-05-20T05:35:00Z,0
APP-02330,credit_utilization,0.296,2026-05-20T09:19:00Z,2026-05-20T00:26:00Z,0
APP-02330,debt_to_income,0.392,2026-05-20T09:19:00Z,2026-05-19T21:40:00Z,0
APP-02330,income,64894.0,2026-05-20T09:19:00Z,2026-04-26T10:02:00Z,0
APP-02330,months_employed,213.0,2026-05-20T09:19:00Z,2026-05-09T21:01:00Z,0
APP-02330,prior_delinquencies,0.0,2026-05-20T09:19:00Z,2026-05-19T00:31:00Z,0
APP-02331,credit_utilization,0.26,2026-05-20T09:59:00Z,2026-05-19T07:49:00Z,0
APP-02331,debt_to_income,0.135,2026-05-20T09:59:00Z,2026-05-18T19:29:00Z,0
APP-02331,income,68723.0,2026-05-20T09:59:00Z,2026-04-30T19:26:00Z,0
APP-02331,months_employed,80.0,2026-05-20T09:59:00Z,2026-05-16T15:10:00Z,0
APP-02331,prior_delinquencies,2.0,2026-05-20T09:59:00Z,2026-05-17T12:40:00Z,0
APP-02332,credit_utilization,0.294,2026-05-20T15:21:00Z,2026-05-18T22:55:00Z,0
APP-02332,debt_to_income,0.343,2026-05-20T15:21:00Z,2026-05-17T22:25:00Z,0
APP-02332,income,67471.0,2026-05-20T15:21:00Z,2026-05-18T00:35:00Z,0
APP-02332,months_employed,72.0,2026-05-20T15:21:00Z,2026-05-12T19:26:00Z,0
APP-02332,prior_delinquencies,0.0,2026-05-20T15:21:00Z,2026-05-18T07:47:00Z,0
APP-02333,credit_utilization,0.221,2026-05-20T15:46:00Z,2026-05-19T10:16:00Z,0
APP-02333,debt_to_income,0.311,2026-05-20T15:46:00Z,2026-05-20T01:43:00Z,0
APP-02333,income,111374.0,2026-05-20T15:46:00Z,2026-05-05T09:36:00Z,0
APP-02333,months_employed,200.0,2026-05-20T15:46:00Z,2026-05-06T20:49:00Z,0
APP-02333,prior_delinquencies,0.0,2026-05-20T15:46:00Z,2026-05-17T10:36:00Z,0
APP-02334,credit_utilization,0.615,2026-05-20T16:18:00Z,2026-05-19T04:46:00Z,1
APP-02334,debt_to_income,0.429,2026-05-20T16:18:00Z,2026-05-20T13:16:00Z,1
APP-02334,income,67373.0,2026-05-20T16:18:00Z,2026-05-17T22:21:00Z,1
APP-02334,months_employed,216.0,2026-05-20T16:18:00Z,2026-05-14T05:18:00Z,1
APP-02334,prior_delinquencies,3.0,2026-05-20T16:18:00Z,2026-05-19T07:24:00Z,1
APP-02335,credit_utilization,0.092,2026-05-20T18:03:00Z,2026-05-20T12:25:00Z,0
APP-02335,debt_to_income,0.244,2026-05-20T18:03:00Z,2026-05-18T18:26:00Z,0
APP-02335,income,171278.0,2026-05-20T18:03:00Z,2026-05-14T00:20:00Z,0
APP-02335,months_employed,89.0,2026-05-20T18:03:00Z,2026-05-09T00:41:00Z,0
APP-02335,prior_delinquencies,0.0,2026-05-20T18:03:00Z,2026-05-16T21:04:00Z,0
APP-02336,credit_utilization,0.224,2026-05-20T18:14:00Z,2026-05-18T23:12:00Z,1
APP-02336,debt_to_income,0.376,2026-05-20T18:14:00Z,2026-05-20T06:17:00Z,1
APP-02336,income,51045.0,2026-05-20T18:14:00Z,2026-04-28T13:58:00Z,1
APP-02336,months_employed,131.0,2026-05-20T18:14:00Z,2026-05-18T11:30:00Z,1
APP-02336,prior_delinquencies,0.0,2026-05-20T18:14:00Z,2026-05-18T00:45:00Z,1
APP-02337,credit_utilization,0.335,2026-05-20T18:18:00Z,2026-05-19T20:02:00Z,0
APP-02337,debt_to_income,0.518,2026-05-20T18:18:00Z,2026-05-19T01:53:00Z,0
APP-02337,income,35933.0,2026-05-20T18:18:00Z,2026-05-18T21:49:00Z,0
APP-02337,months_employed,215.0,2026-05-20T18:18:00Z,2026-05-07T08:19:00Z,0
APP-02337,prior_delinquencies,0.0,2026-05-20T18:18:00Z,2026-05-16T20:34:00Z,0
APP-02338,credit_utilization,0.464,2026-05-20T18:31:00Z,2026-05-20T04:33:00Z,0
APP-02338,debt_to_income,0.418,2026-05-20T18:31:00Z,2026-05-19T08:14:00Z,0
APP-02338,income,44863.0,2026-05-20T18:31:00Z,2026-04-22T03:59:00Z,0
APP-02338,months_employed,239.0,2026-05-20T18:31:00Z,2026-05-13T10:33:00Z,0
APP-02338,prior_delinquencies,0.0,2026-05-20T18:31:00Z,2026-05-17T10:30:00Z,0
APP-02339,credit_utilization,0.344,2026-05-20T19:46:00Z,2026-05-20T17:42:00Z,0
APP-02339,debt_to_income,0.239,2026-05-20T19:46:00Z,2026-05-17T20:18:00Z,0
APP-02339,income,41920.0,2026-05-20T19:46:00Z,2026-05-17T11:31:00Z,0
APP-02339,months_employed,60.0,2026-05-20T19:46:00Z,2026-05-07T12:57:00Z,0
APP-02339,prior_delinquencies,0.0,2026-05-20T19:46:00Z,2026-05-19T01:22:00Z,0
APP-02340,credit_utilization,0.456,2026-05-20T21:43:00Z,2026-05-19T21:09:00Z,0
APP-02340,debt_to_income,0.159,2026-05-20T21:43:00Z,2026-05-19T01:56:00Z,0
APP-02340,income,39530.0,2026-05-20T21:43:00Z,2026-05-05T20:12:00Z,0
APP-02340,months_employed,178.0,2026-05-20T21:43:00Z,2026-05-07T19:06:00Z,0
APP-02340,prior_delinquencies,0.0,2026-05-20T21:43:00Z,2026-05-17T11:31:00Z,0
APP-02341,credit_utilization,0.324,2026-05-20T23:23:00Z,2026-05-20T17:16:00Z,0
APP-02341,debt_to_income,0.44,2026-05-20T23:23:00Z,2026-05-19T08:04:00Z,0
APP-02341,income,41706.0,2026-05-20T23:23:00Z,2026-05-01T03:50:00Z,0
APP-02341,months_employed,227.0,2026-05-20T23:23:00Z,2026-05-13T11:31:00Z,0
APP-02341,prior_delinquencies,2.0,2026-05-20T23:23:00Z,2026-05-17T20:15:00Z,0
APP-02342,credit_utilization,0.393,2026-05-21T00:23:00Z,2026-05-19T02:07:00Z,0
APP-02342,debt_to_income,0.277,2026-05-21T00:23:00Z,2026-05-18T19:34:00Z,0
APP-02342,income,68284.0,2026-05-21T00:23:00Z,2026-05-19T08:39:00Z,0
APP-02342,months_employed,96.0,2026-05-21T00:23:00Z,2026-05-13T16:04:00Z,0
APP-02342,prior_delinquencies,0.0,2026-05-21T00:23:00Z,2026-05-17T08:56:00Z,0
APP-02343,credit_utilization,0.0,2026-05-21T00:38:00Z,2026-05-20T07:19:00Z,0
APP-02343,debt_to_income,0.513,2026-05-21T00:38:00Z,2026-05-19T16:06:00Z,0
APP-02343,income,53556.0,2026-05-21T00:38:00Z,2026-05-15T06:49:00Z,0
APP-02343,months_employed,217.0,2026-05-21T00:38:00Z,2026-05-10T02:56:00Z,0
APP-02343,prior_delinquencies,1.0,2026-05-21T00:38:00Z,2026-05-19T09:45:00Z,0
APP-02344,credit_utilization,0.483,2026-05-21T02:08:00Z,2026-05-19T17:04:00Z,0
APP-02344,debt_to_income,0.363,2026-05-21T02:08:00Z,2026-05-18T04:37:00Z,0
APP-02344,income,36354.0,2026-05-21T02:08:00Z,2026-05-02T06:38:00Z,0
APP-02344,months_employed,117.0,2026-05-21T02:08:00Z,2026-05-10T09:40:00Z,0
APP-02344,prior_delinquencies,1.0,2026-05-21T02:08:00Z,2026-05-19T16:59:00Z,0
APP-02345,credit_utilization,0.181,2026-05-21T04:19:00Z,2026-05-21T01:03:00Z,0
APP-02345,debt_to_income,0.261,2026-05-21T04:19:00Z,2026-05-19T08:12:00Z,0
APP-02345,income,144940.0,2026-05-21T04:19:00Z,2026-05-05T10:39:00Z,0
APP-02345,months_employed,79.0,2026-05-21T04:19:00Z,2026-05-18T15:56:00Z,0
APP-02345,prior_delinquencies,0.0,2026-05-21T04:19:00Z,2026-05-17T18:03:00Z,0
APP-02346,credit_utilization,0.556,2026-05-21T05:18:00Z,2026-05-20T11:01:00Z,1
APP-02346,debt_to_income,0.548,2026-05-21T05:18:00Z,2026-05-19T14:12:00Z,1
APP-02346,income,35555.0,2026-05-21T05:18:00Z,2026-04-29T03:57:00Z,1
APP-02346,months_employed,30.0,2026-05-21T05:18:00Z,2026-05-10T05:34:00Z,1
APP-02346,prior_delinquencies,1.0,2026-05-21T05:18:00Z,2026-05-17T15:42:00Z,1
APP-02347,credit_utilization,0.609,2026-05-21T05:56:00Z,2026-05-20T18:39:00Z,0
APP-02347,debt_to_income,0.247,2026-05-21T05:56:00Z,2026-05-18T16:40:00Z,0
APP-02347,income,40077.0,2026-05-21T05:56:00Z,2026-05-12T14:48:00Z,0
APP-02347,months_employed,157.0,2026-05-21T05:56:00Z,2026-05-11T05:55:00Z,0
APP-02347,prior_delinquencies,0.0,2026-05-21T05:56:00Z,2026-05-19T02:30:00Z,0
APP-02348,credit_utilization,0.456,2026-05-21T06:31:00Z,2026-05-20T12:00:00Z,1
APP-02348,debt_to_income,0.34,2026-05-21T06:31:00Z,2026-05-18T20:55:00Z,1
APP-02348,income,23427.0,2026-05-21T06:31:00Z,2026-04-25T18:27:00Z,1
APP-02348,months_employed,215.0,2026-05-21T06:31:00Z,2026-05-08T04:19:00Z,1
APP-02348,prior_delinquencies,0.0,2026-05-21T06:31:00Z,2026-05-20T04:45:00Z,1
APP-02349,credit_utilization,0.48,2026-05-21T08:21:00Z,2026-05-19T11:39:00Z,1
APP-02349,debt_to_income,0.45,2026-05-21T08:21:00Z,2026-05-20T12:48:00Z,1
APP-02349,income,34703.0,2026-05-21T08:21:00Z,2026-05-10T22:35:00Z,1
APP-02349,months_employed,202.0,2026-05-21T08:21:00Z,2026-05-14T11:57:00Z,1
APP-02349,prior_delinquencies,0.0,2026-05-21T08:21:00Z,2026-05-20T14:33:00Z,1
APP-02350,credit_utilization,0.351,2026-05-21T12:26:00Z,2026-05-19T12:35:00Z,0
APP-02350,debt_to_income,0.308,2026-05-21T12:26:00Z,2026-05-21T10:02:00Z,0
APP-02350,income,75161.0,2026-05-21T12:26:00Z,2026-05-08T05:22:00Z,0
APP-02350,months_employed,234.0,2026-05-21T12:26:00Z,2026-05-12T17:57:00Z,0
APP-02350,prior_delinquencies,0.0,2026-05-21T12:26:00Z,2026-05-21T07:07:00Z,0
APP-02351,credit_utilization,0.38,2026-05-21T12:49:00Z,2026-05-19T13:22:00Z,0
APP-02351,debt_to_income,0.385,2026-05-21T12:49:00Z,2026-05-20T00:19:00Z,0
APP-02351,income,32125.0,2026-05-21T12:49:00Z,2026-05-14T22:39:00Z,0
APP-02351,months_employed,26.0,2026-05-21T12:49:00Z,2026-05-17T01:52:00Z,0
APP-02351,prior_delinquencies,1.0,2026-05-21T12:49:00Z,2026-05-19T22:32:00Z,0
APP-02352,credit_utilization,0.506,2026-05-21T13:09:00Z,2026-05-20T20:38:00Z,0
APP-02352,debt_to_income,0.638,2026-05-21T13:09:00Z,2026-05-20T04:15:00Z,0
APP-02352,income,20721.0,2026-05-21T13:09:00Z,2026-04-26T11:22:00Z,0
APP-02352,months_employed,189.0,2026-05-21T13:09:00Z,2026-05-16T08:47:00Z,0
APP-02352,prior_delinquencies,1.0,2026-05-21T13:09:00Z,2026-05-19T23:15:00Z,0
APP-02353,credit_utilization,0.455,2026-05-21T13:57:00Z,2026-05-19T18:21:00Z,0
APP-02353,debt_to_income,0.275,2026-05-21T13:57:00Z,2026-05-19T22:14:00Z,0
APP-02353,income,65941.0,2026-05-21T13:57:00Z,2026-05-07T07:39:00Z,0
APP-02353,months_employed,234.0,2026-05-21T13:57:00Z,2026-05-14T14:55:00Z,0
APP-02353,prior_delinquencies,1.0,2026-05-21T13:57:00Z,2026-05-20T08:25:00Z,0
APP-02354,credit_utilization,0.666,2026-05-21T15:17:00Z,2026-05-20T03:54:00Z,0
APP-02354,debt_to_income,0.465,2026-05-21T15:17:00Z,2026-05-19T13:10:00Z,0
APP-02354,income,66199.0,2026-05-21T15:17:00Z,2026-05-01T01:26:00Z,0
APP-02354,months_employed,144.0,2026-05-21T15:17:00Z,2026-05-09T08:37:00Z,0
APP-02354,prior_delinquencies,0.0,2026-05-21T15:17:00Z,2026-05-21T04:51:00Z,0
APP-02355,credit_utilization,0.554,2026-05-21T16:24:00Z,2026-05-20T10:48:00Z,0
APP-02355,debt_to_income,0.151,2026-05-21T16:24:00Z,2026-05-19T21:55:00Z,0
APP-02355,income,54888.0,2026-05-21T16:24:00Z,2026-05-16T02:00:00Z,0
APP-02355,months_employed,220.0,2026-05-21T16:24:00Z,2026-05-12T17:59:00Z,0
APP-02355,prior_delinquencies,0.0,2026-05-21T16:24:00Z,2026-05-19T05:53:00Z,0
APP-02356,credit_utilization,0.44,2026-05-21T17:28:00Z,2026-05-20T22:45:00Z,0
APP-02356,debt_to_income,0.527,2026-05-21T17:28:00Z,2026-05-19T15:41:00Z,0
APP-02356,income,33220.0,2026-05-21T17:28:00Z,2026-05-07T09:03:00Z,0
APP-02356,months_employed,34.0,2026-05-21T17:28:00Z,2026-05-12T10:32:00Z,0
APP-02356,prior_delinquencies,1.0,2026-05-21T17:28:00Z,2026-05-21T04:12:00Z,0
APP-02357,credit_utilization,0.337,2026-05-21T17:46:00Z,2026-05-19T20:14:00Z,0
APP-02357,debt_to_income,0.277,2026-05-21T17:46:00Z,2026-05-21T16:37:00Z,0
APP-02357,income,55698.0,2026-05-21T17:46:00Z,2026-04-27T08:51:00Z,0
APP-02357,months_employed,16.0,2026-05-21T17:46:00Z,2026-05-09T13:11:00Z,0
APP-02357,prior_delinquencies,0.0,2026-05-21T17:46:00Z,2026-05-20T18:28:00Z,0
APP-02358,credit_utilization,0.302,2026-05-21T18:56:00Z,2026-05-21T07:09:00Z,0
APP-02358,debt_to_income,0.158,2026-05-21T18:56:00Z,2026-05-20T07:36:00Z,0
APP-02358,income,90588.0,2026-05-21T18:56:00Z,2026-04-21T19:05:00Z,0
APP-02358,months_employed,94.0,2026-05-21T18:56:00Z,2026-05-11T14:26:00Z,0
APP-02358,prior_delinquencies,0.0,2026-05-21T18:56:00Z,2026-05-19T05:52:00Z,0
APP-02359,credit_utilization,0.408,2026-05-21T20:48:00Z,2026-05-20T07:52:00Z,1
APP-02359,debt_to_income,0.378,2026-05-21T20:48:00Z,2026-05-20T03:36:00Z,1
APP-02359,income,45108.0,2026-05-21T20:48:00Z,2026-05-17T17:10:00Z,1
APP-02359,months_employed,161.0,2026-05-21T20:48:00Z,2026-05-20T01:13:00Z,1
APP-02359,prior_delinquencies,0.0,2026-05-21T20:48:00Z,2026-05-20T13:48:00Z,1
APP-02360,credit_utilization,0.464,2026-05-21T22:15:00Z,2026-05-21T14:06:00Z,0
APP-02360,debt_to_income,0.263,2026-05-21T22:15:00Z,2026-05-19T19:40:00Z,0
APP-02360,income,49833.0,2026-05-21T22:15:00Z,2026-05-12T14:43:00Z,0
APP-02360,months_employed,212.0,2026-05-21T22:15:00Z,2026-05-12T08:33:00Z,0
APP-02360,prior_delinquencies,1.0,2026-05-21T22:15:00Z,2026-05-18T07:16:00Z,0
APP-02361,credit_utilization,0.32,2026-05-21T22:34:00Z,2026-05-20T19:20:00Z,0
APP-02361,debt_to_income,0.404,2026-05-21T22:34:00Z,2026-05-19T05:35:00Z,0
APP-02361,income,22406.0,2026-05-21T22:34:00Z,2026-04-30T00:51:00Z,0
APP-02361,months_employed,195.0,2026-05-21T22:34:00Z,2026-05-12T00:06:00Z,0
APP-02361,prior_delinquencies,0.0,2026-05-21T22:34:00Z,2026-05-18T02:43:00Z,0
APP-02362,credit_utilization,0.591,2026-05-22T01:05:00Z,2026-05-21T18:50:00Z,0
APP-02362,debt_to_income,0.39,2026-05-22T01:05:00Z,2026-05-20T18:04:00Z,0
APP-02362,income,74531.0,2026-05-22T01:05:00Z,2026-05-19T13:53:00Z,0
APP-02362,months_employed,204.0,2026-05-22T01:05:00Z,2026-05-20T22:16:00Z,0
APP-02362,prior_delinquencies,1.0,2026-05-22T01:05:00Z,2026-05-21T00:08:00Z,0
APP-02363,credit_utilization,0.201,2026-05-22T01:41:00Z,2026-05-21T16:41:00Z,0
APP-02363,debt_to_income,0.116,2026-05-22T01:41:00Z,2026-05-20T00:41:00Z,0
APP-02363,income,67690.0,2026-05-22T01:41:00Z,2026-05-14T08:19:00Z,0
APP-02363,months_employed,223.0,2026-05-22T01:41:00Z,2026-05-17T02:26:00Z,0
APP-02363,prior_delinquencies,1.0,2026-05-22T01:41:00Z,2026-05-19T03:52:00Z,0
APP-02364,credit_utilization,0.089,2026-05-22T01:54:00Z,2026-05-21T15:45:00Z,0
APP-02364,debt_to_income,0.336,2026-05-22T01:54:00Z,2026-05-20T09:07:00Z,0
APP-02364,income,107124.0,2026-05-22T01:54:00Z,2026-04-23T22:21:00Z,0
APP-02364,months_employed,22.0,2026-05-22T01:54:00Z,2026-05-19T11:04:00Z,0
APP-02364,prior_delinquencies,0.0,2026-05-22T01:54:00Z,2026-05-21T10:29:00Z,0
APP-02365,credit_utilization,0.411,2026-05-22T03:56:00Z,2026-05-21T22:57:00Z,0
APP-02365,debt_to_income,0.407,2026-05-22T03:56:00Z,2026-05-21T08:16:00Z,0
APP-02365,income,38307.0,2026-05-22T03:56:00Z,2026-05-13T08:02:00Z,0
APP-02365,months_employed,13.0,2026-05-22T03:56:00Z,2026-05-10T20:18:00Z,0
APP-02365,prior_delinquencies,0.0,2026-05-22T03:56:00Z,2026-05-19T07:52:00Z,0
APP-02366,credit_utilization,0.593,2026-05-22T04:06:00Z,2026-05-22T02:26:00Z,1
APP-02366,debt_to_income,0.514,2026-05-22T04:06:00Z,2026-05-19T06:42:00Z,1
APP-02366,income,46024.0,2026-05-22T04:06:00Z,2026-05-17T09:36:00Z,1
APP-02366,months_employed,211.0,2026-05-22T04:06:00Z,2026-05-20T17:51:00Z,1
APP-02366,prior_delinquencies,0.0,2026-05-22T04:06:00Z,2026-05-18T14:37:00Z,1
APP-02367,credit_utilization,0.47,2026-05-22T07:09:00Z,2026-05-21T02:05:00Z,0
APP-02367,debt_to_income,0.227,2026-05-22T07:09:00Z,2026-05-22T04:57:00Z,0
APP-02367,income,36537.0,2026-05-22T07:09:00Z,2026-04-27T00:56:00Z,0
APP-02367,months_employed,195.0,2026-05-22T07:09:00Z,2026-05-20T06:12:00Z,0
APP-02367,prior_delinquencies,0.0,2026-05-22T07:09:00Z,2026-05-19T00:53:00Z,0
APP-02368,credit_utilization,0.508,2026-05-22T09:20:00Z,2026-05-22T01:53:00Z,0
APP-02368,debt_to_income,0.442,2026-05-22T09:20:00Z,2026-05-19T22:19:00Z,0
APP-02368,income,66317.0,2026-05-22T09:20:00Z,2026-05-08T18:16:00Z,0
APP-02368,months_employed,66.0,2026-05-22T09:20:00Z,2026-05-10T02:53:00Z,0
APP-02368,prior_delinquencies,0.0,2026-05-22T09:20:00Z,2026-05-21T22:24:00Z,0
APP-02369,credit_utilization,0.432,2026-05-22T11:03:00Z,2026-05-21T22:39:00Z,0
APP-02369,debt_to_income,0.4,2026-05-22T11:03:00Z,2026-05-21T09:00:00Z,0
APP-02369,income,61740.0,2026-05-22T11:03:00Z,2026-04-28T18:23:00Z,0
APP-02369,months_employed,221.0,2026-05-22T11:03:00Z,2026-05-18T18:54:00Z,0
APP-02369,prior_delinquencies,0.0,2026-05-22T11:03:00Z,2026-05-21T00:28:00Z,0
APP-02370,credit_utilization,0.516,2026-05-22T11:04:00Z,2026-05-20T16:37:00Z,0
APP-02370,debt_to_income,0.356,2026-05-22T11:04:00Z,2026-05-21T08:41:00Z,0
APP-02370,income,62579.0,2026-05-22T11:04:00Z,2026-04-22T17:05:00Z,0
APP-02370,months_employed,20.0,2026-05-22T11:04:00Z,2026-05-10T12:07:00Z,0
APP-02370,prior_delinquencies,0.0,2026-05-22T11:04:00Z,2026-05-21T09:25:00Z,0
APP-02371,credit_utilization,0.186,2026-05-22T13:11:00Z,2026-05-20T17:42:00Z,0
APP-02371,debt_to_income,0.212,2026-05-22T13:11:00Z,2026-05-22T08:19:00Z,0
APP-02371,income,77189.0,2026-05-22T13:11:00Z,2026-05-18T18:50:00Z,0
APP-02371,months_employed,54.0,2026-05-22T13:11:00Z,2026-05-13T10:13:00Z,0
APP-02371,prior_delinquencies,1.0,2026-05-22T13:11:00Z,2026-05-21T21:35:00Z,0
APP-02372,credit_utilization,0.265,2026-05-22T14:30:00Z,2026-05-21T01:53:00Z,0
APP-02372,debt_to_income,0.442,2026-05-22T14:30:00Z,2026-05-19T17:20:00Z,0
APP-02372,income,60931.0,2026-05-22T14:30:00Z,2026-04-28T21:22:00Z,0
APP-02372,months_employed,168.0,2026-05-22T14:30:00Z,2026-05-16T09:35:00Z,0
APP-02372,prior_delinquencies,1.0,2026-05-22T14:30:00Z,2026-05-19T14:31:00Z,0
APP-02373,credit_utilization,0.372,2026-05-22T14:32:00Z,2026-05-20T22:05:00Z,0
APP-02373,debt_to_income,0.304,2026-05-22T14:32:00Z,2026-05-20T17:09:00Z,0
APP-02373,income,59985.0,2026-05-22T14:32:00Z,2026-05-16T17:22:00Z,0
APP-02373,months_employed,194.0,2026-05-22T14:32:00Z,2026-05-14T03:06:00Z,0
APP-02373,prior_delinquencies,1.0,2026-05-22T14:32:00Z,2026-05-21T14:20:00Z,0
APP-02374,credit_utilization,0.362,2026-05-22T15:00:00Z,2026-05-21T17:16:00Z,0
APP-02374,debt_to_income,0.346,2026-05-22T15:00:00Z,2026-05-21T10:12:00Z,0
APP-02374,income,40482.0,2026-05-22T15:00:00Z,2026-05-19T23:48:00Z,0
APP-02374,months_employed,86.0,2026-05-22T15:00:00Z,2026-05-21T02:12:00Z,0
APP-02374,prior_delinquencies,1.0,2026-05-22T15:00:00Z,2026-05-19T11:12:00Z,0
APP-02375,credit_utilization,0.185,2026-05-22T17:34:00Z,2026-05-20T22:38:00Z,1
APP-02375,debt_to_income,0.326,2026-05-22T17:34:00Z,2026-05-20T10:19:00Z,1
APP-02375,income,61620.0,2026-05-22T17:34:00Z,2026-04-30T21:09:00Z,1
APP-02375,months_employed,31.0,2026-05-22T17:34:00Z,2026-05-21T01:55:00Z,1
APP-02375,prior_delinquencies,1.0,2026-05-22T17:34:00Z,2026-05-19T18:08:00Z,1
APP-02376,credit_utilization,0.428,2026-05-22T19:10:00Z,2026-05-20T20:50:00Z,0
APP-02376,debt_to_income,0.338,2026-05-22T19:10:00Z,2026-05-21T12:22:00Z,0
APP-02376,income,105751.0,2026-05-22T19:10:00Z,2026-04-24T12:03:00Z,0
APP-02376,months_employed,95.0,2026-05-22T19:10:00Z,2026-05-09T08:27:00Z,0
APP-02376,prior_delinquencies,0.0,2026-05-22T19:10:00Z,2026-05-21T21:22:00Z,0
APP-02377,credit_utilization,0.363,2026-05-23T00:42:00Z,2026-05-21T18:34:00Z,0
APP-02377,debt_to_income,0.37,2026-05-23T00:42:00Z,2026-05-22T10:47:00Z,0
APP-02377,income,26178.0,2026-05-23T00:42:00Z,2026-05-19T05:27:00Z,0
APP-02377,months_employed,86.0,2026-05-23T00:42:00Z,2026-05-13T17:51:00Z,0
APP-02377,prior_delinquencies,0.0,2026-05-23T00:42:00Z,2026-05-21T14:37:00Z,0
APP-02378,credit_utilization,0.407,2026-05-23T01:29:00Z,2026-05-22T09:20:00Z,0
APP-02378,debt_to_income,0.336,2026-05-23T01:29:00Z,2026-05-21T22:11:00Z,0
APP-02378,income,37875.0,2026-05-23T01:29:00Z,2026-05-05T09:21:00Z,0
APP-02378,months_employed,44.0,2026-05-23T01:29:00Z,2026-05-17T05:15:00Z,0
APP-02378,prior_delinquencies,0.0,2026-05-23T01:29:00Z,2026-05-19T12:00:00Z,0
APP-02379,credit_utilization,0.62,2026-05-23T03:13:00Z,2026-05-21T20:56:00Z,0
APP-02379,debt_to_income,0.387,2026-05-23T03:13:00Z,2026-05-22T02:37:00Z,0
APP-02379,income,106006.0,2026-05-23T03:13:00Z,2026-05-12T10:52:00Z,0
APP-02379,months_employed,94.0,2026-05-23T03:13:00Z,2026-05-19T21:44:00Z,0
APP-02379,prior_delinquencies,0.0,2026-05-23T03:13:00Z,2026-05-20T15:24:00Z,0
APP-02380,credit_utilization,0.607,2026-05-23T04:23:00Z,2026-05-22T13:23:00Z,0
APP-02380,debt_to_income,0.357,2026-05-23T04:23:00Z,2026-05-20T18:42:00Z,0
APP-02380,income,71428.0,2026-05-23T04:23:00Z,2026-05-02T00:58:00Z,0
APP-02380,months_employed,0.0,2026-05-23T04:23:00Z,2026-05-11T01:26:00Z,0
APP-02380,prior_delinquencies,0.0,2026-05-23T04:23:00Z,2026-05-20T06:42:00Z,0
APP-02381,credit_utilization,0.353,2026-05-23T08:57:00Z,2026-05-22T15:12:00Z,0
APP-02381,debt_to_income,0.355,2026-05-23T08:57:00Z,2026-05-21T22:46:00Z,0
APP-02381,income,54864.0,2026-05-23T08:57:00Z,2026-05-04T12:30:00Z,0
APP-02381,months_employed,30.0,2026-05-23T08:57:00Z,2026-05-14T05:50:00Z,0
APP-02381,prior_delinquencies,1.0,2026-05-23T08:57:00Z,2026-05-21T19:07:00Z,0
APP-02382,credit_utilization,0.326,2026-05-23T09:31:00Z,2026-05-23T07:41:00Z,0
APP-02382,debt_to_income,0.306,2026-05-23T09:31:00Z,2026-05-21T04:27:00Z,0
APP-02382,income,44285.0,2026-05-23T09:31:00Z,2026-04-28T07:40:00Z,0
APP-02382,months_employed,70.0,2026-05-23T09:31:00Z,2026-05-14T05:42:00Z,0
APP-02382,prior_delinquencies,0.0,2026-05-23T09:31:00Z,2026-05-23T06:13:00Z,0
APP-02383,credit_utilization,0.766,2026-05-23T12:02:00Z,2026-05-22T10:50:00Z,0
APP-02383,debt_to_income,0.629,2026-05-23T12:02:00Z,2026-05-22T17:04:00Z,0
APP-02383,income,31051.0,2026-05-23T12:02:00Z,2026-05-01T19:11:00Z,0
APP-02383,months_employed,5.0,2026-05-23T12:02:00Z,2026-05-20T02:40:00Z,0
APP-02383,prior_delinquencies,2.0,2026-05-23T12:02:00Z,2026-05-22T15:01:00Z,0
APP-02384,credit_utilization,0.278,2026-05-23T12:31:00Z,2026-05-23T03:54:00Z,0
APP-02384,debt_to_income,0.236,2026-05-23T12:31:00Z,2026-05-23T04:46:00Z,0
APP-02384,income,79067.0,2026-05-23T12:31:00Z,2026-05-17T21:55:00Z,0
APP-02384,months_employed,74.0,2026-05-23T12:31:00Z,2026-05-11T09:43:00Z,0
APP-02384,prior_delinquencies,0.0,2026-05-23T12:31:00Z,2026-05-21T11:25:00Z,0
APP-02385,credit_utilization,0.342,2026-05-23T14:53:00Z,2026-05-22T17:24:00Z,0
APP-02385,debt_to_income,0.321,2026-05-23T14:53:00Z,2026-05-21T19:50:00Z,0
APP-02385,income,55142.0,2026-05-23T14:53:00Z,2026-04-25T08:16:00Z,0
APP-02385,months_employed,0.0,2026-05-23T14:53:00Z,2026-05-16T05:29:00Z,0
APP-02385,prior_delinquencies,0.0,2026-05-23T14:53:00Z,2026-05-23T02:12:00Z,0
APP-02386,credit_utilization,0.401,2026-05-23T16:53:00Z,2026-05-23T12:21:00Z,0
APP-02386,debt_to_income,0.277,2026-05-23T16:53:00Z,2026-05-22T19:28:00Z,0
APP-02386,income,78263.0,2026-05-23T16:53:00Z,2026-05-20T12:21:00Z,0
APP-02386,months_employed,69.0,2026-05-23T16:53:00Z,2026-05-15T13:26:00Z,0
APP-02386,prior_delinquencies,0.0,2026-05-23T16:53:00Z,2026-05-23T06:09:00Z,0
APP-02387,credit_utilization,0.568,2026-05-23T18:18:00Z,2026-05-21T21:44:00Z,0
APP-02387,debt_to_income,0.287,2026-05-23T18:18:00Z,2026-05-21T23:11:00Z,0
APP-02387,income,38299.0,2026-05-23T18:18:00Z,2026-05-01T03:04:00Z,0
APP-02387,months_employed,168.0,2026-05-23T18:18:00Z,2026-05-22T07:16:00Z,0
APP-02387,prior_delinquencies,0.0,2026-05-23T18:18:00Z,2026-05-21T07:03:00Z,0
APP-02388,credit_utilization,0.135,2026-05-23T19:00:00Z,2026-05-23T16:08:00Z,0
APP-02388,debt_to_income,0.383,2026-05-23T19:00:00Z,2026-05-21T04:13:00Z,0
APP-02388,income,38460.0,2026-05-23T19:00:00Z,2026-05-14T13:33:00Z,0
APP-02388,months_employed,34.0,2026-05-23T19:00:00Z,2026-05-13T14:28:00Z,0
APP-02388,prior_delinquencies,0.0,2026-05-23T19:00:00Z,2026-05-19T20:12:00Z,0
APP-02389,credit_utilization,0.396,2026-05-23T19:12:00Z,2026-05-23T02:06:00Z,0
APP-02389,debt_to_income,0.371,2026-05-23T19:12:00Z,2026-05-23T01:03:00Z,0
APP-02389,income,24826.0,2026-05-23T19:12:00Z,2026-04-30T23:29:00Z,0
APP-02389,months_employed,101.0,2026-05-23T19:12:00Z,2026-05-10T15:05:00Z,0
APP-02389,prior_delinquencies,1.0,2026-05-23T19:12:00Z,2026-05-20T08:08:00Z,0
APP-02390,credit_utilization,0.452,2026-05-23T19:32:00Z,2026-05-23T13:36:00Z,0
APP-02390,debt_to_income,0.379,2026-05-23T19:32:00Z,2026-05-21T04:53:00Z,0
APP-02390,income,30683.0,2026-05-23T19:32:00Z,2026-05-16T08:30:00Z,0
APP-02390,months_employed,57.0,2026-05-23T19:32:00Z,2026-05-21T18:51:00Z,0
APP-02390,prior_delinquencies,0.0,2026-05-23T19:32:00Z,2026-05-22T05:31:00Z,0
APP-02391,credit_utilization,0.496,2026-05-23T22:30:00Z,2026-05-22T18:39:00Z,0
APP-02391,debt_to_income,0.356,2026-05-23T22:30:00Z,2026-05-23T10:34:00Z,0
APP-02391,income,42515.0,2026-05-23T22:30:00Z,2026-05-03T14:06:00Z,0
APP-02391,months_employed,19.0,2026-05-23T22:30:00Z,2026-05-21T19:20:00Z,0
APP-02391,prior_delinquencies,2.0,2026-05-23T22:30:00Z,2026-05-23T12:35:00Z,0
APP-02392,credit_utilization,0.6,2026-05-23T23:41:00Z,2026-05-22T19:06:00Z,0
APP-02392,debt_to_income,0.555,2026-05-23T23:41:00Z,2026-05-22T15:45:00Z,0
APP-02392,income,25138.0,2026-05-23T23:41:00Z,2026-04-26T11:25:00Z,0
APP-02392,months_employed,17.0,2026-05-23T23:41:00Z,2026-05-14T17:26:00Z,0
APP-02392,prior_delinquencies,1.0,2026-05-23T23:41:00Z,2026-05-20T04:31:00Z,0
APP-02393,credit_utilization,0.579,2026-05-24T00:01:00Z,2026-05-23T12:24:00Z,0
APP-02393,debt_to_income,0.358,2026-05-24T00:01:00Z,2026-05-23T07:59:00Z,0
APP-02393,income,39346.0,2026-05-24T00:01:00Z,2026-04-27T00:52:00Z,0
APP-02393,months_employed,77.0,2026-05-24T00:01:00Z,2026-05-17T02:29:00Z,0
APP-02393,prior_delinquencies,0.0,2026-05-24T00:01:00Z,2026-05-23T13:01:00Z,0
APP-02394,credit_utilization,0.37,2026-05-24T02:34:00Z,2026-05-23T07:29:00Z,0
APP-02394,debt_to_income,0.386,2026-05-24T02:34:00Z,2026-05-23T22:29:00Z,0
APP-02394,income,56132.0,2026-05-24T02:34:00Z,2026-05-20T13:48:00Z,0
APP-02394,months_employed,57.0,2026-05-24T02:34:00Z,2026-05-10T03:58:00Z,0
APP-02394,prior_delinquencies,0.0,2026-05-24T02:34:00Z,2026-05-20T08:41:00Z,0
APP-02395,credit_utilization,0.66,2026-05-24T05:45:00Z,2026-05-23T10:17:00Z,0
APP-02395,debt_to_income,0.335,2026-05-24T05:45:00Z,2026-05-22T22:42:00Z,0
APP-02395,income,43494.0,2026-05-24T05:45:00Z,2026-05-12T12:38:00Z,0
APP-02395,months_employed,100.0,2026-05-24T05:45:00Z,2026-05-12T12:39:00Z,0
APP-02395,prior_delinquencies,0.0,2026-05-24T05:45:00Z,2026-05-20T15:47:00Z,0
APP-02396,credit_utilization,0.502,2026-05-24T09:17:00Z,2026-05-23T00:54:00Z,1
APP-02396,debt_to_income,0.411,2026-05-24T09:17:00Z,2026-05-21T23:33:00Z,1
APP-02396,income,97322.0,2026-05-24T09:17:00Z,2026-05-18T05:27:00Z,1
APP-02396,months_employed,124.0,2026-05-24T09:17:00Z,2026-05-17T19:56:00Z,1
APP-02396,prior_delinquencies,1.0,2026-05-24T09:17:00Z,2026-05-23T15:12:00Z,1
APP-02397,credit_utilization,0.51,2026-05-24T11:53:00Z,2026-05-22T22:36:00Z,0
APP-02397,debt_to_income,0.306,2026-05-24T11:53:00Z,2026-05-22T15:35:00Z,0
APP-02397,income,85278.0,2026-05-24T11:53:00Z,2026-04-27T00:50:00Z,0
APP-02397,months_employed,107.0,2026-05-24T11:53:00Z,2026-05-15T08:20:00Z,0
APP-02397,prior_delinquencies,0.0,2026-05-24T11:53:00Z,2026-05-24T07:47:00Z,0
APP-02398,credit_utilization,0.494,2026-05-24T13:19:00Z,2026-05-23T16:06:00Z,1
APP-02398,debt_to_income,0.42,2026-05-24T13:19:00Z,2026-05-21T20:16:00Z,1
APP-02398,income,32921.0,2026-05-24T13:19:00Z,2026-05-04T07:30:00Z,1
APP-02398,months_employed,167.0,2026-05-24T13:19:00Z,2026-05-18T02:58:00Z,1
APP-02398,prior_delinquencies,1.0,2026-05-24T13:19:00Z,2026-05-21T18:14:00Z,1
APP-02399,credit_utilization,0.45,2026-05-24T14:18:00Z,2026-05-22T15:33:00Z,0
APP-02399,debt_to_income,0.447,2026-05-24T14:18:00Z,2026-05-21T21:59:00Z,0
APP-02399,income,48270.0,2026-05-24T14:18:00Z,2026-05-16T08:00:00Z,0
APP-02399,months_employed,26.0,2026-05-24T14:18:00Z,2026-05-14T19:06:00Z,0
APP-02399,prior_delinquencies,0.0,2026-05-24T14:18:00Z,2026-05-21T16:10:00Z,0
APP-02400,credit_utilization,0.659,2026-05-24T15:33:00Z,2026-05-24T09:40:00Z,1
APP-02400,debt_to_income,0.397,2026-05-24T15:33:00Z,2026-05-23T00:42:00Z,1
APP-02400,income,30928.0,2026-05-24T15:33:00Z,2026-05-01T05:16:00Z,1
APP-02400,months_employed,42.0,2026-05-24T15:33:00Z,2026-05-17T08:16:00Z,1
APP-02400,prior_delinquencies,1.0,2026-05-24T15:33:00Z,2026-05-20T23:11:00Z,1
APP-02401,credit_utilization,0.202,2026-05-24T15:34:00Z,2026-05-23T07:25:00Z,0
APP-02401,debt_to_income,0.264,2026-05-24T15:34:00Z,2026-05-24T14:31:00Z,0
APP-02401,income,74071.0,2026-05-24T15:34:00Z,2026-04-26T01:34:00Z,0
APP-02401,months_employed,175.0,2026-05-24T15:34:00Z,2026-05-19T15:44:00Z,0
APP-02401,prior_delinquencies,1.0,2026-05-24T15:34:00Z,2026-05-24T02:21:00Z,0
APP-02402,credit_utilization,0.271,2026-05-24T16:59:00Z,2026-05-24T10:32:00Z,0
APP-02402,debt_to_income,0.36,2026-05-24T16:59:00Z,2026-05-22T14:26:00Z,0
APP-02402,income,37927.0,2026-05-24T16:59:00Z,2026-05-20T21:49:00Z,0
APP-02402,months_employed,27.0,2026-05-24T16:59:00Z,2026-05-14T05:49:00Z,0
APP-02402,prior_delinquencies,1.0,2026-05-24T16:59:00Z,2026-05-24T02:03:00Z,0
APP-02403,credit_utilization,0.491,2026-05-24T20:12:00Z,2026-05-24T10:38:00Z,0
APP-02403,debt_to_income,0.428,2026-05-24T20:12:00Z,2026-05-23T11:58:00Z,0
APP-02403,income,54783.0,2026-05-24T20:12:00Z,2026-05-14T00:21:00Z,0
APP-02403,months_employed,21.0,2026-05-24T20:12:00Z,2026-05-18T15:23:00Z,0
APP-02403,prior_delinquencies,0.0,2026-05-24T20:12:00Z,2026-05-22T23:19:00Z,0
APP-02404,credit_utilization,0.391,2026-05-24T22:34:00Z,2026-05-23T19:23:00Z,0
APP-02404,debt_to_income,0.214,2026-05-24T22:34:00Z,2026-05-24T00:29:00Z,0
APP-02404,income,61965.0,2026-05-24T22:34:00Z,2026-05-20T21:51:00Z,0
APP-02404,months_employed,28.0,2026-05-24T22:34:00Z,2026-05-23T02:55:00Z,0
APP-02404,prior_delinquencies,0.0,2026-05-24T22:34:00Z,2026-05-22T03:46:00Z,0
APP-02405,credit_utilization,0.419,2026-05-24T23:28:00Z,2026-05-24T01:41:00Z,0
APP-02405,debt_to_income,0.261,2026-05-24T23:28:00Z,2026-05-23T22:18:00Z,0
APP-02405,income,35602.0,2026-05-24T23:28:00Z,2026-05-08T12:15:00Z,0
APP-02405,months_employed,118.0,2026-05-24T23:28:00Z,2026-05-13T17:03:00Z,0
APP-02405,prior_delinquencies,0.0,2026-05-24T23:28:00Z,2026-05-21T07:47:00Z,0
APP-02406,credit_utilization,0.391,2026-05-25T00:23:00Z,2026-05-24T13:31:00Z,0
APP-02406,debt_to_income,0.452,2026-05-25T00:23:00Z,2026-05-24T13:02:00Z,0
APP-02406,income,46468.0,2026-05-25T00:23:00Z,2026-05-09T02:50:00Z,0
APP-02406,months_employed,224.0,2026-05-25T00:23:00Z,2026-05-12T21:00:00Z,0
APP-02406,prior_delinquencies,1.0,2026-05-25T00:23:00Z,2026-05-22T02:44:00Z,0
APP-02407,credit_utilization,0.413,2026-05-25T00:31:00Z,2026-05-24T05:23:00Z,0
APP-02407,debt_to_income,0.446,2026-05-25T00:31:00Z,2026-05-24T21:58:00Z,0
APP-02407,income,45056.0,2026-05-25T00:31:00Z,2026-05-21T02:56:00Z,0
APP-02407,months_employed,30.0,2026-05-25T00:31:00Z,2026-05-19T08:40:00Z,0
APP-02407,prior_delinquencies,1.0,2026-05-25T00:31:00Z,2026-05-21T11:27:00Z,0
APP-02408,credit_utilization,0.391,2026-05-25T01:01:00Z,2026-05-23T20:19:00Z,0
APP-02408,debt_to_income,0.314,2026-05-25T01:01:00Z,2026-05-23T06:37:00Z,0
APP-02408,income,50302.0,2026-05-25T01:01:00Z,2026-05-10T14:33:00Z,0
APP-02408,months_employed,196.0,2026-05-25T01:01:00Z,2026-05-21T07:01:00Z,0
APP-02408,prior_delinquencies,1.0,2026-05-25T01:01:00Z,2026-05-21T03:23:00Z,0
APP-02409,credit_utilization,0.259,2026-05-25T02:34:00Z,2026-05-23T13:21:00Z,0
APP-02409,debt_to_income,0.362,2026-05-25T02:34:00Z,2026-05-23T23:38:00Z,0
APP-02409,income,46283.0,2026-05-25T02:34:00Z,2026-05-13T06:29:00Z,0
APP-02409,months_employed,58.0,2026-05-25T02:34:00Z,2026-05-22T21:26:00Z,0
APP-02409,prior_delinquencies,0.0,2026-05-25T02:34:00Z,2026-05-23T04:00:00Z,0
APP-02410,credit_utilization,0.626,2026-05-25T02:53:00Z,2026-05-24T09:55:00Z,1
APP-02410,debt_to_income,0.458,2026-05-25T02:53:00Z,2026-05-23T01:25:00Z,1
APP-02410,income,44647.0,2026-05-25T02:53:00Z,2026-04-30T23:13:00Z,1
APP-02410,months_employed,111.0,2026-05-25T02:53:00Z,2026-05-17T19:15:00Z,1
APP-02410,prior_delinquencies,1.0,2026-05-25T02:53:00Z,2026-05-22T05:56:00Z,1
APP-02411,credit_utilization,0.423,2026-05-25T03:38:00Z,2026-05-23T05:30:00Z,0
APP-02411,debt_to_income,0.378,2026-05-25T03:38:00Z,2026-05-24T21:06:00Z,0
APP-02411,income,30033.0,2026-05-25T03:38:00Z,2026-04-26T01:45:00Z,0
APP-02411,months_employed,163.0,2026-05-25T03:38:00Z,2026-05-11T06:09:00Z,0
APP-02411,prior_delinquencies,0.0,2026-05-25T03:38:00Z,2026-05-24T03:11:00Z,0
APP-02412,credit_utilization,0.567,2026-05-25T04:42:00Z,2026-05-23T15:31:00Z,0
APP-02412,debt_to_income,0.372,2026-05-25T04:42:00Z,2026-05-22T12:17:00Z,0
APP-02412,income,37504.0,2026-05-25T04:42:00Z,2026-05-13T04:17:00Z,0
APP-02412,months_employed,13.0,2026-05-25T04:42:00Z,2026-05-11T22:57:00Z,0
APP-02412,prior_delinquencies,0.0,2026-05-25T04:42:00Z,2026-05-21T11:42:00Z,0
APP-02413,credit_utilization,0.56,2026-05-25T06:00:00Z,2026-05-25T02:56:00Z,0
APP-02413,debt_to_income,0.494,2026-05-25T06:00:00Z,2026-05-23T09:55:00Z,0
APP-02413,income,45170.0,2026-05-25T06:00:00Z,2026-05-14T13:12:00Z,0
APP-02413,months_employed,239.0,2026-05-25T06:00:00Z,2026-05-13T09:34:00Z,0
APP-02413,prior_delinquencies,2.0,2026-05-25T06:00:00Z,2026-05-22T23:54:00Z,0
APP-02414,credit_utilization,0.129,2026-05-25T06:08:00Z,2026-05-24T11:34:00Z,0
APP-02414,debt_to_income,0.149,2026-05-25T06:08:00Z,2026-05-23T16:14:00Z,0
APP-02414,income,103251.0,2026-05-25T06:08:00Z,2026-05-20T17:02:00Z,0
APP-02414,months_employed,40.0,2026-05-25T06:08:00Z,2026-05-13T08:11:00Z,0
APP-02414,prior_delinquencies,0.0,2026-05-25T06:08:00Z,2026-05-21T22:13:00Z,0
APP-02415,credit_utilization,0.393,2026-05-25T07:05:00Z,2026-05-24T06:50:00Z,0
APP-02415,debt_to_income,0.278,2026-05-25T07:05:00Z,2026-05-24T02:29:00Z,0
APP-02415,income,46769.0,2026-05-25T07:05:00Z,2026-05-03T09:09:00Z,0
APP-02415,months_employed,82.0,2026-05-25T07:05:00Z,2026-05-16T08:08:00Z,0
APP-02415,prior_delinquencies,0.0,2026-05-25T07:05:00Z,2026-05-22T15:30:00Z,0
APP-02416,credit_utilization,0.473,2026-05-25T08:54:00Z,2026-05-23T10:26:00Z,0
APP-02416,debt_to_income,0.294,2026-05-25T08:54:00Z,2026-05-24T19:18:00Z,0
APP-02416,income,34717.0,2026-05-25T08:54:00Z,2026-04-26T01:11:00Z,0
APP-02416,months_employed,107.0,2026-05-25T08:54:00Z,2026-05-11T16:22:00Z,0
APP-02416,prior_delinquencies,0.0,2026-05-25T08:54:00Z,2026-05-25T00:11:00Z,0
APP-02417,credit_utilization,0.601,2026-05-25T10:26:00Z,2026-05-24T10:02:00Z,0
APP-02417,debt_to_income,0.369,2026-05-25T10:26:00Z,2026-05-23T04:18:00Z,0
APP-02417,income,52640.0,2026-05-25T10:26:00Z,2026-04-27T14:01:00Z,0
APP-02417,months_employed,43.0,2026-05-25T10:26:00Z,2026-05-12T21:34:00Z,0
APP-02417,prior_delinquencies,2.0,2026-05-25T10:26:00Z,2026-05-21T17:32:00Z,0
APP-02418,credit_utilization,0.355,2026-05-25T11:52:00Z,2026-05-25T00:26:00Z,1
APP-02418,debt_to_income,0.421,2026-05-25T11:52:00Z,2026-05-23T14:32:00Z,1
APP-02418,income,66801.0,2026-05-25T11:52:00Z,2026-04-29T11:41:00Z,1
APP-02418,months_employed,75.0,2026-05-25T11:52:00Z,2026-05-12T08:27:00Z,1
APP-02418,prior_delinquencies,1.0,2026-05-25T11:52:00Z,2026-05-21T15:46:00Z,1
APP-02419,credit_utilization,0.485,2026-05-25T13:06:00Z,2026-05-24T22:37:00Z,1
APP-02419,debt_to_income,0.63,2026-05-25T13:06:00Z,2026-05-23T15:11:00Z,1
APP-02419,income,18190.0,2026-05-25T13:06:00Z,2026-05-16T12:45:00Z,1
APP-02419,months_employed,4.0,2026-05-25T13:06:00Z,2026-05-13T04:48:00Z,1
APP-02419,prior_delinquencies,0.0,2026-05-25T13:06:00Z,2026-05-24T22:34:00Z,1
APP-02420,credit_utilization,0.489,2026-05-25T16:47:00Z,2026-05-25T01:11:00Z,0
APP-02420,debt_to_income,0.346,2026-05-25T16:47:00Z,2026-05-22T21:59:00Z,0
APP-02420,income,46859.0,2026-05-25T16:47:00Z,2026-05-11T16:41:00Z,0
APP-02420,months_employed,77.0,2026-05-25T16:47:00Z,2026-05-11T18:46:00Z,0
APP-02420,prior_delinquencies,0.0,2026-05-25T16:47:00Z,2026-05-24T12:00:00Z,0
APP-02421,credit_utilization,0.511,2026-05-25T17:56:00Z,2026-05-25T12:16:00Z,0
APP-02421,debt_to_income,0.286,2026-05-25T17:56:00Z,2026-05-24T15:17:00Z,0
APP-02421,income,26741.0,2026-05-25T17:56:00Z,2026-04-26T06:45:00Z,0
APP-02421,months_employed,91.0,2026-05-25T17:56:00Z,2026-05-23T12:23:00Z,0
APP-02421,prior_delinquencies,1.0,2026-05-25T17:56:00Z,2026-05-23T04:14:00Z,0
APP-02422,credit_utilization,0.208,2026-05-25T19:02:00Z,2026-05-25T02:36:00Z,0
APP-02422,debt_to_income,0.252,2026-05-25T19:02:00Z,2026-05-23T05:47:00Z,0
APP-02422,income,64343.0,2026-05-25T19:02:00Z,2026-04-30T19:32:00Z,0
APP-02422,months_employed,10.0,2026-05-25T19:02:00Z,2026-05-17T16:53:00Z,0
APP-02422,prior_delinquencies,0.0,2026-05-25T19:02:00Z,2026-05-25T01:42:00Z,0
APP-02423,credit_utilization,0.224,2026-05-25T22:25:00Z,2026-05-24T08:38:00Z,0
APP-02423,debt_to_income,0.341,2026-05-25T22:25:00Z,2026-05-25T10:38:00Z,0
APP-02423,income,43153.0,2026-05-25T22:25:00Z,2026-05-15T11:42:00Z,0
APP-02423,months_employed,84.0,2026-05-25T22:25:00Z,2026-05-14T06:59:00Z,0
APP-02423,prior_delinquencies,1.0,2026-05-25T22:25:00Z,2026-05-24T08:55:00Z,0
APP-02424,credit_utilization,0.296,2026-05-25T22:33:00Z,2026-05-24T10:02:00Z,0
APP-02424,debt_to_income,0.356,2026-05-25T22:33:00Z,2026-05-23T14:21:00Z,0
APP-02424,income,56775.0,2026-05-25T22:33:00Z,2026-05-10T09:39:00Z,0
APP-02424,months_employed,87.0,2026-05-25T22:33:00Z,2026-05-12T20:15:00Z,0
APP-02424,prior_delinquencies,0.0,2026-05-25T22:33:00Z,2026-05-24T15:24:00Z,0
APP-02425,credit_utilization,0.522,2026-05-26T01:31:00Z,2026-05-25T07:58:00Z,0
APP-02425,debt_to_income,0.431,2026-05-26T01:31:00Z,2026-05-25T18:16:00Z,0
APP-02425,income,43254.0,2026-05-26T01:31:00Z,2026-05-13T16:19:00Z,0
APP-02425,months_employed,135.0,2026-05-26T01:31:00Z,2026-05-21T22:52:00Z,0
APP-02425,prior_delinquencies,1.0,2026-05-26T01:31:00Z,2026-05-24T23:29:00Z,0
APP-02426,credit_utilization,0.482,2026-05-26T04:18:00Z,2026-05-24T14:13:00Z,0
APP-02426,debt_to_income,0.365,2026-05-26T04:18:00Z,2026-05-26T02:53:00Z,0
APP-02426,income,49864.0,2026-05-26T04:18:00Z,2026-05-11T03:03:00Z,0
APP-02426,months_employed,162.0,2026-05-26T04:18:00Z,2026-05-13T02:16:00Z,0
APP-02426,prior_delinquencies,1.0,2026-05-26T04:18:00Z,2026-05-25T12:04:00Z,0
APP-02427,credit_utilization,0.687,2026-05-26T06:51:00Z,2026-05-25T02:14:00Z,1
APP-02427,debt_to_income,0.695,2026-05-26T06:51:00Z,2026-05-24T22:19:00Z,1
APP-02427,income,26448.0,2026-05-26T06:51:00Z,2026-05-15T04:47:00Z,1
APP-02427,months_employed,118.0,2026-05-26T06:51:00Z,2026-05-17T16:39:00Z,1
APP-02427,prior_delinquencies,1.0,2026-05-26T06:51:00Z,2026-05-23T02:53:00Z,1
APP-02428,credit_utilization,0.612,2026-05-26T08:05:00Z,2026-05-25T13:56:00Z,1
APP-02428,debt_to_income,0.626,2026-05-26T08:05:00Z,2026-05-25T10:22:00Z,1
APP-02428,income,40757.0,2026-05-26T08:05:00Z,2026-04-30T03:56:00Z,1
APP-02428,months_employed,152.0,2026-05-26T08:05:00Z,2026-05-14T20:03:00Z,1
APP-02428,prior_delinquencies,1.0,2026-05-26T08:05:00Z,2026-05-25T16:08:00Z,1
APP-02429,credit_utilization,0.357,2026-05-26T12:45:00Z,2026-05-25T11:25:00Z,0
APP-02429,debt_to_income,0.295,2026-05-26T12:45:00Z,2026-05-25T09:29:00Z,0
APP-02429,income,103495.0,2026-05-26T12:45:00Z,2026-05-23T10:56:00Z,0
APP-02429,months_employed,38.0,2026-05-26T12:45:00Z,2026-05-15T08:35:00Z,0
APP-02429,prior_delinquencies,0.0,2026-05-26T12:45:00Z,2026-05-23T14:19:00Z,0
APP-02430,credit_utilization,0.38,2026-05-26T13:06:00Z,2026-05-25T14:34:00Z,0
APP-02430,debt_to_income,0.502,2026-05-26T13:06:00Z,2026-05-25T17:01:00Z,0
APP-02430,income,31218.0,2026-05-26T13:06:00Z,2026-05-02T07:41:00Z,0
APP-02430,months_employed,111.0,2026-05-26T13:06:00Z,2026-05-14T17:41:00Z,0
APP-02430,prior_delinquencies,0.0,2026-05-26T13:06:00Z,2026-05-26T10:25:00Z,0
APP-02431,credit_utilization,0.487,2026-05-26T18:09:00Z,2026-05-26T11:46:00Z,0
APP-02431,debt_to_income,0.435,2026-05-26T18:09:00Z,2026-05-24T04:18:00Z,0
APP-02431,income,66262.0,2026-05-26T18:09:00Z,2026-05-13T11:41:00Z,0
APP-02431,months_employed,145.0,2026-05-26T18:09:00Z,2026-05-25T06:06:00Z,0
APP-02431,prior_delinquencies,1.0,2026-05-26T18:09:00Z,2026-05-22T18:18:00Z,0
APP-02432,credit_utilization,0.398,2026-05-26T18:16:00Z,2026-05-25T04:13:00Z,0
APP-02432,debt_to_income,0.259,2026-05-26T18:16:00Z,2026-05-24T19:35:00Z,0
APP-02432,income,36872.0,2026-05-26T18:16:00Z,2026-05-09T15:15:00Z,0
APP-02432,months_employed,215.0,2026-05-26T18:16:00Z,2026-05-16T10:44:00Z,0
APP-02432,prior_delinquencies,0.0,2026-05-26T18:16:00Z,2026-05-23T03:26:00Z,0
APP-02433,credit_utilization,0.691,2026-05-26T20:26:00Z,2026-05-25T17:29:00Z,0
APP-02433,debt_to_income,0.375,2026-05-26T20:26:00Z,2026-05-24T19:51:00Z,0
APP-02433,income,21703.0,2026-05-26T20:26:00Z,2026-05-20T21:14:00Z,0
APP-02433,months_employed,155.0,2026-05-26T20:26:00Z,2026-05-23T05:58:00Z,0
APP-02433,prior_delinquencies,2.0,2026-05-26T20:26:00Z,2026-05-26T04:28:00Z,0
APP-02434,credit_utilization,0.404,2026-05-26T21:22:00Z,2026-05-25T02:06:00Z,0
APP-02434,debt_to_income,0.264,2026-05-26T21:22:00Z,2026-05-26T14:06:00Z,0
APP-02434,income,97239.0,2026-05-26T21:22:00Z,2026-05-18T13:08:00Z,0
APP-02434,months_employed,31.0,2026-05-26T21:22:00Z,2026-05-19T11:33:00Z,0
APP-02434,prior_delinquencies,1.0,2026-05-26T21:22:00Z,2026-05-23T07:15:00Z,0
APP-02435,credit_utilization,0.414,2026-05-26T21:42:00Z,2026-05-26T02:17:00Z,0
APP-02435,debt_to_income,0.472,2026-05-26T21:42:00Z,2026-05-24T17:28:00Z,0
APP-02435,income,31928.0,2026-05-26T21:42:00Z,2026-05-14T21:41:00Z,0
APP-02435,months_employed,182.0,2026-05-26T21:42:00Z,2026-05-18T15:21:00Z,0
APP-02435,prior_delinquencies,0.0,2026-05-26T21:42:00Z,2026-05-23T06:17:00Z,0
APP-02436,credit_utilization,0.0,2026-05-27T00:55:00Z,2026-05-26T20:37:00Z,0
APP-02436,debt_to_income,0.3,2026-05-27T00:55:00Z,2026-05-25T22:37:00Z,0
APP-02436,income,43823.0,2026-05-27T00:55:00Z,2026-05-11T04:21:00Z,0
APP-02436,months_employed,200.0,2026-05-27T00:55:00Z,2026-05-19T20:58:00Z,0
APP-02436,prior_delinquencies,1.0,2026-05-27T00:55:00Z,2026-05-23T12:05:00Z,0
APP-02437,credit_utilization,0.306,2026-05-27T01:38:00Z,2026-05-26T14:27:00Z,0
APP-02437,debt_to_income,0.314,2026-05-27T01:38:00Z,2026-05-26T08:17:00Z,0
APP-02437,income,70272.0,2026-05-27T01:38:00Z,2026-05-06T04:55:00Z,0
APP-02437,months_employed,94.0,2026-05-27T01:38:00Z,2026-05-15T21:21:00Z,0
APP-02437,prior_delinquencies,0.0,2026-05-27T01:38:00Z,2026-05-25T09:26:00Z,0
APP-02438,credit_utilization,0.299,2026-05-27T01:44:00Z,2026-05-26T07:51:00Z,0
APP-02438,debt_to_income,0.579,2026-05-27T01:44:00Z,2026-05-26T21:53:00Z,0
APP-02438,income,28305.0,2026-05-27T01:44:00Z,2026-05-19T03:23:00Z,0
APP-02438,months_employed,223.0,2026-05-27T01:44:00Z,2026-05-22T00:49:00Z,0
APP-02438,prior_delinquencies,1.0,2026-05-27T01:44:00Z,2026-05-24T13:23:00Z,0
APP-02439,credit_utilization,0.114,2026-05-27T02:08:00Z,2026-05-26T06:10:00Z,0
APP-02439,debt_to_income,0.078,2026-05-27T02:08:00Z,2026-05-26T05:49:00Z,0
APP-02439,income,66933.0,2026-05-27T02:08:00Z,2026-05-19T08:13:00Z,0
APP-02439,months_employed,66.0,2026-05-27T02:08:00Z,2026-05-19T01:44:00Z,0
APP-02439,prior_delinquencies,1.0,2026-05-27T02:08:00Z,2026-05-25T13:33:00Z,0
APP-02440,credit_utilization,0.753,2026-05-27T03:06:00Z,2026-05-25T23:23:00Z,0
APP-02440,debt_to_income,0.371,2026-05-27T03:06:00Z,2026-05-26T01:39:00Z,0
APP-02440,income,88417.0,2026-05-27T03:06:00Z,2026-05-05T11:58:00Z,0
APP-02440,months_employed,78.0,2026-05-27T03:06:00Z,2026-05-21T07:17:00Z,0
APP-02440,prior_delinquencies,0.0,2026-05-27T03:06:00Z,2026-05-26T12:35:00Z,0
APP-02441,credit_utilization,0.225,2026-05-27T05:23:00Z,2026-05-25T21:24:00Z,1
APP-02441,debt_to_income,0.275,2026-05-27T05:23:00Z,2026-05-24T17:45:00Z,1
APP-02441,income,36265.0,2026-05-27T05:23:00Z,2026-05-12T03:13:00Z,1
APP-02441,months_employed,165.0,2026-05-27T05:23:00Z,2026-05-22T06:22:00Z,1
APP-02441,prior_delinquencies,1.0,2026-05-27T05:23:00Z,2026-05-26T05:03:00Z,1
APP-02442,credit_utilization,0.635,2026-05-27T05:29:00Z,2026-05-26T02:37:00Z,0
APP-02442,debt_to_income,0.417,2026-05-27T05:29:00Z,2026-05-25T21:20:00Z,0
APP-02442,income,25779.0,2026-05-27T05:29:00Z,2026-05-18T19:14:00Z,0
APP-02442,months_employed,48.0,2026-05-27T05:29:00Z,2026-05-24T08:21:00Z,0
APP-02442,prior_delinquencies,0.0,2026-05-27T05:29:00Z,2026-05-25T09:12:00Z,0
APP-02443,credit_utilization,0.336,2026-05-27T06:36:00Z,2026-05-26T05:40:00Z,0
APP-02443,debt_to_income,0.377,2026-05-27T06:36:00Z,2026-05-25T05:57:00Z,0
APP-02443,income,42218.0,2026-05-27T06:36:00Z,2026-05-18T01:00:00Z,0
APP-02443,months_employed,78.0,2026-05-27T06:36:00Z,2026-05-20T13:08:00Z,0
APP-02443,prior_delinquencies,1.0,2026-05-27T06:36:00Z,2026-05-24T09:11:00Z,0
APP-02444,credit_utilization,0.539,2026-05-27T10:42:00Z,2026-05-25T13:02:00Z,0
APP-02444,debt_to_income,0.422,2026-05-27T10:42:00Z,2026-05-24T21:58:00Z,0
APP-02444,income,52350.0,2026-05-27T10:42:00Z,2026-05-03T14:28:00Z,0
APP-02444,months_employed,202.0,2026-05-27T10:42:00Z,2026-05-20T17:21:00Z,0
APP-02444,prior_delinquencies,1.0,2026-05-27T10:42:00Z,2026-05-27T08:18:00Z,0
APP-02445,credit_utilization,0.414,2026-05-27T12:41:00Z,2026-05-26T18:40:00Z,0
APP-02445,debt_to_income,0.074,2026-05-27T12:41:00Z,2026-05-25T21:43:00Z,0
APP-02445,income,59482.0,2026-05-27T12:41:00Z,2026-05-15T15:22:00Z,0
APP-02445,months_employed,175.0,2026-05-27T12:41:00Z,2026-05-15T10:17:00Z,0
APP-02445,prior_delinquencies,0.0,2026-05-27T12:41:00Z,2026-05-25T05:43:00Z,0
APP-02446,credit_utilization,0.333,2026-05-27T17:24:00Z,2026-05-26T17:41:00Z,0
APP-02446,debt_to_income,0.426,2026-05-27T17:24:00Z,2026-05-24T23:22:00Z,0
APP-02446,income,60345.0,2026-05-27T17:24:00Z,2026-05-11T10:03:00Z,0
APP-02446,months_employed,55.0,2026-05-27T17:24:00Z,2026-05-17T07:14:00Z,0
APP-02446,prior_delinquencies,3.0,2026-05-27T17:24:00Z,2026-05-26T11:33:00Z,0
APP-02447,credit_utilization,0.596,2026-05-27T17:48:00Z,2026-05-27T08:11:00Z,0
APP-02447,debt_to_income,0.316,2026-05-27T17:48:00Z,2026-05-26T02:42:00Z,0
APP-02447,income,82713.0,2026-05-27T17:48:00Z,2026-05-21T04:26:00Z,0
APP-02447,months_employed,136.0,2026-05-27T17:48:00Z,2026-05-21T13:27:00Z,0
APP-02447,prior_delinquencies,1.0,2026-05-27T17:48:00Z,2026-05-26T09:22:00Z,0
APP-02448,credit_utilization,0.273,2026-05-27T20:00:00Z,2026-05-27T08:11:00Z,0
APP-02448,debt_to_income,0.364,2026-05-27T20:00:00Z,2026-05-25T12:42:00Z,0
APP-02448,income,41051.0,2026-05-27T20:00:00Z,2026-05-17T04:38:00Z,0
APP-02448,months_employed,233.0,2026-05-27T20:00:00Z,2026-05-17T22:26:00Z,0
APP-02448,prior_delinquencies,1.0,2026-05-27T20:00:00Z,2026-05-26T04:07:00Z,0
APP-02449,credit_utilization,0.283,2026-05-27T21:24:00Z,2026-05-27T13:54:00Z,0
APP-02449,debt_to_income,0.402,2026-05-27T21:24:00Z,2026-05-25T07:13:00Z,0
APP-02449,income,56179.0,2026-05-27T21:24:00Z,2026-05-05T01:00:00Z,0
APP-02449,months_employed,67.0,2026-05-27T21:24:00Z,2026-05-17T20:18:00Z,0
APP-02449,prior_delinquencies,1.0,2026-05-27T21:24:00Z,2026-05-23T23:13:00Z,0
APP-02450,credit_utilization,0.439,2026-05-27T21:50:00Z,2026-05-27T07:33:00Z,1
APP-02450,debt_to_income,0.543,2026-05-27T21:50:00Z,2026-05-25T07:27:00Z,1
APP-02450,income,41195.0,2026-05-27T21:50:00Z,2026-05-02T15:18:00Z,1
APP-02450,months_employed,58.0,2026-05-27T21:50:00Z,2026-05-26T00:54:00Z,1
APP-02450,prior_delinquencies,0.0,2026-05-27T21:50:00Z,2026-05-26T10:28:00Z,1
APP-02451,credit_utilization,0.275,2026-05-27T22:28:00Z,2026-05-27T04:28:00Z,0
APP-02451,debt_to_income,0.173,2026-05-27T22:28:00Z,2026-05-25T19:11:00Z,0
APP-02451,income,55366.0,2026-05-27T22:28:00Z,2026-05-07T18:34:00Z,0
APP-02451,months_employed,89.0,2026-05-27T22:28:00Z,2026-05-19T16:06:00Z,0
APP-02451,prior_delinquencies,0.0,2026-05-27T22:28:00Z,2026-05-24T17:40:00Z,0
APP-02452,credit_utilization,0.34,2026-05-28T00:47:00Z,2026-05-26T21:57:00Z,1
APP-02452,debt_to_income,0.506,2026-05-28T00:47:00Z,2026-05-27T03:16:00Z,1
APP-02452,income,14466.0,2026-05-28T00:47:00Z,2026-05-02T04:52:00Z,1
APP-02452,months_employed,223.0,2026-05-28T00:47:00Z,2026-05-25T08:10:00Z,1
APP-02452,prior_delinquencies,1.0,2026-05-28T00:47:00Z,2026-05-25T01:28:00Z,1
APP-02453,credit_utilization,0.342,2026-05-28T01:50:00Z,2026-05-26T08:36:00Z,0
APP-02453,debt_to_income,0.248,2026-05-28T01:50:00Z,2026-05-27T11:25:00Z,0
APP-02453,income,47244.0,2026-05-28T01:50:00Z,2026-05-16T06:04:00Z,0
APP-02453,months_employed,42.0,2026-05-28T01:50:00Z,2026-05-16T03:16:00Z,0
APP-02453,prior_delinquencies,0.0,2026-05-28T01:50:00Z,2026-05-25T19:02:00Z,0
APP-02454,credit_utilization,0.549,2026-05-28T02:16:00Z,2026-05-26T18:07:00Z,0
APP-02454,debt_to_income,0.446,2026-05-28T02:16:00Z,2026-05-26T05:29:00Z,0
APP-02454,income,35656.0,2026-05-28T02:16:00Z,2026-05-25T02:29:00Z,0
APP-02454,months_employed,222.0,2026-05-28T02:16:00Z,2026-05-17T02:26:00Z,0
APP-02454,prior_delinquencies,0.0,2026-05-28T02:16:00Z,2026-05-27T05:27:00Z,0
APP-02455,credit_utilization,0.145,2026-05-28T03:02:00Z,2026-05-26T07:52:00Z,0
APP-02455,debt_to_income,0.187,2026-05-28T03:02:00Z,2026-05-27T22:59:00Z,0
APP-02455,income,57274.0,2026-05-28T03:02:00Z,2026-05-26T07:08:00Z,0
APP-02455,months_employed,177.0,2026-05-28T03:02:00Z,2026-05-20T17:20:00Z,0
APP-02455,prior_delinquencies,1.0,2026-05-28T03:02:00Z,2026-05-27T16:43:00Z,0
APP-02456,credit_utilization,0.503,2026-05-28T03:28:00Z,2026-05-27T04:14:00Z,0
APP-02456,debt_to_income,0.239,2026-05-28T03:28:00Z,2026-05-25T19:36:00Z,0
APP-02456,income,31252.0,2026-05-28T03:28:00Z,2026-05-05T08:14:00Z,0
APP-02456,months_employed,16.0,2026-05-28T03:28:00Z,2026-05-21T23:49:00Z,0
APP-02456,prior_delinquencies,0.0,2026-05-28T03:28:00Z,2026-05-25T06:26:00Z,0
APP-02457,credit_utilization,0.494,2026-05-28T08:58:00Z,2026-05-27T13:32:00Z,0
APP-02457,debt_to_income,0.426,2026-05-28T08:58:00Z,2026-05-27T04:50:00Z,0
APP-02457,income,51521.0,2026-05-28T08:58:00Z,2026-05-07T05:07:00Z,0
APP-02457,months_employed,231.0,2026-05-28T08:58:00Z,2026-05-24T17:42:00Z,0
APP-02457,prior_delinquencies,0.0,2026-05-28T08:58:00Z,2026-05-26T11:50:00Z,0
APP-02458,credit_utilization,0.367,2026-05-28T09:40:00Z,2026-05-28T04:53:00Z,0
APP-02458,debt_to_income,0.404,2026-05-28T09:40:00Z,2026-05-26T07:37:00Z,0
APP-02458,income,28248.0,2026-05-28T09:40:00Z,2026-05-01T20:06:00Z,0
APP-02458,months_employed,86.0,2026-05-28T09:40:00Z,2026-05-24T23:13:00Z,0
APP-02458,prior_delinquencies,0.0,2026-05-28T09:40:00Z,2026-05-24T11:46:00Z,0
APP-02459,credit_utilization,0.588,2026-05-28T10:14:00Z,2026-05-27T18:52:00Z,0
APP-02459,debt_to_income,0.446,2026-05-28T10:14:00Z,2026-05-27T03:34:00Z,0
APP-02459,income,30554.0,2026-05-28T10:14:00Z,2026-05-21T16:42:00Z,0
APP-02459,months_employed,82.0,2026-05-28T10:14:00Z,2026-05-23T11:57:00Z,0
APP-02459,prior_delinquencies,0.0,2026-05-28T10:14:00Z,2026-05-24T18:10:00Z,0
APP-02460,credit_utilization,0.669,2026-05-28T12:02:00Z,2026-05-26T23:24:00Z,1
APP-02460,debt_to_income,0.324,2026-05-28T12:02:00Z,2026-05-26T11:33:00Z,1
APP-02460,income,65767.0,2026-05-28T12:02:00Z,2026-05-08T01:07:00Z,1
APP-02460,months_employed,49.0,2026-05-28T12:02:00Z,2026-05-18T02:00:00Z,1
APP-02460,prior_delinquencies,1.0,2026-05-28T12:02:00Z,2026-05-25T08:24:00Z,1
APP-02461,credit_utilization,0.651,2026-05-28T13:05:00Z,2026-05-27T09:03:00Z,0
APP-02461,debt_to_income,0.386,2026-05-28T13:05:00Z,2026-05-26T02:56:00Z,0
APP-02461,income,29006.0,2026-05-28T13:05:00Z,2026-05-11T10:51:00Z,0
APP-02461,months_employed,182.0,2026-05-28T13:05:00Z,2026-05-22T21:27:00Z,0
APP-02461,prior_delinquencies,0.0,2026-05-28T13:05:00Z,2026-05-28T05:30:00Z,0
APP-02462,credit_utilization,0.36,2026-05-28T13:40:00Z,2026-05-28T10:07:00Z,0
APP-02462,debt_to_income,0.356,2026-05-28T13:40:00Z,2026-05-26T14:11:00Z,0
APP-02462,income,75140.0,2026-05-28T13:40:00Z,2026-05-25T14:45:00Z,0
APP-02462,months_employed,130.0,2026-05-28T13:40:00Z,2026-05-23T08:53:00Z,0
APP-02462,prior_delinquencies,1.0,2026-05-28T13:40:00Z,2026-05-25T08:06:00Z,0
APP-02463,credit_utilization,0.48,2026-05-28T15:24:00Z,2026-05-27T06:38:00Z,0
APP-02463,debt_to_income,0.368,2026-05-28T15:24:00Z,2026-05-25T23:02:00Z,0
APP-02463,income,52572.0,2026-05-28T15:24:00Z,2026-05-18T13:22:00Z,0
APP-02463,months_employed,108.0,2026-05-28T15:24:00Z,2026-05-14T20:34:00Z,0
APP-02463,prior_delinquencies,0.0,2026-05-28T15:24:00Z,2026-05-27T05:52:00Z,0
APP-02464,credit_utilization,0.372,2026-05-28T16:12:00Z,2026-05-27T11:11:00Z,0
APP-02464,debt_to_income,0.327,2026-05-28T16:12:00Z,2026-05-26T20:12:00Z,0
APP-02464,income,70417.0,2026-05-28T16:12:00Z,2026-05-21T00:02:00Z,0
APP-02464,months_employed,142.0,2026-05-28T16:12:00Z,2026-05-17T14:43:00Z,0
APP-02464,prior_delinquencies,1.0,2026-05-28T16:12:00Z,2026-05-27T09:19:00Z,0
APP-02465,credit_utilization,0.241,2026-05-28T16:39:00Z,2026-05-28T01:33:00Z,0
APP-02465,debt_to_income,0.094,2026-05-28T16:39:00Z,2026-05-26T20:48:00Z,0
APP-02465,income,85135.0,2026-05-28T16:39:00Z,2026-05-26T02:32:00Z,0
APP-02465,months_employed,220.0,2026-05-28T16:39:00Z,2026-05-20T07:57:00Z,0
APP-02465,prior_delinquencies,0.0,2026-05-28T16:39:00Z,2026-05-26T15:35:00Z,0
APP-02466,credit_utilization,0.095,2026-05-28T16:41:00Z,2026-05-27T16:51:00Z,0
APP-02466,debt_to_income,0.237,2026-05-28T16:41:00Z,2026-05-28T01:31:00Z,0
APP-02466,income,77196.0,2026-05-28T16:41:00Z,2026-05-21T21:09:00Z,0
APP-02466,months_employed,186.0,2026-05-28T16:41:00Z,2026-05-25T22:24:00Z,0
APP-02466,prior_delinquencies,0.0,2026-05-28T16:41:00Z,2026-05-27T07:24:00Z,0
APP-02467,credit_utilization,0.784,2026-05-28T20:41:00Z,2026-05-27T19:34:00Z,0
APP-02467,debt_to_income,0.408,2026-05-28T20:41:00Z,2026-05-28T01:49:00Z,0
APP-02467,income,26166.0,2026-05-28T20:41:00Z,2026-05-24T07:58:00Z,0
APP-02467,months_employed,64.0,2026-05-28T20:41:00Z,2026-05-19T06:10:00Z,0
APP-02467,prior_delinquencies,1.0,2026-05-28T20:41:00Z,2026-05-26T07:00:00Z,0
APP-02468,credit_utilization,0.738,2026-05-28T22:35:00Z,2026-05-27T10:09:00Z,0
APP-02468,debt_to_income,0.409,2026-05-28T22:35:00Z,2026-05-26T23:31:00Z,0
APP-02468,income,62023.0,2026-05-28T22:35:00Z,2026-05-21T12:04:00Z,0
APP-02468,months_employed,234.0,2026-05-28T22:35:00Z,2026-05-21T14:01:00Z,0
APP-02468,prior_delinquencies,2.0,2026-05-28T22:35:00Z,2026-05-26T06:29:00Z,0
APP-02469,credit_utilization,0.311,2026-05-28T23:20:00Z,2026-05-27T18:29:00Z,0
APP-02469,debt_to_income,0.518,2026-05-28T23:20:00Z,2026-05-28T07:03:00Z,0
APP-02469,income,40165.0,2026-05-28T23:20:00Z,2026-04-30T01:06:00Z,0
APP-02469,months_employed,113.0,2026-05-28T23:20:00Z,2026-05-24T02:26:00Z,0
APP-02469,prior_delinquencies,0.0,2026-05-28T23:20:00Z,2026-05-26T16:30:00Z,0
APP-02470,credit_utilization,0.466,2026-05-28T23:42:00Z,2026-05-27T10:56:00Z,0
APP-02470,debt_to_income,0.257,2026-05-28T23:42:00Z,2026-05-26T13:46:00Z,0
APP-02470,income,53733.0,2026-05-28T23:42:00Z,2026-05-27T21:54:00Z,0
APP-02470,months_employed,120.0,2026-05-28T23:42:00Z,2026-05-18T09:21:00Z,0
APP-02470,prior_delinquencies,1.0,2026-05-28T23:42:00Z,2026-05-27T10:16:00Z,0
APP-02471,credit_utilization,0.012,2026-05-29T04:26:00Z,2026-05-28T02:27:00Z,0
APP-02471,debt_to_income,0.158,2026-05-29T04:26:00Z,2026-05-28T00:02:00Z,0
APP-02471,income,75903.0,2026-05-29T04:26:00Z,2026-05-27T18:46:00Z,0
APP-02471,months_employed,164.0,2026-05-29T04:26:00Z,2026-05-27T16:11:00Z,0
APP-02471,prior_delinquencies,0.0,2026-05-29T04:26:00Z,2026-05-25T19:42:00Z,0
APP-02472,credit_utilization,0.075,2026-05-29T08:32:00Z,2026-05-27T19:57:00Z,0
APP-02472,debt_to_income,0.267,2026-05-29T08:32:00Z,2026-05-27T16:24:00Z,0
APP-02472,income,63207.0,2026-05-29T08:32:00Z,2026-04-29T14:14:00Z,0
APP-02472,months_employed,89.0,2026-05-29T08:32:00Z,2026-05-17T04:07:00Z,0
APP-02472,prior_delinquencies,0.0,2026-05-29T08:32:00Z,2026-05-26T04:29:00Z,0
APP-02473,credit_utilization,0.663,2026-05-29T09:27:00Z,2026-05-27T17:36:00Z,1
APP-02473,debt_to_income,0.525,2026-05-29T09:27:00Z,2026-05-26T15:17:00Z,1
APP-02473,income,85646.0,2026-05-29T09:27:00Z,2026-05-09T10:21:00Z,1
APP-02473,months_employed,72.0,2026-05-29T09:27:00Z,2026-05-15T18:01:00Z,1
APP-02473,prior_delinquencies,0.0,2026-05-29T09:27:00Z,2026-05-26T08:31:00Z,1
APP-02474,credit_utilization,0.631,2026-05-29T13:14:00Z,2026-05-27T13:55:00Z,1
APP-02474,debt_to_income,0.482,2026-05-29T13:14:00Z,2026-05-28T08:41:00Z,1
APP-02474,income,52996.0,2026-05-29T13:14:00Z,2026-05-26T06:12:00Z,1
APP-02474,months_employed,63.0,2026-05-29T13:14:00Z,2026-05-25T12:50:00Z,1
APP-02474,prior_delinquencies,0.0,2026-05-29T13:14:00Z,2026-05-25T13:22:00Z,1
APP-02475,credit_utilization,0.592,2026-05-29T14:33:00Z,2026-05-29T03:23:00Z,0
APP-02475,debt_to_income,0.44,2026-05-29T14:33:00Z,2026-05-28T12:52:00Z,0
APP-02475,income,30339.0,2026-05-29T14:33:00Z,2026-05-15T23:14:00Z,0
APP-02475,months_employed,71.0,2026-05-29T14:33:00Z,2026-05-27T03:31:00Z,0
APP-02475,prior_delinquencies,2.0,2026-05-29T14:33:00Z,2026-05-26T19:16:00Z,0
APP-02476,credit_utilization,0.568,2026-05-29T16:30:00Z,2026-05-29T07:47:00Z,0
APP-02476,debt_to_income,0.486,2026-05-29T16:30:00Z,2026-05-28T02:12:00Z,0
APP-02476,income,43607.0,2026-05-29T16:30:00Z,2026-05-14T13:33:00Z,0
APP-02476,months_employed,80.0,2026-05-29T16:30:00Z,2026-05-24T16:22:00Z,0
APP-02476,prior_delinquencies,1.0,2026-05-29T16:30:00Z,2026-05-27T09:52:00Z,0
APP-02477,credit_utilization,0.316,2026-05-29T17:46:00Z,2026-05-29T11:15:00Z,0
APP-02477,debt_to_income,0.302,2026-05-29T17:46:00Z,2026-05-27T17:11:00Z,0
APP-02477,income,114161.0,2026-05-29T17:46:00Z,2026-05-09T12:20:00Z,0
APP-02477,months_employed,125.0,2026-05-29T17:46:00Z,2026-05-25T12:18:00Z,0
APP-02477,prior_delinquencies,0.0,2026-05-29T17:46:00Z,2026-05-27T16:18:00Z,0
APP-02478,credit_utilization,0.607,2026-05-29T18:36:00Z,2026-05-28T00:07:00Z,0
APP-02478,debt_to_income,0.359,2026-05-29T18:36:00Z,2026-05-27T17:01:00Z,0
APP-02478,income,69876.0,2026-05-29T18:36:00Z,2026-05-28T02:36:00Z,0
APP-02478,months_employed,221.0,2026-05-29T18:36:00Z,2026-05-26T14:19:00Z,0
APP-02478,prior_delinquencies,0.0,2026-05-29T18:36:00Z,2026-05-26T05:18:00Z,0
APP-02479,credit_utilization,0.423,2026-05-29T20:28:00Z,2026-05-29T07:23:00Z,0
APP-02479,debt_to_income,0.214,2026-05-29T20:28:00Z,2026-05-27T20:34:00Z,0
APP-02479,income,137169.0,2026-05-29T20:28:00Z,2026-05-20T11:31:00Z,0
APP-02479,months_employed,2.0,2026-05-29T20:28:00Z,2026-05-24T20:24:00Z,0
APP-02479,prior_delinquencies,1.0,2026-05-29T20:28:00Z,2026-05-28T10:56:00Z,0
APP-02480,credit_utilization,0.164,2026-05-29T20:29:00Z,2026-05-29T12:59:00Z,0
APP-02480,debt_to_income,0.354,2026-05-29T20:29:00Z,2026-05-27T17:00:00Z,0
APP-02480,income,53722.0,2026-05-29T20:29:00Z,2026-05-03T16:07:00Z,0
APP-02480,months_employed,200.0,2026-05-29T20:29:00Z,2026-05-26T19:05:00Z,0
APP-02480,prior_delinquencies,1.0,2026-05-29T20:29:00Z,2026-05-26T22:19:00Z,0
APP-02481,credit_utilization,0.148,2026-05-29T22:20:00Z,2026-05-29T16:52:00Z,0
APP-02481,debt_to_income,0.298,2026-05-29T22:20:00Z,2026-05-28T11:38:00Z,0
APP-02481,income,48644.0,2026-05-29T22:20:00Z,2026-05-28T18:38:00Z,0
APP-02481,months_employed,30.0,2026-05-29T22:20:00Z,2026-05-19T18:54:00Z,0
APP-02481,prior_delinquencies,1.0,2026-05-29T22:20:00Z,2026-05-29T14:44:00Z,0
APP-02482,credit_utilization,0.263,2026-05-29T22:29:00Z,2026-05-29T16:28:00Z,0
APP-02482,debt_to_income,0.39,2026-05-29T22:29:00Z,2026-05-27T08:53:00Z,0
APP-02482,income,77511.0,2026-05-29T22:29:00Z,2026-05-06T11:57:00Z,0
APP-02482,months_employed,76.0,2026-05-29T22:29:00Z,2026-05-27T05:36:00Z,0
APP-02482,prior_delinquencies,0.0,2026-05-29T22:29:00Z,2026-05-26T23:45:00Z,0
APP-02483,credit_utilization,0.304,2026-05-29T22:30:00Z,2026-05-29T18:07:00Z,1
APP-02483,debt_to_income,0.556,2026-05-29T22:30:00Z,2026-05-27T10:22:00Z,1
APP-02483,income,95925.0,2026-05-29T22:30:00Z,2026-05-06T21:52:00Z,1
APP-02483,months_employed,220.0,2026-05-29T22:30:00Z,2026-05-25T08:19:00Z,1
APP-02483,prior_delinquencies,1.0,2026-05-29T22:30:00Z,2026-05-27T05:10:00Z,1
APP-02484,credit_utilization,0.819,2026-05-29T23:44:00Z,2026-05-29T15:53:00Z,1
APP-02484,debt_to_income,0.496,2026-05-29T23:44:00Z,2026-05-29T07:06:00Z,1
APP-02484,income,38561.0,2026-05-29T23:44:00Z,2026-05-18T06:20:00Z,1
APP-02484,months_employed,40.0,2026-05-29T23:44:00Z,2026-05-24T01:04:00Z,1
APP-02484,prior_delinquencies,2.0,2026-05-29T23:44:00Z,2026-05-27T17:08:00Z,1
APP-02485,credit_utilization,0.271,2026-05-30T00:17:00Z,2026-05-28T19:02:00Z,0
APP-02485,debt_to_income,0.383,2026-05-30T00:17:00Z,2026-05-27T07:33:00Z,0
APP-02485,income,24432.0,2026-05-30T00:17:00Z,2026-05-27T05:45:00Z,0
APP-02485,months_employed,160.0,2026-05-30T00:17:00Z,2026-05-19T07:50:00Z,0
APP-02485,prior_delinquencies,0.0,2026-05-30T00:17:00Z,2026-05-29T18:47:00Z,0
APP-02486,credit_utilization,0.324,2026-05-30T02:02:00Z,2026-05-28T22:53:00Z,0
APP-02486,debt_to_income,0.533,2026-05-30T02:02:00Z,2026-05-28T06:52:00Z,0
APP-02486,income,82496.0,2026-05-30T02:02:00Z,2026-05-13T07:59:00Z,0
APP-02486,months_employed,46.0,2026-05-30T02:02:00Z,2026-05-24T22:40:00Z,0
APP-02486,prior_delinquencies,1.0,2026-05-30T02:02:00Z,2026-05-27T23:59:00Z,0
APP-02487,credit_utilization,0.309,2026-05-30T03:45:00Z,2026-05-28T05:36:00Z,0
APP-02487,debt_to_income,0.33,2026-05-30T03:45:00Z,2026-05-27T06:49:00Z,0
APP-02487,income,76096.0,2026-05-30T03:45:00Z,2026-05-25T10:37:00Z,0
APP-02487,months_employed,87.0,2026-05-30T03:45:00Z,2026-05-27T11:13:00Z,0
APP-02487,prior_delinquencies,0.0,2026-05-30T03:45:00Z,2026-05-27T13:16:00Z,0
APP-02488,credit_utilization,0.247,2026-05-30T04:10:00Z,2026-05-28T13:56:00Z,0
APP-02488,debt_to_income,0.356,2026-05-30T04:10:00Z,2026-05-29T16:32:00Z,0
APP-02488,income,39084.0,2026-05-30T04:10:00Z,2026-05-07T11:59:00Z,0
APP-02488,months_employed,229.0,2026-05-30T04:10:00Z,2026-05-21T01:16:00Z,0
APP-02488,prior_delinquencies,0.0,2026-05-30T04:10:00Z,2026-05-30T00:48:00Z,0
APP-02489,credit_utilization,0.402,2026-05-30T06:29:00Z,2026-05-28T13:53:00Z,0
APP-02489,debt_to_income,0.297,2026-05-30T06:29:00Z,2026-05-28T00:48:00Z,0
APP-02489,income,55047.0,2026-05-30T06:29:00Z,2026-05-18T19:13:00Z,0
APP-02489,months_employed,27.0,2026-05-30T06:29:00Z,2026-05-22T05:08:00Z,0
APP-02489,prior_delinquencies,0.0,2026-05-30T06:29:00Z,2026-05-28T15:28:00Z,0
APP-02490,credit_utilization,0.548,2026-05-30T07:45:00Z,2026-05-29T02:57:00Z,0
APP-02490,debt_to_income,0.33,2026-05-30T07:45:00Z,2026-05-29T05:50:00Z,0
APP-02490,income,79367.0,2026-05-30T07:45:00Z,2026-05-02T08:22:00Z,0
APP-02490,months_employed,145.0,2026-05-30T07:45:00Z,2026-05-28T01:03:00Z,0
APP-02490,prior_delinquencies,0.0,2026-05-30T07:45:00Z,2026-05-28T23:00:00Z,0
APP-02491,credit_utilization,0.223,2026-05-30T09:21:00Z,2026-05-28T12:20:00Z,0
APP-02491,debt_to_income,0.129,2026-05-30T09:21:00Z,2026-05-29T16:29:00Z,0
APP-02491,income,95892.0,2026-05-30T09:21:00Z,2026-05-06T19:43:00Z,0
APP-02491,months_employed,29.0,2026-05-30T09:21:00Z,2026-05-29T00:53:00Z,0
APP-02491,prior_delinquencies,2.0,2026-05-30T09:21:00Z,2026-05-29T09:18:00Z,0
APP-02492,credit_utilization,0.667,2026-05-30T10:41:00Z,2026-05-30T01:54:00Z,0
APP-02492,debt_to_income,0.443,2026-05-30T10:41:00Z,2026-05-28T09:04:00Z,0
APP-02492,income,38638.0,2026-05-30T10:41:00Z,2026-05-13T16:43:00Z,0
APP-02492,months_employed,167.0,2026-05-30T10:41:00Z,2026-05-20T21:54:00Z,0
APP-02492,prior_delinquencies,3.0,2026-05-30T10:41:00Z,2026-05-29T05:53:00Z,0
APP-02493,credit_utilization,0.66,2026-05-30T15:20:00Z,2026-05-29T23:14:00Z,0
APP-02493,debt_to_income,0.253,2026-05-30T15:20:00Z,2026-05-28T19:08:00Z,0
APP-02493,income,28132.0,2026-05-30T15:20:00Z,2026-05-13T07:26:00Z,0
APP-02493,months_employed,207.0,2026-05-30T15:20:00Z,2026-05-26T09:42:00Z,0
APP-02493,prior_delinquencies,0.0,2026-05-30T15:20:00Z,2026-05-27T07:50:00Z,0
APP-02494,credit_utilization,0.438,2026-05-30T15:26:00Z,2026-05-29T01:11:00Z,0
APP-02494,debt_to_income,0.372,2026-05-30T15:26:00Z,2026-05-29T13:51:00Z,0
APP-02494,income,78102.0,2026-05-30T15:26:00Z,2026-05-20T02:47:00Z,0
APP-02494,months_employed,157.0,2026-05-30T15:26:00Z,2026-05-18T12:01:00Z,0
APP-02494,prior_delinquencies,0.0,2026-05-30T15:26:00Z,2026-05-26T21:26:00Z,0
APP-02495,credit_utilization,0.475,2026-05-30T18:54:00Z,2026-05-29T15:47:00Z,0
APP-02495,debt_to_income,0.317,2026-05-30T18:54:00Z,2026-05-30T15:01:00Z,0
APP-02495,income,58940.0,2026-05-30T18:54:00Z,2026-05-15T10:22:00Z,0
APP-02495,months_employed,196.0,2026-05-30T18:54:00Z,2026-05-20T09:59:00Z,0
APP-02495,prior_delinquencies,1.0,2026-05-30T18:54:00Z,2026-05-27T07:29:00Z,0
APP-02496,credit_utilization,0.364,2026-05-30T19:18:00Z,2026-05-28T23:51:00Z,0
APP-02496,debt_to_income,0.476,2026-05-30T19:18:00Z,2026-05-28T23:37:00Z,0
APP-02496,income,44630.0,2026-05-30T19:18:00Z,2026-05-04T23:54:00Z,0
APP-02496,months_employed,153.0,2026-05-30T19:18:00Z,2026-05-21T12:00:00Z,0
APP-02496,prior_delinquencies,1.0,2026-05-30T19:18:00Z,2026-05-26T23:54:00Z,0
APP-02497,credit_utilization,0.302,2026-05-30T21:09:00Z,2026-05-30T07:58:00Z,0
APP-02497,debt_to_income,0.344,2026-05-30T21:09:00Z,2026-05-30T11:45:00Z,0
APP-02497,income,44125.0,2026-05-30T21:09:00Z,2026-05-02T15:11:00Z,0
APP-02497,months_employed,47.0,2026-05-30T21:09:00Z,2026-05-29T12:19:00Z,0
APP-02497,prior_delinquencies,0.0,2026-05-30T21:09:00Z,2026-05-27T03:10:00Z,0
APP-02498,credit_utilization,0.606,2026-05-30T21:29:00Z,2026-05-29T09:36:00Z,1
APP-02498,debt_to_income,0.525,2026-05-30T21:29:00Z,2026-05-29T18:58:00Z,1
APP-02498,income,33438.0,2026-05-30T21:29:00Z,2026-05-05T20:06:00Z,1
APP-02498,months_employed,194.0,2026-05-30T21:29:00Z,2026-05-27T21:36:00Z,1
APP-02498,prior_delinquencies,0.0,2026-05-30T21:29:00Z,2026-05-30T16:25:00Z,1
APP-02499,credit_utilization,0.358,2026-05-30T22:34:00Z,2026-05-30T15:15:00Z,0
APP-02499,debt_to_income,0.329,2026-05-30T22:34:00Z,2026-05-29T00:44:00Z,0
APP-02499,income,35115.0,2026-05-30T22:34:00Z,2026-05-13T20:24:00Z,0
APP-02499,months_employed,220.0,2026-05-30T22:34:00Z,2026-05-17T02:46:00Z,0
APP-02499,prior_delinquencies,0.0,2026-05-30T22:34:00Z,2026-05-29T05:10:00Z,0
