transaction_id,scored_at,is_fraud,transaction_amount,transaction_amount_available_time,customer_risk_score,customer_risk_score_available_time,device_risk_score,device_risk_score_available_time,transaction_velocity,transaction_velocity_available_time,merchant_risk_score,merchant_risk_score_available_time,cb_resolution_flag,cb_resolution_flag_available_time,payment_final_state,payment_final_state_available_time
TX2-00000,2026-01-01T00:02:00Z,0,50.92,2026-01-01T00:02:00Z,56.6,2025-12-31T22:19:00Z,39.8,2026-01-01T00:01:00Z,4,2025-12-31T23:48:00Z,29.5,2025-12-31T12:34:00Z,0,2026-01-10T19:45:00Z,0,2026-01-03T09:10:00Z
TX2-00001,2026-01-01T00:04:00Z,0,46.36,2026-01-01T00:04:00Z,40.8,2025-12-31T21:45:00Z,51.5,2025-12-31T23:44:00Z,5,2025-12-31T23:14:00Z,37.3,2025-12-31T04:44:00Z,0,2026-01-04T13:05:00Z,0,2026-01-03T16:02:00Z
TX2-00002,2026-01-01T00:20:00Z,0,5.56,2026-01-01T00:20:00Z,40.7,2025-12-31T20:24:00Z,34.8,2025-12-31T23:58:00Z,3,2025-12-31T23:54:00Z,40.0,2025-12-31T10:29:00Z,0,2026-01-10T17:23:00Z,0,2026-01-02T04:48:00Z
TX2-00003,2026-01-01T00:33:00Z,0,55.26,2026-01-01T00:33:00Z,38.5,2025-12-31T20:39:00Z,29.7,2026-01-01T00:11:00Z,4,2026-01-01T00:06:00Z,13.9,2025-12-31T13:49:00Z,0,2026-01-08T00:59:00Z,0,2026-01-03T11:52:00Z
TX2-00004,2026-01-01T02:22:00Z,0,76.28,2026-01-01T02:22:00Z,61.2,2026-01-01T00:56:00Z,47.8,2026-01-01T02:03:00Z,1,2026-01-01T01:44:00Z,32.0,2025-12-31T06:29:00Z,0,2026-01-05T15:41:00Z,0,2026-01-02T11:35:00Z
TX2-00005,2026-01-01T02:34:00Z,1,40.03,2026-01-01T02:34:00Z,48.1,2025-12-31T23:57:00Z,45.1,2026-01-01T02:33:00Z,6,2026-01-01T01:38:00Z,31.5,2025-12-31T19:21:00Z,1,2026-01-10T11:42:00Z,2,2026-01-02T19:24:00Z
TX2-00006,2026-01-01T03:58:00Z,0,39.79,2026-01-01T03:58:00Z,49.0,2026-01-01T02:48:00Z,40.6,2026-01-01T03:34:00Z,1,2026-01-01T03:08:00Z,24.9,2025-12-31T22:27:00Z,0,2026-01-09T01:58:00Z,0,2026-01-03T08:43:00Z
TX2-00007,2026-01-01T04:32:00Z,0,230.21,2026-01-01T04:32:00Z,50.7,2026-01-01T00:02:00Z,27.0,2026-01-01T04:31:00Z,1,2026-01-01T03:50:00Z,43.2,2025-12-31T18:45:00Z,0,2026-01-05T07:09:00Z,0,2026-01-03T17:59:00Z
TX2-00008,2026-01-01T05:45:00Z,0,29.1,2026-01-01T05:45:00Z,23.9,2026-01-01T04:20:00Z,36.7,2026-01-01T05:29:00Z,0,2026-01-01T05:37:00Z,23.8,2026-01-01T13:06:00Z,0,2026-01-08T07:50:00Z,2,2026-01-02T18:20:00Z
TX2-00009,2026-01-01T08:53:00Z,0,10.48,2026-01-01T08:53:00Z,38.0,2026-01-01T05:21:00Z,33.2,2026-01-01T08:35:00Z,3,2026-01-01T08:30:00Z,38.9,2025-12-31T13:10:00Z,0,2026-01-05T05:23:00Z,0,2026-01-02T09:38:00Z
TX2-00010,2026-01-01T09:02:00Z,0,155.53,2026-01-01T09:02:00Z,49.4,2026-01-01T08:39:00Z,22.8,2026-01-01T08:57:00Z,1,2026-01-01T08:03:00Z,25.5,2026-01-01T17:05:00Z,0,2026-01-09T20:50:00Z,1,2026-01-03T20:08:00Z
TX2-00011,2026-01-01T12:45:00Z,0,48.25,2026-01-01T12:45:00Z,55.2,2026-01-01T07:16:00Z,42.8,2026-01-01T12:26:00Z,1,2026-01-01T11:53:00Z,38.1,2026-01-01T00:44:00Z,0,2026-01-10T12:13:00Z,0,2026-01-02T22:41:00Z
TX2-00012,2026-01-01T14:03:00Z,0,171.0,2026-01-01T14:03:00Z,35.2,2026-01-01T12:53:00Z,32.6,2026-01-01T13:56:00Z,0,2026-01-01T13:49:00Z,27.4,2025-12-31T21:23:00Z,0,2026-01-05T16:29:00Z,1,2026-01-03T13:49:00Z
TX2-00013,2026-01-01T16:22:00Z,1,38.38,2026-01-01T16:22:00Z,71.4,2026-01-01T12:16:00Z,42.9,2026-01-01T16:01:00Z,2,2026-01-01T15:29:00Z,31.5,2026-01-01T14:22:00Z,1,2026-01-07T08:17:00Z,2,2026-01-02T21:26:00Z
TX2-00014,2026-01-01T16:43:00Z,0,12.22,2026-01-01T16:43:00Z,43.3,2026-01-01T11:04:00Z,48.5,2026-01-01T16:36:00Z,1,2026-01-01T16:32:00Z,23.1,2026-01-01T11:23:00Z,0,2026-01-11T05:31:00Z,0,2026-01-03T06:39:00Z
TX2-00015,2026-01-01T17:09:00Z,0,52.51,2026-01-01T17:09:00Z,36.9,2026-01-01T14:38:00Z,38.0,2026-01-01T16:52:00Z,0,2026-01-01T16:39:00Z,18.5,2026-01-01T13:30:00Z,0,2026-01-05T01:03:00Z,0,2026-01-04T08:38:00Z
TX2-00016,2026-01-01T23:45:00Z,0,80.05,2026-01-01T23:45:00Z,64.7,2026-01-01T23:10:00Z,45.2,2026-01-01T23:27:00Z,5,2026-01-01T23:34:00Z,37.0,2026-01-01T17:08:00Z,0,2026-01-06T17:53:00Z,0,2026-01-04T09:33:00Z
TX2-00017,2026-01-02T01:46:00Z,0,25.51,2026-01-02T01:46:00Z,52.0,2026-01-01T20:11:00Z,54.0,2026-01-02T01:32:00Z,7,2026-01-02T01:06:00Z,23.2,2026-01-01T23:59:00Z,0,2026-01-08T13:04:00Z,0,2026-01-03T13:10:00Z
TX2-00018,2026-01-02T06:37:00Z,0,96.23,2026-01-02T06:37:00Z,37.2,2026-01-02T06:27:00Z,43.6,2026-01-02T06:32:00Z,4,2026-01-02T05:51:00Z,22.4,2026-01-02T03:25:00Z,0,2026-01-05T19:33:00Z,0,2026-01-04T10:37:00Z
TX2-00019,2026-01-02T06:38:00Z,1,50.27,2026-01-02T06:38:00Z,50.6,2026-01-02T06:05:00Z,30.9,2026-01-02T06:09:00Z,4,2026-01-02T06:24:00Z,26.1,2026-01-01T14:21:00Z,1,2026-01-07T00:43:00Z,2,2026-01-05T02:29:00Z
TX2-00020,2026-01-02T07:50:00Z,0,14.63,2026-01-02T07:50:00Z,43.8,2026-01-02T03:26:00Z,34.1,2026-01-02T07:33:00Z,0,2026-01-02T07:22:00Z,23.8,2026-01-02T09:21:00Z,0,2026-01-06T22:27:00Z,0,2026-01-04T12:22:00Z
TX2-00021,2026-01-02T08:26:00Z,0,11.19,2026-01-02T08:26:00Z,69.9,2026-01-02T02:34:00Z,41.2,2026-01-02T08:04:00Z,4,2026-01-02T07:48:00Z,19.5,2026-01-02T06:39:00Z,0,2026-01-06T02:50:00Z,0,2026-01-04T05:54:00Z
TX2-00022,2026-01-02T10:45:00Z,0,13.58,2026-01-02T10:45:00Z,57.6,2026-01-02T10:14:00Z,34.1,2026-01-02T10:34:00Z,3,2026-01-02T09:52:00Z,33.1,2026-01-02T18:18:00Z,0,2026-01-08T08:32:00Z,0,2026-01-04T01:34:00Z
TX2-00023,2026-01-02T11:03:00Z,0,21.34,2026-01-02T11:03:00Z,46.0,2026-01-02T10:28:00Z,35.4,2026-01-02T10:34:00Z,3,2026-01-02T10:41:00Z,29.6,2026-01-01T22:10:00Z,0,2026-01-08T13:45:00Z,1,2026-01-04T18:38:00Z
TX2-00024,2026-01-02T14:01:00Z,0,34.07,2026-01-02T14:01:00Z,44.1,2026-01-02T10:42:00Z,54.9,2026-01-02T13:32:00Z,3,2026-01-02T14:00:00Z,34.8,2026-01-02T01:05:00Z,0,2026-01-09T19:01:00Z,0,2026-01-05T02:47:00Z
TX2-00025,2026-01-02T14:06:00Z,0,90.17,2026-01-02T14:06:00Z,27.5,2026-01-02T12:20:00Z,33.0,2026-01-02T13:56:00Z,4,2026-01-02T14:03:00Z,36.5,2026-01-02T10:25:00Z,0,2026-01-06T12:20:00Z,0,2026-01-05T05:03:00Z
TX2-00026,2026-01-02T14:15:00Z,1,24.3,2026-01-02T14:15:00Z,51.5,2026-01-02T12:20:00Z,41.4,2026-01-02T13:54:00Z,8,2026-01-02T13:51:00Z,39.8,2026-01-02T05:35:00Z,1,2026-01-08T18:12:00Z,1,2026-01-05T07:21:00Z
TX2-00027,2026-01-02T15:40:00Z,0,42.5,2026-01-02T15:40:00Z,52.6,2026-01-02T13:40:00Z,33.2,2026-01-02T15:11:00Z,1,2026-01-02T14:42:00Z,37.0,2026-01-02T07:52:00Z,0,2026-01-10T05:46:00Z,0,2026-01-03T16:37:00Z
TX2-00028,2026-01-02T15:53:00Z,0,258.48,2026-01-02T15:53:00Z,43.2,2026-01-02T14:04:00Z,45.1,2026-01-02T15:40:00Z,0,2026-01-02T15:24:00Z,27.3,2026-01-02T05:17:00Z,0,2026-01-09T23:15:00Z,0,2026-01-04T17:11:00Z
TX2-00029,2026-01-02T16:00:00Z,0,63.0,2026-01-02T16:00:00Z,43.0,2026-01-02T13:35:00Z,53.1,2026-01-02T15:43:00Z,2,2026-01-02T15:29:00Z,28.5,2026-01-01T20:33:00Z,0,2026-01-05T16:10:00Z,0,2026-01-03T20:03:00Z
TX2-00030,2026-01-02T19:42:00Z,0,43.9,2026-01-02T19:42:00Z,25.5,2026-01-02T17:48:00Z,42.4,2026-01-02T19:21:00Z,2,2026-01-02T19:40:00Z,35.2,2026-01-01T23:54:00Z,0,2026-01-12T14:05:00Z,0,2026-01-03T22:09:00Z
TX2-00031,2026-01-02T20:40:00Z,0,8.48,2026-01-02T20:40:00Z,48.1,2026-01-02T16:18:00Z,47.1,2026-01-02T20:31:00Z,1,2026-01-02T20:15:00Z,34.7,2026-01-02T07:32:00Z,0,2026-01-06T21:08:00Z,0,2026-01-05T17:26:00Z
TX2-00032,2026-01-02T20:54:00Z,1,216.5,2026-01-02T20:54:00Z,59.3,2026-01-02T19:57:00Z,64.6,2026-01-02T20:31:00Z,5,2026-01-02T20:30:00Z,27.0,2026-01-02T06:05:00Z,1,2026-01-07T06:12:00Z,2,2026-01-05T18:01:00Z
TX2-00033,2026-01-02T22:18:00Z,1,140.14,2026-01-02T22:18:00Z,61.6,2026-01-02T17:34:00Z,49.7,2026-01-02T22:00:00Z,5,2026-01-02T21:48:00Z,32.9,2026-01-02T19:43:00Z,1,2026-01-11T19:54:00Z,0,2026-01-05T10:21:00Z
TX2-00034,2026-01-03T00:53:00Z,1,52.74,2026-01-03T00:53:00Z,47.7,2026-01-02T19:21:00Z,53.0,2026-01-03T00:52:00Z,4,2026-01-03T00:25:00Z,44.5,2026-01-02T05:10:00Z,1,2026-01-06T11:56:00Z,2,2026-01-04T07:45:00Z
TX2-00035,2026-01-03T01:01:00Z,0,59.2,2026-01-03T01:01:00Z,45.6,2026-01-02T22:50:00Z,26.2,2026-01-03T00:44:00Z,2,2026-01-03T00:32:00Z,30.9,2026-01-02T20:21:00Z,0,2026-01-06T15:34:00Z,0,2026-01-05T07:03:00Z
TX2-00036,2026-01-03T01:19:00Z,0,25.76,2026-01-03T01:19:00Z,64.7,2026-01-02T23:34:00Z,26.8,2026-01-03T00:52:00Z,1,2026-01-03T00:42:00Z,30.9,2026-01-02T12:55:00Z,0,2026-01-12T23:01:00Z,0,2026-01-05T19:27:00Z
TX2-00037,2026-01-03T03:18:00Z,0,15.84,2026-01-03T03:18:00Z,65.3,2026-01-03T02:38:00Z,52.5,2026-01-03T03:13:00Z,1,2026-01-03T03:00:00Z,38.9,2026-01-03T00:03:00Z,0,2026-01-12T12:48:00Z,0,2026-01-06T02:31:00Z
TX2-00038,2026-01-03T07:40:00Z,0,33.67,2026-01-03T07:40:00Z,54.6,2026-01-03T01:45:00Z,40.5,2026-01-03T07:16:00Z,1,2026-01-03T07:09:00Z,26.2,2026-01-03T08:41:00Z,0,2026-01-12T07:42:00Z,0,2026-01-05T01:11:00Z
TX2-00039,2026-01-03T08:28:00Z,0,31.79,2026-01-03T08:28:00Z,65.2,2026-01-03T07:02:00Z,30.3,2026-01-03T08:21:00Z,1,2026-01-03T07:38:00Z,27.1,2026-01-02T23:53:00Z,0,2026-01-08T16:40:00Z,0,2026-01-04T16:05:00Z
TX2-00040,2026-01-03T09:27:00Z,0,56.43,2026-01-03T09:27:00Z,45.8,2026-01-03T05:43:00Z,44.8,2026-01-03T09:21:00Z,3,2026-01-03T08:32:00Z,28.7,2026-01-02T13:41:00Z,0,2026-01-13T04:24:00Z,0,2026-01-05T20:32:00Z
TX2-00041,2026-01-03T10:34:00Z,0,32.06,2026-01-03T10:34:00Z,53.1,2026-01-03T04:42:00Z,49.6,2026-01-03T10:11:00Z,0,2026-01-03T09:47:00Z,28.2,2026-01-02T18:56:00Z,0,2026-01-07T16:05:00Z,0,2026-01-05T23:49:00Z
TX2-00042,2026-01-03T13:29:00Z,0,54.1,2026-01-03T13:29:00Z,50.8,2026-01-03T12:46:00Z,36.8,2026-01-03T13:19:00Z,1,2026-01-03T12:48:00Z,27.5,2026-01-02T22:56:00Z,0,2026-01-12T17:04:00Z,0,2026-01-05T06:40:00Z
TX2-00043,2026-01-03T14:00:00Z,0,77.47,2026-01-03T14:00:00Z,35.5,2026-01-03T08:42:00Z,38.3,2026-01-03T13:35:00Z,2,2026-01-03T13:43:00Z,23.0,2026-01-03T19:28:00Z,0,2026-01-12T14:20:00Z,0,2026-01-05T13:17:00Z
TX2-00044,2026-01-03T15:39:00Z,0,211.42,2026-01-03T15:39:00Z,37.4,2026-01-03T11:23:00Z,41.6,2026-01-03T15:34:00Z,4,2026-01-03T15:13:00Z,43.1,2026-01-03T04:16:00Z,0,2026-01-11T05:59:00Z,0,2026-01-06T05:38:00Z
TX2-00045,2026-01-03T20:22:00Z,0,542.46,2026-01-03T20:22:00Z,46.0,2026-01-03T18:12:00Z,53.5,2026-01-03T20:01:00Z,1,2026-01-03T19:36:00Z,28.5,2026-01-03T04:04:00Z,0,2026-01-10T09:12:00Z,0,2026-01-05T00:03:00Z
TX2-00046,2026-01-03T22:19:00Z,0,101.47,2026-01-03T22:19:00Z,36.8,2026-01-03T16:51:00Z,35.5,2026-01-03T22:05:00Z,2,2026-01-03T21:42:00Z,25.8,2026-01-03T04:37:00Z,0,2026-01-13T14:02:00Z,0,2026-01-06T13:27:00Z
TX2-00047,2026-01-03T23:06:00Z,0,45.32,2026-01-03T23:06:00Z,50.0,2026-01-03T21:54:00Z,37.1,2026-01-03T23:00:00Z,4,2026-01-03T22:15:00Z,47.6,2026-01-03T08:00:00Z,0,2026-01-09T07:30:00Z,1,2026-01-05T09:15:00Z
TX2-00048,2026-01-04T02:59:00Z,0,6.94,2026-01-04T02:59:00Z,58.1,2026-01-04T02:34:00Z,31.9,2026-01-04T02:52:00Z,1,2026-01-04T02:57:00Z,29.2,2026-01-03T10:11:00Z,1,2026-01-12T09:35:00Z,0,2026-01-05T22:10:00Z
TX2-00049,2026-01-04T06:18:00Z,0,232.44,2026-01-04T06:18:00Z,52.3,2026-01-04T00:58:00Z,34.7,2026-01-04T06:14:00Z,3,2026-01-04T05:51:00Z,25.8,2026-01-04T11:24:00Z,0,2026-01-08T21:11:00Z,0,2026-01-05T08:14:00Z
TX2-00050,2026-01-04T07:45:00Z,0,151.51,2026-01-04T07:45:00Z,49.4,2026-01-04T03:59:00Z,26.8,2026-01-04T07:37:00Z,4,2026-01-04T06:50:00Z,16.6,2026-01-04T16:23:00Z,0,2026-01-12T06:38:00Z,1,2026-01-05T23:13:00Z
TX2-00051,2026-01-04T09:52:00Z,0,44.97,2026-01-04T09:52:00Z,42.4,2026-01-04T04:11:00Z,37.4,2026-01-04T09:29:00Z,0,2026-01-04T08:55:00Z,28.2,2026-01-04T06:24:00Z,0,2026-01-10T03:19:00Z,0,2026-01-06T06:47:00Z
TX2-00052,2026-01-04T12:47:00Z,0,49.79,2026-01-04T12:47:00Z,64.6,2026-01-04T11:35:00Z,27.7,2026-01-04T12:36:00Z,2,2026-01-04T12:05:00Z,38.0,2026-01-04T03:23:00Z,0,2026-01-11T05:02:00Z,1,2026-01-05T17:21:00Z
TX2-00053,2026-01-04T13:53:00Z,0,48.69,2026-01-04T13:53:00Z,44.5,2026-01-04T12:14:00Z,53.3,2026-01-04T13:52:00Z,2,2026-01-04T13:49:00Z,30.1,2026-01-04T00:00:00Z,0,2026-01-09T13:05:00Z,2,2026-01-06T01:35:00Z
TX2-00054,2026-01-04T14:10:00Z,0,5.13,2026-01-04T14:10:00Z,54.0,2026-01-04T10:22:00Z,38.8,2026-01-04T13:45:00Z,1,2026-01-04T14:05:00Z,36.3,2026-01-04T20:55:00Z,0,2026-01-08T15:08:00Z,0,2026-01-07T13:53:00Z
TX2-00055,2026-01-04T16:36:00Z,1,13.78,2026-01-04T16:36:00Z,65.8,2026-01-04T13:38:00Z,29.7,2026-01-04T16:27:00Z,3,2026-01-04T15:55:00Z,23.6,2026-01-03T23:42:00Z,1,2026-01-12T15:29:00Z,2,2026-01-06T02:16:00Z
TX2-00056,2026-01-04T20:48:00Z,0,26.46,2026-01-04T20:48:00Z,63.0,2026-01-04T14:52:00Z,43.5,2026-01-04T20:21:00Z,1,2026-01-04T20:27:00Z,17.4,2026-01-04T23:51:00Z,0,2026-01-14T14:26:00Z,0,2026-01-06T23:38:00Z
TX2-00057,2026-01-04T21:29:00Z,0,20.68,2026-01-04T21:29:00Z,61.0,2026-01-04T18:38:00Z,53.8,2026-01-04T21:21:00Z,1,2026-01-04T20:47:00Z,24.8,2026-01-04T05:20:00Z,0,2026-01-10T01:37:00Z,1,2026-01-06T20:14:00Z
TX2-00058,2026-01-04T21:58:00Z,0,50.83,2026-01-04T21:58:00Z,41.8,2026-01-04T19:23:00Z,47.7,2026-01-04T21:51:00Z,2,2026-01-04T21:53:00Z,32.6,2026-01-05T04:01:00Z,0,2026-01-10T04:50:00Z,0,2026-01-06T02:18:00Z
TX2-00059,2026-01-04T22:20:00Z,0,4.6,2026-01-04T22:20:00Z,42.6,2026-01-04T19:38:00Z,54.7,2026-01-04T22:04:00Z,0,2026-01-04T22:11:00Z,24.0,2026-01-04T03:55:00Z,0,2026-01-12T21:20:00Z,1,2026-01-06T00:00:00Z
TX2-00060,2026-01-04T23:18:00Z,0,76.42,2026-01-04T23:18:00Z,53.5,2026-01-04T20:20:00Z,35.7,2026-01-04T23:06:00Z,3,2026-01-04T22:20:00Z,36.7,2026-01-04T08:46:00Z,0,2026-01-12T18:24:00Z,0,2026-01-07T16:03:00Z
TX2-00061,2026-01-04T23:18:00Z,0,74.39,2026-01-04T23:18:00Z,46.8,2026-01-04T20:27:00Z,54.9,2026-01-04T23:04:00Z,1,2026-01-04T22:48:00Z,30.0,2026-01-04T18:22:00Z,0,2026-01-11T00:06:00Z,0,2026-01-07T02:46:00Z
TX2-00062,2026-01-04T23:47:00Z,0,56.21,2026-01-04T23:47:00Z,38.6,2026-01-04T19:12:00Z,27.0,2026-01-04T23:35:00Z,3,2026-01-04T23:11:00Z,30.4,2026-01-04T20:25:00Z,0,2026-01-12T11:19:00Z,0,2026-01-07T10:30:00Z
TX2-00063,2026-01-05T00:13:00Z,0,40.72,2026-01-05T00:13:00Z,58.6,2026-01-04T19:42:00Z,44.2,2026-01-05T00:03:00Z,2,2026-01-04T23:38:00Z,32.6,2026-01-05T05:37:00Z,0,2026-01-13T08:29:00Z,1,2026-01-06T11:22:00Z
TX2-00064,2026-01-05T00:27:00Z,0,31.53,2026-01-05T00:27:00Z,58.3,2026-01-04T20:18:00Z,34.7,2026-01-05T00:18:00Z,1,2026-01-04T23:55:00Z,22.9,2026-01-04T12:47:00Z,0,2026-01-10T10:40:00Z,0,2026-01-07T23:58:00Z
TX2-00065,2026-01-05T03:10:00Z,0,14.8,2026-01-05T03:10:00Z,49.3,2026-01-05T00:35:00Z,25.1,2026-01-05T03:07:00Z,0,2026-01-05T02:43:00Z,30.3,2026-01-04T07:32:00Z,0,2026-01-10T16:41:00Z,0,2026-01-07T12:27:00Z
TX2-00066,2026-01-05T03:27:00Z,0,116.23,2026-01-05T03:27:00Z,62.8,2026-01-04T21:44:00Z,38.5,2026-01-05T03:19:00Z,2,2026-01-05T02:34:00Z,31.4,2026-01-05T09:28:00Z,0,2026-01-13T08:13:00Z,0,2026-01-07T14:41:00Z
TX2-00067,2026-01-05T03:52:00Z,0,124.54,2026-01-05T03:52:00Z,38.7,2026-01-05T03:25:00Z,44.2,2026-01-05T03:46:00Z,4,2026-01-05T03:12:00Z,27.3,2026-01-04T07:59:00Z,0,2026-01-09T08:43:00Z,0,2026-01-07T13:49:00Z
TX2-00068,2026-01-05T07:20:00Z,0,62.01,2026-01-05T07:20:00Z,44.0,2026-01-05T03:46:00Z,41.9,2026-01-05T07:01:00Z,3,2026-01-05T07:19:00Z,16.2,2026-01-05T15:06:00Z,0,2026-01-13T05:46:00Z,0,2026-01-06T12:13:00Z
TX2-00069,2026-01-05T07:56:00Z,0,22.17,2026-01-05T07:56:00Z,69.0,2026-01-05T05:46:00Z,34.3,2026-01-05T07:48:00Z,3,2026-01-05T07:21:00Z,28.5,2026-01-05T00:20:00Z,0,2026-01-10T08:53:00Z,0,2026-01-07T11:02:00Z
TX2-00070,2026-01-05T08:02:00Z,0,151.44,2026-01-05T08:02:00Z,33.1,2026-01-05T03:05:00Z,37.4,2026-01-05T07:38:00Z,3,2026-01-05T07:17:00Z,26.7,2026-01-04T18:59:00Z,0,2026-01-12T02:22:00Z,0,2026-01-07T18:29:00Z
TX2-00071,2026-01-05T08:17:00Z,0,81.35,2026-01-05T08:17:00Z,60.1,2026-01-05T06:11:00Z,46.6,2026-01-05T07:55:00Z,2,2026-01-05T07:52:00Z,17.0,2026-01-04T13:23:00Z,0,2026-01-14T16:22:00Z,0,2026-01-08T00:15:00Z
TX2-00072,2026-01-05T09:46:00Z,0,52.39,2026-01-05T09:46:00Z,65.3,2026-01-05T05:18:00Z,47.8,2026-01-05T09:36:00Z,2,2026-01-05T09:42:00Z,30.0,2026-01-04T15:23:00Z,0,2026-01-10T04:51:00Z,0,2026-01-07T17:31:00Z
TX2-00073,2026-01-05T10:38:00Z,1,69.98,2026-01-05T10:38:00Z,54.0,2026-01-05T05:15:00Z,48.7,2026-01-05T10:32:00Z,7,2026-01-05T09:40:00Z,43.5,2026-01-05T18:00:00Z,0,2026-01-11T23:12:00Z,2,2026-01-07T06:47:00Z
TX2-00074,2026-01-05T11:49:00Z,0,103.63,2026-01-05T11:49:00Z,51.0,2026-01-05T09:11:00Z,50.6,2026-01-05T11:27:00Z,2,2026-01-05T11:37:00Z,26.7,2026-01-05T00:39:00Z,0,2026-01-10T15:25:00Z,0,2026-01-06T17:33:00Z
TX2-00075,2026-01-05T12:47:00Z,0,33.38,2026-01-05T12:47:00Z,41.0,2026-01-05T10:20:00Z,36.0,2026-01-05T12:45:00Z,3,2026-01-05T12:33:00Z,36.1,2026-01-04T21:41:00Z,0,2026-01-13T07:09:00Z,0,2026-01-07T01:15:00Z
TX2-00076,2026-01-05T13:37:00Z,0,119.63,2026-01-05T13:37:00Z,58.8,2026-01-05T12:53:00Z,21.7,2026-01-05T13:15:00Z,2,2026-01-05T13:12:00Z,28.4,2026-01-05T06:09:00Z,0,2026-01-09T19:21:00Z,0,2026-01-08T07:07:00Z
TX2-00077,2026-01-05T15:49:00Z,0,18.97,2026-01-05T15:49:00Z,30.4,2026-01-05T15:44:00Z,32.6,2026-01-05T15:36:00Z,1,2026-01-05T15:35:00Z,37.7,2026-01-05T17:16:00Z,0,2026-01-12T06:38:00Z,0,2026-01-06T17:04:00Z
TX2-00078,2026-01-05T17:29:00Z,1,47.17,2026-01-05T17:29:00Z,60.9,2026-01-05T17:02:00Z,44.2,2026-01-05T17:23:00Z,3,2026-01-05T16:48:00Z,36.4,2026-01-05T23:46:00Z,1,2026-01-12T12:45:00Z,2,2026-01-08T11:06:00Z
TX2-00079,2026-01-05T17:35:00Z,0,79.82,2026-01-05T17:35:00Z,55.3,2026-01-05T14:58:00Z,46.8,2026-01-05T17:15:00Z,1,2026-01-05T17:11:00Z,29.2,2026-01-05T00:48:00Z,0,2026-01-11T06:41:00Z,0,2026-01-07T01:22:00Z
TX2-00080,2026-01-05T17:58:00Z,0,37.26,2026-01-05T17:58:00Z,62.5,2026-01-05T12:24:00Z,26.3,2026-01-05T17:39:00Z,2,2026-01-05T17:11:00Z,27.6,2026-01-05T11:32:00Z,0,2026-01-12T15:04:00Z,2,2026-01-08T14:24:00Z
TX2-00081,2026-01-05T18:10:00Z,0,162.38,2026-01-05T18:10:00Z,60.8,2026-01-05T15:03:00Z,52.6,2026-01-05T17:54:00Z,4,2026-01-05T17:44:00Z,20.2,2026-01-05T15:15:00Z,0,2026-01-15T01:30:00Z,0,2026-01-07T04:14:00Z
TX2-00082,2026-01-05T18:25:00Z,0,34.75,2026-01-05T18:25:00Z,52.0,2026-01-05T14:50:00Z,43.7,2026-01-05T18:24:00Z,3,2026-01-05T18:22:00Z,43.7,2026-01-05T08:51:00Z,0,2026-01-09T09:20:00Z,0,2026-01-07T18:22:00Z
TX2-00083,2026-01-05T18:41:00Z,0,84.77,2026-01-05T18:41:00Z,58.5,2026-01-05T12:43:00Z,34.8,2026-01-05T18:18:00Z,0,2026-01-05T18:29:00Z,28.9,2026-01-05T12:21:00Z,0,2026-01-11T05:52:00Z,0,2026-01-07T05:02:00Z
TX2-00084,2026-01-05T19:05:00Z,0,20.46,2026-01-05T19:05:00Z,40.4,2026-01-05T16:30:00Z,61.1,2026-01-05T18:45:00Z,1,2026-01-05T18:13:00Z,27.3,2026-01-05T14:41:00Z,0,2026-01-14T15:07:00Z,0,2026-01-07T19:13:00Z
TX2-00085,2026-01-05T20:30:00Z,0,47.63,2026-01-05T20:30:00Z,56.0,2026-01-05T15:51:00Z,22.7,2026-01-05T20:11:00Z,2,2026-01-05T19:57:00Z,30.3,2026-01-05T16:08:00Z,0,2026-01-10T06:49:00Z,0,2026-01-08T02:16:00Z
TX2-00086,2026-01-05T20:37:00Z,0,23.29,2026-01-05T20:37:00Z,40.4,2026-01-05T19:37:00Z,38.3,2026-01-05T20:08:00Z,2,2026-01-05T19:37:00Z,22.0,2026-01-05T08:14:00Z,0,2026-01-12T14:08:00Z,1,2026-01-08T02:39:00Z
TX2-00087,2026-01-05T23:21:00Z,1,322.14,2026-01-05T23:21:00Z,61.2,2026-01-05T23:02:00Z,24.9,2026-01-05T23:11:00Z,3,2026-01-05T22:36:00Z,43.1,2026-01-05T15:17:00Z,1,2026-01-13T04:49:00Z,2,2026-01-07T07:27:00Z
TX2-00088,2026-01-06T02:22:00Z,0,34.73,2026-01-06T02:22:00Z,38.5,2026-01-05T22:55:00Z,41.9,2026-01-06T01:54:00Z,0,2026-01-06T02:12:00Z,10.5,2026-01-05T15:53:00Z,0,2026-01-14T00:17:00Z,0,2026-01-07T05:26:00Z
TX2-00089,2026-01-06T02:39:00Z,0,156.8,2026-01-06T02:39:00Z,66.2,2026-01-06T00:53:00Z,32.2,2026-01-06T02:28:00Z,5,2026-01-06T02:19:00Z,23.8,2026-01-05T13:18:00Z,0,2026-01-14T07:24:00Z,0,2026-01-07T19:08:00Z
TX2-00090,2026-01-06T05:13:00Z,0,90.77,2026-01-06T05:13:00Z,64.2,2026-01-06T02:10:00Z,28.6,2026-01-06T04:51:00Z,0,2026-01-06T04:20:00Z,45.1,2026-01-05T19:58:00Z,0,2026-01-12T12:03:00Z,0,2026-01-08T00:57:00Z
TX2-00091,2026-01-06T09:50:00Z,0,79.6,2026-01-06T09:50:00Z,26.6,2026-01-06T06:27:00Z,41.4,2026-01-06T09:49:00Z,3,2026-01-06T09:20:00Z,27.6,2026-01-05T14:40:00Z,0,2026-01-10T12:55:00Z,0,2026-01-08T20:29:00Z
TX2-00092,2026-01-06T10:47:00Z,0,23.24,2026-01-06T10:47:00Z,47.8,2026-01-06T09:27:00Z,46.1,2026-01-06T10:23:00Z,4,2026-01-06T10:24:00Z,17.9,2026-01-06T08:21:00Z,0,2026-01-13T09:02:00Z,0,2026-01-09T03:37:00Z
TX2-00093,2026-01-06T11:13:00Z,0,33.4,2026-01-06T11:13:00Z,30.1,2026-01-06T09:21:00Z,33.1,2026-01-06T10:50:00Z,5,2026-01-06T10:30:00Z,36.0,2026-01-06T03:21:00Z,0,2026-01-15T23:39:00Z,0,2026-01-08T14:06:00Z
TX2-00094,2026-01-06T12:40:00Z,0,105.79,2026-01-06T12:40:00Z,43.3,2026-01-06T08:28:00Z,29.1,2026-01-06T12:18:00Z,0,2026-01-06T12:28:00Z,23.8,2026-01-06T03:21:00Z,0,2026-01-14T17:12:00Z,0,2026-01-08T00:23:00Z
TX2-00095,2026-01-06T12:51:00Z,0,35.67,2026-01-06T12:51:00Z,50.7,2026-01-06T08:19:00Z,32.9,2026-01-06T12:47:00Z,2,2026-01-06T12:28:00Z,31.7,2026-01-05T22:42:00Z,0,2026-01-14T13:23:00Z,0,2026-01-07T17:25:00Z
TX2-00096,2026-01-06T13:41:00Z,1,28.33,2026-01-06T13:41:00Z,62.2,2026-01-06T12:42:00Z,33.4,2026-01-06T13:17:00Z,3,2026-01-06T13:13:00Z,30.8,2026-01-05T21:01:00Z,1,2026-01-11T04:53:00Z,2,2026-01-08T02:49:00Z
TX2-00097,2026-01-06T14:26:00Z,0,15.81,2026-01-06T14:26:00Z,19.3,2026-01-06T13:53:00Z,37.5,2026-01-06T14:20:00Z,0,2026-01-06T13:34:00Z,23.1,2026-01-06T10:02:00Z,0,2026-01-11T03:41:00Z,0,2026-01-08T11:45:00Z
TX2-00098,2026-01-06T14:38:00Z,0,18.98,2026-01-06T14:38:00Z,57.0,2026-01-06T14:20:00Z,45.3,2026-01-06T14:12:00Z,2,2026-01-06T13:52:00Z,29.1,2026-01-05T19:07:00Z,0,2026-01-12T07:15:00Z,0,2026-01-08T01:15:00Z
TX2-00099,2026-01-06T15:17:00Z,0,287.89,2026-01-06T15:17:00Z,49.4,2026-01-06T13:31:00Z,13.6,2026-01-06T15:01:00Z,2,2026-01-06T14:23:00Z,21.5,2026-01-06T11:18:00Z,0,2026-01-14T18:59:00Z,0,2026-01-09T11:27:00Z
TX2-00100,2026-01-06T18:05:00Z,1,15.16,2026-01-06T18:05:00Z,85.3,2026-01-06T14:14:00Z,41.5,2026-01-06T17:43:00Z,3,2026-01-06T18:01:00Z,35.5,2026-01-06T07:18:00Z,1,2026-01-13T19:08:00Z,2,2026-01-08T17:37:00Z
TX2-00101,2026-01-06T19:01:00Z,0,84.99,2026-01-06T19:01:00Z,65.4,2026-01-06T15:05:00Z,34.5,2026-01-06T18:45:00Z,3,2026-01-06T18:59:00Z,40.5,2026-01-06T20:15:00Z,0,2026-01-10T00:41:00Z,0,2026-01-09T16:51:00Z
TX2-00102,2026-01-06T19:16:00Z,0,66.98,2026-01-06T19:16:00Z,63.2,2026-01-06T13:59:00Z,47.8,2026-01-06T19:01:00Z,0,2026-01-06T18:21:00Z,24.8,2026-01-06T05:39:00Z,0,2026-01-15T00:49:00Z,0,2026-01-08T23:02:00Z
TX2-00103,2026-01-06T19:53:00Z,0,52.45,2026-01-06T19:53:00Z,36.2,2026-01-06T16:28:00Z,56.4,2026-01-06T19:43:00Z,1,2026-01-06T19:35:00Z,24.2,2026-01-06T13:26:00Z,0,2026-01-10T03:44:00Z,0,2026-01-07T22:40:00Z
TX2-00104,2026-01-06T20:53:00Z,0,23.59,2026-01-06T20:53:00Z,45.9,2026-01-06T15:30:00Z,40.7,2026-01-06T20:43:00Z,1,2026-01-06T20:44:00Z,30.7,2026-01-06T12:14:00Z,0,2026-01-13T07:02:00Z,0,2026-01-09T19:17:00Z
TX2-00105,2026-01-06T22:06:00Z,0,27.97,2026-01-06T22:06:00Z,39.8,2026-01-06T17:00:00Z,17.7,2026-01-06T21:55:00Z,3,2026-01-06T21:32:00Z,40.5,2026-01-06T04:36:00Z,0,2026-01-14T08:45:00Z,0,2026-01-08T09:17:00Z
TX2-00106,2026-01-06T22:48:00Z,0,84.34,2026-01-06T22:48:00Z,33.8,2026-01-06T22:16:00Z,56.5,2026-01-06T22:25:00Z,3,2026-01-06T22:20:00Z,38.6,2026-01-06T13:21:00Z,0,2026-01-15T23:04:00Z,0,2026-01-08T15:11:00Z
TX2-00107,2026-01-06T23:07:00Z,0,93.9,2026-01-06T23:07:00Z,65.2,2026-01-06T20:45:00Z,37.9,2026-01-06T22:54:00Z,3,2026-01-06T22:20:00Z,31.8,2026-01-06T18:34:00Z,0,2026-01-13T05:43:00Z,0,2026-01-09T03:37:00Z
TX2-00108,2026-01-07T02:50:00Z,0,12.65,2026-01-07T02:50:00Z,31.2,2026-01-07T00:14:00Z,32.9,2026-01-07T02:21:00Z,4,2026-01-07T01:55:00Z,36.4,2026-01-06T19:45:00Z,0,2026-01-15T12:04:00Z,0,2026-01-08T14:24:00Z
TX2-00109,2026-01-07T03:21:00Z,0,77.52,2026-01-07T03:21:00Z,57.7,2026-01-06T21:51:00Z,31.3,2026-01-07T02:52:00Z,3,2026-01-07T03:13:00Z,35.4,2026-01-06T20:06:00Z,0,2026-01-12T03:29:00Z,0,2026-01-09T17:05:00Z
TX2-00110,2026-01-07T08:46:00Z,0,59.53,2026-01-07T08:46:00Z,44.9,2026-01-07T06:13:00Z,35.5,2026-01-07T08:24:00Z,1,2026-01-07T07:57:00Z,27.5,2026-01-07T04:45:00Z,0,2026-01-11T16:31:00Z,0,2026-01-09T17:13:00Z
TX2-00111,2026-01-07T09:01:00Z,0,16.84,2026-01-07T09:01:00Z,59.1,2026-01-07T08:54:00Z,45.0,2026-01-07T08:46:00Z,2,2026-01-07T08:06:00Z,25.8,2026-01-06T19:56:00Z,0,2026-01-13T12:29:00Z,0,2026-01-09T18:06:00Z
TX2-00112,2026-01-07T09:04:00Z,0,17.99,2026-01-07T09:04:00Z,38.8,2026-01-07T08:48:00Z,25.1,2026-01-07T08:52:00Z,1,2026-01-07T08:08:00Z,29.4,2026-01-07T00:53:00Z,0,2026-01-15T11:54:00Z,2,2026-01-09T14:12:00Z
TX2-00113,2026-01-07T09:25:00Z,0,40.0,2026-01-07T09:25:00Z,60.3,2026-01-07T08:03:00Z,40.1,2026-01-07T09:17:00Z,3,2026-01-07T08:58:00Z,15.4,2026-01-06T13:43:00Z,0,2026-01-14T18:31:00Z,0,2026-01-09T16:48:00Z
TX2-00114,2026-01-07T09:55:00Z,0,38.49,2026-01-07T09:55:00Z,61.9,2026-01-07T08:12:00Z,29.4,2026-01-07T09:45:00Z,3,2026-01-07T09:36:00Z,35.9,2026-01-07T03:19:00Z,0,2026-01-12T10:30:00Z,0,2026-01-09T23:31:00Z
TX2-00115,2026-01-07T10:29:00Z,0,16.44,2026-01-07T10:29:00Z,44.4,2026-01-07T06:51:00Z,50.9,2026-01-07T10:13:00Z,3,2026-01-07T10:17:00Z,8.3,2026-01-06T23:04:00Z,0,2026-01-15T16:14:00Z,0,2026-01-09T04:04:00Z
TX2-00116,2026-01-07T13:22:00Z,0,111.85,2026-01-07T13:22:00Z,61.6,2026-01-07T09:07:00Z,35.5,2026-01-07T13:07:00Z,1,2026-01-07T12:31:00Z,57.7,2026-01-06T22:25:00Z,0,2026-01-14T04:34:00Z,0,2026-01-10T11:17:00Z
TX2-00117,2026-01-07T14:41:00Z,0,25.22,2026-01-07T14:41:00Z,62.9,2026-01-07T13:17:00Z,41.2,2026-01-07T14:31:00Z,1,2026-01-07T13:43:00Z,30.6,2026-01-07T22:07:00Z,0,2026-01-13T06:30:00Z,0,2026-01-10T06:07:00Z
TX2-00118,2026-01-07T17:52:00Z,0,116.97,2026-01-07T17:52:00Z,54.9,2026-01-07T12:15:00Z,39.7,2026-01-07T17:30:00Z,3,2026-01-07T17:17:00Z,39.5,2026-01-07T02:00:00Z,0,2026-01-17T00:16:00Z,0,2026-01-09T04:49:00Z
TX2-00119,2026-01-07T23:51:00Z,0,114.58,2026-01-07T23:51:00Z,61.2,2026-01-07T18:57:00Z,31.6,2026-01-07T23:41:00Z,1,2026-01-07T23:44:00Z,42.9,2026-01-08T04:03:00Z,0,2026-01-12T22:31:00Z,0,2026-01-10T16:41:00Z
TX2-00120,2026-01-08T01:24:00Z,1,295.53,2026-01-08T01:24:00Z,46.0,2026-01-07T20:24:00Z,46.7,2026-01-08T01:06:00Z,3,2026-01-08T00:54:00Z,25.2,2026-01-08T07:14:00Z,1,2026-01-14T14:30:00Z,1,2026-01-10T18:43:00Z
TX2-00121,2026-01-08T08:04:00Z,0,553.34,2026-01-08T08:04:00Z,61.6,2026-01-08T03:47:00Z,52.3,2026-01-08T07:52:00Z,6,2026-01-08T07:24:00Z,37.6,2026-01-07T17:39:00Z,0,2026-01-12T16:50:00Z,0,2026-01-09T11:51:00Z
TX2-00122,2026-01-08T08:40:00Z,1,7.52,2026-01-08T08:40:00Z,58.3,2026-01-08T07:35:00Z,41.5,2026-01-08T08:33:00Z,3,2026-01-08T08:39:00Z,37.3,2026-01-08T00:13:00Z,1,2026-01-14T08:44:00Z,2,2026-01-09T18:31:00Z
TX2-00123,2026-01-08T17:05:00Z,0,88.28,2026-01-08T17:05:00Z,49.4,2026-01-08T16:56:00Z,35.5,2026-01-08T16:45:00Z,2,2026-01-08T17:03:00Z,29.8,2026-01-08T14:36:00Z,0,2026-01-14T12:27:00Z,1,2026-01-10T12:09:00Z
TX2-00124,2026-01-08T19:39:00Z,0,21.86,2026-01-08T19:39:00Z,63.9,2026-01-08T15:23:00Z,28.8,2026-01-08T19:10:00Z,1,2026-01-08T19:35:00Z,36.9,2026-01-08T11:40:00Z,0,2026-01-16T12:35:00Z,0,2026-01-10T00:28:00Z
TX2-00125,2026-01-08T22:44:00Z,0,42.69,2026-01-08T22:44:00Z,49.0,2026-01-08T17:28:00Z,36.1,2026-01-08T22:35:00Z,3,2026-01-08T21:50:00Z,31.1,2026-01-08T07:42:00Z,0,2026-01-16T23:29:00Z,0,2026-01-10T13:24:00Z
TX2-00126,2026-01-09T00:06:00Z,0,76.84,2026-01-09T00:06:00Z,48.3,2026-01-08T23:32:00Z,25.9,2026-01-08T23:49:00Z,1,2026-01-08T23:13:00Z,37.7,2026-01-08T08:41:00Z,0,2026-01-16T03:29:00Z,0,2026-01-11T10:29:00Z
TX2-00127,2026-01-09T00:25:00Z,0,76.77,2026-01-09T00:25:00Z,57.4,2026-01-08T21:07:00Z,23.5,2026-01-09T00:05:00Z,2,2026-01-08T23:35:00Z,26.7,2026-01-08T22:37:00Z,0,2026-01-17T16:29:00Z,0,2026-01-10T04:03:00Z
TX2-00128,2026-01-09T00:37:00Z,0,29.62,2026-01-09T00:37:00Z,47.8,2026-01-08T21:53:00Z,47.7,2026-01-09T00:32:00Z,2,2026-01-09T00:13:00Z,17.4,2026-01-08T09:13:00Z,0,2026-01-14T02:39:00Z,0,2026-01-10T19:19:00Z
TX2-00129,2026-01-09T01:43:00Z,0,28.18,2026-01-09T01:43:00Z,59.7,2026-01-08T20:22:00Z,54.6,2026-01-09T01:22:00Z,5,2026-01-09T01:17:00Z,20.3,2026-01-09T04:43:00Z,0,2026-01-16T10:29:00Z,1,2026-01-10T06:17:00Z
TX2-00130,2026-01-09T05:27:00Z,0,90.34,2026-01-09T05:27:00Z,75.5,2026-01-09T03:23:00Z,63.8,2026-01-09T04:58:00Z,1,2026-01-09T04:42:00Z,23.3,2026-01-08T22:23:00Z,0,2026-01-15T05:20:00Z,1,2026-01-12T02:02:00Z
TX2-00131,2026-01-09T06:10:00Z,0,35.08,2026-01-09T06:10:00Z,31.6,2026-01-09T01:55:00Z,36.9,2026-01-09T06:06:00Z,1,2026-01-09T05:15:00Z,39.0,2026-01-09T03:52:00Z,0,2026-01-14T04:49:00Z,0,2026-01-10T13:25:00Z
TX2-00132,2026-01-09T08:58:00Z,0,31.28,2026-01-09T08:58:00Z,27.7,2026-01-09T04:30:00Z,48.6,2026-01-09T08:46:00Z,0,2026-01-09T08:25:00Z,30.2,2026-01-09T14:02:00Z,0,2026-01-16T22:19:00Z,0,2026-01-11T20:27:00Z
TX2-00133,2026-01-09T10:45:00Z,0,37.61,2026-01-09T10:45:00Z,55.1,2026-01-09T06:57:00Z,40.2,2026-01-09T10:44:00Z,2,2026-01-09T10:03:00Z,28.1,2026-01-09T11:52:00Z,0,2026-01-15T06:01:00Z,0,2026-01-11T09:34:00Z
TX2-00134,2026-01-09T10:58:00Z,0,61.74,2026-01-09T10:58:00Z,51.1,2026-01-09T05:21:00Z,36.5,2026-01-09T10:42:00Z,4,2026-01-09T10:51:00Z,41.8,2026-01-09T02:49:00Z,0,2026-01-18T21:41:00Z,0,2026-01-10T15:15:00Z
TX2-00135,2026-01-09T11:57:00Z,0,99.96,2026-01-09T11:57:00Z,38.2,2026-01-09T11:17:00Z,37.9,2026-01-09T11:29:00Z,2,2026-01-09T11:38:00Z,37.1,2026-01-08T20:39:00Z,0,2026-01-16T20:47:00Z,0,2026-01-11T01:51:00Z
TX2-00136,2026-01-09T12:50:00Z,0,232.51,2026-01-09T12:50:00Z,63.4,2026-01-09T11:00:00Z,44.5,2026-01-09T12:33:00Z,2,2026-01-09T12:13:00Z,37.4,2026-01-08T23:35:00Z,0,2026-01-19T12:49:00Z,0,2026-01-11T12:48:00Z
TX2-00137,2026-01-09T14:27:00Z,0,74.94,2026-01-09T14:27:00Z,28.8,2026-01-09T09:35:00Z,34.9,2026-01-09T14:05:00Z,1,2026-01-09T13:42:00Z,19.3,2026-01-08T19:58:00Z,0,2026-01-12T17:07:00Z,2,2026-01-10T17:19:00Z
TX2-00138,2026-01-09T14:28:00Z,0,62.45,2026-01-09T14:28:00Z,52.4,2026-01-09T12:18:00Z,28.4,2026-01-09T14:02:00Z,4,2026-01-09T13:50:00Z,27.4,2026-01-09T07:42:00Z,0,2026-01-16T14:19:00Z,0,2026-01-11T05:42:00Z
TX2-00139,2026-01-09T14:43:00Z,0,52.01,2026-01-09T14:43:00Z,47.3,2026-01-09T11:37:00Z,19.5,2026-01-09T14:26:00Z,3,2026-01-09T14:31:00Z,22.2,2026-01-08T23:42:00Z,0,2026-01-17T23:58:00Z,0,2026-01-11T16:40:00Z
TX2-00140,2026-01-09T16:09:00Z,0,159.64,2026-01-09T16:09:00Z,60.5,2026-01-09T15:55:00Z,64.8,2026-01-09T15:43:00Z,2,2026-01-09T15:52:00Z,32.6,2026-01-09T14:43:00Z,0,2026-01-18T03:28:00Z,0,2026-01-11T02:38:00Z
TX2-00141,2026-01-09T16:52:00Z,0,21.84,2026-01-09T16:52:00Z,48.9,2026-01-09T13:36:00Z,43.6,2026-01-09T16:29:00Z,0,2026-01-09T16:10:00Z,27.3,2026-01-09T07:28:00Z,0,2026-01-14T17:38:00Z,0,2026-01-11T18:48:00Z
TX2-00142,2026-01-09T17:08:00Z,0,338.68,2026-01-09T17:08:00Z,50.1,2026-01-09T14:21:00Z,58.7,2026-01-09T16:45:00Z,1,2026-01-09T16:52:00Z,37.1,2026-01-09T05:48:00Z,0,2026-01-13T22:04:00Z,0,2026-01-12T11:16:00Z
TX2-00143,2026-01-09T17:11:00Z,0,67.31,2026-01-09T17:11:00Z,46.7,2026-01-09T12:19:00Z,52.5,2026-01-09T16:58:00Z,0,2026-01-09T16:32:00Z,40.2,2026-01-08T23:25:00Z,0,2026-01-17T01:56:00Z,0,2026-01-12T11:11:00Z
TX2-00144,2026-01-09T18:17:00Z,0,36.64,2026-01-09T18:17:00Z,42.1,2026-01-09T15:16:00Z,52.4,2026-01-09T18:07:00Z,2,2026-01-09T18:13:00Z,11.7,2026-01-09T09:55:00Z,0,2026-01-16T22:13:00Z,2,2026-01-11T03:19:00Z
TX2-00145,2026-01-09T20:54:00Z,0,232.24,2026-01-09T20:54:00Z,21.9,2026-01-09T16:08:00Z,44.0,2026-01-09T20:28:00Z,5,2026-01-09T19:54:00Z,31.8,2026-01-09T14:14:00Z,0,2026-01-19T13:50:00Z,0,2026-01-11T09:19:00Z
TX2-00146,2026-01-09T21:48:00Z,0,31.0,2026-01-09T21:48:00Z,52.8,2026-01-09T20:51:00Z,36.8,2026-01-09T21:34:00Z,0,2026-01-09T21:11:00Z,28.2,2026-01-09T19:35:00Z,0,2026-01-15T23:13:00Z,1,2026-01-11T08:03:00Z
TX2-00147,2026-01-09T22:08:00Z,0,35.11,2026-01-09T22:08:00Z,57.2,2026-01-09T20:09:00Z,32.6,2026-01-09T22:03:00Z,3,2026-01-09T21:45:00Z,14.9,2026-01-09T20:43:00Z,0,2026-01-18T10:51:00Z,0,2026-01-11T06:37:00Z
TX2-00148,2026-01-09T23:47:00Z,1,400.76,2026-01-09T23:47:00Z,39.4,2026-01-09T21:22:00Z,28.9,2026-01-09T23:32:00Z,3,2026-01-09T23:00:00Z,38.8,2026-01-09T17:15:00Z,1,2026-01-17T01:27:00Z,2,2026-01-11T09:44:00Z
TX2-00149,2026-01-10T00:41:00Z,0,57.31,2026-01-10T00:41:00Z,44.4,2026-01-09T21:57:00Z,53.5,2026-01-10T00:18:00Z,3,2026-01-10T00:04:00Z,33.9,2026-01-10T02:05:00Z,0,2026-01-19T11:03:00Z,0,2026-01-12T20:49:00Z
TX2-00150,2026-01-10T00:54:00Z,0,131.67,2026-01-10T00:54:00Z,43.0,2026-01-09T21:02:00Z,32.5,2026-01-10T00:30:00Z,3,2026-01-10T00:17:00Z,33.6,2026-01-10T07:40:00Z,0,2026-01-14T00:39:00Z,0,2026-01-11T10:40:00Z
TX2-00151,2026-01-10T03:02:00Z,0,14.29,2026-01-10T03:02:00Z,38.1,2026-01-10T01:50:00Z,54.6,2026-01-10T02:53:00Z,3,2026-01-10T02:22:00Z,26.0,2026-01-09T23:18:00Z,0,2026-01-17T21:13:00Z,0,2026-01-11T16:10:00Z
TX2-00152,2026-01-10T03:21:00Z,0,18.8,2026-01-10T03:21:00Z,55.0,2026-01-09T22:31:00Z,50.5,2026-01-10T03:16:00Z,1,2026-01-10T02:42:00Z,27.9,2026-01-10T04:53:00Z,0,2026-01-18T18:59:00Z,0,2026-01-12T07:26:00Z
TX2-00153,2026-01-10T05:50:00Z,0,58.58,2026-01-10T05:50:00Z,61.9,2026-01-10T00:24:00Z,43.7,2026-01-10T05:34:00Z,2,2026-01-10T05:37:00Z,18.5,2026-01-09T13:41:00Z,0,2026-01-18T22:13:00Z,0,2026-01-12T00:57:00Z
TX2-00154,2026-01-10T08:27:00Z,0,66.97,2026-01-10T08:27:00Z,76.9,2026-01-10T07:57:00Z,38.5,2026-01-10T08:05:00Z,2,2026-01-10T08:25:00Z,24.9,2026-01-10T03:40:00Z,0,2026-01-17T18:46:00Z,0,2026-01-12T08:12:00Z
TX2-00155,2026-01-10T10:23:00Z,0,70.13,2026-01-10T10:23:00Z,63.5,2026-01-10T06:21:00Z,31.8,2026-01-10T10:20:00Z,2,2026-01-10T10:18:00Z,28.7,2026-01-09T21:41:00Z,0,2026-01-15T03:41:00Z,0,2026-01-13T08:38:00Z
TX2-00156,2026-01-10T10:55:00Z,0,10.14,2026-01-10T10:55:00Z,30.4,2026-01-10T06:00:00Z,37.8,2026-01-10T10:43:00Z,2,2026-01-10T10:28:00Z,35.6,2026-01-10T19:25:00Z,0,2026-01-17T20:51:00Z,0,2026-01-12T07:53:00Z
TX2-00157,2026-01-10T11:37:00Z,0,156.7,2026-01-10T11:37:00Z,37.9,2026-01-10T09:38:00Z,42.6,2026-01-10T11:09:00Z,2,2026-01-10T11:33:00Z,20.6,2026-01-10T08:22:00Z,0,2026-01-15T23:09:00Z,0,2026-01-11T20:32:00Z
TX2-00158,2026-01-10T12:12:00Z,0,44.84,2026-01-10T12:12:00Z,11.3,2026-01-10T10:35:00Z,32.1,2026-01-10T11:55:00Z,2,2026-01-10T11:18:00Z,25.2,2026-01-10T20:33:00Z,0,2026-01-17T18:29:00Z,1,2026-01-12T20:35:00Z
TX2-00159,2026-01-10T14:28:00Z,0,28.97,2026-01-10T14:28:00Z,41.5,2026-01-10T09:43:00Z,61.0,2026-01-10T14:00:00Z,2,2026-01-10T13:58:00Z,20.8,2026-01-09T20:03:00Z,0,2026-01-16T17:20:00Z,0,2026-01-12T05:02:00Z
TX2-00160,2026-01-10T14:39:00Z,0,31.56,2026-01-10T14:39:00Z,36.8,2026-01-10T11:32:00Z,51.9,2026-01-10T14:19:00Z,3,2026-01-10T14:15:00Z,11.4,2026-01-09T23:23:00Z,0,2026-01-19T19:20:00Z,0,2026-01-11T21:00:00Z
TX2-00161,2026-01-10T14:59:00Z,0,40.66,2026-01-10T14:59:00Z,57.2,2026-01-10T13:48:00Z,48.2,2026-01-10T14:48:00Z,1,2026-01-10T14:38:00Z,36.9,2026-01-10T22:27:00Z,0,2026-01-19T05:05:00Z,0,2026-01-12T07:57:00Z
TX2-00162,2026-01-10T15:02:00Z,0,127.11,2026-01-10T15:02:00Z,47.5,2026-01-10T09:38:00Z,59.1,2026-01-10T14:39:00Z,0,2026-01-10T14:18:00Z,33.5,2026-01-09T23:22:00Z,0,2026-01-19T14:23:00Z,0,2026-01-13T14:18:00Z
TX2-00163,2026-01-10T16:23:00Z,0,71.99,2026-01-10T16:23:00Z,51.1,2026-01-10T12:05:00Z,35.0,2026-01-10T15:57:00Z,3,2026-01-10T15:25:00Z,29.9,2026-01-10T21:47:00Z,0,2026-01-16T00:41:00Z,0,2026-01-12T08:20:00Z
TX2-00164,2026-01-10T17:48:00Z,0,4.63,2026-01-10T17:48:00Z,49.5,2026-01-10T16:12:00Z,37.5,2026-01-10T17:23:00Z,3,2026-01-10T17:02:00Z,29.2,2026-01-10T10:32:00Z,0,2026-01-13T21:32:00Z,1,2026-01-13T12:02:00Z
TX2-00165,2026-01-10T20:39:00Z,0,246.28,2026-01-10T20:39:00Z,63.1,2026-01-10T14:59:00Z,36.4,2026-01-10T20:37:00Z,1,2026-01-10T20:26:00Z,28.3,2026-01-11T02:43:00Z,0,2026-01-17T01:57:00Z,0,2026-01-12T07:48:00Z
TX2-00166,2026-01-10T21:07:00Z,0,17.78,2026-01-10T21:07:00Z,67.4,2026-01-10T20:13:00Z,55.5,2026-01-10T21:03:00Z,3,2026-01-10T20:52:00Z,27.6,2026-01-10T17:52:00Z,0,2026-01-15T01:52:00Z,0,2026-01-13T20:36:00Z
TX2-00167,2026-01-10T21:40:00Z,1,78.58,2026-01-10T21:40:00Z,56.5,2026-01-10T18:20:00Z,34.1,2026-01-10T21:22:00Z,1,2026-01-10T20:55:00Z,31.1,2026-01-10T09:54:00Z,1,2026-01-14T23:50:00Z,0,2026-01-12T12:52:00Z
TX2-00168,2026-01-10T21:47:00Z,0,20.39,2026-01-10T21:47:00Z,23.3,2026-01-10T16:16:00Z,35.9,2026-01-10T21:36:00Z,3,2026-01-10T21:46:00Z,30.7,2026-01-10T08:37:00Z,0,2026-01-14T11:31:00Z,0,2026-01-13T12:37:00Z
TX2-00169,2026-01-10T23:17:00Z,0,78.8,2026-01-10T23:17:00Z,32.9,2026-01-10T17:46:00Z,45.7,2026-01-10T22:57:00Z,3,2026-01-10T22:59:00Z,32.7,2026-01-10T16:37:00Z,0,2026-01-17T01:23:00Z,0,2026-01-13T09:48:00Z
TX2-00170,2026-01-10T23:57:00Z,0,10.41,2026-01-10T23:57:00Z,51.1,2026-01-10T20:23:00Z,44.2,2026-01-10T23:34:00Z,1,2026-01-10T23:00:00Z,45.0,2026-01-10T11:51:00Z,0,2026-01-17T03:35:00Z,0,2026-01-13T19:25:00Z
TX2-00171,2026-01-11T00:15:00Z,0,182.44,2026-01-11T00:15:00Z,53.4,2026-01-10T20:36:00Z,46.1,2026-01-11T00:03:00Z,2,2026-01-10T23:54:00Z,28.7,2026-01-10T17:20:00Z,0,2026-01-20T05:40:00Z,0,2026-01-13T21:27:00Z
TX2-00172,2026-01-11T00:54:00Z,0,119.79,2026-01-11T00:54:00Z,48.7,2026-01-10T23:37:00Z,41.5,2026-01-11T00:45:00Z,4,2026-01-11T00:24:00Z,44.4,2026-01-10T18:48:00Z,0,2026-01-18T03:49:00Z,0,2026-01-12T03:50:00Z
TX2-00173,2026-01-11T02:29:00Z,0,227.96,2026-01-11T02:29:00Z,59.3,2026-01-11T00:54:00Z,34.8,2026-01-11T02:15:00Z,2,2026-01-11T01:58:00Z,36.0,2026-01-10T15:51:00Z,0,2026-01-16T11:45:00Z,2,2026-01-13T09:41:00Z
TX2-00174,2026-01-11T03:19:00Z,0,40.41,2026-01-11T03:19:00Z,49.5,2026-01-10T23:02:00Z,41.4,2026-01-11T03:18:00Z,4,2026-01-11T02:47:00Z,29.0,2026-01-10T09:01:00Z,0,2026-01-16T11:51:00Z,1,2026-01-13T09:31:00Z
TX2-00175,2026-01-11T06:15:00Z,0,375.01,2026-01-11T06:15:00Z,81.1,2026-01-11T04:37:00Z,38.7,2026-01-11T06:13:00Z,2,2026-01-11T05:40:00Z,48.2,2026-01-11T08:03:00Z,0,2026-01-15T19:24:00Z,0,2026-01-13T16:15:00Z
TX2-00176,2026-01-11T06:49:00Z,0,106.79,2026-01-11T06:49:00Z,36.4,2026-01-11T05:55:00Z,32.8,2026-01-11T06:34:00Z,1,2026-01-11T06:01:00Z,27.1,2026-01-10T11:42:00Z,0,2026-01-14T23:16:00Z,0,2026-01-13T05:06:00Z
TX2-00177,2026-01-11T07:37:00Z,0,18.49,2026-01-11T07:37:00Z,40.5,2026-01-11T03:11:00Z,44.9,2026-01-11T07:31:00Z,5,2026-01-11T06:52:00Z,38.0,2026-01-11T14:56:00Z,0,2026-01-16T09:02:00Z,0,2026-01-14T02:54:00Z
TX2-00178,2026-01-11T10:19:00Z,0,27.63,2026-01-11T10:19:00Z,59.7,2026-01-11T07:06:00Z,38.8,2026-01-11T10:15:00Z,2,2026-01-11T09:25:00Z,26.8,2026-01-10T21:57:00Z,0,2026-01-20T23:52:00Z,0,2026-01-13T03:54:00Z
TX2-00179,2026-01-11T12:10:00Z,0,75.89,2026-01-11T12:10:00Z,39.8,2026-01-11T10:31:00Z,43.2,2026-01-11T12:09:00Z,1,2026-01-11T11:11:00Z,25.2,2026-01-11T17:01:00Z,0,2026-01-16T01:35:00Z,0,2026-01-14T05:12:00Z
TX2-00180,2026-01-11T14:41:00Z,0,31.76,2026-01-11T14:41:00Z,52.8,2026-01-11T10:20:00Z,54.1,2026-01-11T14:36:00Z,1,2026-01-11T14:17:00Z,36.0,2026-01-11T11:59:00Z,0,2026-01-15T22:57:00Z,0,2026-01-14T05:48:00Z
TX2-00181,2026-01-11T15:34:00Z,0,38.6,2026-01-11T15:34:00Z,45.5,2026-01-11T09:41:00Z,48.2,2026-01-11T15:30:00Z,5,2026-01-11T15:16:00Z,43.0,2026-01-11T14:29:00Z,0,2026-01-17T17:37:00Z,1,2026-01-14T00:42:00Z
TX2-00182,2026-01-11T16:16:00Z,0,24.5,2026-01-11T16:16:00Z,24.7,2026-01-11T11:29:00Z,47.8,2026-01-11T16:08:00Z,1,2026-01-11T15:27:00Z,25.4,2026-01-11T07:41:00Z,0,2026-01-16T19:36:00Z,0,2026-01-13T02:43:00Z
TX2-00183,2026-01-11T16:42:00Z,0,62.34,2026-01-11T16:42:00Z,60.2,2026-01-11T16:26:00Z,33.4,2026-01-11T16:12:00Z,2,2026-01-11T15:44:00Z,30.2,2026-01-11T03:48:00Z,0,2026-01-19T19:50:00Z,0,2026-01-13T09:17:00Z
TX2-00184,2026-01-11T18:00:00Z,0,150.18,2026-01-11T18:00:00Z,47.1,2026-01-11T15:32:00Z,36.0,2026-01-11T17:32:00Z,2,2026-01-11T17:58:00Z,38.4,2026-01-11T02:05:00Z,0,2026-01-21T16:34:00Z,0,2026-01-14T09:26:00Z
TX2-00185,2026-01-11T19:00:00Z,0,27.04,2026-01-11T19:00:00Z,48.1,2026-01-11T17:17:00Z,25.1,2026-01-11T18:39:00Z,2,2026-01-11T18:23:00Z,8.6,2026-01-11T16:26:00Z,0,2026-01-15T21:21:00Z,0,2026-01-14T17:48:00Z
TX2-00186,2026-01-11T20:45:00Z,0,651.15,2026-01-11T20:45:00Z,67.5,2026-01-11T15:43:00Z,38.2,2026-01-11T20:32:00Z,4,2026-01-11T20:28:00Z,17.0,2026-01-12T04:47:00Z,0,2026-01-17T17:41:00Z,0,2026-01-13T16:32:00Z
TX2-00187,2026-01-11T21:15:00Z,0,78.1,2026-01-11T21:15:00Z,58.0,2026-01-11T16:47:00Z,24.8,2026-01-11T20:50:00Z,1,2026-01-11T20:53:00Z,31.8,2026-01-11T06:52:00Z,0,2026-01-17T00:52:00Z,1,2026-01-14T20:23:00Z
TX2-00188,2026-01-11T23:44:00Z,1,127.01,2026-01-11T23:44:00Z,41.3,2026-01-11T22:06:00Z,29.1,2026-01-11T23:33:00Z,5,2026-01-11T23:34:00Z,31.3,2026-01-11T10:18:00Z,1,2026-01-15T23:26:00Z,1,2026-01-13T18:00:00Z
TX2-00189,2026-01-12T03:33:00Z,0,19.95,2026-01-12T03:33:00Z,35.3,2026-01-12T00:38:00Z,37.0,2026-01-12T03:25:00Z,0,2026-01-12T02:35:00Z,29.9,2026-01-11T19:09:00Z,0,2026-01-20T06:16:00Z,0,2026-01-14T03:43:00Z
TX2-00190,2026-01-12T04:23:00Z,0,18.02,2026-01-12T04:23:00Z,76.6,2026-01-12T03:40:00Z,46.6,2026-01-12T04:07:00Z,2,2026-01-12T04:02:00Z,20.8,2026-01-11T14:15:00Z,0,2026-01-19T00:39:00Z,0,2026-01-13T08:13:00Z
TX2-00191,2026-01-12T06:44:00Z,0,150.29,2026-01-12T06:44:00Z,67.0,2026-01-12T02:44:00Z,48.8,2026-01-12T06:32:00Z,0,2026-01-12T06:29:00Z,30.3,2026-01-11T13:42:00Z,0,2026-01-18T03:41:00Z,0,2026-01-14T01:35:00Z
TX2-00192,2026-01-12T07:19:00Z,0,33.04,2026-01-12T07:19:00Z,48.6,2026-01-12T02:37:00Z,33.1,2026-01-12T06:55:00Z,4,2026-01-12T06:50:00Z,28.8,2026-01-11T16:45:00Z,0,2026-01-17T06:08:00Z,0,2026-01-13T18:33:00Z
TX2-00193,2026-01-12T07:40:00Z,0,16.03,2026-01-12T07:40:00Z,42.9,2026-01-12T03:32:00Z,31.0,2026-01-12T07:18:00Z,1,2026-01-12T07:10:00Z,28.5,2026-01-12T14:39:00Z,0,2026-01-19T07:15:00Z,2,2026-01-13T20:13:00Z
TX2-00194,2026-01-12T10:16:00Z,0,16.03,2026-01-12T10:16:00Z,72.6,2026-01-12T04:34:00Z,33.4,2026-01-12T09:48:00Z,5,2026-01-12T09:19:00Z,30.8,2026-01-11T18:00:00Z,0,2026-01-16T23:22:00Z,1,2026-01-15T01:09:00Z
TX2-00195,2026-01-12T14:00:00Z,0,47.81,2026-01-12T14:00:00Z,66.5,2026-01-12T10:47:00Z,41.4,2026-01-12T13:38:00Z,5,2026-01-12T13:17:00Z,32.6,2026-01-12T05:31:00Z,0,2026-01-19T05:38:00Z,0,2026-01-14T09:56:00Z
TX2-00196,2026-01-12T15:27:00Z,0,11.05,2026-01-12T15:27:00Z,57.0,2026-01-12T12:12:00Z,19.5,2026-01-12T14:57:00Z,2,2026-01-12T14:55:00Z,9.8,2026-01-11T21:42:00Z,0,2026-01-20T23:39:00Z,0,2026-01-15T00:46:00Z
TX2-00197,2026-01-12T18:17:00Z,0,65.51,2026-01-12T18:17:00Z,44.3,2026-01-12T13:09:00Z,33.5,2026-01-12T17:48:00Z,0,2026-01-12T17:35:00Z,21.4,2026-01-12T12:17:00Z,0,2026-01-17T12:16:00Z,1,2026-01-15T06:43:00Z
TX2-00198,2026-01-12T19:03:00Z,0,4.85,2026-01-12T19:03:00Z,59.3,2026-01-12T18:12:00Z,48.6,2026-01-12T18:48:00Z,0,2026-01-12T18:25:00Z,18.3,2026-01-12T17:45:00Z,0,2026-01-16T16:22:00Z,0,2026-01-14T11:49:00Z
TX2-00199,2026-01-12T19:06:00Z,1,144.91,2026-01-12T19:06:00Z,66.3,2026-01-12T16:43:00Z,32.8,2026-01-12T18:51:00Z,5,2026-01-12T18:53:00Z,32.8,2026-01-12T15:47:00Z,1,2026-01-18T15:21:00Z,2,2026-01-14T18:33:00Z
TX2-00200,2026-01-12T19:46:00Z,0,29.04,2026-01-12T19:46:00Z,26.1,2026-01-12T18:47:00Z,32.3,2026-01-12T19:32:00Z,1,2026-01-12T19:26:00Z,28.3,2026-01-12T12:03:00Z,0,2026-01-17T22:56:00Z,0,2026-01-13T21:35:00Z
TX2-00201,2026-01-12T20:00:00Z,0,55.87,2026-01-12T20:00:00Z,51.1,2026-01-12T16:14:00Z,38.5,2026-01-12T19:56:00Z,0,2026-01-12T19:40:00Z,24.9,2026-01-12T07:04:00Z,0,2026-01-16T10:58:00Z,0,2026-01-13T23:13:00Z
TX2-00202,2026-01-12T20:17:00Z,1,19.74,2026-01-12T20:17:00Z,39.8,2026-01-12T17:53:00Z,56.5,2026-01-12T20:13:00Z,4,2026-01-12T20:09:00Z,48.8,2026-01-12T11:23:00Z,1,2026-01-16T20:54:00Z,2,2026-01-13T22:28:00Z
TX2-00203,2026-01-12T20:30:00Z,0,40.71,2026-01-12T20:30:00Z,63.0,2026-01-12T18:22:00Z,33.3,2026-01-12T20:27:00Z,1,2026-01-12T19:36:00Z,23.7,2026-01-12T08:20:00Z,0,2026-01-21T23:32:00Z,0,2026-01-14T07:15:00Z
TX2-00204,2026-01-12T21:42:00Z,0,47.29,2026-01-12T21:42:00Z,69.8,2026-01-12T21:08:00Z,40.5,2026-01-12T21:29:00Z,1,2026-01-12T21:05:00Z,27.7,2026-01-12T12:23:00Z,0,2026-01-21T04:59:00Z,0,2026-01-14T05:14:00Z
TX2-00205,2026-01-12T22:24:00Z,0,63.11,2026-01-12T22:24:00Z,76.1,2026-01-12T19:26:00Z,55.2,2026-01-12T21:55:00Z,0,2026-01-12T21:36:00Z,21.8,2026-01-12T07:40:00Z,0,2026-01-21T13:10:00Z,0,2026-01-15T13:40:00Z
TX2-00206,2026-01-13T02:33:00Z,0,121.55,2026-01-13T02:33:00Z,39.8,2026-01-13T01:11:00Z,32.4,2026-01-13T02:21:00Z,2,2026-01-13T01:47:00Z,13.0,2026-01-12T14:42:00Z,0,2026-01-20T10:44:00Z,0,2026-01-14T14:17:00Z
TX2-00207,2026-01-13T03:54:00Z,0,49.74,2026-01-13T03:54:00Z,21.6,2026-01-12T22:21:00Z,26.2,2026-01-13T03:32:00Z,1,2026-01-13T03:25:00Z,25.9,2026-01-12T16:25:00Z,0,2026-01-20T13:09:00Z,1,2026-01-15T03:01:00Z
TX2-00208,2026-01-13T04:47:00Z,0,41.47,2026-01-13T04:47:00Z,44.3,2026-01-13T03:57:00Z,33.9,2026-01-13T04:45:00Z,2,2026-01-13T04:17:00Z,32.5,2026-01-12T17:28:00Z,0,2026-01-17T14:16:00Z,0,2026-01-15T09:14:00Z
TX2-00209,2026-01-13T05:11:00Z,0,31.07,2026-01-13T05:11:00Z,62.6,2026-01-13T03:36:00Z,24.7,2026-01-13T05:04:00Z,1,2026-01-13T05:03:00Z,24.3,2026-01-12T15:39:00Z,0,2026-01-16T10:09:00Z,0,2026-01-16T02:50:00Z
TX2-00210,2026-01-13T05:43:00Z,0,60.14,2026-01-13T05:43:00Z,60.1,2026-01-13T01:44:00Z,27.3,2026-01-13T05:22:00Z,1,2026-01-13T05:04:00Z,27.0,2026-01-13T04:35:00Z,0,2026-01-17T06:39:00Z,0,2026-01-16T02:21:00Z
TX2-00211,2026-01-13T07:06:00Z,0,107.71,2026-01-13T07:06:00Z,60.8,2026-01-13T02:39:00Z,39.4,2026-01-13T07:03:00Z,6,2026-01-13T06:16:00Z,27.7,2026-01-13T01:36:00Z,0,2026-01-21T03:19:00Z,0,2026-01-15T18:21:00Z
TX2-00212,2026-01-13T08:59:00Z,0,18.73,2026-01-13T08:59:00Z,45.6,2026-01-13T06:08:00Z,48.6,2026-01-13T08:45:00Z,3,2026-01-13T08:16:00Z,40.9,2026-01-12T22:05:00Z,0,2026-01-18T23:38:00Z,0,2026-01-15T07:30:00Z
TX2-00213,2026-01-13T11:04:00Z,1,88.42,2026-01-13T11:04:00Z,76.7,2026-01-13T05:41:00Z,31.8,2026-01-13T10:59:00Z,1,2026-01-13T10:05:00Z,40.2,2026-01-12T19:48:00Z,1,2026-01-16T18:51:00Z,2,2026-01-14T16:45:00Z
TX2-00214,2026-01-13T12:41:00Z,1,36.18,2026-01-13T12:41:00Z,47.1,2026-01-13T06:59:00Z,44.0,2026-01-13T12:20:00Z,2,2026-01-13T11:58:00Z,41.5,2026-01-13T06:59:00Z,1,2026-01-20T05:12:00Z,2,2026-01-16T00:30:00Z
TX2-00215,2026-01-13T13:05:00Z,0,39.05,2026-01-13T13:05:00Z,41.9,2026-01-13T08:15:00Z,31.2,2026-01-13T12:59:00Z,0,2026-01-13T12:09:00Z,41.6,2026-01-13T09:29:00Z,0,2026-01-21T08:13:00Z,1,2026-01-16T00:49:00Z
TX2-00216,2026-01-13T13:46:00Z,1,71.29,2026-01-13T13:46:00Z,46.9,2026-01-13T12:03:00Z,43.1,2026-01-13T13:27:00Z,6,2026-01-13T13:13:00Z,33.9,2026-01-12T21:42:00Z,1,2026-01-21T19:57:00Z,1,2026-01-15T14:11:00Z
TX2-00217,2026-01-13T14:04:00Z,0,194.06,2026-01-13T14:04:00Z,40.1,2026-01-13T10:27:00Z,40.1,2026-01-13T13:52:00Z,0,2026-01-13T13:53:00Z,22.4,2026-01-13T01:15:00Z,0,2026-01-16T17:37:00Z,0,2026-01-14T22:44:00Z
TX2-00218,2026-01-13T14:32:00Z,0,19.39,2026-01-13T14:32:00Z,61.3,2026-01-13T08:47:00Z,37.7,2026-01-13T14:09:00Z,1,2026-01-13T14:26:00Z,25.1,2026-01-12T20:12:00Z,0,2026-01-19T19:45:00Z,0,2026-01-16T09:12:00Z
TX2-00219,2026-01-13T14:53:00Z,0,37.33,2026-01-13T14:53:00Z,61.6,2026-01-13T10:44:00Z,27.2,2026-01-13T14:25:00Z,3,2026-01-13T14:19:00Z,21.4,2026-01-12T20:47:00Z,0,2026-01-23T02:02:00Z,1,2026-01-15T06:03:00Z
TX2-00220,2026-01-13T16:07:00Z,0,23.85,2026-01-13T16:07:00Z,26.5,2026-01-13T15:51:00Z,52.3,2026-01-13T15:52:00Z,1,2026-01-13T15:37:00Z,33.9,2026-01-12T21:07:00Z,0,2026-01-17T16:33:00Z,0,2026-01-15T13:49:00Z
TX2-00221,2026-01-13T17:10:00Z,0,104.06,2026-01-13T17:10:00Z,62.0,2026-01-13T12:30:00Z,35.4,2026-01-13T17:05:00Z,3,2026-01-13T16:37:00Z,33.8,2026-01-13T07:36:00Z,0,2026-01-22T19:53:00Z,1,2026-01-16T12:29:00Z
TX2-00222,2026-01-13T22:18:00Z,0,19.76,2026-01-13T22:18:00Z,55.0,2026-01-13T18:35:00Z,50.7,2026-01-13T21:58:00Z,2,2026-01-13T21:27:00Z,26.6,2026-01-13T13:59:00Z,0,2026-01-19T23:51:00Z,0,2026-01-16T02:35:00Z
TX2-00223,2026-01-13T22:38:00Z,0,13.44,2026-01-13T22:38:00Z,50.2,2026-01-13T18:42:00Z,53.4,2026-01-13T22:23:00Z,1,2026-01-13T22:35:00Z,35.4,2026-01-13T09:06:00Z,0,2026-01-21T17:59:00Z,0,2026-01-15T17:49:00Z
TX2-00224,2026-01-14T01:50:00Z,0,18.82,2026-01-14T01:50:00Z,37.1,2026-01-14T00:56:00Z,16.5,2026-01-14T01:28:00Z,4,2026-01-14T01:10:00Z,24.6,2026-01-13T22:59:00Z,0,2026-01-17T21:34:00Z,0,2026-01-15T04:43:00Z
TX2-00225,2026-01-14T03:27:00Z,0,273.5,2026-01-14T03:27:00Z,80.3,2026-01-13T22:34:00Z,32.3,2026-01-14T03:19:00Z,3,2026-01-14T02:52:00Z,36.9,2026-01-13T23:44:00Z,0,2026-01-23T08:06:00Z,0,2026-01-16T15:16:00Z
TX2-00226,2026-01-14T09:20:00Z,0,36.4,2026-01-14T09:20:00Z,48.3,2026-01-14T08:16:00Z,36.8,2026-01-14T08:58:00Z,0,2026-01-14T08:32:00Z,23.9,2026-01-13T16:48:00Z,0,2026-01-23T18:33:00Z,0,2026-01-16T17:10:00Z
TX2-00227,2026-01-14T09:34:00Z,0,21.07,2026-01-14T09:34:00Z,66.3,2026-01-14T06:42:00Z,61.3,2026-01-14T09:05:00Z,1,2026-01-14T08:35:00Z,29.1,2026-01-14T11:01:00Z,0,2026-01-19T00:29:00Z,0,2026-01-16T18:02:00Z
TX2-00228,2026-01-14T09:52:00Z,0,210.11,2026-01-14T09:52:00Z,57.5,2026-01-14T04:14:00Z,49.2,2026-01-14T09:48:00Z,4,2026-01-14T09:06:00Z,43.7,2026-01-14T02:18:00Z,0,2026-01-22T21:49:00Z,0,2026-01-17T05:22:00Z
TX2-00229,2026-01-14T10:02:00Z,0,12.32,2026-01-14T10:02:00Z,54.4,2026-01-14T05:12:00Z,50.3,2026-01-14T09:35:00Z,2,2026-01-14T09:28:00Z,26.9,2026-01-14T18:34:00Z,0,2026-01-20T17:14:00Z,0,2026-01-16T22:18:00Z
TX2-00230,2026-01-14T11:46:00Z,0,158.59,2026-01-14T11:46:00Z,50.4,2026-01-14T07:02:00Z,47.1,2026-01-14T11:41:00Z,2,2026-01-14T10:48:00Z,32.8,2026-01-14T10:39:00Z,0,2026-01-19T10:09:00Z,0,2026-01-16T10:59:00Z
TX2-00231,2026-01-14T12:09:00Z,0,38.14,2026-01-14T12:09:00Z,35.2,2026-01-14T07:15:00Z,50.2,2026-01-14T12:01:00Z,0,2026-01-14T11:51:00Z,21.9,2026-01-13T23:15:00Z,0,2026-01-17T20:55:00Z,0,2026-01-16T16:01:00Z
TX2-00232,2026-01-14T12:10:00Z,0,151.54,2026-01-14T12:10:00Z,49.5,2026-01-14T08:08:00Z,43.7,2026-01-14T11:45:00Z,6,2026-01-14T11:43:00Z,32.1,2026-01-14T01:46:00Z,0,2026-01-20T10:40:00Z,0,2026-01-16T21:53:00Z
TX2-00233,2026-01-14T12:59:00Z,0,18.66,2026-01-14T12:59:00Z,68.8,2026-01-14T10:54:00Z,46.3,2026-01-14T12:56:00Z,4,2026-01-14T12:37:00Z,44.8,2026-01-14T16:37:00Z,0,2026-01-19T10:47:00Z,0,2026-01-17T00:43:00Z
TX2-00234,2026-01-14T13:17:00Z,0,52.38,2026-01-14T13:17:00Z,81.2,2026-01-14T08:04:00Z,43.2,2026-01-14T13:03:00Z,3,2026-01-14T13:09:00Z,19.0,2026-01-14T20:21:00Z,0,2026-01-19T20:35:00Z,0,2026-01-17T07:38:00Z
TX2-00235,2026-01-14T16:23:00Z,0,11.87,2026-01-14T16:23:00Z,18.1,2026-01-14T14:14:00Z,28.5,2026-01-14T15:59:00Z,4,2026-01-14T15:27:00Z,25.2,2026-01-14T13:53:00Z,0,2026-01-23T14:38:00Z,0,2026-01-16T14:31:00Z
TX2-00236,2026-01-14T17:28:00Z,0,22.3,2026-01-14T17:28:00Z,48.2,2026-01-14T13:21:00Z,28.7,2026-01-14T17:23:00Z,1,2026-01-14T17:23:00Z,40.6,2026-01-14T06:47:00Z,0,2026-01-23T04:11:00Z,0,2026-01-15T18:08:00Z
TX2-00237,2026-01-14T19:49:00Z,0,111.27,2026-01-14T19:49:00Z,55.6,2026-01-14T13:59:00Z,41.7,2026-01-14T19:42:00Z,2,2026-01-14T19:29:00Z,35.2,2026-01-14T15:36:00Z,0,2026-01-20T03:04:00Z,0,2026-01-15T20:30:00Z
TX2-00238,2026-01-14T20:02:00Z,0,105.4,2026-01-14T20:02:00Z,40.7,2026-01-14T17:52:00Z,46.1,2026-01-14T19:57:00Z,2,2026-01-14T19:50:00Z,47.5,2026-01-15T04:00:00Z,0,2026-01-17T23:16:00Z,0,2026-01-17T06:04:00Z
TX2-00239,2026-01-14T21:47:00Z,0,459.83,2026-01-14T21:47:00Z,47.2,2026-01-14T19:36:00Z,30.7,2026-01-14T21:28:00Z,1,2026-01-14T21:18:00Z,32.9,2026-01-14T20:42:00Z,0,2026-01-24T18:15:00Z,0,2026-01-16T06:09:00Z
TX2-00240,2026-01-14T22:12:00Z,0,83.99,2026-01-14T22:12:00Z,37.9,2026-01-14T17:48:00Z,52.0,2026-01-14T21:57:00Z,1,2026-01-14T21:48:00Z,33.8,2026-01-14T06:17:00Z,0,2026-01-24T16:18:00Z,0,2026-01-16T14:15:00Z
TX2-00241,2026-01-15T00:43:00Z,0,56.97,2026-01-15T00:43:00Z,44.6,2026-01-14T23:08:00Z,44.3,2026-01-15T00:20:00Z,2,2026-01-15T00:35:00Z,9.2,2026-01-14T22:37:00Z,0,2026-01-23T14:21:00Z,1,2026-01-17T15:32:00Z
TX2-00242,2026-01-15T02:34:00Z,0,19.92,2026-01-15T02:34:00Z,38.0,2026-01-14T21:32:00Z,41.1,2026-01-15T02:13:00Z,3,2026-01-15T02:13:00Z,32.7,2026-01-14T14:29:00Z,0,2026-01-19T11:32:00Z,0,2026-01-16T19:00:00Z
TX2-00243,2026-01-15T02:42:00Z,0,89.63,2026-01-15T02:42:00Z,55.5,2026-01-14T22:54:00Z,35.9,2026-01-15T02:13:00Z,2,2026-01-15T02:06:00Z,30.7,2026-01-14T11:28:00Z,0,2026-01-22T15:57:00Z,0,2026-01-17T02:03:00Z
TX2-00244,2026-01-15T04:37:00Z,0,92.66,2026-01-15T04:37:00Z,43.2,2026-01-15T03:47:00Z,20.0,2026-01-15T04:07:00Z,0,2026-01-15T04:17:00Z,34.4,2026-01-14T21:56:00Z,0,2026-01-20T16:24:00Z,0,2026-01-17T13:40:00Z
TX2-00245,2026-01-15T04:38:00Z,0,140.03,2026-01-15T04:38:00Z,49.5,2026-01-15T03:58:00Z,37.3,2026-01-15T04:19:00Z,5,2026-01-15T04:12:00Z,22.7,2026-01-15T00:16:00Z,0,2026-01-22T23:26:00Z,0,2026-01-17T00:50:00Z
TX2-00246,2026-01-15T07:54:00Z,0,99.3,2026-01-15T07:54:00Z,32.8,2026-01-15T07:44:00Z,43.8,2026-01-15T07:25:00Z,2,2026-01-15T07:04:00Z,20.9,2026-01-14T20:41:00Z,0,2026-01-19T20:39:00Z,0,2026-01-16T21:28:00Z
TX2-00247,2026-01-15T08:35:00Z,0,10.34,2026-01-15T08:35:00Z,47.0,2026-01-15T07:27:00Z,30.4,2026-01-15T08:29:00Z,0,2026-01-15T08:19:00Z,32.8,2026-01-14T21:54:00Z,0,2026-01-24T19:20:00Z,0,2026-01-16T20:18:00Z
TX2-00248,2026-01-15T10:44:00Z,1,27.07,2026-01-15T10:44:00Z,51.5,2026-01-15T07:10:00Z,38.5,2026-01-15T10:33:00Z,5,2026-01-15T09:50:00Z,26.9,2026-01-15T14:18:00Z,1,2026-01-20T07:38:00Z,2,2026-01-17T02:16:00Z
TX2-00249,2026-01-15T13:02:00Z,0,87.9,2026-01-15T13:02:00Z,40.9,2026-01-15T09:42:00Z,34.5,2026-01-15T13:00:00Z,2,2026-01-15T12:40:00Z,23.5,2026-01-14T20:05:00Z,0,2026-01-20T01:15:00Z,0,2026-01-16T18:19:00Z
TX2-00250,2026-01-15T14:18:00Z,0,90.33,2026-01-15T14:18:00Z,36.4,2026-01-15T11:45:00Z,29.9,2026-01-15T13:52:00Z,3,2026-01-15T13:52:00Z,28.2,2026-01-15T03:05:00Z,0,2026-01-24T12:50:00Z,1,2026-01-18T05:34:00Z
TX2-00251,2026-01-15T14:35:00Z,0,75.42,2026-01-15T14:35:00Z,56.1,2026-01-15T12:40:00Z,26.3,2026-01-15T14:11:00Z,2,2026-01-15T14:06:00Z,42.0,2026-01-15T07:54:00Z,0,2026-01-18T15:56:00Z,0,2026-01-16T14:48:00Z
TX2-00252,2026-01-15T15:41:00Z,0,93.2,2026-01-15T15:41:00Z,68.2,2026-01-15T11:34:00Z,36.2,2026-01-15T15:25:00Z,4,2026-01-15T15:34:00Z,24.4,2026-01-15T14:02:00Z,0,2026-01-20T21:51:00Z,2,2026-01-16T22:45:00Z
TX2-00253,2026-01-15T15:42:00Z,0,52.55,2026-01-15T15:42:00Z,60.2,2026-01-15T15:35:00Z,20.2,2026-01-15T15:35:00Z,2,2026-01-15T15:14:00Z,21.2,2026-01-14T23:35:00Z,0,2026-01-22T12:54:00Z,0,2026-01-18T04:30:00Z
TX2-00254,2026-01-15T16:22:00Z,1,108.95,2026-01-15T16:22:00Z,50.7,2026-01-15T13:10:00Z,58.5,2026-01-15T16:19:00Z,4,2026-01-15T15:49:00Z,35.6,2026-01-15T13:37:00Z,1,2026-01-25T12:18:00Z,2,2026-01-18T11:09:00Z
TX2-00255,2026-01-15T16:47:00Z,0,151.16,2026-01-15T16:47:00Z,54.3,2026-01-15T12:03:00Z,45.6,2026-01-15T16:46:00Z,2,2026-01-15T16:19:00Z,29.6,2026-01-14T22:13:00Z,0,2026-01-24T06:46:00Z,1,2026-01-18T09:45:00Z
TX2-00256,2026-01-15T17:17:00Z,0,23.42,2026-01-15T17:17:00Z,62.3,2026-01-15T14:24:00Z,16.3,2026-01-15T17:03:00Z,0,2026-01-15T16:41:00Z,20.9,2026-01-15T21:29:00Z,0,2026-01-24T21:42:00Z,0,2026-01-17T18:40:00Z
TX2-00257,2026-01-15T17:27:00Z,0,38.07,2026-01-15T17:27:00Z,48.3,2026-01-15T13:29:00Z,38.1,2026-01-15T17:14:00Z,3,2026-01-15T17:12:00Z,25.4,2026-01-15T12:06:00Z,0,2026-01-23T21:51:00Z,0,2026-01-17T11:53:00Z
TX2-00258,2026-01-15T17:35:00Z,0,63.0,2026-01-15T17:35:00Z,40.8,2026-01-15T13:09:00Z,40.4,2026-01-15T17:16:00Z,2,2026-01-15T17:12:00Z,28.8,2026-01-14T23:27:00Z,0,2026-01-24T16:45:00Z,1,2026-01-18T06:47:00Z
TX2-00259,2026-01-15T17:40:00Z,0,84.8,2026-01-15T17:40:00Z,47.4,2026-01-15T12:47:00Z,59.1,2026-01-15T17:26:00Z,3,2026-01-15T17:28:00Z,47.1,2026-01-15T11:44:00Z,0,2026-01-19T15:13:00Z,0,2026-01-17T12:31:00Z
TX2-00260,2026-01-15T21:38:00Z,0,386.68,2026-01-15T21:38:00Z,44.4,2026-01-15T20:17:00Z,42.0,2026-01-15T21:30:00Z,2,2026-01-15T20:51:00Z,21.6,2026-01-15T17:50:00Z,0,2026-01-25T15:16:00Z,0,2026-01-17T03:56:00Z
TX2-00261,2026-01-15T22:03:00Z,0,330.72,2026-01-15T22:03:00Z,61.5,2026-01-15T20:48:00Z,45.9,2026-01-15T21:48:00Z,5,2026-01-15T21:20:00Z,30.6,2026-01-15T11:00:00Z,0,2026-01-23T15:15:00Z,0,2026-01-18T03:18:00Z
TX2-00262,2026-01-16T00:14:00Z,0,103.39,2026-01-16T00:14:00Z,26.2,2026-01-15T23:58:00Z,47.2,2026-01-16T00:06:00Z,1,2026-01-16T00:02:00Z,29.7,2026-01-16T02:05:00Z,0,2026-01-20T02:30:00Z,0,2026-01-19T00:10:00Z
TX2-00263,2026-01-16T02:09:00Z,0,150.73,2026-01-16T02:09:00Z,49.1,2026-01-15T22:20:00Z,54.4,2026-01-16T01:48:00Z,5,2026-01-16T01:35:00Z,26.4,2026-01-15T18:22:00Z,0,2026-01-24T09:30:00Z,0,2026-01-17T10:39:00Z
TX2-00264,2026-01-16T02:13:00Z,0,156.89,2026-01-16T02:13:00Z,51.6,2026-01-15T23:13:00Z,28.3,2026-01-16T02:05:00Z,1,2026-01-16T01:20:00Z,23.2,2026-01-15T13:56:00Z,0,2026-01-22T15:40:00Z,0,2026-01-19T00:02:00Z
TX2-00265,2026-01-16T02:48:00Z,0,178.94,2026-01-16T02:48:00Z,40.9,2026-01-16T00:09:00Z,34.5,2026-01-16T02:41:00Z,1,2026-01-16T01:51:00Z,31.4,2026-01-15T22:59:00Z,0,2026-01-22T13:20:00Z,0,2026-01-17T11:13:00Z
TX2-00266,2026-01-16T04:23:00Z,0,167.02,2026-01-16T04:23:00Z,62.5,2026-01-15T23:22:00Z,52.4,2026-01-16T04:07:00Z,2,2026-01-16T04:04:00Z,27.8,2026-01-15T22:36:00Z,0,2026-01-20T13:17:00Z,0,2026-01-18T20:34:00Z
TX2-00267,2026-01-16T05:44:00Z,0,11.8,2026-01-16T05:44:00Z,44.0,2026-01-16T00:40:00Z,58.8,2026-01-16T05:35:00Z,2,2026-01-16T05:07:00Z,24.7,2026-01-15T18:03:00Z,0,2026-01-22T00:33:00Z,1,2026-01-18T15:36:00Z
TX2-00268,2026-01-16T06:14:00Z,0,21.89,2026-01-16T06:14:00Z,38.2,2026-01-16T04:13:00Z,47.1,2026-01-16T05:47:00Z,1,2026-01-16T06:10:00Z,40.0,2026-01-16T14:40:00Z,0,2026-01-21T10:46:00Z,0,2026-01-18T12:49:00Z
TX2-00269,2026-01-16T06:17:00Z,0,57.34,2026-01-16T06:17:00Z,27.9,2026-01-16T02:27:00Z,64.0,2026-01-16T05:53:00Z,2,2026-01-16T06:10:00Z,41.6,2026-01-16T03:01:00Z,0,2026-01-19T08:01:00Z,0,2026-01-18T17:36:00Z
TX2-00270,2026-01-16T07:00:00Z,0,63.84,2026-01-16T07:00:00Z,35.4,2026-01-16T02:47:00Z,28.1,2026-01-16T06:48:00Z,2,2026-01-16T06:38:00Z,32.5,2026-01-15T20:28:00Z,0,2026-01-25T02:10:00Z,0,2026-01-18T03:51:00Z
TX2-00271,2026-01-16T09:51:00Z,0,201.47,2026-01-16T09:51:00Z,60.6,2026-01-16T05:44:00Z,33.9,2026-01-16T09:27:00Z,6,2026-01-16T09:23:00Z,32.2,2026-01-16T01:38:00Z,0,2026-01-25T21:20:00Z,0,2026-01-18T11:53:00Z
TX2-00272,2026-01-16T11:30:00Z,0,90.39,2026-01-16T11:30:00Z,56.9,2026-01-16T11:03:00Z,35.8,2026-01-16T11:15:00Z,4,2026-01-16T11:03:00Z,22.3,2026-01-15T16:00:00Z,0,2026-01-26T04:11:00Z,0,2026-01-19T06:49:00Z
TX2-00273,2026-01-16T13:18:00Z,0,16.62,2026-01-16T13:18:00Z,27.6,2026-01-16T07:50:00Z,33.5,2026-01-16T12:59:00Z,3,2026-01-16T12:55:00Z,31.7,2026-01-15T22:39:00Z,0,2026-01-21T14:19:00Z,0,2026-01-17T22:29:00Z
TX2-00274,2026-01-16T17:25:00Z,0,72.07,2026-01-16T17:25:00Z,44.8,2026-01-16T14:26:00Z,52.4,2026-01-16T17:01:00Z,4,2026-01-16T16:47:00Z,35.0,2026-01-15T21:37:00Z,0,2026-01-21T22:20:00Z,0,2026-01-18T08:15:00Z
TX2-00275,2026-01-16T18:15:00Z,0,176.68,2026-01-16T18:15:00Z,65.2,2026-01-16T15:47:00Z,43.0,2026-01-16T18:04:00Z,0,2026-01-16T17:28:00Z,43.8,2026-01-16T02:40:00Z,0,2026-01-20T14:40:00Z,0,2026-01-19T14:05:00Z
TX2-00276,2026-01-16T19:23:00Z,0,18.63,2026-01-16T19:23:00Z,59.9,2026-01-16T14:01:00Z,46.2,2026-01-16T19:08:00Z,2,2026-01-16T19:11:00Z,28.9,2026-01-16T09:10:00Z,0,2026-01-25T19:03:00Z,0,2026-01-19T09:28:00Z
TX2-00277,2026-01-16T20:31:00Z,0,57.39,2026-01-16T20:31:00Z,35.1,2026-01-16T15:24:00Z,31.4,2026-01-16T20:11:00Z,0,2026-01-16T20:28:00Z,21.6,2026-01-16T15:15:00Z,0,2026-01-21T12:19:00Z,0,2026-01-19T01:12:00Z
TX2-00278,2026-01-16T23:39:00Z,0,47.6,2026-01-16T23:39:00Z,37.2,2026-01-16T19:47:00Z,41.2,2026-01-16T23:26:00Z,1,2026-01-16T22:48:00Z,26.3,2026-01-16T12:30:00Z,0,2026-01-24T16:08:00Z,0,2026-01-18T18:08:00Z
TX2-00279,2026-01-17T03:25:00Z,0,917.18,2026-01-17T03:25:00Z,30.9,2026-01-16T22:40:00Z,31.3,2026-01-17T02:56:00Z,1,2026-01-17T02:47:00Z,21.3,2026-01-16T09:16:00Z,0,2026-01-26T20:26:00Z,0,2026-01-18T08:16:00Z
TX2-00280,2026-01-17T04:23:00Z,0,73.35,2026-01-17T04:23:00Z,38.5,2026-01-17T01:21:00Z,59.3,2026-01-17T04:20:00Z,1,2026-01-17T03:26:00Z,38.6,2026-01-17T09:34:00Z,0,2026-01-22T03:09:00Z,0,2026-01-19T14:02:00Z
TX2-00281,2026-01-17T04:54:00Z,0,95.14,2026-01-17T04:54:00Z,30.8,2026-01-17T03:04:00Z,20.6,2026-01-17T04:36:00Z,3,2026-01-17T04:23:00Z,40.0,2026-01-16T20:14:00Z,0,2026-01-26T08:22:00Z,0,2026-01-18T06:56:00Z
TX2-00282,2026-01-17T05:42:00Z,0,216.81,2026-01-17T05:42:00Z,43.4,2026-01-17T03:00:00Z,38.0,2026-01-17T05:34:00Z,4,2026-01-17T05:01:00Z,29.4,2026-01-16T16:58:00Z,0,2026-01-25T14:35:00Z,0,2026-01-18T21:01:00Z
TX2-00283,2026-01-17T05:48:00Z,0,57.92,2026-01-17T05:48:00Z,57.5,2026-01-17T01:07:00Z,57.1,2026-01-17T05:38:00Z,5,2026-01-17T05:05:00Z,13.2,2026-01-17T00:30:00Z,0,2026-01-26T22:50:00Z,0,2026-01-18T13:48:00Z
TX2-00284,2026-01-17T08:31:00Z,0,116.31,2026-01-17T08:31:00Z,53.8,2026-01-17T04:40:00Z,9.9,2026-01-17T08:09:00Z,1,2026-01-17T08:21:00Z,35.6,2026-01-16T23:45:00Z,0,2026-01-21T06:52:00Z,0,2026-01-18T20:09:00Z
TX2-00285,2026-01-17T09:22:00Z,0,76.45,2026-01-17T09:22:00Z,42.3,2026-01-17T06:56:00Z,36.6,2026-01-17T09:13:00Z,1,2026-01-17T08:43:00Z,44.2,2026-01-17T03:52:00Z,0,2026-01-23T17:40:00Z,0,2026-01-20T07:01:00Z
TX2-00286,2026-01-17T11:43:00Z,0,110.56,2026-01-17T11:43:00Z,28.4,2026-01-17T10:41:00Z,41.2,2026-01-17T11:32:00Z,2,2026-01-17T11:20:00Z,30.6,2026-01-17T04:04:00Z,0,2026-01-25T17:43:00Z,0,2026-01-18T22:43:00Z
TX2-00287,2026-01-17T12:27:00Z,0,124.13,2026-01-17T12:27:00Z,31.8,2026-01-17T12:09:00Z,33.0,2026-01-17T12:25:00Z,2,2026-01-17T12:11:00Z,34.6,2026-01-16T17:11:00Z,0,2026-01-25T08:26:00Z,0,2026-01-19T09:39:00Z
TX2-00288,2026-01-17T14:04:00Z,0,202.95,2026-01-17T14:04:00Z,77.8,2026-01-17T12:23:00Z,68.6,2026-01-17T13:46:00Z,4,2026-01-17T13:33:00Z,32.0,2026-01-16T22:53:00Z,0,2026-01-26T06:02:00Z,0,2026-01-20T10:37:00Z
TX2-00289,2026-01-17T15:41:00Z,0,66.95,2026-01-17T15:41:00Z,49.9,2026-01-17T14:08:00Z,49.0,2026-01-17T15:16:00Z,2,2026-01-17T14:42:00Z,32.9,2026-01-17T07:12:00Z,0,2026-01-24T22:19:00Z,0,2026-01-18T22:12:00Z
TX2-00290,2026-01-17T16:22:00Z,0,205.59,2026-01-17T16:22:00Z,48.3,2026-01-17T14:52:00Z,46.9,2026-01-17T15:54:00Z,0,2026-01-17T16:04:00Z,30.8,2026-01-17T08:37:00Z,0,2026-01-24T07:46:00Z,0,2026-01-19T19:01:00Z
TX2-00291,2026-01-17T17:23:00Z,0,75.7,2026-01-17T17:23:00Z,48.2,2026-01-17T16:27:00Z,40.4,2026-01-17T17:03:00Z,1,2026-01-17T16:45:00Z,29.6,2026-01-16T22:21:00Z,0,2026-01-25T17:18:00Z,0,2026-01-19T00:11:00Z
TX2-00292,2026-01-18T00:57:00Z,0,21.15,2026-01-18T00:57:00Z,47.5,2026-01-17T21:39:00Z,35.9,2026-01-18T00:44:00Z,3,2026-01-18T00:43:00Z,32.7,2026-01-17T07:46:00Z,0,2026-01-27T23:46:00Z,0,2026-01-20T09:05:00Z
TX2-00293,2026-01-18T01:36:00Z,0,43.31,2026-01-18T01:36:00Z,55.1,2026-01-17T20:51:00Z,40.8,2026-01-18T01:17:00Z,6,2026-01-18T01:20:00Z,29.4,2026-01-17T20:55:00Z,0,2026-01-23T23:06:00Z,0,2026-01-19T13:58:00Z
TX2-00294,2026-01-18T02:53:00Z,0,13.47,2026-01-18T02:53:00Z,50.2,2026-01-18T00:10:00Z,44.1,2026-01-18T02:46:00Z,1,2026-01-18T02:22:00Z,25.8,2026-01-17T13:06:00Z,0,2026-01-23T07:52:00Z,0,2026-01-19T10:15:00Z
TX2-00295,2026-01-18T02:55:00Z,0,16.91,2026-01-18T02:55:00Z,32.2,2026-01-17T21:14:00Z,15.4,2026-01-18T02:48:00Z,4,2026-01-18T02:49:00Z,35.2,2026-01-17T12:00:00Z,0,2026-01-23T04:49:00Z,0,2026-01-19T09:30:00Z
TX2-00296,2026-01-18T03:37:00Z,0,31.12,2026-01-18T03:37:00Z,48.2,2026-01-17T22:13:00Z,21.1,2026-01-18T03:16:00Z,1,2026-01-18T02:51:00Z,27.3,2026-01-17T23:47:00Z,0,2026-01-22T12:22:00Z,0,2026-01-20T07:47:00Z
TX2-00297,2026-01-18T03:42:00Z,0,92.55,2026-01-18T03:42:00Z,36.1,2026-01-18T00:24:00Z,37.3,2026-01-18T03:14:00Z,5,2026-01-18T02:51:00Z,32.4,2026-01-17T18:12:00Z,0,2026-01-27T08:14:00Z,0,2026-01-20T09:35:00Z
TX2-00298,2026-01-18T04:36:00Z,0,85.7,2026-01-18T04:36:00Z,40.3,2026-01-18T01:31:00Z,31.1,2026-01-18T04:06:00Z,1,2026-01-18T04:01:00Z,33.9,2026-01-17T10:00:00Z,0,2026-01-27T00:25:00Z,0,2026-01-21T00:59:00Z
TX2-00299,2026-01-18T06:49:00Z,0,118.6,2026-01-18T06:49:00Z,27.3,2026-01-18T06:01:00Z,43.0,2026-01-18T06:30:00Z,3,2026-01-18T06:22:00Z,24.3,2026-01-17T12:11:00Z,0,2026-01-22T17:34:00Z,2,2026-01-20T22:22:00Z
TX2-00300,2026-01-18T07:15:00Z,0,107.08,2026-01-18T07:15:00Z,64.1,2026-01-18T04:31:00Z,45.2,2026-01-18T06:54:00Z,1,2026-01-18T06:41:00Z,20.2,2026-01-18T02:27:00Z,0,2026-01-24T13:10:00Z,0,2026-01-19T09:25:00Z
TX2-00301,2026-01-18T07:18:00Z,0,142.29,2026-01-18T07:18:00Z,39.6,2026-01-18T06:03:00Z,34.8,2026-01-18T06:55:00Z,1,2026-01-18T07:10:00Z,22.1,2026-01-17T12:31:00Z,0,2026-01-22T13:28:00Z,1,2026-01-20T17:27:00Z
TX2-00302,2026-01-18T08:24:00Z,0,199.68,2026-01-18T08:24:00Z,47.6,2026-01-18T03:24:00Z,60.9,2026-01-18T08:09:00Z,2,2026-01-18T08:06:00Z,34.8,2026-01-18T17:09:00Z,0,2026-01-24T04:35:00Z,0,2026-01-19T22:14:00Z
TX2-00303,2026-01-18T10:39:00Z,0,142.01,2026-01-18T10:39:00Z,40.5,2026-01-18T09:17:00Z,44.3,2026-01-18T10:16:00Z,2,2026-01-18T09:47:00Z,23.1,2026-01-17T18:21:00Z,0,2026-01-27T07:05:00Z,1,2026-01-20T00:31:00Z
TX2-00304,2026-01-18T11:21:00Z,0,56.96,2026-01-18T11:21:00Z,29.0,2026-01-18T10:13:00Z,37.9,2026-01-18T11:15:00Z,5,2026-01-18T10:24:00Z,41.7,2026-01-18T13:15:00Z,0,2026-01-23T04:18:00Z,0,2026-01-21T03:42:00Z
TX2-00305,2026-01-18T11:52:00Z,0,63.69,2026-01-18T11:52:00Z,1.5,2026-01-18T05:57:00Z,45.8,2026-01-18T11:23:00Z,3,2026-01-18T11:14:00Z,28.8,2026-01-17T23:17:00Z,0,2026-01-23T07:47:00Z,1,2026-01-20T00:42:00Z
TX2-00306,2026-01-18T11:55:00Z,0,78.67,2026-01-18T11:55:00Z,65.5,2026-01-18T09:41:00Z,33.7,2026-01-18T11:52:00Z,1,2026-01-18T11:31:00Z,23.1,2026-01-18T02:17:00Z,0,2026-01-27T07:38:00Z,0,2026-01-19T20:30:00Z
TX2-00307,2026-01-18T13:11:00Z,0,35.83,2026-01-18T13:11:00Z,56.5,2026-01-18T12:07:00Z,52.6,2026-01-18T12:47:00Z,2,2026-01-18T12:48:00Z,37.4,2026-01-17T22:13:00Z,0,2026-01-24T17:25:00Z,0,2026-01-20T05:21:00Z
TX2-00308,2026-01-18T13:17:00Z,0,44.87,2026-01-18T13:17:00Z,47.8,2026-01-18T07:57:00Z,40.3,2026-01-18T12:54:00Z,0,2026-01-18T13:06:00Z,42.8,2026-01-18T01:54:00Z,0,2026-01-26T14:48:00Z,0,2026-01-19T15:08:00Z
TX2-00309,2026-01-18T13:50:00Z,0,30.16,2026-01-18T13:50:00Z,36.7,2026-01-18T12:20:00Z,40.6,2026-01-18T13:39:00Z,3,2026-01-18T12:53:00Z,30.9,2026-01-18T03:45:00Z,0,2026-01-23T19:43:00Z,0,2026-01-21T12:24:00Z
TX2-00310,2026-01-18T15:01:00Z,0,106.84,2026-01-18T15:01:00Z,63.2,2026-01-18T12:50:00Z,36.4,2026-01-18T14:35:00Z,3,2026-01-18T14:33:00Z,11.6,2026-01-18T04:32:00Z,0,2026-01-25T04:40:00Z,0,2026-01-20T16:56:00Z
TX2-00311,2026-01-18T15:35:00Z,0,61.68,2026-01-18T15:35:00Z,47.5,2026-01-18T11:16:00Z,36.0,2026-01-18T15:06:00Z,1,2026-01-18T15:02:00Z,29.5,2026-01-18T11:08:00Z,0,2026-01-24T04:12:00Z,2,2026-01-19T19:03:00Z
TX2-00312,2026-01-18T16:22:00Z,0,159.91,2026-01-18T16:22:00Z,51.7,2026-01-18T15:58:00Z,42.6,2026-01-18T15:56:00Z,1,2026-01-18T16:20:00Z,38.1,2026-01-18T11:11:00Z,0,2026-01-23T02:00:00Z,0,2026-01-20T02:17:00Z
TX2-00313,2026-01-18T16:34:00Z,0,37.3,2026-01-18T16:34:00Z,56.3,2026-01-18T15:00:00Z,43.1,2026-01-18T16:18:00Z,2,2026-01-18T15:46:00Z,21.7,2026-01-18T03:36:00Z,0,2026-01-23T07:35:00Z,1,2026-01-21T08:35:00Z
TX2-00314,2026-01-18T17:36:00Z,0,111.6,2026-01-18T17:36:00Z,53.7,2026-01-18T14:02:00Z,24.0,2026-01-18T17:35:00Z,2,2026-01-18T17:03:00Z,28.2,2026-01-18T22:08:00Z,0,2026-01-24T00:55:00Z,1,2026-01-19T19:20:00Z
TX2-00315,2026-01-18T20:17:00Z,0,56.63,2026-01-18T20:17:00Z,53.5,2026-01-18T18:57:00Z,30.0,2026-01-18T20:13:00Z,8,2026-01-18T20:05:00Z,29.0,2026-01-18T00:43:00Z,0,2026-01-28T17:28:00Z,1,2026-01-21T03:11:00Z
TX2-00316,2026-01-18T23:13:00Z,0,92.54,2026-01-18T23:13:00Z,39.3,2026-01-18T17:40:00Z,48.5,2026-01-18T22:43:00Z,2,2026-01-18T22:30:00Z,26.8,2026-01-18T12:08:00Z,0,2026-01-28T15:42:00Z,0,2026-01-20T20:38:00Z
TX2-00317,2026-01-18T23:38:00Z,0,74.21,2026-01-18T23:38:00Z,52.2,2026-01-18T20:31:00Z,36.5,2026-01-18T23:22:00Z,1,2026-01-18T23:16:00Z,43.5,2026-01-19T04:43:00Z,0,2026-01-26T18:46:00Z,1,2026-01-20T06:35:00Z
TX2-00318,2026-01-19T00:31:00Z,0,42.96,2026-01-19T00:31:00Z,56.7,2026-01-18T21:56:00Z,59.8,2026-01-19T00:03:00Z,4,2026-01-19T00:06:00Z,36.5,2026-01-18T18:57:00Z,0,2026-01-27T10:21:00Z,2,2026-01-21T06:44:00Z
TX2-00319,2026-01-19T01:11:00Z,1,42.69,2026-01-19T01:11:00Z,49.8,2026-01-18T22:19:00Z,49.6,2026-01-19T00:47:00Z,4,2026-01-19T00:27:00Z,21.3,2026-01-19T07:07:00Z,1,2026-01-23T01:25:00Z,2,2026-01-20T04:47:00Z
TX2-00320,2026-01-19T01:45:00Z,0,62.15,2026-01-19T01:45:00Z,32.4,2026-01-19T01:28:00Z,36.5,2026-01-19T01:37:00Z,4,2026-01-19T00:53:00Z,32.1,2026-01-18T06:03:00Z,0,2026-01-24T00:55:00Z,1,2026-01-20T13:59:00Z
TX2-00321,2026-01-19T04:52:00Z,0,160.82,2026-01-19T04:52:00Z,68.3,2026-01-19T03:38:00Z,42.7,2026-01-19T04:35:00Z,4,2026-01-19T03:54:00Z,37.1,2026-01-18T23:15:00Z,0,2026-01-28T23:10:00Z,0,2026-01-20T07:00:00Z
TX2-00322,2026-01-19T05:19:00Z,0,75.25,2026-01-19T05:19:00Z,51.4,2026-01-19T01:10:00Z,51.8,2026-01-19T04:55:00Z,1,2026-01-19T04:55:00Z,29.0,2026-01-18T11:01:00Z,0,2026-01-28T22:55:00Z,0,2026-01-20T10:39:00Z
TX2-00323,2026-01-19T07:52:00Z,0,142.55,2026-01-19T07:52:00Z,66.6,2026-01-19T04:16:00Z,41.6,2026-01-19T07:26:00Z,1,2026-01-19T07:29:00Z,34.3,2026-01-19T00:50:00Z,0,2026-01-27T06:16:00Z,0,2026-01-20T10:47:00Z
TX2-00324,2026-01-19T09:46:00Z,0,56.01,2026-01-19T09:46:00Z,48.1,2026-01-19T05:27:00Z,41.2,2026-01-19T09:30:00Z,2,2026-01-19T09:26:00Z,29.5,2026-01-18T22:56:00Z,0,2026-01-22T13:52:00Z,0,2026-01-21T16:04:00Z
TX2-00325,2026-01-19T09:59:00Z,0,105.52,2026-01-19T09:59:00Z,23.7,2026-01-19T09:00:00Z,30.4,2026-01-19T09:35:00Z,2,2026-01-19T09:46:00Z,24.2,2026-01-19T11:14:00Z,0,2026-01-25T10:44:00Z,0,2026-01-20T15:11:00Z
TX2-00326,2026-01-19T14:21:00Z,0,34.32,2026-01-19T14:21:00Z,54.1,2026-01-19T10:59:00Z,31.7,2026-01-19T13:57:00Z,3,2026-01-19T13:40:00Z,35.6,2026-01-18T22:29:00Z,0,2026-01-24T07:15:00Z,0,2026-01-20T19:07:00Z
TX2-00327,2026-01-19T14:32:00Z,1,14.64,2026-01-19T14:32:00Z,69.7,2026-01-19T09:04:00Z,45.6,2026-01-19T14:11:00Z,4,2026-01-19T13:51:00Z,42.0,2026-01-19T17:40:00Z,1,2026-01-22T19:22:00Z,2,2026-01-21T21:32:00Z
TX2-00328,2026-01-19T15:56:00Z,1,77.12,2026-01-19T15:56:00Z,82.3,2026-01-19T13:02:00Z,35.7,2026-01-19T15:52:00Z,4,2026-01-19T15:30:00Z,37.0,2026-01-19T23:42:00Z,1,2026-01-28T06:25:00Z,2,2026-01-22T12:02:00Z
TX2-00329,2026-01-19T16:18:00Z,0,58.1,2026-01-19T16:18:00Z,42.8,2026-01-19T15:09:00Z,41.0,2026-01-19T16:04:00Z,3,2026-01-19T15:42:00Z,47.3,2026-01-19T11:49:00Z,0,2026-01-23T10:15:00Z,0,2026-01-22T07:42:00Z
TX2-00330,2026-01-19T16:54:00Z,0,12.04,2026-01-19T16:54:00Z,45.2,2026-01-19T12:12:00Z,37.3,2026-01-19T16:33:00Z,1,2026-01-19T16:38:00Z,27.1,2026-01-19T07:53:00Z,0,2026-01-27T06:09:00Z,0,2026-01-22T05:26:00Z
TX2-00331,2026-01-19T18:10:00Z,0,36.83,2026-01-19T18:10:00Z,69.6,2026-01-19T14:13:00Z,54.6,2026-01-19T17:56:00Z,4,2026-01-19T17:16:00Z,20.0,2026-01-19T02:00:00Z,0,2026-01-29T11:18:00Z,0,2026-01-20T18:57:00Z
TX2-00332,2026-01-19T18:13:00Z,0,38.9,2026-01-19T18:13:00Z,45.3,2026-01-19T17:32:00Z,37.2,2026-01-19T17:54:00Z,3,2026-01-19T17:36:00Z,52.1,2026-01-19T17:08:00Z,0,2026-01-28T21:51:00Z,0,2026-01-22T15:46:00Z
TX2-00333,2026-01-19T19:07:00Z,1,140.48,2026-01-19T19:07:00Z,44.2,2026-01-19T16:34:00Z,34.9,2026-01-19T18:57:00Z,1,2026-01-19T18:38:00Z,30.6,2026-01-19T11:00:00Z,1,2026-01-23T09:54:00Z,0,2026-01-21T16:18:00Z
TX2-00334,2026-01-19T20:22:00Z,0,38.76,2026-01-19T20:22:00Z,38.3,2026-01-19T17:49:00Z,30.0,2026-01-19T20:09:00Z,1,2026-01-19T20:18:00Z,33.9,2026-01-19T19:06:00Z,0,2026-01-24T20:40:00Z,0,2026-01-21T15:47:00Z
TX2-00335,2026-01-19T21:41:00Z,0,30.3,2026-01-19T21:41:00Z,43.8,2026-01-19T20:52:00Z,48.0,2026-01-19T21:22:00Z,2,2026-01-19T20:58:00Z,31.8,2026-01-19T16:07:00Z,0,2026-01-28T19:06:00Z,0,2026-01-21T11:41:00Z
TX2-00336,2026-01-19T22:17:00Z,0,7.3,2026-01-19T22:17:00Z,48.7,2026-01-19T19:24:00Z,32.3,2026-01-19T22:04:00Z,4,2026-01-19T21:58:00Z,41.8,2026-01-19T15:06:00Z,0,2026-01-24T16:57:00Z,2,2026-01-22T17:27:00Z
TX2-00337,2026-01-19T23:16:00Z,0,150.54,2026-01-19T23:16:00Z,48.3,2026-01-19T21:40:00Z,40.2,2026-01-19T23:01:00Z,4,2026-01-19T22:50:00Z,44.3,2026-01-19T10:07:00Z,0,2026-01-26T20:32:00Z,0,2026-01-21T06:39:00Z
TX2-00338,2026-01-20T00:06:00Z,0,302.22,2026-01-20T00:06:00Z,44.8,2026-01-19T19:31:00Z,43.5,2026-01-19T23:38:00Z,5,2026-01-19T23:27:00Z,39.5,2026-01-19T14:44:00Z,0,2026-01-26T17:44:00Z,0,2026-01-21T10:29:00Z
TX2-00339,2026-01-20T02:00:00Z,0,125.31,2026-01-20T02:00:00Z,56.2,2026-01-19T21:44:00Z,30.3,2026-01-20T01:56:00Z,1,2026-01-20T01:08:00Z,38.2,2026-01-19T09:48:00Z,0,2026-01-27T16:08:00Z,0,2026-01-21T23:05:00Z
TX2-00340,2026-01-20T02:11:00Z,0,20.28,2026-01-20T02:11:00Z,64.3,2026-01-19T21:15:00Z,36.3,2026-01-20T01:54:00Z,3,2026-01-20T01:38:00Z,29.8,2026-01-19T18:49:00Z,0,2026-01-23T14:36:00Z,0,2026-01-22T06:20:00Z
TX2-00341,2026-01-20T04:38:00Z,0,41.98,2026-01-20T04:38:00Z,43.7,2026-01-20T00:07:00Z,50.3,2026-01-20T04:28:00Z,3,2026-01-20T04:23:00Z,40.9,2026-01-19T09:59:00Z,0,2026-01-28T01:40:00Z,0,2026-01-22T20:56:00Z
TX2-00342,2026-01-20T04:51:00Z,0,568.4,2026-01-20T04:51:00Z,41.5,2026-01-20T01:51:00Z,47.6,2026-01-20T04:34:00Z,4,2026-01-20T03:57:00Z,27.3,2026-01-19T15:21:00Z,0,2026-01-26T23:36:00Z,0,2026-01-23T00:51:00Z
TX2-00343,2026-01-20T08:50:00Z,1,31.45,2026-01-20T08:50:00Z,47.7,2026-01-20T07:35:00Z,47.0,2026-01-20T08:28:00Z,3,2026-01-20T07:54:00Z,35.0,2026-01-20T00:49:00Z,1,2026-01-24T09:24:00Z,2,2026-01-21T16:09:00Z
TX2-00344,2026-01-20T12:26:00Z,0,36.03,2026-01-20T12:26:00Z,51.7,2026-01-20T08:50:00Z,55.9,2026-01-20T11:58:00Z,1,2026-01-20T12:25:00Z,21.5,2026-01-20T06:04:00Z,0,2026-01-25T15:48:00Z,0,2026-01-23T01:09:00Z
TX2-00345,2026-01-20T13:41:00Z,0,24.03,2026-01-20T13:41:00Z,55.2,2026-01-20T07:47:00Z,45.7,2026-01-20T13:26:00Z,8,2026-01-20T12:41:00Z,27.3,2026-01-20T20:10:00Z,0,2026-01-26T12:04:00Z,1,2026-01-22T10:46:00Z
TX2-00346,2026-01-20T14:22:00Z,0,53.08,2026-01-20T14:22:00Z,68.3,2026-01-20T09:27:00Z,33.6,2026-01-20T13:55:00Z,4,2026-01-20T14:18:00Z,41.8,2026-01-20T10:10:00Z,0,2026-01-24T23:18:00Z,0,2026-01-22T10:29:00Z
TX2-00347,2026-01-20T15:27:00Z,1,11.74,2026-01-20T15:27:00Z,66.4,2026-01-20T14:24:00Z,34.6,2026-01-20T15:26:00Z,1,2026-01-20T14:32:00Z,36.0,2026-01-20T01:56:00Z,1,2026-01-27T17:37:00Z,2,2026-01-22T17:39:00Z
TX2-00348,2026-01-20T17:23:00Z,0,13.78,2026-01-20T17:23:00Z,45.7,2026-01-20T16:56:00Z,20.5,2026-01-20T17:05:00Z,2,2026-01-20T17:06:00Z,36.7,2026-01-20T14:10:00Z,0,2026-01-25T19:41:00Z,0,2026-01-23T11:05:00Z
TX2-00349,2026-01-20T18:24:00Z,0,37.37,2026-01-20T18:24:00Z,60.6,2026-01-20T15:20:00Z,31.7,2026-01-20T18:15:00Z,2,2026-01-20T17:29:00Z,16.3,2026-01-20T09:01:00Z,0,2026-01-27T11:02:00Z,0,2026-01-22T00:30:00Z
TX2-00350,2026-01-20T19:02:00Z,1,50.5,2026-01-20T19:02:00Z,50.6,2026-01-20T13:23:00Z,27.4,2026-01-20T19:01:00Z,3,2026-01-20T18:04:00Z,32.1,2026-01-20T17:20:00Z,1,2026-01-29T19:39:00Z,2,2026-01-23T18:57:00Z
TX2-00351,2026-01-20T20:21:00Z,0,59.84,2026-01-20T20:21:00Z,51.2,2026-01-20T14:27:00Z,35.3,2026-01-20T19:58:00Z,2,2026-01-20T20:20:00Z,28.2,2026-01-20T11:53:00Z,0,2026-01-25T15:28:00Z,0,2026-01-22T20:42:00Z
TX2-00352,2026-01-20T21:19:00Z,0,190.3,2026-01-20T21:19:00Z,47.4,2026-01-20T18:44:00Z,50.2,2026-01-20T21:16:00Z,1,2026-01-20T21:02:00Z,29.7,2026-01-20T06:31:00Z,0,2026-01-27T22:03:00Z,0,2026-01-23T09:06:00Z
TX2-00353,2026-01-20T23:39:00Z,0,154.64,2026-01-20T23:39:00Z,62.4,2026-01-20T18:15:00Z,16.9,2026-01-20T23:12:00Z,0,2026-01-20T23:01:00Z,32.1,2026-01-20T07:36:00Z,1,2026-01-28T12:31:00Z,0,2026-01-23T12:55:00Z
TX2-00354,2026-01-21T01:46:00Z,0,86.1,2026-01-21T01:46:00Z,62.1,2026-01-20T23:04:00Z,54.3,2026-01-21T01:22:00Z,0,2026-01-21T01:39:00Z,27.0,2026-01-20T20:45:00Z,0,2026-01-26T08:25:00Z,0,2026-01-23T22:15:00Z
TX2-00355,2026-01-21T03:07:00Z,0,27.83,2026-01-21T03:07:00Z,55.3,2026-01-20T23:35:00Z,53.0,2026-01-21T02:41:00Z,3,2026-01-21T02:14:00Z,35.2,2026-01-20T09:26:00Z,0,2026-01-25T17:31:00Z,0,2026-01-23T05:22:00Z
TX2-00356,2026-01-21T03:44:00Z,0,27.89,2026-01-21T03:44:00Z,34.8,2026-01-21T03:08:00Z,14.5,2026-01-21T03:35:00Z,2,2026-01-21T03:06:00Z,41.8,2026-01-20T19:48:00Z,0,2026-01-29T05:32:00Z,0,2026-01-23T21:46:00Z
TX2-00357,2026-01-21T03:48:00Z,0,111.81,2026-01-21T03:48:00Z,26.6,2026-01-21T00:31:00Z,38.2,2026-01-21T03:42:00Z,2,2026-01-21T03:42:00Z,21.3,2026-01-20T09:05:00Z,0,2026-01-28T20:10:00Z,1,2026-01-22T17:23:00Z
TX2-00358,2026-01-21T06:34:00Z,0,34.77,2026-01-21T06:34:00Z,57.4,2026-01-21T03:31:00Z,53.7,2026-01-21T06:05:00Z,4,2026-01-21T06:28:00Z,26.8,2026-01-20T12:03:00Z,0,2026-01-26T06:10:00Z,0,2026-01-22T14:59:00Z
TX2-00359,2026-01-21T12:26:00Z,0,93.33,2026-01-21T12:26:00Z,36.7,2026-01-21T06:43:00Z,32.3,2026-01-21T12:17:00Z,2,2026-01-21T11:41:00Z,31.5,2026-01-21T07:13:00Z,0,2026-01-27T07:55:00Z,0,2026-01-23T00:11:00Z
TX2-00360,2026-01-21T12:40:00Z,1,59.15,2026-01-21T12:40:00Z,40.6,2026-01-21T08:40:00Z,29.8,2026-01-21T12:30:00Z,2,2026-01-21T11:41:00Z,24.2,2026-01-21T03:42:00Z,1,2026-01-27T02:30:00Z,2,2026-01-23T16:39:00Z
TX2-00361,2026-01-21T13:49:00Z,0,56.93,2026-01-21T13:49:00Z,56.2,2026-01-21T10:58:00Z,41.7,2026-01-21T13:24:00Z,2,2026-01-21T13:35:00Z,32.6,2026-01-20T18:47:00Z,0,2026-01-24T17:26:00Z,0,2026-01-22T15:07:00Z
TX2-00362,2026-01-21T14:30:00Z,0,35.91,2026-01-21T14:30:00Z,22.9,2026-01-21T10:02:00Z,37.8,2026-01-21T14:08:00Z,1,2026-01-21T13:58:00Z,29.2,2026-01-21T12:27:00Z,0,2026-01-27T08:16:00Z,0,2026-01-23T07:18:00Z
TX2-00363,2026-01-21T15:38:00Z,0,102.83,2026-01-21T15:38:00Z,68.2,2026-01-21T12:37:00Z,27.9,2026-01-21T15:34:00Z,1,2026-01-21T15:21:00Z,10.2,2026-01-20T23:00:00Z,0,2026-01-30T23:04:00Z,0,2026-01-23T15:51:00Z
TX2-00364,2026-01-21T15:40:00Z,0,367.5,2026-01-21T15:40:00Z,64.7,2026-01-21T11:33:00Z,50.6,2026-01-21T15:30:00Z,4,2026-01-21T15:38:00Z,30.0,2026-01-21T09:29:00Z,0,2026-01-30T04:25:00Z,0,2026-01-23T16:37:00Z
TX2-00365,2026-01-21T16:15:00Z,0,105.25,2026-01-21T16:15:00Z,31.0,2026-01-21T15:12:00Z,25.4,2026-01-21T15:46:00Z,2,2026-01-21T16:07:00Z,30.3,2026-01-21T12:19:00Z,0,2026-01-27T21:39:00Z,0,2026-01-24T03:26:00Z
TX2-00366,2026-01-21T17:37:00Z,0,31.81,2026-01-21T17:37:00Z,44.2,2026-01-21T14:43:00Z,41.4,2026-01-21T17:36:00Z,2,2026-01-21T16:52:00Z,32.2,2026-01-21T07:52:00Z,0,2026-01-27T15:16:00Z,0,2026-01-22T22:19:00Z
TX2-00367,2026-01-21T20:11:00Z,0,66.19,2026-01-21T20:11:00Z,66.8,2026-01-21T18:28:00Z,33.3,2026-01-21T19:46:00Z,1,2026-01-21T20:05:00Z,21.4,2026-01-21T11:29:00Z,0,2026-01-25T02:03:00Z,0,2026-01-24T00:44:00Z
TX2-00368,2026-01-21T21:02:00Z,0,91.34,2026-01-21T21:02:00Z,71.5,2026-01-21T20:35:00Z,61.9,2026-01-21T20:38:00Z,2,2026-01-21T20:27:00Z,20.3,2026-01-21T08:25:00Z,0,2026-01-27T11:20:00Z,0,2026-01-23T12:35:00Z
TX2-00369,2026-01-21T21:05:00Z,0,16.78,2026-01-21T21:05:00Z,53.1,2026-01-21T18:35:00Z,35.4,2026-01-21T20:59:00Z,4,2026-01-21T20:23:00Z,43.2,2026-01-21T02:16:00Z,0,2026-01-31T10:05:00Z,0,2026-01-24T02:07:00Z
TX2-00370,2026-01-21T22:56:00Z,0,26.73,2026-01-21T22:56:00Z,52.7,2026-01-21T20:59:00Z,20.7,2026-01-21T22:41:00Z,2,2026-01-21T22:48:00Z,23.3,2026-01-21T07:15:00Z,0,2026-01-27T17:48:00Z,0,2026-01-23T22:44:00Z
TX2-00371,2026-01-22T00:38:00Z,0,40.32,2026-01-22T00:38:00Z,69.2,2026-01-21T23:52:00Z,49.6,2026-01-22T00:13:00Z,0,2026-01-21T23:40:00Z,33.6,2026-01-22T02:15:00Z,0,2026-01-31T07:03:00Z,0,2026-01-23T20:55:00Z
TX2-00372,2026-01-22T01:25:00Z,0,71.31,2026-01-22T01:25:00Z,13.5,2026-01-21T19:29:00Z,44.3,2026-01-22T01:10:00Z,2,2026-01-22T00:40:00Z,25.9,2026-01-21T14:16:00Z,0,2026-01-29T16:06:00Z,0,2026-01-25T01:21:00Z
TX2-00373,2026-01-22T02:16:00Z,1,261.98,2026-01-22T02:16:00Z,41.0,2026-01-21T20:24:00Z,21.1,2026-01-22T02:08:00Z,2,2026-01-22T01:34:00Z,37.8,2026-01-21T17:24:00Z,1,2026-01-31T11:37:00Z,1,2026-01-23T08:00:00Z
TX2-00374,2026-01-22T02:40:00Z,0,62.02,2026-01-22T02:40:00Z,61.8,2026-01-22T02:23:00Z,47.9,2026-01-22T02:37:00Z,5,2026-01-22T01:41:00Z,22.3,2026-01-21T07:55:00Z,0,2026-01-25T07:58:00Z,0,2026-01-24T09:38:00Z
TX2-00375,2026-01-22T08:14:00Z,0,16.66,2026-01-22T08:14:00Z,62.5,2026-01-22T07:59:00Z,27.2,2026-01-22T08:13:00Z,0,2026-01-22T07:53:00Z,37.1,2026-01-22T15:57:00Z,0,2026-01-30T19:05:00Z,0,2026-01-23T13:42:00Z
TX2-00376,2026-01-22T09:07:00Z,0,24.77,2026-01-22T09:07:00Z,57.2,2026-01-22T03:53:00Z,41.0,2026-01-22T08:50:00Z,2,2026-01-22T08:37:00Z,28.2,2026-01-21T14:46:00Z,0,2026-01-30T10:56:00Z,0,2026-01-23T23:55:00Z
TX2-00377,2026-01-22T12:00:00Z,0,70.8,2026-01-22T12:00:00Z,53.6,2026-01-22T10:15:00Z,20.6,2026-01-22T11:53:00Z,0,2026-01-22T11:36:00Z,26.1,2026-01-21T22:19:00Z,0,2026-01-28T00:01:00Z,0,2026-01-24T11:46:00Z
TX2-00378,2026-01-22T12:55:00Z,0,100.6,2026-01-22T12:55:00Z,34.3,2026-01-22T09:00:00Z,53.3,2026-01-22T12:36:00Z,2,2026-01-22T12:45:00Z,34.4,2026-01-22T11:47:00Z,0,2026-01-30T06:18:00Z,0,2026-01-24T12:28:00Z
TX2-00379,2026-01-22T14:19:00Z,0,11.12,2026-01-22T14:19:00Z,64.2,2026-01-22T09:28:00Z,50.3,2026-01-22T13:57:00Z,3,2026-01-22T13:41:00Z,26.5,2026-01-22T02:37:00Z,0,2026-01-26T08:49:00Z,0,2026-01-23T16:11:00Z
TX2-00380,2026-01-22T15:38:00Z,0,255.75,2026-01-22T15:38:00Z,42.1,2026-01-22T10:35:00Z,26.7,2026-01-22T15:33:00Z,2,2026-01-22T14:44:00Z,30.8,2026-01-23T00:17:00Z,0,2026-02-01T02:37:00Z,0,2026-01-24T15:09:00Z
TX2-00381,2026-01-22T16:13:00Z,0,40.97,2026-01-22T16:13:00Z,66.2,2026-01-22T13:12:00Z,53.4,2026-01-22T16:08:00Z,4,2026-01-22T15:55:00Z,24.4,2026-01-22T13:18:00Z,0,2026-02-01T05:29:00Z,0,2026-01-25T05:06:00Z
TX2-00382,2026-01-22T16:47:00Z,0,38.43,2026-01-22T16:47:00Z,45.6,2026-01-22T12:48:00Z,35.4,2026-01-22T16:40:00Z,4,2026-01-22T15:57:00Z,26.7,2026-01-21T23:22:00Z,0,2026-01-30T01:36:00Z,0,2026-01-25T14:34:00Z
TX2-00383,2026-01-22T17:01:00Z,0,72.64,2026-01-22T17:01:00Z,35.7,2026-01-22T13:08:00Z,23.6,2026-01-22T16:44:00Z,1,2026-01-22T16:31:00Z,43.3,2026-01-22T09:17:00Z,0,2026-01-26T11:32:00Z,0,2026-01-24T17:01:00Z
TX2-00384,2026-01-22T17:30:00Z,0,286.45,2026-01-22T17:30:00Z,55.7,2026-01-22T15:43:00Z,35.8,2026-01-22T17:23:00Z,3,2026-01-22T16:35:00Z,36.8,2026-01-22T12:04:00Z,0,2026-01-28T12:37:00Z,0,2026-01-25T12:17:00Z
TX2-00385,2026-01-22T19:28:00Z,0,98.66,2026-01-22T19:28:00Z,47.0,2026-01-22T18:33:00Z,28.8,2026-01-22T19:00:00Z,3,2026-01-22T18:59:00Z,27.4,2026-01-22T15:14:00Z,0,2026-01-26T22:26:00Z,0,2026-01-23T21:08:00Z
TX2-00386,2026-01-22T19:34:00Z,0,169.9,2026-01-22T19:34:00Z,43.1,2026-01-22T14:42:00Z,35.8,2026-01-22T19:04:00Z,1,2026-01-22T19:08:00Z,38.2,2026-01-23T03:13:00Z,0,2026-01-29T12:30:00Z,0,2026-01-24T06:34:00Z
TX2-00387,2026-01-22T19:49:00Z,0,14.83,2026-01-22T19:49:00Z,21.6,2026-01-22T17:04:00Z,35.2,2026-01-22T19:22:00Z,4,2026-01-22T19:08:00Z,31.0,2026-01-22T07:42:00Z,0,2026-01-28T11:44:00Z,1,2026-01-25T04:57:00Z
TX2-00388,2026-01-22T20:42:00Z,1,46.03,2026-01-22T20:42:00Z,35.0,2026-01-22T20:05:00Z,26.5,2026-01-22T20:29:00Z,0,2026-01-22T20:01:00Z,9.5,2026-01-22T04:01:00Z,1,2026-01-31T04:02:00Z,2,2026-01-25T11:11:00Z
TX2-00389,2026-01-22T20:49:00Z,0,141.7,2026-01-22T20:49:00Z,47.5,2026-01-22T18:45:00Z,47.0,2026-01-22T20:45:00Z,0,2026-01-22T20:01:00Z,30.1,2026-01-22T22:06:00Z,1,2026-01-31T08:53:00Z,0,2026-01-25T04:55:00Z
TX2-00390,2026-01-22T20:56:00Z,0,21.35,2026-01-22T20:56:00Z,29.7,2026-01-22T20:39:00Z,54.3,2026-01-22T20:28:00Z,3,2026-01-22T20:52:00Z,25.0,2026-01-22T11:31:00Z,0,2026-01-28T08:09:00Z,0,2026-01-24T07:01:00Z
TX2-00391,2026-01-22T22:15:00Z,0,5.71,2026-01-22T22:15:00Z,32.1,2026-01-22T18:32:00Z,28.0,2026-01-22T21:46:00Z,2,2026-01-22T22:07:00Z,30.0,2026-01-22T02:29:00Z,0,2026-02-01T06:39:00Z,0,2026-01-24T15:49:00Z
TX2-00392,2026-01-23T01:09:00Z,0,30.05,2026-01-23T01:09:00Z,64.3,2026-01-23T00:58:00Z,47.0,2026-01-23T00:39:00Z,4,2026-01-23T00:22:00Z,29.5,2026-01-23T09:33:00Z,0,2026-01-29T17:54:00Z,0,2026-01-25T08:04:00Z
TX2-00393,2026-01-23T03:32:00Z,0,111.74,2026-01-23T03:32:00Z,51.4,2026-01-23T02:03:00Z,35.3,2026-01-23T03:31:00Z,6,2026-01-23T03:18:00Z,41.9,2026-01-22T16:44:00Z,0,2026-02-01T00:10:00Z,0,2026-01-24T15:10:00Z
TX2-00394,2026-01-23T04:02:00Z,0,34.55,2026-01-23T04:02:00Z,58.5,2026-01-22T22:09:00Z,42.5,2026-01-23T03:45:00Z,3,2026-01-23T03:46:00Z,16.9,2026-01-23T00:56:00Z,0,2026-01-26T23:11:00Z,1,2026-01-25T22:21:00Z
TX2-00395,2026-01-23T04:26:00Z,0,69.27,2026-01-23T04:26:00Z,62.2,2026-01-23T00:31:00Z,19.2,2026-01-23T04:12:00Z,3,2026-01-23T04:15:00Z,33.2,2026-01-22T22:25:00Z,0,2026-01-27T08:43:00Z,0,2026-01-25T11:40:00Z
TX2-00396,2026-01-23T05:34:00Z,0,60.45,2026-01-23T05:34:00Z,36.0,2026-01-22T23:48:00Z,21.0,2026-01-23T05:11:00Z,1,2026-01-23T04:42:00Z,25.7,2026-01-23T02:39:00Z,0,2026-01-26T07:45:00Z,0,2026-01-24T23:17:00Z
TX2-00397,2026-01-23T05:54:00Z,0,56.7,2026-01-23T05:54:00Z,66.0,2026-01-23T04:25:00Z,36.1,2026-01-23T05:34:00Z,3,2026-01-23T05:22:00Z,20.5,2026-01-22T16:57:00Z,0,2026-01-29T17:16:00Z,0,2026-01-24T09:09:00Z
TX2-00398,2026-01-23T06:20:00Z,0,50.39,2026-01-23T06:20:00Z,57.6,2026-01-23T03:43:00Z,42.7,2026-01-23T05:58:00Z,1,2026-01-23T06:00:00Z,41.0,2026-01-22T19:15:00Z,0,2026-01-30T19:38:00Z,0,2026-01-24T08:25:00Z
TX2-00399,2026-01-23T10:33:00Z,0,49.36,2026-01-23T10:33:00Z,38.2,2026-01-23T06:27:00Z,14.0,2026-01-23T10:16:00Z,2,2026-01-23T10:08:00Z,15.8,2026-01-22T23:42:00Z,0,2026-02-02T06:33:00Z,0,2026-01-24T21:28:00Z
TX2-00400,2026-01-23T11:37:00Z,0,152.6,2026-01-23T11:37:00Z,38.6,2026-01-23T07:45:00Z,35.1,2026-01-23T11:23:00Z,1,2026-01-23T11:04:00Z,47.1,2026-01-22T23:26:00Z,0,2026-01-28T17:12:00Z,0,2026-01-25T04:46:00Z
TX2-00401,2026-01-23T13:37:00Z,0,59.63,2026-01-23T13:37:00Z,33.6,2026-01-23T12:29:00Z,35.5,2026-01-23T13:35:00Z,4,2026-01-23T13:19:00Z,23.7,2026-01-23T03:08:00Z,0,2026-01-30T21:48:00Z,0,2026-01-25T06:54:00Z
TX2-00402,2026-01-23T16:44:00Z,0,136.78,2026-01-23T16:44:00Z,61.4,2026-01-23T12:37:00Z,54.7,2026-01-23T16:24:00Z,3,2026-01-23T16:11:00Z,30.4,2026-01-23T21:30:00Z,0,2026-01-31T04:41:00Z,0,2026-01-25T10:20:00Z
TX2-00403,2026-01-23T16:45:00Z,1,87.89,2026-01-23T16:45:00Z,50.5,2026-01-23T13:11:00Z,40.4,2026-01-23T16:35:00Z,3,2026-01-23T16:29:00Z,35.4,2026-01-23T01:13:00Z,1,2026-01-31T12:52:00Z,2,2026-01-26T06:55:00Z
TX2-00404,2026-01-24T00:02:00Z,0,196.95,2026-01-24T00:02:00Z,40.8,2026-01-23T21:19:00Z,51.8,2026-01-23T23:56:00Z,2,2026-01-23T23:53:00Z,38.5,2026-01-23T13:50:00Z,0,2026-01-27T11:47:00Z,0,2026-01-26T14:29:00Z
TX2-00405,2026-01-24T01:00:00Z,0,28.99,2026-01-24T01:00:00Z,52.5,2026-01-23T22:56:00Z,23.5,2026-01-24T00:54:00Z,0,2026-01-24T00:24:00Z,20.6,2026-01-23T10:39:00Z,0,2026-01-27T17:18:00Z,0,2026-01-26T23:46:00Z
TX2-00406,2026-01-24T01:15:00Z,0,52.2,2026-01-24T01:15:00Z,44.6,2026-01-24T00:40:00Z,34.5,2026-01-24T01:01:00Z,3,2026-01-24T00:15:00Z,25.0,2026-01-23T22:01:00Z,0,2026-01-30T20:07:00Z,2,2026-01-26T16:02:00Z
TX2-00407,2026-01-24T01:28:00Z,0,45.63,2026-01-24T01:28:00Z,63.1,2026-01-23T20:16:00Z,25.9,2026-01-24T01:21:00Z,0,2026-01-24T00:31:00Z,31.8,2026-01-24T10:06:00Z,0,2026-02-01T16:27:00Z,0,2026-01-26T03:46:00Z
TX2-00408,2026-01-24T01:29:00Z,1,99.43,2026-01-24T01:29:00Z,53.6,2026-01-24T01:20:00Z,36.5,2026-01-24T01:11:00Z,3,2026-01-24T01:24:00Z,37.8,2026-01-23T13:59:00Z,1,2026-01-27T23:12:00Z,2,2026-01-25T11:25:00Z
TX2-00409,2026-01-24T03:10:00Z,0,130.71,2026-01-24T03:10:00Z,53.7,2026-01-23T21:20:00Z,56.9,2026-01-24T02:54:00Z,2,2026-01-24T02:16:00Z,22.3,2026-01-23T22:19:00Z,0,2026-01-29T23:57:00Z,0,2026-01-25T20:37:00Z
TX2-00410,2026-01-24T05:02:00Z,0,26.98,2026-01-24T05:02:00Z,27.5,2026-01-24T00:03:00Z,39.4,2026-01-24T04:57:00Z,2,2026-01-24T04:50:00Z,35.2,2026-01-23T14:09:00Z,0,2026-02-01T07:17:00Z,0,2026-01-25T15:22:00Z
TX2-00411,2026-01-24T06:33:00Z,0,38.54,2026-01-24T06:33:00Z,56.6,2026-01-24T04:40:00Z,52.8,2026-01-24T06:21:00Z,3,2026-01-24T05:43:00Z,21.6,2026-01-23T15:16:00Z,0,2026-01-29T19:57:00Z,0,2026-01-26T20:15:00Z
TX2-00412,2026-01-24T07:38:00Z,0,6.9,2026-01-24T07:38:00Z,43.6,2026-01-24T03:40:00Z,40.2,2026-01-24T07:31:00Z,2,2026-01-24T07:32:00Z,21.7,2026-01-23T12:55:00Z,0,2026-01-27T17:08:00Z,0,2026-01-26T12:43:00Z
TX2-00413,2026-01-24T09:16:00Z,0,43.54,2026-01-24T09:16:00Z,47.5,2026-01-24T05:25:00Z,55.8,2026-01-24T08:55:00Z,4,2026-01-24T08:44:00Z,48.5,2026-01-23T21:03:00Z,0,2026-02-01T11:11:00Z,0,2026-01-26T00:50:00Z
TX2-00414,2026-01-24T11:39:00Z,0,276.37,2026-01-24T11:39:00Z,59.8,2026-01-24T07:38:00Z,44.3,2026-01-24T11:18:00Z,2,2026-01-24T11:30:00Z,12.6,2026-01-23T19:33:00Z,0,2026-01-29T03:42:00Z,0,2026-01-26T22:28:00Z
TX2-00415,2026-01-24T15:38:00Z,0,23.68,2026-01-24T15:38:00Z,57.4,2026-01-24T12:03:00Z,51.8,2026-01-24T15:25:00Z,1,2026-01-24T15:11:00Z,31.4,2026-01-24T09:01:00Z,0,2026-02-03T02:58:00Z,0,2026-01-26T12:40:00Z
TX2-00416,2026-01-24T16:21:00Z,1,102.46,2026-01-24T16:21:00Z,51.8,2026-01-24T15:54:00Z,49.7,2026-01-24T16:06:00Z,1,2026-01-24T16:18:00Z,25.8,2026-01-24T03:09:00Z,1,2026-01-28T03:54:00Z,2,2026-01-26T09:07:00Z
TX2-00417,2026-01-24T16:40:00Z,0,69.78,2026-01-24T16:40:00Z,44.5,2026-01-24T11:40:00Z,42.5,2026-01-24T16:29:00Z,3,2026-01-24T16:31:00Z,31.3,2026-01-24T11:50:00Z,0,2026-02-01T01:23:00Z,0,2026-01-26T22:49:00Z
TX2-00418,2026-01-24T18:59:00Z,0,36.07,2026-01-24T18:59:00Z,42.5,2026-01-24T17:48:00Z,32.2,2026-01-24T18:29:00Z,1,2026-01-24T18:41:00Z,20.0,2026-01-24T10:09:00Z,0,2026-01-30T06:04:00Z,0,2026-01-27T07:27:00Z
TX2-00419,2026-01-24T19:58:00Z,0,41.13,2026-01-24T19:58:00Z,50.9,2026-01-24T16:47:00Z,31.3,2026-01-24T19:36:00Z,1,2026-01-24T19:05:00Z,35.8,2026-01-24T21:12:00Z,0,2026-01-29T18:38:00Z,0,2026-01-26T18:57:00Z
TX2-00420,2026-01-24T22:02:00Z,0,63.59,2026-01-24T22:02:00Z,60.8,2026-01-24T19:25:00Z,33.4,2026-01-24T21:33:00Z,1,2026-01-24T21:53:00Z,37.7,2026-01-24T02:13:00Z,0,2026-01-28T08:48:00Z,0,2026-01-27T16:31:00Z
TX2-00421,2026-01-24T22:22:00Z,0,149.08,2026-01-24T22:22:00Z,36.8,2026-01-24T17:59:00Z,36.5,2026-01-24T21:53:00Z,3,2026-01-24T21:29:00Z,24.6,2026-01-24T20:25:00Z,0,2026-01-30T04:07:00Z,2,2026-01-27T02:54:00Z
TX2-00422,2026-01-25T01:12:00Z,0,30.99,2026-01-25T01:12:00Z,71.7,2026-01-25T00:01:00Z,26.5,2026-01-25T00:54:00Z,5,2026-01-25T00:47:00Z,14.7,2026-01-24T17:24:00Z,0,2026-02-01T11:34:00Z,1,2026-01-27T16:52:00Z
TX2-00423,2026-01-25T07:04:00Z,0,5.95,2026-01-25T07:04:00Z,36.4,2026-01-25T06:52:00Z,31.2,2026-01-25T06:40:00Z,2,2026-01-25T06:45:00Z,26.6,2026-01-24T17:37:00Z,0,2026-02-02T09:15:00Z,0,2026-01-27T14:01:00Z
TX2-00424,2026-01-25T08:26:00Z,0,78.48,2026-01-25T08:26:00Z,62.8,2026-01-25T02:59:00Z,33.1,2026-01-25T08:11:00Z,3,2026-01-25T07:50:00Z,27.3,2026-01-25T00:07:00Z,0,2026-01-28T21:15:00Z,0,2026-01-26T16:04:00Z
TX2-00425,2026-01-25T10:40:00Z,0,47.1,2026-01-25T10:40:00Z,51.8,2026-01-25T06:53:00Z,35.3,2026-01-25T10:27:00Z,2,2026-01-25T10:07:00Z,46.1,2026-01-25T18:43:00Z,0,2026-01-30T06:38:00Z,0,2026-01-26T14:32:00Z
TX2-00426,2026-01-25T11:29:00Z,0,34.14,2026-01-25T11:29:00Z,33.0,2026-01-25T10:04:00Z,38.5,2026-01-25T11:03:00Z,0,2026-01-25T10:33:00Z,20.2,2026-01-25T04:26:00Z,0,2026-02-02T22:09:00Z,0,2026-01-26T23:08:00Z
TX2-00427,2026-01-25T13:52:00Z,0,78.84,2026-01-25T13:52:00Z,65.1,2026-01-25T10:22:00Z,45.9,2026-01-25T13:44:00Z,1,2026-01-25T13:25:00Z,40.0,2026-01-24T19:49:00Z,0,2026-02-01T17:43:00Z,0,2026-01-28T08:15:00Z
TX2-00428,2026-01-25T15:42:00Z,1,118.3,2026-01-25T15:42:00Z,44.0,2026-01-25T10:47:00Z,44.8,2026-01-25T15:39:00Z,5,2026-01-25T14:49:00Z,34.2,2026-01-25T02:10:00Z,1,2026-01-30T12:13:00Z,2,2026-01-27T19:43:00Z
TX2-00429,2026-01-25T16:53:00Z,0,25.89,2026-01-25T16:53:00Z,57.9,2026-01-25T12:37:00Z,30.0,2026-01-25T16:50:00Z,2,2026-01-25T16:36:00Z,27.1,2026-01-25T11:33:00Z,0,2026-02-01T14:02:00Z,0,2026-01-27T13:06:00Z
TX2-00430,2026-01-25T17:38:00Z,0,92.63,2026-01-25T17:38:00Z,47.1,2026-01-25T12:00:00Z,50.6,2026-01-25T17:15:00Z,3,2026-01-25T16:39:00Z,6.9,2026-01-26T00:05:00Z,0,2026-01-29T17:31:00Z,0,2026-01-27T05:57:00Z
TX2-00431,2026-01-25T19:51:00Z,1,158.21,2026-01-25T19:51:00Z,54.7,2026-01-25T18:17:00Z,50.0,2026-01-25T19:26:00Z,4,2026-01-25T19:37:00Z,38.8,2026-01-25T10:05:00Z,1,2026-01-29T00:59:00Z,2,2026-01-28T05:23:00Z
TX2-00432,2026-01-25T22:23:00Z,0,211.28,2026-01-25T22:23:00Z,62.9,2026-01-25T19:01:00Z,25.4,2026-01-25T22:17:00Z,3,2026-01-25T22:03:00Z,29.3,2026-01-25T08:16:00Z,0,2026-02-01T22:39:00Z,0,2026-01-27T16:54:00Z
TX2-00433,2026-01-26T06:14:00Z,0,34.11,2026-01-26T06:14:00Z,67.3,2026-01-26T05:49:00Z,23.5,2026-01-26T06:00:00Z,2,2026-01-26T05:38:00Z,40.7,2026-01-25T12:00:00Z,0,2026-02-01T10:04:00Z,0,2026-01-27T18:50:00Z
TX2-00434,2026-01-26T07:19:00Z,0,22.93,2026-01-26T07:19:00Z,56.0,2026-01-26T07:10:00Z,44.2,2026-01-26T07:07:00Z,5,2026-01-26T06:37:00Z,22.8,2026-01-25T11:54:00Z,0,2026-01-31T04:09:00Z,0,2026-01-29T05:09:00Z
TX2-00435,2026-01-26T07:51:00Z,0,169.87,2026-01-26T07:51:00Z,50.5,2026-01-26T05:33:00Z,42.0,2026-01-26T07:34:00Z,4,2026-01-26T07:40:00Z,15.2,2026-01-25T17:58:00Z,0,2026-02-03T15:41:00Z,0,2026-01-27T20:15:00Z
TX2-00436,2026-01-26T08:29:00Z,1,24.81,2026-01-26T08:29:00Z,69.0,2026-01-26T07:47:00Z,42.4,2026-01-26T08:00:00Z,3,2026-01-26T07:52:00Z,39.4,2026-01-25T16:48:00Z,1,2026-02-04T18:27:00Z,2,2026-01-28T01:36:00Z
TX2-00437,2026-01-26T08:58:00Z,0,69.22,2026-01-26T08:58:00Z,40.5,2026-01-26T07:50:00Z,32.8,2026-01-26T08:30:00Z,1,2026-01-26T08:20:00Z,28.4,2026-01-26T03:15:00Z,0,2026-01-29T19:03:00Z,1,2026-01-28T23:51:00Z
TX2-00438,2026-01-26T11:05:00Z,0,33.5,2026-01-26T11:05:00Z,47.1,2026-01-26T05:51:00Z,26.8,2026-01-26T10:59:00Z,1,2026-01-26T10:27:00Z,24.7,2026-01-26T02:49:00Z,0,2026-01-29T20:03:00Z,0,2026-01-28T07:02:00Z
TX2-00439,2026-01-26T11:53:00Z,0,35.16,2026-01-26T11:53:00Z,40.0,2026-01-26T09:25:00Z,39.0,2026-01-26T11:50:00Z,0,2026-01-26T10:57:00Z,26.4,2026-01-25T22:28:00Z,0,2026-02-02T09:53:00Z,0,2026-01-29T04:40:00Z
TX2-00440,2026-01-26T13:20:00Z,0,112.7,2026-01-26T13:20:00Z,68.2,2026-01-26T11:41:00Z,38.6,2026-01-26T12:55:00Z,1,2026-01-26T13:19:00Z,22.8,2026-01-26T21:07:00Z,1,2026-02-04T04:10:00Z,0,2026-01-28T14:26:00Z
TX2-00441,2026-01-26T13:21:00Z,0,16.77,2026-01-26T13:21:00Z,52.6,2026-01-26T08:33:00Z,61.0,2026-01-26T12:52:00Z,0,2026-01-26T12:38:00Z,28.3,2026-01-26T03:32:00Z,0,2026-02-04T10:27:00Z,0,2026-01-27T16:20:00Z
TX2-00442,2026-01-26T13:49:00Z,0,24.78,2026-01-26T13:49:00Z,48.8,2026-01-26T07:51:00Z,39.7,2026-01-26T13:44:00Z,0,2026-01-26T13:45:00Z,20.5,2026-01-25T22:54:00Z,0,2026-01-30T16:41:00Z,0,2026-01-29T03:12:00Z
TX2-00443,2026-01-26T13:51:00Z,0,120.09,2026-01-26T13:51:00Z,34.1,2026-01-26T08:36:00Z,43.6,2026-01-26T13:39:00Z,1,2026-01-26T13:36:00Z,38.4,2026-01-25T21:47:00Z,0,2026-01-30T04:01:00Z,0,2026-01-27T15:30:00Z
TX2-00444,2026-01-26T14:30:00Z,0,55.09,2026-01-26T14:30:00Z,81.3,2026-01-26T13:35:00Z,46.9,2026-01-26T14:01:00Z,1,2026-01-26T14:26:00Z,40.1,2026-01-25T22:17:00Z,0,2026-01-29T15:37:00Z,0,2026-01-28T02:32:00Z
TX2-00445,2026-01-26T15:50:00Z,0,44.66,2026-01-26T15:50:00Z,50.5,2026-01-26T13:54:00Z,54.5,2026-01-26T15:38:00Z,2,2026-01-26T14:51:00Z,34.3,2026-01-26T01:44:00Z,0,2026-02-03T09:21:00Z,0,2026-01-29T09:32:00Z
TX2-00446,2026-01-26T17:49:00Z,0,37.64,2026-01-26T17:49:00Z,55.2,2026-01-26T12:55:00Z,41.6,2026-01-26T17:27:00Z,3,2026-01-26T17:05:00Z,18.8,2026-01-26T15:22:00Z,0,2026-01-31T09:00:00Z,0,2026-01-29T00:16:00Z
TX2-00447,2026-01-26T20:37:00Z,0,74.59,2026-01-26T20:37:00Z,40.4,2026-01-26T14:50:00Z,31.6,2026-01-26T20:30:00Z,1,2026-01-26T20:23:00Z,29.0,2026-01-27T00:13:00Z,0,2026-02-04T14:49:00Z,0,2026-01-29T09:40:00Z
TX2-00448,2026-01-26T20:51:00Z,0,93.37,2026-01-26T20:51:00Z,52.6,2026-01-26T19:40:00Z,39.0,2026-01-26T20:48:00Z,3,2026-01-26T20:30:00Z,41.0,2026-01-27T02:32:00Z,0,2026-01-31T14:12:00Z,0,2026-01-29T00:14:00Z
TX2-00449,2026-01-26T21:29:00Z,0,105.48,2026-01-26T21:29:00Z,46.8,2026-01-26T20:03:00Z,28.1,2026-01-26T21:07:00Z,3,2026-01-26T21:12:00Z,25.8,2026-01-26T03:28:00Z,0,2026-02-05T12:15:00Z,0,2026-01-28T22:17:00Z
TX2-00450,2026-01-26T22:09:00Z,0,231.35,2026-01-26T22:09:00Z,53.2,2026-01-26T16:24:00Z,40.3,2026-01-26T21:50:00Z,2,2026-01-26T21:23:00Z,30.8,2026-01-26T18:18:00Z,0,2026-01-30T19:41:00Z,0,2026-01-28T19:44:00Z
TX2-00451,2026-01-26T22:26:00Z,0,109.05,2026-01-26T22:26:00Z,74.6,2026-01-26T21:05:00Z,25.4,2026-01-26T22:10:00Z,1,2026-01-26T21:44:00Z,21.4,2026-01-26T11:08:00Z,0,2026-02-04T03:17:00Z,0,2026-01-28T12:02:00Z
TX2-00452,2026-01-27T00:31:00Z,0,47.94,2026-01-27T00:31:00Z,34.8,2026-01-26T20:39:00Z,33.1,2026-01-27T00:14:00Z,3,2026-01-26T23:53:00Z,37.2,2026-01-26T21:01:00Z,0,2026-01-31T10:30:00Z,0,2026-01-28T01:30:00Z
TX2-00453,2026-01-27T01:00:00Z,0,50.56,2026-01-27T01:00:00Z,47.7,2026-01-26T21:46:00Z,40.4,2026-01-27T00:48:00Z,2,2026-01-27T00:16:00Z,39.6,2026-01-26T18:20:00Z,0,2026-02-04T18:57:00Z,0,2026-01-29T21:01:00Z
TX2-00454,2026-01-27T01:38:00Z,0,31.61,2026-01-27T01:38:00Z,43.0,2026-01-26T23:02:00Z,36.5,2026-01-27T01:32:00Z,5,2026-01-27T01:05:00Z,17.2,2026-01-27T06:52:00Z,0,2026-01-31T07:08:00Z,0,2026-01-28T02:21:00Z
TX2-00455,2026-01-27T04:48:00Z,0,60.71,2026-01-27T04:48:00Z,58.3,2026-01-27T04:29:00Z,40.0,2026-01-27T04:47:00Z,3,2026-01-27T04:10:00Z,28.6,2026-01-26T10:08:00Z,0,2026-01-31T14:15:00Z,0,2026-01-28T10:19:00Z
TX2-00456,2026-01-27T05:08:00Z,0,8.93,2026-01-27T05:08:00Z,30.3,2026-01-27T00:43:00Z,45.0,2026-01-27T05:01:00Z,3,2026-01-27T04:18:00Z,21.0,2026-01-27T03:45:00Z,0,2026-02-03T12:49:00Z,0,2026-01-28T21:22:00Z
TX2-00457,2026-01-27T09:13:00Z,0,72.77,2026-01-27T09:13:00Z,73.7,2026-01-27T06:13:00Z,26.1,2026-01-27T09:09:00Z,3,2026-01-27T08:56:00Z,20.2,2026-01-27T12:49:00Z,0,2026-01-30T12:30:00Z,0,2026-01-30T08:36:00Z
TX2-00458,2026-01-27T10:09:00Z,0,520.43,2026-01-27T10:09:00Z,54.2,2026-01-27T07:58:00Z,31.3,2026-01-27T09:39:00Z,4,2026-01-27T09:10:00Z,18.0,2026-01-27T06:14:00Z,0,2026-02-04T13:45:00Z,1,2026-01-29T11:47:00Z
TX2-00459,2026-01-27T11:20:00Z,0,222.87,2026-01-27T11:20:00Z,68.5,2026-01-27T07:52:00Z,44.4,2026-01-27T10:51:00Z,1,2026-01-27T10:31:00Z,33.8,2026-01-26T22:26:00Z,0,2026-02-01T15:52:00Z,0,2026-01-28T14:09:00Z
TX2-00460,2026-01-27T11:48:00Z,0,143.55,2026-01-27T11:48:00Z,57.4,2026-01-27T09:19:00Z,66.6,2026-01-27T11:41:00Z,4,2026-01-27T11:47:00Z,53.2,2026-01-27T14:21:00Z,0,2026-02-05T19:15:00Z,0,2026-01-30T01:26:00Z
TX2-00461,2026-01-27T12:18:00Z,0,73.52,2026-01-27T12:18:00Z,39.3,2026-01-27T11:51:00Z,38.1,2026-01-27T11:55:00Z,3,2026-01-27T12:14:00Z,39.4,2026-01-27T03:27:00Z,0,2026-02-03T07:28:00Z,0,2026-01-30T04:21:00Z
TX2-00462,2026-01-27T12:22:00Z,0,31.03,2026-01-27T12:22:00Z,25.5,2026-01-27T10:25:00Z,34.6,2026-01-27T11:53:00Z,2,2026-01-27T11:28:00Z,25.0,2026-01-26T19:21:00Z,0,2026-02-03T10:15:00Z,1,2026-01-29T20:33:00Z
TX2-00463,2026-01-27T13:04:00Z,0,53.18,2026-01-27T13:04:00Z,33.2,2026-01-27T07:36:00Z,33.3,2026-01-27T12:45:00Z,3,2026-01-27T12:24:00Z,19.7,2026-01-27T03:06:00Z,0,2026-02-01T06:53:00Z,0,2026-01-30T12:11:00Z
TX2-00464,2026-01-27T13:17:00Z,0,69.27,2026-01-27T13:17:00Z,64.9,2026-01-27T08:22:00Z,36.1,2026-01-27T12:49:00Z,2,2026-01-27T12:20:00Z,23.0,2026-01-27T08:37:00Z,0,2026-02-01T02:22:00Z,0,2026-01-29T20:08:00Z
TX2-00465,2026-01-27T16:37:00Z,0,37.73,2026-01-27T16:37:00Z,60.4,2026-01-27T11:58:00Z,32.0,2026-01-27T16:08:00Z,3,2026-01-27T15:53:00Z,32.1,2026-01-27T22:27:00Z,0,2026-02-01T19:52:00Z,1,2026-01-29T06:21:00Z
TX2-00466,2026-01-27T17:31:00Z,0,57.28,2026-01-27T17:31:00Z,61.3,2026-01-27T14:27:00Z,28.8,2026-01-27T17:29:00Z,1,2026-01-27T17:18:00Z,27.3,2026-01-27T23:35:00Z,0,2026-02-03T22:53:00Z,0,2026-01-29T11:11:00Z
TX2-00467,2026-01-27T19:23:00Z,0,119.71,2026-01-27T19:23:00Z,68.5,2026-01-27T15:56:00Z,17.3,2026-01-27T19:08:00Z,1,2026-01-27T18:50:00Z,51.6,2026-01-27T08:55:00Z,0,2026-02-06T16:35:00Z,0,2026-01-29T23:51:00Z
TX2-00468,2026-01-27T19:27:00Z,0,117.61,2026-01-27T19:27:00Z,83.5,2026-01-27T19:04:00Z,50.3,2026-01-27T19:12:00Z,1,2026-01-27T19:19:00Z,31.7,2026-01-27T00:24:00Z,0,2026-02-06T12:35:00Z,0,2026-01-29T21:44:00Z
TX2-00469,2026-01-27T20:28:00Z,0,54.96,2026-01-27T20:28:00Z,32.4,2026-01-27T15:49:00Z,30.5,2026-01-27T20:03:00Z,1,2026-01-27T19:30:00Z,17.4,2026-01-27T05:16:00Z,0,2026-02-01T17:36:00Z,0,2026-01-30T03:09:00Z
TX2-00470,2026-01-27T23:58:00Z,0,15.23,2026-01-27T23:58:00Z,60.1,2026-01-27T19:08:00Z,35.6,2026-01-27T23:45:00Z,5,2026-01-27T23:33:00Z,28.2,2026-01-27T05:34:00Z,0,2026-02-03T06:22:00Z,0,2026-01-30T14:25:00Z
TX2-00471,2026-01-28T00:33:00Z,1,9.95,2026-01-28T00:33:00Z,42.0,2026-01-27T23:43:00Z,33.2,2026-01-28T00:11:00Z,2,2026-01-28T00:13:00Z,55.9,2026-01-27T23:24:00Z,1,2026-02-01T13:15:00Z,2,2026-01-30T14:21:00Z
TX2-00472,2026-01-28T02:24:00Z,0,142.46,2026-01-28T02:24:00Z,36.7,2026-01-27T21:06:00Z,34.6,2026-01-28T02:12:00Z,4,2026-01-28T02:18:00Z,26.4,2026-01-27T16:39:00Z,0,2026-02-06T02:37:00Z,0,2026-01-29T05:40:00Z
TX2-00473,2026-01-28T07:01:00Z,1,21.46,2026-01-28T07:01:00Z,42.6,2026-01-28T03:32:00Z,49.7,2026-01-28T06:41:00Z,4,2026-01-28T06:17:00Z,33.1,2026-01-28T01:38:00Z,1,2026-02-02T10:33:00Z,2,2026-01-31T00:05:00Z
TX2-00474,2026-01-28T10:36:00Z,0,99.38,2026-01-28T10:36:00Z,58.4,2026-01-28T05:31:00Z,43.2,2026-01-28T10:24:00Z,1,2026-01-28T09:46:00Z,44.0,2026-01-27T23:50:00Z,0,2026-02-01T10:26:00Z,0,2026-01-31T05:03:00Z
TX2-00475,2026-01-28T12:11:00Z,0,132.63,2026-01-28T12:11:00Z,70.1,2026-01-28T07:34:00Z,57.8,2026-01-28T12:04:00Z,1,2026-01-28T11:41:00Z,31.6,2026-01-28T05:39:00Z,0,2026-02-02T14:16:00Z,0,2026-01-30T21:49:00Z
TX2-00476,2026-01-28T12:50:00Z,0,45.14,2026-01-28T12:50:00Z,29.2,2026-01-28T11:02:00Z,37.5,2026-01-28T12:42:00Z,1,2026-01-28T12:24:00Z,22.5,2026-01-27T22:11:00Z,0,2026-02-06T15:51:00Z,1,2026-01-31T06:57:00Z
TX2-00477,2026-01-28T13:22:00Z,0,13.29,2026-01-28T13:22:00Z,33.2,2026-01-28T10:27:00Z,24.3,2026-01-28T13:00:00Z,1,2026-01-28T13:16:00Z,19.4,2026-01-28T00:18:00Z,0,2026-02-01T03:32:00Z,0,2026-01-31T12:25:00Z
TX2-00478,2026-01-28T13:29:00Z,0,63.24,2026-01-28T13:29:00Z,45.8,2026-01-28T10:00:00Z,42.9,2026-01-28T13:06:00Z,2,2026-01-28T13:22:00Z,32.3,2026-01-28T02:21:00Z,0,2026-02-03T19:18:00Z,2,2026-01-30T03:52:00Z
TX2-00479,2026-01-28T14:40:00Z,1,261.95,2026-01-28T14:40:00Z,67.2,2026-01-28T08:46:00Z,51.2,2026-01-28T14:37:00Z,5,2026-01-28T14:25:00Z,43.9,2026-01-28T03:25:00Z,1,2026-02-02T18:36:00Z,1,2026-01-30T21:50:00Z
TX2-00480,2026-01-28T15:53:00Z,0,257.48,2026-01-28T15:53:00Z,28.9,2026-01-28T12:54:00Z,28.5,2026-01-28T15:36:00Z,0,2026-01-28T15:49:00Z,22.8,2026-01-28T01:02:00Z,0,2026-02-06T01:10:00Z,0,2026-01-29T18:16:00Z
TX2-00481,2026-01-28T17:35:00Z,0,37.26,2026-01-28T17:35:00Z,51.4,2026-01-28T17:21:00Z,44.0,2026-01-28T17:25:00Z,2,2026-01-28T17:23:00Z,7.0,2026-01-29T01:52:00Z,0,2026-02-06T20:31:00Z,0,2026-01-31T00:33:00Z
TX2-00482,2026-01-28T19:36:00Z,0,38.07,2026-01-28T19:36:00Z,40.9,2026-01-28T14:51:00Z,45.5,2026-01-28T19:17:00Z,1,2026-01-28T19:11:00Z,26.5,2026-01-28T00:43:00Z,0,2026-02-01T07:59:00Z,0,2026-01-30T16:35:00Z
TX2-00483,2026-01-28T20:00:00Z,0,19.61,2026-01-28T20:00:00Z,63.4,2026-01-28T18:23:00Z,39.9,2026-01-28T19:41:00Z,3,2026-01-28T19:30:00Z,30.9,2026-01-28T15:31:00Z,0,2026-02-04T06:33:00Z,0,2026-01-30T17:28:00Z
TX2-00484,2026-01-28T20:01:00Z,0,43.87,2026-01-28T20:01:00Z,50.5,2026-01-28T16:39:00Z,48.0,2026-01-28T19:34:00Z,1,2026-01-28T19:55:00Z,26.4,2026-01-28T16:32:00Z,0,2026-02-04T18:25:00Z,0,2026-01-31T07:47:00Z
TX2-00485,2026-01-28T21:07:00Z,0,222.94,2026-01-28T21:07:00Z,44.3,2026-01-28T15:50:00Z,26.9,2026-01-28T21:01:00Z,3,2026-01-28T20:13:00Z,13.3,2026-01-28T08:37:00Z,0,2026-02-01T06:37:00Z,0,2026-01-31T02:37:00Z
TX2-00486,2026-01-28T22:32:00Z,0,142.79,2026-01-28T22:32:00Z,44.4,2026-01-28T19:05:00Z,35.2,2026-01-28T22:19:00Z,1,2026-01-28T21:37:00Z,44.7,2026-01-28T12:46:00Z,0,2026-02-05T11:49:00Z,0,2026-01-31T03:30:00Z
TX2-00487,2026-01-28T22:38:00Z,0,192.89,2026-01-28T22:38:00Z,48.1,2026-01-28T18:21:00Z,50.3,2026-01-28T22:37:00Z,5,2026-01-28T21:44:00Z,42.7,2026-01-28T03:58:00Z,0,2026-02-03T10:33:00Z,0,2026-01-30T15:06:00Z
TX2-00488,2026-01-28T22:40:00Z,0,237.28,2026-01-28T22:40:00Z,43.0,2026-01-28T21:33:00Z,44.9,2026-01-28T22:38:00Z,2,2026-01-28T21:57:00Z,36.7,2026-01-28T19:15:00Z,0,2026-02-04T14:10:00Z,1,2026-01-30T21:21:00Z
TX2-00489,2026-01-28T22:50:00Z,0,10.92,2026-01-28T22:50:00Z,55.5,2026-01-28T20:47:00Z,50.4,2026-01-28T22:47:00Z,2,2026-01-28T22:34:00Z,28.7,2026-01-28T07:34:00Z,0,2026-02-01T09:45:00Z,0,2026-01-30T16:30:00Z
TX2-00490,2026-01-29T02:56:00Z,0,49.73,2026-01-29T02:56:00Z,58.6,2026-01-28T23:00:00Z,42.9,2026-01-29T02:44:00Z,2,2026-01-29T02:33:00Z,27.6,2026-01-28T23:34:00Z,0,2026-02-01T16:05:00Z,0,2026-01-31T00:57:00Z
TX2-00491,2026-01-29T03:03:00Z,1,303.65,2026-01-29T03:03:00Z,53.5,2026-01-28T22:36:00Z,31.2,2026-01-29T02:41:00Z,3,2026-01-29T02:05:00Z,35.3,2026-01-28T12:09:00Z,0,2026-02-07T18:29:00Z,1,2026-01-31T04:59:00Z
TX2-00492,2026-01-29T03:32:00Z,0,16.3,2026-01-29T03:32:00Z,76.0,2026-01-28T21:44:00Z,40.0,2026-01-29T03:20:00Z,2,2026-01-29T02:32:00Z,46.4,2026-01-28T19:09:00Z,0,2026-02-07T09:59:00Z,0,2026-01-31T10:12:00Z
TX2-00493,2026-01-29T04:05:00Z,0,117.65,2026-01-29T04:05:00Z,42.7,2026-01-28T23:17:00Z,48.6,2026-01-29T03:44:00Z,2,2026-01-29T03:57:00Z,34.0,2026-01-28T22:58:00Z,0,2026-02-05T15:33:00Z,0,2026-01-31T02:53:00Z
TX2-00494,2026-01-29T05:50:00Z,0,71.34,2026-01-29T05:50:00Z,53.8,2026-01-29T03:17:00Z,59.6,2026-01-29T05:22:00Z,2,2026-01-29T04:52:00Z,28.1,2026-01-29T07:05:00Z,0,2026-02-06T17:51:00Z,0,2026-01-31T18:30:00Z
TX2-00495,2026-01-29T07:19:00Z,0,9.8,2026-01-29T07:19:00Z,61.8,2026-01-29T06:59:00Z,37.9,2026-01-29T07:14:00Z,0,2026-01-29T07:01:00Z,33.3,2026-01-29T11:11:00Z,0,2026-02-07T07:41:00Z,0,2026-02-01T04:10:00Z
TX2-00496,2026-01-29T08:47:00Z,0,51.12,2026-01-29T08:47:00Z,53.0,2026-01-29T06:14:00Z,44.8,2026-01-29T08:39:00Z,3,2026-01-29T08:22:00Z,28.3,2026-01-28T21:07:00Z,0,2026-02-05T06:14:00Z,0,2026-01-31T08:03:00Z
TX2-00497,2026-01-29T11:12:00Z,0,28.2,2026-01-29T11:12:00Z,41.8,2026-01-29T06:50:00Z,41.4,2026-01-29T11:11:00Z,3,2026-01-29T10:55:00Z,34.5,2026-01-29T19:48:00Z,0,2026-02-03T07:54:00Z,0,2026-01-30T16:24:00Z
TX2-00498,2026-01-29T11:18:00Z,0,22.71,2026-01-29T11:18:00Z,42.0,2026-01-29T10:43:00Z,54.2,2026-01-29T10:57:00Z,2,2026-01-29T10:42:00Z,39.2,2026-01-29T05:32:00Z,0,2026-02-02T08:38:00Z,2,2026-02-01T07:40:00Z
TX2-00499,2026-01-29T11:45:00Z,0,32.69,2026-01-29T11:45:00Z,56.9,2026-01-29T07:51:00Z,47.9,2026-01-29T11:16:00Z,6,2026-01-29T10:45:00Z,21.1,2026-01-29T17:57:00Z,0,2026-02-07T09:56:00Z,1,2026-02-01T07:04:00Z
TX2-00500,2026-01-29T12:20:00Z,0,16.37,2026-01-29T12:20:00Z,49.1,2026-01-29T08:31:00Z,29.1,2026-01-29T11:54:00Z,1,2026-01-29T11:58:00Z,32.1,2026-01-29T10:03:00Z,0,2026-02-05T16:15:00Z,0,2026-02-01T07:43:00Z
TX2-00501,2026-01-29T15:45:00Z,0,40.43,2026-01-29T15:45:00Z,37.8,2026-01-29T10:36:00Z,34.2,2026-01-29T15:27:00Z,4,2026-01-29T14:56:00Z,28.6,2026-01-29T14:10:00Z,0,2026-02-03T08:21:00Z,1,2026-01-30T16:25:00Z
TX2-00502,2026-01-29T16:20:00Z,0,26.97,2026-01-29T16:20:00Z,54.9,2026-01-29T10:45:00Z,46.9,2026-01-29T16:00:00Z,3,2026-01-29T16:06:00Z,19.6,2026-01-29T11:41:00Z,0,2026-02-08T07:14:00Z,0,2026-01-31T16:18:00Z
TX2-00503,2026-01-29T18:53:00Z,0,136.46,2026-01-29T18:53:00Z,91.6,2026-01-29T14:14:00Z,48.3,2026-01-29T18:30:00Z,4,2026-01-29T17:57:00Z,31.3,2026-01-29T06:42:00Z,0,2026-02-08T02:52:00Z,0,2026-01-31T17:18:00Z
TX2-00504,2026-01-29T19:51:00Z,0,187.45,2026-01-29T19:51:00Z,58.7,2026-01-29T15:05:00Z,38.4,2026-01-29T19:36:00Z,2,2026-01-29T19:11:00Z,31.2,2026-01-29T08:12:00Z,0,2026-02-08T00:02:00Z,1,2026-01-31T07:19:00Z
TX2-00505,2026-01-29T20:14:00Z,0,218.43,2026-01-29T20:14:00Z,65.6,2026-01-29T14:21:00Z,30.0,2026-01-29T20:09:00Z,8,2026-01-29T19:16:00Z,41.1,2026-01-29T13:17:00Z,0,2026-02-06T16:31:00Z,0,2026-01-31T13:24:00Z
TX2-00506,2026-01-29T21:53:00Z,0,251.67,2026-01-29T21:53:00Z,53.8,2026-01-29T16:12:00Z,53.0,2026-01-29T21:32:00Z,1,2026-01-29T21:03:00Z,32.4,2026-01-29T04:03:00Z,0,2026-02-03T17:55:00Z,0,2026-02-01T02:15:00Z
TX2-00507,2026-01-29T21:55:00Z,0,28.34,2026-01-29T21:55:00Z,53.4,2026-01-29T19:08:00Z,30.0,2026-01-29T21:44:00Z,1,2026-01-29T21:29:00Z,28.6,2026-01-29T07:25:00Z,0,2026-02-05T15:54:00Z,0,2026-01-31T11:33:00Z
TX2-00508,2026-01-29T22:27:00Z,0,23.32,2026-01-29T22:27:00Z,37.9,2026-01-29T20:09:00Z,25.3,2026-01-29T22:06:00Z,2,2026-01-29T21:44:00Z,20.3,2026-01-29T12:00:00Z,0,2026-02-07T10:44:00Z,0,2026-02-01T11:28:00Z
TX2-00509,2026-01-29T22:45:00Z,0,78.81,2026-01-29T22:45:00Z,45.2,2026-01-29T20:12:00Z,31.6,2026-01-29T22:33:00Z,4,2026-01-29T21:51:00Z,18.9,2026-01-29T11:07:00Z,0,2026-02-06T08:43:00Z,0,2026-02-01T19:05:00Z
TX2-00510,2026-01-30T03:49:00Z,1,159.63,2026-01-30T03:49:00Z,52.2,2026-01-29T22:44:00Z,38.4,2026-01-30T03:47:00Z,3,2026-01-30T03:40:00Z,25.2,2026-01-29T12:52:00Z,1,2026-02-03T07:49:00Z,1,2026-01-31T21:06:00Z
TX2-00511,2026-01-30T04:31:00Z,0,51.98,2026-01-30T04:31:00Z,77.3,2026-01-30T03:05:00Z,39.5,2026-01-30T04:20:00Z,4,2026-01-30T04:15:00Z,23.3,2026-01-29T15:38:00Z,0,2026-02-05T23:31:00Z,0,2026-01-31T20:36:00Z
TX2-00512,2026-01-30T05:55:00Z,0,16.48,2026-01-30T05:55:00Z,59.4,2026-01-30T03:45:00Z,31.3,2026-01-30T05:26:00Z,1,2026-01-30T05:31:00Z,32.0,2026-01-29T11:52:00Z,0,2026-02-08T10:25:00Z,0,2026-01-31T22:38:00Z
TX2-00513,2026-01-30T05:59:00Z,0,110.3,2026-01-30T05:59:00Z,44.7,2026-01-30T03:53:00Z,55.6,2026-01-30T05:31:00Z,3,2026-01-30T05:06:00Z,14.7,2026-01-29T15:18:00Z,0,2026-02-08T19:45:00Z,0,2026-02-01T18:52:00Z
TX2-00514,2026-01-30T09:07:00Z,0,63.9,2026-01-30T09:07:00Z,25.1,2026-01-30T08:30:00Z,27.4,2026-01-30T08:37:00Z,2,2026-01-30T09:00:00Z,27.7,2026-01-30T10:53:00Z,0,2026-02-03T12:40:00Z,1,2026-02-01T17:21:00Z
TX2-00515,2026-01-30T09:53:00Z,0,63.29,2026-01-30T09:53:00Z,57.9,2026-01-30T09:37:00Z,47.1,2026-01-30T09:34:00Z,0,2026-01-30T09:21:00Z,37.4,2026-01-30T04:24:00Z,0,2026-02-06T22:54:00Z,0,2026-02-02T06:18:00Z
TX2-00516,2026-01-30T09:58:00Z,0,11.22,2026-01-30T09:58:00Z,38.7,2026-01-30T06:08:00Z,25.9,2026-01-30T09:29:00Z,0,2026-01-30T09:33:00Z,34.0,2026-01-29T20:29:00Z,0,2026-02-08T08:51:00Z,0,2026-01-31T20:26:00Z
TX2-00517,2026-01-30T12:19:00Z,0,36.93,2026-01-30T12:19:00Z,66.0,2026-01-30T11:37:00Z,50.3,2026-01-30T12:04:00Z,0,2026-01-30T11:31:00Z,43.2,2026-01-29T17:04:00Z,0,2026-02-06T12:34:00Z,0,2026-02-02T07:25:00Z
TX2-00518,2026-01-30T12:37:00Z,0,138.99,2026-01-30T12:37:00Z,44.5,2026-01-30T11:17:00Z,44.2,2026-01-30T12:27:00Z,0,2026-01-30T11:58:00Z,18.0,2026-01-29T23:11:00Z,0,2026-02-05T09:11:00Z,0,2026-02-01T00:17:00Z
TX2-00519,2026-01-30T13:33:00Z,0,99.47,2026-01-30T13:33:00Z,41.5,2026-01-30T10:35:00Z,38.6,2026-01-30T13:06:00Z,0,2026-01-30T12:57:00Z,21.6,2026-01-29T18:08:00Z,0,2026-02-06T01:07:00Z,0,2026-02-01T10:01:00Z
TX2-00520,2026-01-30T14:53:00Z,0,122.86,2026-01-30T14:53:00Z,61.1,2026-01-30T10:24:00Z,27.0,2026-01-30T14:43:00Z,4,2026-01-30T14:01:00Z,27.6,2026-01-30T09:59:00Z,0,2026-02-05T14:37:00Z,0,2026-02-01T22:25:00Z
TX2-00521,2026-01-30T15:04:00Z,0,97.71,2026-01-30T15:04:00Z,26.2,2026-01-30T14:10:00Z,49.0,2026-01-30T14:52:00Z,2,2026-01-30T14:18:00Z,26.4,2026-01-30T09:34:00Z,0,2026-02-08T23:52:00Z,0,2026-02-02T12:14:00Z
TX2-00522,2026-01-30T16:41:00Z,0,210.52,2026-01-30T16:41:00Z,43.0,2026-01-30T16:19:00Z,40.3,2026-01-30T16:37:00Z,3,2026-01-30T16:17:00Z,41.4,2026-01-29T21:07:00Z,0,2026-02-09T11:56:00Z,0,2026-02-01T12:14:00Z
TX2-00523,2026-01-30T17:00:00Z,1,55.34,2026-01-30T17:00:00Z,64.6,2026-01-30T11:09:00Z,33.2,2026-01-30T16:45:00Z,5,2026-01-30T16:54:00Z,36.1,2026-01-30T14:40:00Z,0,2026-02-04T16:02:00Z,2,2026-02-01T17:32:00Z
TX2-00524,2026-01-30T17:02:00Z,0,34.45,2026-01-30T17:02:00Z,57.7,2026-01-30T16:44:00Z,26.3,2026-01-30T16:50:00Z,1,2026-01-30T16:04:00Z,24.7,2026-01-30T09:59:00Z,0,2026-02-09T03:05:00Z,0,2026-02-02T16:49:00Z
TX2-00525,2026-01-30T18:06:00Z,0,27.7,2026-01-30T18:06:00Z,57.9,2026-01-30T12:31:00Z,34.0,2026-01-30T17:42:00Z,0,2026-01-30T17:36:00Z,15.1,2026-01-30T15:40:00Z,0,2026-02-02T21:58:00Z,0,2026-02-02T14:10:00Z
TX2-00526,2026-01-30T19:33:00Z,0,83.04,2026-01-30T19:33:00Z,37.4,2026-01-30T13:58:00Z,37.9,2026-01-30T19:30:00Z,1,2026-01-30T18:37:00Z,43.0,2026-01-30T02:53:00Z,0,2026-02-05T10:24:00Z,0,2026-02-01T15:15:00Z
TX2-00527,2026-01-30T22:40:00Z,0,75.63,2026-01-30T22:40:00Z,53.9,2026-01-30T17:12:00Z,43.9,2026-01-30T22:36:00Z,2,2026-01-30T22:18:00Z,33.9,2026-01-30T13:45:00Z,0,2026-02-03T00:32:00Z,0,2026-02-01T04:20:00Z
TX2-00528,2026-01-30T23:20:00Z,0,42.33,2026-01-30T23:20:00Z,59.9,2026-01-30T22:10:00Z,29.9,2026-01-30T22:57:00Z,3,2026-01-30T22:30:00Z,25.6,2026-01-30T06:09:00Z,0,2026-02-04T21:10:00Z,0,2026-02-02T01:38:00Z
TX2-00529,2026-01-31T00:45:00Z,0,71.93,2026-01-31T00:45:00Z,72.1,2026-01-30T21:45:00Z,51.7,2026-01-31T00:42:00Z,1,2026-01-31T00:06:00Z,32.7,2026-01-30T11:06:00Z,0,2026-02-06T19:27:00Z,0,2026-02-01T14:58:00Z
TX2-00530,2026-01-31T01:39:00Z,1,49.75,2026-01-31T01:39:00Z,51.9,2026-01-31T00:44:00Z,48.8,2026-01-31T01:24:00Z,4,2026-01-31T01:33:00Z,33.6,2026-01-30T07:49:00Z,1,2026-02-06T09:58:00Z,0,2026-02-01T22:10:00Z
TX2-00531,2026-01-31T01:54:00Z,0,61.9,2026-01-31T01:54:00Z,42.1,2026-01-30T21:39:00Z,57.6,2026-01-31T01:45:00Z,3,2026-01-31T01:24:00Z,29.3,2026-01-31T02:58:00Z,0,2026-02-08T00:47:00Z,0,2026-02-01T13:21:00Z
TX2-00532,2026-01-31T02:21:00Z,0,108.41,2026-01-31T02:21:00Z,53.7,2026-01-31T01:12:00Z,39.4,2026-01-31T01:55:00Z,1,2026-01-31T01:59:00Z,29.2,2026-01-30T17:28:00Z,0,2026-02-03T16:53:00Z,2,2026-02-01T07:48:00Z
TX2-00533,2026-01-31T03:45:00Z,0,170.55,2026-01-31T03:45:00Z,52.6,2026-01-31T00:29:00Z,42.7,2026-01-31T03:43:00Z,6,2026-01-31T02:57:00Z,25.1,2026-01-30T08:17:00Z,1,2026-02-04T06:01:00Z,0,2026-02-01T04:11:00Z
TX2-00534,2026-01-31T03:59:00Z,0,205.01,2026-01-31T03:59:00Z,36.4,2026-01-30T22:25:00Z,25.1,2026-01-31T03:33:00Z,2,2026-01-31T03:45:00Z,17.9,2026-01-30T18:02:00Z,0,2026-02-04T13:23:00Z,2,2026-02-01T11:58:00Z
TX2-00535,2026-01-31T06:15:00Z,0,23.45,2026-01-31T06:15:00Z,67.4,2026-01-31T05:29:00Z,36.3,2026-01-31T06:10:00Z,3,2026-01-31T05:39:00Z,39.9,2026-01-30T20:37:00Z,0,2026-02-04T00:36:00Z,1,2026-02-01T07:35:00Z
TX2-00536,2026-01-31T09:09:00Z,0,61.14,2026-01-31T09:09:00Z,51.5,2026-01-31T05:02:00Z,61.8,2026-01-31T08:57:00Z,2,2026-01-31T08:18:00Z,30.2,2026-01-30T22:33:00Z,0,2026-02-03T16:07:00Z,0,2026-02-02T19:06:00Z
TX2-00537,2026-01-31T10:59:00Z,0,110.26,2026-01-31T10:59:00Z,61.7,2026-01-31T10:08:00Z,62.4,2026-01-31T10:58:00Z,2,2026-01-31T10:02:00Z,37.1,2026-01-30T21:32:00Z,0,2026-02-06T16:34:00Z,0,2026-02-02T19:16:00Z
TX2-00538,2026-01-31T12:18:00Z,0,311.99,2026-01-31T12:18:00Z,73.7,2026-01-31T06:57:00Z,59.4,2026-01-31T12:01:00Z,2,2026-01-31T11:27:00Z,28.4,2026-01-31T10:13:00Z,0,2026-02-09T21:23:00Z,0,2026-02-02T13:16:00Z
TX2-00539,2026-01-31T17:25:00Z,0,37.8,2026-01-31T17:25:00Z,63.9,2026-01-31T16:58:00Z,42.3,2026-01-31T17:24:00Z,2,2026-01-31T17:15:00Z,25.7,2026-01-31T09:36:00Z,1,2026-02-03T22:25:00Z,0,2026-02-03T14:47:00Z
TX2-00540,2026-01-31T20:42:00Z,0,12.61,2026-01-31T20:42:00Z,31.3,2026-01-31T17:44:00Z,33.0,2026-01-31T20:20:00Z,2,2026-01-31T20:27:00Z,17.2,2026-01-31T13:37:00Z,0,2026-02-09T03:12:00Z,0,2026-02-02T05:59:00Z
TX2-00541,2026-01-31T22:36:00Z,0,141.87,2026-01-31T22:36:00Z,35.4,2026-01-31T19:14:00Z,26.1,2026-01-31T22:29:00Z,2,2026-01-31T22:27:00Z,29.7,2026-01-31T07:10:00Z,0,2026-02-06T09:56:00Z,0,2026-02-03T05:02:00Z
TX2-00542,2026-02-01T00:38:00Z,0,26.38,2026-02-01T00:38:00Z,50.8,2026-02-01T00:02:00Z,26.9,2026-02-01T00:13:00Z,2,2026-02-01T00:31:00Z,27.2,2026-01-31T23:36:00Z,0,2026-02-08T05:08:00Z,0,2026-02-03T20:18:00Z
TX2-00543,2026-02-01T02:31:00Z,0,65.49,2026-02-01T02:31:00Z,25.1,2026-01-31T23:29:00Z,36.9,2026-02-01T02:19:00Z,2,2026-02-01T02:30:00Z,7.8,2026-02-01T07:11:00Z,0,2026-02-06T07:13:00Z,0,2026-02-02T19:26:00Z
TX2-00544,2026-02-01T04:31:00Z,0,23.3,2026-02-01T04:31:00Z,48.8,2026-02-01T04:04:00Z,23.0,2026-02-01T04:19:00Z,4,2026-02-01T04:10:00Z,28.7,2026-01-31T10:04:00Z,0,2026-02-06T10:05:00Z,0,2026-02-03T19:52:00Z
TX2-00545,2026-02-01T06:26:00Z,0,61.17,2026-02-01T06:26:00Z,59.3,2026-02-01T02:19:00Z,34.5,2026-02-01T06:05:00Z,4,2026-02-01T05:33:00Z,23.9,2026-01-31T10:48:00Z,0,2026-02-10T10:49:00Z,1,2026-02-03T06:58:00Z
TX2-00546,2026-02-01T09:15:00Z,1,17.53,2026-02-01T09:15:00Z,45.4,2026-02-01T04:29:00Z,47.8,2026-02-01T09:12:00Z,3,2026-02-01T08:42:00Z,28.8,2026-01-31T21:11:00Z,1,2026-02-07T12:19:00Z,2,2026-02-03T11:56:00Z
TX2-00547,2026-02-01T09:44:00Z,1,96.5,2026-02-01T09:44:00Z,54.5,2026-02-01T08:23:00Z,50.7,2026-02-01T09:25:00Z,4,2026-02-01T08:49:00Z,42.6,2026-01-31T16:21:00Z,1,2026-02-07T01:51:00Z,2,2026-02-02T18:51:00Z
TX2-00548,2026-02-01T09:50:00Z,0,15.98,2026-02-01T09:50:00Z,56.4,2026-02-01T08:52:00Z,43.1,2026-02-01T09:36:00Z,4,2026-02-01T08:58:00Z,26.6,2026-01-31T15:43:00Z,0,2026-02-08T18:55:00Z,1,2026-02-02T22:13:00Z
TX2-00549,2026-02-01T10:53:00Z,0,21.95,2026-02-01T10:53:00Z,62.2,2026-02-01T09:37:00Z,53.5,2026-02-01T10:35:00Z,4,2026-02-01T09:55:00Z,36.3,2026-02-01T09:24:00Z,1,2026-02-06T14:45:00Z,0,2026-02-02T16:36:00Z
TX2-00550,2026-02-01T11:09:00Z,0,26.87,2026-02-01T11:09:00Z,39.3,2026-02-01T07:31:00Z,28.4,2026-02-01T10:46:00Z,3,2026-02-01T11:00:00Z,42.0,2026-02-01T06:51:00Z,0,2026-02-06T12:35:00Z,0,2026-02-02T20:32:00Z
TX2-00551,2026-02-01T11:45:00Z,0,21.16,2026-02-01T11:45:00Z,54.5,2026-02-01T08:09:00Z,37.6,2026-02-01T11:39:00Z,1,2026-02-01T11:17:00Z,12.5,2026-01-31T20:31:00Z,0,2026-02-08T12:32:00Z,0,2026-02-04T10:32:00Z
TX2-00552,2026-02-01T11:51:00Z,0,37.87,2026-02-01T11:51:00Z,63.6,2026-02-01T06:03:00Z,45.3,2026-02-01T11:34:00Z,0,2026-02-01T11:24:00Z,26.3,2026-02-01T04:52:00Z,0,2026-02-10T09:44:00Z,0,2026-02-02T22:31:00Z
TX2-00553,2026-02-01T13:09:00Z,0,12.87,2026-02-01T13:09:00Z,44.8,2026-02-01T10:30:00Z,40.7,2026-02-01T13:06:00Z,6,2026-02-01T12:46:00Z,35.6,2026-02-01T11:44:00Z,0,2026-02-08T14:10:00Z,0,2026-02-02T22:06:00Z
TX2-00554,2026-02-01T21:29:00Z,0,53.07,2026-02-01T21:29:00Z,52.8,2026-02-01T16:15:00Z,34.1,2026-02-01T21:07:00Z,0,2026-02-01T20:48:00Z,23.8,2026-02-01T18:00:00Z,0,2026-02-06T23:31:00Z,0,2026-02-04T03:00:00Z
TX2-00555,2026-02-02T06:04:00Z,0,53.25,2026-02-02T06:04:00Z,42.2,2026-02-02T00:11:00Z,45.0,2026-02-02T05:42:00Z,4,2026-02-02T05:39:00Z,23.4,2026-02-01T20:57:00Z,0,2026-02-11T22:39:00Z,0,2026-02-03T09:44:00Z
TX2-00556,2026-02-02T06:29:00Z,0,39.34,2026-02-02T06:29:00Z,56.0,2026-02-02T02:15:00Z,51.1,2026-02-02T06:05:00Z,4,2026-02-02T06:03:00Z,40.4,2026-02-01T22:22:00Z,0,2026-02-07T10:37:00Z,2,2026-02-04T07:59:00Z
TX2-00557,2026-02-02T08:40:00Z,0,26.71,2026-02-02T08:40:00Z,61.7,2026-02-02T06:19:00Z,40.8,2026-02-02T08:28:00Z,3,2026-02-02T07:47:00Z,34.6,2026-02-02T13:27:00Z,0,2026-02-11T21:21:00Z,0,2026-02-04T07:12:00Z
TX2-00558,2026-02-02T09:24:00Z,0,13.86,2026-02-02T09:24:00Z,55.7,2026-02-02T06:22:00Z,33.2,2026-02-02T09:03:00Z,2,2026-02-02T09:13:00Z,44.6,2026-02-02T10:45:00Z,0,2026-02-06T03:26:00Z,0,2026-02-04T23:30:00Z
TX2-00559,2026-02-02T10:06:00Z,0,212.95,2026-02-02T10:06:00Z,65.2,2026-02-02T07:45:00Z,40.9,2026-02-02T09:50:00Z,4,2026-02-02T09:12:00Z,25.0,2026-02-02T07:48:00Z,0,2026-02-07T08:05:00Z,0,2026-02-04T20:18:00Z
TX2-00560,2026-02-02T11:48:00Z,0,35.72,2026-02-02T11:48:00Z,62.2,2026-02-02T07:48:00Z,30.1,2026-02-02T11:41:00Z,1,2026-02-02T11:34:00Z,41.2,2026-02-02T20:22:00Z,0,2026-02-08T16:09:00Z,0,2026-02-03T18:40:00Z
TX2-00561,2026-02-02T13:10:00Z,0,55.18,2026-02-02T13:10:00Z,58.0,2026-02-02T09:20:00Z,35.6,2026-02-02T13:05:00Z,3,2026-02-02T12:37:00Z,29.9,2026-02-01T20:55:00Z,0,2026-02-08T22:50:00Z,0,2026-02-05T07:53:00Z
TX2-00562,2026-02-02T16:08:00Z,0,27.18,2026-02-02T16:08:00Z,46.1,2026-02-02T12:15:00Z,46.6,2026-02-02T15:53:00Z,2,2026-02-02T15:19:00Z,37.7,2026-02-02T04:23:00Z,0,2026-02-10T21:09:00Z,0,2026-02-05T12:47:00Z
TX2-00563,2026-02-02T18:08:00Z,0,46.09,2026-02-02T18:08:00Z,54.7,2026-02-02T17:55:00Z,44.2,2026-02-02T17:44:00Z,2,2026-02-02T17:12:00Z,36.6,2026-02-03T02:08:00Z,0,2026-02-07T20:23:00Z,0,2026-02-04T16:16:00Z
TX2-00564,2026-02-02T19:04:00Z,0,187.16,2026-02-02T19:04:00Z,34.5,2026-02-02T14:53:00Z,30.8,2026-02-02T18:42:00Z,2,2026-02-02T18:32:00Z,24.7,2026-02-02T09:08:00Z,0,2026-02-06T11:36:00Z,0,2026-02-04T12:39:00Z
TX2-00565,2026-02-02T19:09:00Z,0,63.2,2026-02-02T19:09:00Z,37.6,2026-02-02T15:02:00Z,61.7,2026-02-02T18:45:00Z,2,2026-02-02T18:40:00Z,33.2,2026-02-02T04:20:00Z,0,2026-02-12T06:28:00Z,0,2026-02-04T11:25:00Z
TX2-00566,2026-02-02T20:05:00Z,1,136.98,2026-02-02T20:05:00Z,50.4,2026-02-02T18:00:00Z,48.9,2026-02-02T19:55:00Z,2,2026-02-02T19:45:00Z,28.5,2026-02-02T10:49:00Z,0,2026-02-06T18:52:00Z,2,2026-02-04T21:43:00Z
TX2-00567,2026-02-02T22:35:00Z,0,43.03,2026-02-02T22:35:00Z,34.7,2026-02-02T20:37:00Z,28.7,2026-02-02T22:21:00Z,1,2026-02-02T22:23:00Z,26.1,2026-02-02T12:53:00Z,0,2026-02-08T11:31:00Z,0,2026-02-05T02:02:00Z
TX2-00568,2026-02-02T23:30:00Z,0,24.42,2026-02-02T23:30:00Z,55.1,2026-02-02T19:33:00Z,44.7,2026-02-02T23:13:00Z,3,2026-02-02T22:51:00Z,22.1,2026-02-02T16:47:00Z,0,2026-02-11T05:05:00Z,0,2026-02-04T19:39:00Z
TX2-00569,2026-02-03T00:59:00Z,1,31.2,2026-02-03T00:59:00Z,40.7,2026-02-02T20:53:00Z,46.5,2026-02-03T00:38:00Z,1,2026-02-03T00:00:00Z,25.7,2026-02-02T21:51:00Z,0,2026-02-08T00:45:00Z,2,2026-02-05T15:32:00Z
TX2-00570,2026-02-03T01:46:00Z,0,96.33,2026-02-03T01:46:00Z,63.1,2026-02-02T20:21:00Z,17.6,2026-02-03T01:41:00Z,4,2026-02-03T01:00:00Z,27.9,2026-02-02T19:37:00Z,0,2026-02-07T09:24:00Z,0,2026-02-04T13:07:00Z
TX2-00571,2026-02-03T01:55:00Z,1,142.08,2026-02-03T01:55:00Z,56.2,2026-02-02T22:40:00Z,60.7,2026-02-03T01:35:00Z,2,2026-02-03T01:47:00Z,39.1,2026-02-02T22:15:00Z,1,2026-02-07T02:29:00Z,1,2026-02-04T14:19:00Z
TX2-00572,2026-02-03T02:41:00Z,0,27.48,2026-02-03T02:41:00Z,51.8,2026-02-03T01:30:00Z,37.7,2026-02-03T02:27:00Z,3,2026-02-03T02:18:00Z,30.5,2026-02-02T09:44:00Z,0,2026-02-07T22:45:00Z,0,2026-02-04T21:33:00Z
TX2-00573,2026-02-03T06:42:00Z,1,245.41,2026-02-03T06:42:00Z,51.3,2026-02-03T02:46:00Z,39.9,2026-02-03T06:41:00Z,2,2026-02-03T06:24:00Z,38.1,2026-02-03T04:52:00Z,1,2026-02-09T11:21:00Z,2,2026-02-04T08:42:00Z
TX2-00574,2026-02-03T08:26:00Z,0,22.66,2026-02-03T08:26:00Z,36.9,2026-02-03T07:39:00Z,53.5,2026-02-03T08:04:00Z,2,2026-02-03T07:36:00Z,25.8,2026-02-02T21:33:00Z,0,2026-02-12T18:42:00Z,0,2026-02-05T02:23:00Z
TX2-00575,2026-02-03T08:31:00Z,0,41.27,2026-02-03T08:31:00Z,66.0,2026-02-03T08:10:00Z,45.7,2026-02-03T08:19:00Z,6,2026-02-03T08:24:00Z,25.8,2026-02-02T20:29:00Z,0,2026-02-10T18:49:00Z,0,2026-02-05T14:02:00Z
TX2-00576,2026-02-03T09:29:00Z,0,72.68,2026-02-03T09:29:00Z,62.6,2026-02-03T07:52:00Z,48.9,2026-02-03T09:13:00Z,1,2026-02-03T09:02:00Z,32.6,2026-02-02T13:48:00Z,0,2026-02-12T22:34:00Z,0,2026-02-05T14:05:00Z
TX2-00577,2026-02-03T10:01:00Z,0,45.83,2026-02-03T10:01:00Z,60.4,2026-02-03T06:24:00Z,25.9,2026-02-03T09:40:00Z,4,2026-02-03T09:03:00Z,28.6,2026-02-03T05:32:00Z,0,2026-02-06T12:18:00Z,0,2026-02-05T20:29:00Z
TX2-00578,2026-02-03T10:38:00Z,0,76.12,2026-02-03T10:38:00Z,48.0,2026-02-03T10:15:00Z,51.3,2026-02-03T10:36:00Z,2,2026-02-03T09:42:00Z,38.9,2026-02-02T19:39:00Z,0,2026-02-11T17:45:00Z,0,2026-02-05T20:35:00Z
TX2-00579,2026-02-03T13:07:00Z,0,41.23,2026-02-03T13:07:00Z,56.2,2026-02-03T08:07:00Z,35.4,2026-02-03T12:51:00Z,1,2026-02-03T12:10:00Z,22.6,2026-02-02T21:50:00Z,0,2026-02-08T18:32:00Z,0,2026-02-04T18:58:00Z
TX2-00580,2026-02-03T13:53:00Z,0,20.01,2026-02-03T13:53:00Z,35.8,2026-02-03T12:24:00Z,55.3,2026-02-03T13:31:00Z,2,2026-02-03T13:08:00Z,27.6,2026-02-02T18:59:00Z,0,2026-02-13T03:19:00Z,0,2026-02-05T20:53:00Z
TX2-00581,2026-02-03T14:02:00Z,0,24.62,2026-02-03T14:02:00Z,28.2,2026-02-03T13:53:00Z,32.0,2026-02-03T13:36:00Z,0,2026-02-03T13:48:00Z,29.4,2026-02-02T23:03:00Z,0,2026-02-10T13:15:00Z,0,2026-02-05T15:54:00Z
TX2-00582,2026-02-03T14:28:00Z,0,124.28,2026-02-03T14:28:00Z,26.3,2026-02-03T14:04:00Z,39.4,2026-02-03T14:27:00Z,2,2026-02-03T13:29:00Z,12.2,2026-02-03T05:07:00Z,0,2026-02-11T16:46:00Z,0,2026-02-05T23:05:00Z
TX2-00583,2026-02-03T15:24:00Z,0,43.24,2026-02-03T15:24:00Z,48.7,2026-02-03T09:31:00Z,45.3,2026-02-03T15:00:00Z,2,2026-02-03T15:20:00Z,26.0,2026-02-03T12:58:00Z,0,2026-02-11T02:14:00Z,0,2026-02-06T00:10:00Z
TX2-00584,2026-02-03T15:55:00Z,0,51.9,2026-02-03T15:55:00Z,46.9,2026-02-03T13:41:00Z,33.1,2026-02-03T15:50:00Z,2,2026-02-03T15:40:00Z,35.8,2026-02-03T08:01:00Z,0,2026-02-09T06:51:00Z,0,2026-02-05T01:58:00Z
TX2-00585,2026-02-03T16:37:00Z,0,49.22,2026-02-03T16:37:00Z,52.0,2026-02-03T15:55:00Z,30.7,2026-02-03T16:21:00Z,2,2026-02-03T15:53:00Z,36.2,2026-02-03T01:51:00Z,0,2026-02-06T21:37:00Z,0,2026-02-05T03:21:00Z
TX2-00586,2026-02-03T17:44:00Z,0,8.22,2026-02-03T17:44:00Z,35.4,2026-02-03T15:40:00Z,54.0,2026-02-03T17:18:00Z,1,2026-02-03T17:35:00Z,34.6,2026-02-03T20:48:00Z,0,2026-02-07T03:23:00Z,0,2026-02-05T08:02:00Z
TX2-00587,2026-02-03T18:37:00Z,0,50.57,2026-02-03T18:37:00Z,16.8,2026-02-03T14:47:00Z,49.3,2026-02-03T18:33:00Z,1,2026-02-03T18:23:00Z,40.0,2026-02-03T02:32:00Z,0,2026-02-09T08:46:00Z,0,2026-02-05T02:36:00Z
TX2-00588,2026-02-03T20:07:00Z,0,31.95,2026-02-03T20:07:00Z,51.5,2026-02-03T14:40:00Z,52.8,2026-02-03T19:54:00Z,5,2026-02-03T19:39:00Z,17.7,2026-02-03T05:20:00Z,0,2026-02-07T21:18:00Z,0,2026-02-05T16:19:00Z
TX2-00589,2026-02-03T23:09:00Z,1,32.43,2026-02-03T23:09:00Z,60.3,2026-02-03T19:03:00Z,37.3,2026-02-03T22:40:00Z,1,2026-02-03T22:57:00Z,31.4,2026-02-03T16:23:00Z,1,2026-02-12T01:51:00Z,2,2026-02-06T09:41:00Z
TX2-00590,2026-02-04T01:21:00Z,0,45.46,2026-02-04T01:21:00Z,60.3,2026-02-04T00:54:00Z,-0.4,2026-02-04T01:07:00Z,3,2026-02-04T00:28:00Z,41.0,2026-02-03T10:21:00Z,0,2026-02-10T01:59:00Z,0,2026-02-06T07:34:00Z
TX2-00591,2026-02-04T02:44:00Z,0,98.87,2026-02-04T02:44:00Z,35.3,2026-02-03T23:07:00Z,35.8,2026-02-04T02:29:00Z,0,2026-02-04T02:26:00Z,32.6,2026-02-04T10:39:00Z,0,2026-02-12T10:31:00Z,2,2026-02-06T04:43:00Z
TX2-00592,2026-02-04T08:15:00Z,0,53.27,2026-02-04T08:15:00Z,54.5,2026-02-04T04:58:00Z,26.8,2026-02-04T08:00:00Z,0,2026-02-04T08:02:00Z,36.7,2026-02-03T13:21:00Z,0,2026-02-10T12:49:00Z,0,2026-02-05T17:15:00Z
TX2-00593,2026-02-04T08:16:00Z,0,77.53,2026-02-04T08:16:00Z,53.4,2026-02-04T07:58:00Z,41.1,2026-02-04T07:53:00Z,1,2026-02-04T08:15:00Z,25.2,2026-02-03T20:07:00Z,0,2026-02-13T13:10:00Z,0,2026-02-06T23:22:00Z
TX2-00594,2026-02-04T09:53:00Z,0,68.21,2026-02-04T09:53:00Z,66.3,2026-02-04T07:27:00Z,48.3,2026-02-04T09:27:00Z,2,2026-02-04T09:22:00Z,29.5,2026-02-04T02:39:00Z,0,2026-02-13T12:04:00Z,0,2026-02-06T04:18:00Z
TX2-00595,2026-02-04T10:49:00Z,0,25.37,2026-02-04T10:49:00Z,31.6,2026-02-04T07:48:00Z,43.3,2026-02-04T10:43:00Z,4,2026-02-04T10:14:00Z,24.0,2026-02-03T15:47:00Z,0,2026-02-07T22:52:00Z,0,2026-02-07T01:42:00Z
TX2-00596,2026-02-04T10:54:00Z,0,21.1,2026-02-04T10:54:00Z,43.4,2026-02-04T10:23:00Z,43.9,2026-02-04T10:36:00Z,2,2026-02-04T10:38:00Z,39.0,2026-02-04T18:18:00Z,0,2026-02-10T21:45:00Z,1,2026-02-06T04:54:00Z
TX2-00597,2026-02-04T14:03:00Z,0,62.93,2026-02-04T14:03:00Z,60.8,2026-02-04T08:28:00Z,46.1,2026-02-04T13:38:00Z,7,2026-02-04T13:25:00Z,39.8,2026-02-03T22:43:00Z,0,2026-02-08T07:43:00Z,1,2026-02-07T03:59:00Z
TX2-00598,2026-02-04T14:21:00Z,0,72.07,2026-02-04T14:21:00Z,31.5,2026-02-04T11:56:00Z,43.7,2026-02-04T14:12:00Z,2,2026-02-04T14:01:00Z,40.7,2026-02-04T07:03:00Z,1,2026-02-09T17:49:00Z,0,2026-02-07T11:14:00Z
TX2-00599,2026-02-04T14:40:00Z,0,22.86,2026-02-04T14:40:00Z,32.4,2026-02-04T14:13:00Z,49.8,2026-02-04T14:39:00Z,1,2026-02-04T13:58:00Z,14.6,2026-02-04T02:50:00Z,0,2026-02-11T15:27:00Z,0,2026-02-07T12:59:00Z
TX2-00600,2026-02-04T17:21:00Z,0,68.08,2026-02-04T17:21:00Z,56.3,2026-02-04T16:31:00Z,39.2,2026-02-04T17:10:00Z,3,2026-02-04T17:08:00Z,22.4,2026-02-04T10:28:00Z,0,2026-02-13T07:44:00Z,0,2026-02-06T23:39:00Z
TX2-00601,2026-02-04T19:20:00Z,0,265.29,2026-02-04T19:20:00Z,51.1,2026-02-04T16:21:00Z,56.5,2026-02-04T18:55:00Z,4,2026-02-04T18:24:00Z,24.0,2026-02-04T16:58:00Z,0,2026-02-10T08:20:00Z,0,2026-02-07T11:00:00Z
TX2-00602,2026-02-04T20:24:00Z,0,65.45,2026-02-04T20:24:00Z,38.1,2026-02-04T18:32:00Z,47.1,2026-02-04T19:56:00Z,1,2026-02-04T20:15:00Z,12.9,2026-02-04T18:43:00Z,0,2026-02-09T17:19:00Z,0,2026-02-06T03:14:00Z
TX2-00603,2026-02-05T01:19:00Z,0,27.96,2026-02-05T01:19:00Z,30.5,2026-02-04T22:47:00Z,62.6,2026-02-05T01:05:00Z,3,2026-02-05T00:30:00Z,28.3,2026-02-05T07:55:00Z,0,2026-02-10T14:34:00Z,0,2026-02-07T12:07:00Z
TX2-00604,2026-02-05T02:40:00Z,0,14.84,2026-02-05T02:40:00Z,33.3,2026-02-05T00:19:00Z,53.6,2026-02-05T02:39:00Z,1,2026-02-05T01:59:00Z,43.0,2026-02-04T14:12:00Z,0,2026-02-14T05:37:00Z,0,2026-02-07T17:11:00Z
TX2-00605,2026-02-05T05:57:00Z,0,64.29,2026-02-05T05:57:00Z,37.9,2026-02-05T03:13:00Z,33.6,2026-02-05T05:54:00Z,2,2026-02-05T05:48:00Z,29.9,2026-02-05T03:48:00Z,0,2026-02-12T23:32:00Z,0,2026-02-07T05:14:00Z
TX2-00606,2026-02-05T08:47:00Z,0,97.68,2026-02-05T08:47:00Z,52.9,2026-02-05T06:06:00Z,43.1,2026-02-05T08:28:00Z,2,2026-02-05T07:58:00Z,24.6,2026-02-04T23:55:00Z,0,2026-02-08T12:58:00Z,0,2026-02-07T00:30:00Z
TX2-00607,2026-02-05T08:53:00Z,1,25.85,2026-02-05T08:53:00Z,58.7,2026-02-05T05:12:00Z,54.6,2026-02-05T08:31:00Z,3,2026-02-05T08:36:00Z,30.2,2026-02-05T04:21:00Z,1,2026-02-09T02:49:00Z,2,2026-02-08T00:34:00Z
TX2-00608,2026-02-05T10:29:00Z,0,40.72,2026-02-05T10:29:00Z,43.5,2026-02-05T09:53:00Z,47.2,2026-02-05T10:00:00Z,1,2026-02-05T10:03:00Z,28.4,2026-02-05T04:38:00Z,0,2026-02-09T01:27:00Z,0,2026-02-06T16:05:00Z
TX2-00609,2026-02-05T11:32:00Z,0,15.02,2026-02-05T11:32:00Z,49.7,2026-02-05T05:58:00Z,37.6,2026-02-05T11:06:00Z,4,2026-02-05T10:44:00Z,34.9,2026-02-04T21:37:00Z,0,2026-02-11T07:41:00Z,0,2026-02-07T06:43:00Z
TX2-00610,2026-02-05T13:02:00Z,0,52.49,2026-02-05T13:02:00Z,64.1,2026-02-05T11:08:00Z,31.9,2026-02-05T12:49:00Z,3,2026-02-05T12:16:00Z,30.2,2026-02-04T23:49:00Z,0,2026-02-09T07:03:00Z,0,2026-02-08T12:50:00Z
TX2-00611,2026-02-05T13:51:00Z,0,227.36,2026-02-05T13:51:00Z,30.5,2026-02-05T08:16:00Z,43.9,2026-02-05T13:28:00Z,1,2026-02-05T13:13:00Z,34.2,2026-02-04T22:00:00Z,0,2026-02-09T19:38:00Z,0,2026-02-08T12:56:00Z
TX2-00612,2026-02-05T14:05:00Z,0,30.14,2026-02-05T14:05:00Z,55.8,2026-02-05T08:08:00Z,45.2,2026-02-05T14:00:00Z,2,2026-02-05T13:07:00Z,31.4,2026-02-04T23:53:00Z,0,2026-02-10T19:30:00Z,0,2026-02-07T18:23:00Z
TX2-00613,2026-02-05T14:56:00Z,1,103.22,2026-02-05T14:56:00Z,50.2,2026-02-05T09:58:00Z,35.6,2026-02-05T14:47:00Z,3,2026-02-05T14:37:00Z,41.3,2026-02-05T03:14:00Z,1,2026-02-13T13:39:00Z,2,2026-02-07T20:33:00Z
TX2-00614,2026-02-05T15:37:00Z,0,36.09,2026-02-05T15:37:00Z,66.5,2026-02-05T12:13:00Z,36.6,2026-02-05T15:34:00Z,3,2026-02-05T15:29:00Z,38.4,2026-02-05T11:32:00Z,0,2026-02-14T18:52:00Z,0,2026-02-07T10:48:00Z
TX2-00615,2026-02-05T16:36:00Z,0,39.0,2026-02-05T16:36:00Z,45.6,2026-02-05T11:32:00Z,38.4,2026-02-05T16:06:00Z,3,2026-02-05T16:02:00Z,21.9,2026-02-05T08:59:00Z,0,2026-02-13T20:10:00Z,0,2026-02-07T20:22:00Z
TX2-00616,2026-02-05T17:06:00Z,1,40.03,2026-02-05T17:06:00Z,52.3,2026-02-05T12:08:00Z,37.1,2026-02-05T17:01:00Z,3,2026-02-05T16:14:00Z,27.1,2026-02-05T15:08:00Z,1,2026-02-11T14:37:00Z,2,2026-02-07T18:06:00Z
TX2-00617,2026-02-05T17:23:00Z,0,246.74,2026-02-05T17:23:00Z,42.4,2026-02-05T12:13:00Z,51.8,2026-02-05T17:15:00Z,2,2026-02-05T17:14:00Z,29.6,2026-02-05T22:29:00Z,0,2026-02-12T04:24:00Z,1,2026-02-08T16:32:00Z
TX2-00618,2026-02-05T18:31:00Z,0,54.07,2026-02-05T18:31:00Z,58.5,2026-02-05T18:27:00Z,33.1,2026-02-05T18:14:00Z,0,2026-02-05T18:07:00Z,21.0,2026-02-05T04:52:00Z,0,2026-02-13T15:24:00Z,0,2026-02-07T12:34:00Z
TX2-00619,2026-02-05T21:03:00Z,0,47.54,2026-02-05T21:03:00Z,39.5,2026-02-05T17:02:00Z,40.1,2026-02-05T20:35:00Z,3,2026-02-05T20:37:00Z,37.8,2026-02-05T19:03:00Z,0,2026-02-13T13:22:00Z,0,2026-02-08T03:15:00Z
TX2-00620,2026-02-05T22:02:00Z,0,37.43,2026-02-05T22:02:00Z,43.0,2026-02-05T19:13:00Z,36.8,2026-02-05T21:34:00Z,1,2026-02-05T21:05:00Z,50.9,2026-02-05T11:06:00Z,0,2026-02-09T12:08:00Z,0,2026-02-07T14:43:00Z
TX2-00621,2026-02-06T02:08:00Z,1,23.71,2026-02-06T02:08:00Z,47.5,2026-02-05T22:06:00Z,39.9,2026-02-06T01:52:00Z,3,2026-02-06T01:14:00Z,32.3,2026-02-05T10:34:00Z,0,2026-02-09T12:42:00Z,2,2026-02-08T06:21:00Z
TX2-00622,2026-02-06T02:13:00Z,0,144.47,2026-02-06T02:13:00Z,38.3,2026-02-06T00:05:00Z,39.9,2026-02-06T02:08:00Z,0,2026-02-06T01:52:00Z,20.8,2026-02-06T00:50:00Z,0,2026-02-15T21:45:00Z,0,2026-02-08T04:52:00Z
TX2-00623,2026-02-06T02:19:00Z,0,415.7,2026-02-06T02:19:00Z,52.8,2026-02-05T21:19:00Z,56.3,2026-02-06T02:14:00Z,5,2026-02-06T01:53:00Z,27.2,2026-02-05T09:18:00Z,0,2026-02-14T14:56:00Z,0,2026-02-07T17:12:00Z
TX2-00624,2026-02-06T02:50:00Z,0,18.32,2026-02-06T02:50:00Z,40.4,2026-02-06T02:29:00Z,27.5,2026-02-06T02:22:00Z,1,2026-02-06T02:27:00Z,23.6,2026-02-06T08:48:00Z,0,2026-02-15T18:15:00Z,0,2026-02-08T20:57:00Z
TX2-00625,2026-02-06T03:18:00Z,0,249.57,2026-02-06T03:18:00Z,41.7,2026-02-06T00:20:00Z,35.3,2026-02-06T03:07:00Z,2,2026-02-06T03:04:00Z,45.2,2026-02-05T18:47:00Z,0,2026-02-09T11:52:00Z,0,2026-02-07T21:11:00Z
TX2-00626,2026-02-06T04:13:00Z,0,32.39,2026-02-06T04:13:00Z,63.4,2026-02-06T00:11:00Z,28.7,2026-02-06T04:03:00Z,3,2026-02-06T04:08:00Z,29.1,2026-02-05T19:59:00Z,0,2026-02-12T00:37:00Z,1,2026-02-08T02:33:00Z
TX2-00627,2026-02-06T04:31:00Z,1,82.58,2026-02-06T04:31:00Z,51.5,2026-02-06T01:07:00Z,41.6,2026-02-06T04:17:00Z,2,2026-02-06T03:57:00Z,15.2,2026-02-05T09:12:00Z,1,2026-02-15T07:48:00Z,1,2026-02-08T00:48:00Z
TX2-00628,2026-02-06T04:46:00Z,1,26.98,2026-02-06T04:46:00Z,59.4,2026-02-05T22:48:00Z,50.9,2026-02-06T04:28:00Z,3,2026-02-06T04:39:00Z,23.8,2026-02-05T19:25:00Z,1,2026-02-11T11:35:00Z,1,2026-02-08T12:20:00Z
TX2-00629,2026-02-06T05:36:00Z,0,35.78,2026-02-06T05:36:00Z,51.4,2026-02-06T00:54:00Z,52.6,2026-02-06T05:09:00Z,2,2026-02-06T05:30:00Z,42.5,2026-02-06T04:22:00Z,0,2026-02-15T17:22:00Z,0,2026-02-08T18:25:00Z
TX2-00630,2026-02-06T07:11:00Z,0,219.27,2026-02-06T07:11:00Z,50.8,2026-02-06T03:25:00Z,34.2,2026-02-06T06:53:00Z,7,2026-02-06T06:40:00Z,29.5,2026-02-06T11:06:00Z,0,2026-02-14T00:55:00Z,0,2026-02-09T06:43:00Z
TX2-00631,2026-02-06T07:41:00Z,0,28.54,2026-02-06T07:41:00Z,59.4,2026-02-06T06:47:00Z,37.8,2026-02-06T07:32:00Z,1,2026-02-06T06:50:00Z,33.2,2026-02-06T04:59:00Z,0,2026-02-14T05:30:00Z,0,2026-02-07T13:24:00Z
TX2-00632,2026-02-06T08:19:00Z,0,117.22,2026-02-06T08:19:00Z,46.2,2026-02-06T04:26:00Z,32.5,2026-02-06T07:58:00Z,2,2026-02-06T08:08:00Z,34.2,2026-02-05T16:32:00Z,0,2026-02-13T21:40:00Z,1,2026-02-08T15:12:00Z
TX2-00633,2026-02-06T09:16:00Z,0,13.82,2026-02-06T09:16:00Z,47.7,2026-02-06T07:12:00Z,41.3,2026-02-06T09:10:00Z,5,2026-02-06T08:17:00Z,27.7,2026-02-05T15:23:00Z,0,2026-02-14T22:14:00Z,0,2026-02-07T21:29:00Z
TX2-00634,2026-02-06T10:02:00Z,0,19.61,2026-02-06T10:02:00Z,39.6,2026-02-06T07:13:00Z,45.4,2026-02-06T10:00:00Z,1,2026-02-06T09:30:00Z,24.7,2026-02-05T23:35:00Z,0,2026-02-12T15:00:00Z,1,2026-02-08T21:38:00Z
TX2-00635,2026-02-06T13:47:00Z,0,20.8,2026-02-06T13:47:00Z,50.9,2026-02-06T09:37:00Z,61.8,2026-02-06T13:37:00Z,2,2026-02-06T13:20:00Z,29.7,2026-02-06T20:22:00Z,0,2026-02-12T04:51:00Z,0,2026-02-08T08:16:00Z
TX2-00636,2026-02-06T15:04:00Z,0,70.09,2026-02-06T15:04:00Z,47.3,2026-02-06T10:50:00Z,42.4,2026-02-06T14:41:00Z,3,2026-02-06T14:42:00Z,19.7,2026-02-05T21:43:00Z,0,2026-02-10T06:47:00Z,0,2026-02-07T15:28:00Z
TX2-00637,2026-02-06T16:49:00Z,0,296.59,2026-02-06T16:49:00Z,37.7,2026-02-06T11:52:00Z,28.9,2026-02-06T16:41:00Z,2,2026-02-06T16:18:00Z,20.6,2026-02-06T03:13:00Z,0,2026-02-13T19:53:00Z,0,2026-02-08T08:22:00Z
TX2-00638,2026-02-06T17:39:00Z,0,13.04,2026-02-06T17:39:00Z,55.3,2026-02-06T14:18:00Z,52.1,2026-02-06T17:34:00Z,2,2026-02-06T17:37:00Z,29.0,2026-02-06T02:17:00Z,0,2026-02-10T12:23:00Z,0,2026-02-08T15:32:00Z
TX2-00639,2026-02-06T18:32:00Z,0,37.84,2026-02-06T18:32:00Z,73.7,2026-02-06T13:17:00Z,53.1,2026-02-06T18:26:00Z,1,2026-02-06T18:09:00Z,31.3,2026-02-06T07:59:00Z,0,2026-02-14T21:34:00Z,0,2026-02-09T06:03:00Z
TX2-00640,2026-02-06T19:06:00Z,0,63.89,2026-02-06T19:06:00Z,51.2,2026-02-06T13:14:00Z,39.6,2026-02-06T18:52:00Z,1,2026-02-06T18:15:00Z,35.5,2026-02-06T00:14:00Z,0,2026-02-10T00:29:00Z,0,2026-02-08T13:23:00Z
TX2-00641,2026-02-06T19:30:00Z,0,31.84,2026-02-06T19:30:00Z,53.2,2026-02-06T18:21:00Z,32.2,2026-02-06T19:04:00Z,6,2026-02-06T18:45:00Z,37.9,2026-02-06T05:03:00Z,0,2026-02-11T15:01:00Z,0,2026-02-08T03:34:00Z
TX2-00642,2026-02-06T21:58:00Z,0,91.78,2026-02-06T21:58:00Z,51.2,2026-02-06T21:40:00Z,42.6,2026-02-06T21:30:00Z,0,2026-02-06T21:35:00Z,42.3,2026-02-06T07:43:00Z,0,2026-02-10T01:06:00Z,0,2026-02-08T03:51:00Z
TX2-00643,2026-02-06T23:18:00Z,0,16.85,2026-02-06T23:18:00Z,32.5,2026-02-06T18:24:00Z,36.3,2026-02-06T22:58:00Z,3,2026-02-06T22:34:00Z,23.2,2026-02-06T13:08:00Z,0,2026-02-11T05:07:00Z,1,2026-02-08T15:08:00Z
TX2-00644,2026-02-07T00:51:00Z,1,88.34,2026-02-07T00:51:00Z,24.5,2026-02-07T00:47:00Z,50.4,2026-02-07T00:26:00Z,6,2026-02-07T00:25:00Z,23.9,2026-02-06T11:43:00Z,1,2026-02-17T00:28:00Z,1,2026-02-09T06:15:00Z
TX2-00645,2026-02-07T01:25:00Z,0,97.14,2026-02-07T01:25:00Z,54.3,2026-02-06T23:02:00Z,36.3,2026-02-07T00:59:00Z,1,2026-02-07T00:29:00Z,33.2,2026-02-06T17:30:00Z,0,2026-02-12T18:16:00Z,1,2026-02-08T04:21:00Z
TX2-00646,2026-02-07T04:31:00Z,0,68.37,2026-02-07T04:31:00Z,33.0,2026-02-06T23:02:00Z,38.3,2026-02-07T04:08:00Z,1,2026-02-07T04:30:00Z,38.9,2026-02-07T11:46:00Z,0,2026-02-13T12:34:00Z,1,2026-02-08T07:41:00Z
TX2-00647,2026-02-07T06:20:00Z,0,9.88,2026-02-07T06:20:00Z,54.7,2026-02-07T06:13:00Z,31.2,2026-02-07T05:52:00Z,3,2026-02-07T05:28:00Z,23.0,2026-02-06T21:36:00Z,0,2026-02-14T20:53:00Z,0,2026-02-09T17:03:00Z
TX2-00648,2026-02-07T07:43:00Z,0,94.63,2026-02-07T07:43:00Z,70.4,2026-02-07T02:54:00Z,52.1,2026-02-07T07:41:00Z,2,2026-02-07T06:54:00Z,33.5,2026-02-06T23:39:00Z,0,2026-02-14T03:01:00Z,0,2026-02-09T06:14:00Z
TX2-00649,2026-02-07T09:11:00Z,0,40.41,2026-02-07T09:11:00Z,53.3,2026-02-07T07:19:00Z,27.0,2026-02-07T08:49:00Z,0,2026-02-07T08:40:00Z,34.5,2026-02-06T20:54:00Z,0,2026-02-12T09:14:00Z,0,2026-02-09T20:58:00Z
TX2-00650,2026-02-07T09:57:00Z,0,30.94,2026-02-07T09:57:00Z,45.6,2026-02-07T07:20:00Z,48.9,2026-02-07T09:50:00Z,0,2026-02-07T09:15:00Z,36.3,2026-02-07T01:24:00Z,0,2026-02-16T19:10:00Z,0,2026-02-08T15:43:00Z
TX2-00651,2026-02-07T11:32:00Z,0,32.18,2026-02-07T11:32:00Z,34.9,2026-02-07T08:21:00Z,31.3,2026-02-07T11:15:00Z,5,2026-02-07T10:40:00Z,16.4,2026-02-06T17:05:00Z,0,2026-02-15T08:27:00Z,0,2026-02-10T04:42:00Z
TX2-00652,2026-02-07T15:44:00Z,0,61.99,2026-02-07T15:44:00Z,59.2,2026-02-07T10:14:00Z,46.2,2026-02-07T15:27:00Z,4,2026-02-07T15:13:00Z,47.9,2026-02-07T12:39:00Z,0,2026-02-12T01:59:00Z,0,2026-02-09T21:34:00Z
TX2-00653,2026-02-07T17:59:00Z,0,112.23,2026-02-07T17:59:00Z,59.6,2026-02-07T14:10:00Z,48.0,2026-02-07T17:31:00Z,2,2026-02-07T17:12:00Z,37.0,2026-02-07T04:12:00Z,0,2026-02-12T08:56:00Z,0,2026-02-09T16:13:00Z
TX2-00654,2026-02-07T18:58:00Z,0,141.45,2026-02-07T18:58:00Z,52.5,2026-02-07T15:57:00Z,41.2,2026-02-07T18:48:00Z,3,2026-02-07T18:23:00Z,31.3,2026-02-07T10:57:00Z,0,2026-02-17T08:05:00Z,0,2026-02-09T09:17:00Z
TX2-00655,2026-02-07T19:25:00Z,0,121.66,2026-02-07T19:25:00Z,36.2,2026-02-07T17:17:00Z,32.2,2026-02-07T19:11:00Z,2,2026-02-07T18:59:00Z,26.3,2026-02-07T22:21:00Z,0,2026-02-16T18:26:00Z,0,2026-02-10T13:16:00Z
TX2-00656,2026-02-07T21:05:00Z,0,54.7,2026-02-07T21:05:00Z,44.7,2026-02-07T20:43:00Z,61.0,2026-02-07T20:57:00Z,3,2026-02-07T20:47:00Z,22.6,2026-02-08T05:11:00Z,0,2026-02-13T22:45:00Z,0,2026-02-09T16:17:00Z
TX2-00657,2026-02-07T21:06:00Z,0,47.69,2026-02-07T21:06:00Z,45.9,2026-02-07T20:46:00Z,37.3,2026-02-07T20:43:00Z,0,2026-02-07T20:55:00Z,41.5,2026-02-07T12:07:00Z,0,2026-02-13T06:33:00Z,0,2026-02-10T10:40:00Z
TX2-00658,2026-02-07T21:17:00Z,0,11.68,2026-02-07T21:17:00Z,48.5,2026-02-07T16:43:00Z,51.0,2026-02-07T21:00:00Z,1,2026-02-07T20:19:00Z,27.4,2026-02-07T01:44:00Z,0,2026-02-14T18:32:00Z,0,2026-02-10T18:00:00Z
TX2-00659,2026-02-07T21:24:00Z,0,181.03,2026-02-07T21:24:00Z,52.6,2026-02-07T16:22:00Z,39.7,2026-02-07T21:08:00Z,4,2026-02-07T20:32:00Z,35.0,2026-02-07T16:06:00Z,0,2026-02-14T12:10:00Z,1,2026-02-09T16:38:00Z
TX2-00660,2026-02-07T22:21:00Z,0,75.25,2026-02-07T22:21:00Z,40.9,2026-02-07T17:05:00Z,15.4,2026-02-07T21:55:00Z,1,2026-02-07T22:10:00Z,33.8,2026-02-07T03:55:00Z,0,2026-02-14T17:21:00Z,0,2026-02-10T08:59:00Z
TX2-00661,2026-02-07T23:48:00Z,0,68.06,2026-02-07T23:48:00Z,55.9,2026-02-07T19:50:00Z,41.5,2026-02-07T23:26:00Z,2,2026-02-07T23:47:00Z,26.3,2026-02-07T10:14:00Z,0,2026-02-13T03:47:00Z,0,2026-02-10T03:26:00Z
TX2-00662,2026-02-08T00:11:00Z,0,35.92,2026-02-08T00:11:00Z,46.8,2026-02-07T23:15:00Z,41.3,2026-02-08T00:03:00Z,4,2026-02-07T23:30:00Z,32.3,2026-02-07T18:06:00Z,0,2026-02-17T06:17:00Z,0,2026-02-09T04:41:00Z
TX2-00663,2026-02-08T00:20:00Z,1,65.22,2026-02-08T00:20:00Z,53.2,2026-02-07T18:41:00Z,48.0,2026-02-07T23:54:00Z,3,2026-02-08T00:15:00Z,36.6,2026-02-07T12:12:00Z,1,2026-02-12T07:10:00Z,1,2026-02-10T00:34:00Z
TX2-00664,2026-02-08T00:50:00Z,1,21.36,2026-02-08T00:50:00Z,57.5,2026-02-07T22:24:00Z,53.4,2026-02-08T00:45:00Z,1,2026-02-08T00:31:00Z,40.2,2026-02-07T14:15:00Z,1,2026-02-12T20:43:00Z,2,2026-02-09T20:26:00Z
TX2-00665,2026-02-08T01:22:00Z,0,19.74,2026-02-08T01:22:00Z,43.8,2026-02-07T22:01:00Z,60.8,2026-02-08T01:17:00Z,1,2026-02-08T01:09:00Z,29.1,2026-02-07T20:09:00Z,0,2026-02-12T19:25:00Z,0,2026-02-10T09:08:00Z
TX2-00666,2026-02-08T02:25:00Z,1,88.69,2026-02-08T02:25:00Z,55.4,2026-02-07T22:05:00Z,48.5,2026-02-08T02:03:00Z,3,2026-02-08T01:50:00Z,36.5,2026-02-07T18:58:00Z,1,2026-02-14T21:36:00Z,2,2026-02-09T15:05:00Z
TX2-00667,2026-02-08T02:55:00Z,0,21.62,2026-02-08T02:55:00Z,46.6,2026-02-08T00:26:00Z,29.6,2026-02-08T02:50:00Z,2,2026-02-08T02:05:00Z,37.7,2026-02-07T23:37:00Z,0,2026-02-15T11:27:00Z,0,2026-02-09T10:06:00Z
TX2-00668,2026-02-08T03:38:00Z,0,69.01,2026-02-08T03:38:00Z,36.6,2026-02-08T01:20:00Z,44.5,2026-02-08T03:22:00Z,6,2026-02-08T03:03:00Z,18.8,2026-02-07T09:31:00Z,0,2026-02-12T11:50:00Z,0,2026-02-09T06:03:00Z
TX2-00669,2026-02-08T05:40:00Z,0,51.79,2026-02-08T05:40:00Z,28.0,2026-02-08T03:10:00Z,58.4,2026-02-08T05:33:00Z,5,2026-02-08T05:37:00Z,25.1,2026-02-07T10:59:00Z,0,2026-02-13T14:48:00Z,0,2026-02-10T11:40:00Z
TX2-00670,2026-02-08T06:45:00Z,0,91.24,2026-02-08T06:45:00Z,46.9,2026-02-08T02:16:00Z,48.1,2026-02-08T06:41:00Z,1,2026-02-08T06:10:00Z,29.0,2026-02-07T19:40:00Z,0,2026-02-11T17:19:00Z,0,2026-02-09T16:33:00Z
TX2-00671,2026-02-08T10:24:00Z,0,56.19,2026-02-08T10:24:00Z,43.4,2026-02-08T04:43:00Z,42.1,2026-02-08T10:16:00Z,3,2026-02-08T10:18:00Z,21.8,2026-02-07T17:51:00Z,0,2026-02-12T13:54:00Z,0,2026-02-10T10:35:00Z
TX2-00672,2026-02-08T10:57:00Z,0,25.66,2026-02-08T10:57:00Z,55.0,2026-02-08T08:45:00Z,8.5,2026-02-08T10:37:00Z,2,2026-02-08T10:39:00Z,24.4,2026-02-08T00:32:00Z,0,2026-02-11T15:47:00Z,0,2026-02-10T04:33:00Z
TX2-00673,2026-02-08T12:09:00Z,0,33.55,2026-02-08T12:09:00Z,76.3,2026-02-08T06:21:00Z,45.3,2026-02-08T11:49:00Z,3,2026-02-08T11:31:00Z,33.5,2026-02-08T06:16:00Z,0,2026-02-17T02:18:00Z,0,2026-02-09T17:03:00Z
TX2-00674,2026-02-08T14:53:00Z,0,273.35,2026-02-08T14:53:00Z,27.6,2026-02-08T09:44:00Z,30.5,2026-02-08T14:45:00Z,2,2026-02-08T14:34:00Z,37.2,2026-02-07T20:20:00Z,0,2026-02-12T06:00:00Z,0,2026-02-10T05:59:00Z
TX2-00675,2026-02-08T15:27:00Z,0,55.16,2026-02-08T15:27:00Z,52.7,2026-02-08T13:54:00Z,37.6,2026-02-08T15:16:00Z,3,2026-02-08T15:04:00Z,25.0,2026-02-07T22:20:00Z,0,2026-02-17T13:58:00Z,0,2026-02-10T00:31:00Z
TX2-00676,2026-02-08T18:33:00Z,0,237.9,2026-02-08T18:33:00Z,23.4,2026-02-08T13:18:00Z,42.4,2026-02-08T18:10:00Z,1,2026-02-08T17:52:00Z,37.7,2026-02-07T23:41:00Z,0,2026-02-14T11:45:00Z,1,2026-02-10T19:34:00Z
TX2-00677,2026-02-08T20:24:00Z,0,14.25,2026-02-08T20:24:00Z,37.4,2026-02-08T18:05:00Z,38.5,2026-02-08T19:58:00Z,2,2026-02-08T19:35:00Z,31.7,2026-02-08T09:29:00Z,0,2026-02-12T12:48:00Z,1,2026-02-11T05:05:00Z
TX2-00678,2026-02-08T21:33:00Z,0,148.68,2026-02-08T21:33:00Z,23.4,2026-02-08T21:04:00Z,40.9,2026-02-08T21:23:00Z,1,2026-02-08T21:11:00Z,11.1,2026-02-08T18:01:00Z,0,2026-02-18T15:03:00Z,1,2026-02-11T13:37:00Z
TX2-00679,2026-02-08T21:58:00Z,0,43.46,2026-02-08T21:58:00Z,58.5,2026-02-08T19:13:00Z,48.7,2026-02-08T21:42:00Z,1,2026-02-08T21:42:00Z,37.2,2026-02-08T17:50:00Z,0,2026-02-13T00:32:00Z,0,2026-02-10T05:22:00Z
TX2-00680,2026-02-08T22:15:00Z,0,100.51,2026-02-08T22:15:00Z,44.1,2026-02-08T19:38:00Z,40.1,2026-02-08T22:10:00Z,5,2026-02-08T21:34:00Z,24.9,2026-02-08T16:15:00Z,0,2026-02-17T19:11:00Z,0,2026-02-10T13:26:00Z
TX2-00681,2026-02-08T23:38:00Z,0,23.48,2026-02-08T23:38:00Z,17.8,2026-02-08T19:36:00Z,31.9,2026-02-08T23:37:00Z,3,2026-02-08T23:00:00Z,34.9,2026-02-08T19:47:00Z,0,2026-02-17T04:54:00Z,0,2026-02-11T22:05:00Z
TX2-00682,2026-02-08T23:46:00Z,0,108.81,2026-02-08T23:46:00Z,60.7,2026-02-08T20:28:00Z,42.8,2026-02-08T23:25:00Z,1,2026-02-08T23:45:00Z,29.5,2026-02-08T12:03:00Z,0,2026-02-18T04:14:00Z,1,2026-02-11T20:01:00Z
TX2-00683,2026-02-09T02:33:00Z,0,55.78,2026-02-09T02:33:00Z,69.1,2026-02-09T00:13:00Z,39.1,2026-02-09T02:05:00Z,2,2026-02-09T02:17:00Z,17.1,2026-02-08T19:09:00Z,0,2026-02-14T01:20:00Z,0,2026-02-10T23:56:00Z
TX2-00684,2026-02-09T05:44:00Z,0,274.74,2026-02-09T05:44:00Z,47.6,2026-02-09T02:39:00Z,48.3,2026-02-09T05:23:00Z,3,2026-02-09T04:53:00Z,40.3,2026-02-09T03:37:00Z,0,2026-02-16T00:40:00Z,1,2026-02-10T07:19:00Z
TX2-00685,2026-02-09T06:14:00Z,0,91.48,2026-02-09T06:14:00Z,54.5,2026-02-09T04:27:00Z,53.5,2026-02-09T05:56:00Z,2,2026-02-09T05:27:00Z,39.7,2026-02-08T12:15:00Z,0,2026-02-18T17:05:00Z,0,2026-02-10T07:05:00Z
TX2-00686,2026-02-09T06:28:00Z,0,31.75,2026-02-09T06:28:00Z,19.9,2026-02-09T00:28:00Z,42.8,2026-02-09T06:24:00Z,1,2026-02-09T05:29:00Z,34.9,2026-02-08T16:45:00Z,0,2026-02-12T19:59:00Z,0,2026-02-10T06:45:00Z
TX2-00687,2026-02-09T07:54:00Z,0,28.73,2026-02-09T07:54:00Z,34.7,2026-02-09T04:18:00Z,63.6,2026-02-09T07:52:00Z,1,2026-02-09T07:09:00Z,44.8,2026-02-09T00:36:00Z,0,2026-02-18T01:37:00Z,0,2026-02-10T14:32:00Z
TX2-00688,2026-02-09T09:59:00Z,0,36.43,2026-02-09T09:59:00Z,37.9,2026-02-09T07:37:00Z,43.1,2026-02-09T09:37:00Z,2,2026-02-09T09:43:00Z,21.8,2026-02-08T15:38:00Z,0,2026-02-12T15:06:00Z,1,2026-02-11T18:23:00Z
TX2-00689,2026-02-09T11:48:00Z,0,71.79,2026-02-09T11:48:00Z,63.1,2026-02-09T08:04:00Z,31.4,2026-02-09T11:40:00Z,3,2026-02-09T11:28:00Z,31.4,2026-02-09T05:47:00Z,0,2026-02-17T02:30:00Z,0,2026-02-10T21:08:00Z
TX2-00690,2026-02-09T11:53:00Z,0,60.23,2026-02-09T11:53:00Z,42.7,2026-02-09T10:38:00Z,55.5,2026-02-09T11:33:00Z,1,2026-02-09T11:26:00Z,21.6,2026-02-08T17:24:00Z,0,2026-02-12T12:19:00Z,0,2026-02-12T09:50:00Z
TX2-00691,2026-02-09T12:23:00Z,0,248.51,2026-02-09T12:23:00Z,55.9,2026-02-09T11:26:00Z,51.8,2026-02-09T12:11:00Z,3,2026-02-09T11:56:00Z,33.6,2026-02-08T22:29:00Z,0,2026-02-18T01:18:00Z,0,2026-02-12T00:50:00Z
TX2-00692,2026-02-09T17:29:00Z,1,58.76,2026-02-09T17:29:00Z,54.1,2026-02-09T12:19:00Z,35.0,2026-02-09T17:12:00Z,5,2026-02-09T16:56:00Z,27.7,2026-02-09T14:01:00Z,1,2026-02-16T04:19:00Z,2,2026-02-11T15:19:00Z
TX2-00693,2026-02-09T17:47:00Z,0,342.53,2026-02-09T17:47:00Z,52.7,2026-02-09T16:42:00Z,44.9,2026-02-09T17:34:00Z,1,2026-02-09T16:57:00Z,23.8,2026-02-09T05:50:00Z,0,2026-02-13T18:32:00Z,0,2026-02-12T07:02:00Z
TX2-00694,2026-02-09T20:26:00Z,0,49.76,2026-02-09T20:26:00Z,34.6,2026-02-09T18:19:00Z,17.5,2026-02-09T20:06:00Z,5,2026-02-09T20:13:00Z,34.4,2026-02-09T19:22:00Z,0,2026-02-16T01:05:00Z,0,2026-02-12T03:21:00Z
TX2-00695,2026-02-09T23:50:00Z,0,9.19,2026-02-09T23:50:00Z,49.7,2026-02-09T18:51:00Z,48.6,2026-02-09T23:40:00Z,2,2026-02-09T23:23:00Z,23.6,2026-02-09T21:09:00Z,0,2026-02-19T10:37:00Z,1,2026-02-12T13:24:00Z
TX2-00696,2026-02-10T00:40:00Z,0,81.33,2026-02-10T00:40:00Z,44.9,2026-02-09T23:17:00Z,49.0,2026-02-10T00:27:00Z,1,2026-02-10T00:20:00Z,18.9,2026-02-09T22:34:00Z,0,2026-02-15T20:19:00Z,0,2026-02-12T01:27:00Z
TX2-00697,2026-02-10T02:09:00Z,0,226.48,2026-02-10T02:09:00Z,47.5,2026-02-09T21:27:00Z,52.0,2026-02-10T01:39:00Z,2,2026-02-10T02:06:00Z,33.0,2026-02-09T20:15:00Z,0,2026-02-19T10:14:00Z,0,2026-02-12T16:08:00Z
TX2-00698,2026-02-10T02:18:00Z,0,24.2,2026-02-10T02:18:00Z,40.5,2026-02-10T00:22:00Z,49.8,2026-02-10T01:49:00Z,6,2026-02-10T01:39:00Z,23.8,2026-02-09T15:22:00Z,0,2026-02-13T07:26:00Z,0,2026-02-13T00:49:00Z
TX2-00699,2026-02-10T04:39:00Z,0,65.8,2026-02-10T04:39:00Z,41.2,2026-02-10T02:22:00Z,39.1,2026-02-10T04:37:00Z,3,2026-02-10T04:02:00Z,37.6,2026-02-10T01:04:00Z,0,2026-02-19T23:05:00Z,0,2026-02-12T05:29:00Z
TX2-00700,2026-02-10T05:46:00Z,0,99.97,2026-02-10T05:46:00Z,55.3,2026-02-10T01:50:00Z,37.4,2026-02-10T05:33:00Z,1,2026-02-10T05:07:00Z,34.4,2026-02-10T09:55:00Z,0,2026-02-16T04:12:00Z,0,2026-02-11T18:52:00Z
TX2-00701,2026-02-10T07:08:00Z,0,86.46,2026-02-10T07:08:00Z,26.6,2026-02-10T03:00:00Z,27.0,2026-02-10T07:02:00Z,0,2026-02-10T06:11:00Z,38.3,2026-02-10T00:09:00Z,0,2026-02-14T19:30:00Z,0,2026-02-12T01:13:00Z
TX2-00702,2026-02-10T08:00:00Z,0,52.87,2026-02-10T08:00:00Z,46.9,2026-02-10T05:09:00Z,50.5,2026-02-10T07:38:00Z,3,2026-02-10T07:31:00Z,29.7,2026-02-09T22:17:00Z,0,2026-02-14T23:53:00Z,0,2026-02-12T00:10:00Z
TX2-00703,2026-02-10T09:16:00Z,0,81.0,2026-02-10T09:16:00Z,39.0,2026-02-10T08:03:00Z,35.2,2026-02-10T09:15:00Z,2,2026-02-10T08:26:00Z,30.0,2026-02-10T03:18:00Z,0,2026-02-19T17:24:00Z,0,2026-02-12T01:33:00Z
TX2-00704,2026-02-10T11:27:00Z,0,43.99,2026-02-10T11:27:00Z,49.9,2026-02-10T05:47:00Z,29.0,2026-02-10T11:24:00Z,4,2026-02-10T10:41:00Z,23.8,2026-02-09T21:32:00Z,0,2026-02-13T21:17:00Z,0,2026-02-11T20:50:00Z
TX2-00705,2026-02-10T15:10:00Z,0,14.16,2026-02-10T15:10:00Z,17.5,2026-02-10T09:41:00Z,44.9,2026-02-10T14:49:00Z,2,2026-02-10T14:59:00Z,34.2,2026-02-10T03:15:00Z,0,2026-02-15T20:54:00Z,0,2026-02-12T14:44:00Z
TX2-00706,2026-02-10T21:05:00Z,0,23.87,2026-02-10T21:05:00Z,35.8,2026-02-10T15:13:00Z,45.8,2026-02-10T21:04:00Z,2,2026-02-10T20:33:00Z,41.9,2026-02-10T10:20:00Z,0,2026-02-17T06:53:00Z,0,2026-02-12T17:51:00Z
TX2-00707,2026-02-10T22:46:00Z,0,20.04,2026-02-10T22:46:00Z,29.6,2026-02-10T19:41:00Z,45.8,2026-02-10T22:39:00Z,2,2026-02-10T22:41:00Z,8.7,2026-02-10T19:27:00Z,0,2026-02-19T02:12:00Z,0,2026-02-12T04:28:00Z
TX2-00708,2026-02-11T00:02:00Z,0,203.3,2026-02-11T00:02:00Z,64.4,2026-02-10T23:16:00Z,28.3,2026-02-10T23:40:00Z,8,2026-02-10T23:43:00Z,45.1,2026-02-10T16:33:00Z,0,2026-02-16T13:22:00Z,1,2026-02-13T00:11:00Z
TX2-00709,2026-02-11T01:50:00Z,0,17.63,2026-02-11T01:50:00Z,40.0,2026-02-10T22:09:00Z,39.9,2026-02-11T01:44:00Z,2,2026-02-11T01:16:00Z,28.5,2026-02-11T08:47:00Z,1,2026-02-15T03:28:00Z,0,2026-02-13T11:20:00Z
TX2-00710,2026-02-11T01:50:00Z,0,49.25,2026-02-11T01:50:00Z,17.8,2026-02-10T23:52:00Z,30.8,2026-02-11T01:23:00Z,4,2026-02-11T01:07:00Z,27.1,2026-02-10T15:30:00Z,0,2026-02-15T15:12:00Z,0,2026-02-12T14:49:00Z
TX2-00711,2026-02-11T01:51:00Z,1,92.52,2026-02-11T01:51:00Z,44.1,2026-02-10T20:52:00Z,25.9,2026-02-11T01:47:00Z,4,2026-02-11T01:17:00Z,42.9,2026-02-10T06:02:00Z,1,2026-02-20T05:41:00Z,1,2026-02-13T02:55:00Z
TX2-00712,2026-02-11T03:20:00Z,0,84.58,2026-02-11T03:20:00Z,44.1,2026-02-11T00:37:00Z,27.9,2026-02-11T03:16:00Z,1,2026-02-11T03:13:00Z,33.5,2026-02-10T21:51:00Z,0,2026-02-15T18:45:00Z,0,2026-02-13T08:23:00Z
TX2-00713,2026-02-11T04:32:00Z,0,21.84,2026-02-11T04:32:00Z,55.1,2026-02-11T01:44:00Z,50.8,2026-02-11T04:31:00Z,3,2026-02-11T03:51:00Z,30.1,2026-02-10T23:01:00Z,0,2026-02-16T05:57:00Z,0,2026-02-13T23:39:00Z
TX2-00714,2026-02-11T08:19:00Z,0,29.4,2026-02-11T08:19:00Z,37.4,2026-02-11T06:41:00Z,36.8,2026-02-11T07:56:00Z,0,2026-02-11T07:50:00Z,25.0,2026-02-10T15:35:00Z,0,2026-02-20T00:55:00Z,0,2026-02-14T03:58:00Z
TX2-00715,2026-02-11T09:16:00Z,0,254.56,2026-02-11T09:16:00Z,44.2,2026-02-11T06:17:00Z,43.7,2026-02-11T09:08:00Z,1,2026-02-11T08:59:00Z,35.7,2026-02-10T13:52:00Z,0,2026-02-19T19:58:00Z,0,2026-02-14T00:13:00Z
TX2-00716,2026-02-11T09:40:00Z,0,32.44,2026-02-11T09:40:00Z,44.9,2026-02-11T07:02:00Z,36.2,2026-02-11T09:20:00Z,2,2026-02-11T08:43:00Z,22.4,2026-02-10T19:42:00Z,0,2026-02-15T13:41:00Z,0,2026-02-13T23:41:00Z
TX2-00717,2026-02-11T13:04:00Z,0,46.53,2026-02-11T13:04:00Z,49.1,2026-02-11T08:59:00Z,25.9,2026-02-11T12:43:00Z,1,2026-02-11T12:59:00Z,28.7,2026-02-11T03:06:00Z,0,2026-02-15T13:35:00Z,0,2026-02-13T06:11:00Z
TX2-00718,2026-02-11T14:03:00Z,0,557.05,2026-02-11T14:03:00Z,30.6,2026-02-11T11:10:00Z,40.0,2026-02-11T13:46:00Z,0,2026-02-11T13:32:00Z,32.2,2026-02-11T08:22:00Z,0,2026-02-14T15:45:00Z,0,2026-02-12T22:59:00Z
TX2-00719,2026-02-11T16:44:00Z,0,61.58,2026-02-11T16:44:00Z,57.9,2026-02-11T15:45:00Z,47.6,2026-02-11T16:34:00Z,1,2026-02-11T15:54:00Z,30.7,2026-02-11T07:36:00Z,0,2026-02-17T16:37:00Z,0,2026-02-14T09:43:00Z
TX2-00720,2026-02-11T19:51:00Z,0,25.78,2026-02-11T19:51:00Z,56.3,2026-02-11T14:23:00Z,35.5,2026-02-11T19:22:00Z,4,2026-02-11T19:17:00Z,37.7,2026-02-11T00:00:00Z,0,2026-02-16T16:49:00Z,0,2026-02-14T04:44:00Z
TX2-00721,2026-02-12T01:29:00Z,0,28.3,2026-02-12T01:29:00Z,43.1,2026-02-11T20:02:00Z,32.6,2026-02-12T01:26:00Z,1,2026-02-12T00:57:00Z,17.3,2026-02-12T07:03:00Z,0,2026-02-20T19:44:00Z,1,2026-02-13T19:41:00Z
TX2-00722,2026-02-12T03:02:00Z,1,59.08,2026-02-12T03:02:00Z,43.1,2026-02-11T21:52:00Z,49.8,2026-02-12T02:55:00Z,4,2026-02-12T02:46:00Z,33.2,2026-02-11T17:53:00Z,1,2026-02-17T09:15:00Z,1,2026-02-13T12:01:00Z
TX2-00723,2026-02-12T03:11:00Z,0,11.76,2026-02-12T03:11:00Z,57.6,2026-02-12T00:06:00Z,37.0,2026-02-12T02:46:00Z,1,2026-02-12T02:18:00Z,23.1,2026-02-11T08:45:00Z,0,2026-02-19T11:11:00Z,0,2026-02-14T09:27:00Z
TX2-00724,2026-02-12T04:23:00Z,1,47.5,2026-02-12T04:23:00Z,67.0,2026-02-11T23:25:00Z,34.4,2026-02-12T04:13:00Z,2,2026-02-12T04:16:00Z,36.0,2026-02-11T09:05:00Z,1,2026-02-20T10:37:00Z,2,2026-02-14T00:12:00Z
TX2-00725,2026-02-12T05:07:00Z,0,50.13,2026-02-12T05:07:00Z,41.0,2026-02-11T23:20:00Z,35.3,2026-02-12T04:52:00Z,2,2026-02-12T04:42:00Z,21.1,2026-02-11T18:17:00Z,0,2026-02-19T23:00:00Z,1,2026-02-13T08:56:00Z
TX2-00726,2026-02-12T05:07:00Z,0,138.73,2026-02-12T05:07:00Z,57.0,2026-02-12T00:56:00Z,40.9,2026-02-12T05:02:00Z,4,2026-02-12T05:04:00Z,49.0,2026-02-11T21:04:00Z,0,2026-02-19T11:29:00Z,0,2026-02-13T11:05:00Z
TX2-00727,2026-02-12T05:39:00Z,0,53.62,2026-02-12T05:39:00Z,54.4,2026-02-12T05:02:00Z,38.0,2026-02-12T05:13:00Z,2,2026-02-12T04:48:00Z,30.9,2026-02-11T11:27:00Z,0,2026-02-17T10:02:00Z,0,2026-02-14T22:31:00Z
TX2-00728,2026-02-12T06:51:00Z,1,292.68,2026-02-12T06:51:00Z,50.2,2026-02-12T04:38:00Z,30.9,2026-02-12T06:38:00Z,0,2026-02-12T06:30:00Z,34.7,2026-02-11T11:31:00Z,1,2026-02-19T02:06:00Z,1,2026-02-14T06:18:00Z
TX2-00729,2026-02-12T07:02:00Z,0,27.78,2026-02-12T07:02:00Z,40.8,2026-02-12T06:21:00Z,32.1,2026-02-12T06:41:00Z,4,2026-02-12T06:42:00Z,35.4,2026-02-12T09:27:00Z,0,2026-02-16T11:27:00Z,0,2026-02-15T01:44:00Z
TX2-00730,2026-02-12T07:04:00Z,0,56.84,2026-02-12T07:04:00Z,67.1,2026-02-12T01:46:00Z,45.0,2026-02-12T06:39:00Z,3,2026-02-12T06:05:00Z,31.9,2026-02-12T08:20:00Z,1,2026-02-17T19:17:00Z,0,2026-02-15T03:19:00Z
TX2-00731,2026-02-12T08:04:00Z,0,49.54,2026-02-12T08:04:00Z,60.0,2026-02-12T04:21:00Z,50.5,2026-02-12T07:42:00Z,2,2026-02-12T07:36:00Z,34.2,2026-02-11T12:54:00Z,0,2026-02-20T21:01:00Z,1,2026-02-14T13:33:00Z
TX2-00732,2026-02-12T08:51:00Z,0,232.23,2026-02-12T08:51:00Z,31.2,2026-02-12T06:01:00Z,57.3,2026-02-12T08:38:00Z,1,2026-02-12T08:02:00Z,32.8,2026-02-12T09:56:00Z,0,2026-02-17T11:56:00Z,0,2026-02-14T22:57:00Z
TX2-00733,2026-02-12T09:28:00Z,0,31.23,2026-02-12T09:28:00Z,42.7,2026-02-12T05:27:00Z,29.0,2026-02-12T09:17:00Z,1,2026-02-12T08:56:00Z,42.2,2026-02-11T18:44:00Z,0,2026-02-20T01:50:00Z,0,2026-02-13T10:05:00Z
TX2-00734,2026-02-12T11:00:00Z,0,9.13,2026-02-12T11:00:00Z,67.3,2026-02-12T10:34:00Z,29.5,2026-02-12T10:35:00Z,2,2026-02-12T10:16:00Z,24.4,2026-02-12T09:04:00Z,0,2026-02-17T00:16:00Z,0,2026-02-15T07:50:00Z
TX2-00735,2026-02-12T13:25:00Z,0,159.77,2026-02-12T13:25:00Z,57.1,2026-02-12T12:41:00Z,46.3,2026-02-12T13:01:00Z,1,2026-02-12T13:10:00Z,18.9,2026-02-12T01:49:00Z,0,2026-02-18T22:51:00Z,0,2026-02-15T06:52:00Z
TX2-00736,2026-02-12T13:57:00Z,0,13.37,2026-02-12T13:57:00Z,44.8,2026-02-12T12:38:00Z,35.5,2026-02-12T13:55:00Z,4,2026-02-12T13:00:00Z,27.6,2026-02-12T18:12:00Z,0,2026-02-19T13:27:00Z,2,2026-02-13T19:45:00Z
TX2-00737,2026-02-12T15:50:00Z,0,9.6,2026-02-12T15:50:00Z,46.0,2026-02-12T10:44:00Z,46.1,2026-02-12T15:40:00Z,3,2026-02-12T15:31:00Z,38.5,2026-02-12T05:40:00Z,0,2026-02-20T04:47:00Z,2,2026-02-14T21:51:00Z
TX2-00738,2026-02-12T17:31:00Z,0,28.66,2026-02-12T17:31:00Z,35.4,2026-02-12T14:39:00Z,49.3,2026-02-12T17:16:00Z,3,2026-02-12T16:57:00Z,36.5,2026-02-12T01:21:00Z,0,2026-02-20T20:51:00Z,1,2026-02-14T21:48:00Z
TX2-00739,2026-02-12T17:34:00Z,0,49.37,2026-02-12T17:34:00Z,40.6,2026-02-12T11:43:00Z,44.4,2026-02-12T17:19:00Z,3,2026-02-12T16:57:00Z,31.3,2026-02-12T03:24:00Z,0,2026-02-17T23:38:00Z,0,2026-02-15T09:00:00Z
TX2-00740,2026-02-12T20:31:00Z,1,111.73,2026-02-12T20:31:00Z,43.6,2026-02-12T14:33:00Z,40.0,2026-02-12T20:26:00Z,2,2026-02-12T20:11:00Z,25.6,2026-02-12T06:38:00Z,1,2026-02-20T16:21:00Z,2,2026-02-15T02:43:00Z
TX2-00741,2026-02-12T21:45:00Z,0,137.02,2026-02-12T21:45:00Z,38.1,2026-02-12T16:33:00Z,37.7,2026-02-12T21:42:00Z,2,2026-02-12T20:47:00Z,18.2,2026-02-12T14:48:00Z,0,2026-02-19T14:57:00Z,0,2026-02-15T02:04:00Z
TX2-00742,2026-02-12T23:07:00Z,0,141.99,2026-02-12T23:07:00Z,36.9,2026-02-12T19:03:00Z,43.4,2026-02-12T22:49:00Z,2,2026-02-12T22:54:00Z,30.4,2026-02-12T17:28:00Z,0,2026-02-21T22:36:00Z,0,2026-02-14T05:50:00Z
TX2-00743,2026-02-13T00:10:00Z,0,54.5,2026-02-13T00:10:00Z,51.7,2026-02-12T20:46:00Z,28.2,2026-02-12T23:58:00Z,1,2026-02-12T23:58:00Z,35.3,2026-02-13T08:10:00Z,0,2026-02-21T09:08:00Z,0,2026-02-15T04:37:00Z
TX2-00744,2026-02-13T00:15:00Z,0,28.29,2026-02-13T00:15:00Z,60.6,2026-02-12T18:28:00Z,11.4,2026-02-13T00:08:00Z,0,2026-02-12T23:24:00Z,31.3,2026-02-12T14:05:00Z,0,2026-02-21T06:28:00Z,0,2026-02-15T03:39:00Z
TX2-00745,2026-02-13T00:23:00Z,1,394.02,2026-02-13T00:23:00Z,49.5,2026-02-12T23:04:00Z,48.2,2026-02-13T00:17:00Z,3,2026-02-13T00:04:00Z,25.5,2026-02-12T04:26:00Z,0,2026-02-17T03:21:00Z,2,2026-02-15T23:08:00Z
TX2-00746,2026-02-13T00:38:00Z,0,185.3,2026-02-13T00:38:00Z,45.7,2026-02-12T21:36:00Z,45.5,2026-02-13T00:37:00Z,1,2026-02-13T00:02:00Z,36.3,2026-02-12T15:42:00Z,0,2026-02-19T16:43:00Z,0,2026-02-14T21:59:00Z
TX2-00747,2026-02-13T03:06:00Z,0,82.84,2026-02-13T03:06:00Z,30.1,2026-02-12T23:37:00Z,28.6,2026-02-13T02:54:00Z,2,2026-02-13T02:39:00Z,0.5,2026-02-13T00:10:00Z,0,2026-02-19T00:50:00Z,1,2026-02-15T00:42:00Z
TX2-00748,2026-02-13T03:45:00Z,0,210.57,2026-02-13T03:45:00Z,31.7,2026-02-12T23:00:00Z,43.6,2026-02-13T03:34:00Z,1,2026-02-13T03:19:00Z,21.5,2026-02-12T23:41:00Z,0,2026-02-17T07:30:00Z,0,2026-02-14T06:28:00Z
TX2-00749,2026-02-13T04:14:00Z,0,26.3,2026-02-13T04:14:00Z,42.0,2026-02-13T02:28:00Z,55.9,2026-02-13T03:54:00Z,1,2026-02-13T03:29:00Z,37.5,2026-02-12T20:14:00Z,0,2026-02-18T03:19:00Z,0,2026-02-14T19:24:00Z
TX2-00750,2026-02-13T04:35:00Z,0,25.16,2026-02-13T04:35:00Z,71.5,2026-02-13T00:11:00Z,43.1,2026-02-13T04:34:00Z,5,2026-02-13T03:46:00Z,27.0,2026-02-12T18:20:00Z,0,2026-02-18T17:41:00Z,0,2026-02-14T18:48:00Z
TX2-00751,2026-02-13T06:44:00Z,0,328.6,2026-02-13T06:44:00Z,60.5,2026-02-13T02:49:00Z,27.7,2026-02-13T06:29:00Z,8,2026-02-13T06:26:00Z,27.1,2026-02-12T16:19:00Z,0,2026-02-18T08:03:00Z,0,2026-02-15T15:08:00Z
TX2-00752,2026-02-13T07:54:00Z,0,244.6,2026-02-13T07:54:00Z,59.3,2026-02-13T01:58:00Z,35.2,2026-02-13T07:33:00Z,3,2026-02-13T07:04:00Z,27.2,2026-02-12T18:01:00Z,0,2026-02-16T10:48:00Z,0,2026-02-15T02:01:00Z
TX2-00753,2026-02-13T08:42:00Z,0,81.92,2026-02-13T08:42:00Z,41.2,2026-02-13T08:36:00Z,45.4,2026-02-13T08:36:00Z,5,2026-02-13T08:33:00Z,39.9,2026-02-12T21:02:00Z,0,2026-02-19T23:30:00Z,0,2026-02-15T01:50:00Z
TX2-00754,2026-02-13T09:48:00Z,0,22.72,2026-02-13T09:48:00Z,65.7,2026-02-13T06:21:00Z,53.6,2026-02-13T09:32:00Z,0,2026-02-13T09:14:00Z,42.5,2026-02-12T18:34:00Z,0,2026-02-20T00:34:00Z,0,2026-02-14T19:32:00Z
TX2-00755,2026-02-13T09:55:00Z,0,111.72,2026-02-13T09:55:00Z,34.1,2026-02-13T04:44:00Z,58.0,2026-02-13T09:35:00Z,2,2026-02-13T09:12:00Z,50.0,2026-02-13T04:18:00Z,0,2026-02-19T00:14:00Z,0,2026-02-16T06:10:00Z
TX2-00756,2026-02-13T13:10:00Z,0,30.59,2026-02-13T13:10:00Z,72.2,2026-02-13T08:18:00Z,22.6,2026-02-13T13:01:00Z,1,2026-02-13T12:24:00Z,34.6,2026-02-12T18:54:00Z,0,2026-02-22T01:52:00Z,0,2026-02-15T14:36:00Z
TX2-00757,2026-02-13T13:36:00Z,0,35.97,2026-02-13T13:36:00Z,55.1,2026-02-13T13:25:00Z,43.6,2026-02-13T13:14:00Z,4,2026-02-13T13:01:00Z,37.5,2026-02-13T07:46:00Z,0,2026-02-18T22:02:00Z,0,2026-02-15T00:18:00Z
TX2-00758,2026-02-13T13:49:00Z,0,67.33,2026-02-13T13:49:00Z,45.2,2026-02-13T09:46:00Z,41.2,2026-02-13T13:46:00Z,2,2026-02-13T13:22:00Z,29.2,2026-02-13T03:08:00Z,0,2026-02-17T00:04:00Z,0,2026-02-15T19:00:00Z
TX2-00759,2026-02-13T14:21:00Z,0,22.2,2026-02-13T14:21:00Z,20.6,2026-02-13T10:10:00Z,48.3,2026-02-13T14:06:00Z,1,2026-02-13T13:43:00Z,30.3,2026-02-13T07:58:00Z,0,2026-02-19T22:32:00Z,0,2026-02-15T16:10:00Z
TX2-00760,2026-02-13T14:35:00Z,0,34.42,2026-02-13T14:35:00Z,65.2,2026-02-13T08:38:00Z,64.9,2026-02-13T14:10:00Z,1,2026-02-13T14:08:00Z,33.8,2026-02-12T23:52:00Z,0,2026-02-17T09:49:00Z,0,2026-02-14T16:32:00Z
TX2-00761,2026-02-13T15:28:00Z,0,31.25,2026-02-13T15:28:00Z,50.4,2026-02-13T13:58:00Z,62.6,2026-02-13T15:06:00Z,1,2026-02-13T14:40:00Z,24.4,2026-02-13T18:37:00Z,0,2026-02-22T08:10:00Z,2,2026-02-15T15:13:00Z
TX2-00762,2026-02-13T15:28:00Z,0,32.7,2026-02-13T15:28:00Z,38.4,2026-02-13T13:40:00Z,42.4,2026-02-13T15:20:00Z,0,2026-02-13T15:18:00Z,20.4,2026-02-13T17:14:00Z,0,2026-02-17T01:36:00Z,0,2026-02-16T00:44:00Z
TX2-00763,2026-02-13T16:22:00Z,0,47.42,2026-02-13T16:22:00Z,18.7,2026-02-13T13:42:00Z,24.1,2026-02-13T16:21:00Z,3,2026-02-13T16:04:00Z,23.1,2026-02-13T15:20:00Z,0,2026-02-21T04:14:00Z,0,2026-02-16T07:43:00Z
TX2-00764,2026-02-13T17:21:00Z,0,92.02,2026-02-13T17:21:00Z,70.4,2026-02-13T16:09:00Z,66.8,2026-02-13T16:57:00Z,1,2026-02-13T17:14:00Z,27.1,2026-02-13T11:52:00Z,0,2026-02-20T14:46:00Z,1,2026-02-15T21:05:00Z
TX2-00765,2026-02-13T17:41:00Z,0,27.33,2026-02-13T17:41:00Z,67.5,2026-02-13T12:50:00Z,42.8,2026-02-13T17:38:00Z,3,2026-02-13T16:54:00Z,42.2,2026-02-12T23:36:00Z,0,2026-02-21T14:30:00Z,2,2026-02-15T23:13:00Z
TX2-00766,2026-02-13T17:56:00Z,0,8.69,2026-02-13T17:56:00Z,43.4,2026-02-13T15:14:00Z,45.1,2026-02-13T17:41:00Z,4,2026-02-13T17:34:00Z,26.8,2026-02-13T05:03:00Z,0,2026-02-22T18:03:00Z,0,2026-02-16T04:46:00Z
TX2-00767,2026-02-13T21:05:00Z,0,60.03,2026-02-13T21:05:00Z,45.1,2026-02-13T17:32:00Z,30.0,2026-02-13T20:40:00Z,3,2026-02-13T21:03:00Z,29.3,2026-02-13T12:45:00Z,0,2026-02-17T23:33:00Z,0,2026-02-16T07:52:00Z
TX2-00768,2026-02-13T21:49:00Z,1,48.99,2026-02-13T21:49:00Z,58.5,2026-02-13T19:12:00Z,55.7,2026-02-13T21:47:00Z,1,2026-02-13T20:59:00Z,24.9,2026-02-13T11:19:00Z,1,2026-02-17T21:55:00Z,0,2026-02-15T20:00:00Z
TX2-00769,2026-02-13T23:45:00Z,0,99.88,2026-02-13T23:45:00Z,43.2,2026-02-13T20:47:00Z,26.2,2026-02-13T23:24:00Z,0,2026-02-13T23:01:00Z,33.4,2026-02-13T11:21:00Z,0,2026-02-18T14:05:00Z,0,2026-02-16T18:39:00Z
TX2-00770,2026-02-14T01:28:00Z,0,48.31,2026-02-14T01:28:00Z,51.4,2026-02-13T19:29:00Z,32.5,2026-02-14T01:05:00Z,1,2026-02-14T01:13:00Z,23.7,2026-02-13T17:41:00Z,0,2026-02-23T19:04:00Z,0,2026-02-16T16:05:00Z
TX2-00771,2026-02-14T01:45:00Z,0,55.71,2026-02-14T01:45:00Z,40.8,2026-02-13T20:18:00Z,33.7,2026-02-14T01:32:00Z,1,2026-02-14T01:19:00Z,33.9,2026-02-13T18:09:00Z,0,2026-02-18T04:15:00Z,0,2026-02-15T18:08:00Z
TX2-00772,2026-02-14T03:49:00Z,0,5.22,2026-02-14T03:49:00Z,36.7,2026-02-14T03:31:00Z,53.5,2026-02-14T03:19:00Z,5,2026-02-14T03:37:00Z,18.5,2026-02-13T17:26:00Z,0,2026-02-21T11:19:00Z,0,2026-02-16T12:22:00Z
TX2-00773,2026-02-14T05:27:00Z,0,62.48,2026-02-14T05:27:00Z,25.2,2026-02-14T02:37:00Z,45.7,2026-02-14T05:24:00Z,2,2026-02-14T05:06:00Z,30.4,2026-02-13T09:29:00Z,0,2026-02-21T00:34:00Z,0,2026-02-15T19:08:00Z
TX2-00774,2026-02-14T07:09:00Z,0,35.46,2026-02-14T07:09:00Z,60.7,2026-02-14T03:21:00Z,43.9,2026-02-14T06:46:00Z,2,2026-02-14T06:34:00Z,27.0,2026-02-13T22:19:00Z,0,2026-02-19T15:27:00Z,0,2026-02-16T04:07:00Z
TX2-00775,2026-02-14T07:48:00Z,0,65.38,2026-02-14T07:48:00Z,62.2,2026-02-14T04:47:00Z,30.4,2026-02-14T07:41:00Z,3,2026-02-14T07:40:00Z,46.5,2026-02-13T19:35:00Z,0,2026-02-23T19:41:00Z,0,2026-02-17T00:42:00Z
TX2-00776,2026-02-14T11:01:00Z,0,9.16,2026-02-14T11:01:00Z,42.3,2026-02-14T07:55:00Z,52.6,2026-02-14T10:48:00Z,0,2026-02-14T10:59:00Z,37.9,2026-02-13T19:40:00Z,0,2026-02-22T22:10:00Z,0,2026-02-15T21:46:00Z
TX2-00777,2026-02-14T13:46:00Z,0,61.22,2026-02-14T13:46:00Z,29.9,2026-02-14T09:02:00Z,37.8,2026-02-14T13:18:00Z,1,2026-02-14T13:11:00Z,32.7,2026-02-13T19:03:00Z,0,2026-02-22T08:57:00Z,0,2026-02-16T07:09:00Z
TX2-00778,2026-02-14T14:04:00Z,0,24.81,2026-02-14T14:04:00Z,60.2,2026-02-14T13:39:00Z,21.8,2026-02-14T13:52:00Z,2,2026-02-14T13:23:00Z,30.0,2026-02-13T19:52:00Z,0,2026-02-23T14:55:00Z,0,2026-02-17T09:56:00Z
TX2-00779,2026-02-14T17:56:00Z,0,21.58,2026-02-14T17:56:00Z,40.1,2026-02-14T14:24:00Z,37.5,2026-02-14T17:44:00Z,4,2026-02-14T17:16:00Z,26.5,2026-02-14T00:43:00Z,0,2026-02-23T06:41:00Z,0,2026-02-16T02:58:00Z
TX2-00780,2026-02-14T18:23:00Z,0,9.53,2026-02-14T18:23:00Z,68.0,2026-02-14T15:34:00Z,48.2,2026-02-14T18:07:00Z,4,2026-02-14T17:37:00Z,41.2,2026-02-14T08:42:00Z,0,2026-02-18T07:45:00Z,0,2026-02-15T21:17:00Z
TX2-00781,2026-02-14T20:01:00Z,0,94.29,2026-02-14T20:01:00Z,73.1,2026-02-14T14:28:00Z,47.3,2026-02-14T19:33:00Z,5,2026-02-14T19:19:00Z,41.0,2026-02-15T03:58:00Z,0,2026-02-20T06:20:00Z,0,2026-02-17T14:55:00Z
TX2-00782,2026-02-14T21:09:00Z,1,144.84,2026-02-14T21:09:00Z,60.6,2026-02-14T17:50:00Z,46.7,2026-02-14T20:41:00Z,2,2026-02-14T20:30:00Z,36.9,2026-02-14T13:40:00Z,1,2026-02-22T07:07:00Z,2,2026-02-16T23:11:00Z
TX2-00783,2026-02-14T21:21:00Z,0,91.53,2026-02-14T21:21:00Z,60.5,2026-02-14T16:28:00Z,43.3,2026-02-14T20:57:00Z,6,2026-02-14T21:06:00Z,37.3,2026-02-14T08:03:00Z,0,2026-02-19T09:22:00Z,0,2026-02-17T04:05:00Z
TX2-00784,2026-02-15T01:37:00Z,0,128.21,2026-02-15T01:37:00Z,64.5,2026-02-14T21:58:00Z,38.3,2026-02-15T01:33:00Z,0,2026-02-15T01:10:00Z,32.1,2026-02-14T17:07:00Z,0,2026-02-19T13:48:00Z,0,2026-02-17T19:43:00Z
TX2-00785,2026-02-15T03:09:00Z,0,600.71,2026-02-15T03:09:00Z,53.4,2026-02-14T21:59:00Z,46.4,2026-02-15T02:54:00Z,2,2026-02-15T03:03:00Z,35.3,2026-02-14T16:03:00Z,0,2026-02-23T16:09:00Z,0,2026-02-17T16:52:00Z
TX2-00786,2026-02-15T05:21:00Z,1,78.46,2026-02-15T05:21:00Z,47.3,2026-02-15T03:36:00Z,56.0,2026-02-15T04:57:00Z,3,2026-02-15T05:02:00Z,28.0,2026-02-15T07:17:00Z,1,2026-02-20T23:32:00Z,2,2026-02-16T08:57:00Z
TX2-00787,2026-02-15T06:40:00Z,0,103.14,2026-02-15T06:40:00Z,28.4,2026-02-15T06:01:00Z,26.5,2026-02-15T06:28:00Z,2,2026-02-15T06:18:00Z,29.3,2026-02-14T15:55:00Z,0,2026-02-19T02:44:00Z,0,2026-02-17T06:14:00Z
TX2-00788,2026-02-15T06:48:00Z,0,59.94,2026-02-15T06:48:00Z,41.7,2026-02-15T05:58:00Z,7.8,2026-02-15T06:28:00Z,2,2026-02-15T06:33:00Z,18.6,2026-02-15T03:00:00Z,0,2026-02-21T11:03:00Z,0,2026-02-16T23:42:00Z
TX2-00789,2026-02-15T07:10:00Z,1,36.1,2026-02-15T07:10:00Z,56.4,2026-02-15T07:00:00Z,50.5,2026-02-15T07:00:00Z,2,2026-02-15T06:15:00Z,30.0,2026-02-14T11:59:00Z,1,2026-02-24T15:04:00Z,2,2026-02-18T05:41:00Z
TX2-00790,2026-02-15T07:26:00Z,0,31.3,2026-02-15T07:26:00Z,38.1,2026-02-15T04:52:00Z,35.1,2026-02-15T07:05:00Z,2,2026-02-15T07:15:00Z,35.9,2026-02-14T18:51:00Z,1,2026-02-24T11:52:00Z,0,2026-02-17T15:51:00Z
TX2-00791,2026-02-15T17:09:00Z,0,28.61,2026-02-15T17:09:00Z,35.1,2026-02-15T17:00:00Z,35.8,2026-02-15T16:53:00Z,2,2026-02-15T16:34:00Z,46.3,2026-02-15T13:03:00Z,0,2026-02-18T19:00:00Z,0,2026-02-17T03:23:00Z
TX2-00792,2026-02-15T19:25:00Z,0,69.8,2026-02-15T19:25:00Z,53.6,2026-02-15T14:30:00Z,48.2,2026-02-15T19:15:00Z,1,2026-02-15T19:14:00Z,39.8,2026-02-16T02:19:00Z,0,2026-02-21T20:59:00Z,0,2026-02-18T17:14:00Z
TX2-00793,2026-02-15T20:04:00Z,0,5.77,2026-02-15T20:04:00Z,32.7,2026-02-15T19:27:00Z,35.1,2026-02-15T19:35:00Z,0,2026-02-15T20:02:00Z,31.7,2026-02-15T00:41:00Z,0,2026-02-21T01:45:00Z,0,2026-02-17T00:00:00Z
TX2-00794,2026-02-15T20:12:00Z,0,243.21,2026-02-15T20:12:00Z,50.2,2026-02-15T18:15:00Z,38.6,2026-02-15T20:03:00Z,2,2026-02-15T20:06:00Z,23.8,2026-02-16T05:12:00Z,0,2026-02-25T02:23:00Z,0,2026-02-17T14:35:00Z
TX2-00795,2026-02-15T23:16:00Z,0,19.33,2026-02-15T23:16:00Z,52.6,2026-02-15T22:28:00Z,17.4,2026-02-15T22:55:00Z,0,2026-02-15T22:57:00Z,34.9,2026-02-15T14:16:00Z,0,2026-02-23T15:51:00Z,0,2026-02-17T11:15:00Z
TX2-00796,2026-02-15T23:24:00Z,0,54.48,2026-02-15T23:24:00Z,31.3,2026-02-15T19:25:00Z,31.2,2026-02-15T23:12:00Z,2,2026-02-15T22:41:00Z,31.0,2026-02-15T09:47:00Z,0,2026-02-20T02:54:00Z,0,2026-02-17T04:50:00Z
TX2-00797,2026-02-15T23:47:00Z,0,86.49,2026-02-15T23:47:00Z,44.9,2026-02-15T21:55:00Z,53.5,2026-02-15T23:32:00Z,1,2026-02-15T23:12:00Z,22.0,2026-02-15T21:36:00Z,0,2026-02-19T17:15:00Z,0,2026-02-18T06:43:00Z
TX2-00798,2026-02-16T03:17:00Z,0,13.78,2026-02-16T03:17:00Z,55.4,2026-02-15T22:13:00Z,34.6,2026-02-16T03:05:00Z,4,2026-02-16T02:38:00Z,46.5,2026-02-15T23:25:00Z,0,2026-02-23T13:11:00Z,0,2026-02-19T02:26:00Z
TX2-00799,2026-02-16T05:54:00Z,1,146.92,2026-02-16T05:54:00Z,31.7,2026-02-16T03:07:00Z,46.0,2026-02-16T05:35:00Z,2,2026-02-16T05:53:00Z,33.4,2026-02-16T11:32:00Z,1,2026-02-25T17:00:00Z,1,2026-02-18T04:17:00Z
TX2-00800,2026-02-16T08:02:00Z,0,80.55,2026-02-16T08:02:00Z,46.3,2026-02-16T05:18:00Z,43.1,2026-02-16T07:35:00Z,1,2026-02-16T07:49:00Z,41.8,2026-02-16T05:04:00Z,0,2026-02-23T06:53:00Z,1,2026-02-19T03:46:00Z
TX2-00801,2026-02-16T09:23:00Z,0,26.7,2026-02-16T09:23:00Z,32.6,2026-02-16T04:43:00Z,30.0,2026-02-16T09:13:00Z,3,2026-02-16T09:01:00Z,34.8,2026-02-16T02:14:00Z,0,2026-02-25T05:50:00Z,0,2026-02-19T01:01:00Z
TX2-00802,2026-02-16T11:39:00Z,0,34.11,2026-02-16T11:39:00Z,54.3,2026-02-16T09:33:00Z,59.9,2026-02-16T11:24:00Z,1,2026-02-16T10:49:00Z,38.6,2026-02-15T19:10:00Z,0,2026-02-19T22:31:00Z,0,2026-02-17T16:26:00Z
TX2-00803,2026-02-16T12:19:00Z,0,35.76,2026-02-16T12:19:00Z,56.4,2026-02-16T07:44:00Z,31.9,2026-02-16T12:09:00Z,2,2026-02-16T11:33:00Z,30.1,2026-02-15T18:53:00Z,0,2026-02-20T13:48:00Z,0,2026-02-19T00:27:00Z
TX2-00804,2026-02-16T12:56:00Z,0,148.3,2026-02-16T12:56:00Z,37.4,2026-02-16T07:51:00Z,38.3,2026-02-16T12:35:00Z,1,2026-02-16T12:46:00Z,17.5,2026-02-15T23:39:00Z,0,2026-02-26T12:43:00Z,0,2026-02-17T16:54:00Z
TX2-00805,2026-02-16T15:53:00Z,0,135.3,2026-02-16T15:53:00Z,50.8,2026-02-16T15:03:00Z,42.0,2026-02-16T15:39:00Z,3,2026-02-16T14:58:00Z,38.8,2026-02-16T02:26:00Z,0,2026-02-25T21:55:00Z,0,2026-02-17T21:44:00Z
TX2-00806,2026-02-16T16:59:00Z,0,36.35,2026-02-16T16:59:00Z,51.0,2026-02-16T13:26:00Z,37.7,2026-02-16T16:53:00Z,7,2026-02-16T16:35:00Z,31.3,2026-02-16T00:52:00Z,0,2026-02-23T20:41:00Z,0,2026-02-18T21:36:00Z
TX2-00807,2026-02-16T18:03:00Z,0,51.73,2026-02-16T18:03:00Z,43.3,2026-02-16T14:06:00Z,35.0,2026-02-16T17:39:00Z,4,2026-02-16T18:01:00Z,23.8,2026-02-15T23:56:00Z,0,2026-02-21T19:07:00Z,0,2026-02-18T08:25:00Z
TX2-00808,2026-02-16T18:15:00Z,0,249.53,2026-02-16T18:15:00Z,58.5,2026-02-16T14:58:00Z,29.0,2026-02-16T17:57:00Z,2,2026-02-16T17:26:00Z,35.1,2026-02-16T16:25:00Z,0,2026-02-21T00:46:00Z,0,2026-02-18T14:47:00Z
TX2-00809,2026-02-16T19:05:00Z,0,103.03,2026-02-16T19:05:00Z,52.4,2026-02-16T16:00:00Z,47.8,2026-02-16T19:02:00Z,1,2026-02-16T18:20:00Z,35.7,2026-02-16T00:19:00Z,0,2026-02-22T10:55:00Z,0,2026-02-18T05:55:00Z
TX2-00810,2026-02-16T19:12:00Z,0,101.21,2026-02-16T19:12:00Z,64.0,2026-02-16T15:29:00Z,29.3,2026-02-16T19:05:00Z,5,2026-02-16T18:33:00Z,40.6,2026-02-16T10:37:00Z,0,2026-02-25T16:48:00Z,0,2026-02-18T07:46:00Z
TX2-00811,2026-02-16T19:40:00Z,0,19.58,2026-02-16T19:40:00Z,47.3,2026-02-16T15:20:00Z,39.2,2026-02-16T19:36:00Z,3,2026-02-16T18:45:00Z,15.0,2026-02-16T16:48:00Z,0,2026-02-26T11:30:00Z,0,2026-02-18T14:23:00Z
TX2-00812,2026-02-16T19:44:00Z,0,294.43,2026-02-16T19:44:00Z,46.1,2026-02-16T18:25:00Z,50.0,2026-02-16T19:24:00Z,2,2026-02-16T18:49:00Z,20.8,2026-02-16T05:17:00Z,0,2026-02-21T13:57:00Z,0,2026-02-18T09:52:00Z
TX2-00813,2026-02-16T19:55:00Z,0,62.54,2026-02-16T19:55:00Z,30.5,2026-02-16T17:28:00Z,43.9,2026-02-16T19:46:00Z,2,2026-02-16T19:16:00Z,19.5,2026-02-16T02:24:00Z,0,2026-02-22T07:54:00Z,1,2026-02-19T08:03:00Z
TX2-00814,2026-02-16T20:31:00Z,0,18.92,2026-02-16T20:31:00Z,40.8,2026-02-16T18:25:00Z,23.1,2026-02-16T20:10:00Z,1,2026-02-16T20:25:00Z,8.9,2026-02-16T14:59:00Z,0,2026-02-22T19:11:00Z,0,2026-02-17T21:45:00Z
TX2-00815,2026-02-16T22:58:00Z,0,23.92,2026-02-16T22:58:00Z,48.4,2026-02-16T22:50:00Z,55.3,2026-02-16T22:52:00Z,0,2026-02-16T22:07:00Z,17.8,2026-02-16T13:27:00Z,0,2026-02-21T03:00:00Z,0,2026-02-19T21:29:00Z
TX2-00816,2026-02-17T00:49:00Z,0,12.09,2026-02-17T00:49:00Z,59.0,2026-02-16T19:08:00Z,52.9,2026-02-17T00:24:00Z,2,2026-02-17T00:12:00Z,29.5,2026-02-16T10:45:00Z,0,2026-02-26T10:38:00Z,0,2026-02-18T13:00:00Z
TX2-00817,2026-02-17T01:08:00Z,0,68.44,2026-02-17T01:08:00Z,37.6,2026-02-16T21:00:00Z,35.6,2026-02-17T00:52:00Z,1,2026-02-17T00:22:00Z,33.4,2026-02-16T18:05:00Z,0,2026-02-22T05:43:00Z,0,2026-02-18T13:07:00Z
TX2-00818,2026-02-17T01:48:00Z,0,24.52,2026-02-17T01:48:00Z,42.5,2026-02-17T00:40:00Z,26.6,2026-02-17T01:26:00Z,0,2026-02-17T01:14:00Z,19.6,2026-02-16T21:37:00Z,0,2026-02-20T23:29:00Z,0,2026-02-18T01:58:00Z
TX2-00819,2026-02-17T01:52:00Z,0,36.77,2026-02-17T01:52:00Z,60.1,2026-02-16T20:37:00Z,58.5,2026-02-17T01:35:00Z,2,2026-02-17T01:30:00Z,49.9,2026-02-17T07:05:00Z,0,2026-02-23T02:29:00Z,0,2026-02-19T08:40:00Z
TX2-00820,2026-02-17T01:56:00Z,0,106.17,2026-02-17T01:56:00Z,58.1,2026-02-16T23:04:00Z,57.2,2026-02-17T01:43:00Z,2,2026-02-17T01:47:00Z,17.4,2026-02-16T06:19:00Z,0,2026-02-23T15:42:00Z,0,2026-02-18T10:28:00Z
TX2-00821,2026-02-17T02:42:00Z,0,151.01,2026-02-17T02:42:00Z,39.6,2026-02-17T01:35:00Z,23.0,2026-02-17T02:40:00Z,1,2026-02-17T01:42:00Z,28.8,2026-02-16T14:16:00Z,0,2026-02-25T02:23:00Z,1,2026-02-18T11:16:00Z
TX2-00822,2026-02-17T03:21:00Z,0,33.53,2026-02-17T03:21:00Z,46.5,2026-02-16T23:31:00Z,43.1,2026-02-17T03:20:00Z,0,2026-02-17T03:07:00Z,17.3,2026-02-16T20:01:00Z,0,2026-02-21T10:55:00Z,0,2026-02-18T05:58:00Z
TX2-00823,2026-02-17T04:04:00Z,0,103.01,2026-02-17T04:04:00Z,62.7,2026-02-17T03:45:00Z,60.2,2026-02-17T03:59:00Z,4,2026-02-17T03:46:00Z,43.3,2026-02-16T22:54:00Z,0,2026-02-27T00:42:00Z,0,2026-02-19T12:27:00Z
TX2-00824,2026-02-17T08:28:00Z,0,10.4,2026-02-17T08:28:00Z,47.5,2026-02-17T04:57:00Z,16.7,2026-02-17T08:11:00Z,0,2026-02-17T08:05:00Z,37.6,2026-02-17T05:29:00Z,0,2026-02-24T08:04:00Z,0,2026-02-18T18:47:00Z
TX2-00825,2026-02-17T08:31:00Z,0,192.66,2026-02-17T08:31:00Z,49.1,2026-02-17T03:59:00Z,29.7,2026-02-17T08:19:00Z,2,2026-02-17T08:05:00Z,20.2,2026-02-17T01:14:00Z,0,2026-02-22T15:14:00Z,0,2026-02-18T11:18:00Z
TX2-00826,2026-02-17T08:53:00Z,0,14.17,2026-02-17T08:53:00Z,30.1,2026-02-17T08:44:00Z,18.2,2026-02-17T08:47:00Z,1,2026-02-17T07:57:00Z,25.7,2026-02-16T20:47:00Z,0,2026-02-21T10:06:00Z,0,2026-02-20T07:55:00Z
TX2-00827,2026-02-17T10:32:00Z,0,135.09,2026-02-17T10:32:00Z,49.4,2026-02-17T09:14:00Z,32.3,2026-02-17T10:16:00Z,5,2026-02-17T09:49:00Z,29.0,2026-02-17T01:41:00Z,0,2026-02-26T15:01:00Z,0,2026-02-18T12:04:00Z
TX2-00828,2026-02-17T10:49:00Z,0,212.22,2026-02-17T10:49:00Z,48.6,2026-02-17T06:40:00Z,50.9,2026-02-17T10:23:00Z,1,2026-02-17T10:13:00Z,35.9,2026-02-17T08:09:00Z,0,2026-02-21T11:38:00Z,0,2026-02-19T16:57:00Z
TX2-00829,2026-02-17T11:49:00Z,0,16.01,2026-02-17T11:49:00Z,51.8,2026-02-17T10:40:00Z,25.6,2026-02-17T11:30:00Z,4,2026-02-17T11:12:00Z,22.3,2026-02-16T22:50:00Z,0,2026-02-25T16:45:00Z,0,2026-02-19T12:37:00Z
TX2-00830,2026-02-17T13:41:00Z,0,97.9,2026-02-17T13:41:00Z,56.6,2026-02-17T11:24:00Z,47.0,2026-02-17T13:27:00Z,6,2026-02-17T13:01:00Z,23.6,2026-02-17T22:35:00Z,0,2026-02-27T12:47:00Z,0,2026-02-20T04:39:00Z
TX2-00831,2026-02-17T14:26:00Z,0,5.95,2026-02-17T14:26:00Z,43.9,2026-02-17T10:56:00Z,24.7,2026-02-17T14:20:00Z,1,2026-02-17T13:34:00Z,26.0,2026-02-17T23:25:00Z,0,2026-02-22T09:14:00Z,0,2026-02-19T08:12:00Z
TX2-00832,2026-02-17T17:43:00Z,0,79.25,2026-02-17T17:43:00Z,72.2,2026-02-17T16:35:00Z,42.2,2026-02-17T17:34:00Z,0,2026-02-17T16:43:00Z,39.3,2026-02-17T01:57:00Z,0,2026-02-24T23:12:00Z,0,2026-02-19T02:57:00Z
TX2-00833,2026-02-17T17:55:00Z,0,36.48,2026-02-17T17:55:00Z,46.3,2026-02-17T15:24:00Z,54.2,2026-02-17T17:50:00Z,0,2026-02-17T17:29:00Z,38.5,2026-02-17T14:45:00Z,0,2026-02-21T19:17:00Z,0,2026-02-20T09:09:00Z
TX2-00834,2026-02-17T18:43:00Z,0,68.91,2026-02-17T18:43:00Z,61.0,2026-02-17T17:19:00Z,49.7,2026-02-17T18:36:00Z,0,2026-02-17T18:37:00Z,31.8,2026-02-17T06:20:00Z,0,2026-02-23T19:50:00Z,0,2026-02-19T15:13:00Z
TX2-00835,2026-02-17T21:12:00Z,1,115.89,2026-02-17T21:12:00Z,27.7,2026-02-17T20:54:00Z,30.0,2026-02-17T21:11:00Z,4,2026-02-17T20:55:00Z,32.9,2026-02-17T07:55:00Z,1,2026-02-26T06:29:00Z,1,2026-02-20T02:31:00Z
TX2-00836,2026-02-17T21:38:00Z,0,54.31,2026-02-17T21:38:00Z,38.4,2026-02-17T16:27:00Z,47.8,2026-02-17T21:25:00Z,0,2026-02-17T20:49:00Z,27.0,2026-02-17T23:46:00Z,0,2026-02-23T15:50:00Z,0,2026-02-19T06:36:00Z
TX2-00837,2026-02-17T21:48:00Z,0,34.2,2026-02-17T21:48:00Z,34.2,2026-02-17T16:56:00Z,38.7,2026-02-17T21:31:00Z,2,2026-02-17T21:42:00Z,34.9,2026-02-17T03:57:00Z,0,2026-02-26T16:16:00Z,0,2026-02-20T14:29:00Z
TX2-00838,2026-02-17T22:10:00Z,0,38.08,2026-02-17T22:10:00Z,57.6,2026-02-17T20:39:00Z,19.5,2026-02-17T21:56:00Z,3,2026-02-17T21:57:00Z,15.8,2026-02-17T02:23:00Z,0,2026-02-21T03:08:00Z,1,2026-02-20T16:31:00Z
TX2-00839,2026-02-18T00:06:00Z,0,31.31,2026-02-18T00:06:00Z,40.8,2026-02-17T22:42:00Z,29.0,2026-02-17T23:45:00Z,6,2026-02-17T23:47:00Z,29.5,2026-02-17T10:11:00Z,0,2026-02-21T23:50:00Z,1,2026-02-20T10:37:00Z
TX2-00840,2026-02-18T00:28:00Z,0,32.22,2026-02-18T00:28:00Z,47.5,2026-02-17T20:14:00Z,38.8,2026-02-18T00:06:00Z,2,2026-02-18T00:08:00Z,18.6,2026-02-17T15:33:00Z,0,2026-02-26T15:10:00Z,0,2026-02-20T13:16:00Z
TX2-00841,2026-02-18T03:12:00Z,0,34.33,2026-02-18T03:12:00Z,61.8,2026-02-18T00:21:00Z,43.6,2026-02-18T02:53:00Z,2,2026-02-18T02:46:00Z,24.4,2026-02-17T12:00:00Z,0,2026-02-27T11:31:00Z,0,2026-02-21T03:03:00Z
TX2-00842,2026-02-18T06:50:00Z,0,53.27,2026-02-18T06:50:00Z,54.6,2026-02-18T03:17:00Z,37.0,2026-02-18T06:25:00Z,3,2026-02-18T06:14:00Z,24.5,2026-02-18T05:24:00Z,0,2026-02-26T18:58:00Z,0,2026-02-20T21:54:00Z
TX2-00843,2026-02-18T07:32:00Z,0,53.44,2026-02-18T07:32:00Z,38.9,2026-02-18T04:32:00Z,35.4,2026-02-18T07:10:00Z,3,2026-02-18T06:45:00Z,33.8,2026-02-17T18:58:00Z,0,2026-02-22T00:35:00Z,0,2026-02-21T04:09:00Z
TX2-00844,2026-02-18T07:53:00Z,0,48.1,2026-02-18T07:53:00Z,42.2,2026-02-18T02:55:00Z,36.0,2026-02-18T07:32:00Z,3,2026-02-18T07:08:00Z,31.6,2026-02-18T04:22:00Z,0,2026-02-23T03:36:00Z,0,2026-02-20T05:05:00Z
TX2-00845,2026-02-18T09:00:00Z,1,28.09,2026-02-18T09:00:00Z,50.6,2026-02-18T07:23:00Z,28.5,2026-02-18T08:57:00Z,6,2026-02-18T08:49:00Z,35.0,2026-02-18T00:34:00Z,1,2026-02-24T13:11:00Z,2,2026-02-20T23:03:00Z
TX2-00846,2026-02-18T09:40:00Z,0,135.04,2026-02-18T09:40:00Z,37.9,2026-02-18T06:47:00Z,47.9,2026-02-18T09:27:00Z,3,2026-02-18T08:53:00Z,44.0,2026-02-17T16:36:00Z,0,2026-02-21T15:34:00Z,0,2026-02-20T12:22:00Z
TX2-00847,2026-02-18T11:29:00Z,0,21.01,2026-02-18T11:29:00Z,50.6,2026-02-18T10:47:00Z,64.0,2026-02-18T11:07:00Z,4,2026-02-18T11:22:00Z,39.5,2026-02-18T17:33:00Z,0,2026-02-22T22:55:00Z,0,2026-02-19T17:47:00Z
TX2-00848,2026-02-18T14:23:00Z,0,141.23,2026-02-18T14:23:00Z,46.8,2026-02-18T13:26:00Z,40.6,2026-02-18T14:07:00Z,1,2026-02-18T13:36:00Z,19.7,2026-02-18T01:59:00Z,0,2026-02-26T05:19:00Z,0,2026-02-20T00:26:00Z
TX2-00849,2026-02-18T14:25:00Z,0,34.09,2026-02-18T14:25:00Z,54.0,2026-02-18T13:56:00Z,26.6,2026-02-18T14:09:00Z,0,2026-02-18T13:50:00Z,24.6,2026-02-17T20:48:00Z,0,2026-02-25T05:59:00Z,1,2026-02-20T00:05:00Z
TX2-00850,2026-02-18T17:29:00Z,1,70.23,2026-02-18T17:29:00Z,31.5,2026-02-18T13:44:00Z,27.9,2026-02-18T17:07:00Z,2,2026-02-18T17:10:00Z,30.6,2026-02-19T00:28:00Z,1,2026-02-22T21:59:00Z,2,2026-02-20T07:00:00Z
TX2-00851,2026-02-18T18:13:00Z,0,23.15,2026-02-18T18:13:00Z,28.2,2026-02-18T14:39:00Z,46.7,2026-02-18T17:50:00Z,3,2026-02-18T17:44:00Z,25.0,2026-02-18T02:54:00Z,0,2026-02-24T05:01:00Z,0,2026-02-20T23:42:00Z
TX2-00852,2026-02-18T20:30:00Z,0,49.08,2026-02-18T20:30:00Z,56.7,2026-02-18T17:13:00Z,53.2,2026-02-18T20:14:00Z,3,2026-02-18T19:45:00Z,39.5,2026-02-18T03:08:00Z,0,2026-02-26T02:02:00Z,0,2026-02-21T11:16:00Z
TX2-00853,2026-02-18T22:47:00Z,0,95.66,2026-02-18T22:47:00Z,45.7,2026-02-18T20:54:00Z,19.5,2026-02-18T22:34:00Z,5,2026-02-18T21:55:00Z,27.8,2026-02-18T04:28:00Z,0,2026-02-25T10:52:00Z,0,2026-02-21T06:22:00Z
TX2-00854,2026-02-18T23:16:00Z,0,9.96,2026-02-18T23:16:00Z,46.0,2026-02-18T22:46:00Z,46.6,2026-02-18T23:05:00Z,1,2026-02-18T23:12:00Z,44.2,2026-02-18T19:48:00Z,0,2026-02-28T21:52:00Z,0,2026-02-21T12:55:00Z
TX2-00855,2026-02-19T00:24:00Z,0,40.98,2026-02-19T00:24:00Z,60.0,2026-02-18T21:52:00Z,54.6,2026-02-18T23:54:00Z,5,2026-02-18T23:31:00Z,28.9,2026-02-18T23:20:00Z,0,2026-02-28T03:43:00Z,1,2026-02-21T16:02:00Z
TX2-00856,2026-02-19T03:51:00Z,0,49.95,2026-02-19T03:51:00Z,39.0,2026-02-19T02:39:00Z,43.6,2026-02-19T03:35:00Z,0,2026-02-19T03:49:00Z,18.4,2026-02-18T10:32:00Z,0,2026-02-22T12:17:00Z,0,2026-02-20T14:20:00Z
TX2-00857,2026-02-19T08:36:00Z,0,49.48,2026-02-19T08:36:00Z,49.9,2026-02-19T03:33:00Z,36.8,2026-02-19T08:33:00Z,2,2026-02-19T08:25:00Z,13.6,2026-02-18T19:30:00Z,0,2026-02-28T11:54:00Z,0,2026-02-22T04:18:00Z
TX2-00858,2026-02-19T08:48:00Z,0,10.6,2026-02-19T08:48:00Z,39.6,2026-02-19T06:41:00Z,50.4,2026-02-19T08:19:00Z,2,2026-02-19T08:04:00Z,37.0,2026-02-19T05:38:00Z,0,2026-02-25T22:09:00Z,0,2026-02-20T15:03:00Z
TX2-00859,2026-02-19T09:13:00Z,0,43.55,2026-02-19T09:13:00Z,38.1,2026-02-19T09:00:00Z,33.8,2026-02-19T08:50:00Z,1,2026-02-19T08:56:00Z,37.2,2026-02-19T01:58:00Z,0,2026-02-27T13:49:00Z,0,2026-02-20T12:04:00Z
TX2-00860,2026-02-19T10:17:00Z,0,35.14,2026-02-19T10:17:00Z,48.1,2026-02-19T09:35:00Z,40.5,2026-02-19T10:07:00Z,7,2026-02-19T09:51:00Z,43.2,2026-02-18T16:24:00Z,0,2026-02-25T03:52:00Z,0,2026-02-20T18:20:00Z
TX2-00861,2026-02-19T11:00:00Z,0,89.11,2026-02-19T11:00:00Z,61.9,2026-02-19T06:01:00Z,35.6,2026-02-19T10:34:00Z,2,2026-02-19T10:37:00Z,32.4,2026-02-18T20:17:00Z,0,2026-02-24T16:04:00Z,0,2026-02-21T23:03:00Z
TX2-00862,2026-02-19T14:04:00Z,0,157.13,2026-02-19T14:04:00Z,44.0,2026-02-19T11:14:00Z,38.6,2026-02-19T13:39:00Z,3,2026-02-19T13:45:00Z,24.3,2026-02-19T04:50:00Z,0,2026-02-28T17:41:00Z,1,2026-02-21T13:09:00Z
TX2-00863,2026-02-19T14:47:00Z,0,28.83,2026-02-19T14:47:00Z,29.7,2026-02-19T11:39:00Z,34.1,2026-02-19T14:19:00Z,1,2026-02-19T14:06:00Z,31.3,2026-02-19T13:20:00Z,0,2026-02-25T03:39:00Z,0,2026-02-22T13:07:00Z
TX2-00864,2026-02-19T16:27:00Z,0,48.01,2026-02-19T16:27:00Z,68.7,2026-02-19T12:30:00Z,53.5,2026-02-19T16:07:00Z,3,2026-02-19T15:36:00Z,41.4,2026-02-19T02:26:00Z,0,2026-02-24T10:05:00Z,2,2026-02-22T02:19:00Z
TX2-00865,2026-02-19T19:41:00Z,0,102.14,2026-02-19T19:41:00Z,36.9,2026-02-19T17:05:00Z,53.2,2026-02-19T19:33:00Z,2,2026-02-19T19:05:00Z,14.4,2026-02-19T02:00:00Z,0,2026-02-28T23:56:00Z,0,2026-02-21T19:23:00Z
TX2-00866,2026-02-19T23:09:00Z,0,46.56,2026-02-19T23:09:00Z,70.2,2026-02-19T18:44:00Z,38.1,2026-02-19T22:41:00Z,3,2026-02-19T22:31:00Z,31.4,2026-02-19T05:37:00Z,0,2026-02-26T14:31:00Z,0,2026-02-22T04:48:00Z
TX2-00867,2026-02-20T00:17:00Z,0,12.12,2026-02-20T00:17:00Z,43.9,2026-02-19T20:21:00Z,25.3,2026-02-19T23:55:00Z,0,2026-02-20T00:16:00Z,20.9,2026-02-19T04:45:00Z,0,2026-02-28T06:25:00Z,0,2026-02-21T05:38:00Z
TX2-00868,2026-02-20T01:24:00Z,0,120.36,2026-02-20T01:24:00Z,43.7,2026-02-20T00:15:00Z,46.4,2026-02-20T00:55:00Z,2,2026-02-20T00:28:00Z,36.5,2026-02-19T18:41:00Z,0,2026-03-01T14:19:00Z,0,2026-02-22T12:17:00Z
TX2-00869,2026-02-20T05:32:00Z,0,96.67,2026-02-20T05:32:00Z,47.1,2026-02-20T03:24:00Z,48.1,2026-02-20T05:23:00Z,2,2026-02-20T04:47:00Z,28.1,2026-02-19T22:15:00Z,0,2026-02-27T06:21:00Z,0,2026-02-21T10:09:00Z
TX2-00870,2026-02-20T07:59:00Z,0,24.16,2026-02-20T07:59:00Z,45.5,2026-02-20T07:38:00Z,33.8,2026-02-20T07:33:00Z,1,2026-02-20T07:20:00Z,21.5,2026-02-19T21:02:00Z,0,2026-02-28T00:09:00Z,0,2026-02-21T22:15:00Z
TX2-00871,2026-02-20T08:50:00Z,0,22.89,2026-02-20T08:50:00Z,38.9,2026-02-20T04:45:00Z,46.2,2026-02-20T08:49:00Z,2,2026-02-20T08:17:00Z,47.5,2026-02-19T22:33:00Z,0,2026-02-27T21:38:00Z,0,2026-02-21T09:48:00Z
TX2-00872,2026-02-20T09:48:00Z,1,155.79,2026-02-20T09:48:00Z,36.6,2026-02-20T05:09:00Z,44.9,2026-02-20T09:23:00Z,3,2026-02-20T08:51:00Z,30.8,2026-02-19T16:58:00Z,1,2026-02-24T18:25:00Z,2,2026-02-22T01:32:00Z
TX2-00873,2026-02-20T10:30:00Z,0,125.14,2026-02-20T10:30:00Z,46.0,2026-02-20T08:17:00Z,23.4,2026-02-20T10:19:00Z,6,2026-02-20T10:20:00Z,16.0,2026-02-20T02:29:00Z,0,2026-02-25T19:57:00Z,0,2026-02-22T09:59:00Z
TX2-00874,2026-02-20T12:29:00Z,0,20.59,2026-02-20T12:29:00Z,48.6,2026-02-20T06:52:00Z,45.8,2026-02-20T12:08:00Z,4,2026-02-20T11:44:00Z,25.2,2026-02-20T06:11:00Z,0,2026-02-24T03:09:00Z,0,2026-02-23T03:03:00Z
TX2-00875,2026-02-20T14:06:00Z,0,118.29,2026-02-20T14:06:00Z,58.6,2026-02-20T09:21:00Z,52.1,2026-02-20T13:53:00Z,2,2026-02-20T13:32:00Z,38.3,2026-02-19T18:16:00Z,0,2026-02-24T12:36:00Z,0,2026-02-21T14:24:00Z
TX2-00876,2026-02-20T19:26:00Z,0,20.63,2026-02-20T19:26:00Z,56.2,2026-02-20T17:31:00Z,40.8,2026-02-20T19:22:00Z,5,2026-02-20T18:35:00Z,36.4,2026-02-20T17:08:00Z,0,2026-02-28T14:01:00Z,1,2026-02-22T06:27:00Z
TX2-00877,2026-02-20T20:00:00Z,0,35.34,2026-02-20T20:00:00Z,52.7,2026-02-20T16:09:00Z,44.7,2026-02-20T19:50:00Z,1,2026-02-20T19:52:00Z,33.9,2026-02-20T07:06:00Z,0,2026-02-28T14:13:00Z,0,2026-02-22T04:35:00Z
TX2-00878,2026-02-20T20:41:00Z,0,103.17,2026-02-20T20:41:00Z,56.8,2026-02-20T16:35:00Z,47.8,2026-02-20T20:15:00Z,1,2026-02-20T20:23:00Z,16.1,2026-02-20T16:13:00Z,0,2026-02-26T11:00:00Z,1,2026-02-23T09:15:00Z
TX2-00879,2026-02-20T21:25:00Z,1,29.18,2026-02-20T21:25:00Z,65.1,2026-02-20T18:25:00Z,33.5,2026-02-20T20:58:00Z,1,2026-02-20T21:00:00Z,44.0,2026-02-20T08:00:00Z,1,2026-02-28T14:28:00Z,1,2026-02-22T00:15:00Z
TX2-00880,2026-02-20T21:59:00Z,0,57.7,2026-02-20T21:59:00Z,27.8,2026-02-20T19:27:00Z,37.7,2026-02-20T21:47:00Z,2,2026-02-20T21:37:00Z,22.0,2026-02-20T12:18:00Z,0,2026-02-25T08:17:00Z,0,2026-02-22T06:25:00Z
TX2-00881,2026-02-20T22:39:00Z,0,112.68,2026-02-20T22:39:00Z,65.3,2026-02-20T18:03:00Z,36.8,2026-02-20T22:11:00Z,2,2026-02-20T22:15:00Z,31.0,2026-02-20T18:19:00Z,0,2026-02-24T06:07:00Z,0,2026-02-23T19:22:00Z
TX2-00882,2026-02-20T23:21:00Z,0,48.35,2026-02-20T23:21:00Z,52.5,2026-02-20T20:55:00Z,39.8,2026-02-20T22:52:00Z,2,2026-02-20T22:55:00Z,48.9,2026-02-20T18:45:00Z,0,2026-02-25T19:38:00Z,0,2026-02-22T18:29:00Z
TX2-00883,2026-02-20T23:26:00Z,0,65.29,2026-02-20T23:26:00Z,44.1,2026-02-20T20:52:00Z,27.6,2026-02-20T23:19:00Z,4,2026-02-20T23:06:00Z,33.7,2026-02-20T08:59:00Z,0,2026-03-01T05:10:00Z,0,2026-02-23T11:00:00Z
TX2-00884,2026-02-21T00:27:00Z,0,24.12,2026-02-21T00:27:00Z,58.9,2026-02-20T23:25:00Z,57.5,2026-02-21T00:14:00Z,2,2026-02-20T23:34:00Z,12.9,2026-02-20T08:00:00Z,0,2026-03-01T14:46:00Z,0,2026-02-22T04:43:00Z
TX2-00885,2026-02-21T02:07:00Z,0,72.08,2026-02-21T02:07:00Z,44.7,2026-02-20T23:02:00Z,41.4,2026-02-21T01:58:00Z,0,2026-02-21T01:24:00Z,44.4,2026-02-20T17:06:00Z,0,2026-02-27T16:34:00Z,0,2026-02-24T00:36:00Z
TX2-00886,2026-02-21T02:08:00Z,0,137.63,2026-02-21T02:08:00Z,53.0,2026-02-20T22:04:00Z,38.5,2026-02-21T02:03:00Z,2,2026-02-21T02:07:00Z,34.7,2026-02-20T07:26:00Z,0,2026-02-27T13:54:00Z,0,2026-02-22T05:39:00Z
TX2-00887,2026-02-21T02:36:00Z,0,76.61,2026-02-21T02:36:00Z,34.9,2026-02-20T23:49:00Z,67.3,2026-02-21T02:26:00Z,3,2026-02-21T02:21:00Z,37.3,2026-02-20T19:35:00Z,0,2026-03-02T02:37:00Z,0,2026-02-22T14:07:00Z
TX2-00888,2026-02-21T04:52:00Z,0,52.85,2026-02-21T04:52:00Z,60.4,2026-02-21T02:05:00Z,42.8,2026-02-21T04:40:00Z,3,2026-02-21T04:51:00Z,25.7,2026-02-20T18:48:00Z,0,2026-03-02T11:19:00Z,0,2026-02-23T09:07:00Z
TX2-00889,2026-02-21T05:43:00Z,0,21.12,2026-02-21T05:43:00Z,55.4,2026-02-21T02:29:00Z,41.1,2026-02-21T05:37:00Z,1,2026-02-21T04:54:00Z,25.5,2026-02-20T21:50:00Z,0,2026-02-25T07:23:00Z,0,2026-02-22T23:22:00Z
TX2-00890,2026-02-21T08:05:00Z,0,88.26,2026-02-21T08:05:00Z,39.6,2026-02-21T05:23:00Z,48.7,2026-02-21T07:50:00Z,1,2026-02-21T08:01:00Z,40.2,2026-02-20T18:43:00Z,0,2026-03-01T20:46:00Z,1,2026-02-23T05:11:00Z
TX2-00891,2026-02-21T10:10:00Z,0,66.46,2026-02-21T10:10:00Z,55.5,2026-02-21T08:47:00Z,43.5,2026-02-21T09:58:00Z,6,2026-02-21T09:37:00Z,22.6,2026-02-21T06:11:00Z,0,2026-03-02T06:49:00Z,0,2026-02-22T10:17:00Z
TX2-00892,2026-02-21T10:21:00Z,0,35.08,2026-02-21T10:21:00Z,76.7,2026-02-21T05:42:00Z,28.8,2026-02-21T10:06:00Z,3,2026-02-21T09:49:00Z,21.0,2026-02-21T05:58:00Z,0,2026-02-26T18:04:00Z,0,2026-02-24T05:24:00Z
TX2-00893,2026-02-21T11:33:00Z,0,45.24,2026-02-21T11:33:00Z,54.7,2026-02-21T09:45:00Z,38.2,2026-02-21T11:12:00Z,2,2026-02-21T11:15:00Z,25.7,2026-02-20T15:36:00Z,0,2026-03-02T14:48:00Z,1,2026-02-23T20:33:00Z
TX2-00894,2026-02-21T16:33:00Z,0,52.28,2026-02-21T16:33:00Z,61.0,2026-02-21T12:30:00Z,37.3,2026-02-21T16:06:00Z,1,2026-02-21T16:16:00Z,41.7,2026-02-21T21:57:00Z,0,2026-03-01T00:50:00Z,2,2026-02-23T10:10:00Z
TX2-00895,2026-02-21T16:39:00Z,0,71.63,2026-02-21T16:39:00Z,49.0,2026-02-21T13:20:00Z,22.6,2026-02-21T16:13:00Z,1,2026-02-21T16:35:00Z,29.0,2026-02-20T23:37:00Z,0,2026-03-02T19:09:00Z,0,2026-02-23T10:46:00Z
TX2-00896,2026-02-21T17:34:00Z,0,48.55,2026-02-21T17:34:00Z,64.2,2026-02-21T15:03:00Z,49.8,2026-02-21T17:12:00Z,5,2026-02-21T17:03:00Z,32.2,2026-02-21T06:29:00Z,0,2026-03-02T21:03:00Z,0,2026-02-23T10:35:00Z
TX2-00897,2026-02-21T17:50:00Z,0,10.58,2026-02-21T17:50:00Z,54.5,2026-02-21T12:48:00Z,35.9,2026-02-21T17:40:00Z,4,2026-02-21T17:05:00Z,50.0,2026-02-21T05:09:00Z,0,2026-03-03T12:43:00Z,0,2026-02-23T00:22:00Z
TX2-00898,2026-02-21T18:16:00Z,1,135.71,2026-02-21T18:16:00Z,65.8,2026-02-21T17:35:00Z,65.7,2026-02-21T17:51:00Z,2,2026-02-21T17:29:00Z,32.9,2026-02-21T16:56:00Z,1,2026-03-02T05:45:00Z,2,2026-02-22T20:24:00Z
TX2-00899,2026-02-21T19:36:00Z,0,29.14,2026-02-21T19:36:00Z,55.7,2026-02-21T16:18:00Z,35.8,2026-02-21T19:12:00Z,2,2026-02-21T19:15:00Z,53.3,2026-02-21T04:13:00Z,0,2026-02-26T03:01:00Z,0,2026-02-23T23:48:00Z
TX2-00900,2026-02-21T19:46:00Z,0,251.0,2026-02-21T19:46:00Z,38.6,2026-02-21T17:14:00Z,38.5,2026-02-21T19:33:00Z,5,2026-02-21T18:58:00Z,36.3,2026-02-22T03:24:00Z,0,2026-03-01T19:03:00Z,1,2026-02-23T05:22:00Z
TX2-00901,2026-02-21T22:17:00Z,0,51.81,2026-02-21T22:17:00Z,66.3,2026-02-21T16:22:00Z,28.5,2026-02-21T21:59:00Z,2,2026-02-21T21:23:00Z,34.4,2026-02-21T05:41:00Z,0,2026-02-25T21:56:00Z,0,2026-02-23T08:32:00Z
TX2-00902,2026-02-21T22:35:00Z,0,104.37,2026-02-21T22:35:00Z,49.6,2026-02-21T21:38:00Z,44.5,2026-02-21T22:27:00Z,3,2026-02-21T21:52:00Z,36.2,2026-02-22T05:48:00Z,0,2026-02-28T12:45:00Z,0,2026-02-22T23:50:00Z
TX2-00903,2026-02-21T23:07:00Z,0,21.01,2026-02-21T23:07:00Z,50.0,2026-02-21T19:44:00Z,24.7,2026-02-21T23:05:00Z,1,2026-02-21T22:16:00Z,22.3,2026-02-21T15:07:00Z,0,2026-02-28T17:43:00Z,0,2026-02-23T23:14:00Z
TX2-00904,2026-02-22T00:25:00Z,0,40.02,2026-02-22T00:25:00Z,50.3,2026-02-21T20:52:00Z,41.5,2026-02-21T23:57:00Z,5,2026-02-21T23:59:00Z,29.7,2026-02-22T06:51:00Z,0,2026-03-02T21:43:00Z,0,2026-02-23T04:37:00Z
TX2-00905,2026-02-22T03:02:00Z,0,24.7,2026-02-22T03:02:00Z,25.6,2026-02-21T23:27:00Z,50.7,2026-02-22T02:33:00Z,1,2026-02-22T02:52:00Z,38.2,2026-02-21T23:00:00Z,0,2026-03-02T17:24:00Z,0,2026-02-23T05:15:00Z
TX2-00906,2026-02-22T04:17:00Z,0,22.66,2026-02-22T04:17:00Z,50.9,2026-02-22T02:36:00Z,21.5,2026-02-22T03:52:00Z,2,2026-02-22T03:49:00Z,28.9,2026-02-21T09:48:00Z,0,2026-02-28T09:32:00Z,0,2026-02-24T14:41:00Z
TX2-00907,2026-02-22T05:46:00Z,0,29.07,2026-02-22T05:46:00Z,55.6,2026-02-22T03:08:00Z,27.2,2026-02-22T05:24:00Z,0,2026-02-22T04:51:00Z,20.8,2026-02-21T19:30:00Z,0,2026-02-27T03:01:00Z,0,2026-02-24T16:13:00Z
TX2-00908,2026-02-22T06:08:00Z,0,65.24,2026-02-22T06:08:00Z,46.8,2026-02-22T01:16:00Z,29.9,2026-02-22T05:59:00Z,2,2026-02-22T06:07:00Z,30.3,2026-02-21T18:50:00Z,0,2026-03-01T02:44:00Z,0,2026-02-24T06:33:00Z
TX2-00909,2026-02-22T07:32:00Z,0,64.55,2026-02-22T07:32:00Z,65.0,2026-02-22T03:35:00Z,48.1,2026-02-22T07:24:00Z,4,2026-02-22T06:36:00Z,42.4,2026-02-22T05:06:00Z,0,2026-03-02T18:29:00Z,0,2026-02-24T04:35:00Z
TX2-00910,2026-02-22T08:34:00Z,1,80.44,2026-02-22T08:34:00Z,51.6,2026-02-22T06:33:00Z,43.0,2026-02-22T08:06:00Z,3,2026-02-22T08:01:00Z,30.8,2026-02-22T01:36:00Z,1,2026-03-03T04:59:00Z,2,2026-02-24T08:51:00Z
TX2-00911,2026-02-22T08:35:00Z,0,97.17,2026-02-22T08:35:00Z,54.5,2026-02-22T03:05:00Z,30.4,2026-02-22T08:06:00Z,2,2026-02-22T08:29:00Z,33.1,2026-02-21T22:56:00Z,0,2026-03-02T18:29:00Z,1,2026-02-24T23:42:00Z
TX2-00912,2026-02-22T10:14:00Z,0,17.69,2026-02-22T10:14:00Z,60.7,2026-02-22T09:05:00Z,40.0,2026-02-22T10:07:00Z,3,2026-02-22T09:27:00Z,36.3,2026-02-21T23:05:00Z,0,2026-03-01T19:47:00Z,0,2026-02-23T11:42:00Z
TX2-00913,2026-02-22T12:04:00Z,0,12.08,2026-02-22T12:04:00Z,37.6,2026-02-22T11:38:00Z,26.6,2026-02-22T11:56:00Z,2,2026-02-22T11:22:00Z,18.7,2026-02-21T17:06:00Z,0,2026-03-01T02:53:00Z,0,2026-02-23T12:21:00Z
TX2-00914,2026-02-22T17:01:00Z,0,55.23,2026-02-22T17:01:00Z,55.1,2026-02-22T11:58:00Z,29.7,2026-02-22T16:43:00Z,3,2026-02-22T16:24:00Z,23.0,2026-02-22T05:39:00Z,0,2026-03-04T16:23:00Z,0,2026-02-24T01:00:00Z
TX2-00915,2026-02-22T18:39:00Z,0,269.41,2026-02-22T18:39:00Z,75.7,2026-02-22T16:37:00Z,30.7,2026-02-22T18:19:00Z,1,2026-02-22T17:59:00Z,22.6,2026-02-22T12:30:00Z,0,2026-02-28T03:35:00Z,0,2026-02-25T16:48:00Z
TX2-00916,2026-02-22T20:27:00Z,0,44.12,2026-02-22T20:27:00Z,44.9,2026-02-22T17:11:00Z,50.2,2026-02-22T20:02:00Z,2,2026-02-22T20:11:00Z,35.4,2026-02-22T13:02:00Z,0,2026-02-26T20:54:00Z,0,2026-02-24T20:42:00Z
TX2-00917,2026-02-22T21:48:00Z,0,182.03,2026-02-22T21:48:00Z,59.0,2026-02-22T19:30:00Z,32.7,2026-02-22T21:37:00Z,2,2026-02-22T21:38:00Z,14.6,2026-02-22T02:09:00Z,0,2026-02-26T21:29:00Z,0,2026-02-25T15:04:00Z
TX2-00918,2026-02-22T21:48:00Z,0,135.13,2026-02-22T21:48:00Z,39.4,2026-02-22T17:46:00Z,38.8,2026-02-22T21:31:00Z,4,2026-02-22T20:50:00Z,25.8,2026-02-22T17:10:00Z,0,2026-02-27T01:30:00Z,0,2026-02-25T15:52:00Z
TX2-00919,2026-02-23T00:58:00Z,0,2.4,2026-02-23T00:58:00Z,49.6,2026-02-22T22:05:00Z,49.3,2026-02-23T00:51:00Z,1,2026-02-23T00:14:00Z,42.6,2026-02-22T21:01:00Z,0,2026-03-01T08:58:00Z,0,2026-02-25T03:36:00Z
TX2-00920,2026-02-23T03:01:00Z,0,148.73,2026-02-23T03:01:00Z,63.6,2026-02-23T01:18:00Z,30.5,2026-02-23T02:47:00Z,1,2026-02-23T02:07:00Z,44.1,2026-02-22T07:30:00Z,0,2026-02-27T18:16:00Z,0,2026-02-25T09:20:00Z
TX2-00921,2026-02-23T03:45:00Z,0,89.74,2026-02-23T03:45:00Z,42.0,2026-02-22T22:48:00Z,45.8,2026-02-23T03:16:00Z,0,2026-02-23T03:15:00Z,26.2,2026-02-22T07:53:00Z,0,2026-03-03T15:44:00Z,0,2026-02-24T06:12:00Z
TX2-00922,2026-02-23T04:58:00Z,0,195.4,2026-02-23T04:58:00Z,48.3,2026-02-23T01:43:00Z,56.7,2026-02-23T04:31:00Z,2,2026-02-23T04:36:00Z,22.1,2026-02-23T08:59:00Z,0,2026-03-02T15:14:00Z,0,2026-02-24T14:17:00Z
TX2-00923,2026-02-23T07:12:00Z,0,60.47,2026-02-23T07:12:00Z,67.8,2026-02-23T03:29:00Z,31.4,2026-02-23T06:47:00Z,1,2026-02-23T06:33:00Z,34.7,2026-02-23T02:50:00Z,0,2026-03-03T20:22:00Z,0,2026-02-24T11:45:00Z
TX2-00924,2026-02-23T07:25:00Z,0,90.05,2026-02-23T07:25:00Z,77.9,2026-02-23T07:09:00Z,50.7,2026-02-23T07:19:00Z,5,2026-02-23T07:19:00Z,40.6,2026-02-22T16:56:00Z,0,2026-02-27T02:15:00Z,0,2026-02-24T18:15:00Z
TX2-00925,2026-02-23T07:52:00Z,0,67.62,2026-02-23T07:52:00Z,50.8,2026-02-23T04:31:00Z,40.2,2026-02-23T07:31:00Z,2,2026-02-23T07:50:00Z,45.3,2026-02-22T15:11:00Z,0,2026-03-03T16:09:00Z,0,2026-02-25T00:11:00Z
TX2-00926,2026-02-23T09:17:00Z,0,47.34,2026-02-23T09:17:00Z,47.1,2026-02-23T05:37:00Z,23.3,2026-02-23T08:48:00Z,0,2026-02-23T08:59:00Z,38.2,2026-02-23T08:05:00Z,0,2026-02-28T14:30:00Z,0,2026-02-25T07:00:00Z
TX2-00927,2026-02-23T09:28:00Z,0,28.16,2026-02-23T09:28:00Z,56.2,2026-02-23T05:56:00Z,40.9,2026-02-23T09:19:00Z,2,2026-02-23T08:47:00Z,14.3,2026-02-23T08:16:00Z,0,2026-02-27T15:41:00Z,0,2026-02-24T15:34:00Z
TX2-00928,2026-02-23T11:03:00Z,0,431.03,2026-02-23T11:03:00Z,72.8,2026-02-23T06:17:00Z,43.7,2026-02-23T11:00:00Z,2,2026-02-23T10:23:00Z,28.9,2026-02-23T09:25:00Z,0,2026-02-28T15:30:00Z,0,2026-02-24T21:20:00Z
TX2-00929,2026-02-23T12:52:00Z,0,61.32,2026-02-23T12:52:00Z,60.1,2026-02-23T07:32:00Z,32.5,2026-02-23T12:33:00Z,1,2026-02-23T12:09:00Z,31.9,2026-02-23T15:44:00Z,0,2026-02-28T19:59:00Z,0,2026-02-26T00:28:00Z
TX2-00930,2026-02-23T13:16:00Z,0,162.55,2026-02-23T13:16:00Z,47.4,2026-02-23T10:39:00Z,49.0,2026-02-23T13:12:00Z,5,2026-02-23T12:51:00Z,53.0,2026-02-23T08:19:00Z,0,2026-03-05T09:42:00Z,0,2026-02-25T19:34:00Z
TX2-00931,2026-02-23T13:43:00Z,0,65.32,2026-02-23T13:43:00Z,49.6,2026-02-23T09:42:00Z,29.7,2026-02-23T13:39:00Z,3,2026-02-23T12:44:00Z,41.8,2026-02-23T19:33:00Z,0,2026-03-04T01:21:00Z,0,2026-02-24T19:58:00Z
TX2-00932,2026-02-23T13:49:00Z,0,107.04,2026-02-23T13:49:00Z,46.1,2026-02-23T12:09:00Z,43.1,2026-02-23T13:38:00Z,2,2026-02-23T12:52:00Z,26.5,2026-02-23T19:41:00Z,0,2026-03-02T01:52:00Z,0,2026-02-26T00:46:00Z
TX2-00933,2026-02-23T15:52:00Z,0,264.41,2026-02-23T15:52:00Z,52.1,2026-02-23T13:17:00Z,38.2,2026-02-23T15:25:00Z,2,2026-02-23T15:03:00Z,34.0,2026-02-23T00:50:00Z,0,2026-03-01T02:47:00Z,0,2026-02-25T13:42:00Z
TX2-00934,2026-02-23T19:38:00Z,0,113.86,2026-02-23T19:38:00Z,48.5,2026-02-23T15:02:00Z,40.3,2026-02-23T19:19:00Z,2,2026-02-23T19:31:00Z,28.2,2026-02-23T03:37:00Z,0,2026-03-02T05:16:00Z,0,2026-02-25T06:30:00Z
TX2-00935,2026-02-23T22:48:00Z,0,13.66,2026-02-23T22:48:00Z,42.3,2026-02-23T22:10:00Z,51.8,2026-02-23T22:31:00Z,2,2026-02-23T22:11:00Z,24.1,2026-02-23T05:05:00Z,0,2026-02-27T04:55:00Z,1,2026-02-26T00:57:00Z
TX2-00936,2026-02-23T22:54:00Z,0,67.07,2026-02-23T22:54:00Z,37.0,2026-02-23T20:44:00Z,41.5,2026-02-23T22:30:00Z,0,2026-02-23T22:44:00Z,30.3,2026-02-24T04:44:00Z,0,2026-03-02T22:28:00Z,0,2026-02-26T20:46:00Z
TX2-00937,2026-02-24T01:46:00Z,0,24.64,2026-02-24T01:46:00Z,58.3,2026-02-23T21:15:00Z,40.5,2026-02-24T01:21:00Z,2,2026-02-24T00:55:00Z,30.1,2026-02-24T02:54:00Z,0,2026-03-01T22:03:00Z,0,2026-02-25T13:57:00Z
TX2-00938,2026-02-24T03:59:00Z,0,19.62,2026-02-24T03:59:00Z,54.8,2026-02-23T23:57:00Z,34.0,2026-02-24T03:57:00Z,1,2026-02-24T03:13:00Z,15.9,2026-02-23T14:44:00Z,0,2026-03-01T20:50:00Z,0,2026-02-25T13:42:00Z
TX2-00939,2026-02-24T04:32:00Z,0,6.29,2026-02-24T04:32:00Z,66.1,2026-02-24T03:15:00Z,32.2,2026-02-24T04:08:00Z,2,2026-02-24T04:16:00Z,33.6,2026-02-24T06:56:00Z,0,2026-03-02T18:33:00Z,1,2026-02-25T22:38:00Z
TX2-00940,2026-02-24T05:56:00Z,0,51.25,2026-02-24T05:56:00Z,40.3,2026-02-24T02:16:00Z,29.4,2026-02-24T05:28:00Z,1,2026-02-24T05:19:00Z,40.4,2026-02-23T22:46:00Z,0,2026-02-27T13:07:00Z,1,2026-02-26T00:16:00Z
TX2-00941,2026-02-24T07:50:00Z,0,142.76,2026-02-24T07:50:00Z,39.1,2026-02-24T06:47:00Z,44.6,2026-02-24T07:39:00Z,0,2026-02-24T07:44:00Z,21.7,2026-02-24T08:59:00Z,1,2026-03-03T03:53:00Z,0,2026-02-26T19:33:00Z
TX2-00942,2026-02-24T08:49:00Z,0,29.25,2026-02-24T08:49:00Z,82.5,2026-02-24T05:26:00Z,53.4,2026-02-24T08:28:00Z,6,2026-02-24T08:22:00Z,42.6,2026-02-24T14:14:00Z,0,2026-03-02T20:22:00Z,0,2026-02-26T11:41:00Z
TX2-00943,2026-02-24T09:10:00Z,0,170.29,2026-02-24T09:10:00Z,56.9,2026-02-24T05:52:00Z,42.8,2026-02-24T08:59:00Z,5,2026-02-24T08:27:00Z,36.4,2026-02-24T14:48:00Z,0,2026-03-05T22:51:00Z,0,2026-02-26T02:10:00Z
TX2-00944,2026-02-24T11:57:00Z,1,117.9,2026-02-24T11:57:00Z,57.8,2026-02-24T09:20:00Z,46.0,2026-02-24T11:56:00Z,2,2026-02-24T10:58:00Z,24.0,2026-02-24T16:18:00Z,1,2026-03-02T09:55:00Z,0,2026-02-27T11:23:00Z
TX2-00945,2026-02-24T12:45:00Z,0,36.2,2026-02-24T12:45:00Z,41.1,2026-02-24T09:58:00Z,47.8,2026-02-24T12:24:00Z,0,2026-02-24T11:58:00Z,44.5,2026-02-23T21:29:00Z,0,2026-03-06T08:11:00Z,2,2026-02-25T16:28:00Z
TX2-00946,2026-02-24T14:05:00Z,0,19.66,2026-02-24T14:05:00Z,47.9,2026-02-24T12:07:00Z,31.3,2026-02-24T13:40:00Z,4,2026-02-24T13:22:00Z,30.0,2026-02-23T23:42:00Z,0,2026-03-04T08:00:00Z,0,2026-02-26T06:40:00Z
TX2-00947,2026-02-24T19:31:00Z,0,194.23,2026-02-24T19:31:00Z,52.9,2026-02-24T18:16:00Z,36.5,2026-02-24T19:19:00Z,4,2026-02-24T19:02:00Z,19.6,2026-02-24T16:50:00Z,0,2026-02-28T05:33:00Z,2,2026-02-26T13:29:00Z
TX2-00948,2026-02-24T19:44:00Z,0,60.67,2026-02-24T19:44:00Z,55.2,2026-02-24T17:52:00Z,39.8,2026-02-24T19:37:00Z,4,2026-02-24T19:22:00Z,35.0,2026-02-24T15:26:00Z,0,2026-03-04T00:50:00Z,0,2026-02-26T13:42:00Z
TX2-00949,2026-02-24T21:50:00Z,0,35.72,2026-02-24T21:50:00Z,62.9,2026-02-24T19:59:00Z,49.3,2026-02-24T21:38:00Z,3,2026-02-24T21:31:00Z,21.6,2026-02-24T12:12:00Z,0,2026-03-01T16:58:00Z,1,2026-02-26T22:10:00Z
TX2-00950,2026-02-24T21:58:00Z,0,17.31,2026-02-24T21:58:00Z,55.3,2026-02-24T20:56:00Z,14.8,2026-02-24T21:40:00Z,5,2026-02-24T21:47:00Z,18.4,2026-02-24T07:52:00Z,0,2026-03-02T19:57:00Z,1,2026-02-26T16:38:00Z
TX2-00951,2026-02-24T23:30:00Z,0,75.52,2026-02-24T23:30:00Z,41.8,2026-02-24T21:24:00Z,38.3,2026-02-24T23:05:00Z,2,2026-02-24T22:47:00Z,32.7,2026-02-24T04:40:00Z,1,2026-03-06T03:19:00Z,0,2026-02-26T10:30:00Z
TX2-00952,2026-02-24T23:54:00Z,0,23.18,2026-02-24T23:54:00Z,55.8,2026-02-24T22:55:00Z,48.7,2026-02-24T23:47:00Z,4,2026-02-24T23:21:00Z,27.7,2026-02-25T01:49:00Z,0,2026-03-05T13:20:00Z,0,2026-02-26T01:57:00Z
TX2-00953,2026-02-25T01:30:00Z,0,95.61,2026-02-25T01:30:00Z,50.2,2026-02-25T00:19:00Z,42.8,2026-02-25T01:26:00Z,1,2026-02-25T01:23:00Z,37.0,2026-02-24T20:50:00Z,0,2026-03-01T01:02:00Z,0,2026-02-26T10:09:00Z
TX2-00954,2026-02-25T03:20:00Z,0,85.31,2026-02-25T03:20:00Z,53.3,2026-02-25T02:55:00Z,51.5,2026-02-25T02:59:00Z,5,2026-02-25T02:55:00Z,31.8,2026-02-24T14:03:00Z,0,2026-03-06T16:00:00Z,0,2026-02-27T15:14:00Z
TX2-00955,2026-02-25T05:17:00Z,0,24.98,2026-02-25T05:17:00Z,51.0,2026-02-25T01:46:00Z,26.3,2026-02-25T04:50:00Z,2,2026-02-25T04:25:00Z,44.4,2026-02-24T12:44:00Z,0,2026-03-03T15:44:00Z,0,2026-02-27T18:23:00Z
TX2-00956,2026-02-25T06:10:00Z,0,19.65,2026-02-25T06:10:00Z,29.6,2026-02-25T04:16:00Z,23.1,2026-02-25T05:45:00Z,2,2026-02-25T06:03:00Z,35.8,2026-02-24T23:56:00Z,0,2026-03-01T17:21:00Z,0,2026-02-28T04:31:00Z
TX2-00957,2026-02-25T06:11:00Z,0,54.68,2026-02-25T06:11:00Z,57.4,2026-02-25T01:45:00Z,49.9,2026-02-25T06:10:00Z,1,2026-02-25T05:22:00Z,31.6,2026-02-24T22:25:00Z,0,2026-02-28T11:55:00Z,0,2026-02-26T14:07:00Z
TX2-00958,2026-02-25T07:57:00Z,0,146.68,2026-02-25T07:57:00Z,44.0,2026-02-25T04:57:00Z,30.5,2026-02-25T07:46:00Z,4,2026-02-25T07:21:00Z,22.5,2026-02-24T18:03:00Z,0,2026-03-05T01:34:00Z,0,2026-02-27T02:10:00Z
TX2-00959,2026-02-25T08:03:00Z,0,7.26,2026-02-25T08:03:00Z,42.3,2026-02-25T03:33:00Z,41.7,2026-02-25T07:55:00Z,1,2026-02-25T07:46:00Z,32.0,2026-02-24T12:37:00Z,0,2026-03-07T04:26:00Z,0,2026-02-27T15:36:00Z
TX2-00960,2026-02-25T09:26:00Z,0,28.64,2026-02-25T09:26:00Z,34.5,2026-02-25T07:47:00Z,48.1,2026-02-25T09:03:00Z,2,2026-02-25T09:23:00Z,11.2,2026-02-24T22:38:00Z,0,2026-03-01T23:30:00Z,2,2026-02-28T06:09:00Z
TX2-00961,2026-02-25T13:26:00Z,0,26.55,2026-02-25T13:26:00Z,56.3,2026-02-25T08:25:00Z,42.5,2026-02-25T13:16:00Z,1,2026-02-25T13:10:00Z,27.8,2026-02-25T04:13:00Z,0,2026-03-07T01:53:00Z,0,2026-02-27T18:07:00Z
TX2-00962,2026-02-25T13:27:00Z,0,56.35,2026-02-25T13:27:00Z,59.9,2026-02-25T09:44:00Z,51.9,2026-02-25T13:16:00Z,3,2026-02-25T12:37:00Z,23.3,2026-02-25T04:35:00Z,0,2026-03-04T17:41:00Z,1,2026-02-28T12:05:00Z
TX2-00963,2026-02-25T15:18:00Z,0,54.5,2026-02-25T15:18:00Z,53.7,2026-02-25T12:34:00Z,46.8,2026-02-25T14:53:00Z,1,2026-02-25T14:26:00Z,18.2,2026-02-25T00:50:00Z,0,2026-03-03T20:44:00Z,1,2026-02-27T17:13:00Z
TX2-00964,2026-02-25T19:04:00Z,0,20.7,2026-02-25T19:04:00Z,56.1,2026-02-25T13:08:00Z,45.8,2026-02-25T18:58:00Z,1,2026-02-25T18:46:00Z,32.6,2026-02-25T01:43:00Z,0,2026-03-05T21:39:00Z,0,2026-02-28T07:21:00Z
TX2-00965,2026-02-25T19:42:00Z,0,73.2,2026-02-25T19:42:00Z,40.8,2026-02-25T15:20:00Z,60.0,2026-02-25T19:32:00Z,3,2026-02-25T18:54:00Z,31.7,2026-02-25T03:28:00Z,0,2026-03-03T07:02:00Z,0,2026-02-26T23:28:00Z
TX2-00966,2026-02-25T20:04:00Z,0,85.86,2026-02-25T20:04:00Z,49.6,2026-02-25T18:03:00Z,28.9,2026-02-25T19:34:00Z,2,2026-02-25T20:01:00Z,25.7,2026-02-25T02:47:00Z,0,2026-03-06T23:39:00Z,1,2026-02-28T13:52:00Z
TX2-00967,2026-02-25T21:16:00Z,0,47.17,2026-02-25T21:16:00Z,51.5,2026-02-25T21:01:00Z,32.4,2026-02-25T21:01:00Z,1,2026-02-25T21:06:00Z,31.6,2026-02-25T01:58:00Z,0,2026-03-06T16:04:00Z,0,2026-02-27T17:04:00Z
TX2-00968,2026-02-25T21:37:00Z,0,23.15,2026-02-25T21:37:00Z,63.9,2026-02-25T18:58:00Z,32.8,2026-02-25T21:18:00Z,0,2026-02-25T21:16:00Z,10.7,2026-02-25T09:47:00Z,0,2026-03-02T04:57:00Z,0,2026-02-27T20:09:00Z
TX2-00969,2026-02-26T00:01:00Z,0,32.75,2026-02-26T00:01:00Z,51.4,2026-02-25T21:37:00Z,31.7,2026-02-25T23:37:00Z,3,2026-02-25T23:33:00Z,27.5,2026-02-25T12:02:00Z,0,2026-03-01T00:01:00Z,0,2026-02-27T04:48:00Z
TX2-00970,2026-02-26T00:06:00Z,0,24.3,2026-02-26T00:06:00Z,53.4,2026-02-25T23:33:00Z,32.1,2026-02-25T23:40:00Z,1,2026-02-26T00:01:00Z,30.9,2026-02-25T07:51:00Z,0,2026-03-01T02:05:00Z,0,2026-02-28T16:59:00Z
TX2-00971,2026-02-26T03:10:00Z,1,39.93,2026-02-26T03:10:00Z,67.7,2026-02-26T00:37:00Z,62.2,2026-02-26T03:08:00Z,6,2026-02-26T03:06:00Z,23.4,2026-02-25T17:54:00Z,1,2026-03-06T14:31:00Z,2,2026-02-27T20:58:00Z
TX2-00972,2026-02-26T06:28:00Z,0,13.91,2026-02-26T06:28:00Z,7.1,2026-02-26T02:13:00Z,33.3,2026-02-26T06:02:00Z,3,2026-02-26T06:16:00Z,22.4,2026-02-25T13:11:00Z,0,2026-03-05T20:21:00Z,1,2026-02-27T18:38:00Z
TX2-00973,2026-02-26T10:25:00Z,0,11.48,2026-02-26T10:25:00Z,40.3,2026-02-26T05:49:00Z,17.8,2026-02-26T10:21:00Z,3,2026-02-26T09:29:00Z,47.8,2026-02-25T15:11:00Z,0,2026-03-03T07:11:00Z,0,2026-02-28T02:47:00Z
TX2-00974,2026-02-26T12:09:00Z,0,45.72,2026-02-26T12:09:00Z,36.8,2026-02-26T09:17:00Z,35.1,2026-02-26T11:47:00Z,3,2026-02-26T11:49:00Z,32.3,2026-02-26T03:03:00Z,0,2026-03-08T08:12:00Z,0,2026-02-28T21:16:00Z
TX2-00975,2026-02-26T13:42:00Z,0,85.9,2026-02-26T13:42:00Z,44.5,2026-02-26T09:36:00Z,38.4,2026-02-26T13:33:00Z,1,2026-02-26T13:15:00Z,39.1,2026-02-26T02:00:00Z,0,2026-03-06T13:21:00Z,1,2026-03-01T00:56:00Z
TX2-00976,2026-02-26T17:54:00Z,0,19.59,2026-02-26T17:54:00Z,33.3,2026-02-26T14:52:00Z,37.8,2026-02-26T17:51:00Z,2,2026-02-26T17:27:00Z,23.8,2026-02-26T23:35:00Z,0,2026-03-05T11:12:00Z,0,2026-03-01T06:51:00Z
TX2-00977,2026-02-26T17:56:00Z,0,98.2,2026-02-26T17:56:00Z,47.9,2026-02-26T13:26:00Z,55.7,2026-02-26T17:27:00Z,4,2026-02-26T17:16:00Z,21.0,2026-02-25T22:20:00Z,0,2026-03-08T03:14:00Z,1,2026-02-28T18:00:00Z
TX2-00978,2026-02-26T18:57:00Z,0,33.91,2026-02-26T18:57:00Z,55.2,2026-02-26T16:20:00Z,28.0,2026-02-26T18:43:00Z,2,2026-02-26T18:33:00Z,25.1,2026-02-26T13:36:00Z,0,2026-03-06T09:29:00Z,0,2026-02-28T10:06:00Z
TX2-00979,2026-02-26T21:16:00Z,0,17.29,2026-02-26T21:16:00Z,36.6,2026-02-26T18:10:00Z,31.0,2026-02-26T20:47:00Z,0,2026-02-26T21:06:00Z,24.8,2026-02-26T07:53:00Z,0,2026-03-04T15:49:00Z,0,2026-03-01T01:53:00Z
TX2-00980,2026-02-26T21:20:00Z,1,60.71,2026-02-26T21:20:00Z,50.4,2026-02-26T15:21:00Z,40.9,2026-02-26T20:52:00Z,2,2026-02-26T20:27:00Z,23.3,2026-02-26T05:25:00Z,1,2026-03-03T04:44:00Z,2,2026-02-28T04:41:00Z
TX2-00981,2026-02-26T22:41:00Z,0,139.01,2026-02-26T22:41:00Z,49.2,2026-02-26T20:54:00Z,41.8,2026-02-26T22:21:00Z,5,2026-02-26T21:43:00Z,27.3,2026-02-26T07:31:00Z,0,2026-03-06T13:42:00Z,0,2026-02-28T08:58:00Z
TX2-00982,2026-02-27T02:06:00Z,0,188.48,2026-02-27T02:06:00Z,8.0,2026-02-26T22:34:00Z,26.6,2026-02-27T02:03:00Z,1,2026-02-27T01:24:00Z,34.2,2026-02-26T08:57:00Z,0,2026-03-07T13:35:00Z,0,2026-02-28T07:31:00Z
TX2-00983,2026-02-27T04:24:00Z,0,53.31,2026-02-27T04:24:00Z,55.5,2026-02-26T23:17:00Z,39.4,2026-02-27T03:55:00Z,3,2026-02-27T03:25:00Z,21.0,2026-02-26T14:45:00Z,0,2026-03-05T22:33:00Z,0,2026-03-02T04:04:00Z
TX2-00984,2026-02-27T05:59:00Z,0,44.82,2026-02-27T05:59:00Z,50.9,2026-02-27T03:04:00Z,31.6,2026-02-27T05:45:00Z,1,2026-02-27T05:21:00Z,23.5,2026-02-26T13:00:00Z,0,2026-03-05T03:01:00Z,0,2026-03-01T13:24:00Z
TX2-00985,2026-02-27T08:36:00Z,0,41.61,2026-02-27T08:36:00Z,55.9,2026-02-27T07:01:00Z,17.7,2026-02-27T08:10:00Z,2,2026-02-27T07:58:00Z,24.1,2026-02-27T03:52:00Z,0,2026-03-06T00:55:00Z,0,2026-02-28T09:28:00Z
TX2-00986,2026-02-27T09:38:00Z,0,112.7,2026-02-27T09:38:00Z,48.0,2026-02-27T08:10:00Z,21.9,2026-02-27T09:11:00Z,1,2026-02-27T09:35:00Z,18.9,2026-02-26T17:19:00Z,0,2026-03-04T17:04:00Z,0,2026-03-01T17:58:00Z
TX2-00987,2026-02-27T13:51:00Z,0,46.2,2026-02-27T13:51:00Z,43.7,2026-02-27T13:41:00Z,53.5,2026-02-27T13:24:00Z,4,2026-02-27T12:58:00Z,17.5,2026-02-27T01:54:00Z,0,2026-03-08T00:15:00Z,0,2026-03-02T10:17:00Z
TX2-00988,2026-02-27T14:31:00Z,0,85.37,2026-02-27T14:31:00Z,60.0,2026-02-27T10:14:00Z,33.6,2026-02-27T14:23:00Z,0,2026-02-27T14:23:00Z,48.1,2026-02-26T21:01:00Z,0,2026-03-06T23:21:00Z,0,2026-03-02T08:41:00Z
TX2-00989,2026-02-27T17:30:00Z,0,58.01,2026-02-27T17:30:00Z,53.4,2026-02-27T15:01:00Z,28.9,2026-02-27T17:17:00Z,2,2026-02-27T16:58:00Z,33.0,2026-02-26T23:44:00Z,0,2026-03-03T16:24:00Z,0,2026-03-02T10:59:00Z
TX2-00990,2026-02-27T18:07:00Z,0,68.17,2026-02-27T18:07:00Z,45.8,2026-02-27T13:02:00Z,28.1,2026-02-27T17:39:00Z,2,2026-02-27T17:30:00Z,41.6,2026-02-27T12:24:00Z,0,2026-03-03T00:21:00Z,0,2026-03-01T11:31:00Z
TX2-00991,2026-02-27T18:25:00Z,0,86.89,2026-02-27T18:25:00Z,48.9,2026-02-27T14:35:00Z,30.1,2026-02-27T18:06:00Z,3,2026-02-27T17:59:00Z,22.5,2026-02-27T14:05:00Z,0,2026-03-06T09:19:00Z,0,2026-03-01T20:04:00Z
TX2-00992,2026-02-27T18:44:00Z,0,75.5,2026-02-27T18:44:00Z,60.8,2026-02-27T18:01:00Z,47.3,2026-02-27T18:29:00Z,1,2026-02-27T18:11:00Z,36.9,2026-02-27T11:06:00Z,0,2026-03-06T02:38:00Z,0,2026-03-01T23:29:00Z
TX2-00993,2026-02-27T18:53:00Z,0,73.56,2026-02-27T18:53:00Z,61.0,2026-02-27T18:02:00Z,32.1,2026-02-27T18:26:00Z,4,2026-02-27T18:28:00Z,19.9,2026-02-27T03:44:00Z,0,2026-03-08T08:46:00Z,0,2026-03-02T01:19:00Z
TX2-00994,2026-02-27T21:48:00Z,0,216.56,2026-02-27T21:48:00Z,33.8,2026-02-27T20:52:00Z,38.9,2026-02-27T21:36:00Z,0,2026-02-27T21:24:00Z,33.9,2026-02-27T08:49:00Z,0,2026-03-04T05:08:00Z,0,2026-03-02T09:48:00Z
TX2-00995,2026-02-27T23:00:00Z,0,32.76,2026-02-27T23:00:00Z,54.2,2026-02-27T18:56:00Z,28.8,2026-02-27T22:30:00Z,2,2026-02-27T22:03:00Z,29.1,2026-02-27T15:29:00Z,0,2026-03-04T04:13:00Z,0,2026-03-01T06:08:00Z
TX2-00996,2026-02-28T00:34:00Z,0,776.42,2026-02-28T00:34:00Z,67.5,2026-02-27T21:23:00Z,50.0,2026-02-28T00:11:00Z,7,2026-02-28T00:18:00Z,43.8,2026-02-27T22:10:00Z,0,2026-03-03T19:39:00Z,0,2026-03-02T18:12:00Z
TX2-00997,2026-02-28T01:04:00Z,0,65.5,2026-02-28T01:04:00Z,63.4,2026-02-27T20:04:00Z,64.5,2026-02-28T00:53:00Z,1,2026-02-28T00:23:00Z,26.2,2026-02-27T13:07:00Z,0,2026-03-09T04:30:00Z,0,2026-03-01T16:15:00Z
TX2-00998,2026-02-28T01:52:00Z,0,30.73,2026-02-28T01:52:00Z,47.0,2026-02-28T00:34:00Z,22.6,2026-02-28T01:49:00Z,3,2026-02-28T01:25:00Z,49.3,2026-02-27T10:14:00Z,0,2026-03-07T16:08:00Z,1,2026-03-01T22:55:00Z
TX2-00999,2026-02-28T02:16:00Z,0,22.96,2026-02-28T02:16:00Z,33.5,2026-02-28T01:32:00Z,32.2,2026-02-28T02:04:00Z,3,2026-02-28T02:10:00Z,29.1,2026-02-27T08:31:00Z,0,2026-03-06T06:09:00Z,0,2026-03-02T07:02:00Z
TX2-01000,2026-02-28T03:05:00Z,0,56.44,2026-02-28T03:05:00Z,54.6,2026-02-27T22:47:00Z,29.7,2026-02-28T03:04:00Z,3,2026-02-28T02:47:00Z,26.5,2026-02-27T07:38:00Z,0,2026-03-03T16:02:00Z,0,2026-03-01T07:40:00Z
TX2-01001,2026-02-28T04:28:00Z,0,34.47,2026-02-28T04:28:00Z,45.1,2026-02-28T02:36:00Z,31.7,2026-02-28T04:05:00Z,1,2026-02-28T03:33:00Z,46.6,2026-02-27T09:47:00Z,0,2026-03-08T20:34:00Z,0,2026-03-03T02:03:00Z
TX2-01002,2026-02-28T06:20:00Z,0,210.13,2026-02-28T06:20:00Z,30.9,2026-02-28T05:16:00Z,47.2,2026-02-28T06:19:00Z,0,2026-02-28T05:49:00Z,16.0,2026-02-27T18:44:00Z,0,2026-03-08T16:25:00Z,0,2026-03-01T19:14:00Z
TX2-01003,2026-02-28T08:33:00Z,0,17.19,2026-02-28T08:33:00Z,18.4,2026-02-28T02:59:00Z,38.2,2026-02-28T08:13:00Z,3,2026-02-28T07:42:00Z,37.7,2026-02-27T20:53:00Z,0,2026-03-03T15:54:00Z,0,2026-03-01T13:32:00Z
TX2-01004,2026-02-28T09:41:00Z,0,142.25,2026-02-28T09:41:00Z,47.6,2026-02-28T03:42:00Z,19.9,2026-02-28T09:29:00Z,1,2026-02-28T08:43:00Z,24.0,2026-02-27T20:27:00Z,0,2026-03-04T02:45:00Z,2,2026-03-03T05:11:00Z
TX2-01005,2026-02-28T10:26:00Z,0,38.92,2026-02-28T10:26:00Z,50.7,2026-02-28T08:16:00Z,27.0,2026-02-28T10:06:00Z,2,2026-02-28T09:33:00Z,29.8,2026-02-28T16:12:00Z,0,2026-03-06T07:10:00Z,0,2026-03-02T00:07:00Z
TX2-01006,2026-02-28T12:44:00Z,0,287.92,2026-02-28T12:44:00Z,19.6,2026-02-28T07:10:00Z,33.3,2026-02-28T12:19:00Z,2,2026-02-28T11:46:00Z,17.8,2026-02-28T07:29:00Z,0,2026-03-06T05:16:00Z,2,2026-03-02T19:06:00Z
TX2-01007,2026-02-28T12:50:00Z,0,83.18,2026-02-28T12:50:00Z,38.8,2026-02-28T12:44:00Z,32.5,2026-02-28T12:38:00Z,2,2026-02-28T12:12:00Z,31.3,2026-02-28T00:32:00Z,0,2026-03-06T01:19:00Z,0,2026-03-02T06:41:00Z
TX2-01008,2026-02-28T12:57:00Z,0,283.04,2026-02-28T12:57:00Z,55.5,2026-02-28T07:14:00Z,38.2,2026-02-28T12:28:00Z,2,2026-02-28T12:49:00Z,31.2,2026-02-27T17:51:00Z,0,2026-03-06T10:44:00Z,0,2026-03-01T15:21:00Z
TX2-01009,2026-02-28T13:25:00Z,0,98.42,2026-02-28T13:25:00Z,26.7,2026-02-28T11:06:00Z,51.8,2026-02-28T13:16:00Z,1,2026-02-28T12:44:00Z,45.5,2026-02-28T09:52:00Z,0,2026-03-05T15:28:00Z,0,2026-03-02T08:21:00Z
TX2-01010,2026-02-28T13:44:00Z,0,41.85,2026-02-28T13:44:00Z,54.6,2026-02-28T09:40:00Z,39.7,2026-02-28T13:26:00Z,3,2026-02-28T12:53:00Z,31.8,2026-02-28T05:40:00Z,0,2026-03-07T18:31:00Z,2,2026-03-01T14:58:00Z
TX2-01011,2026-02-28T14:26:00Z,0,154.44,2026-02-28T14:26:00Z,65.0,2026-02-28T09:06:00Z,45.5,2026-02-28T14:24:00Z,5,2026-02-28T13:34:00Z,24.8,2026-02-28T03:51:00Z,0,2026-03-05T08:52:00Z,0,2026-03-03T00:54:00Z
TX2-01012,2026-02-28T17:47:00Z,0,38.28,2026-02-28T17:47:00Z,42.9,2026-02-28T14:58:00Z,49.0,2026-02-28T17:44:00Z,1,2026-02-28T16:48:00Z,30.7,2026-02-28T13:52:00Z,0,2026-03-09T21:11:00Z,0,2026-03-03T15:18:00Z
TX2-01013,2026-02-28T18:15:00Z,0,137.65,2026-02-28T18:15:00Z,65.7,2026-02-28T15:33:00Z,32.4,2026-02-28T17:52:00Z,2,2026-02-28T17:57:00Z,32.5,2026-02-28T09:56:00Z,0,2026-03-06T15:49:00Z,2,2026-03-02T03:03:00Z
TX2-01014,2026-02-28T19:41:00Z,0,69.42,2026-02-28T19:41:00Z,87.7,2026-02-28T16:14:00Z,69.7,2026-02-28T19:23:00Z,1,2026-02-28T19:26:00Z,21.3,2026-02-28T22:11:00Z,0,2026-03-08T10:37:00Z,0,2026-03-03T12:29:00Z
TX2-01015,2026-02-28T19:47:00Z,0,142.68,2026-02-28T19:47:00Z,76.7,2026-02-28T18:16:00Z,54.3,2026-02-28T19:39:00Z,1,2026-02-28T19:02:00Z,35.0,2026-02-28T02:36:00Z,0,2026-03-05T15:59:00Z,1,2026-03-02T23:56:00Z
TX2-01016,2026-02-28T20:36:00Z,0,176.18,2026-02-28T20:36:00Z,65.3,2026-02-28T20:18:00Z,39.1,2026-02-28T20:19:00Z,2,2026-02-28T20:24:00Z,33.9,2026-02-28T01:33:00Z,0,2026-03-04T11:26:00Z,0,2026-03-03T04:02:00Z
TX2-01017,2026-02-28T22:32:00Z,0,68.2,2026-02-28T22:32:00Z,38.1,2026-02-28T20:43:00Z,29.6,2026-02-28T22:09:00Z,2,2026-02-28T22:10:00Z,35.9,2026-02-28T09:07:00Z,0,2026-03-10T20:41:00Z,0,2026-03-02T17:24:00Z
TX2-01018,2026-03-01T00:40:00Z,0,79.27,2026-03-01T00:40:00Z,63.8,2026-02-28T23:39:00Z,48.4,2026-03-01T00:30:00Z,1,2026-02-28T23:40:00Z,34.3,2026-02-28T06:16:00Z,0,2026-03-07T19:46:00Z,0,2026-03-03T18:55:00Z
TX2-01019,2026-03-01T00:51:00Z,0,69.53,2026-03-01T00:51:00Z,57.4,2026-02-28T21:25:00Z,46.1,2026-03-01T00:34:00Z,1,2026-03-01T00:27:00Z,26.5,2026-02-28T23:47:00Z,0,2026-03-09T20:45:00Z,0,2026-03-03T21:42:00Z
TX2-01020,2026-03-01T03:19:00Z,0,25.25,2026-03-01T03:19:00Z,66.1,2026-03-01T02:20:00Z,20.5,2026-03-01T02:53:00Z,5,2026-03-01T02:58:00Z,25.9,2026-02-28T08:06:00Z,0,2026-03-05T00:09:00Z,0,2026-03-02T18:38:00Z
TX2-01021,2026-03-01T09:14:00Z,0,4.55,2026-03-01T09:14:00Z,41.2,2026-03-01T03:52:00Z,43.6,2026-03-01T08:57:00Z,4,2026-03-01T08:51:00Z,36.4,2026-03-01T00:57:00Z,0,2026-03-08T04:35:00Z,0,2026-03-04T01:41:00Z
TX2-01022,2026-03-01T10:16:00Z,0,30.71,2026-03-01T10:16:00Z,40.0,2026-03-01T06:38:00Z,38.8,2026-03-01T10:07:00Z,0,2026-03-01T09:33:00Z,27.2,2026-02-28T16:43:00Z,0,2026-03-05T23:54:00Z,0,2026-03-02T12:31:00Z
TX2-01023,2026-03-01T11:36:00Z,0,105.23,2026-03-01T11:36:00Z,57.2,2026-03-01T07:16:00Z,27.9,2026-03-01T11:29:00Z,1,2026-03-01T11:20:00Z,41.2,2026-03-01T03:50:00Z,0,2026-03-07T01:34:00Z,0,2026-03-03T14:41:00Z
TX2-01024,2026-03-01T12:44:00Z,1,118.18,2026-03-01T12:44:00Z,55.2,2026-03-01T10:42:00Z,40.7,2026-03-01T12:36:00Z,2,2026-03-01T12:32:00Z,29.8,2026-03-01T06:32:00Z,1,2026-03-07T08:19:00Z,2,2026-03-03T18:41:00Z
TX2-01025,2026-03-01T14:09:00Z,0,12.98,2026-03-01T14:09:00Z,59.4,2026-03-01T12:09:00Z,58.7,2026-03-01T14:02:00Z,0,2026-03-01T13:38:00Z,22.9,2026-03-01T03:57:00Z,0,2026-03-05T07:15:00Z,0,2026-03-03T02:57:00Z
TX2-01026,2026-03-01T14:18:00Z,0,7.54,2026-03-01T14:18:00Z,38.5,2026-03-01T11:24:00Z,39.3,2026-03-01T13:50:00Z,0,2026-03-01T14:05:00Z,20.8,2026-03-01T10:10:00Z,0,2026-03-09T23:56:00Z,0,2026-03-04T05:04:00Z
TX2-01027,2026-03-01T15:55:00Z,0,96.77,2026-03-01T15:55:00Z,42.1,2026-03-01T10:32:00Z,56.6,2026-03-01T15:45:00Z,1,2026-03-01T15:44:00Z,19.4,2026-03-01T19:30:00Z,0,2026-03-11T00:41:00Z,0,2026-03-04T07:55:00Z
TX2-01028,2026-03-01T17:35:00Z,1,256.35,2026-03-01T17:35:00Z,68.9,2026-03-01T14:38:00Z,46.2,2026-03-01T17:34:00Z,2,2026-03-01T16:41:00Z,55.5,2026-03-01T16:06:00Z,1,2026-03-09T17:02:00Z,2,2026-03-04T17:25:00Z
TX2-01029,2026-03-01T18:55:00Z,0,17.47,2026-03-01T18:55:00Z,45.2,2026-03-01T16:45:00Z,35.0,2026-03-01T18:43:00Z,1,2026-03-01T18:40:00Z,37.9,2026-03-01T08:23:00Z,0,2026-03-07T12:32:00Z,0,2026-03-04T10:53:00Z
TX2-01030,2026-03-01T19:19:00Z,0,117.75,2026-03-01T19:19:00Z,55.9,2026-03-01T14:21:00Z,37.4,2026-03-01T19:06:00Z,1,2026-03-01T19:17:00Z,34.6,2026-03-01T15:43:00Z,0,2026-03-09T01:00:00Z,0,2026-03-04T07:38:00Z
TX2-01031,2026-03-01T19:30:00Z,1,52.17,2026-03-01T19:30:00Z,65.7,2026-03-01T14:23:00Z,39.1,2026-03-01T19:16:00Z,4,2026-03-01T18:40:00Z,22.9,2026-03-01T05:39:00Z,1,2026-03-08T18:03:00Z,2,2026-03-02T21:54:00Z
TX2-01032,2026-03-01T19:58:00Z,0,108.35,2026-03-01T19:58:00Z,68.8,2026-03-01T14:14:00Z,42.5,2026-03-01T19:43:00Z,0,2026-03-01T19:52:00Z,37.4,2026-03-01T01:21:00Z,0,2026-03-08T11:12:00Z,0,2026-03-04T06:55:00Z
TX2-01033,2026-03-02T00:20:00Z,0,31.31,2026-03-02T00:20:00Z,52.3,2026-03-01T21:55:00Z,36.2,2026-03-02T00:12:00Z,1,2026-03-01T23:59:00Z,28.6,2026-03-01T18:35:00Z,0,2026-03-11T15:31:00Z,0,2026-03-04T07:40:00Z
TX2-01034,2026-03-02T01:00:00Z,0,23.5,2026-03-02T01:00:00Z,54.7,2026-03-02T00:47:00Z,35.3,2026-03-02T00:48:00Z,4,2026-03-02T00:22:00Z,30.5,2026-03-01T20:53:00Z,0,2026-03-06T07:24:00Z,0,2026-03-03T18:49:00Z
TX2-01035,2026-03-02T02:58:00Z,0,33.58,2026-03-02T02:58:00Z,41.7,2026-03-02T01:08:00Z,16.3,2026-03-02T02:38:00Z,3,2026-03-02T02:49:00Z,17.2,2026-03-02T01:44:00Z,0,2026-03-09T10:21:00Z,2,2026-03-04T13:37:00Z
TX2-01036,2026-03-02T06:58:00Z,0,76.49,2026-03-02T06:58:00Z,34.8,2026-03-02T05:43:00Z,17.2,2026-03-02T06:52:00Z,0,2026-03-02T06:36:00Z,33.2,2026-03-02T03:02:00Z,0,2026-03-10T05:47:00Z,0,2026-03-03T16:17:00Z
TX2-01037,2026-03-02T07:02:00Z,0,35.17,2026-03-02T07:02:00Z,35.1,2026-03-02T01:44:00Z,29.5,2026-03-02T07:00:00Z,0,2026-03-02T06:46:00Z,22.6,2026-03-01T22:08:00Z,0,2026-03-10T05:09:00Z,0,2026-03-03T19:57:00Z
TX2-01038,2026-03-02T07:30:00Z,0,233.34,2026-03-02T07:30:00Z,57.3,2026-03-02T01:58:00Z,36.7,2026-03-02T07:25:00Z,5,2026-03-02T06:58:00Z,35.7,2026-03-01T15:10:00Z,0,2026-03-09T02:10:00Z,0,2026-03-04T06:38:00Z
TX2-01039,2026-03-02T07:53:00Z,0,47.41,2026-03-02T07:53:00Z,35.4,2026-03-02T04:36:00Z,30.6,2026-03-02T07:42:00Z,0,2026-03-02T07:51:00Z,33.9,2026-03-01T23:54:00Z,0,2026-03-05T19:36:00Z,0,2026-03-04T17:25:00Z
TX2-01040,2026-03-02T07:58:00Z,0,2.31,2026-03-02T07:58:00Z,31.5,2026-03-02T03:01:00Z,30.9,2026-03-02T07:41:00Z,2,2026-03-02T07:22:00Z,27.0,2026-03-02T01:06:00Z,0,2026-03-07T16:25:00Z,0,2026-03-04T19:35:00Z
TX2-01041,2026-03-02T09:22:00Z,0,55.58,2026-03-02T09:22:00Z,63.1,2026-03-02T08:16:00Z,36.2,2026-03-02T09:11:00Z,0,2026-03-02T09:12:00Z,26.0,2026-03-01T22:22:00Z,0,2026-03-09T16:46:00Z,0,2026-03-04T07:43:00Z
TX2-01042,2026-03-02T09:44:00Z,0,23.56,2026-03-02T09:44:00Z,57.3,2026-03-02T03:54:00Z,37.2,2026-03-02T09:37:00Z,0,2026-03-02T09:09:00Z,35.7,2026-03-01T18:22:00Z,0,2026-03-07T02:05:00Z,0,2026-03-04T13:04:00Z
TX2-01043,2026-03-02T11:15:00Z,0,26.02,2026-03-02T11:15:00Z,44.0,2026-03-02T07:23:00Z,34.5,2026-03-02T11:08:00Z,1,2026-03-02T11:11:00Z,19.1,2026-03-02T08:21:00Z,0,2026-03-08T12:43:00Z,0,2026-03-04T14:25:00Z
TX2-01044,2026-03-02T11:57:00Z,0,56.04,2026-03-02T11:57:00Z,48.8,2026-03-02T09:25:00Z,48.9,2026-03-02T11:29:00Z,0,2026-03-02T11:01:00Z,23.7,2026-03-02T06:13:00Z,0,2026-03-10T16:30:00Z,0,2026-03-03T22:28:00Z
TX2-01045,2026-03-02T13:04:00Z,1,41.03,2026-03-02T13:04:00Z,47.6,2026-03-02T10:21:00Z,40.0,2026-03-02T12:41:00Z,0,2026-03-02T12:33:00Z,37.9,2026-03-02T03:34:00Z,1,2026-03-09T20:12:00Z,2,2026-03-05T03:13:00Z
TX2-01046,2026-03-02T14:04:00Z,1,47.06,2026-03-02T14:04:00Z,60.1,2026-03-02T08:33:00Z,35.7,2026-03-02T14:00:00Z,2,2026-03-02T13:36:00Z,37.4,2026-03-02T20:58:00Z,1,2026-03-06T18:50:00Z,1,2026-03-05T05:24:00Z
TX2-01047,2026-03-02T14:13:00Z,0,36.91,2026-03-02T14:13:00Z,58.8,2026-03-02T13:02:00Z,22.2,2026-03-02T13:58:00Z,1,2026-03-02T13:49:00Z,46.0,2026-03-01T23:51:00Z,0,2026-03-07T15:58:00Z,0,2026-03-04T05:49:00Z
TX2-01048,2026-03-02T18:11:00Z,0,53.11,2026-03-02T18:11:00Z,79.4,2026-03-02T16:29:00Z,38.0,2026-03-02T18:03:00Z,0,2026-03-02T17:22:00Z,35.3,2026-03-02T13:41:00Z,0,2026-03-11T20:28:00Z,0,2026-03-04T20:41:00Z
TX2-01049,2026-03-02T19:46:00Z,0,86.5,2026-03-02T19:46:00Z,35.2,2026-03-02T17:27:00Z,28.6,2026-03-02T19:21:00Z,0,2026-03-02T19:14:00Z,33.0,2026-03-02T08:09:00Z,0,2026-03-11T09:40:00Z,0,2026-03-04T04:38:00Z
TX2-01050,2026-03-02T20:42:00Z,0,20.28,2026-03-02T20:42:00Z,63.5,2026-03-02T15:30:00Z,53.9,2026-03-02T20:25:00Z,1,2026-03-02T20:32:00Z,15.0,2026-03-02T16:32:00Z,0,2026-03-12T04:21:00Z,0,2026-03-05T19:58:00Z
TX2-01051,2026-03-02T22:40:00Z,0,64.19,2026-03-02T22:40:00Z,71.6,2026-03-02T21:44:00Z,47.1,2026-03-02T22:10:00Z,3,2026-03-02T22:17:00Z,47.0,2026-03-02T11:59:00Z,0,2026-03-08T04:15:00Z,0,2026-03-04T09:06:00Z
TX2-01052,2026-03-03T01:47:00Z,0,18.33,2026-03-03T01:47:00Z,50.1,2026-03-02T23:24:00Z,27.8,2026-03-03T01:46:00Z,3,2026-03-03T00:55:00Z,30.5,2026-03-02T15:17:00Z,0,2026-03-11T22:04:00Z,0,2026-03-05T17:41:00Z
TX2-01053,2026-03-03T05:47:00Z,0,40.02,2026-03-03T05:47:00Z,37.8,2026-03-03T04:00:00Z,38.2,2026-03-03T05:28:00Z,1,2026-03-03T05:29:00Z,41.0,2026-03-03T03:55:00Z,0,2026-03-09T23:51:00Z,0,2026-03-04T17:55:00Z
TX2-01054,2026-03-03T08:51:00Z,0,19.94,2026-03-03T08:51:00Z,53.5,2026-03-03T05:51:00Z,46.0,2026-03-03T08:48:00Z,3,2026-03-03T08:02:00Z,46.4,2026-03-02T21:28:00Z,0,2026-03-12T01:13:00Z,0,2026-03-06T04:06:00Z
TX2-01055,2026-03-03T12:38:00Z,0,41.15,2026-03-03T12:38:00Z,48.2,2026-03-03T11:44:00Z,44.5,2026-03-03T12:29:00Z,4,2026-03-03T12:02:00Z,45.7,2026-03-03T01:11:00Z,0,2026-03-09T00:50:00Z,0,2026-03-05T05:15:00Z
TX2-01056,2026-03-03T13:14:00Z,0,5.94,2026-03-03T13:14:00Z,58.6,2026-03-03T11:38:00Z,35.1,2026-03-03T13:09:00Z,3,2026-03-03T12:55:00Z,21.6,2026-03-03T04:35:00Z,0,2026-03-12T01:59:00Z,0,2026-03-06T07:59:00Z
TX2-01057,2026-03-03T14:02:00Z,1,323.06,2026-03-03T14:02:00Z,43.9,2026-03-03T13:11:00Z,41.0,2026-03-03T13:44:00Z,5,2026-03-03T13:44:00Z,21.9,2026-03-03T01:53:00Z,1,2026-03-08T20:16:00Z,1,2026-03-06T07:36:00Z
TX2-01058,2026-03-03T15:01:00Z,0,40.95,2026-03-03T15:01:00Z,70.9,2026-03-03T14:40:00Z,44.0,2026-03-03T14:41:00Z,5,2026-03-03T14:42:00Z,40.5,2026-03-02T22:12:00Z,0,2026-03-08T14:04:00Z,0,2026-03-05T21:43:00Z
TX2-01059,2026-03-03T17:19:00Z,0,27.36,2026-03-03T17:19:00Z,38.8,2026-03-03T15:48:00Z,12.6,2026-03-03T16:52:00Z,1,2026-03-03T17:02:00Z,32.2,2026-03-03T06:23:00Z,0,2026-03-08T06:45:00Z,0,2026-03-06T12:19:00Z
TX2-01060,2026-03-03T18:35:00Z,0,105.22,2026-03-03T18:35:00Z,52.5,2026-03-03T17:01:00Z,38.8,2026-03-03T18:34:00Z,5,2026-03-03T18:23:00Z,19.9,2026-03-03T06:50:00Z,0,2026-03-13T00:09:00Z,0,2026-03-05T12:26:00Z
TX2-01061,2026-03-03T21:56:00Z,0,159.79,2026-03-03T21:56:00Z,65.1,2026-03-03T19:49:00Z,40.8,2026-03-03T21:28:00Z,1,2026-03-03T21:35:00Z,35.6,2026-03-03T19:41:00Z,0,2026-03-10T02:28:00Z,1,2026-03-05T15:46:00Z
TX2-01062,2026-03-03T23:16:00Z,0,15.86,2026-03-03T23:16:00Z,63.5,2026-03-03T21:04:00Z,51.3,2026-03-03T23:08:00Z,1,2026-03-03T22:42:00Z,39.4,2026-03-03T06:15:00Z,0,2026-03-11T21:20:00Z,0,2026-03-06T09:54:00Z
TX2-01063,2026-03-04T00:18:00Z,0,20.93,2026-03-04T00:18:00Z,30.1,2026-03-03T23:02:00Z,57.5,2026-03-04T00:17:00Z,3,2026-03-03T23:19:00Z,29.4,2026-03-03T11:25:00Z,0,2026-03-11T22:32:00Z,0,2026-03-05T00:50:00Z
TX2-01064,2026-03-04T00:35:00Z,0,18.04,2026-03-04T00:35:00Z,77.6,2026-03-03T20:46:00Z,35.8,2026-03-04T00:19:00Z,3,2026-03-03T23:46:00Z,35.3,2026-03-03T10:37:00Z,0,2026-03-11T13:32:00Z,0,2026-03-05T00:46:00Z
TX2-01065,2026-03-04T01:53:00Z,0,69.84,2026-03-04T01:53:00Z,38.7,2026-03-04T00:51:00Z,54.8,2026-03-04T01:35:00Z,0,2026-03-04T01:18:00Z,29.9,2026-03-03T06:42:00Z,0,2026-03-11T10:20:00Z,1,2026-03-05T23:05:00Z
TX2-01066,2026-03-04T06:55:00Z,0,172.94,2026-03-04T06:55:00Z,82.1,2026-03-04T02:23:00Z,39.9,2026-03-04T06:36:00Z,2,2026-03-04T06:37:00Z,19.1,2026-03-04T04:52:00Z,0,2026-03-10T00:05:00Z,0,2026-03-06T18:00:00Z
TX2-01067,2026-03-04T07:25:00Z,1,75.66,2026-03-04T07:25:00Z,78.0,2026-03-04T07:12:00Z,47.7,2026-03-04T07:03:00Z,2,2026-03-04T06:26:00Z,24.7,2026-03-04T09:15:00Z,1,2026-03-09T12:55:00Z,2,2026-03-06T15:02:00Z
TX2-01068,2026-03-04T07:34:00Z,1,27.68,2026-03-04T07:34:00Z,54.2,2026-03-04T07:00:00Z,41.5,2026-03-04T07:27:00Z,2,2026-03-04T06:47:00Z,34.6,2026-03-03T19:08:00Z,1,2026-03-12T23:39:00Z,2,2026-03-06T09:32:00Z
TX2-01069,2026-03-04T08:55:00Z,0,7.87,2026-03-04T08:55:00Z,45.3,2026-03-04T06:00:00Z,39.8,2026-03-04T08:52:00Z,0,2026-03-04T08:31:00Z,32.6,2026-03-04T01:41:00Z,0,2026-03-10T11:20:00Z,0,2026-03-05T10:48:00Z
TX2-01070,2026-03-04T08:55:00Z,0,29.35,2026-03-04T08:55:00Z,52.0,2026-03-04T03:41:00Z,45.4,2026-03-04T08:42:00Z,2,2026-03-04T08:24:00Z,47.0,2026-03-04T04:24:00Z,0,2026-03-14T03:20:00Z,0,2026-03-06T05:39:00Z
TX2-01071,2026-03-04T10:00:00Z,0,12.67,2026-03-04T10:00:00Z,56.8,2026-03-04T06:46:00Z,44.4,2026-03-04T09:40:00Z,3,2026-03-04T09:23:00Z,29.2,2026-03-04T01:26:00Z,0,2026-03-10T23:12:00Z,0,2026-03-06T01:46:00Z
TX2-01072,2026-03-04T10:07:00Z,0,72.98,2026-03-04T10:07:00Z,74.8,2026-03-04T07:32:00Z,34.3,2026-03-04T09:47:00Z,3,2026-03-04T09:15:00Z,33.5,2026-03-03T23:46:00Z,0,2026-03-09T06:00:00Z,0,2026-03-06T13:37:00Z
TX2-01073,2026-03-04T10:13:00Z,1,38.23,2026-03-04T10:13:00Z,64.6,2026-03-04T09:08:00Z,53.2,2026-03-04T09:50:00Z,4,2026-03-04T09:22:00Z,25.2,2026-03-03T17:39:00Z,1,2026-03-11T21:54:00Z,2,2026-03-05T10:51:00Z
TX2-01074,2026-03-04T10:27:00Z,0,50.31,2026-03-04T10:27:00Z,58.6,2026-03-04T05:12:00Z,26.7,2026-03-04T09:58:00Z,2,2026-03-04T10:12:00Z,45.8,2026-03-03T23:19:00Z,0,2026-03-08T11:47:00Z,1,2026-03-05T11:46:00Z
TX2-01075,2026-03-04T10:34:00Z,0,330.96,2026-03-04T10:34:00Z,40.5,2026-03-04T05:24:00Z,44.3,2026-03-04T10:16:00Z,1,2026-03-04T09:51:00Z,25.9,2026-03-04T01:50:00Z,0,2026-03-08T16:39:00Z,1,2026-03-06T05:32:00Z
TX2-01076,2026-03-04T11:45:00Z,0,159.16,2026-03-04T11:45:00Z,50.3,2026-03-04T05:58:00Z,36.4,2026-03-04T11:31:00Z,1,2026-03-04T11:09:00Z,32.8,2026-03-04T05:40:00Z,0,2026-03-07T21:41:00Z,0,2026-03-06T21:23:00Z
TX2-01077,2026-03-04T12:44:00Z,0,16.46,2026-03-04T12:44:00Z,50.0,2026-03-04T10:06:00Z,58.1,2026-03-04T12:28:00Z,3,2026-03-04T12:39:00Z,28.4,2026-03-04T05:02:00Z,0,2026-03-11T19:32:00Z,0,2026-03-06T19:16:00Z
TX2-01078,2026-03-04T13:51:00Z,0,96.52,2026-03-04T13:51:00Z,50.0,2026-03-04T12:18:00Z,29.3,2026-03-04T13:28:00Z,3,2026-03-04T13:17:00Z,44.1,2026-03-04T09:26:00Z,0,2026-03-13T16:02:00Z,0,2026-03-06T14:14:00Z
TX2-01079,2026-03-04T17:22:00Z,0,55.52,2026-03-04T17:22:00Z,20.1,2026-03-04T16:18:00Z,41.7,2026-03-04T17:01:00Z,2,2026-03-04T16:22:00Z,21.8,2026-03-04T08:07:00Z,0,2026-03-11T14:07:00Z,0,2026-03-06T13:21:00Z
TX2-01080,2026-03-04T17:45:00Z,0,214.78,2026-03-04T17:45:00Z,37.1,2026-03-04T15:56:00Z,39.3,2026-03-04T17:32:00Z,1,2026-03-04T16:47:00Z,28.9,2026-03-04T13:30:00Z,0,2026-03-11T14:52:00Z,0,2026-03-05T20:52:00Z
TX2-01081,2026-03-04T18:28:00Z,0,72.19,2026-03-04T18:28:00Z,46.8,2026-03-04T13:45:00Z,45.4,2026-03-04T18:09:00Z,2,2026-03-04T18:23:00Z,41.6,2026-03-04T12:53:00Z,0,2026-03-09T22:22:00Z,0,2026-03-06T00:22:00Z
TX2-01082,2026-03-04T19:06:00Z,0,46.02,2026-03-04T19:06:00Z,28.6,2026-03-04T13:11:00Z,56.9,2026-03-04T18:41:00Z,2,2026-03-04T19:05:00Z,22.0,2026-03-04T00:28:00Z,0,2026-03-12T18:45:00Z,0,2026-03-06T17:35:00Z
TX2-01083,2026-03-04T19:11:00Z,0,32.58,2026-03-04T19:11:00Z,67.2,2026-03-04T14:48:00Z,39.0,2026-03-04T18:43:00Z,1,2026-03-04T18:22:00Z,31.3,2026-03-04T15:30:00Z,0,2026-03-09T05:56:00Z,0,2026-03-06T22:16:00Z
TX2-01084,2026-03-04T21:12:00Z,0,267.33,2026-03-04T21:12:00Z,60.9,2026-03-04T16:43:00Z,44.1,2026-03-04T20:48:00Z,0,2026-03-04T20:22:00Z,39.6,2026-03-04T04:42:00Z,0,2026-03-14T18:51:00Z,0,2026-03-05T22:02:00Z
TX2-01085,2026-03-04T21:24:00Z,0,109.67,2026-03-04T21:24:00Z,52.6,2026-03-04T20:11:00Z,58.6,2026-03-04T21:17:00Z,2,2026-03-04T20:45:00Z,39.8,2026-03-04T20:06:00Z,0,2026-03-14T18:45:00Z,1,2026-03-06T23:27:00Z
TX2-01086,2026-03-04T21:36:00Z,0,55.58,2026-03-04T21:36:00Z,58.9,2026-03-04T16:28:00Z,36.5,2026-03-04T21:10:00Z,1,2026-03-04T20:37:00Z,36.5,2026-03-04T12:58:00Z,0,2026-03-14T20:20:00Z,0,2026-03-07T17:46:00Z
TX2-01087,2026-03-04T22:33:00Z,0,151.85,2026-03-04T22:33:00Z,59.7,2026-03-04T17:36:00Z,37.6,2026-03-04T22:10:00Z,1,2026-03-04T21:34:00Z,22.8,2026-03-04T12:51:00Z,0,2026-03-12T02:21:00Z,0,2026-03-07T10:48:00Z
TX2-01088,2026-03-04T23:51:00Z,0,59.43,2026-03-04T23:51:00Z,59.4,2026-03-04T21:23:00Z,56.6,2026-03-04T23:31:00Z,1,2026-03-04T23:48:00Z,27.0,2026-03-05T04:04:00Z,0,2026-03-10T11:03:00Z,0,2026-03-06T00:55:00Z
TX2-01089,2026-03-05T00:01:00Z,0,27.97,2026-03-05T00:01:00Z,41.4,2026-03-04T19:01:00Z,56.6,2026-03-04T23:43:00Z,2,2026-03-04T23:58:00Z,33.9,2026-03-04T10:14:00Z,0,2026-03-13T11:55:00Z,0,2026-03-06T06:17:00Z
TX2-01090,2026-03-05T00:41:00Z,0,103.65,2026-03-05T00:41:00Z,55.3,2026-03-04T21:45:00Z,40.0,2026-03-05T00:29:00Z,2,2026-03-05T00:38:00Z,38.7,2026-03-04T08:17:00Z,0,2026-03-12T18:21:00Z,0,2026-03-07T14:30:00Z
TX2-01091,2026-03-05T00:44:00Z,0,53.24,2026-03-05T00:44:00Z,40.5,2026-03-04T23:07:00Z,28.2,2026-03-05T00:20:00Z,4,2026-03-04T23:45:00Z,34.5,2026-03-04T19:53:00Z,0,2026-03-12T11:31:00Z,1,2026-03-06T06:22:00Z
TX2-01092,2026-03-05T03:19:00Z,0,68.87,2026-03-05T03:19:00Z,46.1,2026-03-05T02:36:00Z,28.6,2026-03-05T03:18:00Z,4,2026-03-05T02:47:00Z,20.6,2026-03-04T17:00:00Z,0,2026-03-12T03:13:00Z,0,2026-03-07T15:07:00Z
TX2-01093,2026-03-05T03:54:00Z,0,9.09,2026-03-05T03:54:00Z,58.8,2026-03-05T02:49:00Z,42.8,2026-03-05T03:36:00Z,3,2026-03-05T03:14:00Z,27.7,2026-03-04T21:34:00Z,0,2026-03-09T05:15:00Z,1,2026-03-06T19:12:00Z
TX2-01094,2026-03-05T05:02:00Z,0,41.25,2026-03-05T05:02:00Z,43.4,2026-03-05T00:59:00Z,38.7,2026-03-05T04:58:00Z,2,2026-03-05T04:15:00Z,32.1,2026-03-04T22:15:00Z,0,2026-03-12T08:26:00Z,1,2026-03-07T05:11:00Z
TX2-01095,2026-03-05T08:57:00Z,0,59.58,2026-03-05T08:57:00Z,44.6,2026-03-05T04:15:00Z,36.8,2026-03-05T08:34:00Z,1,2026-03-05T08:00:00Z,29.9,2026-03-04T13:41:00Z,0,2026-03-13T04:06:00Z,0,2026-03-06T21:16:00Z
TX2-01096,2026-03-05T10:00:00Z,0,7.11,2026-03-05T10:00:00Z,68.9,2026-03-05T08:02:00Z,49.3,2026-03-05T09:43:00Z,1,2026-03-05T09:55:00Z,45.4,2026-03-04T19:24:00Z,0,2026-03-13T13:46:00Z,1,2026-03-06T10:34:00Z
TX2-01097,2026-03-05T12:53:00Z,0,28.34,2026-03-05T12:53:00Z,44.1,2026-03-05T10:26:00Z,32.7,2026-03-05T12:32:00Z,1,2026-03-05T12:34:00Z,31.9,2026-03-05T09:47:00Z,0,2026-03-13T15:55:00Z,0,2026-03-08T12:16:00Z
TX2-01098,2026-03-05T14:19:00Z,1,116.39,2026-03-05T14:19:00Z,54.0,2026-03-05T09:28:00Z,37.0,2026-03-05T13:52:00Z,6,2026-03-05T14:08:00Z,14.2,2026-03-05T18:52:00Z,1,2026-03-09T12:21:00Z,2,2026-03-07T12:14:00Z
TX2-01099,2026-03-05T16:24:00Z,1,16.09,2026-03-05T16:24:00Z,64.3,2026-03-05T11:25:00Z,39.0,2026-03-05T16:15:00Z,1,2026-03-05T15:56:00Z,24.1,2026-03-05T02:40:00Z,1,2026-03-12T07:54:00Z,2,2026-03-06T16:58:00Z
TX2-01100,2026-03-05T16:49:00Z,0,55.98,2026-03-05T16:49:00Z,50.8,2026-03-05T14:14:00Z,33.9,2026-03-05T16:22:00Z,4,2026-03-05T15:52:00Z,40.4,2026-03-05T18:57:00Z,0,2026-03-09T12:54:00Z,0,2026-03-08T15:27:00Z
TX2-01101,2026-03-05T17:15:00Z,0,28.93,2026-03-05T17:15:00Z,55.0,2026-03-05T15:28:00Z,49.0,2026-03-05T17:08:00Z,1,2026-03-05T16:39:00Z,31.6,2026-03-05T20:09:00Z,0,2026-03-14T18:13:00Z,0,2026-03-08T09:55:00Z
TX2-01102,2026-03-05T18:34:00Z,0,160.12,2026-03-05T18:34:00Z,25.0,2026-03-05T14:18:00Z,47.3,2026-03-05T18:14:00Z,2,2026-03-05T17:45:00Z,37.8,2026-03-05T03:06:00Z,0,2026-03-11T01:12:00Z,0,2026-03-07T17:20:00Z
TX2-01103,2026-03-05T18:40:00Z,0,58.29,2026-03-05T18:40:00Z,52.2,2026-03-05T18:25:00Z,29.7,2026-03-05T18:28:00Z,2,2026-03-05T18:07:00Z,37.0,2026-03-05T01:10:00Z,0,2026-03-11T19:07:00Z,1,2026-03-07T04:19:00Z
TX2-01104,2026-03-05T19:40:00Z,0,65.49,2026-03-05T19:40:00Z,57.2,2026-03-05T14:40:00Z,30.0,2026-03-05T19:26:00Z,0,2026-03-05T19:30:00Z,36.5,2026-03-05T22:56:00Z,0,2026-03-13T00:37:00Z,0,2026-03-07T06:53:00Z
TX2-01105,2026-03-05T20:17:00Z,0,483.04,2026-03-05T20:17:00Z,53.3,2026-03-05T18:19:00Z,31.3,2026-03-05T19:55:00Z,2,2026-03-05T19:36:00Z,47.7,2026-03-05T17:45:00Z,0,2026-03-10T04:19:00Z,0,2026-03-07T08:34:00Z
TX2-01106,2026-03-05T22:43:00Z,0,15.95,2026-03-05T22:43:00Z,53.8,2026-03-05T22:24:00Z,47.6,2026-03-05T22:30:00Z,4,2026-03-05T22:20:00Z,46.0,2026-03-06T01:46:00Z,0,2026-03-14T17:35:00Z,0,2026-03-07T17:27:00Z
TX2-01107,2026-03-06T01:22:00Z,1,168.09,2026-03-06T01:22:00Z,56.2,2026-03-05T20:56:00Z,40.9,2026-03-06T01:16:00Z,2,2026-03-06T00:47:00Z,17.7,2026-03-05T17:32:00Z,1,2026-03-13T05:40:00Z,2,2026-03-07T17:11:00Z
TX2-01108,2026-03-06T01:47:00Z,0,24.4,2026-03-06T01:47:00Z,38.8,2026-03-05T22:45:00Z,25.8,2026-03-06T01:32:00Z,2,2026-03-06T01:20:00Z,24.8,2026-03-06T08:24:00Z,0,2026-03-16T00:57:00Z,0,2026-03-07T23:43:00Z
TX2-01109,2026-03-06T06:08:00Z,0,10.01,2026-03-06T06:08:00Z,50.8,2026-03-06T00:09:00Z,52.3,2026-03-06T05:44:00Z,1,2026-03-06T05:41:00Z,28.2,2026-03-06T00:02:00Z,0,2026-03-11T19:45:00Z,0,2026-03-08T19:05:00Z
TX2-01110,2026-03-06T06:29:00Z,0,29.11,2026-03-06T06:29:00Z,40.8,2026-03-06T05:46:00Z,27.7,2026-03-06T06:06:00Z,1,2026-03-06T05:33:00Z,34.2,2026-03-06T00:57:00Z,0,2026-03-10T16:10:00Z,0,2026-03-07T22:59:00Z
TX2-01111,2026-03-06T06:36:00Z,0,104.58,2026-03-06T06:36:00Z,33.0,2026-03-06T03:22:00Z,43.5,2026-03-06T06:16:00Z,3,2026-03-06T05:58:00Z,10.8,2026-03-05T15:31:00Z,0,2026-03-14T21:01:00Z,0,2026-03-08T09:30:00Z
TX2-01112,2026-03-06T07:04:00Z,0,28.59,2026-03-06T07:04:00Z,66.9,2026-03-06T03:35:00Z,33.5,2026-03-06T06:52:00Z,0,2026-03-06T06:08:00Z,44.8,2026-03-05T11:47:00Z,0,2026-03-14T20:19:00Z,0,2026-03-08T10:08:00Z
TX2-01113,2026-03-06T07:13:00Z,0,166.52,2026-03-06T07:13:00Z,35.3,2026-03-06T01:21:00Z,36.5,2026-03-06T06:55:00Z,5,2026-03-06T06:18:00Z,34.1,2026-03-06T02:56:00Z,0,2026-03-13T18:10:00Z,1,2026-03-07T17:53:00Z
TX2-01114,2026-03-06T07:32:00Z,0,68.56,2026-03-06T07:32:00Z,42.5,2026-03-06T03:27:00Z,29.1,2026-03-06T07:26:00Z,2,2026-03-06T06:50:00Z,19.3,2026-03-05T17:08:00Z,0,2026-03-10T02:40:00Z,1,2026-03-09T04:38:00Z
TX2-01115,2026-03-06T11:11:00Z,0,27.44,2026-03-06T11:11:00Z,56.4,2026-03-06T10:56:00Z,37.7,2026-03-06T11:07:00Z,1,2026-03-06T10:57:00Z,17.1,2026-03-05T16:29:00Z,0,2026-03-15T17:21:00Z,0,2026-03-07T14:10:00Z
TX2-01116,2026-03-06T14:26:00Z,0,17.77,2026-03-06T14:26:00Z,53.9,2026-03-06T13:07:00Z,16.5,2026-03-06T14:09:00Z,1,2026-03-06T13:47:00Z,23.6,2026-03-06T11:21:00Z,0,2026-03-11T01:28:00Z,0,2026-03-08T20:13:00Z
TX2-01117,2026-03-06T14:50:00Z,0,38.25,2026-03-06T14:50:00Z,20.4,2026-03-06T12:44:00Z,26.1,2026-03-06T14:42:00Z,6,2026-03-06T14:43:00Z,29.7,2026-03-05T19:18:00Z,0,2026-03-16T04:02:00Z,0,2026-03-08T01:55:00Z
TX2-01118,2026-03-06T16:32:00Z,1,43.5,2026-03-06T16:32:00Z,64.2,2026-03-06T12:15:00Z,47.9,2026-03-06T16:22:00Z,5,2026-03-06T15:35:00Z,46.1,2026-03-06T22:19:00Z,1,2026-03-15T03:25:00Z,0,2026-03-09T15:06:00Z
TX2-01119,2026-03-06T17:29:00Z,0,30.05,2026-03-06T17:29:00Z,42.8,2026-03-06T14:33:00Z,37.7,2026-03-06T17:26:00Z,2,2026-03-06T17:05:00Z,34.0,2026-03-06T04:33:00Z,0,2026-03-09T18:16:00Z,0,2026-03-08T06:01:00Z
TX2-01120,2026-03-06T17:38:00Z,0,5.88,2026-03-06T17:38:00Z,52.7,2026-03-06T15:52:00Z,45.0,2026-03-06T17:11:00Z,1,2026-03-06T17:13:00Z,20.3,2026-03-06T14:11:00Z,0,2026-03-16T13:42:00Z,1,2026-03-09T00:24:00Z
TX2-01121,2026-03-06T18:44:00Z,0,108.94,2026-03-06T18:44:00Z,51.6,2026-03-06T18:19:00Z,63.4,2026-03-06T18:41:00Z,4,2026-03-06T18:10:00Z,32.7,2026-03-06T13:13:00Z,0,2026-03-13T00:43:00Z,2,2026-03-09T05:27:00Z
TX2-01122,2026-03-06T20:45:00Z,0,28.52,2026-03-06T20:45:00Z,50.4,2026-03-06T15:04:00Z,50.4,2026-03-06T20:33:00Z,2,2026-03-06T20:15:00Z,29.8,2026-03-06T18:21:00Z,0,2026-03-10T04:49:00Z,0,2026-03-09T09:59:00Z
TX2-01123,2026-03-06T21:25:00Z,0,27.95,2026-03-06T21:25:00Z,42.2,2026-03-06T15:28:00Z,47.8,2026-03-06T21:09:00Z,3,2026-03-06T21:16:00Z,19.2,2026-03-06T05:48:00Z,0,2026-03-16T14:03:00Z,0,2026-03-08T04:14:00Z
TX2-01124,2026-03-06T22:07:00Z,0,10.48,2026-03-06T22:07:00Z,39.0,2026-03-06T21:29:00Z,33.8,2026-03-06T21:51:00Z,1,2026-03-06T21:27:00Z,22.1,2026-03-06T02:31:00Z,0,2026-03-12T10:52:00Z,0,2026-03-08T09:00:00Z
TX2-01125,2026-03-06T22:13:00Z,1,218.58,2026-03-06T22:13:00Z,74.2,2026-03-06T21:19:00Z,34.6,2026-03-06T22:01:00Z,2,2026-03-06T21:37:00Z,39.7,2026-03-06T16:46:00Z,1,2026-03-10T23:16:00Z,1,2026-03-09T15:17:00Z
TX2-01126,2026-03-06T22:40:00Z,0,55.52,2026-03-06T22:40:00Z,49.1,2026-03-06T21:40:00Z,39.3,2026-03-06T22:39:00Z,1,2026-03-06T22:00:00Z,30.3,2026-03-06T04:16:00Z,0,2026-03-13T01:25:00Z,0,2026-03-08T02:38:00Z
TX2-01127,2026-03-06T23:04:00Z,0,34.99,2026-03-06T23:04:00Z,58.4,2026-03-06T21:12:00Z,65.2,2026-03-06T22:42:00Z,4,2026-03-06T22:49:00Z,28.2,2026-03-06T10:44:00Z,0,2026-03-10T04:02:00Z,0,2026-03-08T04:00:00Z
TX2-01128,2026-03-06T23:31:00Z,0,198.96,2026-03-06T23:31:00Z,71.7,2026-03-06T20:59:00Z,51.5,2026-03-06T23:05:00Z,2,2026-03-06T23:16:00Z,31.9,2026-03-06T12:40:00Z,0,2026-03-12T10:44:00Z,0,2026-03-08T08:11:00Z
TX2-01129,2026-03-07T00:16:00Z,0,77.29,2026-03-07T00:16:00Z,31.2,2026-03-06T18:38:00Z,40.7,2026-03-07T00:02:00Z,4,2026-03-06T23:23:00Z,28.3,2026-03-06T06:38:00Z,0,2026-03-10T04:18:00Z,0,2026-03-08T01:29:00Z
TX2-01130,2026-03-07T01:14:00Z,0,60.04,2026-03-07T01:14:00Z,54.1,2026-03-06T23:14:00Z,42.0,2026-03-07T01:00:00Z,0,2026-03-07T00:26:00Z,22.4,2026-03-06T05:46:00Z,0,2026-03-10T05:21:00Z,0,2026-03-08T04:04:00Z
TX2-01131,2026-03-07T03:49:00Z,0,112.85,2026-03-07T03:49:00Z,66.2,2026-03-07T01:37:00Z,46.3,2026-03-07T03:36:00Z,2,2026-03-07T02:58:00Z,30.8,2026-03-06T17:51:00Z,0,2026-03-13T19:48:00Z,0,2026-03-09T16:02:00Z
TX2-01132,2026-03-07T09:52:00Z,0,12.14,2026-03-07T09:52:00Z,60.6,2026-03-07T08:36:00Z,49.1,2026-03-07T09:26:00Z,2,2026-03-07T09:09:00Z,28.3,2026-03-07T05:40:00Z,0,2026-03-17T05:22:00Z,0,2026-03-10T02:45:00Z
TX2-01133,2026-03-07T10:24:00Z,0,47.13,2026-03-07T10:24:00Z,35.9,2026-03-07T04:58:00Z,29.6,2026-03-07T10:00:00Z,2,2026-03-07T10:02:00Z,32.7,2026-03-07T01:31:00Z,0,2026-03-13T17:08:00Z,0,2026-03-09T13:36:00Z
TX2-01134,2026-03-07T11:14:00Z,0,30.8,2026-03-07T11:14:00Z,37.7,2026-03-07T09:40:00Z,40.8,2026-03-07T10:51:00Z,2,2026-03-07T10:53:00Z,28.4,2026-03-07T06:59:00Z,0,2026-03-13T22:30:00Z,0,2026-03-10T09:48:00Z
TX2-01135,2026-03-07T13:10:00Z,0,31.25,2026-03-07T13:10:00Z,34.3,2026-03-07T08:17:00Z,49.0,2026-03-07T12:55:00Z,2,2026-03-07T12:49:00Z,32.0,2026-03-06T21:47:00Z,0,2026-03-14T01:03:00Z,0,2026-03-10T06:05:00Z
TX2-01136,2026-03-07T14:28:00Z,0,28.42,2026-03-07T14:28:00Z,75.6,2026-03-07T08:43:00Z,38.6,2026-03-07T14:25:00Z,4,2026-03-07T14:07:00Z,28.2,2026-03-07T05:50:00Z,0,2026-03-15T23:33:00Z,0,2026-03-08T22:17:00Z
TX2-01137,2026-03-07T15:52:00Z,0,214.12,2026-03-07T15:52:00Z,46.9,2026-03-07T13:59:00Z,26.9,2026-03-07T15:39:00Z,1,2026-03-07T15:44:00Z,38.2,2026-03-07T13:14:00Z,0,2026-03-12T08:43:00Z,0,2026-03-10T14:14:00Z
TX2-01138,2026-03-07T17:18:00Z,0,21.73,2026-03-07T17:18:00Z,48.8,2026-03-07T14:00:00Z,36.9,2026-03-07T17:00:00Z,0,2026-03-07T16:40:00Z,30.5,2026-03-07T06:58:00Z,0,2026-03-16T18:18:00Z,0,2026-03-09T21:41:00Z
TX2-01139,2026-03-07T17:31:00Z,0,45.71,2026-03-07T17:31:00Z,70.5,2026-03-07T15:54:00Z,37.5,2026-03-07T17:25:00Z,1,2026-03-07T17:26:00Z,25.4,2026-03-07T10:08:00Z,0,2026-03-11T02:30:00Z,0,2026-03-08T18:23:00Z
TX2-01140,2026-03-07T23:34:00Z,0,22.37,2026-03-07T23:34:00Z,29.2,2026-03-07T18:30:00Z,48.7,2026-03-07T23:20:00Z,2,2026-03-07T23:19:00Z,39.0,2026-03-07T09:55:00Z,0,2026-03-16T06:03:00Z,0,2026-03-10T17:15:00Z
TX2-01141,2026-03-07T23:36:00Z,0,66.36,2026-03-07T23:36:00Z,65.4,2026-03-07T22:24:00Z,35.1,2026-03-07T23:10:00Z,2,2026-03-07T23:06:00Z,25.3,2026-03-07T20:29:00Z,0,2026-03-13T21:51:00Z,0,2026-03-09T07:53:00Z
TX2-01142,2026-03-08T01:11:00Z,0,328.39,2026-03-08T01:11:00Z,65.6,2026-03-07T20:24:00Z,33.7,2026-03-08T00:59:00Z,1,2026-03-08T01:00:00Z,33.0,2026-03-07T20:04:00Z,1,2026-03-12T00:36:00Z,0,2026-03-09T16:16:00Z
TX2-01143,2026-03-08T01:21:00Z,0,63.28,2026-03-08T01:21:00Z,57.4,2026-03-07T20:45:00Z,55.6,2026-03-08T01:12:00Z,3,2026-03-08T00:39:00Z,29.2,2026-03-07T15:57:00Z,0,2026-03-11T16:52:00Z,0,2026-03-10T00:31:00Z
TX2-01144,2026-03-08T02:54:00Z,0,149.09,2026-03-08T02:54:00Z,55.2,2026-03-07T21:27:00Z,34.3,2026-03-08T02:33:00Z,0,2026-03-08T02:14:00Z,35.1,2026-03-08T09:43:00Z,0,2026-03-12T05:07:00Z,1,2026-03-09T05:10:00Z
TX2-01145,2026-03-08T05:53:00Z,0,29.78,2026-03-08T05:53:00Z,33.7,2026-03-08T04:22:00Z,34.9,2026-03-08T05:41:00Z,3,2026-03-08T04:57:00Z,27.0,2026-03-08T04:16:00Z,0,2026-03-11T15:58:00Z,0,2026-03-11T02:37:00Z
TX2-01146,2026-03-08T07:42:00Z,0,10.12,2026-03-08T07:42:00Z,55.7,2026-03-08T06:05:00Z,24.1,2026-03-08T07:28:00Z,1,2026-03-08T06:56:00Z,20.5,2026-03-08T14:54:00Z,0,2026-03-17T15:15:00Z,0,2026-03-10T16:36:00Z
TX2-01147,2026-03-08T08:46:00Z,0,50.7,2026-03-08T08:46:00Z,33.9,2026-03-08T03:28:00Z,54.2,2026-03-08T08:16:00Z,1,2026-03-08T07:54:00Z,33.7,2026-03-07T23:37:00Z,0,2026-03-18T03:52:00Z,0,2026-03-09T17:36:00Z
TX2-01148,2026-03-08T12:35:00Z,0,92.52,2026-03-08T12:35:00Z,43.4,2026-03-08T11:24:00Z,27.6,2026-03-08T12:32:00Z,2,2026-03-08T12:11:00Z,34.9,2026-03-07T22:00:00Z,0,2026-03-12T06:16:00Z,1,2026-03-09T20:47:00Z
TX2-01149,2026-03-08T16:47:00Z,1,27.92,2026-03-08T16:47:00Z,47.7,2026-03-08T15:30:00Z,42.0,2026-03-08T16:29:00Z,3,2026-03-08T16:22:00Z,44.5,2026-03-08T09:04:00Z,1,2026-03-12T23:20:00Z,2,2026-03-09T20:57:00Z
TX2-01150,2026-03-08T17:08:00Z,0,112.56,2026-03-08T17:08:00Z,39.4,2026-03-08T16:06:00Z,21.9,2026-03-08T17:05:00Z,2,2026-03-08T16:13:00Z,32.6,2026-03-08T05:34:00Z,0,2026-03-13T09:48:00Z,0,2026-03-11T15:45:00Z
TX2-01151,2026-03-08T17:44:00Z,1,56.25,2026-03-08T17:44:00Z,42.3,2026-03-08T12:41:00Z,41.3,2026-03-08T17:16:00Z,1,2026-03-08T17:29:00Z,30.3,2026-03-08T05:47:00Z,1,2026-03-18T13:20:00Z,2,2026-03-10T06:16:00Z
TX2-01152,2026-03-08T18:34:00Z,0,36.13,2026-03-08T18:34:00Z,55.2,2026-03-08T18:06:00Z,50.4,2026-03-08T18:07:00Z,2,2026-03-08T18:03:00Z,34.2,2026-03-08T12:51:00Z,0,2026-03-13T09:37:00Z,2,2026-03-10T13:02:00Z
TX2-01153,2026-03-08T19:05:00Z,0,41.94,2026-03-08T19:05:00Z,47.2,2026-03-08T16:19:00Z,27.4,2026-03-08T19:01:00Z,1,2026-03-08T18:53:00Z,25.5,2026-03-09T03:50:00Z,0,2026-03-17T17:05:00Z,0,2026-03-11T17:53:00Z
TX2-01154,2026-03-08T19:20:00Z,0,210.5,2026-03-08T19:20:00Z,31.9,2026-03-08T19:09:00Z,31.2,2026-03-08T19:07:00Z,1,2026-03-08T18:42:00Z,34.6,2026-03-08T13:51:00Z,0,2026-03-15T11:08:00Z,0,2026-03-09T20:18:00Z
TX2-01155,2026-03-09T00:35:00Z,0,44.15,2026-03-09T00:35:00Z,56.7,2026-03-08T23:29:00Z,35.5,2026-03-09T00:31:00Z,3,2026-03-09T00:03:00Z,22.0,2026-03-08T19:12:00Z,0,2026-03-13T10:11:00Z,0,2026-03-11T18:22:00Z
TX2-01156,2026-03-09T01:23:00Z,0,16.48,2026-03-09T01:23:00Z,61.6,2026-03-08T19:29:00Z,21.9,2026-03-09T01:16:00Z,0,2026-03-09T00:34:00Z,20.8,2026-03-08T21:39:00Z,0,2026-03-12T10:10:00Z,0,2026-03-11T18:53:00Z
TX2-01157,2026-03-09T05:14:00Z,0,41.72,2026-03-09T05:14:00Z,44.6,2026-03-09T04:56:00Z,37.1,2026-03-09T05:03:00Z,1,2026-03-09T04:23:00Z,30.1,2026-03-08T11:33:00Z,0,2026-03-18T10:05:00Z,0,2026-03-11T20:17:00Z
TX2-01158,2026-03-09T14:29:00Z,0,143.36,2026-03-09T14:29:00Z,58.6,2026-03-09T08:50:00Z,45.8,2026-03-09T14:16:00Z,3,2026-03-09T14:21:00Z,44.9,2026-03-09T05:46:00Z,0,2026-03-17T00:22:00Z,2,2026-03-12T08:11:00Z
TX2-01159,2026-03-09T14:33:00Z,0,112.76,2026-03-09T14:33:00Z,34.1,2026-03-09T14:18:00Z,30.1,2026-03-09T14:09:00Z,1,2026-03-09T14:04:00Z,30.7,2026-03-09T02:52:00Z,0,2026-03-16T19:14:00Z,0,2026-03-11T00:41:00Z
TX2-01160,2026-03-09T16:19:00Z,0,201.65,2026-03-09T16:19:00Z,76.9,2026-03-09T11:15:00Z,34.1,2026-03-09T16:11:00Z,1,2026-03-09T15:37:00Z,42.7,2026-03-08T21:56:00Z,0,2026-03-16T06:53:00Z,0,2026-03-11T05:54:00Z
TX2-01161,2026-03-09T16:24:00Z,0,22.31,2026-03-09T16:24:00Z,33.7,2026-03-09T10:25:00Z,34.1,2026-03-09T16:00:00Z,3,2026-03-09T15:41:00Z,30.9,2026-03-09T00:26:00Z,0,2026-03-18T05:03:00Z,0,2026-03-11T10:59:00Z
TX2-01162,2026-03-09T21:08:00Z,0,27.95,2026-03-09T21:08:00Z,60.9,2026-03-09T18:33:00Z,53.1,2026-03-09T20:59:00Z,1,2026-03-09T20:18:00Z,30.8,2026-03-09T23:01:00Z,0,2026-03-17T16:22:00Z,1,2026-03-12T12:38:00Z
TX2-01163,2026-03-09T21:11:00Z,0,213.16,2026-03-09T21:11:00Z,54.0,2026-03-09T20:28:00Z,36.6,2026-03-09T20:58:00Z,6,2026-03-09T20:58:00Z,43.1,2026-03-09T11:45:00Z,0,2026-03-18T23:38:00Z,0,2026-03-11T00:53:00Z
TX2-01164,2026-03-09T21:42:00Z,0,241.74,2026-03-09T21:42:00Z,33.6,2026-03-09T21:21:00Z,48.4,2026-03-09T21:21:00Z,1,2026-03-09T20:45:00Z,25.3,2026-03-10T01:42:00Z,0,2026-03-19T13:12:00Z,0,2026-03-12T06:23:00Z
TX2-01165,2026-03-10T01:00:00Z,0,91.49,2026-03-10T01:00:00Z,20.0,2026-03-09T20:47:00Z,45.4,2026-03-10T00:46:00Z,4,2026-03-10T00:02:00Z,34.2,2026-03-09T19:05:00Z,0,2026-03-14T00:32:00Z,0,2026-03-12T15:56:00Z
TX2-01166,2026-03-10T02:57:00Z,0,21.92,2026-03-10T02:57:00Z,54.1,2026-03-10T01:37:00Z,49.0,2026-03-10T02:33:00Z,5,2026-03-10T02:10:00Z,28.0,2026-03-09T15:17:00Z,0,2026-03-17T21:43:00Z,1,2026-03-13T00:11:00Z
TX2-01167,2026-03-10T05:51:00Z,0,12.54,2026-03-10T05:51:00Z,46.0,2026-03-10T01:17:00Z,44.2,2026-03-10T05:32:00Z,3,2026-03-10T05:24:00Z,22.8,2026-03-09T14:36:00Z,0,2026-03-16T22:04:00Z,0,2026-03-11T17:15:00Z
TX2-01168,2026-03-10T06:05:00Z,0,8.03,2026-03-10T06:05:00Z,95.7,2026-03-10T05:43:00Z,34.8,2026-03-10T05:50:00Z,2,2026-03-10T05:50:00Z,40.9,2026-03-09T20:28:00Z,0,2026-03-14T22:27:00Z,0,2026-03-12T04:55:00Z
TX2-01169,2026-03-10T07:17:00Z,0,5.93,2026-03-10T07:17:00Z,56.5,2026-03-10T04:13:00Z,14.0,2026-03-10T06:52:00Z,4,2026-03-10T06:48:00Z,25.8,2026-03-09T19:50:00Z,0,2026-03-15T15:28:00Z,0,2026-03-11T19:41:00Z
TX2-01170,2026-03-10T09:09:00Z,0,136.66,2026-03-10T09:09:00Z,61.1,2026-03-10T04:08:00Z,35.4,2026-03-10T08:53:00Z,0,2026-03-10T08:18:00Z,29.1,2026-03-10T05:42:00Z,0,2026-03-13T18:24:00Z,1,2026-03-13T05:23:00Z
TX2-01171,2026-03-10T10:56:00Z,0,30.82,2026-03-10T10:56:00Z,60.2,2026-03-10T09:16:00Z,22.8,2026-03-10T10:30:00Z,1,2026-03-10T10:20:00Z,45.5,2026-03-09T16:13:00Z,0,2026-03-14T07:50:00Z,0,2026-03-11T17:19:00Z
TX2-01172,2026-03-10T10:56:00Z,0,68.88,2026-03-10T10:56:00Z,49.5,2026-03-10T09:42:00Z,38.3,2026-03-10T10:54:00Z,4,2026-03-10T10:30:00Z,33.3,2026-03-10T03:55:00Z,0,2026-03-18T22:10:00Z,2,2026-03-11T17:46:00Z
TX2-01173,2026-03-10T13:22:00Z,0,18.87,2026-03-10T13:22:00Z,37.3,2026-03-10T08:23:00Z,36.6,2026-03-10T13:03:00Z,1,2026-03-10T12:32:00Z,10.8,2026-03-10T07:45:00Z,0,2026-03-18T12:44:00Z,0,2026-03-13T01:45:00Z
TX2-01174,2026-03-10T13:44:00Z,0,31.95,2026-03-10T13:44:00Z,56.5,2026-03-10T10:21:00Z,46.4,2026-03-10T13:22:00Z,3,2026-03-10T12:51:00Z,21.2,2026-03-10T02:05:00Z,0,2026-03-16T01:14:00Z,0,2026-03-12T08:36:00Z
TX2-01175,2026-03-10T15:41:00Z,0,44.3,2026-03-10T15:41:00Z,59.0,2026-03-10T12:30:00Z,31.9,2026-03-10T15:23:00Z,2,2026-03-10T14:41:00Z,33.6,2026-03-10T09:46:00Z,0,2026-03-16T14:50:00Z,0,2026-03-13T02:31:00Z
TX2-01176,2026-03-10T16:07:00Z,0,9.35,2026-03-10T16:07:00Z,37.8,2026-03-10T11:00:00Z,40.3,2026-03-10T15:47:00Z,4,2026-03-10T15:46:00Z,43.0,2026-03-10T04:25:00Z,0,2026-03-15T16:53:00Z,0,2026-03-13T00:51:00Z
TX2-01177,2026-03-10T16:51:00Z,0,156.56,2026-03-10T16:51:00Z,44.5,2026-03-10T13:31:00Z,48.5,2026-03-10T16:28:00Z,5,2026-03-10T16:07:00Z,17.8,2026-03-11T00:32:00Z,0,2026-03-15T00:42:00Z,0,2026-03-13T07:46:00Z
TX2-01178,2026-03-10T17:19:00Z,0,312.9,2026-03-10T17:19:00Z,32.0,2026-03-10T15:04:00Z,49.0,2026-03-10T17:03:00Z,5,2026-03-10T17:02:00Z,35.7,2026-03-10T02:22:00Z,0,2026-03-16T02:48:00Z,0,2026-03-12T04:38:00Z
TX2-01179,2026-03-10T19:55:00Z,0,89.17,2026-03-10T19:55:00Z,48.8,2026-03-10T15:14:00Z,42.7,2026-03-10T19:26:00Z,1,2026-03-10T19:46:00Z,33.0,2026-03-10T08:43:00Z,0,2026-03-16T10:22:00Z,0,2026-03-13T19:47:00Z
TX2-01180,2026-03-10T23:03:00Z,0,28.26,2026-03-10T23:03:00Z,45.7,2026-03-10T20:30:00Z,38.7,2026-03-10T22:58:00Z,2,2026-03-10T22:15:00Z,40.9,2026-03-10T07:38:00Z,0,2026-03-18T22:26:00Z,0,2026-03-13T04:01:00Z
TX2-01181,2026-03-11T00:29:00Z,0,35.68,2026-03-11T00:29:00Z,43.5,2026-03-10T19:23:00Z,46.8,2026-03-11T00:28:00Z,2,2026-03-10T23:35:00Z,42.3,2026-03-10T07:38:00Z,0,2026-03-20T11:26:00Z,0,2026-03-12T00:34:00Z
TX2-01182,2026-03-11T00:50:00Z,0,148.93,2026-03-11T00:50:00Z,47.8,2026-03-10T21:53:00Z,26.5,2026-03-11T00:39:00Z,3,2026-03-11T00:31:00Z,36.8,2026-03-10T20:38:00Z,0,2026-03-17T09:01:00Z,0,2026-03-13T21:07:00Z
TX2-01183,2026-03-11T02:02:00Z,1,77.35,2026-03-11T02:02:00Z,63.2,2026-03-10T23:03:00Z,33.0,2026-03-11T01:59:00Z,3,2026-03-11T01:19:00Z,24.7,2026-03-10T08:36:00Z,1,2026-03-19T08:43:00Z,2,2026-03-12T19:46:00Z
TX2-01184,2026-03-11T02:12:00Z,0,65.45,2026-03-11T02:12:00Z,47.4,2026-03-11T01:37:00Z,54.8,2026-03-11T01:49:00Z,4,2026-03-11T01:12:00Z,31.3,2026-03-10T16:05:00Z,0,2026-03-14T02:33:00Z,0,2026-03-12T03:53:00Z
TX2-01185,2026-03-11T06:55:00Z,0,31.34,2026-03-11T06:55:00Z,34.6,2026-03-11T03:39:00Z,46.8,2026-03-11T06:54:00Z,5,2026-03-11T06:21:00Z,24.7,2026-03-11T11:36:00Z,0,2026-03-15T08:39:00Z,0,2026-03-13T18:56:00Z
TX2-01186,2026-03-11T07:20:00Z,0,230.0,2026-03-11T07:20:00Z,56.0,2026-03-11T03:06:00Z,54.1,2026-03-11T07:06:00Z,2,2026-03-11T06:51:00Z,30.6,2026-03-10T23:55:00Z,0,2026-03-18T22:46:00Z,0,2026-03-13T08:02:00Z
TX2-01187,2026-03-11T07:24:00Z,0,18.55,2026-03-11T07:24:00Z,33.8,2026-03-11T05:58:00Z,34.6,2026-03-11T06:56:00Z,3,2026-03-11T06:30:00Z,29.1,2026-03-10T17:16:00Z,1,2026-03-19T22:34:00Z,0,2026-03-12T21:54:00Z
TX2-01188,2026-03-11T08:12:00Z,0,375.73,2026-03-11T08:12:00Z,54.0,2026-03-11T03:32:00Z,47.1,2026-03-11T07:46:00Z,2,2026-03-11T07:58:00Z,21.3,2026-03-10T23:06:00Z,0,2026-03-16T01:18:00Z,0,2026-03-13T03:20:00Z
TX2-01189,2026-03-11T08:36:00Z,0,88.41,2026-03-11T08:36:00Z,66.9,2026-03-11T06:27:00Z,54.4,2026-03-11T08:28:00Z,3,2026-03-11T08:18:00Z,43.9,2026-03-10T17:35:00Z,0,2026-03-18T11:20:00Z,0,2026-03-12T22:57:00Z
TX2-01190,2026-03-11T09:44:00Z,1,82.71,2026-03-11T09:44:00Z,64.7,2026-03-11T09:24:00Z,46.9,2026-03-11T09:23:00Z,0,2026-03-11T09:34:00Z,37.0,2026-03-10T14:09:00Z,1,2026-03-18T22:33:00Z,2,2026-03-13T04:14:00Z
TX2-01191,2026-03-11T14:46:00Z,0,64.36,2026-03-11T14:46:00Z,41.5,2026-03-11T09:13:00Z,46.7,2026-03-11T14:25:00Z,4,2026-03-11T13:49:00Z,44.3,2026-03-11T06:05:00Z,0,2026-03-16T00:27:00Z,0,2026-03-13T16:54:00Z
TX2-01192,2026-03-11T15:32:00Z,0,96.03,2026-03-11T15:32:00Z,57.0,2026-03-11T10:40:00Z,51.6,2026-03-11T15:13:00Z,6,2026-03-11T14:43:00Z,24.9,2026-03-11T08:09:00Z,0,2026-03-20T08:21:00Z,0,2026-03-13T09:24:00Z
TX2-01193,2026-03-11T16:33:00Z,0,47.98,2026-03-11T16:33:00Z,69.5,2026-03-11T11:39:00Z,36.9,2026-03-11T16:16:00Z,0,2026-03-11T15:54:00Z,42.6,2026-03-11T05:45:00Z,0,2026-03-16T03:27:00Z,0,2026-03-13T20:54:00Z
TX2-01194,2026-03-11T17:03:00Z,0,52.81,2026-03-11T17:03:00Z,54.4,2026-03-11T15:05:00Z,63.8,2026-03-11T16:53:00Z,2,2026-03-11T16:24:00Z,14.9,2026-03-11T13:14:00Z,0,2026-03-17T18:32:00Z,2,2026-03-13T11:58:00Z
TX2-01195,2026-03-11T18:48:00Z,0,57.13,2026-03-11T18:48:00Z,39.5,2026-03-11T13:44:00Z,52.7,2026-03-11T18:34:00Z,2,2026-03-11T18:18:00Z,13.1,2026-03-11T23:52:00Z,0,2026-03-15T07:53:00Z,1,2026-03-14T04:22:00Z
TX2-01196,2026-03-11T22:55:00Z,0,18.82,2026-03-11T22:55:00Z,29.8,2026-03-11T18:49:00Z,39.4,2026-03-11T22:49:00Z,2,2026-03-11T22:40:00Z,22.2,2026-03-11T07:22:00Z,0,2026-03-21T19:36:00Z,0,2026-03-14T20:28:00Z
TX2-01197,2026-03-11T23:26:00Z,0,101.83,2026-03-11T23:26:00Z,32.5,2026-03-11T18:21:00Z,32.6,2026-03-11T23:00:00Z,2,2026-03-11T23:21:00Z,37.6,2026-03-12T06:47:00Z,0,2026-03-18T13:55:00Z,0,2026-03-13T11:21:00Z
TX2-01198,2026-03-12T00:01:00Z,0,108.13,2026-03-12T00:01:00Z,64.1,2026-03-11T18:35:00Z,39.6,2026-03-11T23:56:00Z,0,2026-03-11T23:29:00Z,21.8,2026-03-11T13:46:00Z,0,2026-03-21T09:44:00Z,0,2026-03-13T20:47:00Z
TX2-01199,2026-03-12T00:14:00Z,0,52.41,2026-03-12T00:14:00Z,50.8,2026-03-11T23:12:00Z,49.0,2026-03-11T23:54:00Z,3,2026-03-11T23:31:00Z,36.4,2026-03-11T05:42:00Z,0,2026-03-19T21:57:00Z,0,2026-03-14T06:25:00Z
TX2-01200,2026-03-12T01:27:00Z,0,74.8,2026-03-12T01:27:00Z,25.8,2026-03-11T20:57:00Z,48.3,2026-03-12T01:19:00Z,1,2026-03-12T01:02:00Z,37.0,2026-03-12T02:36:00Z,0,2026-03-21T12:02:00Z,0,2026-03-14T06:53:00Z
TX2-01201,2026-03-12T02:51:00Z,0,7.0,2026-03-12T02:51:00Z,40.1,2026-03-12T01:49:00Z,26.3,2026-03-12T02:31:00Z,1,2026-03-12T02:12:00Z,25.0,2026-03-11T15:46:00Z,0,2026-03-16T03:08:00Z,0,2026-03-14T22:29:00Z
TX2-01202,2026-03-12T06:08:00Z,0,76.87,2026-03-12T06:08:00Z,70.0,2026-03-12T04:52:00Z,55.3,2026-03-12T05:41:00Z,2,2026-03-12T05:58:00Z,22.0,2026-03-12T12:39:00Z,0,2026-03-15T20:26:00Z,0,2026-03-14T14:14:00Z
TX2-01203,2026-03-12T06:34:00Z,0,44.34,2026-03-12T06:34:00Z,54.1,2026-03-12T03:46:00Z,17.4,2026-03-12T06:26:00Z,1,2026-03-12T06:27:00Z,30.1,2026-03-11T19:29:00Z,0,2026-03-17T09:22:00Z,0,2026-03-15T00:17:00Z
TX2-01204,2026-03-12T07:16:00Z,0,110.02,2026-03-12T07:16:00Z,71.8,2026-03-12T03:29:00Z,58.7,2026-03-12T06:59:00Z,3,2026-03-12T06:38:00Z,18.4,2026-03-11T20:35:00Z,0,2026-03-19T12:39:00Z,0,2026-03-14T12:42:00Z
TX2-01205,2026-03-12T07:59:00Z,0,112.57,2026-03-12T07:59:00Z,45.1,2026-03-12T06:46:00Z,16.9,2026-03-12T07:44:00Z,1,2026-03-12T07:07:00Z,10.4,2026-03-11T13:46:00Z,0,2026-03-16T17:52:00Z,0,2026-03-13T09:04:00Z
TX2-01206,2026-03-12T08:54:00Z,0,9.59,2026-03-12T08:54:00Z,26.1,2026-03-12T05:38:00Z,47.8,2026-03-12T08:33:00Z,2,2026-03-12T08:02:00Z,12.8,2026-03-12T00:47:00Z,0,2026-03-20T03:40:00Z,0,2026-03-15T06:07:00Z
TX2-01207,2026-03-12T09:31:00Z,0,75.14,2026-03-12T09:31:00Z,72.9,2026-03-12T09:14:00Z,50.0,2026-03-12T09:25:00Z,1,2026-03-12T08:51:00Z,35.5,2026-03-12T17:07:00Z,0,2026-03-15T22:37:00Z,0,2026-03-14T23:15:00Z
TX2-01208,2026-03-12T13:12:00Z,0,43.32,2026-03-12T13:12:00Z,43.5,2026-03-12T11:45:00Z,47.8,2026-03-12T12:53:00Z,2,2026-03-12T12:54:00Z,16.6,2026-03-12T10:48:00Z,0,2026-03-17T00:46:00Z,0,2026-03-13T15:08:00Z
TX2-01209,2026-03-12T13:29:00Z,0,8.91,2026-03-12T13:29:00Z,29.3,2026-03-12T12:34:00Z,40.1,2026-03-12T13:13:00Z,4,2026-03-12T12:36:00Z,38.3,2026-03-12T02:28:00Z,0,2026-03-18T18:37:00Z,0,2026-03-13T17:14:00Z
TX2-01210,2026-03-12T13:34:00Z,0,63.71,2026-03-12T13:34:00Z,72.8,2026-03-12T12:37:00Z,36.6,2026-03-12T13:26:00Z,1,2026-03-12T13:05:00Z,17.3,2026-03-12T05:17:00Z,0,2026-03-20T10:04:00Z,0,2026-03-14T10:49:00Z
TX2-01211,2026-03-12T17:02:00Z,0,174.45,2026-03-12T17:02:00Z,31.3,2026-03-12T16:12:00Z,42.4,2026-03-12T16:45:00Z,1,2026-03-12T16:56:00Z,26.3,2026-03-12T11:18:00Z,0,2026-03-16T02:37:00Z,0,2026-03-14T15:40:00Z
TX2-01212,2026-03-12T20:19:00Z,0,82.9,2026-03-12T20:19:00Z,50.3,2026-03-12T14:37:00Z,34.1,2026-03-12T20:05:00Z,4,2026-03-12T19:37:00Z,22.7,2026-03-12T02:29:00Z,0,2026-03-19T23:51:00Z,0,2026-03-14T22:06:00Z
TX2-01213,2026-03-12T20:38:00Z,0,4.93,2026-03-12T20:38:00Z,58.9,2026-03-12T14:47:00Z,38.7,2026-03-12T20:27:00Z,2,2026-03-12T20:29:00Z,40.0,2026-03-12T11:45:00Z,0,2026-03-19T02:59:00Z,0,2026-03-14T19:32:00Z
TX2-01214,2026-03-12T22:19:00Z,0,54.58,2026-03-12T22:19:00Z,28.7,2026-03-12T16:46:00Z,33.9,2026-03-12T21:55:00Z,5,2026-03-12T21:52:00Z,23.1,2026-03-12T16:00:00Z,0,2026-03-17T12:18:00Z,0,2026-03-14T14:40:00Z
TX2-01215,2026-03-12T22:21:00Z,0,9.19,2026-03-12T22:21:00Z,41.1,2026-03-12T18:16:00Z,44.2,2026-03-12T21:51:00Z,0,2026-03-12T21:26:00Z,40.1,2026-03-12T20:47:00Z,0,2026-03-20T09:18:00Z,0,2026-03-15T07:44:00Z
TX2-01216,2026-03-12T22:50:00Z,0,28.21,2026-03-12T22:50:00Z,49.2,2026-03-12T22:33:00Z,40.8,2026-03-12T22:27:00Z,3,2026-03-12T21:58:00Z,40.3,2026-03-12T19:07:00Z,1,2026-03-18T10:07:00Z,1,2026-03-15T11:39:00Z
TX2-01217,2026-03-13T04:34:00Z,0,25.25,2026-03-13T04:34:00Z,50.0,2026-03-13T01:03:00Z,42.8,2026-03-13T04:11:00Z,3,2026-03-13T04:29:00Z,40.2,2026-03-12T09:41:00Z,0,2026-03-17T16:56:00Z,0,2026-03-16T00:55:00Z
TX2-01218,2026-03-13T05:11:00Z,0,112.94,2026-03-13T05:11:00Z,55.0,2026-03-13T03:23:00Z,50.3,2026-03-13T04:50:00Z,1,2026-03-13T04:35:00Z,38.1,2026-03-13T03:37:00Z,0,2026-03-19T23:10:00Z,1,2026-03-15T00:57:00Z
TX2-01219,2026-03-13T06:28:00Z,0,49.02,2026-03-13T06:28:00Z,57.3,2026-03-13T03:11:00Z,45.2,2026-03-13T05:59:00Z,2,2026-03-13T05:53:00Z,29.6,2026-03-12T17:52:00Z,0,2026-03-22T07:27:00Z,0,2026-03-14T18:23:00Z
TX2-01220,2026-03-13T06:33:00Z,0,21.91,2026-03-13T06:33:00Z,42.5,2026-03-13T06:20:00Z,48.6,2026-03-13T06:20:00Z,2,2026-03-13T05:58:00Z,38.4,2026-03-12T21:06:00Z,0,2026-03-22T18:52:00Z,0,2026-03-16T05:36:00Z
TX2-01221,2026-03-13T07:45:00Z,0,93.41,2026-03-13T07:45:00Z,69.1,2026-03-13T01:52:00Z,52.8,2026-03-13T07:23:00Z,3,2026-03-13T07:18:00Z,43.7,2026-03-12T15:57:00Z,0,2026-03-16T17:06:00Z,0,2026-03-15T02:16:00Z
TX2-01222,2026-03-13T10:37:00Z,0,25.47,2026-03-13T10:37:00Z,28.6,2026-03-13T04:40:00Z,35.9,2026-03-13T10:10:00Z,3,2026-03-13T10:27:00Z,24.6,2026-03-12T16:45:00Z,0,2026-03-16T17:38:00Z,0,2026-03-14T16:20:00Z
TX2-01223,2026-03-13T10:40:00Z,0,71.37,2026-03-13T10:40:00Z,31.5,2026-03-13T04:49:00Z,49.5,2026-03-13T10:19:00Z,7,2026-03-13T09:51:00Z,29.6,2026-03-13T01:26:00Z,0,2026-03-19T10:49:00Z,0,2026-03-15T22:08:00Z
TX2-01224,2026-03-13T12:57:00Z,0,83.97,2026-03-13T12:57:00Z,39.7,2026-03-13T09:50:00Z,26.2,2026-03-13T12:38:00Z,1,2026-03-13T12:24:00Z,40.8,2026-03-12T19:19:00Z,0,2026-03-19T06:49:00Z,0,2026-03-16T03:09:00Z
TX2-01225,2026-03-13T13:11:00Z,0,145.81,2026-03-13T13:11:00Z,47.7,2026-03-13T12:20:00Z,46.6,2026-03-13T13:07:00Z,2,2026-03-13T12:53:00Z,23.7,2026-03-13T01:04:00Z,0,2026-03-19T13:11:00Z,1,2026-03-15T18:29:00Z
TX2-01226,2026-03-13T13:20:00Z,0,74.46,2026-03-13T13:20:00Z,63.8,2026-03-13T10:16:00Z,45.2,2026-03-13T13:00:00Z,5,2026-03-13T12:40:00Z,24.8,2026-03-13T08:39:00Z,0,2026-03-18T19:03:00Z,2,2026-03-16T06:59:00Z
TX2-01227,2026-03-13T13:40:00Z,1,55.4,2026-03-13T13:40:00Z,49.3,2026-03-13T13:18:00Z,45.7,2026-03-13T13:37:00Z,1,2026-03-13T13:09:00Z,26.7,2026-03-12T21:44:00Z,1,2026-03-20T16:17:00Z,2,2026-03-15T18:54:00Z
TX2-01228,2026-03-13T13:44:00Z,0,149.97,2026-03-13T13:44:00Z,44.5,2026-03-13T10:03:00Z,42.7,2026-03-13T13:32:00Z,1,2026-03-13T12:44:00Z,27.4,2026-03-13T15:57:00Z,0,2026-03-18T03:02:00Z,0,2026-03-14T19:55:00Z
TX2-01229,2026-03-13T13:47:00Z,0,38.82,2026-03-13T13:47:00Z,45.4,2026-03-13T12:48:00Z,51.7,2026-03-13T13:29:00Z,2,2026-03-13T13:36:00Z,43.4,2026-03-13T06:17:00Z,0,2026-03-19T22:01:00Z,0,2026-03-15T03:39:00Z
TX2-01230,2026-03-13T15:08:00Z,0,95.34,2026-03-13T15:08:00Z,27.0,2026-03-13T14:20:00Z,30.0,2026-03-13T14:39:00Z,3,2026-03-13T14:48:00Z,35.6,2026-03-13T05:24:00Z,0,2026-03-22T10:01:00Z,0,2026-03-16T10:31:00Z
TX2-01231,2026-03-13T16:04:00Z,0,59.7,2026-03-13T16:04:00Z,31.3,2026-03-13T11:00:00Z,41.3,2026-03-13T15:50:00Z,0,2026-03-13T15:41:00Z,25.0,2026-03-13T04:16:00Z,1,2026-03-22T16:53:00Z,0,2026-03-16T02:38:00Z
TX2-01232,2026-03-13T17:44:00Z,1,49.76,2026-03-13T17:44:00Z,55.5,2026-03-13T16:06:00Z,53.6,2026-03-13T17:16:00Z,4,2026-03-13T17:29:00Z,28.0,2026-03-13T00:51:00Z,1,2026-03-23T05:04:00Z,2,2026-03-16T16:31:00Z
TX2-01233,2026-03-13T20:08:00Z,0,39.57,2026-03-13T20:08:00Z,55.3,2026-03-13T16:59:00Z,55.2,2026-03-13T19:45:00Z,4,2026-03-13T19:09:00Z,37.8,2026-03-13T18:23:00Z,0,2026-03-22T14:34:00Z,1,2026-03-15T03:10:00Z
TX2-01234,2026-03-13T20:17:00Z,0,83.63,2026-03-13T20:17:00Z,37.2,2026-03-13T18:35:00Z,38.1,2026-03-13T19:53:00Z,2,2026-03-13T20:06:00Z,18.4,2026-03-13T14:19:00Z,0,2026-03-23T00:38:00Z,0,2026-03-16T06:51:00Z
TX2-01235,2026-03-13T21:27:00Z,0,5.03,2026-03-13T21:27:00Z,44.7,2026-03-13T17:37:00Z,31.8,2026-03-13T21:11:00Z,1,2026-03-13T20:54:00Z,25.5,2026-03-13T05:35:00Z,0,2026-03-20T18:14:00Z,0,2026-03-15T04:30:00Z
TX2-01236,2026-03-13T23:39:00Z,0,163.18,2026-03-13T23:39:00Z,56.6,2026-03-13T18:00:00Z,41.1,2026-03-13T23:19:00Z,1,2026-03-13T22:54:00Z,25.3,2026-03-13T08:49:00Z,0,2026-03-22T21:27:00Z,0,2026-03-16T05:55:00Z
TX2-01237,2026-03-14T00:33:00Z,0,21.84,2026-03-14T00:33:00Z,28.6,2026-03-13T23:10:00Z,31.7,2026-03-14T00:08:00Z,5,2026-03-14T00:13:00Z,31.2,2026-03-13T21:49:00Z,0,2026-03-20T07:11:00Z,0,2026-03-16T16:02:00Z
TX2-01238,2026-03-14T09:43:00Z,0,29.96,2026-03-14T09:43:00Z,61.6,2026-03-14T09:14:00Z,32.6,2026-03-14T09:23:00Z,0,2026-03-14T09:41:00Z,15.7,2026-03-14T07:06:00Z,0,2026-03-18T11:44:00Z,0,2026-03-15T09:52:00Z
TX2-01239,2026-03-14T09:46:00Z,0,33.98,2026-03-14T09:46:00Z,44.2,2026-03-14T04:54:00Z,39.7,2026-03-14T09:35:00Z,2,2026-03-14T08:56:00Z,33.4,2026-03-13T23:48:00Z,0,2026-03-23T20:18:00Z,0,2026-03-15T23:05:00Z
TX2-01240,2026-03-14T11:48:00Z,0,12.6,2026-03-14T11:48:00Z,40.5,2026-03-14T09:58:00Z,38.5,2026-03-14T11:22:00Z,4,2026-03-14T11:02:00Z,45.5,2026-03-14T07:05:00Z,0,2026-03-18T18:52:00Z,0,2026-03-15T22:26:00Z
TX2-01241,2026-03-14T12:42:00Z,0,88.18,2026-03-14T12:42:00Z,41.0,2026-03-14T10:32:00Z,54.9,2026-03-14T12:17:00Z,1,2026-03-14T11:50:00Z,22.8,2026-03-14T07:00:00Z,0,2026-03-20T02:54:00Z,0,2026-03-15T20:18:00Z
TX2-01242,2026-03-14T14:28:00Z,0,271.97,2026-03-14T14:28:00Z,33.1,2026-03-14T11:06:00Z,55.8,2026-03-14T14:05:00Z,2,2026-03-14T14:13:00Z,32.3,2026-03-14T11:02:00Z,0,2026-03-24T07:07:00Z,0,2026-03-17T03:12:00Z
TX2-01243,2026-03-14T17:53:00Z,0,102.0,2026-03-14T17:53:00Z,72.8,2026-03-14T13:28:00Z,36.8,2026-03-14T17:32:00Z,1,2026-03-14T17:10:00Z,42.5,2026-03-14T05:15:00Z,0,2026-03-22T08:14:00Z,0,2026-03-17T00:53:00Z
TX2-01244,2026-03-14T19:05:00Z,0,9.9,2026-03-14T19:05:00Z,46.9,2026-03-14T13:30:00Z,34.2,2026-03-14T18:57:00Z,3,2026-03-14T19:04:00Z,41.1,2026-03-14T05:36:00Z,0,2026-03-20T09:41:00Z,0,2026-03-16T02:14:00Z
TX2-01245,2026-03-14T19:11:00Z,0,59.65,2026-03-14T19:11:00Z,42.0,2026-03-14T13:16:00Z,56.8,2026-03-14T19:10:00Z,3,2026-03-14T18:58:00Z,28.1,2026-03-14T02:07:00Z,0,2026-03-20T05:52:00Z,0,2026-03-16T23:17:00Z
TX2-01246,2026-03-14T21:02:00Z,0,27.06,2026-03-14T21:02:00Z,58.1,2026-03-14T16:08:00Z,35.3,2026-03-14T20:34:00Z,2,2026-03-14T20:48:00Z,47.4,2026-03-14T18:22:00Z,0,2026-03-21T06:25:00Z,0,2026-03-15T22:32:00Z
TX2-01247,2026-03-15T01:14:00Z,0,82.95,2026-03-15T01:14:00Z,62.9,2026-03-14T19:28:00Z,38.2,2026-03-15T01:11:00Z,4,2026-03-15T01:02:00Z,23.4,2026-03-14T11:02:00Z,0,2026-03-21T12:56:00Z,0,2026-03-17T08:44:00Z
TX2-01248,2026-03-15T01:51:00Z,0,39.66,2026-03-15T01:51:00Z,34.0,2026-03-14T19:58:00Z,40.2,2026-03-15T01:29:00Z,3,2026-03-15T01:29:00Z,29.8,2026-03-14T17:31:00Z,0,2026-03-22T19:36:00Z,0,2026-03-16T14:08:00Z
TX2-01249,2026-03-15T03:31:00Z,0,15.48,2026-03-15T03:31:00Z,71.6,2026-03-14T23:39:00Z,43.2,2026-03-15T03:20:00Z,3,2026-03-15T03:00:00Z,22.8,2026-03-14T21:18:00Z,0,2026-03-20T06:20:00Z,0,2026-03-16T05:40:00Z
TX2-01250,2026-03-15T04:42:00Z,0,123.94,2026-03-15T04:42:00Z,43.0,2026-03-15T01:01:00Z,44.5,2026-03-15T04:36:00Z,4,2026-03-15T03:46:00Z,23.3,2026-03-14T08:47:00Z,1,2026-03-20T23:21:00Z,1,2026-03-17T03:13:00Z
TX2-01251,2026-03-15T07:53:00Z,0,27.19,2026-03-15T07:53:00Z,31.7,2026-03-15T01:55:00Z,33.1,2026-03-15T07:37:00Z,0,2026-03-15T07:21:00Z,32.7,2026-03-14T12:28:00Z,0,2026-03-24T04:17:00Z,0,2026-03-16T14:46:00Z
TX2-01252,2026-03-15T07:59:00Z,0,71.58,2026-03-15T07:59:00Z,49.1,2026-03-15T03:58:00Z,25.7,2026-03-15T07:54:00Z,0,2026-03-15T07:31:00Z,42.1,2026-03-14T20:03:00Z,0,2026-03-22T06:12:00Z,0,2026-03-16T14:57:00Z
TX2-01253,2026-03-15T10:55:00Z,0,134.96,2026-03-15T10:55:00Z,64.7,2026-03-15T08:18:00Z,43.8,2026-03-15T10:54:00Z,2,2026-03-15T10:16:00Z,26.2,2026-03-15T17:25:00Z,0,2026-03-23T01:53:00Z,0,2026-03-17T07:14:00Z
TX2-01254,2026-03-15T13:27:00Z,0,23.61,2026-03-15T13:27:00Z,42.4,2026-03-15T12:48:00Z,47.6,2026-03-15T13:17:00Z,3,2026-03-15T12:46:00Z,20.5,2026-03-15T16:30:00Z,0,2026-03-22T20:46:00Z,0,2026-03-17T15:17:00Z
TX2-01255,2026-03-15T13:31:00Z,0,72.2,2026-03-15T13:31:00Z,42.5,2026-03-15T12:04:00Z,46.3,2026-03-15T13:02:00Z,8,2026-03-15T12:33:00Z,24.5,2026-03-14T20:07:00Z,0,2026-03-22T03:05:00Z,0,2026-03-17T05:55:00Z
TX2-01256,2026-03-15T14:10:00Z,0,28.41,2026-03-15T14:10:00Z,43.5,2026-03-15T10:47:00Z,43.2,2026-03-15T13:57:00Z,1,2026-03-15T13:50:00Z,27.1,2026-03-15T09:23:00Z,0,2026-03-19T08:28:00Z,0,2026-03-17T19:09:00Z
TX2-01257,2026-03-15T14:43:00Z,0,30.11,2026-03-15T14:43:00Z,32.7,2026-03-15T11:41:00Z,22.3,2026-03-15T14:24:00Z,3,2026-03-15T14:12:00Z,21.8,2026-03-15T19:09:00Z,0,2026-03-19T12:07:00Z,0,2026-03-18T03:18:00Z
TX2-01258,2026-03-15T15:30:00Z,1,129.71,2026-03-15T15:30:00Z,52.4,2026-03-15T11:15:00Z,52.6,2026-03-15T15:07:00Z,5,2026-03-15T15:06:00Z,37.6,2026-03-15T18:22:00Z,1,2026-03-22T19:17:00Z,2,2026-03-18T10:13:00Z
TX2-01259,2026-03-15T15:45:00Z,0,14.08,2026-03-15T15:45:00Z,62.3,2026-03-15T09:53:00Z,39.2,2026-03-15T15:18:00Z,1,2026-03-15T15:00:00Z,29.3,2026-03-15T04:02:00Z,0,2026-03-22T16:07:00Z,0,2026-03-17T17:55:00Z
TX2-01260,2026-03-15T16:31:00Z,0,19.42,2026-03-15T16:31:00Z,39.4,2026-03-15T10:37:00Z,36.4,2026-03-15T16:30:00Z,0,2026-03-15T16:05:00Z,13.5,2026-03-14T20:38:00Z,0,2026-03-18T22:47:00Z,0,2026-03-16T18:41:00Z
TX2-01261,2026-03-15T17:26:00Z,0,32.28,2026-03-15T17:26:00Z,42.5,2026-03-15T12:03:00Z,35.8,2026-03-15T17:17:00Z,4,2026-03-15T16:49:00Z,23.3,2026-03-15T20:26:00Z,0,2026-03-21T07:46:00Z,1,2026-03-18T09:10:00Z
TX2-01262,2026-03-15T17:39:00Z,0,38.66,2026-03-15T17:39:00Z,63.8,2026-03-15T11:43:00Z,32.4,2026-03-15T17:18:00Z,3,2026-03-15T16:46:00Z,25.3,2026-03-15T05:57:00Z,0,2026-03-19T13:50:00Z,1,2026-03-16T20:38:00Z
TX2-01263,2026-03-15T18:18:00Z,0,52.79,2026-03-15T18:18:00Z,33.9,2026-03-15T17:20:00Z,35.8,2026-03-15T18:06:00Z,3,2026-03-15T17:22:00Z,29.9,2026-03-15T02:28:00Z,0,2026-03-21T12:48:00Z,0,2026-03-17T05:48:00Z
TX2-01264,2026-03-15T19:40:00Z,0,26.35,2026-03-15T19:40:00Z,44.1,2026-03-15T19:06:00Z,52.4,2026-03-15T19:38:00Z,1,2026-03-15T19:04:00Z,30.1,2026-03-15T15:05:00Z,0,2026-03-18T20:41:00Z,0,2026-03-18T02:54:00Z
TX2-01265,2026-03-15T20:35:00Z,0,26.21,2026-03-15T20:35:00Z,40.2,2026-03-15T15:40:00Z,42.4,2026-03-15T20:21:00Z,0,2026-03-15T20:33:00Z,19.3,2026-03-15T06:39:00Z,0,2026-03-19T00:34:00Z,0,2026-03-18T14:11:00Z
TX2-01266,2026-03-15T21:20:00Z,0,64.72,2026-03-15T21:20:00Z,66.6,2026-03-15T20:20:00Z,27.2,2026-03-15T21:07:00Z,2,2026-03-15T20:34:00Z,29.9,2026-03-15T13:29:00Z,0,2026-03-20T09:10:00Z,0,2026-03-18T03:07:00Z
TX2-01267,2026-03-15T21:40:00Z,0,77.18,2026-03-15T21:40:00Z,51.7,2026-03-15T19:30:00Z,37.4,2026-03-15T21:10:00Z,3,2026-03-15T20:53:00Z,37.3,2026-03-15T10:52:00Z,0,2026-03-22T08:07:00Z,0,2026-03-18T20:13:00Z
TX2-01268,2026-03-15T23:34:00Z,0,191.39,2026-03-15T23:34:00Z,38.6,2026-03-15T19:05:00Z,35.9,2026-03-15T23:32:00Z,3,2026-03-15T22:39:00Z,37.5,2026-03-15T10:09:00Z,0,2026-03-20T02:37:00Z,1,2026-03-17T12:06:00Z
TX2-01269,2026-03-16T00:00:00Z,0,21.79,2026-03-16T00:00:00Z,42.4,2026-03-15T21:06:00Z,41.8,2026-03-15T23:38:00Z,2,2026-03-15T23:34:00Z,25.5,2026-03-15T05:23:00Z,0,2026-03-19T17:18:00Z,0,2026-03-18T04:36:00Z
TX2-01270,2026-03-16T01:16:00Z,1,65.12,2026-03-16T01:16:00Z,53.6,2026-03-15T21:43:00Z,47.0,2026-03-16T00:50:00Z,2,2026-03-16T00:29:00Z,18.9,2026-03-15T13:47:00Z,1,2026-03-20T21:33:00Z,2,2026-03-18T20:27:00Z
TX2-01271,2026-03-16T01:54:00Z,0,60.15,2026-03-16T01:54:00Z,34.8,2026-03-15T20:32:00Z,53.7,2026-03-16T01:32:00Z,2,2026-03-16T01:02:00Z,28.0,2026-03-15T14:22:00Z,0,2026-03-25T13:47:00Z,0,2026-03-18T07:53:00Z
TX2-01272,2026-03-16T02:02:00Z,0,11.52,2026-03-16T02:02:00Z,41.7,2026-03-15T21:56:00Z,48.2,2026-03-16T01:40:00Z,1,2026-03-16T01:52:00Z,14.2,2026-03-15T18:22:00Z,0,2026-03-23T18:12:00Z,0,2026-03-17T13:28:00Z
TX2-01273,2026-03-16T02:51:00Z,0,38.38,2026-03-16T02:51:00Z,32.6,2026-03-15T21:52:00Z,38.9,2026-03-16T02:50:00Z,3,2026-03-16T02:34:00Z,26.2,2026-03-15T23:41:00Z,0,2026-03-22T00:02:00Z,0,2026-03-18T23:37:00Z
TX2-01274,2026-03-16T05:26:00Z,0,27.97,2026-03-16T05:26:00Z,67.8,2026-03-16T03:16:00Z,24.8,2026-03-16T04:58:00Z,2,2026-03-16T04:41:00Z,36.6,2026-03-16T02:02:00Z,0,2026-03-20T15:53:00Z,0,2026-03-18T17:29:00Z
TX2-01275,2026-03-16T06:48:00Z,0,97.34,2026-03-16T06:48:00Z,44.9,2026-03-16T05:59:00Z,25.3,2026-03-16T06:40:00Z,6,2026-03-16T06:32:00Z,36.3,2026-03-15T19:31:00Z,0,2026-03-25T12:32:00Z,1,2026-03-18T13:55:00Z
TX2-01276,2026-03-16T12:00:00Z,0,56.49,2026-03-16T12:00:00Z,54.3,2026-03-16T06:35:00Z,33.7,2026-03-16T11:50:00Z,3,2026-03-16T11:02:00Z,42.1,2026-03-15T21:58:00Z,0,2026-03-21T23:54:00Z,0,2026-03-18T07:44:00Z
TX2-01277,2026-03-16T12:05:00Z,0,11.87,2026-03-16T12:05:00Z,59.4,2026-03-16T06:17:00Z,41.5,2026-03-16T11:59:00Z,1,2026-03-16T11:44:00Z,36.8,2026-03-15T18:21:00Z,0,2026-03-25T21:28:00Z,0,2026-03-19T10:37:00Z
TX2-01278,2026-03-16T13:53:00Z,0,73.35,2026-03-16T13:53:00Z,45.2,2026-03-16T07:54:00Z,38.4,2026-03-16T13:47:00Z,4,2026-03-16T13:26:00Z,33.4,2026-03-15T18:07:00Z,0,2026-03-21T18:26:00Z,0,2026-03-18T02:50:00Z
TX2-01279,2026-03-16T18:57:00Z,0,59.33,2026-03-16T18:57:00Z,61.0,2026-03-16T14:52:00Z,44.5,2026-03-16T18:54:00Z,1,2026-03-16T18:00:00Z,30.9,2026-03-16T00:34:00Z,0,2026-03-23T06:22:00Z,0,2026-03-19T17:37:00Z
TX2-01280,2026-03-16T19:13:00Z,0,42.61,2026-03-16T19:13:00Z,13.5,2026-03-16T17:48:00Z,49.4,2026-03-16T19:09:00Z,3,2026-03-16T18:18:00Z,14.0,2026-03-16T15:48:00Z,0,2026-03-25T12:22:00Z,0,2026-03-17T19:27:00Z
TX2-01281,2026-03-16T19:24:00Z,0,30.45,2026-03-16T19:24:00Z,49.6,2026-03-16T13:26:00Z,40.6,2026-03-16T19:01:00Z,2,2026-03-16T19:23:00Z,32.3,2026-03-16T00:02:00Z,0,2026-03-23T08:56:00Z,0,2026-03-18T22:59:00Z
TX2-01282,2026-03-16T20:09:00Z,0,715.61,2026-03-16T20:09:00Z,44.1,2026-03-16T19:27:00Z,51.7,2026-03-16T19:39:00Z,1,2026-03-16T20:01:00Z,43.2,2026-03-16T11:27:00Z,0,2026-03-25T06:43:00Z,1,2026-03-18T18:53:00Z
TX2-01283,2026-03-16T23:17:00Z,0,47.9,2026-03-16T23:17:00Z,42.8,2026-03-16T17:58:00Z,28.5,2026-03-16T23:08:00Z,2,2026-03-16T22:52:00Z,40.5,2026-03-16T05:17:00Z,0,2026-03-23T22:26:00Z,0,2026-03-18T12:04:00Z
TX2-01284,2026-03-17T00:29:00Z,0,19.8,2026-03-17T00:29:00Z,50.5,2026-03-16T21:31:00Z,29.6,2026-03-17T00:06:00Z,1,2026-03-17T00:26:00Z,34.0,2026-03-16T05:47:00Z,0,2026-03-25T09:57:00Z,0,2026-03-18T05:50:00Z
TX2-01285,2026-03-17T05:15:00Z,0,90.08,2026-03-17T05:15:00Z,56.8,2026-03-17T01:48:00Z,44.1,2026-03-17T04:45:00Z,0,2026-03-17T05:10:00Z,26.4,2026-03-17T03:52:00Z,0,2026-03-24T21:39:00Z,0,2026-03-19T17:13:00Z
TX2-01286,2026-03-17T05:22:00Z,0,61.81,2026-03-17T05:22:00Z,39.5,2026-03-17T01:58:00Z,30.5,2026-03-17T05:05:00Z,4,2026-03-17T04:53:00Z,32.8,2026-03-16T23:48:00Z,0,2026-03-26T18:48:00Z,0,2026-03-20T03:48:00Z
TX2-01287,2026-03-17T07:54:00Z,0,169.7,2026-03-17T07:54:00Z,52.4,2026-03-17T05:46:00Z,49.2,2026-03-17T07:43:00Z,2,2026-03-17T07:16:00Z,27.3,2026-03-16T19:25:00Z,0,2026-03-21T10:02:00Z,0,2026-03-19T21:33:00Z
TX2-01288,2026-03-17T10:13:00Z,0,65.48,2026-03-17T10:13:00Z,46.7,2026-03-17T04:26:00Z,37.3,2026-03-17T10:12:00Z,5,2026-03-17T09:37:00Z,23.3,2026-03-17T01:23:00Z,0,2026-03-23T16:49:00Z,0,2026-03-18T13:26:00Z
TX2-01289,2026-03-17T11:41:00Z,0,63.65,2026-03-17T11:41:00Z,62.0,2026-03-17T07:12:00Z,45.1,2026-03-17T11:23:00Z,4,2026-03-17T10:50:00Z,31.4,2026-03-17T02:34:00Z,0,2026-03-23T22:35:00Z,0,2026-03-20T00:51:00Z
TX2-01290,2026-03-17T12:01:00Z,0,62.64,2026-03-17T12:01:00Z,59.8,2026-03-17T09:04:00Z,20.1,2026-03-17T11:56:00Z,0,2026-03-17T11:37:00Z,28.2,2026-03-17T09:06:00Z,0,2026-03-22T10:30:00Z,0,2026-03-18T20:28:00Z
TX2-01291,2026-03-17T12:05:00Z,0,258.35,2026-03-17T12:05:00Z,52.5,2026-03-17T12:00:00Z,31.5,2026-03-17T11:55:00Z,1,2026-03-17T11:48:00Z,35.7,2026-03-16T20:39:00Z,0,2026-03-23T18:33:00Z,0,2026-03-18T16:54:00Z
TX2-01292,2026-03-17T13:04:00Z,0,21.58,2026-03-17T13:04:00Z,29.0,2026-03-17T11:36:00Z,15.6,2026-03-17T12:51:00Z,1,2026-03-17T12:10:00Z,39.6,2026-03-16T23:25:00Z,0,2026-03-22T09:29:00Z,1,2026-03-19T22:42:00Z
TX2-01293,2026-03-17T13:33:00Z,0,28.97,2026-03-17T13:33:00Z,48.8,2026-03-17T12:01:00Z,40.3,2026-03-17T13:03:00Z,2,2026-03-17T12:56:00Z,38.0,2026-03-16T18:30:00Z,0,2026-03-26T07:39:00Z,0,2026-03-19T01:08:00Z
TX2-01294,2026-03-17T15:20:00Z,0,103.27,2026-03-17T15:20:00Z,63.2,2026-03-17T13:14:00Z,66.6,2026-03-17T15:06:00Z,2,2026-03-17T15:14:00Z,34.6,2026-03-17T22:15:00Z,0,2026-03-26T03:02:00Z,2,2026-03-18T21:54:00Z
TX2-01295,2026-03-17T18:11:00Z,0,21.08,2026-03-17T18:11:00Z,37.5,2026-03-17T12:28:00Z,40.8,2026-03-17T18:06:00Z,2,2026-03-17T17:23:00Z,39.1,2026-03-17T10:57:00Z,0,2026-03-24T21:19:00Z,0,2026-03-19T09:54:00Z
TX2-01296,2026-03-17T18:24:00Z,0,97.54,2026-03-17T18:24:00Z,60.7,2026-03-17T14:58:00Z,46.3,2026-03-17T18:05:00Z,4,2026-03-17T18:20:00Z,35.3,2026-03-17T10:30:00Z,0,2026-03-23T15:33:00Z,0,2026-03-19T07:09:00Z
TX2-01297,2026-03-17T19:21:00Z,0,143.85,2026-03-17T19:21:00Z,47.2,2026-03-17T19:14:00Z,26.2,2026-03-17T18:55:00Z,2,2026-03-17T18:53:00Z,23.3,2026-03-17T11:48:00Z,0,2026-03-22T21:44:00Z,1,2026-03-20T14:18:00Z
TX2-01298,2026-03-17T21:36:00Z,0,60.55,2026-03-17T21:36:00Z,59.5,2026-03-17T18:54:00Z,45.1,2026-03-17T21:15:00Z,2,2026-03-17T21:03:00Z,30.9,2026-03-17T02:00:00Z,0,2026-03-21T08:39:00Z,0,2026-03-19T03:23:00Z
TX2-01299,2026-03-17T21:45:00Z,0,52.49,2026-03-17T21:45:00Z,63.4,2026-03-17T16:42:00Z,34.0,2026-03-17T21:28:00Z,4,2026-03-17T21:22:00Z,40.7,2026-03-17T18:14:00Z,0,2026-03-25T22:03:00Z,0,2026-03-20T20:29:00Z
TX2-01300,2026-03-18T03:48:00Z,0,58.25,2026-03-18T03:48:00Z,37.7,2026-03-18T02:47:00Z,32.1,2026-03-18T03:44:00Z,1,2026-03-18T02:52:00Z,23.9,2026-03-17T12:46:00Z,0,2026-03-27T04:30:00Z,0,2026-03-19T21:02:00Z
TX2-01301,2026-03-18T04:36:00Z,0,16.03,2026-03-18T04:36:00Z,55.7,2026-03-17T23:57:00Z,69.6,2026-03-18T04:09:00Z,2,2026-03-18T03:49:00Z,33.4,2026-03-17T11:01:00Z,0,2026-03-24T10:31:00Z,1,2026-03-20T06:09:00Z
TX2-01302,2026-03-18T05:07:00Z,0,14.88,2026-03-18T05:07:00Z,80.4,2026-03-18T00:58:00Z,40.4,2026-03-18T04:49:00Z,5,2026-03-18T04:49:00Z,35.9,2026-03-18T01:08:00Z,0,2026-03-26T18:11:00Z,0,2026-03-19T22:13:00Z
TX2-01303,2026-03-18T06:07:00Z,0,120.01,2026-03-18T06:07:00Z,41.4,2026-03-18T04:11:00Z,42.5,2026-03-18T06:05:00Z,2,2026-03-18T05:30:00Z,34.9,2026-03-17T21:58:00Z,0,2026-03-27T17:08:00Z,0,2026-03-20T01:48:00Z
TX2-01304,2026-03-18T07:57:00Z,0,101.93,2026-03-18T07:57:00Z,33.9,2026-03-18T06:39:00Z,31.2,2026-03-18T07:56:00Z,2,2026-03-18T07:02:00Z,32.9,2026-03-18T06:42:00Z,0,2026-03-22T07:45:00Z,0,2026-03-19T19:23:00Z
TX2-01305,2026-03-18T08:07:00Z,0,17.18,2026-03-18T08:07:00Z,62.0,2026-03-18T08:00:00Z,42.8,2026-03-18T07:52:00Z,2,2026-03-18T07:21:00Z,33.0,2026-03-17T17:08:00Z,0,2026-03-27T01:44:00Z,0,2026-03-21T06:14:00Z
TX2-01306,2026-03-18T11:04:00Z,0,74.89,2026-03-18T11:04:00Z,46.8,2026-03-18T05:37:00Z,27.2,2026-03-18T10:47:00Z,1,2026-03-18T10:50:00Z,21.7,2026-03-17T16:31:00Z,0,2026-03-23T14:56:00Z,0,2026-03-19T12:59:00Z
TX2-01307,2026-03-18T12:51:00Z,0,190.51,2026-03-18T12:51:00Z,61.6,2026-03-18T10:47:00Z,35.4,2026-03-18T12:48:00Z,3,2026-03-18T12:34:00Z,26.8,2026-03-18T00:38:00Z,0,2026-03-26T09:22:00Z,0,2026-03-20T00:44:00Z
TX2-01308,2026-03-18T17:31:00Z,0,7.98,2026-03-18T17:31:00Z,48.4,2026-03-18T14:10:00Z,51.3,2026-03-18T17:11:00Z,4,2026-03-18T17:17:00Z,39.9,2026-03-18T20:48:00Z,0,2026-03-23T01:00:00Z,0,2026-03-20T17:09:00Z
TX2-01309,2026-03-18T17:59:00Z,0,94.12,2026-03-18T17:59:00Z,54.8,2026-03-18T13:00:00Z,47.0,2026-03-18T17:56:00Z,2,2026-03-18T17:48:00Z,37.6,2026-03-18T04:54:00Z,1,2026-03-28T02:22:00Z,0,2026-03-20T01:26:00Z
TX2-01310,2026-03-18T18:37:00Z,0,18.99,2026-03-18T18:37:00Z,53.9,2026-03-18T14:04:00Z,20.7,2026-03-18T18:24:00Z,1,2026-03-18T17:48:00Z,29.2,2026-03-18T04:26:00Z,0,2026-03-27T17:52:00Z,0,2026-03-21T09:56:00Z
TX2-01311,2026-03-18T22:04:00Z,0,49.61,2026-03-18T22:04:00Z,48.9,2026-03-18T18:34:00Z,19.8,2026-03-18T22:01:00Z,3,2026-03-18T21:07:00Z,25.4,2026-03-18T17:10:00Z,0,2026-03-27T16:35:00Z,0,2026-03-21T16:23:00Z
TX2-01312,2026-03-18T22:49:00Z,0,61.95,2026-03-18T22:49:00Z,47.5,2026-03-18T20:17:00Z,23.2,2026-03-18T22:35:00Z,4,2026-03-18T22:34:00Z,34.3,2026-03-18T18:14:00Z,0,2026-03-27T01:17:00Z,0,2026-03-20T02:42:00Z
TX2-01313,2026-03-18T23:08:00Z,0,72.12,2026-03-18T23:08:00Z,45.2,2026-03-18T18:54:00Z,50.9,2026-03-18T23:05:00Z,3,2026-03-18T23:03:00Z,42.1,2026-03-19T01:28:00Z,0,2026-03-26T17:51:00Z,0,2026-03-20T11:20:00Z
TX2-01314,2026-03-18T23:54:00Z,0,38.62,2026-03-18T23:54:00Z,25.4,2026-03-18T20:58:00Z,33.9,2026-03-18T23:46:00Z,2,2026-03-18T23:26:00Z,24.3,2026-03-18T05:30:00Z,0,2026-03-23T17:34:00Z,0,2026-03-20T00:24:00Z
TX2-01315,2026-03-19T00:26:00Z,0,11.78,2026-03-19T00:26:00Z,71.2,2026-03-18T20:57:00Z,61.0,2026-03-19T00:00:00Z,1,2026-03-18T23:53:00Z,22.1,2026-03-18T04:55:00Z,0,2026-03-25T15:53:00Z,0,2026-03-21T12:01:00Z
TX2-01316,2026-03-19T01:07:00Z,0,76.84,2026-03-19T01:07:00Z,26.5,2026-03-18T19:14:00Z,40.9,2026-03-19T01:04:00Z,1,2026-03-19T00:39:00Z,20.4,2026-03-18T09:37:00Z,0,2026-03-22T07:19:00Z,0,2026-03-21T12:12:00Z
TX2-01317,2026-03-19T05:20:00Z,0,72.36,2026-03-19T05:20:00Z,44.7,2026-03-18T23:49:00Z,34.1,2026-03-19T04:54:00Z,1,2026-03-19T04:39:00Z,35.1,2026-03-19T01:04:00Z,0,2026-03-26T14:40:00Z,0,2026-03-20T21:51:00Z
TX2-01318,2026-03-19T06:23:00Z,0,31.71,2026-03-19T06:23:00Z,54.8,2026-03-19T00:45:00Z,56.1,2026-03-19T06:20:00Z,1,2026-03-19T06:17:00Z,21.8,2026-03-19T04:10:00Z,0,2026-03-28T05:15:00Z,0,2026-03-21T22:37:00Z
TX2-01319,2026-03-19T06:49:00Z,0,11.73,2026-03-19T06:49:00Z,68.4,2026-03-19T04:34:00Z,37.4,2026-03-19T06:20:00Z,2,2026-03-19T06:26:00Z,25.3,2026-03-19T09:41:00Z,0,2026-03-28T13:17:00Z,1,2026-03-21T05:25:00Z
TX2-01320,2026-03-19T08:11:00Z,0,194.53,2026-03-19T08:11:00Z,29.9,2026-03-19T02:24:00Z,31.2,2026-03-19T07:51:00Z,2,2026-03-19T07:12:00Z,30.3,2026-03-19T12:05:00Z,0,2026-03-26T22:21:00Z,1,2026-03-21T08:55:00Z
TX2-01321,2026-03-19T12:18:00Z,0,132.08,2026-03-19T12:18:00Z,58.2,2026-03-19T11:24:00Z,38.0,2026-03-19T12:02:00Z,1,2026-03-19T11:51:00Z,35.8,2026-03-19T15:34:00Z,0,2026-03-25T18:49:00Z,0,2026-03-22T06:33:00Z
TX2-01322,2026-03-19T13:22:00Z,0,7.79,2026-03-19T13:22:00Z,56.8,2026-03-19T12:28:00Z,23.0,2026-03-19T13:06:00Z,2,2026-03-19T12:54:00Z,41.4,2026-03-19T09:35:00Z,0,2026-03-29T12:28:00Z,0,2026-03-21T09:37:00Z
TX2-01323,2026-03-19T16:16:00Z,0,57.08,2026-03-19T16:16:00Z,44.3,2026-03-19T11:37:00Z,35.9,2026-03-19T16:15:00Z,0,2026-03-19T15:34:00Z,28.9,2026-03-18T23:37:00Z,0,2026-03-22T21:27:00Z,0,2026-03-20T21:57:00Z
TX2-01324,2026-03-19T17:33:00Z,0,27.84,2026-03-19T17:33:00Z,57.0,2026-03-19T12:16:00Z,52.5,2026-03-19T17:08:00Z,4,2026-03-19T17:30:00Z,42.2,2026-03-19T08:59:00Z,0,2026-03-23T11:30:00Z,0,2026-03-21T22:14:00Z
TX2-01325,2026-03-19T18:41:00Z,0,14.62,2026-03-19T18:41:00Z,42.0,2026-03-19T12:51:00Z,29.8,2026-03-19T18:26:00Z,4,2026-03-19T18:09:00Z,25.1,2026-03-19T00:54:00Z,0,2026-03-27T12:22:00Z,0,2026-03-22T07:56:00Z
TX2-01326,2026-03-19T19:08:00Z,0,535.35,2026-03-19T19:08:00Z,52.8,2026-03-19T14:49:00Z,27.3,2026-03-19T19:06:00Z,3,2026-03-19T18:38:00Z,25.4,2026-03-19T04:00:00Z,1,2026-03-27T02:11:00Z,0,2026-03-22T09:16:00Z
TX2-01327,2026-03-19T22:16:00Z,0,119.23,2026-03-19T22:16:00Z,79.6,2026-03-19T19:34:00Z,42.8,2026-03-19T22:06:00Z,1,2026-03-19T22:01:00Z,26.7,2026-03-19T10:18:00Z,0,2026-03-25T17:39:00Z,0,2026-03-22T08:48:00Z
TX2-01328,2026-03-20T08:57:00Z,0,78.42,2026-03-20T08:57:00Z,40.7,2026-03-20T06:02:00Z,39.1,2026-03-20T08:38:00Z,1,2026-03-20T08:30:00Z,21.9,2026-03-20T13:52:00Z,0,2026-03-24T11:10:00Z,0,2026-03-21T21:47:00Z
TX2-01329,2026-03-20T09:13:00Z,0,115.21,2026-03-20T09:13:00Z,51.2,2026-03-20T03:21:00Z,40.1,2026-03-20T09:01:00Z,6,2026-03-20T08:42:00Z,46.0,2026-03-19T20:53:00Z,0,2026-03-24T06:28:00Z,1,2026-03-21T18:00:00Z
TX2-01330,2026-03-20T10:49:00Z,0,63.33,2026-03-20T10:49:00Z,43.1,2026-03-20T08:38:00Z,34.3,2026-03-20T10:48:00Z,3,2026-03-20T10:47:00Z,37.9,2026-03-19T15:00:00Z,0,2026-03-26T07:23:00Z,0,2026-03-21T11:56:00Z
TX2-01331,2026-03-20T13:54:00Z,0,102.15,2026-03-20T13:54:00Z,40.2,2026-03-20T11:26:00Z,43.3,2026-03-20T13:39:00Z,2,2026-03-20T13:21:00Z,22.2,2026-03-20T05:17:00Z,0,2026-03-25T01:50:00Z,2,2026-03-23T10:33:00Z
TX2-01332,2026-03-20T15:02:00Z,0,102.1,2026-03-20T15:02:00Z,43.8,2026-03-20T10:03:00Z,31.2,2026-03-20T14:36:00Z,0,2026-03-20T14:12:00Z,26.0,2026-03-20T06:22:00Z,0,2026-03-26T20:24:00Z,0,2026-03-22T12:54:00Z
TX2-01333,2026-03-20T19:27:00Z,0,21.13,2026-03-20T19:27:00Z,63.2,2026-03-20T14:40:00Z,30.6,2026-03-20T19:23:00Z,1,2026-03-20T18:36:00Z,21.9,2026-03-21T00:06:00Z,0,2026-03-29T18:39:00Z,0,2026-03-22T21:25:00Z
TX2-01334,2026-03-20T19:34:00Z,0,212.29,2026-03-20T19:34:00Z,68.0,2026-03-20T17:47:00Z,72.1,2026-03-20T19:10:00Z,2,2026-03-20T18:52:00Z,42.3,2026-03-20T16:42:00Z,0,2026-03-30T03:56:00Z,0,2026-03-22T09:08:00Z
TX2-01335,2026-03-21T02:03:00Z,0,31.83,2026-03-21T02:03:00Z,29.2,2026-03-20T20:45:00Z,29.8,2026-03-21T01:43:00Z,3,2026-03-21T01:51:00Z,26.1,2026-03-20T14:28:00Z,0,2026-03-28T05:23:00Z,0,2026-03-22T06:08:00Z
TX2-01336,2026-03-21T04:16:00Z,0,69.94,2026-03-21T04:16:00Z,56.3,2026-03-21T03:42:00Z,36.0,2026-03-21T03:49:00Z,1,2026-03-21T03:35:00Z,32.4,2026-03-20T08:27:00Z,0,2026-03-30T22:56:00Z,0,2026-03-22T09:39:00Z
TX2-01337,2026-03-21T05:06:00Z,1,74.43,2026-03-21T05:06:00Z,52.4,2026-03-21T04:32:00Z,36.4,2026-03-21T05:05:00Z,3,2026-03-21T04:21:00Z,23.9,2026-03-20T23:42:00Z,1,2026-03-25T18:31:00Z,2,2026-03-23T08:22:00Z
TX2-01338,2026-03-21T05:26:00Z,0,125.34,2026-03-21T05:26:00Z,53.3,2026-03-21T02:07:00Z,54.4,2026-03-21T05:13:00Z,1,2026-03-21T05:18:00Z,27.6,2026-03-20T11:48:00Z,1,2026-03-27T00:44:00Z,0,2026-03-22T09:26:00Z
TX2-01339,2026-03-21T06:13:00Z,0,45.63,2026-03-21T06:13:00Z,69.1,2026-03-21T03:11:00Z,46.3,2026-03-21T06:00:00Z,3,2026-03-21T06:11:00Z,31.9,2026-03-21T01:03:00Z,0,2026-03-29T05:50:00Z,0,2026-03-24T05:31:00Z
TX2-01340,2026-03-21T07:14:00Z,0,87.51,2026-03-21T07:14:00Z,20.3,2026-03-21T06:43:00Z,52.6,2026-03-21T06:54:00Z,0,2026-03-21T06:21:00Z,27.1,2026-03-21T05:20:00Z,0,2026-03-30T21:47:00Z,0,2026-03-22T15:12:00Z
TX2-01341,2026-03-21T07:51:00Z,0,52.74,2026-03-21T07:51:00Z,77.5,2026-03-21T05:58:00Z,34.3,2026-03-21T07:32:00Z,3,2026-03-21T07:45:00Z,29.4,2026-03-21T03:09:00Z,0,2026-03-26T15:33:00Z,0,2026-03-23T09:45:00Z
TX2-01342,2026-03-21T08:22:00Z,0,208.64,2026-03-21T08:22:00Z,41.7,2026-03-21T04:21:00Z,41.1,2026-03-21T07:57:00Z,0,2026-03-21T07:33:00Z,23.7,2026-03-20T23:01:00Z,0,2026-03-29T09:03:00Z,0,2026-03-22T09:42:00Z
TX2-01343,2026-03-21T08:24:00Z,0,63.9,2026-03-21T08:24:00Z,35.2,2026-03-21T06:52:00Z,45.5,2026-03-21T08:16:00Z,1,2026-03-21T08:01:00Z,33.0,2026-03-20T23:25:00Z,0,2026-03-29T17:51:00Z,1,2026-03-24T00:40:00Z
TX2-01344,2026-03-21T09:44:00Z,0,272.0,2026-03-21T09:44:00Z,54.8,2026-03-21T04:46:00Z,49.2,2026-03-21T09:38:00Z,4,2026-03-21T08:58:00Z,39.7,2026-03-20T18:45:00Z,0,2026-03-31T05:51:00Z,0,2026-03-22T18:35:00Z
TX2-01345,2026-03-21T11:07:00Z,1,17.55,2026-03-21T11:07:00Z,72.9,2026-03-21T05:21:00Z,48.1,2026-03-21T11:01:00Z,7,2026-03-21T11:00:00Z,30.5,2026-03-20T19:07:00Z,1,2026-03-27T02:07:00Z,2,2026-03-24T10:45:00Z
TX2-01346,2026-03-21T11:48:00Z,0,95.68,2026-03-21T11:48:00Z,72.8,2026-03-21T10:55:00Z,36.1,2026-03-21T11:37:00Z,1,2026-03-21T11:42:00Z,35.2,2026-03-21T08:10:00Z,0,2026-03-25T17:42:00Z,0,2026-03-23T16:21:00Z
TX2-01347,2026-03-21T12:00:00Z,1,124.66,2026-03-21T12:00:00Z,54.1,2026-03-21T10:23:00Z,38.2,2026-03-21T11:52:00Z,7,2026-03-21T11:48:00Z,41.6,2026-03-21T10:39:00Z,1,2026-03-29T02:07:00Z,1,2026-03-23T08:53:00Z
TX2-01348,2026-03-21T12:33:00Z,0,49.27,2026-03-21T12:33:00Z,68.7,2026-03-21T10:20:00Z,72.2,2026-03-21T12:24:00Z,2,2026-03-21T12:07:00Z,33.4,2026-03-21T03:13:00Z,0,2026-03-26T16:15:00Z,0,2026-03-23T11:51:00Z
TX2-01349,2026-03-21T13:13:00Z,0,56.11,2026-03-21T13:13:00Z,57.6,2026-03-21T11:26:00Z,28.6,2026-03-21T12:45:00Z,1,2026-03-21T12:19:00Z,56.2,2026-03-21T10:24:00Z,0,2026-03-28T10:09:00Z,0,2026-03-23T19:22:00Z
TX2-01350,2026-03-21T13:36:00Z,0,440.03,2026-03-21T13:36:00Z,43.1,2026-03-21T08:36:00Z,46.1,2026-03-21T13:19:00Z,4,2026-03-21T13:26:00Z,29.7,2026-03-21T01:27:00Z,0,2026-03-24T17:09:00Z,0,2026-03-23T04:13:00Z
TX2-01351,2026-03-21T14:11:00Z,0,53.26,2026-03-21T14:11:00Z,58.2,2026-03-21T08:28:00Z,45.2,2026-03-21T13:42:00Z,2,2026-03-21T13:30:00Z,19.0,2026-03-21T10:20:00Z,0,2026-03-29T08:54:00Z,0,2026-03-22T20:54:00Z
TX2-01352,2026-03-21T15:38:00Z,0,22.58,2026-03-21T15:38:00Z,48.7,2026-03-21T11:40:00Z,35.5,2026-03-21T15:12:00Z,0,2026-03-21T14:42:00Z,26.0,2026-03-21T07:24:00Z,0,2026-03-26T16:13:00Z,0,2026-03-22T21:15:00Z
TX2-01353,2026-03-21T16:59:00Z,0,43.25,2026-03-21T16:59:00Z,44.4,2026-03-21T13:09:00Z,41.0,2026-03-21T16:30:00Z,2,2026-03-21T16:21:00Z,38.4,2026-03-21T09:34:00Z,1,2026-03-30T03:24:00Z,0,2026-03-23T16:14:00Z
TX2-01354,2026-03-21T19:07:00Z,0,80.21,2026-03-21T19:07:00Z,54.2,2026-03-21T15:48:00Z,27.6,2026-03-21T18:43:00Z,3,2026-03-21T18:51:00Z,35.7,2026-03-21T07:08:00Z,0,2026-03-29T09:18:00Z,0,2026-03-24T01:38:00Z
TX2-01355,2026-03-21T20:32:00Z,0,47.31,2026-03-21T20:32:00Z,56.2,2026-03-21T14:43:00Z,42.1,2026-03-21T20:03:00Z,4,2026-03-21T19:40:00Z,29.4,2026-03-21T18:51:00Z,0,2026-03-30T07:27:00Z,0,2026-03-23T06:17:00Z
TX2-01356,2026-03-21T21:23:00Z,0,21.42,2026-03-21T21:23:00Z,40.8,2026-03-21T15:44:00Z,59.9,2026-03-21T21:06:00Z,1,2026-03-21T20:44:00Z,30.6,2026-03-21T19:04:00Z,0,2026-03-31T13:09:00Z,0,2026-03-23T04:12:00Z
TX2-01357,2026-03-22T01:57:00Z,0,85.99,2026-03-22T01:57:00Z,45.3,2026-03-21T21:29:00Z,49.7,2026-03-22T01:35:00Z,3,2026-03-22T01:51:00Z,41.0,2026-03-22T03:58:00Z,0,2026-03-27T06:22:00Z,0,2026-03-24T17:34:00Z
TX2-01358,2026-03-22T03:45:00Z,0,161.67,2026-03-22T03:45:00Z,32.4,2026-03-22T03:24:00Z,25.7,2026-03-22T03:22:00Z,2,2026-03-22T03:43:00Z,19.1,2026-03-21T23:11:00Z,0,2026-03-27T07:31:00Z,0,2026-03-24T05:00:00Z
TX2-01359,2026-03-22T04:46:00Z,0,208.92,2026-03-22T04:46:00Z,75.6,2026-03-22T02:14:00Z,49.9,2026-03-22T04:37:00Z,1,2026-03-22T04:45:00Z,33.2,2026-03-21T23:32:00Z,0,2026-03-29T15:57:00Z,0,2026-03-24T20:27:00Z
TX2-01360,2026-03-22T05:18:00Z,0,87.19,2026-03-22T05:18:00Z,46.4,2026-03-22T04:07:00Z,35.5,2026-03-22T05:05:00Z,2,2026-03-22T04:20:00Z,29.7,2026-03-21T23:23:00Z,0,2026-03-27T13:51:00Z,0,2026-03-24T17:18:00Z
TX2-01361,2026-03-22T06:40:00Z,0,127.44,2026-03-22T06:40:00Z,45.1,2026-03-22T01:00:00Z,30.6,2026-03-22T06:17:00Z,1,2026-03-22T05:51:00Z,28.9,2026-03-21T23:31:00Z,0,2026-03-28T01:33:00Z,0,2026-03-23T09:51:00Z
TX2-01362,2026-03-22T09:40:00Z,0,15.7,2026-03-22T09:40:00Z,71.5,2026-03-22T04:28:00Z,44.1,2026-03-22T09:27:00Z,4,2026-03-22T09:35:00Z,23.2,2026-03-21T22:09:00Z,0,2026-03-27T22:17:00Z,0,2026-03-25T05:09:00Z
TX2-01363,2026-03-22T09:41:00Z,0,71.04,2026-03-22T09:41:00Z,38.3,2026-03-22T07:46:00Z,43.0,2026-03-22T09:37:00Z,1,2026-03-22T09:26:00Z,30.1,2026-03-22T06:16:00Z,0,2026-03-31T17:39:00Z,0,2026-03-24T15:31:00Z
TX2-01364,2026-03-22T10:25:00Z,1,558.27,2026-03-22T10:25:00Z,50.2,2026-03-22T05:20:00Z,50.4,2026-03-22T10:04:00Z,4,2026-03-22T09:26:00Z,31.2,2026-03-21T18:31:00Z,1,2026-03-30T16:21:00Z,2,2026-03-24T12:09:00Z
TX2-01365,2026-03-22T10:50:00Z,1,56.69,2026-03-22T10:50:00Z,35.5,2026-03-22T09:46:00Z,38.4,2026-03-22T10:28:00Z,3,2026-03-22T09:50:00Z,43.3,2026-03-22T05:56:00Z,1,2026-03-25T12:56:00Z,2,2026-03-23T17:28:00Z
TX2-01366,2026-03-22T12:45:00Z,0,50.96,2026-03-22T12:45:00Z,53.6,2026-03-22T12:25:00Z,15.7,2026-03-22T12:22:00Z,3,2026-03-22T12:30:00Z,17.2,2026-03-22T01:26:00Z,0,2026-03-25T16:33:00Z,1,2026-03-24T21:05:00Z
TX2-01367,2026-03-22T13:09:00Z,0,65.88,2026-03-22T13:09:00Z,48.4,2026-03-22T10:48:00Z,29.7,2026-03-22T12:56:00Z,1,2026-03-22T12:36:00Z,33.4,2026-03-21T23:18:00Z,0,2026-03-29T07:00:00Z,0,2026-03-25T07:58:00Z
TX2-01368,2026-03-22T13:29:00Z,0,39.49,2026-03-22T13:29:00Z,70.4,2026-03-22T09:22:00Z,35.8,2026-03-22T13:28:00Z,1,2026-03-22T12:59:00Z,24.7,2026-03-22T14:57:00Z,0,2026-03-25T19:22:00Z,0,2026-03-25T02:27:00Z
TX2-01369,2026-03-22T13:46:00Z,0,7.66,2026-03-22T13:46:00Z,23.3,2026-03-22T11:14:00Z,48.7,2026-03-22T13:34:00Z,3,2026-03-22T13:29:00Z,33.1,2026-03-22T01:10:00Z,0,2026-03-30T16:28:00Z,0,2026-03-23T23:46:00Z
TX2-01370,2026-03-22T18:16:00Z,0,13.91,2026-03-22T18:16:00Z,49.4,2026-03-22T14:06:00Z,25.5,2026-03-22T18:12:00Z,3,2026-03-22T17:53:00Z,8.3,2026-03-22T10:31:00Z,0,2026-03-29T11:28:00Z,0,2026-03-25T00:19:00Z
TX2-01371,2026-03-22T21:24:00Z,0,89.99,2026-03-22T21:24:00Z,48.3,2026-03-22T20:56:00Z,56.0,2026-03-22T20:57:00Z,0,2026-03-22T20:24:00Z,27.6,2026-03-22T12:40:00Z,0,2026-03-31T01:14:00Z,0,2026-03-24T15:59:00Z
TX2-01372,2026-03-23T00:12:00Z,1,57.61,2026-03-23T00:12:00Z,60.1,2026-03-22T19:22:00Z,63.6,2026-03-23T00:07:00Z,4,2026-03-22T23:23:00Z,24.2,2026-03-22T13:58:00Z,1,2026-03-30T08:06:00Z,2,2026-03-25T02:18:00Z
TX2-01373,2026-03-23T01:02:00Z,0,62.63,2026-03-23T01:02:00Z,63.2,2026-03-22T20:31:00Z,39.1,2026-03-23T00:43:00Z,3,2026-03-23T00:10:00Z,23.8,2026-03-22T10:00:00Z,0,2026-03-28T20:54:00Z,0,2026-03-24T21:35:00Z
TX2-01374,2026-03-23T02:08:00Z,0,107.19,2026-03-23T02:08:00Z,54.5,2026-03-22T23:43:00Z,43.8,2026-03-23T01:57:00Z,1,2026-03-23T01:54:00Z,36.9,2026-03-22T08:04:00Z,0,2026-03-26T06:03:00Z,0,2026-03-24T05:22:00Z
TX2-01375,2026-03-23T04:46:00Z,0,125.43,2026-03-23T04:46:00Z,48.8,2026-03-22T23:42:00Z,29.2,2026-03-23T04:37:00Z,3,2026-03-23T04:13:00Z,22.2,2026-03-22T17:30:00Z,0,2026-04-01T06:01:00Z,0,2026-03-26T01:13:00Z
TX2-01376,2026-03-23T05:21:00Z,0,29.52,2026-03-23T05:21:00Z,46.4,2026-03-23T00:20:00Z,42.0,2026-03-23T05:09:00Z,5,2026-03-23T04:56:00Z,37.0,2026-03-23T01:37:00Z,0,2026-03-27T21:20:00Z,0,2026-03-24T13:42:00Z
TX2-01377,2026-03-23T06:30:00Z,0,12.44,2026-03-23T06:30:00Z,25.9,2026-03-23T03:52:00Z,46.1,2026-03-23T06:21:00Z,2,2026-03-23T05:58:00Z,45.7,2026-03-22T22:22:00Z,0,2026-04-01T16:42:00Z,0,2026-03-24T07:24:00Z
TX2-01378,2026-03-23T06:58:00Z,1,92.39,2026-03-23T06:58:00Z,50.4,2026-03-23T05:35:00Z,19.7,2026-03-23T06:42:00Z,2,2026-03-23T06:00:00Z,17.0,2026-03-23T04:42:00Z,1,2026-04-01T14:21:00Z,2,2026-03-25T11:24:00Z
TX2-01379,2026-03-23T11:10:00Z,0,67.47,2026-03-23T11:10:00Z,46.0,2026-03-23T07:09:00Z,29.1,2026-03-23T10:49:00Z,6,2026-03-23T10:20:00Z,44.7,2026-03-23T00:35:00Z,0,2026-03-30T22:19:00Z,0,2026-03-24T23:08:00Z
TX2-01380,2026-03-23T11:37:00Z,0,39.6,2026-03-23T11:37:00Z,43.3,2026-03-23T08:09:00Z,28.5,2026-03-23T11:22:00Z,0,2026-03-23T11:35:00Z,20.7,2026-03-23T00:58:00Z,0,2026-03-31T18:58:00Z,0,2026-03-24T15:37:00Z
TX2-01381,2026-03-23T12:18:00Z,0,116.01,2026-03-23T12:18:00Z,63.2,2026-03-23T06:23:00Z,31.4,2026-03-23T11:54:00Z,1,2026-03-23T11:20:00Z,28.6,2026-03-22T22:53:00Z,0,2026-03-29T03:01:00Z,0,2026-03-24T14:43:00Z
TX2-01382,2026-03-23T12:26:00Z,0,14.43,2026-03-23T12:26:00Z,52.1,2026-03-23T12:08:00Z,27.1,2026-03-23T12:11:00Z,3,2026-03-23T12:25:00Z,13.1,2026-03-22T18:44:00Z,0,2026-03-30T00:30:00Z,0,2026-03-26T04:20:00Z
TX2-01383,2026-03-23T13:45:00Z,0,57.52,2026-03-23T13:45:00Z,54.5,2026-03-23T11:10:00Z,25.6,2026-03-23T13:37:00Z,3,2026-03-23T12:58:00Z,23.9,2026-03-23T04:10:00Z,0,2026-03-30T15:25:00Z,0,2026-03-26T11:16:00Z
TX2-01384,2026-03-23T14:37:00Z,0,25.91,2026-03-23T14:37:00Z,55.0,2026-03-23T09:46:00Z,34.0,2026-03-23T14:26:00Z,2,2026-03-23T13:47:00Z,12.7,2026-03-23T03:22:00Z,0,2026-03-28T20:33:00Z,0,2026-03-25T18:31:00Z
TX2-01385,2026-03-23T17:34:00Z,0,83.27,2026-03-23T17:34:00Z,33.4,2026-03-23T14:25:00Z,43.6,2026-03-23T17:09:00Z,1,2026-03-23T16:50:00Z,28.6,2026-03-23T05:31:00Z,0,2026-03-30T23:23:00Z,0,2026-03-26T13:18:00Z
TX2-01386,2026-03-23T19:06:00Z,0,11.73,2026-03-23T19:06:00Z,43.7,2026-03-23T14:16:00Z,43.1,2026-03-23T18:38:00Z,1,2026-03-23T18:19:00Z,19.4,2026-03-23T13:42:00Z,0,2026-03-28T23:44:00Z,0,2026-03-26T02:53:00Z
TX2-01387,2026-03-23T20:56:00Z,0,36.89,2026-03-23T20:56:00Z,42.4,2026-03-23T15:21:00Z,39.2,2026-03-23T20:27:00Z,3,2026-03-23T20:33:00Z,26.0,2026-03-23T13:51:00Z,0,2026-04-01T15:43:00Z,0,2026-03-25T05:17:00Z
TX2-01388,2026-03-23T23:03:00Z,0,153.09,2026-03-23T23:03:00Z,29.3,2026-03-23T17:59:00Z,17.0,2026-03-23T22:54:00Z,2,2026-03-23T22:24:00Z,21.1,2026-03-23T15:58:00Z,0,2026-03-30T01:53:00Z,0,2026-03-25T09:23:00Z
TX2-01389,2026-03-23T23:30:00Z,0,51.2,2026-03-23T23:30:00Z,38.1,2026-03-23T19:22:00Z,41.6,2026-03-23T23:07:00Z,3,2026-03-23T23:13:00Z,38.6,2026-03-23T13:39:00Z,0,2026-03-30T15:43:00Z,2,2026-03-25T14:43:00Z
TX2-01390,2026-03-24T00:37:00Z,0,107.16,2026-03-24T00:37:00Z,60.9,2026-03-23T20:29:00Z,32.5,2026-03-24T00:35:00Z,3,2026-03-24T00:14:00Z,43.0,2026-03-24T07:57:00Z,0,2026-04-01T09:10:00Z,0,2026-03-25T13:58:00Z
TX2-01391,2026-03-24T01:05:00Z,0,145.04,2026-03-24T01:05:00Z,67.5,2026-03-23T21:49:00Z,44.5,2026-03-24T01:02:00Z,4,2026-03-24T00:52:00Z,32.5,2026-03-24T03:00:00Z,0,2026-03-28T02:23:00Z,0,2026-03-26T04:27:00Z
TX2-01392,2026-03-24T01:27:00Z,0,54.26,2026-03-24T01:27:00Z,41.6,2026-03-23T22:07:00Z,56.0,2026-03-24T01:11:00Z,2,2026-03-24T01:18:00Z,19.2,2026-03-23T06:45:00Z,0,2026-04-01T17:16:00Z,1,2026-03-26T14:59:00Z
TX2-01393,2026-03-24T02:44:00Z,0,65.46,2026-03-24T02:44:00Z,54.1,2026-03-24T00:40:00Z,28.4,2026-03-24T02:31:00Z,2,2026-03-24T01:50:00Z,39.2,2026-03-23T22:07:00Z,0,2026-03-31T09:08:00Z,0,2026-03-26T15:55:00Z
TX2-01394,2026-03-24T03:20:00Z,0,59.54,2026-03-24T03:20:00Z,65.6,2026-03-23T21:33:00Z,50.8,2026-03-24T02:59:00Z,5,2026-03-24T02:36:00Z,28.4,2026-03-23T19:57:00Z,0,2026-03-29T06:37:00Z,0,2026-03-25T14:53:00Z
TX2-01395,2026-03-24T05:24:00Z,0,120.77,2026-03-24T05:24:00Z,51.5,2026-03-24T01:37:00Z,37.6,2026-03-24T05:16:00Z,2,2026-03-24T05:15:00Z,30.1,2026-03-23T16:12:00Z,0,2026-04-01T11:08:00Z,0,2026-03-25T19:26:00Z
TX2-01396,2026-03-24T05:56:00Z,0,37.31,2026-03-24T05:56:00Z,60.0,2026-03-24T01:00:00Z,38.8,2026-03-24T05:51:00Z,3,2026-03-24T05:02:00Z,37.8,2026-03-23T18:53:00Z,0,2026-03-27T10:44:00Z,0,2026-03-25T06:24:00Z
TX2-01397,2026-03-24T06:51:00Z,0,338.48,2026-03-24T06:51:00Z,67.0,2026-03-24T04:21:00Z,57.8,2026-03-24T06:45:00Z,3,2026-03-24T05:53:00Z,33.9,2026-03-23T13:59:00Z,0,2026-03-28T11:25:00Z,0,2026-03-26T23:34:00Z
TX2-01398,2026-03-24T08:28:00Z,0,33.31,2026-03-24T08:28:00Z,45.7,2026-03-24T08:07:00Z,42.0,2026-03-24T08:12:00Z,2,2026-03-24T08:22:00Z,14.2,2026-03-24T03:18:00Z,0,2026-04-01T18:42:00Z,0,2026-03-26T18:46:00Z
TX2-01399,2026-03-24T10:30:00Z,0,129.14,2026-03-24T10:30:00Z,34.9,2026-03-24T04:34:00Z,48.7,2026-03-24T10:16:00Z,3,2026-03-24T10:29:00Z,19.4,2026-03-24T08:20:00Z,0,2026-04-01T10:22:00Z,0,2026-03-26T21:11:00Z
TX2-01400,2026-03-24T11:38:00Z,0,17.98,2026-03-24T11:38:00Z,49.0,2026-03-24T10:19:00Z,53.9,2026-03-24T11:17:00Z,4,2026-03-24T11:04:00Z,45.3,2026-03-24T08:33:00Z,0,2026-03-30T00:19:00Z,0,2026-03-26T13:26:00Z
TX2-01401,2026-03-24T16:56:00Z,0,145.94,2026-03-24T16:56:00Z,53.3,2026-03-24T15:28:00Z,28.2,2026-03-24T16:35:00Z,2,2026-03-24T16:04:00Z,40.3,2026-03-23T21:35:00Z,1,2026-03-29T18:53:00Z,0,2026-03-27T11:17:00Z
TX2-01402,2026-03-24T17:59:00Z,0,102.41,2026-03-24T17:59:00Z,65.7,2026-03-24T16:51:00Z,42.3,2026-03-24T17:31:00Z,3,2026-03-24T17:36:00Z,36.7,2026-03-24T16:07:00Z,0,2026-03-27T18:22:00Z,0,2026-03-26T10:58:00Z
TX2-01403,2026-03-24T22:34:00Z,0,22.56,2026-03-24T22:34:00Z,47.4,2026-03-24T17:51:00Z,34.7,2026-03-24T22:18:00Z,4,2026-03-24T22:18:00Z,9.6,2026-03-24T10:51:00Z,0,2026-03-31T17:21:00Z,0,2026-03-26T12:13:00Z
TX2-01404,2026-03-24T23:08:00Z,0,22.68,2026-03-24T23:08:00Z,61.7,2026-03-24T18:47:00Z,40.3,2026-03-24T22:50:00Z,2,2026-03-24T23:07:00Z,32.1,2026-03-24T11:05:00Z,0,2026-04-03T03:32:00Z,0,2026-03-27T12:24:00Z
TX2-01405,2026-03-25T00:16:00Z,0,151.63,2026-03-25T00:16:00Z,70.5,2026-03-24T22:05:00Z,45.1,2026-03-25T00:11:00Z,0,2026-03-25T00:10:00Z,25.5,2026-03-24T21:29:00Z,0,2026-04-01T21:56:00Z,0,2026-03-27T20:23:00Z
TX2-01406,2026-03-25T00:50:00Z,0,13.35,2026-03-25T00:50:00Z,56.9,2026-03-24T23:40:00Z,32.5,2026-03-25T00:22:00Z,2,2026-03-25T00:15:00Z,42.9,2026-03-24T06:53:00Z,0,2026-03-30T06:58:00Z,0,2026-03-27T09:00:00Z
TX2-01407,2026-03-25T03:07:00Z,0,172.86,2026-03-25T03:07:00Z,35.8,2026-03-25T02:27:00Z,44.1,2026-03-25T02:40:00Z,1,2026-03-25T02:59:00Z,23.1,2026-03-24T22:37:00Z,0,2026-03-30T12:21:00Z,0,2026-03-27T21:05:00Z
TX2-01408,2026-03-25T03:44:00Z,0,36.62,2026-03-25T03:44:00Z,65.2,2026-03-25T01:31:00Z,40.4,2026-03-25T03:33:00Z,1,2026-03-25T03:27:00Z,28.6,2026-03-24T15:51:00Z,0,2026-03-31T15:23:00Z,0,2026-03-26T14:04:00Z
TX2-01409,2026-03-25T07:31:00Z,0,155.35,2026-03-25T07:31:00Z,52.1,2026-03-25T05:38:00Z,34.8,2026-03-25T07:22:00Z,1,2026-03-25T06:50:00Z,36.9,2026-03-24T21:38:00Z,0,2026-03-29T04:03:00Z,0,2026-03-27T13:49:00Z
TX2-01410,2026-03-25T08:08:00Z,0,670.52,2026-03-25T08:08:00Z,47.3,2026-03-25T06:16:00Z,39.2,2026-03-25T08:00:00Z,1,2026-03-25T07:53:00Z,39.1,2026-03-24T12:11:00Z,0,2026-03-29T09:09:00Z,0,2026-03-27T07:42:00Z
TX2-01411,2026-03-25T09:13:00Z,0,245.01,2026-03-25T09:13:00Z,32.9,2026-03-25T05:20:00Z,41.7,2026-03-25T09:08:00Z,0,2026-03-25T08:24:00Z,33.4,2026-03-24T23:51:00Z,0,2026-04-03T18:25:00Z,0,2026-03-26T16:11:00Z
TX2-01412,2026-03-25T12:31:00Z,0,10.56,2026-03-25T12:31:00Z,35.9,2026-03-25T11:55:00Z,44.4,2026-03-25T12:04:00Z,2,2026-03-25T12:10:00Z,21.6,2026-03-25T09:04:00Z,0,2026-04-03T08:01:00Z,0,2026-03-26T21:38:00Z
TX2-01413,2026-03-25T13:24:00Z,0,10.34,2026-03-25T13:24:00Z,48.2,2026-03-25T09:49:00Z,50.9,2026-03-25T13:22:00Z,2,2026-03-25T13:08:00Z,32.7,2026-03-25T08:31:00Z,0,2026-04-02T07:33:00Z,0,2026-03-28T03:15:00Z
TX2-01414,2026-03-25T17:48:00Z,0,10.76,2026-03-25T17:48:00Z,53.7,2026-03-25T14:41:00Z,36.5,2026-03-25T17:42:00Z,1,2026-03-25T17:32:00Z,31.5,2026-03-24T21:56:00Z,0,2026-04-01T23:07:00Z,0,2026-03-26T23:54:00Z
TX2-01415,2026-03-25T20:58:00Z,0,22.68,2026-03-25T20:58:00Z,58.5,2026-03-25T15:40:00Z,20.2,2026-03-25T20:43:00Z,4,2026-03-25T20:05:00Z,35.0,2026-03-25T18:54:00Z,0,2026-04-02T05:20:00Z,0,2026-03-28T20:34:00Z
TX2-01416,2026-03-25T21:39:00Z,0,11.62,2026-03-25T21:39:00Z,57.7,2026-03-25T20:46:00Z,11.5,2026-03-25T21:30:00Z,3,2026-03-25T21:28:00Z,27.4,2026-03-25T13:23:00Z,0,2026-03-31T10:54:00Z,0,2026-03-27T10:12:00Z
TX2-01417,2026-03-25T21:50:00Z,0,28.75,2026-03-25T21:50:00Z,28.3,2026-03-25T16:05:00Z,28.3,2026-03-25T21:49:00Z,2,2026-03-25T21:18:00Z,35.0,2026-03-25T15:12:00Z,0,2026-04-04T16:58:00Z,0,2026-03-28T16:27:00Z
TX2-01418,2026-03-25T21:56:00Z,0,108.09,2026-03-25T21:56:00Z,55.5,2026-03-25T21:32:00Z,38.0,2026-03-25T21:51:00Z,4,2026-03-25T20:58:00Z,22.2,2026-03-25T10:26:00Z,0,2026-04-02T01:18:00Z,0,2026-03-28T06:00:00Z
TX2-01419,2026-03-25T22:17:00Z,0,90.63,2026-03-25T22:17:00Z,52.1,2026-03-25T18:43:00Z,28.3,2026-03-25T21:52:00Z,0,2026-03-25T21:35:00Z,24.7,2026-03-25T17:43:00Z,0,2026-03-30T00:59:00Z,0,2026-03-28T19:43:00Z
TX2-01420,2026-03-25T22:28:00Z,1,72.85,2026-03-25T22:28:00Z,73.1,2026-03-25T20:09:00Z,57.4,2026-03-25T22:10:00Z,1,2026-03-25T22:15:00Z,32.3,2026-03-25T20:54:00Z,1,2026-03-30T17:08:00Z,1,2026-03-27T05:04:00Z
TX2-01421,2026-03-25T23:01:00Z,1,16.05,2026-03-25T23:01:00Z,66.7,2026-03-25T19:19:00Z,38.0,2026-03-25T22:51:00Z,6,2026-03-25T22:41:00Z,39.6,2026-03-25T03:22:00Z,1,2026-03-31T16:12:00Z,2,2026-03-28T00:22:00Z
TX2-01422,2026-03-25T23:14:00Z,0,108.93,2026-03-25T23:14:00Z,42.1,2026-03-25T20:23:00Z,43.9,2026-03-25T23:00:00Z,2,2026-03-25T22:35:00Z,31.9,2026-03-25T20:11:00Z,0,2026-03-31T09:35:00Z,0,2026-03-28T10:56:00Z
TX2-01423,2026-03-26T02:18:00Z,0,48.12,2026-03-26T02:18:00Z,35.6,2026-03-25T21:25:00Z,40.0,2026-03-26T02:00:00Z,1,2026-03-26T02:15:00Z,15.2,2026-03-25T20:33:00Z,0,2026-04-01T05:24:00Z,0,2026-03-28T04:54:00Z
TX2-01424,2026-03-26T04:05:00Z,0,6.3,2026-03-26T04:05:00Z,38.4,2026-03-25T22:52:00Z,23.3,2026-03-26T03:38:00Z,4,2026-03-26T03:54:00Z,26.5,2026-03-26T03:01:00Z,0,2026-04-02T11:54:00Z,1,2026-03-28T22:50:00Z
TX2-01425,2026-03-26T05:07:00Z,1,65.17,2026-03-26T05:07:00Z,53.7,2026-03-26T02:18:00Z,33.2,2026-03-26T04:37:00Z,6,2026-03-26T05:00:00Z,31.3,2026-03-25T11:46:00Z,1,2026-04-03T07:07:00Z,2,2026-03-28T20:18:00Z
TX2-01426,2026-03-26T08:55:00Z,0,90.57,2026-03-26T08:55:00Z,52.5,2026-03-26T06:46:00Z,46.5,2026-03-26T08:30:00Z,0,2026-03-26T08:16:00Z,27.5,2026-03-26T01:19:00Z,0,2026-04-02T02:49:00Z,0,2026-03-28T06:19:00Z
TX2-01427,2026-03-26T09:11:00Z,0,47.63,2026-03-26T09:11:00Z,34.3,2026-03-26T05:54:00Z,41.0,2026-03-26T08:58:00Z,3,2026-03-26T08:58:00Z,41.8,2026-03-25T17:41:00Z,0,2026-04-04T23:44:00Z,0,2026-03-28T23:51:00Z
TX2-01428,2026-03-26T10:34:00Z,0,81.16,2026-03-26T10:34:00Z,63.5,2026-03-26T07:22:00Z,54.7,2026-03-26T10:13:00Z,3,2026-03-26T09:51:00Z,23.7,2026-03-26T05:55:00Z,0,2026-03-31T00:47:00Z,0,2026-03-27T11:42:00Z
TX2-01429,2026-03-26T11:55:00Z,0,238.49,2026-03-26T11:55:00Z,30.0,2026-03-26T08:12:00Z,27.5,2026-03-26T11:33:00Z,2,2026-03-26T11:51:00Z,27.1,2026-03-26T00:27:00Z,1,2026-03-31T07:41:00Z,0,2026-03-27T19:46:00Z
TX2-01430,2026-03-26T11:57:00Z,0,44.87,2026-03-26T11:57:00Z,46.5,2026-03-26T08:37:00Z,37.4,2026-03-26T11:30:00Z,4,2026-03-26T11:25:00Z,30.1,2026-03-25T18:14:00Z,0,2026-04-04T00:53:00Z,0,2026-03-28T01:48:00Z
TX2-01431,2026-03-26T12:17:00Z,0,43.85,2026-03-26T12:17:00Z,57.6,2026-03-26T10:02:00Z,51.8,2026-03-26T11:58:00Z,4,2026-03-26T11:18:00Z,35.1,2026-03-26T07:24:00Z,0,2026-03-31T23:48:00Z,0,2026-03-29T07:53:00Z
TX2-01432,2026-03-26T14:36:00Z,0,33.99,2026-03-26T14:36:00Z,53.2,2026-03-26T09:51:00Z,46.5,2026-03-26T14:26:00Z,4,2026-03-26T13:46:00Z,39.0,2026-03-26T03:02:00Z,0,2026-03-31T14:19:00Z,0,2026-03-28T13:42:00Z
TX2-01433,2026-03-26T22:44:00Z,0,72.55,2026-03-26T22:44:00Z,41.8,2026-03-26T20:37:00Z,45.7,2026-03-26T22:22:00Z,2,2026-03-26T22:17:00Z,34.3,2026-03-26T05:49:00Z,0,2026-03-30T23:06:00Z,0,2026-03-29T02:17:00Z
TX2-01434,2026-03-26T23:40:00Z,0,15.67,2026-03-26T23:40:00Z,48.0,2026-03-26T20:54:00Z,36.4,2026-03-26T23:27:00Z,4,2026-03-26T22:50:00Z,27.0,2026-03-26T15:00:00Z,1,2026-04-03T07:29:00Z,0,2026-03-28T10:04:00Z
TX2-01435,2026-03-27T00:06:00Z,0,62.33,2026-03-27T00:06:00Z,58.0,2026-03-26T23:51:00Z,42.3,2026-03-27T00:00:00Z,3,2026-03-26T23:10:00Z,20.4,2026-03-26T19:40:00Z,0,2026-04-05T03:41:00Z,0,2026-03-29T06:07:00Z
TX2-01436,2026-03-27T01:23:00Z,0,36.92,2026-03-27T01:23:00Z,52.4,2026-03-26T23:05:00Z,36.0,2026-03-27T01:05:00Z,1,2026-03-27T01:15:00Z,22.2,2026-03-26T07:50:00Z,0,2026-04-01T23:30:00Z,1,2026-03-30T00:46:00Z
TX2-01437,2026-03-27T02:00:00Z,0,112.44,2026-03-27T02:00:00Z,64.4,2026-03-27T00:08:00Z,54.4,2026-03-27T01:55:00Z,1,2026-03-27T01:19:00Z,34.4,2026-03-26T17:06:00Z,0,2026-04-02T20:38:00Z,0,2026-03-28T04:08:00Z
TX2-01438,2026-03-27T05:30:00Z,0,32.29,2026-03-27T05:30:00Z,51.9,2026-03-27T04:31:00Z,44.8,2026-03-27T05:00:00Z,1,2026-03-27T04:44:00Z,32.9,2026-03-26T10:28:00Z,0,2026-04-03T20:03:00Z,0,2026-03-30T03:28:00Z
TX2-01439,2026-03-27T06:03:00Z,0,24.69,2026-03-27T06:03:00Z,69.7,2026-03-27T03:29:00Z,48.8,2026-03-27T06:00:00Z,3,2026-03-27T05:42:00Z,54.7,2026-03-26T19:52:00Z,0,2026-04-04T06:47:00Z,2,2026-03-28T11:06:00Z
TX2-01440,2026-03-27T06:28:00Z,0,24.04,2026-03-27T06:28:00Z,32.6,2026-03-27T03:18:00Z,29.4,2026-03-27T06:05:00Z,2,2026-03-27T05:31:00Z,31.7,2026-03-26T14:46:00Z,0,2026-03-30T15:06:00Z,0,2026-03-29T17:09:00Z
TX2-01441,2026-03-27T06:30:00Z,0,32.13,2026-03-27T06:30:00Z,43.3,2026-03-27T01:38:00Z,48.5,2026-03-27T06:20:00Z,3,2026-03-27T05:45:00Z,49.7,2026-03-26T21:05:00Z,0,2026-04-02T00:47:00Z,0,2026-03-29T07:18:00Z
TX2-01442,2026-03-27T06:32:00Z,0,26.11,2026-03-27T06:32:00Z,55.4,2026-03-27T06:25:00Z,39.4,2026-03-27T06:31:00Z,4,2026-03-27T06:03:00Z,40.2,2026-03-27T02:50:00Z,0,2026-04-04T07:33:00Z,0,2026-03-28T06:58:00Z
TX2-01443,2026-03-27T07:01:00Z,0,9.8,2026-03-27T07:01:00Z,50.8,2026-03-27T03:21:00Z,30.9,2026-03-27T06:49:00Z,3,2026-03-27T06:08:00Z,31.1,2026-03-26T22:45:00Z,0,2026-04-01T15:48:00Z,0,2026-03-30T05:49:00Z
TX2-01444,2026-03-27T14:02:00Z,0,18.35,2026-03-27T14:02:00Z,48.5,2026-03-27T12:01:00Z,41.3,2026-03-27T13:52:00Z,3,2026-03-27T13:23:00Z,21.6,2026-03-27T09:42:00Z,0,2026-04-04T13:25:00Z,0,2026-03-30T01:46:00Z
TX2-01445,2026-03-27T15:13:00Z,1,41.45,2026-03-27T15:13:00Z,46.5,2026-03-27T14:47:00Z,43.5,2026-03-27T14:55:00Z,5,2026-03-27T14:39:00Z,29.3,2026-03-27T05:48:00Z,1,2026-03-31T19:19:00Z,1,2026-03-30T08:51:00Z
TX2-01446,2026-03-27T17:47:00Z,0,119.7,2026-03-27T17:47:00Z,70.0,2026-03-27T14:55:00Z,49.8,2026-03-27T17:38:00Z,1,2026-03-27T17:37:00Z,28.2,2026-03-27T03:33:00Z,0,2026-04-03T05:59:00Z,0,2026-03-29T14:21:00Z
TX2-01447,2026-03-27T18:27:00Z,0,45.98,2026-03-27T18:27:00Z,75.9,2026-03-27T16:32:00Z,17.4,2026-03-27T18:05:00Z,2,2026-03-27T17:50:00Z,44.9,2026-03-27T11:57:00Z,0,2026-04-01T07:27:00Z,0,2026-03-29T00:13:00Z
TX2-01448,2026-03-27T18:55:00Z,0,50.04,2026-03-27T18:55:00Z,48.5,2026-03-27T14:55:00Z,21.5,2026-03-27T18:40:00Z,0,2026-03-27T18:02:00Z,38.6,2026-03-27T07:28:00Z,0,2026-04-06T06:50:00Z,0,2026-03-29T20:40:00Z
TX2-01449,2026-03-27T19:01:00Z,0,218.17,2026-03-27T19:01:00Z,48.4,2026-03-27T13:36:00Z,53.5,2026-03-27T18:40:00Z,2,2026-03-27T18:26:00Z,33.5,2026-03-27T17:17:00Z,0,2026-04-01T07:47:00Z,1,2026-03-30T14:55:00Z
TX2-01450,2026-03-27T19:02:00Z,0,126.17,2026-03-27T19:02:00Z,57.2,2026-03-27T16:24:00Z,27.2,2026-03-27T18:44:00Z,1,2026-03-27T18:47:00Z,40.4,2026-03-27T13:23:00Z,0,2026-04-01T02:51:00Z,1,2026-03-30T03:53:00Z
TX2-01451,2026-03-27T19:46:00Z,1,55.58,2026-03-27T19:46:00Z,76.6,2026-03-27T15:41:00Z,51.3,2026-03-27T19:42:00Z,2,2026-03-27T19:44:00Z,23.9,2026-03-26T23:51:00Z,1,2026-04-01T11:16:00Z,2,2026-03-29T07:25:00Z
TX2-01452,2026-03-27T22:07:00Z,0,98.09,2026-03-27T22:07:00Z,36.4,2026-03-27T19:48:00Z,8.1,2026-03-27T21:46:00Z,2,2026-03-27T21:37:00Z,14.5,2026-03-27T23:50:00Z,0,2026-04-02T09:47:00Z,0,2026-03-30T04:25:00Z
TX2-01453,2026-03-27T22:57:00Z,0,148.55,2026-03-27T22:57:00Z,52.5,2026-03-27T22:42:00Z,39.9,2026-03-27T22:31:00Z,4,2026-03-27T22:41:00Z,19.4,2026-03-27T09:27:00Z,1,2026-04-06T14:38:00Z,1,2026-03-29T05:38:00Z
TX2-01454,2026-03-27T23:34:00Z,0,41.09,2026-03-27T23:34:00Z,46.7,2026-03-27T19:27:00Z,40.2,2026-03-27T23:07:00Z,3,2026-03-27T22:57:00Z,25.8,2026-03-27T21:28:00Z,0,2026-04-04T18:37:00Z,0,2026-03-30T20:39:00Z
TX2-01455,2026-03-28T00:10:00Z,0,45.93,2026-03-28T00:10:00Z,45.6,2026-03-27T19:22:00Z,62.3,2026-03-27T23:44:00Z,3,2026-03-27T23:11:00Z,27.7,2026-03-27T22:58:00Z,0,2026-04-05T23:52:00Z,0,2026-03-30T11:27:00Z
TX2-01456,2026-03-28T01:45:00Z,1,134.14,2026-03-28T01:45:00Z,33.4,2026-03-27T23:51:00Z,44.9,2026-03-28T01:34:00Z,4,2026-03-28T01:09:00Z,26.4,2026-03-28T05:13:00Z,1,2026-04-01T13:48:00Z,0,2026-03-30T10:59:00Z
TX2-01457,2026-03-28T02:50:00Z,0,80.47,2026-03-28T02:50:00Z,47.6,2026-03-28T00:18:00Z,40.2,2026-03-28T02:40:00Z,4,2026-03-28T01:51:00Z,39.4,2026-03-27T07:54:00Z,0,2026-04-01T08:09:00Z,0,2026-03-29T16:41:00Z
TX2-01458,2026-03-28T03:19:00Z,0,75.63,2026-03-28T03:19:00Z,31.9,2026-03-28T02:31:00Z,63.0,2026-03-28T02:56:00Z,0,2026-03-28T03:11:00Z,36.5,2026-03-27T19:12:00Z,0,2026-04-02T08:26:00Z,0,2026-03-30T19:36:00Z
TX2-01459,2026-03-28T03:55:00Z,0,46.76,2026-03-28T03:55:00Z,36.1,2026-03-28T03:47:00Z,42.6,2026-03-28T03:43:00Z,1,2026-03-28T03:41:00Z,28.1,2026-03-28T11:52:00Z,0,2026-04-01T06:52:00Z,0,2026-03-30T19:02:00Z
TX2-01460,2026-03-28T04:25:00Z,0,11.52,2026-03-28T04:25:00Z,40.0,2026-03-27T23:56:00Z,35.8,2026-03-28T04:13:00Z,1,2026-03-28T04:24:00Z,20.6,2026-03-28T01:26:00Z,0,2026-04-06T14:42:00Z,0,2026-03-30T01:50:00Z
TX2-01461,2026-03-28T04:38:00Z,0,74.12,2026-03-28T04:38:00Z,48.4,2026-03-28T01:12:00Z,23.8,2026-03-28T04:36:00Z,1,2026-03-28T04:17:00Z,42.1,2026-03-27T19:51:00Z,0,2026-04-06T18:48:00Z,0,2026-03-30T12:39:00Z
TX2-01462,2026-03-28T06:24:00Z,0,23.34,2026-03-28T06:24:00Z,46.6,2026-03-28T04:24:00Z,43.1,2026-03-28T06:05:00Z,2,2026-03-28T06:17:00Z,43.1,2026-03-27T16:01:00Z,0,2026-03-31T13:41:00Z,0,2026-03-30T17:20:00Z
TX2-01463,2026-03-28T06:39:00Z,0,35.4,2026-03-28T06:39:00Z,53.8,2026-03-28T01:12:00Z,45.1,2026-03-28T06:36:00Z,4,2026-03-28T06:13:00Z,46.7,2026-03-27T13:02:00Z,0,2026-03-31T10:37:00Z,0,2026-03-29T14:47:00Z
TX2-01464,2026-03-28T10:48:00Z,0,86.55,2026-03-28T10:48:00Z,53.0,2026-03-28T08:31:00Z,43.6,2026-03-28T10:47:00Z,3,2026-03-28T10:06:00Z,34.8,2026-03-28T18:50:00Z,0,2026-04-06T03:03:00Z,0,2026-03-29T23:45:00Z
TX2-01465,2026-03-28T11:28:00Z,0,27.95,2026-03-28T11:28:00Z,55.3,2026-03-28T06:19:00Z,30.8,2026-03-28T11:04:00Z,2,2026-03-28T11:06:00Z,48.0,2026-03-27T16:21:00Z,0,2026-04-04T02:35:00Z,0,2026-03-31T04:59:00Z
TX2-01466,2026-03-28T17:25:00Z,1,125.38,2026-03-28T17:25:00Z,48.7,2026-03-28T15:24:00Z,50.7,2026-03-28T17:06:00Z,7,2026-03-28T16:52:00Z,28.9,2026-03-28T06:45:00Z,1,2026-04-03T12:11:00Z,1,2026-03-31T10:25:00Z
TX2-01467,2026-03-28T18:43:00Z,0,100.03,2026-03-28T18:43:00Z,37.7,2026-03-28T15:03:00Z,38.3,2026-03-28T18:26:00Z,5,2026-03-28T17:50:00Z,32.3,2026-03-28T11:59:00Z,0,2026-04-01T03:31:00Z,0,2026-03-31T05:59:00Z
TX2-01468,2026-03-28T21:23:00Z,0,25.89,2026-03-28T21:23:00Z,50.4,2026-03-28T20:43:00Z,32.0,2026-03-28T21:11:00Z,1,2026-03-28T20:54:00Z,33.8,2026-03-28T16:49:00Z,0,2026-04-02T02:05:00Z,0,2026-03-29T22:29:00Z
TX2-01469,2026-03-29T00:18:00Z,0,74.26,2026-03-29T00:18:00Z,45.6,2026-03-28T20:10:00Z,32.0,2026-03-29T00:05:00Z,1,2026-03-29T00:01:00Z,33.7,2026-03-28T13:30:00Z,0,2026-04-02T15:10:00Z,1,2026-03-30T02:29:00Z
TX2-01470,2026-03-29T00:48:00Z,0,22.64,2026-03-29T00:48:00Z,73.1,2026-03-28T22:06:00Z,34.5,2026-03-29T00:38:00Z,1,2026-03-29T00:40:00Z,26.0,2026-03-28T07:46:00Z,0,2026-04-04T13:06:00Z,1,2026-03-31T08:40:00Z
TX2-01471,2026-03-29T01:13:00Z,1,77.99,2026-03-29T01:13:00Z,62.0,2026-03-28T23:25:00Z,41.6,2026-03-29T00:52:00Z,2,2026-03-29T01:04:00Z,14.9,2026-03-28T17:58:00Z,0,2026-04-04T16:39:00Z,2,2026-03-30T16:37:00Z
TX2-01472,2026-03-29T01:53:00Z,0,48.43,2026-03-29T01:53:00Z,49.9,2026-03-28T20:44:00Z,18.7,2026-03-29T01:26:00Z,1,2026-03-29T00:53:00Z,23.5,2026-03-29T04:41:00Z,0,2026-04-04T03:37:00Z,1,2026-03-31T15:04:00Z
TX2-01473,2026-03-29T08:03:00Z,0,288.72,2026-03-29T08:03:00Z,43.6,2026-03-29T05:29:00Z,37.0,2026-03-29T07:42:00Z,2,2026-03-29T07:09:00Z,27.7,2026-03-28T15:09:00Z,0,2026-04-08T00:42:00Z,0,2026-03-30T13:27:00Z
TX2-01474,2026-03-29T09:07:00Z,0,17.57,2026-03-29T09:07:00Z,34.8,2026-03-29T03:58:00Z,47.4,2026-03-29T08:54:00Z,3,2026-03-29T08:46:00Z,27.4,2026-03-29T03:32:00Z,0,2026-04-05T12:06:00Z,0,2026-03-31T12:03:00Z
TX2-01475,2026-03-29T09:33:00Z,0,103.64,2026-03-29T09:33:00Z,49.7,2026-03-29T05:28:00Z,67.3,2026-03-29T09:26:00Z,6,2026-03-29T09:14:00Z,36.9,2026-03-29T11:26:00Z,0,2026-04-06T06:54:00Z,0,2026-03-30T13:56:00Z
TX2-01476,2026-03-29T10:13:00Z,0,79.07,2026-03-29T10:13:00Z,54.6,2026-03-29T07:35:00Z,16.6,2026-03-29T09:44:00Z,0,2026-03-29T09:25:00Z,18.3,2026-03-28T20:26:00Z,0,2026-04-05T07:34:00Z,0,2026-03-30T22:04:00Z
TX2-01477,2026-03-29T11:21:00Z,0,71.19,2026-03-29T11:21:00Z,41.4,2026-03-29T08:32:00Z,28.6,2026-03-29T11:19:00Z,4,2026-03-29T10:52:00Z,9.2,2026-03-29T03:43:00Z,0,2026-04-05T14:55:00Z,0,2026-03-31T11:36:00Z
TX2-01478,2026-03-29T12:30:00Z,0,82.79,2026-03-29T12:30:00Z,42.0,2026-03-29T07:45:00Z,19.4,2026-03-29T12:28:00Z,2,2026-03-29T11:51:00Z,20.1,2026-03-29T05:20:00Z,0,2026-04-06T23:59:00Z,1,2026-03-31T10:40:00Z
TX2-01479,2026-03-29T15:02:00Z,0,220.7,2026-03-29T15:02:00Z,50.7,2026-03-29T11:18:00Z,37.4,2026-03-29T14:57:00Z,2,2026-03-29T14:34:00Z,19.1,2026-03-29T09:14:00Z,0,2026-04-07T08:59:00Z,0,2026-03-30T16:36:00Z
TX2-01480,2026-03-29T15:21:00Z,0,65.04,2026-03-29T15:21:00Z,40.9,2026-03-29T13:27:00Z,40.6,2026-03-29T14:57:00Z,1,2026-03-29T15:08:00Z,14.8,2026-03-29T17:18:00Z,0,2026-04-05T05:51:00Z,0,2026-03-31T20:55:00Z
TX2-01481,2026-03-29T16:40:00Z,0,173.03,2026-03-29T16:40:00Z,55.3,2026-03-29T15:58:00Z,39.7,2026-03-29T16:11:00Z,2,2026-03-29T15:42:00Z,31.1,2026-03-28T22:13:00Z,0,2026-04-06T05:55:00Z,0,2026-03-31T21:23:00Z
TX2-01482,2026-03-29T17:04:00Z,0,123.7,2026-03-29T17:04:00Z,55.0,2026-03-29T15:07:00Z,27.9,2026-03-29T16:52:00Z,1,2026-03-29T16:34:00Z,34.2,2026-03-29T14:01:00Z,0,2026-04-07T18:56:00Z,0,2026-03-31T00:41:00Z
TX2-01483,2026-03-29T18:54:00Z,0,59.73,2026-03-29T18:54:00Z,54.5,2026-03-29T15:44:00Z,32.8,2026-03-29T18:30:00Z,1,2026-03-29T18:16:00Z,30.3,2026-03-29T07:49:00Z,0,2026-04-02T09:58:00Z,0,2026-03-31T04:10:00Z
TX2-01484,2026-03-29T19:22:00Z,0,36.35,2026-03-29T19:22:00Z,61.7,2026-03-29T16:53:00Z,52.4,2026-03-29T18:54:00Z,4,2026-03-29T19:19:00Z,40.7,2026-03-29T13:49:00Z,0,2026-04-08T15:13:00Z,0,2026-04-01T07:16:00Z
TX2-01485,2026-03-29T21:24:00Z,0,17.68,2026-03-29T21:24:00Z,40.3,2026-03-29T18:02:00Z,23.4,2026-03-29T21:00:00Z,4,2026-03-29T20:30:00Z,20.2,2026-03-29T06:21:00Z,0,2026-04-07T22:25:00Z,0,2026-03-31T11:22:00Z
TX2-01486,2026-03-29T22:03:00Z,0,33.65,2026-03-29T22:03:00Z,37.7,2026-03-29T19:24:00Z,36.3,2026-03-29T21:48:00Z,1,2026-03-29T21:30:00Z,32.8,2026-03-29T15:19:00Z,0,2026-04-03T17:22:00Z,0,2026-03-31T06:27:00Z
TX2-01487,2026-03-30T00:36:00Z,0,48.54,2026-03-30T00:36:00Z,78.4,2026-03-29T19:06:00Z,47.3,2026-03-30T00:13:00Z,7,2026-03-29T23:48:00Z,26.3,2026-03-29T13:33:00Z,0,2026-04-07T04:50:00Z,0,2026-03-31T13:20:00Z
TX2-01488,2026-03-30T01:31:00Z,0,43.58,2026-03-30T01:31:00Z,59.4,2026-03-30T01:17:00Z,32.7,2026-03-30T01:10:00Z,0,2026-03-30T01:02:00Z,26.0,2026-03-29T16:53:00Z,0,2026-04-04T05:28:00Z,0,2026-03-31T19:36:00Z
TX2-01489,2026-03-30T01:52:00Z,0,53.0,2026-03-30T01:52:00Z,50.4,2026-03-29T20:17:00Z,38.2,2026-03-30T01:42:00Z,2,2026-03-30T01:04:00Z,16.6,2026-03-29T06:49:00Z,0,2026-04-07T13:27:00Z,0,2026-03-31T10:23:00Z
TX2-01490,2026-03-30T02:07:00Z,0,20.13,2026-03-30T02:07:00Z,38.8,2026-03-30T00:50:00Z,40.5,2026-03-30T01:50:00Z,3,2026-03-30T02:01:00Z,22.5,2026-03-29T21:28:00Z,0,2026-04-02T07:30:00Z,0,2026-04-01T23:34:00Z
TX2-01491,2026-03-30T02:20:00Z,0,62.95,2026-03-30T02:20:00Z,59.6,2026-03-30T00:31:00Z,32.7,2026-03-30T01:57:00Z,2,2026-03-30T01:46:00Z,29.9,2026-03-29T18:34:00Z,0,2026-04-05T20:46:00Z,0,2026-04-01T04:36:00Z
TX2-01492,2026-03-30T02:55:00Z,0,98.6,2026-03-30T02:55:00Z,31.9,2026-03-30T01:28:00Z,32.2,2026-03-30T02:34:00Z,1,2026-03-30T02:31:00Z,23.9,2026-03-29T10:10:00Z,0,2026-04-08T09:22:00Z,0,2026-03-31T10:13:00Z
TX2-01493,2026-03-30T03:02:00Z,0,10.34,2026-03-30T03:02:00Z,63.4,2026-03-30T00:50:00Z,36.6,2026-03-30T02:52:00Z,4,2026-03-30T02:51:00Z,24.4,2026-03-29T13:01:00Z,0,2026-04-08T06:43:00Z,2,2026-04-01T18:44:00Z
TX2-01494,2026-03-30T03:03:00Z,0,28.29,2026-03-30T03:03:00Z,43.5,2026-03-29T23:24:00Z,46.6,2026-03-30T02:58:00Z,2,2026-03-30T02:47:00Z,33.4,2026-03-30T05:31:00Z,0,2026-04-03T10:22:00Z,0,2026-04-01T08:13:00Z
TX2-01495,2026-03-30T03:43:00Z,0,81.87,2026-03-30T03:43:00Z,36.0,2026-03-29T23:17:00Z,44.1,2026-03-30T03:24:00Z,0,2026-03-30T03:24:00Z,27.7,2026-03-29T17:39:00Z,0,2026-04-05T11:20:00Z,0,2026-03-31T20:47:00Z
TX2-01496,2026-03-30T05:42:00Z,0,59.75,2026-03-30T05:42:00Z,40.6,2026-03-29T23:46:00Z,43.2,2026-03-30T05:14:00Z,2,2026-03-30T05:21:00Z,28.7,2026-03-29T19:47:00Z,0,2026-04-02T17:05:00Z,0,2026-03-31T21:53:00Z
TX2-01497,2026-03-30T06:05:00Z,0,143.01,2026-03-30T06:05:00Z,41.7,2026-03-30T00:24:00Z,42.7,2026-03-30T05:52:00Z,4,2026-03-30T05:14:00Z,29.8,2026-03-29T21:14:00Z,0,2026-04-02T06:30:00Z,0,2026-04-01T20:05:00Z
TX2-01498,2026-03-30T07:15:00Z,0,152.35,2026-03-30T07:15:00Z,55.0,2026-03-30T03:12:00Z,73.1,2026-03-30T07:12:00Z,0,2026-03-30T06:51:00Z,30.3,2026-03-29T11:18:00Z,0,2026-04-09T00:14:00Z,0,2026-03-31T12:03:00Z
TX2-01499,2026-03-30T07:40:00Z,0,108.38,2026-03-30T07:40:00Z,69.3,2026-03-30T03:14:00Z,44.1,2026-03-30T07:16:00Z,4,2026-03-30T07:06:00Z,32.5,2026-03-30T06:31:00Z,0,2026-04-03T11:31:00Z,0,2026-03-31T12:36:00Z
TX2-01500,2026-03-30T07:43:00Z,0,48.9,2026-03-30T07:43:00Z,74.4,2026-03-30T04:52:00Z,52.8,2026-03-30T07:38:00Z,1,2026-03-30T07:01:00Z,26.2,2026-03-29T15:28:00Z,0,2026-04-05T11:13:00Z,0,2026-04-01T11:23:00Z
TX2-01501,2026-03-30T12:09:00Z,0,47.92,2026-03-30T12:09:00Z,44.5,2026-03-30T07:25:00Z,50.2,2026-03-30T12:05:00Z,0,2026-03-30T11:40:00Z,33.3,2026-03-30T01:06:00Z,0,2026-04-06T18:49:00Z,0,2026-04-01T00:48:00Z
TX2-01502,2026-03-30T13:16:00Z,0,31.56,2026-03-30T13:16:00Z,63.9,2026-03-30T12:27:00Z,40.6,2026-03-30T12:48:00Z,0,2026-03-30T13:11:00Z,29.9,2026-03-30T07:21:00Z,0,2026-04-06T14:56:00Z,0,2026-04-01T22:03:00Z
TX2-01503,2026-03-30T13:38:00Z,0,24.69,2026-03-30T13:38:00Z,45.1,2026-03-30T10:09:00Z,28.2,2026-03-30T13:28:00Z,3,2026-03-30T12:46:00Z,41.3,2026-03-30T09:26:00Z,0,2026-04-06T20:59:00Z,0,2026-03-31T18:15:00Z
TX2-01504,2026-03-30T14:12:00Z,0,159.06,2026-03-30T14:12:00Z,33.9,2026-03-30T10:00:00Z,38.0,2026-03-30T13:50:00Z,0,2026-03-30T13:57:00Z,35.5,2026-03-29T21:58:00Z,0,2026-04-05T22:27:00Z,0,2026-03-31T19:05:00Z
TX2-01505,2026-03-30T15:57:00Z,0,34.92,2026-03-30T15:57:00Z,46.1,2026-03-30T14:29:00Z,24.2,2026-03-30T15:44:00Z,3,2026-03-30T15:35:00Z,31.4,2026-03-30T03:21:00Z,0,2026-04-06T20:53:00Z,0,2026-04-01T14:36:00Z
TX2-01506,2026-03-30T19:57:00Z,0,107.8,2026-03-30T19:57:00Z,52.7,2026-03-30T16:25:00Z,58.2,2026-03-30T19:39:00Z,0,2026-03-30T19:02:00Z,33.1,2026-03-30T22:20:00Z,0,2026-04-03T23:00:00Z,0,2026-04-02T09:13:00Z
TX2-01507,2026-03-30T21:44:00Z,0,147.37,2026-03-30T21:44:00Z,39.8,2026-03-30T19:39:00Z,52.8,2026-03-30T21:39:00Z,2,2026-03-30T21:36:00Z,29.2,2026-03-30T16:52:00Z,0,2026-04-09T13:31:00Z,2,2026-04-01T12:34:00Z
TX2-01508,2026-03-31T02:21:00Z,0,87.8,2026-03-31T02:21:00Z,31.5,2026-03-30T21:39:00Z,47.9,2026-03-31T01:55:00Z,2,2026-03-31T01:54:00Z,45.5,2026-03-30T13:02:00Z,0,2026-04-09T12:08:00Z,0,2026-04-02T06:29:00Z
TX2-01509,2026-03-31T05:50:00Z,0,29.32,2026-03-31T05:50:00Z,54.8,2026-03-31T03:19:00Z,34.6,2026-03-31T05:41:00Z,2,2026-03-31T05:11:00Z,41.4,2026-03-30T20:24:00Z,0,2026-04-03T15:25:00Z,1,2026-04-01T14:28:00Z
TX2-01510,2026-03-31T06:11:00Z,0,10.07,2026-03-31T06:11:00Z,62.2,2026-03-31T05:38:00Z,26.0,2026-03-31T06:07:00Z,2,2026-03-31T06:08:00Z,40.9,2026-03-31T01:53:00Z,0,2026-04-04T17:11:00Z,0,2026-04-03T04:51:00Z
TX2-01511,2026-03-31T06:32:00Z,0,29.58,2026-03-31T06:32:00Z,42.1,2026-03-31T06:11:00Z,42.0,2026-03-31T06:04:00Z,2,2026-03-31T06:23:00Z,31.7,2026-03-31T02:04:00Z,0,2026-04-05T18:50:00Z,0,2026-04-01T19:20:00Z
TX2-01512,2026-03-31T07:32:00Z,0,299.73,2026-03-31T07:32:00Z,39.3,2026-03-31T01:43:00Z,28.3,2026-03-31T07:07:00Z,0,2026-03-31T06:59:00Z,27.2,2026-03-30T12:35:00Z,0,2026-04-08T13:56:00Z,0,2026-04-01T18:28:00Z
TX2-01513,2026-03-31T08:26:00Z,0,136.74,2026-03-31T08:26:00Z,58.7,2026-03-31T04:00:00Z,26.6,2026-03-31T08:20:00Z,2,2026-03-31T07:50:00Z,31.0,2026-03-30T22:23:00Z,0,2026-04-07T00:49:00Z,0,2026-04-01T20:46:00Z
TX2-01514,2026-03-31T08:49:00Z,0,172.21,2026-03-31T08:49:00Z,37.3,2026-03-31T05:59:00Z,32.4,2026-03-31T08:48:00Z,7,2026-03-31T08:10:00Z,29.6,2026-03-31T03:28:00Z,0,2026-04-04T00:51:00Z,0,2026-04-02T02:06:00Z
TX2-01515,2026-03-31T09:03:00Z,0,47.35,2026-03-31T09:03:00Z,52.8,2026-03-31T04:15:00Z,47.9,2026-03-31T08:36:00Z,5,2026-03-31T08:10:00Z,29.5,2026-03-30T23:45:00Z,0,2026-04-09T13:45:00Z,0,2026-04-02T22:04:00Z
TX2-01516,2026-03-31T10:34:00Z,0,39.15,2026-03-31T10:34:00Z,31.4,2026-03-31T07:07:00Z,17.5,2026-03-31T10:33:00Z,3,2026-03-31T10:18:00Z,27.2,2026-03-31T05:07:00Z,0,2026-04-05T04:24:00Z,0,2026-04-01T21:58:00Z
TX2-01517,2026-03-31T11:12:00Z,0,114.82,2026-03-31T11:12:00Z,52.3,2026-03-31T09:29:00Z,13.4,2026-03-31T11:09:00Z,3,2026-03-31T10:37:00Z,33.8,2026-03-30T23:55:00Z,0,2026-04-08T20:33:00Z,0,2026-04-02T08:11:00Z
TX2-01518,2026-03-31T12:44:00Z,1,115.85,2026-03-31T12:44:00Z,67.3,2026-03-31T09:55:00Z,58.0,2026-03-31T12:31:00Z,5,2026-03-31T12:34:00Z,16.0,2026-03-31T07:53:00Z,1,2026-04-06T02:19:00Z,1,2026-04-03T03:41:00Z
TX2-01519,2026-03-31T12:45:00Z,0,176.63,2026-03-31T12:45:00Z,66.3,2026-03-31T12:25:00Z,36.3,2026-03-31T12:31:00Z,3,2026-03-31T12:08:00Z,29.2,2026-03-31T03:51:00Z,0,2026-04-04T00:07:00Z,0,2026-04-03T08:42:00Z
TX2-01520,2026-03-31T16:10:00Z,0,196.04,2026-03-31T16:10:00Z,47.9,2026-03-31T14:12:00Z,49.9,2026-03-31T16:07:00Z,3,2026-03-31T15:30:00Z,41.0,2026-03-31T13:16:00Z,0,2026-04-10T04:56:00Z,0,2026-04-03T09:32:00Z
TX2-01521,2026-03-31T16:31:00Z,0,87.38,2026-03-31T16:31:00Z,50.3,2026-03-31T14:55:00Z,21.0,2026-03-31T16:07:00Z,1,2026-03-31T15:53:00Z,18.0,2026-03-31T06:18:00Z,1,2026-04-07T02:49:00Z,0,2026-04-01T23:04:00Z
TX2-01522,2026-03-31T17:41:00Z,0,8.76,2026-03-31T17:41:00Z,42.9,2026-03-31T15:06:00Z,39.8,2026-03-31T17:14:00Z,3,2026-03-31T17:15:00Z,33.6,2026-03-31T01:14:00Z,0,2026-04-05T04:06:00Z,0,2026-04-03T04:11:00Z
TX2-01523,2026-03-31T18:58:00Z,0,707.66,2026-03-31T18:58:00Z,75.2,2026-03-31T13:16:00Z,43.5,2026-03-31T18:43:00Z,7,2026-03-31T18:22:00Z,39.9,2026-03-31T04:13:00Z,0,2026-04-07T17:09:00Z,2,2026-04-03T06:33:00Z
TX2-01524,2026-03-31T19:10:00Z,0,124.75,2026-03-31T19:10:00Z,62.9,2026-03-31T18:05:00Z,44.0,2026-03-31T19:04:00Z,3,2026-03-31T18:38:00Z,35.8,2026-03-31T16:57:00Z,0,2026-04-06T06:22:00Z,0,2026-04-02T05:55:00Z
TX2-01525,2026-03-31T19:23:00Z,0,307.49,2026-03-31T19:23:00Z,63.0,2026-03-31T18:33:00Z,34.7,2026-03-31T19:16:00Z,1,2026-03-31T19:18:00Z,12.8,2026-03-31T18:10:00Z,0,2026-04-04T11:35:00Z,0,2026-04-03T10:00:00Z
TX2-01526,2026-03-31T19:30:00Z,0,226.17,2026-03-31T19:30:00Z,65.2,2026-03-31T17:54:00Z,54.0,2026-03-31T19:14:00Z,1,2026-03-31T18:36:00Z,21.7,2026-03-31T06:37:00Z,0,2026-04-03T22:24:00Z,0,2026-04-02T10:55:00Z
TX2-01527,2026-03-31T22:08:00Z,0,7.82,2026-03-31T22:08:00Z,49.8,2026-03-31T20:39:00Z,19.8,2026-03-31T21:44:00Z,0,2026-03-31T21:10:00Z,21.0,2026-03-31T14:54:00Z,0,2026-04-09T03:17:00Z,0,2026-04-03T06:59:00Z
TX2-01528,2026-03-31T22:45:00Z,0,48.3,2026-03-31T22:45:00Z,56.1,2026-03-31T19:23:00Z,31.4,2026-03-31T22:28:00Z,1,2026-03-31T22:28:00Z,31.3,2026-03-31T17:26:00Z,0,2026-04-04T22:51:00Z,0,2026-04-02T23:32:00Z
TX2-01529,2026-03-31T22:59:00Z,0,18.82,2026-03-31T22:59:00Z,35.3,2026-03-31T22:11:00Z,48.4,2026-03-31T22:29:00Z,3,2026-03-31T22:10:00Z,36.1,2026-03-31T04:00:00Z,0,2026-04-10T07:30:00Z,0,2026-04-02T16:46:00Z
TX2-01530,2026-03-31T23:51:00Z,1,171.34,2026-03-31T23:51:00Z,60.7,2026-03-31T22:28:00Z,52.0,2026-03-31T23:42:00Z,2,2026-03-31T23:22:00Z,50.8,2026-03-31T07:14:00Z,1,2026-04-05T08:34:00Z,2,2026-04-02T17:21:00Z
TX2-01531,2026-04-01T00:23:00Z,0,398.35,2026-04-01T00:23:00Z,44.6,2026-03-31T18:36:00Z,41.1,2026-04-01T00:03:00Z,6,2026-03-31T23:25:00Z,27.3,2026-03-31T17:54:00Z,0,2026-04-09T12:38:00Z,1,2026-04-02T02:55:00Z
TX2-01532,2026-04-01T02:08:00Z,1,81.29,2026-04-01T02:08:00Z,77.0,2026-04-01T00:55:00Z,45.9,2026-04-01T01:57:00Z,2,2026-04-01T01:37:00Z,27.0,2026-03-31T12:55:00Z,0,2026-04-06T21:38:00Z,2,2026-04-02T15:58:00Z
TX2-01533,2026-04-01T06:12:00Z,1,19.25,2026-04-01T06:12:00Z,80.2,2026-04-01T03:57:00Z,37.3,2026-04-01T06:02:00Z,2,2026-04-01T06:06:00Z,39.2,2026-04-01T03:26:00Z,1,2026-04-10T22:23:00Z,2,2026-04-02T10:18:00Z
TX2-01534,2026-04-01T06:28:00Z,0,27.86,2026-04-01T06:28:00Z,49.1,2026-04-01T05:03:00Z,43.5,2026-04-01T06:12:00Z,3,2026-04-01T05:58:00Z,19.9,2026-03-31T15:16:00Z,0,2026-04-05T23:41:00Z,0,2026-04-02T08:41:00Z
TX2-01535,2026-04-01T10:48:00Z,0,255.15,2026-04-01T10:48:00Z,39.5,2026-04-01T07:35:00Z,25.8,2026-04-01T10:40:00Z,0,2026-04-01T09:59:00Z,41.4,2026-03-31T17:10:00Z,0,2026-04-05T16:40:00Z,0,2026-04-02T20:12:00Z
TX2-01536,2026-04-01T11:00:00Z,0,83.68,2026-04-01T11:00:00Z,42.9,2026-04-01T09:57:00Z,45.5,2026-04-01T10:52:00Z,1,2026-04-01T10:38:00Z,39.9,2026-04-01T06:32:00Z,0,2026-04-10T12:24:00Z,0,2026-04-03T04:46:00Z
TX2-01537,2026-04-01T13:30:00Z,0,10.4,2026-04-01T13:30:00Z,43.4,2026-04-01T10:25:00Z,40.9,2026-04-01T13:21:00Z,0,2026-04-01T13:11:00Z,37.7,2026-04-01T12:11:00Z,0,2026-04-07T21:42:00Z,0,2026-04-03T08:31:00Z
TX2-01538,2026-04-01T18:11:00Z,0,66.78,2026-04-01T18:11:00Z,87.1,2026-04-01T13:46:00Z,40.8,2026-04-01T18:02:00Z,0,2026-04-01T17:58:00Z,31.3,2026-04-01T16:30:00Z,0,2026-04-09T11:45:00Z,0,2026-04-03T14:26:00Z
TX2-01539,2026-04-01T18:36:00Z,0,39.6,2026-04-01T18:36:00Z,49.5,2026-04-01T13:25:00Z,37.6,2026-04-01T18:10:00Z,3,2026-04-01T17:38:00Z,34.7,2026-04-01T01:41:00Z,0,2026-04-07T01:33:00Z,2,2026-04-03T06:13:00Z
TX2-01540,2026-04-01T21:02:00Z,0,22.98,2026-04-01T21:02:00Z,47.9,2026-04-01T18:23:00Z,36.4,2026-04-01T20:46:00Z,2,2026-04-01T20:33:00Z,41.0,2026-04-01T15:00:00Z,0,2026-04-05T01:37:00Z,0,2026-04-03T19:56:00Z
TX2-01541,2026-04-01T22:16:00Z,0,85.43,2026-04-01T22:16:00Z,16.5,2026-04-01T19:23:00Z,45.8,2026-04-01T21:58:00Z,2,2026-04-01T21:55:00Z,19.2,2026-04-01T17:30:00Z,0,2026-04-07T06:39:00Z,0,2026-04-04T08:55:00Z
TX2-01542,2026-04-01T22:22:00Z,0,57.1,2026-04-01T22:22:00Z,43.7,2026-04-01T17:48:00Z,47.5,2026-04-01T22:10:00Z,1,2026-04-01T21:26:00Z,18.4,2026-04-01T06:19:00Z,0,2026-04-05T12:12:00Z,0,2026-04-03T19:10:00Z
TX2-01543,2026-04-02T01:55:00Z,0,27.09,2026-04-02T01:55:00Z,42.8,2026-04-01T20:02:00Z,21.7,2026-04-02T01:26:00Z,1,2026-04-02T01:43:00Z,28.9,2026-04-01T18:34:00Z,0,2026-04-08T03:04:00Z,0,2026-04-04T13:49:00Z
TX2-01544,2026-04-02T03:56:00Z,0,89.26,2026-04-02T03:56:00Z,66.7,2026-04-02T00:12:00Z,61.0,2026-04-02T03:47:00Z,3,2026-04-02T03:55:00Z,38.6,2026-04-01T15:07:00Z,0,2026-04-06T02:31:00Z,1,2026-04-03T13:38:00Z
TX2-01545,2026-04-02T04:00:00Z,0,167.69,2026-04-02T04:00:00Z,66.5,2026-04-02T03:27:00Z,32.1,2026-04-02T03:36:00Z,1,2026-04-02T03:17:00Z,36.3,2026-04-02T06:42:00Z,0,2026-04-08T20:35:00Z,0,2026-04-03T08:32:00Z
TX2-01546,2026-04-02T04:45:00Z,0,41.37,2026-04-02T04:45:00Z,76.8,2026-04-02T03:11:00Z,29.6,2026-04-02T04:23:00Z,1,2026-04-02T04:08:00Z,26.7,2026-04-02T02:02:00Z,0,2026-04-08T04:03:00Z,0,2026-04-04T16:29:00Z
TX2-01547,2026-04-02T04:58:00Z,0,40.44,2026-04-02T04:58:00Z,33.8,2026-04-02T01:58:00Z,36.6,2026-04-02T04:54:00Z,0,2026-04-02T04:55:00Z,30.1,2026-04-01T19:42:00Z,0,2026-04-09T02:31:00Z,0,2026-04-03T18:51:00Z
TX2-01548,2026-04-02T05:05:00Z,0,27.69,2026-04-02T05:05:00Z,33.1,2026-04-01T23:25:00Z,41.2,2026-04-02T04:36:00Z,1,2026-04-02T04:58:00Z,45.2,2026-04-01T21:58:00Z,0,2026-04-05T13:53:00Z,0,2026-04-03T20:57:00Z
TX2-01549,2026-04-02T07:09:00Z,0,96.25,2026-04-02T07:09:00Z,53.4,2026-04-02T04:39:00Z,40.1,2026-04-02T07:08:00Z,3,2026-04-02T06:54:00Z,21.4,2026-04-02T00:43:00Z,0,2026-04-11T07:14:00Z,0,2026-04-05T05:55:00Z
TX2-01550,2026-04-02T10:36:00Z,0,33.23,2026-04-02T10:36:00Z,47.5,2026-04-02T06:23:00Z,45.3,2026-04-02T10:11:00Z,0,2026-04-02T10:32:00Z,26.3,2026-04-02T03:59:00Z,0,2026-04-09T14:41:00Z,0,2026-04-03T13:06:00Z
TX2-01551,2026-04-02T10:46:00Z,0,15.06,2026-04-02T10:46:00Z,52.3,2026-04-02T08:22:00Z,51.1,2026-04-02T10:22:00Z,4,2026-04-02T10:14:00Z,23.7,2026-04-02T06:03:00Z,0,2026-04-06T09:12:00Z,0,2026-04-03T14:53:00Z
TX2-01552,2026-04-02T11:43:00Z,0,28.24,2026-04-02T11:43:00Z,55.0,2026-04-02T11:33:00Z,48.0,2026-04-02T11:39:00Z,3,2026-04-02T11:21:00Z,23.6,2026-04-01T21:20:00Z,0,2026-04-08T15:22:00Z,0,2026-04-03T19:24:00Z
TX2-01553,2026-04-02T12:39:00Z,0,79.83,2026-04-02T12:39:00Z,71.1,2026-04-02T07:16:00Z,52.0,2026-04-02T12:22:00Z,0,2026-04-02T11:59:00Z,34.9,2026-04-02T02:16:00Z,0,2026-04-08T01:24:00Z,0,2026-04-04T00:01:00Z
TX2-01554,2026-04-02T12:56:00Z,0,217.66,2026-04-02T12:56:00Z,41.3,2026-04-02T12:46:00Z,35.9,2026-04-02T12:47:00Z,3,2026-04-02T12:12:00Z,32.7,2026-04-02T15:40:00Z,0,2026-04-05T18:39:00Z,0,2026-04-03T22:05:00Z
TX2-01555,2026-04-02T15:40:00Z,0,15.18,2026-04-02T15:40:00Z,51.7,2026-04-02T11:44:00Z,38.9,2026-04-02T15:23:00Z,2,2026-04-02T14:47:00Z,43.1,2026-04-02T07:50:00Z,0,2026-04-06T00:30:00Z,0,2026-04-05T07:12:00Z
TX2-01556,2026-04-02T15:44:00Z,0,169.59,2026-04-02T15:44:00Z,49.5,2026-04-02T13:42:00Z,44.4,2026-04-02T15:37:00Z,1,2026-04-02T15:02:00Z,45.8,2026-04-02T07:04:00Z,0,2026-04-11T05:10:00Z,1,2026-04-04T09:27:00Z
TX2-01557,2026-04-02T16:00:00Z,0,114.09,2026-04-02T16:00:00Z,46.3,2026-04-02T12:07:00Z,22.8,2026-04-02T15:59:00Z,3,2026-04-02T15:21:00Z,26.2,2026-04-02T09:43:00Z,0,2026-04-08T20:30:00Z,0,2026-04-04T14:37:00Z
TX2-01558,2026-04-02T20:28:00Z,0,13.16,2026-04-02T20:28:00Z,36.3,2026-04-02T19:52:00Z,60.3,2026-04-02T20:08:00Z,2,2026-04-02T20:00:00Z,38.5,2026-04-03T01:25:00Z,0,2026-04-06T19:46:00Z,0,2026-04-05T15:08:00Z
TX2-01559,2026-04-02T20:35:00Z,0,219.92,2026-04-02T20:35:00Z,34.4,2026-04-02T18:35:00Z,23.7,2026-04-02T20:10:00Z,4,2026-04-02T20:15:00Z,22.6,2026-04-02T16:30:00Z,0,2026-04-11T09:28:00Z,0,2026-04-05T02:07:00Z
TX2-01560,2026-04-02T21:25:00Z,0,48.06,2026-04-02T21:25:00Z,65.8,2026-04-02T18:24:00Z,26.6,2026-04-02T21:07:00Z,3,2026-04-02T20:31:00Z,23.1,2026-04-02T05:13:00Z,0,2026-04-06T23:03:00Z,0,2026-04-04T20:46:00Z
TX2-01561,2026-04-02T21:28:00Z,0,125.26,2026-04-02T21:28:00Z,38.8,2026-04-02T15:51:00Z,31.5,2026-04-02T21:24:00Z,1,2026-04-02T21:02:00Z,35.3,2026-04-03T05:20:00Z,0,2026-04-08T00:42:00Z,1,2026-04-04T07:45:00Z
TX2-01562,2026-04-02T21:41:00Z,0,184.6,2026-04-02T21:41:00Z,52.0,2026-04-02T16:50:00Z,31.8,2026-04-02T21:13:00Z,3,2026-04-02T21:06:00Z,19.5,2026-04-02T14:27:00Z,0,2026-04-12T08:50:00Z,0,2026-04-04T05:53:00Z
TX2-01563,2026-04-02T21:46:00Z,0,70.14,2026-04-02T21:46:00Z,85.4,2026-04-02T20:49:00Z,53.2,2026-04-02T21:21:00Z,2,2026-04-02T21:32:00Z,23.2,2026-04-02T12:10:00Z,0,2026-04-11T14:42:00Z,0,2026-04-04T10:16:00Z
TX2-01564,2026-04-02T22:45:00Z,0,48.7,2026-04-02T22:45:00Z,48.7,2026-04-02T18:42:00Z,31.0,2026-04-02T22:29:00Z,2,2026-04-02T21:45:00Z,18.5,2026-04-02T17:34:00Z,0,2026-04-06T01:07:00Z,0,2026-04-05T17:47:00Z
TX2-01565,2026-04-03T01:38:00Z,1,36.53,2026-04-03T01:38:00Z,74.5,2026-04-02T23:05:00Z,41.5,2026-04-03T01:30:00Z,3,2026-04-03T01:15:00Z,35.4,2026-04-03T09:42:00Z,1,2026-04-06T08:14:00Z,2,2026-04-05T14:59:00Z
TX2-01566,2026-04-03T01:47:00Z,0,14.08,2026-04-03T01:47:00Z,29.4,2026-04-03T01:42:00Z,35.6,2026-04-03T01:39:00Z,0,2026-04-03T01:16:00Z,35.9,2026-04-02T16:05:00Z,0,2026-04-06T20:24:00Z,0,2026-04-05T14:12:00Z
TX2-01567,2026-04-03T03:50:00Z,0,2.86,2026-04-03T03:50:00Z,52.7,2026-04-03T00:01:00Z,32.3,2026-04-03T03:28:00Z,3,2026-04-03T03:13:00Z,26.4,2026-04-03T02:33:00Z,0,2026-04-09T06:50:00Z,1,2026-04-04T09:55:00Z
TX2-01568,2026-04-03T05:08:00Z,0,71.95,2026-04-03T05:08:00Z,61.3,2026-04-03T02:13:00Z,26.0,2026-04-03T04:47:00Z,2,2026-04-03T04:18:00Z,38.8,2026-04-02T23:47:00Z,0,2026-04-12T01:37:00Z,0,2026-04-05T20:35:00Z
TX2-01569,2026-04-03T06:13:00Z,0,106.15,2026-04-03T06:13:00Z,28.8,2026-04-03T01:48:00Z,56.9,2026-04-03T05:54:00Z,4,2026-04-03T05:58:00Z,31.6,2026-04-02T21:19:00Z,0,2026-04-07T12:00:00Z,0,2026-04-05T22:43:00Z
TX2-01570,2026-04-03T08:38:00Z,0,79.29,2026-04-03T08:38:00Z,69.9,2026-04-03T03:29:00Z,38.0,2026-04-03T08:30:00Z,1,2026-04-03T07:41:00Z,29.4,2026-04-03T02:40:00Z,0,2026-04-06T23:46:00Z,0,2026-04-05T09:46:00Z
TX2-01571,2026-04-03T11:59:00Z,0,27.52,2026-04-03T11:59:00Z,35.6,2026-04-03T09:57:00Z,52.4,2026-04-03T11:44:00Z,1,2026-04-03T11:04:00Z,30.1,2026-04-03T05:57:00Z,0,2026-04-10T23:49:00Z,0,2026-04-05T02:30:00Z
TX2-01572,2026-04-03T13:19:00Z,0,245.08,2026-04-03T13:19:00Z,34.0,2026-04-03T11:30:00Z,36.6,2026-04-03T12:55:00Z,5,2026-04-03T13:06:00Z,35.9,2026-04-03T15:28:00Z,0,2026-04-06T14:32:00Z,0,2026-04-06T11:45:00Z
TX2-01573,2026-04-03T13:57:00Z,1,28.59,2026-04-03T13:57:00Z,62.0,2026-04-03T08:27:00Z,46.1,2026-04-03T13:43:00Z,4,2026-04-03T13:48:00Z,32.7,2026-04-02T22:12:00Z,1,2026-04-10T07:54:00Z,2,2026-04-05T15:52:00Z
TX2-01574,2026-04-03T18:01:00Z,0,70.15,2026-04-03T18:01:00Z,36.6,2026-04-03T16:24:00Z,51.3,2026-04-03T17:49:00Z,2,2026-04-03T17:14:00Z,32.8,2026-04-02T23:51:00Z,0,2026-04-09T05:55:00Z,0,2026-04-06T15:20:00Z
TX2-01575,2026-04-03T18:27:00Z,0,116.04,2026-04-03T18:27:00Z,69.8,2026-04-03T14:51:00Z,23.9,2026-04-03T18:03:00Z,1,2026-04-03T18:18:00Z,19.2,2026-04-02T23:47:00Z,0,2026-04-11T06:03:00Z,0,2026-04-05T17:29:00Z
TX2-01576,2026-04-03T20:36:00Z,0,102.07,2026-04-03T20:36:00Z,62.8,2026-04-03T14:37:00Z,49.3,2026-04-03T20:19:00Z,4,2026-04-03T20:24:00Z,29.2,2026-04-03T14:20:00Z,0,2026-04-11T03:52:00Z,0,2026-04-06T02:37:00Z
TX2-01577,2026-04-03T21:10:00Z,0,18.45,2026-04-03T21:10:00Z,39.4,2026-04-03T20:24:00Z,45.8,2026-04-03T21:05:00Z,5,2026-04-03T20:32:00Z,33.2,2026-04-03T11:13:00Z,0,2026-04-08T22:55:00Z,0,2026-04-05T09:05:00Z
TX2-01578,2026-04-03T22:37:00Z,0,57.13,2026-04-03T22:37:00Z,42.1,2026-04-03T20:40:00Z,34.7,2026-04-03T22:20:00Z,2,2026-04-03T22:30:00Z,31.7,2026-04-04T01:11:00Z,0,2026-04-11T11:33:00Z,0,2026-04-06T06:41:00Z
TX2-01579,2026-04-03T22:59:00Z,0,115.05,2026-04-03T22:59:00Z,72.6,2026-04-03T22:12:00Z,42.3,2026-04-03T22:38:00Z,1,2026-04-03T22:27:00Z,28.0,2026-04-03T18:24:00Z,0,2026-04-09T03:05:00Z,0,2026-04-05T15:06:00Z
TX2-01580,2026-04-03T23:36:00Z,1,11.9,2026-04-03T23:36:00Z,47.4,2026-04-03T19:07:00Z,44.4,2026-04-03T23:23:00Z,1,2026-04-03T23:21:00Z,29.6,2026-04-03T18:15:00Z,1,2026-04-11T08:17:00Z,2,2026-04-05T17:48:00Z
TX2-01581,2026-04-04T00:16:00Z,1,134.0,2026-04-04T00:16:00Z,71.7,2026-04-03T20:52:00Z,36.7,2026-04-04T00:04:00Z,5,2026-04-03T23:18:00Z,27.3,2026-04-03T17:50:00Z,1,2026-04-12T15:36:00Z,2,2026-04-05T09:28:00Z
TX2-01582,2026-04-04T01:10:00Z,0,114.95,2026-04-04T01:10:00Z,49.8,2026-04-04T01:04:00Z,38.6,2026-04-04T00:45:00Z,1,2026-04-04T00:37:00Z,25.2,2026-04-03T11:48:00Z,0,2026-04-13T15:41:00Z,0,2026-04-06T04:53:00Z
TX2-01583,2026-04-04T03:54:00Z,0,32.24,2026-04-04T03:54:00Z,40.1,2026-04-04T01:41:00Z,28.6,2026-04-04T03:27:00Z,3,2026-04-04T03:24:00Z,13.5,2026-04-04T02:47:00Z,0,2026-04-10T05:11:00Z,0,2026-04-07T03:00:00Z
TX2-01584,2026-04-04T04:50:00Z,0,127.29,2026-04-04T04:50:00Z,47.6,2026-04-04T01:14:00Z,53.8,2026-04-04T04:27:00Z,2,2026-04-04T04:10:00Z,21.0,2026-04-04T00:11:00Z,0,2026-04-10T03:04:00Z,0,2026-04-06T13:00:00Z
TX2-01585,2026-04-04T05:16:00Z,0,21.5,2026-04-04T05:16:00Z,58.4,2026-04-03T23:24:00Z,61.1,2026-04-04T05:12:00Z,2,2026-04-04T04:59:00Z,33.2,2026-04-04T01:00:00Z,0,2026-04-08T08:40:00Z,0,2026-04-06T20:58:00Z
TX2-01586,2026-04-04T07:09:00Z,0,55.34,2026-04-04T07:09:00Z,50.5,2026-04-04T03:59:00Z,37.3,2026-04-04T06:43:00Z,1,2026-04-04T06:15:00Z,41.7,2026-04-03T23:56:00Z,0,2026-04-11T02:50:00Z,0,2026-04-05T07:37:00Z
TX2-01587,2026-04-04T09:02:00Z,0,182.21,2026-04-04T09:02:00Z,38.7,2026-04-04T06:38:00Z,45.8,2026-04-04T08:36:00Z,5,2026-04-04T08:32:00Z,17.8,2026-04-04T11:40:00Z,0,2026-04-12T17:58:00Z,0,2026-04-06T21:26:00Z
TX2-01588,2026-04-04T09:21:00Z,0,71.67,2026-04-04T09:21:00Z,51.9,2026-04-04T04:34:00Z,52.0,2026-04-04T09:02:00Z,4,2026-04-04T09:16:00Z,43.3,2026-04-03T14:49:00Z,0,2026-04-10T22:48:00Z,0,2026-04-06T06:37:00Z
TX2-01589,2026-04-04T09:42:00Z,0,12.33,2026-04-04T09:42:00Z,44.6,2026-04-04T03:46:00Z,22.5,2026-04-04T09:25:00Z,1,2026-04-04T09:15:00Z,43.9,2026-04-04T14:43:00Z,0,2026-04-09T17:37:00Z,0,2026-04-07T04:41:00Z
TX2-01590,2026-04-04T10:04:00Z,0,23.84,2026-04-04T10:04:00Z,23.7,2026-04-04T09:13:00Z,41.7,2026-04-04T09:41:00Z,2,2026-04-04T09:09:00Z,39.1,2026-04-04T02:35:00Z,0,2026-04-10T04:22:00Z,0,2026-04-06T13:31:00Z
TX2-01591,2026-04-04T11:03:00Z,0,47.72,2026-04-04T11:03:00Z,60.6,2026-04-04T10:14:00Z,35.5,2026-04-04T10:42:00Z,5,2026-04-04T10:31:00Z,36.2,2026-04-03T19:01:00Z,0,2026-04-12T05:04:00Z,1,2026-04-07T08:29:00Z
TX2-01592,2026-04-04T11:50:00Z,0,38.07,2026-04-04T11:50:00Z,41.9,2026-04-04T10:56:00Z,29.7,2026-04-04T11:29:00Z,1,2026-04-04T11:28:00Z,32.8,2026-04-04T09:13:00Z,0,2026-04-14T06:35:00Z,0,2026-04-06T18:34:00Z
TX2-01593,2026-04-04T12:54:00Z,0,93.65,2026-04-04T12:54:00Z,36.3,2026-04-04T10:11:00Z,27.7,2026-04-04T12:34:00Z,4,2026-04-04T12:14:00Z,15.9,2026-04-04T03:51:00Z,0,2026-04-14T10:12:00Z,0,2026-04-06T04:48:00Z
TX2-01594,2026-04-04T14:42:00Z,0,14.95,2026-04-04T14:42:00Z,46.8,2026-04-04T11:51:00Z,32.9,2026-04-04T14:41:00Z,3,2026-04-04T14:07:00Z,23.8,2026-04-04T07:23:00Z,0,2026-04-11T22:39:00Z,0,2026-04-06T07:19:00Z
TX2-01595,2026-04-04T14:45:00Z,0,36.16,2026-04-04T14:45:00Z,51.3,2026-04-04T10:36:00Z,37.7,2026-04-04T14:30:00Z,0,2026-04-04T14:01:00Z,35.6,2026-04-03T21:15:00Z,0,2026-04-12T16:54:00Z,0,2026-04-06T07:05:00Z
TX2-01596,2026-04-04T16:17:00Z,1,86.04,2026-04-04T16:17:00Z,50.5,2026-04-04T12:39:00Z,58.7,2026-04-04T15:49:00Z,1,2026-04-04T15:22:00Z,31.7,2026-04-03T23:48:00Z,1,2026-04-10T15:36:00Z,2,2026-04-06T22:44:00Z
TX2-01597,2026-04-04T17:57:00Z,0,48.33,2026-04-04T17:57:00Z,59.5,2026-04-04T12:11:00Z,7.0,2026-04-04T17:55:00Z,1,2026-04-04T17:25:00Z,28.5,2026-04-04T04:59:00Z,0,2026-04-13T21:57:00Z,0,2026-04-07T13:46:00Z
TX2-01598,2026-04-04T18:29:00Z,0,32.39,2026-04-04T18:29:00Z,39.7,2026-04-04T17:36:00Z,38.4,2026-04-04T18:00:00Z,1,2026-04-04T18:21:00Z,34.4,2026-04-04T08:03:00Z,0,2026-04-09T11:46:00Z,0,2026-04-06T01:11:00Z
TX2-01599,2026-04-04T21:17:00Z,0,25.36,2026-04-04T21:17:00Z,60.2,2026-04-04T16:53:00Z,24.4,2026-04-04T20:57:00Z,5,2026-04-04T20:29:00Z,32.1,2026-04-04T11:17:00Z,0,2026-04-08T02:04:00Z,1,2026-04-06T04:21:00Z
TX2-01600,2026-04-04T23:26:00Z,1,414.34,2026-04-04T23:26:00Z,55.4,2026-04-04T20:57:00Z,55.8,2026-04-04T23:08:00Z,6,2026-04-04T23:10:00Z,52.2,2026-04-04T07:52:00Z,1,2026-04-08T08:28:00Z,1,2026-04-06T08:40:00Z
TX2-01601,2026-04-04T23:59:00Z,1,77.68,2026-04-04T23:59:00Z,54.6,2026-04-04T22:08:00Z,41.4,2026-04-04T23:51:00Z,5,2026-04-04T23:14:00Z,20.2,2026-04-04T16:57:00Z,1,2026-04-14T00:32:00Z,2,2026-04-07T17:10:00Z
TX2-01602,2026-04-05T00:30:00Z,0,100.05,2026-04-05T00:30:00Z,47.2,2026-04-04T21:19:00Z,41.5,2026-04-05T00:04:00Z,2,2026-04-05T00:14:00Z,24.5,2026-04-04T21:09:00Z,0,2026-04-09T21:21:00Z,0,2026-04-06T18:29:00Z
TX2-01603,2026-04-05T00:59:00Z,1,71.03,2026-04-05T00:59:00Z,60.4,2026-04-04T19:44:00Z,54.2,2026-04-05T00:58:00Z,6,2026-04-05T00:08:00Z,28.2,2026-04-04T10:13:00Z,1,2026-04-09T01:39:00Z,2,2026-04-07T23:45:00Z
TX2-01604,2026-04-05T01:26:00Z,0,291.41,2026-04-05T01:26:00Z,47.8,2026-04-04T21:24:00Z,38.6,2026-04-05T01:04:00Z,3,2026-04-05T00:41:00Z,42.8,2026-04-04T06:52:00Z,0,2026-04-14T13:58:00Z,0,2026-04-06T16:29:00Z
TX2-01605,2026-04-05T05:32:00Z,1,368.29,2026-04-05T05:32:00Z,44.2,2026-04-05T03:17:00Z,32.7,2026-04-05T05:07:00Z,5,2026-04-05T04:41:00Z,43.4,2026-04-04T12:06:00Z,1,2026-04-10T08:05:00Z,2,2026-04-07T22:02:00Z
TX2-01606,2026-04-05T06:03:00Z,0,63.32,2026-04-05T06:03:00Z,63.0,2026-04-05T02:34:00Z,32.2,2026-04-05T05:45:00Z,2,2026-04-05T05:13:00Z,29.1,2026-04-04T12:21:00Z,0,2026-04-10T02:50:00Z,0,2026-04-07T17:38:00Z
TX2-01607,2026-04-05T06:07:00Z,0,105.74,2026-04-05T06:07:00Z,52.5,2026-04-05T04:56:00Z,35.6,2026-04-05T05:48:00Z,1,2026-04-05T05:12:00Z,41.9,2026-04-05T14:52:00Z,0,2026-04-15T00:04:00Z,0,2026-04-07T03:57:00Z
TX2-01608,2026-04-05T08:17:00Z,0,88.26,2026-04-05T08:17:00Z,63.2,2026-04-05T05:52:00Z,37.0,2026-04-05T07:57:00Z,5,2026-04-05T08:14:00Z,43.3,2026-04-05T03:02:00Z,0,2026-04-13T17:21:00Z,1,2026-04-07T21:04:00Z
TX2-01609,2026-04-05T08:32:00Z,0,26.73,2026-04-05T08:32:00Z,59.5,2026-04-05T02:58:00Z,44.7,2026-04-05T08:07:00Z,1,2026-04-05T07:49:00Z,38.8,2026-04-04T21:17:00Z,0,2026-04-09T14:37:00Z,1,2026-04-07T05:33:00Z
TX2-01610,2026-04-05T10:39:00Z,0,71.83,2026-04-05T10:39:00Z,52.4,2026-04-05T07:45:00Z,47.3,2026-04-05T10:26:00Z,3,2026-04-05T10:25:00Z,30.5,2026-04-04T15:58:00Z,0,2026-04-12T05:59:00Z,0,2026-04-08T00:31:00Z
TX2-01611,2026-04-05T11:15:00Z,0,51.78,2026-04-05T11:15:00Z,52.8,2026-04-05T07:29:00Z,40.1,2026-04-05T11:01:00Z,3,2026-04-05T10:47:00Z,47.2,2026-04-05T00:07:00Z,0,2026-04-11T09:29:00Z,0,2026-04-06T18:28:00Z
TX2-01612,2026-04-05T11:30:00Z,0,60.0,2026-04-05T11:30:00Z,61.0,2026-04-05T09:07:00Z,39.5,2026-04-05T11:15:00Z,3,2026-04-05T11:27:00Z,39.2,2026-04-05T15:42:00Z,0,2026-04-14T22:32:00Z,0,2026-04-07T10:23:00Z
TX2-01613,2026-04-05T11:59:00Z,0,252.08,2026-04-05T11:59:00Z,30.2,2026-04-05T08:28:00Z,31.6,2026-04-05T11:53:00Z,5,2026-04-05T11:08:00Z,23.3,2026-04-05T06:38:00Z,0,2026-04-10T18:05:00Z,0,2026-04-07T11:48:00Z
TX2-01614,2026-04-05T21:44:00Z,0,74.55,2026-04-05T21:44:00Z,60.0,2026-04-05T18:50:00Z,46.4,2026-04-05T21:43:00Z,4,2026-04-05T21:22:00Z,27.4,2026-04-05T13:32:00Z,0,2026-04-15T00:18:00Z,2,2026-04-07T03:55:00Z
TX2-01615,2026-04-05T22:05:00Z,0,51.24,2026-04-05T22:05:00Z,37.0,2026-04-05T18:39:00Z,55.5,2026-04-05T21:58:00Z,7,2026-04-05T21:54:00Z,24.6,2026-04-06T05:15:00Z,0,2026-04-12T13:29:00Z,0,2026-04-07T09:08:00Z
TX2-01616,2026-04-05T22:24:00Z,0,14.83,2026-04-05T22:24:00Z,28.2,2026-04-05T21:41:00Z,48.7,2026-04-05T22:07:00Z,5,2026-04-05T22:23:00Z,34.5,2026-04-05T02:44:00Z,0,2026-04-15T02:30:00Z,0,2026-04-08T19:35:00Z
TX2-01617,2026-04-05T23:56:00Z,0,29.11,2026-04-05T23:56:00Z,32.5,2026-04-05T18:16:00Z,38.9,2026-04-05T23:52:00Z,2,2026-04-05T23:21:00Z,37.5,2026-04-05T18:28:00Z,0,2026-04-15T03:42:00Z,0,2026-04-07T10:11:00Z
TX2-01618,2026-04-06T00:06:00Z,0,35.4,2026-04-06T00:06:00Z,60.4,2026-04-05T21:03:00Z,8.5,2026-04-05T23:42:00Z,3,2026-04-05T23:18:00Z,37.4,2026-04-05T21:39:00Z,0,2026-04-14T08:50:00Z,0,2026-04-07T08:58:00Z
TX2-01619,2026-04-06T01:47:00Z,0,52.25,2026-04-06T01:47:00Z,49.8,2026-04-05T23:09:00Z,50.8,2026-04-06T01:43:00Z,3,2026-04-06T01:09:00Z,24.1,2026-04-06T10:38:00Z,0,2026-04-15T06:32:00Z,0,2026-04-07T19:23:00Z
TX2-01620,2026-04-06T02:27:00Z,0,19.55,2026-04-06T02:27:00Z,30.0,2026-04-05T21:26:00Z,21.6,2026-04-06T02:09:00Z,2,2026-04-06T01:43:00Z,34.6,2026-04-05T20:01:00Z,0,2026-04-15T23:01:00Z,2,2026-04-08T17:03:00Z
TX2-01621,2026-04-06T04:37:00Z,0,270.45,2026-04-06T04:37:00Z,69.2,2026-04-06T04:08:00Z,46.4,2026-04-06T04:14:00Z,2,2026-04-06T04:15:00Z,37.4,2026-04-05T16:39:00Z,0,2026-04-10T12:33:00Z,0,2026-04-07T10:47:00Z
TX2-01622,2026-04-06T05:05:00Z,0,56.42,2026-04-06T05:05:00Z,66.3,2026-04-06T00:09:00Z,35.4,2026-04-06T04:42:00Z,4,2026-04-06T04:32:00Z,17.6,2026-04-05T15:37:00Z,0,2026-04-12T21:38:00Z,0,2026-04-08T04:24:00Z
TX2-01623,2026-04-06T06:23:00Z,0,134.03,2026-04-06T06:23:00Z,57.6,2026-04-06T02:40:00Z,49.0,2026-04-06T05:57:00Z,4,2026-04-06T06:22:00Z,36.0,2026-04-06T03:08:00Z,0,2026-04-09T10:00:00Z,0,2026-04-07T23:57:00Z
TX2-01624,2026-04-06T06:31:00Z,0,85.48,2026-04-06T06:31:00Z,29.6,2026-04-06T05:41:00Z,41.5,2026-04-06T06:24:00Z,1,2026-04-06T05:35:00Z,34.2,2026-04-05T20:34:00Z,0,2026-04-11T22:42:00Z,0,2026-04-08T22:08:00Z
TX2-01625,2026-04-06T07:53:00Z,0,32.78,2026-04-06T07:53:00Z,64.6,2026-04-06T07:06:00Z,51.0,2026-04-06T07:23:00Z,1,2026-04-06T06:53:00Z,31.7,2026-04-05T16:26:00Z,0,2026-04-12T09:09:00Z,0,2026-04-07T11:42:00Z
TX2-01626,2026-04-06T07:59:00Z,0,24.58,2026-04-06T07:59:00Z,58.2,2026-04-06T06:48:00Z,34.3,2026-04-06T07:39:00Z,6,2026-04-06T07:33:00Z,29.2,2026-04-05T17:14:00Z,0,2026-04-15T00:28:00Z,1,2026-04-08T17:33:00Z
TX2-01627,2026-04-06T08:23:00Z,0,102.39,2026-04-06T08:23:00Z,48.6,2026-04-06T03:44:00Z,30.7,2026-04-06T08:17:00Z,6,2026-04-06T07:47:00Z,35.9,2026-04-05T21:44:00Z,0,2026-04-15T23:44:00Z,0,2026-04-08T02:30:00Z
TX2-01628,2026-04-06T08:58:00Z,0,179.35,2026-04-06T08:58:00Z,34.6,2026-04-06T06:32:00Z,48.2,2026-04-06T08:54:00Z,0,2026-04-06T08:57:00Z,25.8,2026-04-06T04:07:00Z,0,2026-04-09T17:57:00Z,0,2026-04-07T23:26:00Z
TX2-01629,2026-04-06T13:41:00Z,0,15.97,2026-04-06T13:41:00Z,31.8,2026-04-06T13:38:00Z,28.6,2026-04-06T13:20:00Z,3,2026-04-06T13:38:00Z,25.2,2026-04-06T04:00:00Z,0,2026-04-14T01:44:00Z,0,2026-04-09T02:52:00Z
TX2-01630,2026-04-06T16:12:00Z,0,42.86,2026-04-06T16:12:00Z,51.5,2026-04-06T13:16:00Z,25.4,2026-04-06T15:57:00Z,6,2026-04-06T15:15:00Z,41.5,2026-04-06T14:27:00Z,0,2026-04-12T23:43:00Z,0,2026-04-08T16:53:00Z
TX2-01631,2026-04-06T17:07:00Z,1,350.82,2026-04-06T17:07:00Z,36.3,2026-04-06T11:10:00Z,32.6,2026-04-06T16:49:00Z,5,2026-04-06T16:43:00Z,35.8,2026-04-06T02:26:00Z,1,2026-04-11T01:47:00Z,2,2026-04-07T22:57:00Z
TX2-01632,2026-04-06T18:25:00Z,0,45.09,2026-04-06T18:25:00Z,47.1,2026-04-06T14:08:00Z,23.1,2026-04-06T18:19:00Z,1,2026-04-06T17:57:00Z,34.2,2026-04-06T13:16:00Z,0,2026-04-12T02:56:00Z,0,2026-04-09T03:11:00Z
TX2-01633,2026-04-06T19:06:00Z,0,228.77,2026-04-06T19:06:00Z,44.1,2026-04-06T14:36:00Z,36.6,2026-04-06T19:02:00Z,1,2026-04-06T18:55:00Z,31.5,2026-04-07T02:12:00Z,0,2026-04-11T09:27:00Z,1,2026-04-07T20:49:00Z
TX2-01634,2026-04-06T20:58:00Z,0,395.52,2026-04-06T20:58:00Z,85.4,2026-04-06T19:57:00Z,47.2,2026-04-06T20:35:00Z,3,2026-04-06T20:01:00Z,40.3,2026-04-06T19:51:00Z,0,2026-04-10T16:08:00Z,0,2026-04-07T22:00:00Z
TX2-01635,2026-04-06T22:16:00Z,0,31.95,2026-04-06T22:16:00Z,37.6,2026-04-06T18:59:00Z,37.9,2026-04-06T21:53:00Z,1,2026-04-06T21:43:00Z,11.2,2026-04-07T01:16:00Z,0,2026-04-14T17:30:00Z,0,2026-04-09T02:07:00Z
TX2-01636,2026-04-06T22:53:00Z,0,52.17,2026-04-06T22:53:00Z,41.2,2026-04-06T22:31:00Z,51.9,2026-04-06T22:46:00Z,1,2026-04-06T22:39:00Z,24.2,2026-04-06T21:35:00Z,0,2026-04-10T18:49:00Z,0,2026-04-08T20:20:00Z
TX2-01637,2026-04-06T23:49:00Z,0,85.53,2026-04-06T23:49:00Z,47.3,2026-04-06T21:57:00Z,29.7,2026-04-06T23:31:00Z,2,2026-04-06T23:01:00Z,19.4,2026-04-06T21:27:00Z,0,2026-04-16T16:50:00Z,0,2026-04-08T08:17:00Z
TX2-01638,2026-04-07T03:30:00Z,0,43.95,2026-04-07T03:30:00Z,53.3,2026-04-07T02:18:00Z,33.0,2026-04-07T03:16:00Z,6,2026-04-07T02:57:00Z,24.3,2026-04-06T14:15:00Z,0,2026-04-17T01:16:00Z,0,2026-04-09T21:35:00Z
TX2-01639,2026-04-07T05:40:00Z,1,47.61,2026-04-07T05:40:00Z,46.8,2026-04-07T00:52:00Z,54.0,2026-04-07T05:32:00Z,0,2026-04-07T05:16:00Z,13.2,2026-04-07T04:11:00Z,1,2026-04-16T19:13:00Z,1,2026-04-09T13:17:00Z
TX2-01640,2026-04-07T05:54:00Z,0,27.64,2026-04-07T05:54:00Z,57.2,2026-04-07T02:35:00Z,47.5,2026-04-07T05:43:00Z,4,2026-04-07T05:25:00Z,30.3,2026-04-06T23:42:00Z,0,2026-04-10T14:57:00Z,0,2026-04-09T13:30:00Z
TX2-01641,2026-04-07T09:56:00Z,0,116.56,2026-04-07T09:56:00Z,57.2,2026-04-07T04:34:00Z,70.6,2026-04-07T09:38:00Z,1,2026-04-07T09:01:00Z,22.4,2026-04-06T17:59:00Z,0,2026-04-15T00:08:00Z,0,2026-04-09T21:39:00Z
TX2-01642,2026-04-07T10:33:00Z,0,80.44,2026-04-07T10:33:00Z,72.1,2026-04-07T07:00:00Z,29.8,2026-04-07T10:18:00Z,0,2026-04-07T09:39:00Z,26.5,2026-04-06T22:09:00Z,0,2026-04-10T22:09:00Z,0,2026-04-09T04:09:00Z
TX2-01643,2026-04-07T12:34:00Z,0,101.25,2026-04-07T12:34:00Z,62.5,2026-04-07T12:27:00Z,45.0,2026-04-07T12:12:00Z,6,2026-04-07T11:42:00Z,22.1,2026-04-07T02:58:00Z,0,2026-04-14T16:03:00Z,0,2026-04-09T03:57:00Z
TX2-01644,2026-04-07T14:54:00Z,0,27.46,2026-04-07T14:54:00Z,57.8,2026-04-07T13:01:00Z,42.4,2026-04-07T14:38:00Z,3,2026-04-07T14:00:00Z,38.1,2026-04-07T00:57:00Z,0,2026-04-16T18:45:00Z,0,2026-04-10T13:13:00Z
TX2-01645,2026-04-07T16:22:00Z,0,30.11,2026-04-07T16:22:00Z,77.6,2026-04-07T12:11:00Z,45.9,2026-04-07T16:17:00Z,3,2026-04-07T15:51:00Z,18.3,2026-04-06T20:29:00Z,0,2026-04-10T22:15:00Z,0,2026-04-10T06:16:00Z
TX2-01646,2026-04-07T18:08:00Z,0,127.64,2026-04-07T18:08:00Z,64.1,2026-04-07T13:53:00Z,57.2,2026-04-07T17:45:00Z,3,2026-04-07T17:20:00Z,22.4,2026-04-07T07:55:00Z,0,2026-04-11T16:26:00Z,0,2026-04-10T01:49:00Z
TX2-01647,2026-04-07T19:10:00Z,0,92.3,2026-04-07T19:10:00Z,40.7,2026-04-07T14:08:00Z,42.9,2026-04-07T18:54:00Z,2,2026-04-07T18:50:00Z,27.7,2026-04-07T07:53:00Z,0,2026-04-14T15:40:00Z,0,2026-04-09T13:25:00Z
TX2-01648,2026-04-07T19:17:00Z,0,117.21,2026-04-07T19:17:00Z,35.8,2026-04-07T13:37:00Z,46.0,2026-04-07T18:55:00Z,2,2026-04-07T18:19:00Z,17.0,2026-04-07T11:50:00Z,0,2026-04-15T09:01:00Z,0,2026-04-09T09:03:00Z
TX2-01649,2026-04-08T00:53:00Z,0,12.49,2026-04-08T00:53:00Z,76.8,2026-04-07T21:46:00Z,46.2,2026-04-08T00:49:00Z,2,2026-04-08T00:00:00Z,40.4,2026-04-07T11:10:00Z,0,2026-04-17T02:19:00Z,1,2026-04-10T16:52:00Z
TX2-01650,2026-04-08T02:49:00Z,0,107.83,2026-04-08T02:49:00Z,53.4,2026-04-08T01:42:00Z,28.1,2026-04-08T02:41:00Z,0,2026-04-08T02:38:00Z,27.3,2026-04-07T19:18:00Z,0,2026-04-12T09:12:00Z,0,2026-04-10T08:32:00Z
TX2-01651,2026-04-08T06:08:00Z,0,42.95,2026-04-08T06:08:00Z,67.8,2026-04-08T05:49:00Z,25.7,2026-04-08T05:54:00Z,3,2026-04-08T06:02:00Z,46.6,2026-04-07T17:37:00Z,0,2026-04-16T10:07:00Z,2,2026-04-10T14:04:00Z
TX2-01652,2026-04-08T07:46:00Z,0,37.44,2026-04-08T07:46:00Z,47.9,2026-04-08T07:19:00Z,40.1,2026-04-08T07:23:00Z,5,2026-04-08T06:47:00Z,26.3,2026-04-07T14:56:00Z,0,2026-04-15T16:58:00Z,0,2026-04-10T09:43:00Z
TX2-01653,2026-04-08T11:21:00Z,1,37.3,2026-04-08T11:21:00Z,36.2,2026-04-08T08:18:00Z,33.8,2026-04-08T11:20:00Z,3,2026-04-08T11:05:00Z,16.8,2026-04-08T00:22:00Z,1,2026-04-11T19:02:00Z,2,2026-04-09T18:06:00Z
TX2-01654,2026-04-08T14:15:00Z,1,182.03,2026-04-08T14:15:00Z,50.9,2026-04-08T10:38:00Z,41.5,2026-04-08T14:07:00Z,4,2026-04-08T13:28:00Z,26.7,2026-04-08T15:19:00Z,0,2026-04-12T03:51:00Z,0,2026-04-09T15:04:00Z
TX2-01655,2026-04-08T16:12:00Z,0,31.63,2026-04-08T16:12:00Z,56.9,2026-04-08T16:04:00Z,35.4,2026-04-08T15:43:00Z,5,2026-04-08T16:09:00Z,31.5,2026-04-08T12:44:00Z,0,2026-04-15T05:31:00Z,0,2026-04-10T06:50:00Z
TX2-01656,2026-04-08T17:04:00Z,0,10.57,2026-04-08T17:04:00Z,63.5,2026-04-08T12:10:00Z,32.1,2026-04-08T16:59:00Z,5,2026-04-08T16:13:00Z,34.4,2026-04-08T02:14:00Z,0,2026-04-18T13:58:00Z,2,2026-04-09T22:25:00Z
TX2-01657,2026-04-08T17:27:00Z,0,72.54,2026-04-08T17:27:00Z,44.6,2026-04-08T12:51:00Z,60.4,2026-04-08T17:00:00Z,3,2026-04-08T17:03:00Z,31.9,2026-04-08T01:18:00Z,0,2026-04-14T17:06:00Z,0,2026-04-11T05:09:00Z
TX2-01658,2026-04-08T17:56:00Z,1,87.17,2026-04-08T17:56:00Z,47.4,2026-04-08T16:15:00Z,47.2,2026-04-08T17:51:00Z,1,2026-04-08T17:01:00Z,41.5,2026-04-08T01:26:00Z,0,2026-04-15T08:04:00Z,2,2026-04-10T11:12:00Z
TX2-01659,2026-04-08T19:00:00Z,0,55.96,2026-04-08T19:00:00Z,49.6,2026-04-08T18:29:00Z,46.4,2026-04-08T18:52:00Z,4,2026-04-08T18:57:00Z,37.4,2026-04-08T01:03:00Z,0,2026-04-13T10:13:00Z,0,2026-04-10T18:55:00Z
TX2-01660,2026-04-08T19:41:00Z,0,268.2,2026-04-08T19:41:00Z,55.8,2026-04-08T13:50:00Z,44.1,2026-04-08T19:39:00Z,3,2026-04-08T18:58:00Z,25.7,2026-04-08T15:01:00Z,0,2026-04-18T18:58:00Z,0,2026-04-10T19:53:00Z
TX2-01661,2026-04-08T20:56:00Z,0,20.88,2026-04-08T20:56:00Z,70.6,2026-04-08T16:35:00Z,40.5,2026-04-08T20:29:00Z,5,2026-04-08T20:31:00Z,36.7,2026-04-08T13:04:00Z,0,2026-04-14T01:12:00Z,0,2026-04-10T23:43:00Z
TX2-01662,2026-04-08T22:39:00Z,0,20.09,2026-04-08T22:39:00Z,36.8,2026-04-08T20:44:00Z,22.3,2026-04-08T22:33:00Z,1,2026-04-08T22:37:00Z,15.5,2026-04-08T04:25:00Z,0,2026-04-17T16:57:00Z,0,2026-04-10T17:42:00Z
TX2-01663,2026-04-09T05:25:00Z,0,27.26,2026-04-09T05:25:00Z,48.1,2026-04-09T01:47:00Z,31.0,2026-04-09T04:58:00Z,1,2026-04-09T05:15:00Z,48.2,2026-04-08T13:57:00Z,0,2026-04-14T13:55:00Z,0,2026-04-11T18:58:00Z
TX2-01664,2026-04-09T06:03:00Z,0,52.87,2026-04-09T06:03:00Z,27.4,2026-04-09T02:40:00Z,35.1,2026-04-09T05:58:00Z,3,2026-04-09T05:07:00Z,44.0,2026-04-08T18:47:00Z,0,2026-04-13T13:46:00Z,1,2026-04-11T09:57:00Z
TX2-01665,2026-04-09T06:45:00Z,0,10.2,2026-04-09T06:45:00Z,57.1,2026-04-09T03:40:00Z,53.9,2026-04-09T06:26:00Z,2,2026-04-09T05:47:00Z,21.0,2026-04-08T18:14:00Z,0,2026-04-16T00:28:00Z,0,2026-04-10T20:31:00Z
TX2-01666,2026-04-09T07:28:00Z,0,43.82,2026-04-09T07:28:00Z,68.0,2026-04-09T05:52:00Z,39.4,2026-04-09T07:11:00Z,2,2026-04-09T06:56:00Z,27.4,2026-04-08T17:22:00Z,0,2026-04-18T22:18:00Z,0,2026-04-10T12:47:00Z
TX2-01667,2026-04-09T09:16:00Z,0,60.72,2026-04-09T09:16:00Z,44.8,2026-04-09T08:10:00Z,43.5,2026-04-09T09:11:00Z,1,2026-04-09T09:01:00Z,24.2,2026-04-09T01:10:00Z,0,2026-04-18T22:01:00Z,1,2026-04-11T09:19:00Z
TX2-01668,2026-04-09T12:10:00Z,0,42.21,2026-04-09T12:10:00Z,44.9,2026-04-09T06:59:00Z,41.7,2026-04-09T12:01:00Z,3,2026-04-09T11:54:00Z,33.8,2026-04-09T00:27:00Z,0,2026-04-13T15:16:00Z,0,2026-04-12T02:13:00Z
TX2-01669,2026-04-09T15:23:00Z,0,76.45,2026-04-09T15:23:00Z,51.9,2026-04-09T12:35:00Z,39.4,2026-04-09T15:00:00Z,0,2026-04-09T14:45:00Z,24.4,2026-04-09T18:02:00Z,0,2026-04-19T05:29:00Z,0,2026-04-10T20:00:00Z
TX2-01670,2026-04-09T15:42:00Z,0,70.16,2026-04-09T15:42:00Z,62.9,2026-04-09T14:38:00Z,58.5,2026-04-09T15:24:00Z,4,2026-04-09T15:16:00Z,32.7,2026-04-09T09:10:00Z,0,2026-04-13T11:41:00Z,0,2026-04-12T03:02:00Z
TX2-01671,2026-04-09T16:06:00Z,0,9.62,2026-04-09T16:06:00Z,55.0,2026-04-09T15:54:00Z,59.2,2026-04-09T16:03:00Z,3,2026-04-09T15:14:00Z,34.2,2026-04-09T20:02:00Z,0,2026-04-12T19:52:00Z,0,2026-04-10T19:19:00Z
TX2-01672,2026-04-09T16:15:00Z,0,43.66,2026-04-09T16:15:00Z,25.8,2026-04-09T11:16:00Z,41.7,2026-04-09T16:05:00Z,2,2026-04-09T15:20:00Z,15.4,2026-04-09T00:39:00Z,0,2026-04-17T11:25:00Z,0,2026-04-12T13:20:00Z
TX2-01673,2026-04-09T20:02:00Z,0,15.53,2026-04-09T20:02:00Z,47.0,2026-04-09T19:46:00Z,31.5,2026-04-09T20:01:00Z,0,2026-04-09T19:51:00Z,19.8,2026-04-09T09:35:00Z,0,2026-04-13T02:07:00Z,0,2026-04-12T08:44:00Z
TX2-01674,2026-04-09T20:16:00Z,0,174.93,2026-04-09T20:16:00Z,46.8,2026-04-09T19:31:00Z,40.0,2026-04-09T20:00:00Z,3,2026-04-09T19:32:00Z,20.4,2026-04-09T04:48:00Z,0,2026-04-19T14:03:00Z,0,2026-04-12T16:39:00Z
TX2-01675,2026-04-09T22:46:00Z,0,63.98,2026-04-09T22:46:00Z,33.0,2026-04-09T18:13:00Z,41.8,2026-04-09T22:32:00Z,3,2026-04-09T22:30:00Z,36.8,2026-04-09T03:02:00Z,0,2026-04-13T02:14:00Z,0,2026-04-12T04:12:00Z
TX2-01676,2026-04-09T23:23:00Z,0,136.25,2026-04-09T23:23:00Z,56.5,2026-04-09T19:03:00Z,52.1,2026-04-09T23:13:00Z,1,2026-04-09T22:57:00Z,27.9,2026-04-09T07:56:00Z,0,2026-04-17T19:26:00Z,0,2026-04-11T00:55:00Z
TX2-01677,2026-04-10T02:22:00Z,0,46.82,2026-04-10T02:22:00Z,67.1,2026-04-10T01:37:00Z,40.4,2026-04-10T02:16:00Z,4,2026-04-10T01:43:00Z,17.4,2026-04-09T15:44:00Z,0,2026-04-14T12:50:00Z,0,2026-04-11T22:04:00Z
TX2-01678,2026-04-10T02:49:00Z,0,4.84,2026-04-10T02:49:00Z,51.3,2026-04-10T00:44:00Z,41.2,2026-04-10T02:28:00Z,2,2026-04-10T02:35:00Z,35.9,2026-04-09T13:59:00Z,0,2026-04-14T06:42:00Z,0,2026-04-12T01:42:00Z
TX2-01679,2026-04-10T02:57:00Z,0,437.92,2026-04-10T02:57:00Z,58.1,2026-04-09T21:56:00Z,56.0,2026-04-10T02:44:00Z,4,2026-04-10T02:08:00Z,46.1,2026-04-09T15:45:00Z,0,2026-04-17T17:59:00Z,1,2026-04-11T13:57:00Z
TX2-01680,2026-04-10T03:47:00Z,0,166.08,2026-04-10T03:47:00Z,57.0,2026-04-10T02:09:00Z,58.7,2026-04-10T03:39:00Z,9,2026-04-10T03:38:00Z,22.2,2026-04-09T22:25:00Z,0,2026-04-14T07:38:00Z,0,2026-04-11T19:47:00Z
TX2-01681,2026-04-10T07:33:00Z,0,55.25,2026-04-10T07:33:00Z,60.6,2026-04-10T04:10:00Z,46.4,2026-04-10T07:30:00Z,1,2026-04-10T06:42:00Z,27.2,2026-04-10T00:45:00Z,0,2026-04-19T18:35:00Z,0,2026-04-12T02:14:00Z
TX2-01682,2026-04-10T07:42:00Z,0,77.7,2026-04-10T07:42:00Z,34.4,2026-04-10T04:26:00Z,53.0,2026-04-10T07:32:00Z,2,2026-04-10T06:51:00Z,28.7,2026-04-09T20:04:00Z,0,2026-04-13T09:29:00Z,0,2026-04-11T19:52:00Z
TX2-01683,2026-04-10T08:02:00Z,0,95.53,2026-04-10T08:02:00Z,52.6,2026-04-10T03:14:00Z,39.6,2026-04-10T07:51:00Z,6,2026-04-10T07:51:00Z,31.5,2026-04-09T19:08:00Z,0,2026-04-18T04:58:00Z,1,2026-04-11T09:34:00Z
TX2-01684,2026-04-10T08:20:00Z,0,120.45,2026-04-10T08:20:00Z,64.4,2026-04-10T04:12:00Z,54.2,2026-04-10T07:53:00Z,2,2026-04-10T08:11:00Z,30.9,2026-04-09T18:08:00Z,0,2026-04-14T03:42:00Z,0,2026-04-12T16:27:00Z
TX2-01685,2026-04-10T08:44:00Z,0,24.45,2026-04-10T08:44:00Z,37.4,2026-04-10T06:24:00Z,49.8,2026-04-10T08:16:00Z,3,2026-04-10T08:42:00Z,25.2,2026-04-10T05:41:00Z,0,2026-04-16T16:02:00Z,0,2026-04-11T12:01:00Z
TX2-01686,2026-04-10T10:24:00Z,0,84.32,2026-04-10T10:24:00Z,52.7,2026-04-10T04:51:00Z,37.2,2026-04-10T10:16:00Z,1,2026-04-10T09:57:00Z,34.1,2026-04-09T22:28:00Z,0,2026-04-16T14:48:00Z,0,2026-04-11T11:59:00Z
TX2-01687,2026-04-10T11:03:00Z,0,36.44,2026-04-10T11:03:00Z,60.0,2026-04-10T05:33:00Z,15.4,2026-04-10T10:53:00Z,1,2026-04-10T10:11:00Z,39.6,2026-04-09T17:41:00Z,0,2026-04-14T19:00:00Z,0,2026-04-12T13:35:00Z
TX2-01688,2026-04-10T12:25:00Z,0,33.06,2026-04-10T12:25:00Z,43.4,2026-04-10T08:30:00Z,37.4,2026-04-10T12:21:00Z,1,2026-04-10T11:45:00Z,22.8,2026-04-09T20:14:00Z,0,2026-04-16T18:07:00Z,0,2026-04-11T16:17:00Z
TX2-01689,2026-04-10T13:40:00Z,0,168.91,2026-04-10T13:40:00Z,27.9,2026-04-10T11:02:00Z,16.0,2026-04-10T13:37:00Z,1,2026-04-10T13:01:00Z,25.7,2026-04-10T17:35:00Z,0,2026-04-20T11:59:00Z,1,2026-04-11T16:57:00Z
TX2-01690,2026-04-10T15:23:00Z,0,143.62,2026-04-10T15:23:00Z,34.3,2026-04-10T09:38:00Z,30.3,2026-04-10T15:11:00Z,4,2026-04-10T14:30:00Z,30.8,2026-04-10T12:09:00Z,0,2026-04-14T17:50:00Z,0,2026-04-11T16:09:00Z
TX2-01691,2026-04-10T16:14:00Z,0,64.17,2026-04-10T16:14:00Z,34.4,2026-04-10T15:57:00Z,34.2,2026-04-10T15:57:00Z,1,2026-04-10T15:20:00Z,17.7,2026-04-11T00:35:00Z,0,2026-04-15T11:07:00Z,0,2026-04-12T06:49:00Z
TX2-01692,2026-04-10T17:18:00Z,0,51.68,2026-04-10T17:18:00Z,55.3,2026-04-10T13:47:00Z,54.4,2026-04-10T17:15:00Z,1,2026-04-10T16:23:00Z,20.7,2026-04-10T08:39:00Z,0,2026-04-18T13:30:00Z,0,2026-04-12T17:40:00Z
TX2-01693,2026-04-10T18:37:00Z,0,52.35,2026-04-10T18:37:00Z,40.7,2026-04-10T12:44:00Z,34.7,2026-04-10T18:36:00Z,1,2026-04-10T17:55:00Z,19.4,2026-04-10T16:53:00Z,0,2026-04-16T05:34:00Z,0,2026-04-12T17:39:00Z
TX2-01694,2026-04-10T20:31:00Z,0,78.86,2026-04-10T20:31:00Z,26.4,2026-04-10T19:10:00Z,25.2,2026-04-10T20:15:00Z,2,2026-04-10T19:49:00Z,19.7,2026-04-10T15:53:00Z,0,2026-04-18T19:16:00Z,0,2026-04-12T15:35:00Z
TX2-01695,2026-04-10T22:54:00Z,0,63.96,2026-04-10T22:54:00Z,66.2,2026-04-10T21:54:00Z,43.5,2026-04-10T22:46:00Z,5,2026-04-10T22:47:00Z,21.2,2026-04-10T08:58:00Z,0,2026-04-18T03:05:00Z,0,2026-04-12T20:18:00Z
TX2-01696,2026-04-10T23:06:00Z,0,59.5,2026-04-10T23:06:00Z,35.6,2026-04-10T22:05:00Z,39.0,2026-04-10T23:03:00Z,1,2026-04-10T22:51:00Z,16.9,2026-04-10T12:47:00Z,0,2026-04-20T04:10:00Z,0,2026-04-13T04:04:00Z
TX2-01697,2026-04-11T01:14:00Z,0,63.93,2026-04-11T01:14:00Z,50.0,2026-04-10T21:12:00Z,37.0,2026-04-11T00:57:00Z,2,2026-04-11T00:41:00Z,27.5,2026-04-10T21:38:00Z,0,2026-04-16T20:08:00Z,0,2026-04-12T04:44:00Z
TX2-01698,2026-04-11T02:25:00Z,0,87.94,2026-04-11T02:25:00Z,38.2,2026-04-10T22:25:00Z,37.4,2026-04-11T02:22:00Z,4,2026-04-11T02:23:00Z,32.9,2026-04-10T08:45:00Z,0,2026-04-14T22:27:00Z,1,2026-04-13T03:15:00Z
TX2-01699,2026-04-11T02:56:00Z,1,65.31,2026-04-11T02:56:00Z,70.5,2026-04-10T23:20:00Z,36.3,2026-04-11T02:54:00Z,2,2026-04-11T02:17:00Z,46.4,2026-04-10T23:44:00Z,1,2026-04-18T13:54:00Z,2,2026-04-13T10:17:00Z
TX2-01700,2026-04-11T03:51:00Z,0,60.83,2026-04-11T03:51:00Z,34.8,2026-04-11T03:02:00Z,34.5,2026-04-11T03:21:00Z,3,2026-04-11T03:18:00Z,24.3,2026-04-11T01:34:00Z,0,2026-04-16T03:16:00Z,0,2026-04-13T21:49:00Z
TX2-01701,2026-04-11T04:21:00Z,0,45.25,2026-04-11T04:21:00Z,50.6,2026-04-10T22:22:00Z,25.7,2026-04-11T03:53:00Z,3,2026-04-11T03:28:00Z,14.3,2026-04-10T20:05:00Z,0,2026-04-20T00:42:00Z,0,2026-04-13T13:53:00Z
TX2-01702,2026-04-11T05:45:00Z,0,61.64,2026-04-11T05:45:00Z,51.0,2026-04-11T01:14:00Z,41.7,2026-04-11T05:29:00Z,2,2026-04-11T05:32:00Z,34.3,2026-04-10T19:19:00Z,0,2026-04-16T19:24:00Z,0,2026-04-12T08:55:00Z
TX2-01703,2026-04-11T07:15:00Z,0,95.86,2026-04-11T07:15:00Z,78.8,2026-04-11T04:27:00Z,42.6,2026-04-11T06:45:00Z,5,2026-04-11T06:43:00Z,22.1,2026-04-10T11:50:00Z,0,2026-04-15T02:59:00Z,0,2026-04-13T03:13:00Z
TX2-01704,2026-04-11T07:57:00Z,0,71.64,2026-04-11T07:57:00Z,33.9,2026-04-11T06:04:00Z,31.7,2026-04-11T07:56:00Z,1,2026-04-11T07:13:00Z,28.7,2026-04-10T13:57:00Z,0,2026-04-17T13:59:00Z,0,2026-04-12T22:15:00Z
TX2-01705,2026-04-11T09:18:00Z,0,780.26,2026-04-11T09:18:00Z,59.9,2026-04-11T04:51:00Z,46.5,2026-04-11T08:56:00Z,1,2026-04-11T08:38:00Z,39.7,2026-04-10T19:13:00Z,0,2026-04-15T01:18:00Z,0,2026-04-13T21:25:00Z
TX2-01706,2026-04-11T16:27:00Z,0,10.96,2026-04-11T16:27:00Z,52.9,2026-04-11T14:36:00Z,54.3,2026-04-11T15:59:00Z,1,2026-04-11T15:28:00Z,16.7,2026-04-10T22:26:00Z,0,2026-04-16T01:17:00Z,0,2026-04-13T12:14:00Z
TX2-01707,2026-04-11T16:55:00Z,0,37.27,2026-04-11T16:55:00Z,45.3,2026-04-11T11:33:00Z,41.1,2026-04-11T16:25:00Z,4,2026-04-11T16:24:00Z,34.6,2026-04-11T09:34:00Z,0,2026-04-17T06:08:00Z,0,2026-04-12T17:50:00Z
TX2-01708,2026-04-11T18:14:00Z,0,286.83,2026-04-11T18:14:00Z,46.4,2026-04-11T15:14:00Z,38.3,2026-04-11T17:51:00Z,4,2026-04-11T17:35:00Z,28.7,2026-04-11T12:45:00Z,0,2026-04-19T13:19:00Z,0,2026-04-13T22:44:00Z
TX2-01709,2026-04-11T19:32:00Z,0,67.95,2026-04-11T19:32:00Z,49.2,2026-04-11T17:46:00Z,31.8,2026-04-11T19:31:00Z,0,2026-04-11T18:46:00Z,28.7,2026-04-11T13:54:00Z,0,2026-04-18T08:35:00Z,0,2026-04-14T00:06:00Z
TX2-01710,2026-04-11T20:18:00Z,0,62.4,2026-04-11T20:18:00Z,53.2,2026-04-11T14:27:00Z,23.0,2026-04-11T20:13:00Z,4,2026-04-11T20:07:00Z,36.8,2026-04-11T10:09:00Z,0,2026-04-21T18:59:00Z,0,2026-04-13T17:05:00Z
TX2-01711,2026-04-11T21:32:00Z,0,27.04,2026-04-11T21:32:00Z,53.7,2026-04-11T19:29:00Z,44.8,2026-04-11T21:22:00Z,3,2026-04-11T20:40:00Z,37.9,2026-04-12T06:19:00Z,0,2026-04-20T01:14:00Z,1,2026-04-13T17:31:00Z
TX2-01712,2026-04-11T21:37:00Z,0,42.02,2026-04-11T21:37:00Z,48.8,2026-04-11T21:08:00Z,28.5,2026-04-11T21:33:00Z,2,2026-04-11T21:30:00Z,21.0,2026-04-11T20:19:00Z,0,2026-04-19T06:28:00Z,1,2026-04-13T06:11:00Z
TX2-01713,2026-04-11T23:49:00Z,0,200.35,2026-04-11T23:49:00Z,60.7,2026-04-11T23:04:00Z,42.3,2026-04-11T23:25:00Z,1,2026-04-11T23:13:00Z,34.7,2026-04-11T09:13:00Z,0,2026-04-19T21:01:00Z,0,2026-04-13T12:38:00Z
TX2-01714,2026-04-12T00:13:00Z,0,128.94,2026-04-12T00:13:00Z,45.5,2026-04-11T23:08:00Z,38.7,2026-04-11T23:57:00Z,5,2026-04-11T23:39:00Z,36.4,2026-04-11T20:03:00Z,0,2026-04-20T03:49:00Z,0,2026-04-14T20:06:00Z
TX2-01715,2026-04-12T01:55:00Z,0,15.24,2026-04-12T01:55:00Z,48.2,2026-04-11T23:19:00Z,37.3,2026-04-12T01:35:00Z,2,2026-04-12T01:42:00Z,17.0,2026-04-11T08:07:00Z,0,2026-04-19T12:34:00Z,1,2026-04-14T18:57:00Z
TX2-01716,2026-04-12T02:15:00Z,1,207.69,2026-04-12T02:15:00Z,45.9,2026-04-12T02:06:00Z,36.0,2026-04-12T01:59:00Z,2,2026-04-12T01:38:00Z,34.8,2026-04-11T15:06:00Z,0,2026-04-15T21:41:00Z,2,2026-04-13T06:56:00Z
TX2-01717,2026-04-12T04:07:00Z,0,58.27,2026-04-12T04:07:00Z,42.9,2026-04-12T00:46:00Z,42.4,2026-04-12T03:39:00Z,1,2026-04-12T03:42:00Z,26.7,2026-04-11T23:36:00Z,0,2026-04-19T05:54:00Z,0,2026-04-14T15:18:00Z
TX2-01718,2026-04-12T04:36:00Z,0,26.97,2026-04-12T04:36:00Z,66.9,2026-04-11T22:59:00Z,48.1,2026-04-12T04:16:00Z,2,2026-04-12T03:52:00Z,36.7,2026-04-11T20:08:00Z,0,2026-04-15T13:23:00Z,0,2026-04-14T16:45:00Z
TX2-01719,2026-04-12T05:21:00Z,0,59.62,2026-04-12T05:21:00Z,58.4,2026-04-12T04:11:00Z,50.4,2026-04-12T04:58:00Z,3,2026-04-12T04:28:00Z,37.4,2026-04-11T16:32:00Z,0,2026-04-19T08:01:00Z,0,2026-04-14T23:55:00Z
TX2-01720,2026-04-12T07:28:00Z,0,59.52,2026-04-12T07:28:00Z,36.4,2026-04-12T05:08:00Z,55.0,2026-04-12T07:15:00Z,1,2026-04-12T07:19:00Z,38.1,2026-04-11T17:09:00Z,0,2026-04-17T14:50:00Z,0,2026-04-14T15:05:00Z
TX2-01721,2026-04-12T08:26:00Z,0,22.6,2026-04-12T08:26:00Z,48.1,2026-04-12T03:05:00Z,21.0,2026-04-12T08:12:00Z,3,2026-04-12T08:13:00Z,28.7,2026-04-12T14:48:00Z,0,2026-04-16T17:03:00Z,0,2026-04-14T15:38:00Z
TX2-01722,2026-04-12T08:57:00Z,0,66.87,2026-04-12T08:57:00Z,43.5,2026-04-12T07:10:00Z,35.9,2026-04-12T08:36:00Z,3,2026-04-12T08:24:00Z,21.2,2026-04-12T12:34:00Z,0,2026-04-20T17:14:00Z,0,2026-04-14T15:49:00Z
TX2-01723,2026-04-12T09:42:00Z,0,59.77,2026-04-12T09:42:00Z,65.4,2026-04-12T05:09:00Z,52.6,2026-04-12T09:35:00Z,1,2026-04-12T09:32:00Z,38.5,2026-04-12T06:01:00Z,0,2026-04-17T23:05:00Z,0,2026-04-14T17:35:00Z
TX2-01724,2026-04-12T09:51:00Z,0,72.73,2026-04-12T09:51:00Z,67.4,2026-04-12T07:53:00Z,28.9,2026-04-12T09:42:00Z,4,2026-04-12T09:40:00Z,41.8,2026-04-12T04:50:00Z,0,2026-04-15T23:49:00Z,0,2026-04-15T03:38:00Z
TX2-01725,2026-04-12T10:10:00Z,1,98.17,2026-04-12T10:10:00Z,40.4,2026-04-12T09:54:00Z,51.6,2026-04-12T09:48:00Z,3,2026-04-12T09:46:00Z,23.6,2026-04-12T07:03:00Z,1,2026-04-19T21:02:00Z,2,2026-04-14T06:13:00Z
TX2-01726,2026-04-12T10:32:00Z,0,56.18,2026-04-12T10:32:00Z,51.8,2026-04-12T06:17:00Z,37.3,2026-04-12T10:23:00Z,2,2026-04-12T09:35:00Z,35.8,2026-04-12T03:27:00Z,0,2026-04-17T01:09:00Z,0,2026-04-14T18:16:00Z
TX2-01727,2026-04-12T10:50:00Z,0,24.75,2026-04-12T10:50:00Z,63.1,2026-04-12T06:35:00Z,42.0,2026-04-12T10:30:00Z,2,2026-04-12T10:16:00Z,28.2,2026-04-11T22:08:00Z,0,2026-04-15T11:13:00Z,0,2026-04-14T19:44:00Z
TX2-01728,2026-04-12T11:26:00Z,0,101.11,2026-04-12T11:26:00Z,53.6,2026-04-12T08:19:00Z,29.5,2026-04-12T11:21:00Z,1,2026-04-12T11:15:00Z,34.8,2026-04-11T23:47:00Z,1,2026-04-20T18:55:00Z,0,2026-04-14T13:49:00Z
TX2-01729,2026-04-12T12:45:00Z,0,152.49,2026-04-12T12:45:00Z,42.3,2026-04-12T11:53:00Z,33.4,2026-04-12T12:42:00Z,1,2026-04-12T12:10:00Z,25.1,2026-04-12T06:59:00Z,0,2026-04-16T23:14:00Z,0,2026-04-14T03:20:00Z
TX2-01730,2026-04-12T14:05:00Z,0,107.84,2026-04-12T14:05:00Z,44.8,2026-04-12T09:50:00Z,36.3,2026-04-12T14:00:00Z,3,2026-04-12T13:38:00Z,39.8,2026-04-11T23:19:00Z,0,2026-04-18T00:51:00Z,0,2026-04-15T10:52:00Z
TX2-01731,2026-04-12T15:23:00Z,0,31.64,2026-04-12T15:23:00Z,46.6,2026-04-12T14:15:00Z,49.8,2026-04-12T14:55:00Z,2,2026-04-12T14:58:00Z,27.4,2026-04-11T20:02:00Z,0,2026-04-21T19:02:00Z,0,2026-04-14T13:30:00Z
TX2-01732,2026-04-12T17:17:00Z,0,40.37,2026-04-12T17:17:00Z,50.2,2026-04-12T16:07:00Z,43.1,2026-04-12T16:50:00Z,3,2026-04-12T16:23:00Z,27.6,2026-04-11T22:19:00Z,0,2026-04-20T13:59:00Z,0,2026-04-15T09:27:00Z
TX2-01733,2026-04-12T18:23:00Z,0,73.2,2026-04-12T18:23:00Z,63.4,2026-04-12T12:36:00Z,36.8,2026-04-12T18:16:00Z,2,2026-04-12T17:47:00Z,25.6,2026-04-12T09:28:00Z,0,2026-04-21T20:03:00Z,0,2026-04-14T07:54:00Z
TX2-01734,2026-04-12T22:40:00Z,0,25.66,2026-04-12T22:40:00Z,53.6,2026-04-12T18:12:00Z,30.9,2026-04-12T22:23:00Z,3,2026-04-12T21:43:00Z,41.7,2026-04-12T08:05:00Z,0,2026-04-18T22:41:00Z,0,2026-04-15T15:31:00Z
TX2-01735,2026-04-13T00:05:00Z,1,152.52,2026-04-13T00:05:00Z,59.8,2026-04-12T19:06:00Z,34.0,2026-04-12T23:45:00Z,4,2026-04-12T23:35:00Z,33.9,2026-04-13T01:14:00Z,1,2026-04-22T01:13:00Z,2,2026-04-15T02:29:00Z
TX2-01736,2026-04-13T02:43:00Z,0,112.51,2026-04-13T02:43:00Z,44.7,2026-04-12T21:49:00Z,40.8,2026-04-13T02:16:00Z,2,2026-04-13T02:31:00Z,25.3,2026-04-12T17:26:00Z,0,2026-04-16T10:44:00Z,1,2026-04-15T18:52:00Z
TX2-01737,2026-04-13T03:49:00Z,0,175.96,2026-04-13T03:49:00Z,66.4,2026-04-13T02:41:00Z,43.0,2026-04-13T03:44:00Z,2,2026-04-13T03:43:00Z,37.9,2026-04-12T17:09:00Z,0,2026-04-17T00:39:00Z,0,2026-04-14T12:42:00Z
TX2-01738,2026-04-13T05:01:00Z,0,62.46,2026-04-13T05:01:00Z,42.3,2026-04-13T01:19:00Z,55.6,2026-04-13T04:54:00Z,2,2026-04-13T04:04:00Z,31.5,2026-04-13T00:26:00Z,0,2026-04-21T21:40:00Z,1,2026-04-16T04:06:00Z
TX2-01739,2026-04-13T05:15:00Z,0,35.33,2026-04-13T05:15:00Z,62.1,2026-04-13T03:54:00Z,38.1,2026-04-13T04:59:00Z,4,2026-04-13T04:16:00Z,24.4,2026-04-12T18:02:00Z,0,2026-04-21T02:05:00Z,0,2026-04-15T02:23:00Z
TX2-01740,2026-04-13T05:38:00Z,1,57.89,2026-04-13T05:38:00Z,24.0,2026-04-13T00:51:00Z,38.7,2026-04-13T05:18:00Z,2,2026-04-13T05:32:00Z,37.3,2026-04-12T19:53:00Z,1,2026-04-19T05:02:00Z,2,2026-04-15T05:58:00Z
TX2-01741,2026-04-13T12:10:00Z,0,16.44,2026-04-13T12:10:00Z,32.9,2026-04-13T09:49:00Z,37.7,2026-04-13T12:00:00Z,3,2026-04-13T11:48:00Z,32.7,2026-04-12T17:39:00Z,0,2026-04-20T15:15:00Z,0,2026-04-15T01:43:00Z
TX2-01742,2026-04-13T13:13:00Z,0,37.51,2026-04-13T13:13:00Z,37.4,2026-04-13T11:08:00Z,49.9,2026-04-13T12:53:00Z,5,2026-04-13T12:34:00Z,24.5,2026-04-13T00:36:00Z,0,2026-04-21T14:35:00Z,1,2026-04-15T16:07:00Z
TX2-01743,2026-04-13T15:02:00Z,0,27.17,2026-04-13T15:02:00Z,55.6,2026-04-13T12:55:00Z,27.2,2026-04-13T14:50:00Z,2,2026-04-13T14:12:00Z,20.3,2026-04-12T22:08:00Z,0,2026-04-20T01:44:00Z,0,2026-04-15T19:02:00Z
TX2-01744,2026-04-13T15:09:00Z,0,90.45,2026-04-13T15:09:00Z,30.5,2026-04-13T10:57:00Z,36.2,2026-04-13T14:55:00Z,1,2026-04-13T14:17:00Z,36.8,2026-04-13T19:27:00Z,0,2026-04-17T16:42:00Z,0,2026-04-15T12:52:00Z
TX2-01745,2026-04-13T15:21:00Z,0,22.4,2026-04-13T15:21:00Z,49.2,2026-04-13T12:40:00Z,27.5,2026-04-13T14:55:00Z,2,2026-04-13T15:06:00Z,39.9,2026-04-13T09:18:00Z,0,2026-04-19T17:18:00Z,2,2026-04-15T08:51:00Z
TX2-01746,2026-04-14T00:43:00Z,0,58.09,2026-04-14T00:43:00Z,46.0,2026-04-13T21:56:00Z,38.9,2026-04-14T00:17:00Z,1,2026-04-13T23:44:00Z,34.7,2026-04-14T08:07:00Z,0,2026-04-22T10:26:00Z,0,2026-04-15T12:18:00Z
TX2-01747,2026-04-14T03:21:00Z,0,60.23,2026-04-14T03:21:00Z,57.7,2026-04-13T23:04:00Z,30.4,2026-04-14T03:16:00Z,1,2026-04-14T02:43:00Z,35.4,2026-04-13T09:13:00Z,0,2026-04-20T14:13:00Z,0,2026-04-15T18:48:00Z
TX2-01748,2026-04-14T03:43:00Z,0,73.6,2026-04-14T03:43:00Z,50.8,2026-04-14T03:29:00Z,24.7,2026-04-14T03:22:00Z,3,2026-04-14T03:09:00Z,24.1,2026-04-13T23:05:00Z,0,2026-04-20T17:32:00Z,0,2026-04-16T04:07:00Z
TX2-01749,2026-04-14T04:25:00Z,0,74.37,2026-04-14T04:25:00Z,73.3,2026-04-14T01:04:00Z,22.7,2026-04-14T04:20:00Z,6,2026-04-14T04:23:00Z,31.3,2026-04-13T18:56:00Z,0,2026-04-23T03:13:00Z,0,2026-04-15T12:09:00Z
TX2-01750,2026-04-14T06:18:00Z,0,261.18,2026-04-14T06:18:00Z,48.8,2026-04-14T02:13:00Z,47.6,2026-04-14T06:08:00Z,0,2026-04-14T05:54:00Z,24.2,2026-04-13T18:51:00Z,0,2026-04-20T20:41:00Z,0,2026-04-15T21:57:00Z
TX2-01751,2026-04-14T07:30:00Z,0,36.25,2026-04-14T07:30:00Z,62.0,2026-04-14T05:34:00Z,39.7,2026-04-14T07:23:00Z,2,2026-04-14T07:27:00Z,30.5,2026-04-13T22:31:00Z,0,2026-04-18T23:34:00Z,0,2026-04-16T13:37:00Z
TX2-01752,2026-04-14T08:52:00Z,0,89.53,2026-04-14T08:52:00Z,40.8,2026-04-14T06:56:00Z,32.2,2026-04-14T08:40:00Z,5,2026-04-14T07:57:00Z,43.3,2026-04-14T01:20:00Z,0,2026-04-21T15:52:00Z,0,2026-04-17T07:05:00Z
TX2-01753,2026-04-14T09:59:00Z,0,37.81,2026-04-14T09:59:00Z,58.4,2026-04-14T04:35:00Z,40.9,2026-04-14T09:37:00Z,2,2026-04-14T09:30:00Z,32.4,2026-04-13T18:39:00Z,0,2026-04-19T23:58:00Z,0,2026-04-17T02:17:00Z
TX2-01754,2026-04-14T11:50:00Z,1,27.94,2026-04-14T11:50:00Z,56.6,2026-04-14T10:42:00Z,39.6,2026-04-14T11:39:00Z,5,2026-04-14T11:46:00Z,40.1,2026-04-14T01:39:00Z,1,2026-04-17T15:42:00Z,2,2026-04-16T02:14:00Z
TX2-01755,2026-04-14T12:40:00Z,0,86.65,2026-04-14T12:40:00Z,64.1,2026-04-14T11:46:00Z,52.2,2026-04-14T12:31:00Z,0,2026-04-14T12:09:00Z,33.1,2026-04-14T16:59:00Z,0,2026-04-19T05:08:00Z,0,2026-04-15T23:21:00Z
TX2-01756,2026-04-14T14:31:00Z,0,77.67,2026-04-14T14:31:00Z,50.7,2026-04-14T10:26:00Z,25.5,2026-04-14T14:07:00Z,1,2026-04-14T13:32:00Z,23.8,2026-04-14T21:44:00Z,0,2026-04-21T22:28:00Z,0,2026-04-16T06:26:00Z
TX2-01757,2026-04-14T15:43:00Z,0,125.22,2026-04-14T15:43:00Z,49.4,2026-04-14T14:56:00Z,30.1,2026-04-14T15:22:00Z,0,2026-04-14T14:43:00Z,32.6,2026-04-13T21:29:00Z,0,2026-04-23T06:23:00Z,0,2026-04-15T18:40:00Z
TX2-01758,2026-04-14T19:15:00Z,0,31.8,2026-04-14T19:15:00Z,55.0,2026-04-14T15:45:00Z,28.3,2026-04-14T19:10:00Z,1,2026-04-14T18:45:00Z,33.8,2026-04-14T03:18:00Z,0,2026-04-23T02:16:00Z,0,2026-04-16T00:17:00Z
TX2-01759,2026-04-14T20:46:00Z,0,68.02,2026-04-14T20:46:00Z,58.5,2026-04-14T18:05:00Z,54.1,2026-04-14T20:33:00Z,1,2026-04-14T20:18:00Z,24.7,2026-04-14T19:09:00Z,0,2026-04-23T01:20:00Z,0,2026-04-16T22:21:00Z
TX2-01760,2026-04-15T00:21:00Z,0,118.45,2026-04-15T00:21:00Z,52.8,2026-04-14T22:43:00Z,33.4,2026-04-15T00:14:00Z,0,2026-04-15T00:11:00Z,20.3,2026-04-14T07:38:00Z,0,2026-04-19T01:30:00Z,0,2026-04-17T07:06:00Z
TX2-01761,2026-04-15T00:47:00Z,0,106.54,2026-04-15T00:47:00Z,46.2,2026-04-14T23:30:00Z,33.0,2026-04-15T00:45:00Z,3,2026-04-15T00:03:00Z,51.4,2026-04-14T15:02:00Z,0,2026-04-24T12:09:00Z,0,2026-04-16T03:20:00Z
TX2-01762,2026-04-15T01:38:00Z,0,35.39,2026-04-15T01:38:00Z,35.5,2026-04-14T23:43:00Z,31.9,2026-04-15T01:28:00Z,0,2026-04-15T01:30:00Z,38.1,2026-04-14T23:30:00Z,0,2026-04-21T22:11:00Z,0,2026-04-17T17:37:00Z
TX2-01763,2026-04-15T02:29:00Z,0,41.21,2026-04-15T02:29:00Z,40.7,2026-04-14T22:56:00Z,30.9,2026-04-15T02:18:00Z,2,2026-04-15T01:48:00Z,22.3,2026-04-14T18:04:00Z,0,2026-04-22T18:48:00Z,0,2026-04-18T00:13:00Z
TX2-01764,2026-04-15T03:06:00Z,0,262.7,2026-04-15T03:06:00Z,59.1,2026-04-14T23:09:00Z,32.7,2026-04-15T02:50:00Z,3,2026-04-15T02:32:00Z,31.7,2026-04-14T22:38:00Z,0,2026-04-18T17:58:00Z,0,2026-04-17T17:56:00Z
TX2-01765,2026-04-15T03:22:00Z,0,41.6,2026-04-15T03:22:00Z,51.0,2026-04-15T02:18:00Z,31.3,2026-04-15T03:06:00Z,3,2026-04-15T02:22:00Z,35.5,2026-04-14T07:53:00Z,0,2026-04-20T08:57:00Z,0,2026-04-17T04:47:00Z
TX2-01766,2026-04-15T06:09:00Z,0,77.28,2026-04-15T06:09:00Z,40.7,2026-04-15T05:29:00Z,47.8,2026-04-15T05:44:00Z,1,2026-04-15T05:22:00Z,40.0,2026-04-14T12:59:00Z,0,2026-04-19T06:44:00Z,0,2026-04-18T01:45:00Z
TX2-01767,2026-04-15T06:34:00Z,0,35.96,2026-04-15T06:34:00Z,68.4,2026-04-15T03:36:00Z,50.7,2026-04-15T06:05:00Z,4,2026-04-15T05:54:00Z,24.3,2026-04-14T13:53:00Z,0,2026-04-22T22:07:00Z,1,2026-04-18T00:26:00Z
TX2-01768,2026-04-15T06:50:00Z,0,29.3,2026-04-15T06:50:00Z,44.2,2026-04-15T01:03:00Z,49.7,2026-04-15T06:44:00Z,5,2026-04-15T06:40:00Z,30.0,2026-04-14T10:55:00Z,0,2026-04-24T02:50:00Z,0,2026-04-17T23:00:00Z
TX2-01769,2026-04-15T10:01:00Z,0,27.91,2026-04-15T10:01:00Z,43.8,2026-04-15T08:11:00Z,44.3,2026-04-15T09:33:00Z,1,2026-04-15T09:25:00Z,35.9,2026-04-15T04:15:00Z,0,2026-04-22T09:23:00Z,0,2026-04-18T05:03:00Z
TX2-01770,2026-04-15T11:17:00Z,0,101.97,2026-04-15T11:17:00Z,46.4,2026-04-15T05:34:00Z,34.4,2026-04-15T10:56:00Z,2,2026-04-15T10:32:00Z,31.5,2026-04-14T18:32:00Z,0,2026-04-23T09:22:00Z,0,2026-04-16T20:54:00Z
TX2-01771,2026-04-15T14:29:00Z,0,11.02,2026-04-15T14:29:00Z,48.7,2026-04-15T08:35:00Z,49.8,2026-04-15T14:07:00Z,2,2026-04-15T13:51:00Z,13.6,2026-04-15T03:05:00Z,0,2026-04-24T10:59:00Z,0,2026-04-17T22:54:00Z
TX2-01772,2026-04-15T18:12:00Z,0,24.08,2026-04-15T18:12:00Z,48.7,2026-04-15T17:40:00Z,33.0,2026-04-15T18:05:00Z,4,2026-04-15T18:10:00Z,30.2,2026-04-15T06:18:00Z,0,2026-04-20T19:57:00Z,1,2026-04-18T17:06:00Z
TX2-01773,2026-04-15T20:00:00Z,0,41.96,2026-04-15T20:00:00Z,62.3,2026-04-15T14:09:00Z,26.4,2026-04-15T19:40:00Z,1,2026-04-15T19:16:00Z,34.1,2026-04-16T04:34:00Z,0,2026-04-24T09:22:00Z,0,2026-04-17T23:51:00Z
TX2-01774,2026-04-15T20:02:00Z,0,46.98,2026-04-15T20:02:00Z,34.2,2026-04-15T15:18:00Z,37.2,2026-04-15T19:49:00Z,2,2026-04-15T19:05:00Z,32.2,2026-04-16T04:44:00Z,0,2026-04-24T04:46:00Z,0,2026-04-18T08:10:00Z
TX2-01775,2026-04-15T20:24:00Z,0,48.14,2026-04-15T20:24:00Z,55.1,2026-04-15T19:08:00Z,36.4,2026-04-15T20:23:00Z,3,2026-04-15T19:31:00Z,19.4,2026-04-15T16:38:00Z,0,2026-04-20T13:17:00Z,0,2026-04-17T09:47:00Z
TX2-01776,2026-04-15T22:32:00Z,0,41.33,2026-04-15T22:32:00Z,30.4,2026-04-15T20:22:00Z,51.1,2026-04-15T22:28:00Z,0,2026-04-15T22:06:00Z,44.3,2026-04-15T05:18:00Z,0,2026-04-25T16:23:00Z,0,2026-04-18T05:43:00Z
TX2-01777,2026-04-15T22:40:00Z,0,59.61,2026-04-15T22:40:00Z,37.3,2026-04-15T17:56:00Z,29.6,2026-04-15T22:30:00Z,1,2026-04-15T22:22:00Z,33.4,2026-04-15T15:13:00Z,0,2026-04-22T00:06:00Z,0,2026-04-18T15:46:00Z
TX2-01778,2026-04-16T00:10:00Z,0,22.54,2026-04-16T00:10:00Z,29.5,2026-04-15T19:41:00Z,57.6,2026-04-15T23:45:00Z,2,2026-04-15T23:38:00Z,41.6,2026-04-15T08:12:00Z,0,2026-04-22T12:27:00Z,0,2026-04-18T02:37:00Z
TX2-01779,2026-04-16T00:27:00Z,0,42.22,2026-04-16T00:27:00Z,49.9,2026-04-15T23:04:00Z,20.3,2026-04-16T00:00:00Z,1,2026-04-15T23:41:00Z,24.7,2026-04-15T17:18:00Z,0,2026-04-22T02:31:00Z,0,2026-04-18T14:55:00Z
TX2-01780,2026-04-16T01:36:00Z,1,73.63,2026-04-16T01:36:00Z,38.9,2026-04-16T00:58:00Z,51.2,2026-04-16T01:35:00Z,3,2026-04-16T00:47:00Z,24.7,2026-04-15T10:56:00Z,1,2026-04-22T21:34:00Z,2,2026-04-17T06:57:00Z
TX2-01781,2026-04-16T03:13:00Z,0,107.32,2026-04-16T03:13:00Z,44.0,2026-04-15T23:45:00Z,16.3,2026-04-16T03:02:00Z,3,2026-04-16T02:39:00Z,34.2,2026-04-16T01:29:00Z,0,2026-04-20T01:07:00Z,0,2026-04-17T21:13:00Z
TX2-01782,2026-04-16T07:15:00Z,0,79.68,2026-04-16T07:15:00Z,41.9,2026-04-16T03:56:00Z,47.8,2026-04-16T07:11:00Z,2,2026-04-16T06:21:00Z,30.8,2026-04-15T17:19:00Z,0,2026-04-26T03:26:00Z,0,2026-04-17T19:40:00Z
TX2-01783,2026-04-16T09:18:00Z,0,108.6,2026-04-16T09:18:00Z,78.4,2026-04-16T06:03:00Z,46.4,2026-04-16T08:50:00Z,5,2026-04-16T08:47:00Z,47.1,2026-04-15T17:03:00Z,0,2026-04-20T20:23:00Z,0,2026-04-17T11:44:00Z
TX2-01784,2026-04-16T13:12:00Z,0,26.16,2026-04-16T13:12:00Z,64.5,2026-04-16T09:58:00Z,43.0,2026-04-16T12:57:00Z,3,2026-04-16T12:27:00Z,38.1,2026-04-16T09:59:00Z,0,2026-04-21T01:07:00Z,0,2026-04-18T09:46:00Z
TX2-01785,2026-04-16T13:45:00Z,0,24.11,2026-04-16T13:45:00Z,55.1,2026-04-16T08:32:00Z,49.8,2026-04-16T13:35:00Z,1,2026-04-16T13:21:00Z,24.9,2026-04-16T09:07:00Z,0,2026-04-21T01:04:00Z,0,2026-04-18T20:51:00Z
TX2-01786,2026-04-16T14:22:00Z,0,79.97,2026-04-16T14:22:00Z,46.0,2026-04-16T09:34:00Z,62.0,2026-04-16T14:05:00Z,7,2026-04-16T13:25:00Z,26.1,2026-04-16T01:31:00Z,0,2026-04-23T00:02:00Z,0,2026-04-18T07:05:00Z
TX2-01787,2026-04-16T14:27:00Z,0,44.98,2026-04-16T14:27:00Z,33.7,2026-04-16T09:13:00Z,46.6,2026-04-16T14:09:00Z,3,2026-04-16T14:00:00Z,31.1,2026-04-15T20:58:00Z,1,2026-04-24T10:13:00Z,0,2026-04-19T10:01:00Z
TX2-01788,2026-04-16T18:16:00Z,0,69.55,2026-04-16T18:16:00Z,30.4,2026-04-16T13:46:00Z,47.0,2026-04-16T18:04:00Z,7,2026-04-16T18:14:00Z,36.6,2026-04-16T05:58:00Z,0,2026-04-23T23:24:00Z,0,2026-04-19T01:44:00Z
TX2-01789,2026-04-16T19:19:00Z,0,50.54,2026-04-16T19:19:00Z,39.3,2026-04-16T15:20:00Z,30.6,2026-04-16T19:10:00Z,2,2026-04-16T18:39:00Z,27.0,2026-04-17T01:10:00Z,0,2026-04-25T00:53:00Z,1,2026-04-18T09:05:00Z
TX2-01790,2026-04-16T22:17:00Z,0,108.74,2026-04-16T22:17:00Z,55.2,2026-04-16T20:07:00Z,28.4,2026-04-16T22:08:00Z,3,2026-04-16T21:38:00Z,28.8,2026-04-16T21:01:00Z,0,2026-04-23T02:38:00Z,0,2026-04-18T17:40:00Z
TX2-01791,2026-04-16T22:25:00Z,0,60.84,2026-04-16T22:25:00Z,40.1,2026-04-16T17:19:00Z,36.6,2026-04-16T22:15:00Z,3,2026-04-16T21:39:00Z,36.1,2026-04-16T18:05:00Z,0,2026-04-24T15:42:00Z,0,2026-04-19T21:59:00Z
TX2-01792,2026-04-16T23:47:00Z,0,29.17,2026-04-16T23:47:00Z,59.7,2026-04-16T17:54:00Z,21.6,2026-04-16T23:36:00Z,4,2026-04-16T22:57:00Z,32.3,2026-04-17T00:51:00Z,0,2026-04-22T13:03:00Z,0,2026-04-18T07:32:00Z
TX2-01793,2026-04-17T00:05:00Z,0,11.47,2026-04-17T00:05:00Z,53.3,2026-04-16T19:42:00Z,41.3,2026-04-16T23:46:00Z,2,2026-04-16T23:10:00Z,21.1,2026-04-16T19:04:00Z,0,2026-04-25T05:21:00Z,0,2026-04-18T06:11:00Z
TX2-01794,2026-04-17T02:36:00Z,0,18.95,2026-04-17T02:36:00Z,51.1,2026-04-17T02:33:00Z,44.1,2026-04-17T02:33:00Z,2,2026-04-17T01:55:00Z,17.7,2026-04-16T15:35:00Z,0,2026-04-25T15:49:00Z,0,2026-04-18T20:33:00Z
TX2-01795,2026-04-17T04:07:00Z,0,38.15,2026-04-17T04:07:00Z,45.8,2026-04-17T02:42:00Z,37.5,2026-04-17T04:05:00Z,1,2026-04-17T03:58:00Z,33.9,2026-04-16T22:11:00Z,0,2026-04-23T11:52:00Z,0,2026-04-19T22:47:00Z
TX2-01796,2026-04-17T05:16:00Z,0,19.83,2026-04-17T05:16:00Z,62.1,2026-04-16T23:59:00Z,25.9,2026-04-17T05:14:00Z,2,2026-04-17T04:35:00Z,28.1,2026-04-16T20:55:00Z,0,2026-04-21T18:53:00Z,0,2026-04-20T02:46:00Z
TX2-01797,2026-04-17T06:47:00Z,0,51.87,2026-04-17T06:47:00Z,47.3,2026-04-17T03:58:00Z,31.3,2026-04-17T06:33:00Z,0,2026-04-17T06:13:00Z,34.4,2026-04-16T17:32:00Z,0,2026-04-25T04:37:00Z,0,2026-04-19T21:36:00Z
TX2-01798,2026-04-17T08:06:00Z,0,123.24,2026-04-17T08:06:00Z,45.0,2026-04-17T05:34:00Z,32.1,2026-04-17T07:37:00Z,5,2026-04-17T07:30:00Z,17.5,2026-04-16T12:57:00Z,0,2026-04-26T11:32:00Z,0,2026-04-20T07:17:00Z
TX2-01799,2026-04-17T08:07:00Z,0,148.63,2026-04-17T08:07:00Z,50.9,2026-04-17T05:34:00Z,44.6,2026-04-17T07:41:00Z,0,2026-04-17T07:48:00Z,26.4,2026-04-16T14:51:00Z,0,2026-04-22T20:32:00Z,0,2026-04-19T05:52:00Z
TX2-01800,2026-04-17T08:59:00Z,0,119.13,2026-04-17T08:59:00Z,45.2,2026-04-17T06:05:00Z,31.8,2026-04-17T08:42:00Z,6,2026-04-17T08:12:00Z,22.1,2026-04-16T18:42:00Z,0,2026-04-21T02:06:00Z,0,2026-04-19T21:40:00Z
TX2-01801,2026-04-17T09:58:00Z,0,112.44,2026-04-17T09:58:00Z,44.7,2026-04-17T07:32:00Z,46.0,2026-04-17T09:39:00Z,2,2026-04-17T09:02:00Z,29.8,2026-04-17T07:18:00Z,0,2026-04-25T00:55:00Z,0,2026-04-19T13:35:00Z
TX2-01802,2026-04-17T11:14:00Z,0,25.26,2026-04-17T11:14:00Z,63.4,2026-04-17T09:24:00Z,49.6,2026-04-17T10:47:00Z,1,2026-04-17T10:27:00Z,35.5,2026-04-17T17:41:00Z,0,2026-04-24T19:29:00Z,0,2026-04-19T05:52:00Z
TX2-01803,2026-04-17T11:26:00Z,0,259.33,2026-04-17T11:26:00Z,65.4,2026-04-17T06:49:00Z,23.4,2026-04-17T11:08:00Z,0,2026-04-17T11:23:00Z,24.4,2026-04-17T09:21:00Z,0,2026-04-25T10:40:00Z,1,2026-04-19T13:05:00Z
TX2-01804,2026-04-17T12:59:00Z,0,49.93,2026-04-17T12:59:00Z,51.6,2026-04-17T07:56:00Z,37.3,2026-04-17T12:30:00Z,2,2026-04-17T12:44:00Z,36.9,2026-04-16T23:52:00Z,0,2026-04-21T10:21:00Z,0,2026-04-18T21:31:00Z
TX2-01805,2026-04-17T13:25:00Z,0,71.05,2026-04-17T13:25:00Z,64.6,2026-04-17T12:09:00Z,33.0,2026-04-17T13:16:00Z,2,2026-04-17T13:03:00Z,32.1,2026-04-16T23:41:00Z,0,2026-04-20T20:57:00Z,1,2026-04-18T14:01:00Z
TX2-01806,2026-04-17T16:33:00Z,0,127.24,2026-04-17T16:33:00Z,44.4,2026-04-17T11:15:00Z,55.5,2026-04-17T16:16:00Z,5,2026-04-17T16:29:00Z,35.6,2026-04-17T00:52:00Z,0,2026-04-25T10:07:00Z,0,2026-04-20T10:26:00Z
TX2-01807,2026-04-17T17:06:00Z,0,354.09,2026-04-17T17:06:00Z,39.4,2026-04-17T12:11:00Z,13.0,2026-04-17T16:59:00Z,2,2026-04-17T16:17:00Z,24.6,2026-04-17T07:29:00Z,0,2026-04-23T10:42:00Z,0,2026-04-19T09:30:00Z
TX2-01808,2026-04-17T18:40:00Z,0,51.91,2026-04-17T18:40:00Z,53.5,2026-04-17T12:49:00Z,41.8,2026-04-17T18:24:00Z,2,2026-04-17T18:05:00Z,31.4,2026-04-17T01:45:00Z,0,2026-04-22T20:50:00Z,0,2026-04-19T00:28:00Z
TX2-01809,2026-04-17T19:05:00Z,1,127.18,2026-04-17T19:05:00Z,63.4,2026-04-17T16:32:00Z,40.8,2026-04-17T18:52:00Z,0,2026-04-17T18:08:00Z,25.7,2026-04-17T08:29:00Z,1,2026-04-21T05:21:00Z,2,2026-04-19T18:54:00Z
TX2-01810,2026-04-17T21:43:00Z,0,55.44,2026-04-17T21:43:00Z,66.1,2026-04-17T17:05:00Z,45.8,2026-04-17T21:14:00Z,0,2026-04-17T20:47:00Z,26.9,2026-04-17T07:48:00Z,0,2026-04-23T23:42:00Z,0,2026-04-18T21:55:00Z
TX2-01811,2026-04-17T21:43:00Z,0,29.7,2026-04-17T21:43:00Z,58.2,2026-04-17T17:44:00Z,33.5,2026-04-17T21:41:00Z,0,2026-04-17T21:04:00Z,41.8,2026-04-17T07:53:00Z,0,2026-04-26T11:41:00Z,0,2026-04-20T20:13:00Z
TX2-01812,2026-04-17T21:50:00Z,0,35.05,2026-04-17T21:50:00Z,56.3,2026-04-17T17:30:00Z,47.8,2026-04-17T21:38:00Z,4,2026-04-17T21:10:00Z,35.9,2026-04-17T05:03:00Z,0,2026-04-21T03:11:00Z,0,2026-04-18T22:40:00Z
TX2-01813,2026-04-17T22:03:00Z,0,42.14,2026-04-17T22:03:00Z,58.2,2026-04-17T18:39:00Z,25.1,2026-04-17T21:40:00Z,2,2026-04-17T21:12:00Z,25.6,2026-04-17T12:11:00Z,0,2026-04-22T06:39:00Z,0,2026-04-19T12:23:00Z
TX2-01814,2026-04-17T22:48:00Z,0,77.32,2026-04-17T22:48:00Z,48.3,2026-04-17T17:03:00Z,37.1,2026-04-17T22:42:00Z,5,2026-04-17T22:07:00Z,40.8,2026-04-17T20:15:00Z,0,2026-04-27T11:29:00Z,0,2026-04-19T11:03:00Z
TX2-01815,2026-04-17T23:23:00Z,0,67.36,2026-04-17T23:23:00Z,60.6,2026-04-17T20:08:00Z,33.2,2026-04-17T22:54:00Z,2,2026-04-17T23:17:00Z,40.7,2026-04-17T07:02:00Z,0,2026-04-26T00:33:00Z,0,2026-04-20T01:39:00Z
TX2-01816,2026-04-18T00:43:00Z,0,18.32,2026-04-18T00:43:00Z,58.6,2026-04-17T22:19:00Z,39.9,2026-04-18T00:16:00Z,1,2026-04-18T00:16:00Z,18.6,2026-04-17T18:26:00Z,0,2026-04-21T03:44:00Z,1,2026-04-19T08:14:00Z
TX2-01817,2026-04-18T02:55:00Z,0,28.76,2026-04-18T02:55:00Z,47.5,2026-04-18T02:44:00Z,34.7,2026-04-18T02:35:00Z,1,2026-04-18T02:28:00Z,34.9,2026-04-18T06:49:00Z,0,2026-04-27T20:49:00Z,0,2026-04-19T17:53:00Z
TX2-01818,2026-04-18T03:07:00Z,0,137.88,2026-04-18T03:07:00Z,66.3,2026-04-17T22:25:00Z,38.4,2026-04-18T02:48:00Z,3,2026-04-18T02:39:00Z,21.0,2026-04-18T11:04:00Z,0,2026-04-24T08:35:00Z,0,2026-04-20T23:57:00Z
TX2-01819,2026-04-18T03:22:00Z,1,71.65,2026-04-18T03:22:00Z,43.1,2026-04-17T22:05:00Z,38.5,2026-04-18T02:59:00Z,2,2026-04-18T02:39:00Z,18.2,2026-04-17T14:43:00Z,0,2026-04-27T11:40:00Z,1,2026-04-21T02:10:00Z
TX2-01820,2026-04-18T03:23:00Z,0,138.45,2026-04-18T03:23:00Z,66.5,2026-04-18T00:03:00Z,56.4,2026-04-18T03:21:00Z,1,2026-04-18T02:59:00Z,33.6,2026-04-17T09:51:00Z,0,2026-04-22T03:52:00Z,0,2026-04-21T02:32:00Z
TX2-01821,2026-04-18T04:30:00Z,0,138.59,2026-04-18T04:30:00Z,24.8,2026-04-18T02:33:00Z,32.2,2026-04-18T04:22:00Z,6,2026-04-18T04:07:00Z,38.6,2026-04-17T21:11:00Z,0,2026-04-26T04:24:00Z,1,2026-04-21T02:03:00Z
TX2-01822,2026-04-18T07:15:00Z,0,22.86,2026-04-18T07:15:00Z,44.9,2026-04-18T01:19:00Z,16.7,2026-04-18T06:55:00Z,2,2026-04-18T06:20:00Z,33.0,2026-04-18T02:10:00Z,0,2026-04-21T12:49:00Z,1,2026-04-19T08:34:00Z
TX2-01823,2026-04-18T11:23:00Z,0,37.27,2026-04-18T11:23:00Z,39.0,2026-04-18T09:54:00Z,12.5,2026-04-18T11:04:00Z,2,2026-04-18T10:25:00Z,18.1,2026-04-18T04:46:00Z,0,2026-04-27T21:04:00Z,0,2026-04-20T06:42:00Z
TX2-01824,2026-04-18T14:26:00Z,0,69.53,2026-04-18T14:26:00Z,77.0,2026-04-18T09:24:00Z,47.2,2026-04-18T14:00:00Z,4,2026-04-18T13:43:00Z,32.6,2026-04-17T19:05:00Z,0,2026-04-23T08:01:00Z,0,2026-04-21T09:59:00Z
TX2-01825,2026-04-18T16:09:00Z,0,45.37,2026-04-18T16:09:00Z,79.0,2026-04-18T11:08:00Z,32.5,2026-04-18T16:00:00Z,4,2026-04-18T15:57:00Z,21.2,2026-04-19T00:30:00Z,0,2026-04-22T12:34:00Z,0,2026-04-19T23:25:00Z
TX2-01826,2026-04-18T16:18:00Z,0,65.53,2026-04-18T16:18:00Z,47.1,2026-04-18T11:43:00Z,50.4,2026-04-18T15:58:00Z,3,2026-04-18T15:53:00Z,34.8,2026-04-18T08:39:00Z,0,2026-04-26T02:56:00Z,0,2026-04-20T14:35:00Z
TX2-01827,2026-04-18T19:51:00Z,0,339.22,2026-04-18T19:51:00Z,59.0,2026-04-18T16:12:00Z,46.3,2026-04-18T19:24:00Z,6,2026-04-18T19:09:00Z,28.1,2026-04-19T04:02:00Z,0,2026-04-25T18:59:00Z,0,2026-04-20T20:30:00Z
TX2-01828,2026-04-18T19:56:00Z,0,25.98,2026-04-18T19:56:00Z,46.8,2026-04-18T15:53:00Z,49.0,2026-04-18T19:41:00Z,3,2026-04-18T19:40:00Z,25.3,2026-04-18T10:13:00Z,0,2026-04-27T08:47:00Z,0,2026-04-20T04:34:00Z
TX2-01829,2026-04-18T20:54:00Z,0,348.1,2026-04-18T20:54:00Z,44.7,2026-04-18T18:14:00Z,56.9,2026-04-18T20:38:00Z,2,2026-04-18T20:31:00Z,27.1,2026-04-18T18:12:00Z,0,2026-04-25T19:08:00Z,0,2026-04-21T18:19:00Z
TX2-01830,2026-04-18T21:11:00Z,0,135.93,2026-04-18T21:11:00Z,60.0,2026-04-18T17:12:00Z,22.7,2026-04-18T20:43:00Z,2,2026-04-18T21:03:00Z,27.3,2026-04-18T19:10:00Z,0,2026-04-24T07:22:00Z,0,2026-04-20T14:12:00Z
TX2-01831,2026-04-18T22:25:00Z,0,179.18,2026-04-18T22:25:00Z,53.7,2026-04-18T21:00:00Z,36.5,2026-04-18T22:19:00Z,4,2026-04-18T21:52:00Z,25.6,2026-04-18T05:29:00Z,0,2026-04-23T13:48:00Z,0,2026-04-19T23:23:00Z
TX2-01832,2026-04-19T02:05:00Z,1,55.12,2026-04-19T02:05:00Z,43.7,2026-04-19T00:57:00Z,37.1,2026-04-19T02:01:00Z,2,2026-04-19T01:50:00Z,24.0,2026-04-18T17:06:00Z,1,2026-04-22T20:14:00Z,1,2026-04-21T07:56:00Z
TX2-01833,2026-04-19T03:44:00Z,0,268.49,2026-04-19T03:44:00Z,38.0,2026-04-18T23:24:00Z,30.7,2026-04-19T03:43:00Z,1,2026-04-19T03:42:00Z,25.7,2026-04-18T15:37:00Z,0,2026-04-24T05:33:00Z,0,2026-04-22T02:48:00Z
TX2-01834,2026-04-19T11:17:00Z,0,118.39,2026-04-19T11:17:00Z,38.2,2026-04-19T05:37:00Z,33.6,2026-04-19T11:12:00Z,2,2026-04-19T10:38:00Z,39.5,2026-04-19T07:22:00Z,0,2026-04-24T15:36:00Z,0,2026-04-22T02:09:00Z
TX2-01835,2026-04-19T12:55:00Z,0,35.6,2026-04-19T12:55:00Z,70.9,2026-04-19T08:15:00Z,57.8,2026-04-19T12:52:00Z,3,2026-04-19T12:17:00Z,28.0,2026-04-19T04:49:00Z,0,2026-04-24T20:00:00Z,0,2026-04-20T13:07:00Z
TX2-01836,2026-04-19T15:03:00Z,0,241.57,2026-04-19T15:03:00Z,29.6,2026-04-19T14:38:00Z,38.7,2026-04-19T14:53:00Z,3,2026-04-19T14:47:00Z,32.7,2026-04-19T05:01:00Z,0,2026-04-28T21:57:00Z,0,2026-04-21T11:19:00Z
TX2-01837,2026-04-19T15:31:00Z,0,149.64,2026-04-19T15:31:00Z,32.0,2026-04-19T12:40:00Z,47.3,2026-04-19T15:24:00Z,4,2026-04-19T15:17:00Z,40.0,2026-04-19T10:21:00Z,0,2026-04-24T20:15:00Z,2,2026-04-21T22:57:00Z
TX2-01838,2026-04-19T16:39:00Z,0,37.89,2026-04-19T16:39:00Z,45.5,2026-04-19T12:51:00Z,42.0,2026-04-19T16:09:00Z,1,2026-04-19T15:49:00Z,13.2,2026-04-19T11:59:00Z,0,2026-04-25T14:54:00Z,0,2026-04-21T11:40:00Z
TX2-01839,2026-04-19T20:26:00Z,0,61.74,2026-04-19T20:26:00Z,72.4,2026-04-19T15:51:00Z,41.4,2026-04-19T20:23:00Z,3,2026-04-19T20:13:00Z,24.9,2026-04-20T00:19:00Z,0,2026-04-26T23:55:00Z,0,2026-04-22T08:47:00Z
TX2-01840,2026-04-19T22:06:00Z,0,43.43,2026-04-19T22:06:00Z,53.0,2026-04-19T20:22:00Z,35.4,2026-04-19T21:54:00Z,1,2026-04-19T21:31:00Z,18.9,2026-04-20T02:21:00Z,0,2026-04-24T14:57:00Z,0,2026-04-21T13:10:00Z
TX2-01841,2026-04-19T23:56:00Z,0,76.09,2026-04-19T23:56:00Z,45.3,2026-04-19T22:50:00Z,22.4,2026-04-19T23:52:00Z,1,2026-04-19T23:32:00Z,30.9,2026-04-20T02:40:00Z,0,2026-04-28T03:17:00Z,0,2026-04-21T22:44:00Z
TX2-01842,2026-04-20T01:46:00Z,0,80.52,2026-04-20T01:46:00Z,50.1,2026-04-19T22:02:00Z,52.4,2026-04-20T01:20:00Z,5,2026-04-20T01:39:00Z,33.6,2026-04-19T20:20:00Z,0,2026-04-25T04:25:00Z,0,2026-04-21T03:33:00Z
TX2-01843,2026-04-20T02:02:00Z,0,27.7,2026-04-20T02:02:00Z,66.2,2026-04-19T21:10:00Z,34.3,2026-04-20T01:33:00Z,1,2026-04-20T01:56:00Z,43.3,2026-04-19T22:30:00Z,0,2026-04-25T02:31:00Z,0,2026-04-21T17:10:00Z
TX2-01844,2026-04-20T03:19:00Z,0,31.88,2026-04-20T03:19:00Z,41.0,2026-04-19T21:43:00Z,41.0,2026-04-20T03:09:00Z,3,2026-04-20T02:51:00Z,16.0,2026-04-19T07:21:00Z,0,2026-04-25T02:16:00Z,0,2026-04-22T17:51:00Z
TX2-01845,2026-04-20T04:27:00Z,0,104.3,2026-04-20T04:27:00Z,49.9,2026-04-20T04:10:00Z,34.7,2026-04-20T04:18:00Z,3,2026-04-20T04:05:00Z,33.4,2026-04-19T23:35:00Z,0,2026-04-27T13:30:00Z,0,2026-04-22T23:52:00Z
TX2-01846,2026-04-20T04:40:00Z,0,57.1,2026-04-20T04:40:00Z,49.9,2026-04-19T23:20:00Z,29.3,2026-04-20T04:22:00Z,2,2026-04-20T03:46:00Z,27.8,2026-04-19T19:05:00Z,1,2026-04-29T17:19:00Z,0,2026-04-22T02:01:00Z
TX2-01847,2026-04-20T09:28:00Z,0,44.39,2026-04-20T09:28:00Z,77.6,2026-04-20T07:11:00Z,43.5,2026-04-20T08:59:00Z,0,2026-04-20T08:32:00Z,31.6,2026-04-19T19:39:00Z,0,2026-04-30T07:28:00Z,0,2026-04-23T02:09:00Z
TX2-01848,2026-04-20T10:54:00Z,0,42.13,2026-04-20T10:54:00Z,45.3,2026-04-20T10:46:00Z,27.4,2026-04-20T10:26:00Z,4,2026-04-20T10:18:00Z,35.6,2026-04-20T05:04:00Z,0,2026-04-29T03:51:00Z,0,2026-04-22T10:00:00Z
TX2-01849,2026-04-20T12:06:00Z,0,97.96,2026-04-20T12:06:00Z,57.2,2026-04-20T09:21:00Z,41.8,2026-04-20T12:01:00Z,2,2026-04-20T11:32:00Z,11.7,2026-04-20T16:10:00Z,0,2026-04-26T07:38:00Z,0,2026-04-21T13:56:00Z
TX2-01850,2026-04-20T12:42:00Z,1,33.83,2026-04-20T12:42:00Z,52.9,2026-04-20T06:47:00Z,48.8,2026-04-20T12:36:00Z,2,2026-04-20T12:04:00Z,25.0,2026-04-19T18:36:00Z,1,2026-04-25T04:47:00Z,2,2026-04-22T19:12:00Z
TX2-01851,2026-04-20T14:39:00Z,0,38.36,2026-04-20T14:39:00Z,30.5,2026-04-20T14:22:00Z,20.0,2026-04-20T14:33:00Z,0,2026-04-20T13:39:00Z,26.5,2026-04-19T20:29:00Z,0,2026-04-25T04:51:00Z,0,2026-04-21T16:39:00Z
TX2-01852,2026-04-20T15:37:00Z,0,69.37,2026-04-20T15:37:00Z,34.2,2026-04-20T10:50:00Z,47.4,2026-04-20T15:21:00Z,1,2026-04-20T14:41:00Z,31.3,2026-04-20T14:30:00Z,0,2026-04-24T07:50:00Z,1,2026-04-22T01:22:00Z
TX2-01853,2026-04-20T19:44:00Z,0,21.74,2026-04-20T19:44:00Z,66.2,2026-04-20T15:00:00Z,28.0,2026-04-20T19:18:00Z,5,2026-04-20T19:34:00Z,25.2,2026-04-20T16:22:00Z,0,2026-04-27T06:43:00Z,1,2026-04-22T08:58:00Z
TX2-01854,2026-04-20T19:45:00Z,0,11.12,2026-04-20T19:45:00Z,49.6,2026-04-20T16:35:00Z,46.4,2026-04-20T19:29:00Z,3,2026-04-20T19:30:00Z,30.5,2026-04-20T02:01:00Z,0,2026-04-29T02:16:00Z,1,2026-04-23T04:48:00Z
TX2-01855,2026-04-20T20:23:00Z,0,12.26,2026-04-20T20:23:00Z,65.4,2026-04-20T14:47:00Z,55.1,2026-04-20T20:01:00Z,4,2026-04-20T20:15:00Z,28.2,2026-04-20T11:20:00Z,0,2026-04-27T03:41:00Z,0,2026-04-22T13:19:00Z
TX2-01856,2026-04-20T21:51:00Z,0,43.68,2026-04-20T21:51:00Z,52.3,2026-04-20T20:18:00Z,55.2,2026-04-20T21:38:00Z,5,2026-04-20T21:14:00Z,33.8,2026-04-20T14:56:00Z,0,2026-04-27T11:23:00Z,0,2026-04-23T10:05:00Z
TX2-01857,2026-04-20T22:49:00Z,0,22.63,2026-04-20T22:49:00Z,51.9,2026-04-20T18:12:00Z,44.2,2026-04-20T22:22:00Z,3,2026-04-20T21:52:00Z,14.2,2026-04-20T19:40:00Z,0,2026-04-29T10:12:00Z,0,2026-04-22T11:55:00Z
TX2-01858,2026-04-21T01:47:00Z,0,100.96,2026-04-21T01:47:00Z,50.3,2026-04-20T23:45:00Z,53.5,2026-04-21T01:31:00Z,1,2026-04-21T01:18:00Z,12.7,2026-04-20T18:12:00Z,0,2026-04-29T01:18:00Z,0,2026-04-24T00:34:00Z
TX2-01859,2026-04-21T04:54:00Z,0,96.79,2026-04-21T04:54:00Z,55.8,2026-04-20T22:58:00Z,44.4,2026-04-21T04:48:00Z,0,2026-04-21T04:39:00Z,31.4,2026-04-20T12:23:00Z,0,2026-04-27T20:58:00Z,0,2026-04-22T07:32:00Z
TX2-01860,2026-04-21T07:53:00Z,0,43.89,2026-04-21T07:53:00Z,28.3,2026-04-21T03:07:00Z,30.2,2026-04-21T07:35:00Z,1,2026-04-21T07:01:00Z,20.9,2026-04-20T22:04:00Z,0,2026-04-30T08:25:00Z,1,2026-04-22T10:33:00Z
TX2-01861,2026-04-21T09:24:00Z,0,5.74,2026-04-21T09:24:00Z,61.5,2026-04-21T07:19:00Z,55.6,2026-04-21T09:02:00Z,0,2026-04-21T08:40:00Z,29.4,2026-04-20T18:14:00Z,0,2026-04-28T00:42:00Z,0,2026-04-22T17:09:00Z
TX2-01862,2026-04-21T12:03:00Z,0,206.86,2026-04-21T12:03:00Z,69.8,2026-04-21T11:33:00Z,28.0,2026-04-21T11:57:00Z,3,2026-04-21T11:45:00Z,35.9,2026-04-21T09:55:00Z,0,2026-04-26T10:37:00Z,0,2026-04-23T18:26:00Z
TX2-01863,2026-04-21T14:24:00Z,0,27.43,2026-04-21T14:24:00Z,68.6,2026-04-21T11:08:00Z,41.0,2026-04-21T14:20:00Z,5,2026-04-21T14:18:00Z,37.8,2026-04-21T22:37:00Z,0,2026-04-29T00:05:00Z,1,2026-04-23T22:21:00Z
TX2-01864,2026-04-21T15:53:00Z,0,79.86,2026-04-21T15:53:00Z,24.8,2026-04-21T14:54:00Z,32.4,2026-04-21T15:40:00Z,3,2026-04-21T15:00:00Z,31.6,2026-04-21T11:51:00Z,0,2026-04-30T17:31:00Z,0,2026-04-23T02:50:00Z
TX2-01865,2026-04-21T16:22:00Z,0,31.06,2026-04-21T16:22:00Z,49.7,2026-04-21T14:14:00Z,38.7,2026-04-21T15:52:00Z,0,2026-04-21T15:47:00Z,35.0,2026-04-21T20:57:00Z,0,2026-05-01T11:14:00Z,0,2026-04-24T05:19:00Z
TX2-01866,2026-04-21T19:03:00Z,0,72.53,2026-04-21T19:03:00Z,54.4,2026-04-21T17:18:00Z,37.7,2026-04-21T19:00:00Z,2,2026-04-21T18:22:00Z,31.7,2026-04-20T23:21:00Z,0,2026-04-29T21:36:00Z,1,2026-04-22T21:07:00Z
TX2-01867,2026-04-21T21:07:00Z,0,31.0,2026-04-21T21:07:00Z,53.8,2026-04-21T20:42:00Z,23.7,2026-04-21T20:57:00Z,1,2026-04-21T20:45:00Z,37.0,2026-04-21T20:04:00Z,0,2026-04-25T05:34:00Z,0,2026-04-24T20:41:00Z
TX2-01868,2026-04-21T23:50:00Z,0,406.21,2026-04-21T23:50:00Z,34.0,2026-04-21T21:31:00Z,45.1,2026-04-21T23:34:00Z,2,2026-04-21T23:35:00Z,24.5,2026-04-21T08:24:00Z,0,2026-04-28T23:18:00Z,0,2026-04-23T14:51:00Z
TX2-01869,2026-04-22T01:12:00Z,1,84.67,2026-04-22T01:12:00Z,53.7,2026-04-22T00:32:00Z,65.1,2026-04-22T00:48:00Z,2,2026-04-22T00:52:00Z,23.6,2026-04-21T13:52:00Z,1,2026-04-27T17:07:00Z,0,2026-04-23T13:52:00Z
TX2-01870,2026-04-22T03:16:00Z,0,116.56,2026-04-22T03:16:00Z,47.0,2026-04-22T00:15:00Z,15.7,2026-04-22T03:08:00Z,4,2026-04-22T02:36:00Z,21.6,2026-04-21T23:46:00Z,0,2026-04-30T06:41:00Z,0,2026-04-23T22:26:00Z
TX2-01871,2026-04-22T05:30:00Z,0,31.12,2026-04-22T05:30:00Z,59.0,2026-04-22T00:36:00Z,38.3,2026-04-22T05:12:00Z,1,2026-04-22T05:01:00Z,28.7,2026-04-21T22:24:00Z,0,2026-05-01T13:54:00Z,0,2026-04-24T18:47:00Z
TX2-01872,2026-04-22T06:00:00Z,0,49.38,2026-04-22T06:00:00Z,34.5,2026-04-22T04:53:00Z,36.4,2026-04-22T05:43:00Z,2,2026-04-22T05:40:00Z,29.4,2026-04-21T18:16:00Z,0,2026-05-01T13:38:00Z,0,2026-04-24T10:50:00Z
TX2-01873,2026-04-22T08:46:00Z,1,71.95,2026-04-22T08:46:00Z,45.6,2026-04-22T05:26:00Z,44.4,2026-04-22T08:19:00Z,5,2026-04-22T08:22:00Z,21.6,2026-04-21T15:30:00Z,1,2026-04-27T20:25:00Z,2,2026-04-23T12:51:00Z
TX2-01874,2026-04-22T09:16:00Z,0,23.72,2026-04-22T09:16:00Z,37.7,2026-04-22T09:02:00Z,37.2,2026-04-22T09:15:00Z,0,2026-04-22T08:47:00Z,29.4,2026-04-22T15:37:00Z,0,2026-04-27T12:27:00Z,0,2026-04-25T04:30:00Z
TX2-01875,2026-04-22T10:26:00Z,0,134.09,2026-04-22T10:26:00Z,53.7,2026-04-22T07:05:00Z,49.0,2026-04-22T09:59:00Z,1,2026-04-22T09:41:00Z,28.8,2026-04-22T07:09:00Z,0,2026-04-30T00:46:00Z,0,2026-04-24T18:24:00Z
TX2-01876,2026-04-22T10:32:00Z,1,250.17,2026-04-22T10:32:00Z,46.1,2026-04-22T07:45:00Z,46.6,2026-04-22T10:24:00Z,2,2026-04-22T10:03:00Z,22.2,2026-04-21T19:37:00Z,1,2026-04-29T15:35:00Z,2,2026-04-24T23:28:00Z
TX2-01877,2026-04-22T14:36:00Z,0,151.3,2026-04-22T14:36:00Z,62.2,2026-04-22T13:16:00Z,52.7,2026-04-22T14:13:00Z,2,2026-04-22T14:10:00Z,22.2,2026-04-22T17:42:00Z,0,2026-04-27T10:19:00Z,0,2026-04-23T20:47:00Z
TX2-01878,2026-04-22T16:17:00Z,0,55.75,2026-04-22T16:17:00Z,52.8,2026-04-22T13:41:00Z,31.7,2026-04-22T15:59:00Z,2,2026-04-22T15:46:00Z,35.5,2026-04-23T00:23:00Z,0,2026-05-02T06:10:00Z,0,2026-04-24T01:16:00Z
TX2-01879,2026-04-22T17:31:00Z,0,144.05,2026-04-22T17:31:00Z,43.6,2026-04-22T15:21:00Z,33.6,2026-04-22T17:21:00Z,2,2026-04-22T17:12:00Z,34.0,2026-04-22T00:11:00Z,0,2026-05-02T06:10:00Z,0,2026-04-25T08:10:00Z
TX2-01880,2026-04-22T18:11:00Z,0,417.54,2026-04-22T18:11:00Z,40.5,2026-04-22T14:47:00Z,39.8,2026-04-22T18:02:00Z,0,2026-04-22T17:29:00Z,23.8,2026-04-22T02:10:00Z,0,2026-04-29T08:59:00Z,0,2026-04-23T21:33:00Z
TX2-01881,2026-04-22T18:18:00Z,0,261.15,2026-04-22T18:18:00Z,51.1,2026-04-22T13:49:00Z,29.0,2026-04-22T18:06:00Z,0,2026-04-22T17:23:00Z,33.3,2026-04-22T13:22:00Z,0,2026-04-27T14:07:00Z,0,2026-04-25T09:18:00Z
TX2-01882,2026-04-22T19:16:00Z,0,61.75,2026-04-22T19:16:00Z,49.5,2026-04-22T18:35:00Z,40.3,2026-04-22T19:05:00Z,3,2026-04-22T18:25:00Z,22.7,2026-04-22T04:14:00Z,0,2026-04-29T09:04:00Z,0,2026-04-25T04:33:00Z
TX2-01883,2026-04-22T19:32:00Z,0,14.17,2026-04-22T19:32:00Z,28.5,2026-04-22T16:07:00Z,51.3,2026-04-22T19:09:00Z,1,2026-04-22T18:38:00Z,47.3,2026-04-22T16:10:00Z,0,2026-04-29T17:41:00Z,0,2026-04-24T01:23:00Z
TX2-01884,2026-04-22T19:49:00Z,0,8.08,2026-04-22T19:49:00Z,50.1,2026-04-22T15:14:00Z,53.4,2026-04-22T19:24:00Z,1,2026-04-22T18:56:00Z,27.6,2026-04-22T03:10:00Z,0,2026-04-27T06:45:00Z,0,2026-04-25T14:25:00Z
TX2-01885,2026-04-22T21:40:00Z,0,206.45,2026-04-22T21:40:00Z,47.7,2026-04-22T20:21:00Z,33.7,2026-04-22T21:26:00Z,3,2026-04-22T21:20:00Z,29.5,2026-04-22T05:59:00Z,0,2026-04-29T12:45:00Z,0,2026-04-24T14:51:00Z
TX2-01886,2026-04-22T23:09:00Z,0,56.12,2026-04-22T23:09:00Z,69.9,2026-04-22T18:06:00Z,48.0,2026-04-22T22:50:00Z,2,2026-04-22T22:10:00Z,22.1,2026-04-23T00:16:00Z,0,2026-04-30T04:13:00Z,0,2026-04-24T21:36:00Z
TX2-01887,2026-04-22T23:43:00Z,0,12.85,2026-04-22T23:43:00Z,48.6,2026-04-22T21:31:00Z,37.1,2026-04-22T23:24:00Z,2,2026-04-22T23:16:00Z,30.7,2026-04-22T20:52:00Z,0,2026-04-27T03:13:00Z,0,2026-04-25T14:39:00Z
TX2-01888,2026-04-23T00:13:00Z,0,160.87,2026-04-23T00:13:00Z,67.5,2026-04-22T18:15:00Z,48.8,2026-04-22T23:47:00Z,2,2026-04-22T23:37:00Z,23.7,2026-04-22T12:12:00Z,0,2026-05-01T23:52:00Z,0,2026-04-24T21:37:00Z
TX2-01889,2026-04-23T02:30:00Z,0,8.51,2026-04-23T02:30:00Z,51.7,2026-04-22T22:11:00Z,36.9,2026-04-23T02:25:00Z,4,2026-04-23T01:54:00Z,24.2,2026-04-22T07:04:00Z,0,2026-04-27T20:04:00Z,0,2026-04-24T15:10:00Z
TX2-01890,2026-04-23T02:33:00Z,0,85.91,2026-04-23T02:33:00Z,53.7,2026-04-23T00:40:00Z,41.2,2026-04-23T02:19:00Z,5,2026-04-23T02:02:00Z,27.0,2026-04-22T10:14:00Z,0,2026-05-01T23:56:00Z,0,2026-04-24T21:24:00Z
TX2-01891,2026-04-23T04:57:00Z,0,60.68,2026-04-23T04:57:00Z,29.4,2026-04-22T23:37:00Z,40.8,2026-04-23T04:53:00Z,4,2026-04-23T04:05:00Z,37.5,2026-04-23T02:17:00Z,0,2026-04-28T16:03:00Z,0,2026-04-24T15:50:00Z
TX2-01892,2026-04-23T07:41:00Z,0,31.81,2026-04-23T07:41:00Z,56.7,2026-04-23T05:42:00Z,22.2,2026-04-23T07:19:00Z,1,2026-04-23T06:52:00Z,29.2,2026-04-23T06:29:00Z,0,2026-05-01T08:45:00Z,0,2026-04-25T21:44:00Z
TX2-01893,2026-04-23T08:00:00Z,1,76.67,2026-04-23T08:00:00Z,37.6,2026-04-23T05:04:00Z,43.8,2026-04-23T07:30:00Z,1,2026-04-23T07:27:00Z,33.7,2026-04-22T14:13:00Z,1,2026-04-30T03:19:00Z,0,2026-04-24T22:28:00Z
TX2-01894,2026-04-23T09:30:00Z,0,45.85,2026-04-23T09:30:00Z,42.0,2026-04-23T04:25:00Z,26.4,2026-04-23T09:19:00Z,0,2026-04-23T08:45:00Z,27.9,2026-04-23T04:46:00Z,0,2026-04-26T11:34:00Z,0,2026-04-25T08:53:00Z
TX2-01895,2026-04-23T12:11:00Z,1,7.5,2026-04-23T12:11:00Z,43.1,2026-04-23T06:49:00Z,32.4,2026-04-23T12:04:00Z,1,2026-04-23T11:42:00Z,21.1,2026-04-23T06:58:00Z,1,2026-04-30T03:26:00Z,1,2026-04-25T01:38:00Z
TX2-01896,2026-04-23T14:17:00Z,0,65.74,2026-04-23T14:17:00Z,38.6,2026-04-23T14:07:00Z,40.1,2026-04-23T14:14:00Z,1,2026-04-23T14:02:00Z,36.5,2026-04-22T22:58:00Z,0,2026-05-01T05:58:00Z,0,2026-04-25T05:04:00Z
TX2-01897,2026-04-23T14:34:00Z,0,22.28,2026-04-23T14:34:00Z,36.4,2026-04-23T11:07:00Z,62.7,2026-04-23T14:30:00Z,3,2026-04-23T14:33:00Z,24.3,2026-04-23T11:58:00Z,1,2026-04-26T19:20:00Z,0,2026-04-24T22:46:00Z
TX2-01898,2026-04-23T16:12:00Z,0,23.1,2026-04-23T16:12:00Z,52.3,2026-04-23T13:39:00Z,38.4,2026-04-23T15:59:00Z,2,2026-04-23T15:55:00Z,33.2,2026-04-22T23:54:00Z,0,2026-05-02T12:27:00Z,0,2026-04-24T21:28:00Z
TX2-01899,2026-04-23T16:14:00Z,0,88.26,2026-04-23T16:14:00Z,22.1,2026-04-23T14:07:00Z,43.8,2026-04-23T16:06:00Z,3,2026-04-23T16:05:00Z,25.1,2026-04-23T05:59:00Z,0,2026-04-27T15:36:00Z,0,2026-04-25T00:43:00Z
TX2-01900,2026-04-23T17:12:00Z,0,106.16,2026-04-23T17:12:00Z,32.0,2026-04-23T13:47:00Z,57.6,2026-04-23T16:58:00Z,3,2026-04-23T17:04:00Z,31.9,2026-04-23T14:49:00Z,0,2026-04-29T17:57:00Z,0,2026-04-25T20:06:00Z
TX2-01901,2026-04-23T18:35:00Z,0,64.8,2026-04-23T18:35:00Z,51.0,2026-04-23T14:53:00Z,42.7,2026-04-23T18:16:00Z,0,2026-04-23T17:57:00Z,31.2,2026-04-24T01:33:00Z,0,2026-05-02T02:19:00Z,2,2026-04-26T18:06:00Z
TX2-01902,2026-04-23T19:16:00Z,0,101.21,2026-04-23T19:16:00Z,34.0,2026-04-23T15:03:00Z,30.4,2026-04-23T18:48:00Z,3,2026-04-23T18:53:00Z,38.3,2026-04-23T15:41:00Z,0,2026-04-28T07:00:00Z,0,2026-04-26T09:33:00Z
TX2-01903,2026-04-23T20:13:00Z,0,248.41,2026-04-23T20:13:00Z,53.1,2026-04-23T16:47:00Z,38.5,2026-04-23T20:01:00Z,5,2026-04-23T19:42:00Z,28.7,2026-04-23T13:24:00Z,0,2026-04-26T23:02:00Z,0,2026-04-26T00:39:00Z
TX2-01904,2026-04-23T21:28:00Z,0,7.58,2026-04-23T21:28:00Z,50.9,2026-04-23T16:02:00Z,32.0,2026-04-23T21:11:00Z,2,2026-04-23T21:11:00Z,28.6,2026-04-23T13:39:00Z,0,2026-05-01T22:49:00Z,0,2026-04-25T11:22:00Z
TX2-01905,2026-04-23T22:42:00Z,0,19.67,2026-04-23T22:42:00Z,43.4,2026-04-23T22:26:00Z,27.5,2026-04-23T22:20:00Z,4,2026-04-23T22:07:00Z,11.1,2026-04-23T19:54:00Z,0,2026-04-30T13:34:00Z,0,2026-04-25T11:15:00Z
TX2-01906,2026-04-24T00:02:00Z,0,24.4,2026-04-24T00:02:00Z,46.0,2026-04-23T23:28:00Z,36.5,2026-04-23T23:37:00Z,3,2026-04-23T23:19:00Z,39.6,2026-04-23T16:52:00Z,0,2026-05-02T16:47:00Z,0,2026-04-25T13:46:00Z
TX2-01907,2026-04-24T00:52:00Z,0,68.06,2026-04-24T00:52:00Z,49.6,2026-04-23T19:06:00Z,44.1,2026-04-24T00:47:00Z,3,2026-04-24T00:51:00Z,30.2,2026-04-23T11:14:00Z,0,2026-05-01T03:57:00Z,0,2026-04-26T08:18:00Z
TX2-01908,2026-04-24T01:02:00Z,1,24.0,2026-04-24T01:02:00Z,53.4,2026-04-23T20:16:00Z,29.2,2026-04-24T00:49:00Z,3,2026-04-24T00:40:00Z,25.5,2026-04-23T21:33:00Z,1,2026-04-28T16:19:00Z,2,2026-04-25T17:59:00Z
TX2-01909,2026-04-24T01:15:00Z,0,26.06,2026-04-24T01:15:00Z,44.5,2026-04-23T19:22:00Z,19.7,2026-04-24T00:48:00Z,2,2026-04-24T00:53:00Z,31.7,2026-04-23T18:00:00Z,0,2026-05-03T09:36:00Z,2,2026-04-25T09:07:00Z
TX2-01910,2026-04-24T04:14:00Z,0,13.69,2026-04-24T04:14:00Z,36.0,2026-04-23T22:15:00Z,39.6,2026-04-24T04:02:00Z,3,2026-04-24T03:34:00Z,47.1,2026-04-23T19:55:00Z,0,2026-04-28T21:45:00Z,0,2026-04-25T19:51:00Z
TX2-01911,2026-04-24T06:21:00Z,0,3.43,2026-04-24T06:21:00Z,39.8,2026-04-24T03:51:00Z,23.4,2026-04-24T06:20:00Z,0,2026-04-24T05:47:00Z,38.0,2026-04-24T02:42:00Z,0,2026-04-29T12:51:00Z,0,2026-04-25T20:45:00Z
TX2-01912,2026-04-24T06:52:00Z,0,26.43,2026-04-24T06:52:00Z,48.9,2026-04-24T01:23:00Z,55.8,2026-04-24T06:46:00Z,2,2026-04-24T05:53:00Z,29.4,2026-04-23T11:24:00Z,0,2026-05-02T14:26:00Z,0,2026-04-27T03:58:00Z
TX2-01913,2026-04-24T09:35:00Z,0,28.31,2026-04-24T09:35:00Z,61.8,2026-04-24T06:12:00Z,32.6,2026-04-24T09:16:00Z,3,2026-04-24T08:45:00Z,36.5,2026-04-23T16:20:00Z,0,2026-04-30T16:28:00Z,0,2026-04-26T19:08:00Z
TX2-01914,2026-04-24T14:06:00Z,0,41.7,2026-04-24T14:06:00Z,32.1,2026-04-24T12:51:00Z,56.1,2026-04-24T13:59:00Z,1,2026-04-24T13:59:00Z,30.6,2026-04-24T06:37:00Z,0,2026-04-30T17:49:00Z,0,2026-04-26T21:10:00Z
TX2-01915,2026-04-24T15:20:00Z,0,36.88,2026-04-24T15:20:00Z,57.4,2026-04-24T12:41:00Z,52.7,2026-04-24T15:13:00Z,6,2026-04-24T14:43:00Z,41.7,2026-04-23T23:15:00Z,0,2026-04-28T15:40:00Z,0,2026-04-26T06:30:00Z
TX2-01916,2026-04-24T15:40:00Z,0,46.02,2026-04-24T15:40:00Z,34.0,2026-04-24T13:36:00Z,41.1,2026-04-24T15:26:00Z,1,2026-04-24T15:18:00Z,49.0,2026-04-24T19:41:00Z,0,2026-04-29T02:07:00Z,0,2026-04-27T13:14:00Z
TX2-01917,2026-04-24T15:52:00Z,0,50.76,2026-04-24T15:52:00Z,37.9,2026-04-24T12:47:00Z,16.7,2026-04-24T15:25:00Z,2,2026-04-24T15:06:00Z,20.5,2026-04-23T23:08:00Z,0,2026-05-02T22:08:00Z,0,2026-04-25T18:09:00Z
TX2-01918,2026-04-24T18:01:00Z,0,13.73,2026-04-24T18:01:00Z,29.5,2026-04-24T15:26:00Z,41.1,2026-04-24T17:57:00Z,1,2026-04-24T17:55:00Z,37.3,2026-04-24T19:58:00Z,0,2026-05-01T23:40:00Z,0,2026-04-26T07:11:00Z
TX2-01919,2026-04-24T18:52:00Z,0,77.19,2026-04-24T18:52:00Z,40.3,2026-04-24T13:12:00Z,50.1,2026-04-24T18:47:00Z,2,2026-04-24T18:28:00Z,31.9,2026-04-23T23:43:00Z,0,2026-05-02T13:19:00Z,0,2026-04-26T12:50:00Z
TX2-01920,2026-04-24T21:39:00Z,0,16.54,2026-04-24T21:39:00Z,48.7,2026-04-24T21:09:00Z,34.3,2026-04-24T21:20:00Z,1,2026-04-24T20:39:00Z,33.9,2026-04-24T06:25:00Z,0,2026-05-04T00:48:00Z,0,2026-04-26T21:35:00Z
TX2-01921,2026-04-25T00:31:00Z,0,51.16,2026-04-25T00:31:00Z,46.9,2026-04-24T22:05:00Z,36.5,2026-04-25T00:20:00Z,4,2026-04-25T00:26:00Z,35.1,2026-04-24T19:37:00Z,0,2026-05-04T20:14:00Z,0,2026-04-26T20:20:00Z
TX2-01922,2026-04-25T00:46:00Z,0,586.59,2026-04-25T00:46:00Z,55.2,2026-04-24T21:55:00Z,54.1,2026-04-25T00:42:00Z,4,2026-04-25T00:32:00Z,39.5,2026-04-25T03:47:00Z,0,2026-04-30T19:48:00Z,0,2026-04-27T15:19:00Z
TX2-01923,2026-04-25T02:17:00Z,0,105.73,2026-04-25T02:17:00Z,23.8,2026-04-24T23:54:00Z,44.7,2026-04-25T02:04:00Z,3,2026-04-25T02:03:00Z,26.0,2026-04-24T18:14:00Z,0,2026-04-29T15:03:00Z,0,2026-04-26T02:53:00Z
TX2-01924,2026-04-25T02:26:00Z,0,66.52,2026-04-25T02:26:00Z,23.1,2026-04-24T23:40:00Z,36.5,2026-04-25T01:58:00Z,1,2026-04-25T01:59:00Z,22.2,2026-04-24T07:56:00Z,0,2026-05-01T18:06:00Z,0,2026-04-27T19:35:00Z
TX2-01925,2026-04-25T04:27:00Z,0,36.16,2026-04-25T04:27:00Z,52.5,2026-04-25T03:14:00Z,29.2,2026-04-25T03:59:00Z,2,2026-04-25T03:37:00Z,19.3,2026-04-24T12:05:00Z,0,2026-05-04T21:24:00Z,0,2026-04-26T21:23:00Z
TX2-01926,2026-04-25T06:24:00Z,0,27.55,2026-04-25T06:24:00Z,50.5,2026-04-25T04:54:00Z,46.0,2026-04-25T05:57:00Z,1,2026-04-25T05:53:00Z,19.4,2026-04-24T22:26:00Z,0,2026-05-04T07:34:00Z,0,2026-04-26T07:51:00Z
TX2-01927,2026-04-25T10:20:00Z,0,15.95,2026-04-25T10:20:00Z,45.1,2026-04-25T06:03:00Z,38.8,2026-04-25T10:03:00Z,2,2026-04-25T10:03:00Z,28.2,2026-04-25T12:46:00Z,0,2026-04-30T22:10:00Z,0,2026-04-27T12:45:00Z
TX2-01928,2026-04-25T14:01:00Z,0,47.04,2026-04-25T14:01:00Z,57.4,2026-04-25T12:20:00Z,33.3,2026-04-25T13:54:00Z,1,2026-04-25T13:18:00Z,39.3,2026-04-25T07:19:00Z,0,2026-05-01T05:14:00Z,1,2026-04-27T22:16:00Z
TX2-01929,2026-04-25T15:44:00Z,1,132.29,2026-04-25T15:44:00Z,59.7,2026-04-25T12:54:00Z,47.7,2026-04-25T15:29:00Z,5,2026-04-25T15:01:00Z,25.3,2026-04-25T03:04:00Z,1,2026-05-02T12:02:00Z,2,2026-04-27T20:38:00Z
TX2-01930,2026-04-25T16:08:00Z,0,25.57,2026-04-25T16:08:00Z,43.6,2026-04-25T15:42:00Z,25.6,2026-04-25T15:50:00Z,0,2026-04-25T15:23:00Z,31.5,2026-04-25T21:52:00Z,0,2026-04-30T16:06:00Z,0,2026-04-26T21:11:00Z
TX2-01931,2026-04-25T19:20:00Z,0,45.75,2026-04-25T19:20:00Z,59.9,2026-04-25T14:30:00Z,50.2,2026-04-25T18:54:00Z,4,2026-04-25T19:16:00Z,16.8,2026-04-25T08:22:00Z,0,2026-05-02T10:35:00Z,0,2026-04-28T03:49:00Z
TX2-01932,2026-04-25T19:42:00Z,0,26.55,2026-04-25T19:42:00Z,50.6,2026-04-25T16:58:00Z,39.2,2026-04-25T19:18:00Z,2,2026-04-25T19:00:00Z,43.4,2026-04-25T09:43:00Z,0,2026-05-05T13:49:00Z,0,2026-04-28T16:58:00Z
TX2-01933,2026-04-25T20:37:00Z,0,21.83,2026-04-25T20:37:00Z,94.2,2026-04-25T17:10:00Z,41.2,2026-04-25T20:16:00Z,6,2026-04-25T20:01:00Z,30.6,2026-04-25T00:37:00Z,0,2026-04-30T17:59:00Z,0,2026-04-27T20:37:00Z
TX2-01934,2026-04-26T00:28:00Z,0,357.28,2026-04-26T00:28:00Z,33.4,2026-04-25T23:35:00Z,28.2,2026-04-26T00:10:00Z,2,2026-04-26T00:00:00Z,36.3,2026-04-26T07:25:00Z,0,2026-05-02T15:22:00Z,0,2026-04-27T21:52:00Z
TX2-01935,2026-04-26T00:39:00Z,0,73.47,2026-04-26T00:39:00Z,28.7,2026-04-25T21:52:00Z,26.2,2026-04-26T00:12:00Z,2,2026-04-26T00:13:00Z,11.0,2026-04-25T09:54:00Z,0,2026-05-04T01:24:00Z,0,2026-04-27T02:15:00Z
TX2-01936,2026-04-26T03:48:00Z,0,130.07,2026-04-26T03:48:00Z,37.8,2026-04-26T03:12:00Z,45.9,2026-04-26T03:47:00Z,5,2026-04-26T03:36:00Z,40.6,2026-04-25T11:08:00Z,0,2026-04-29T23:37:00Z,0,2026-04-29T03:09:00Z
TX2-01937,2026-04-26T04:21:00Z,0,21.51,2026-04-26T04:21:00Z,50.0,2026-04-25T22:36:00Z,27.8,2026-04-26T04:03:00Z,3,2026-04-26T03:59:00Z,13.8,2026-04-25T09:02:00Z,0,2026-05-05T01:43:00Z,0,2026-04-27T22:07:00Z
TX2-01938,2026-04-26T05:56:00Z,0,46.15,2026-04-26T05:56:00Z,49.6,2026-04-26T00:50:00Z,46.0,2026-04-26T05:37:00Z,2,2026-04-26T05:09:00Z,29.9,2026-04-25T22:37:00Z,0,2026-05-03T19:37:00Z,0,2026-04-28T00:30:00Z
TX2-01939,2026-04-26T09:57:00Z,0,44.9,2026-04-26T09:57:00Z,66.7,2026-04-26T09:49:00Z,8.7,2026-04-26T09:35:00Z,1,2026-04-26T09:22:00Z,16.4,2026-04-26T04:48:00Z,0,2026-04-29T18:08:00Z,0,2026-04-28T21:57:00Z
TX2-01940,2026-04-26T09:59:00Z,0,62.56,2026-04-26T09:59:00Z,55.8,2026-04-26T09:01:00Z,21.5,2026-04-26T09:51:00Z,1,2026-04-26T09:38:00Z,26.0,2026-04-26T05:14:00Z,0,2026-04-30T09:32:00Z,0,2026-04-29T08:47:00Z
TX2-01941,2026-04-26T10:12:00Z,0,28.24,2026-04-26T10:12:00Z,60.4,2026-04-26T07:59:00Z,42.7,2026-04-26T09:49:00Z,1,2026-04-26T09:24:00Z,34.9,2026-04-26T00:44:00Z,1,2026-05-05T21:52:00Z,0,2026-04-28T20:15:00Z
TX2-01942,2026-04-26T10:15:00Z,0,42.49,2026-04-26T10:15:00Z,61.6,2026-04-26T08:49:00Z,28.9,2026-04-26T10:08:00Z,3,2026-04-26T09:23:00Z,15.6,2026-04-26T07:26:00Z,0,2026-05-03T18:32:00Z,0,2026-04-29T09:30:00Z
TX2-01943,2026-04-26T11:09:00Z,0,36.93,2026-04-26T11:09:00Z,68.3,2026-04-26T09:12:00Z,27.0,2026-04-26T11:05:00Z,0,2026-04-26T10:30:00Z,25.0,2026-04-25T19:59:00Z,0,2026-04-30T08:38:00Z,0,2026-04-28T13:03:00Z
TX2-01944,2026-04-26T11:41:00Z,0,35.3,2026-04-26T11:41:00Z,48.6,2026-04-26T08:23:00Z,38.8,2026-04-26T11:20:00Z,2,2026-04-26T11:07:00Z,24.7,2026-04-25T23:42:00Z,0,2026-05-06T05:14:00Z,0,2026-04-29T01:57:00Z
TX2-01945,2026-04-26T13:10:00Z,0,48.79,2026-04-26T13:10:00Z,58.9,2026-04-26T09:10:00Z,28.0,2026-04-26T13:02:00Z,1,2026-04-26T12:21:00Z,22.2,2026-04-25T23:46:00Z,1,2026-05-03T00:50:00Z,0,2026-04-28T16:21:00Z
TX2-01946,2026-04-26T17:39:00Z,0,64.21,2026-04-26T17:39:00Z,40.8,2026-04-26T16:26:00Z,52.8,2026-04-26T17:12:00Z,4,2026-04-26T17:35:00Z,32.2,2026-04-26T15:39:00Z,0,2026-05-06T02:26:00Z,0,2026-04-28T21:13:00Z
TX2-01947,2026-04-26T18:05:00Z,0,45.46,2026-04-26T18:05:00Z,50.2,2026-04-26T17:36:00Z,33.4,2026-04-26T17:45:00Z,1,2026-04-26T17:11:00Z,38.0,2026-04-26T12:47:00Z,0,2026-05-02T23:35:00Z,0,2026-04-28T01:35:00Z
TX2-01948,2026-04-26T18:05:00Z,0,30.77,2026-04-26T18:05:00Z,33.0,2026-04-26T13:18:00Z,38.7,2026-04-26T17:39:00Z,0,2026-04-26T17:38:00Z,22.2,2026-04-26T13:38:00Z,0,2026-05-04T07:04:00Z,0,2026-04-29T03:12:00Z
TX2-01949,2026-04-26T18:14:00Z,0,199.84,2026-04-26T18:14:00Z,81.3,2026-04-26T15:31:00Z,51.6,2026-04-26T18:04:00Z,2,2026-04-26T17:50:00Z,29.9,2026-04-26T10:43:00Z,0,2026-04-30T10:44:00Z,0,2026-04-28T15:11:00Z
TX2-01950,2026-04-26T19:22:00Z,0,15.61,2026-04-26T19:22:00Z,33.5,2026-04-26T15:06:00Z,32.1,2026-04-26T19:15:00Z,2,2026-04-26T18:43:00Z,23.2,2026-04-26T02:31:00Z,0,2026-05-03T02:52:00Z,0,2026-04-27T20:41:00Z
TX2-01951,2026-04-26T19:33:00Z,0,53.16,2026-04-26T19:33:00Z,60.3,2026-04-26T14:43:00Z,47.3,2026-04-26T19:09:00Z,1,2026-04-26T18:53:00Z,30.9,2026-04-26T10:45:00Z,0,2026-05-01T09:09:00Z,2,2026-04-29T19:24:00Z
TX2-01952,2026-04-26T19:44:00Z,0,32.0,2026-04-26T19:44:00Z,28.2,2026-04-26T15:57:00Z,31.9,2026-04-26T19:27:00Z,1,2026-04-26T19:43:00Z,30.3,2026-04-26T11:31:00Z,0,2026-05-06T05:18:00Z,0,2026-04-28T01:10:00Z
TX2-01953,2026-04-26T20:20:00Z,0,256.73,2026-04-26T20:20:00Z,62.5,2026-04-26T20:14:00Z,31.0,2026-04-26T19:59:00Z,4,2026-04-26T19:57:00Z,31.5,2026-04-26T17:48:00Z,0,2026-04-30T23:00:00Z,0,2026-04-29T12:52:00Z
TX2-01954,2026-04-26T23:00:00Z,0,37.71,2026-04-26T23:00:00Z,62.6,2026-04-26T22:53:00Z,44.7,2026-04-26T22:46:00Z,2,2026-04-26T22:55:00Z,27.6,2026-04-26T06:31:00Z,0,2026-05-02T00:33:00Z,0,2026-04-28T12:17:00Z
TX2-01955,2026-04-26T23:12:00Z,0,15.61,2026-04-26T23:12:00Z,57.4,2026-04-26T19:04:00Z,45.1,2026-04-26T22:43:00Z,6,2026-04-26T22:46:00Z,27.0,2026-04-26T13:33:00Z,0,2026-05-03T17:21:00Z,0,2026-04-29T18:07:00Z
TX2-01956,2026-04-27T00:08:00Z,0,72.94,2026-04-27T00:08:00Z,59.1,2026-04-26T18:38:00Z,52.2,2026-04-26T23:58:00Z,3,2026-04-26T23:51:00Z,40.0,2026-04-26T18:00:00Z,0,2026-05-01T21:04:00Z,0,2026-04-29T17:50:00Z
TX2-01957,2026-04-27T00:52:00Z,0,74.46,2026-04-27T00:52:00Z,49.0,2026-04-26T22:50:00Z,30.3,2026-04-27T00:39:00Z,3,2026-04-26T23:56:00Z,19.3,2026-04-26T15:22:00Z,0,2026-04-30T10:26:00Z,0,2026-04-29T09:53:00Z
TX2-01958,2026-04-27T01:19:00Z,0,13.17,2026-04-27T01:19:00Z,57.4,2026-04-26T23:28:00Z,28.1,2026-04-27T01:18:00Z,3,2026-04-27T01:01:00Z,25.2,2026-04-26T12:58:00Z,0,2026-05-04T21:33:00Z,0,2026-04-29T04:05:00Z
TX2-01959,2026-04-27T02:36:00Z,0,253.1,2026-04-27T02:36:00Z,39.5,2026-04-27T02:18:00Z,41.2,2026-04-27T02:31:00Z,2,2026-04-27T01:58:00Z,22.0,2026-04-26T19:21:00Z,0,2026-05-03T06:56:00Z,0,2026-04-29T03:43:00Z
TX2-01960,2026-04-27T02:50:00Z,0,29.55,2026-04-27T02:50:00Z,33.8,2026-04-26T21:48:00Z,44.8,2026-04-27T02:28:00Z,3,2026-04-27T02:13:00Z,29.0,2026-04-26T21:24:00Z,0,2026-05-01T06:30:00Z,0,2026-04-29T06:39:00Z
TX2-01961,2026-04-27T04:09:00Z,1,77.85,2026-04-27T04:09:00Z,45.9,2026-04-26T22:50:00Z,43.1,2026-04-27T03:44:00Z,2,2026-04-27T04:08:00Z,19.8,2026-04-26T21:46:00Z,1,2026-05-06T09:57:00Z,2,2026-04-30T02:14:00Z
TX2-01962,2026-04-27T05:21:00Z,0,17.94,2026-04-27T05:21:00Z,30.6,2026-04-26T23:54:00Z,47.8,2026-04-27T05:11:00Z,3,2026-04-27T04:42:00Z,35.1,2026-04-26T13:42:00Z,0,2026-05-06T00:09:00Z,0,2026-04-29T02:17:00Z
TX2-01963,2026-04-27T06:40:00Z,0,510.29,2026-04-27T06:40:00Z,47.7,2026-04-27T04:34:00Z,39.7,2026-04-27T06:31:00Z,2,2026-04-27T06:13:00Z,18.7,2026-04-26T20:55:00Z,0,2026-04-30T07:15:00Z,0,2026-04-30T03:43:00Z
TX2-01964,2026-04-27T09:32:00Z,0,66.28,2026-04-27T09:32:00Z,56.5,2026-04-27T09:02:00Z,32.1,2026-04-27T09:12:00Z,4,2026-04-27T09:23:00Z,30.9,2026-04-27T03:17:00Z,0,2026-05-05T00:14:00Z,1,2026-04-29T23:03:00Z
TX2-01965,2026-04-27T09:51:00Z,0,121.66,2026-04-27T09:51:00Z,49.1,2026-04-27T08:07:00Z,33.0,2026-04-27T09:27:00Z,1,2026-04-27T09:50:00Z,31.5,2026-04-26T21:50:00Z,0,2026-05-05T21:19:00Z,0,2026-04-29T17:53:00Z
TX2-01966,2026-04-27T10:06:00Z,0,833.36,2026-04-27T10:06:00Z,49.3,2026-04-27T04:39:00Z,52.1,2026-04-27T09:57:00Z,1,2026-04-27T09:19:00Z,31.1,2026-04-27T01:50:00Z,0,2026-05-06T23:52:00Z,0,2026-04-29T11:15:00Z
TX2-01967,2026-04-27T12:14:00Z,0,62.29,2026-04-27T12:14:00Z,32.3,2026-04-27T11:44:00Z,28.3,2026-04-27T11:59:00Z,0,2026-04-27T11:24:00Z,24.4,2026-04-27T04:38:00Z,0,2026-05-04T17:40:00Z,0,2026-04-28T23:20:00Z
TX2-01968,2026-04-27T12:32:00Z,0,57.38,2026-04-27T12:32:00Z,48.2,2026-04-27T11:58:00Z,37.6,2026-04-27T12:31:00Z,4,2026-04-27T11:49:00Z,34.5,2026-04-27T03:57:00Z,0,2026-05-01T16:37:00Z,0,2026-04-29T22:45:00Z
TX2-01969,2026-04-27T13:07:00Z,0,1.81,2026-04-27T13:07:00Z,30.2,2026-04-27T07:26:00Z,38.5,2026-04-27T12:52:00Z,1,2026-04-27T13:01:00Z,16.4,2026-04-27T06:30:00Z,0,2026-05-05T03:15:00Z,0,2026-04-30T10:33:00Z
TX2-01970,2026-04-27T17:40:00Z,0,70.43,2026-04-27T17:40:00Z,55.2,2026-04-27T16:03:00Z,45.7,2026-04-27T17:16:00Z,2,2026-04-27T17:00:00Z,21.6,2026-04-27T07:26:00Z,0,2026-05-06T08:31:00Z,0,2026-04-30T00:07:00Z
TX2-01971,2026-04-27T18:12:00Z,0,262.21,2026-04-27T18:12:00Z,57.1,2026-04-27T14:53:00Z,52.0,2026-04-27T17:53:00Z,1,2026-04-27T17:32:00Z,44.3,2026-04-26T23:35:00Z,0,2026-05-01T14:09:00Z,1,2026-04-29T08:29:00Z
TX2-01972,2026-04-27T18:30:00Z,0,36.57,2026-04-27T18:30:00Z,60.6,2026-04-27T15:43:00Z,43.5,2026-04-27T18:23:00Z,0,2026-04-27T18:17:00Z,29.5,2026-04-27T04:20:00Z,0,2026-05-02T02:20:00Z,0,2026-04-30T03:49:00Z
TX2-01973,2026-04-27T20:23:00Z,1,95.56,2026-04-27T20:23:00Z,33.1,2026-04-27T20:17:00Z,59.3,2026-04-27T20:14:00Z,0,2026-04-27T19:41:00Z,41.6,2026-04-28T03:32:00Z,1,2026-05-04T10:07:00Z,2,2026-04-29T12:41:00Z
TX2-01974,2026-04-28T00:09:00Z,0,84.38,2026-04-28T00:09:00Z,60.5,2026-04-27T23:12:00Z,63.1,2026-04-27T23:50:00Z,1,2026-04-27T23:58:00Z,42.7,2026-04-28T03:06:00Z,0,2026-05-05T10:07:00Z,0,2026-04-29T15:59:00Z
TX2-01975,2026-04-28T00:15:00Z,0,44.79,2026-04-28T00:15:00Z,58.1,2026-04-27T20:03:00Z,60.6,2026-04-27T23:49:00Z,1,2026-04-27T23:37:00Z,25.2,2026-04-27T23:12:00Z,0,2026-05-06T00:09:00Z,0,2026-04-29T14:45:00Z
TX2-01976,2026-04-28T00:17:00Z,0,108.23,2026-04-28T00:17:00Z,60.0,2026-04-27T21:52:00Z,41.6,2026-04-28T00:14:00Z,2,2026-04-27T23:21:00Z,33.2,2026-04-27T10:31:00Z,0,2026-05-01T06:58:00Z,0,2026-04-29T14:47:00Z
TX2-01977,2026-04-28T03:26:00Z,0,14.03,2026-04-28T03:26:00Z,34.7,2026-04-28T00:49:00Z,47.5,2026-04-28T03:05:00Z,4,2026-04-28T02:50:00Z,27.6,2026-04-27T23:22:00Z,0,2026-05-07T03:04:00Z,0,2026-04-30T18:09:00Z
TX2-01978,2026-04-28T04:14:00Z,0,76.79,2026-04-28T04:14:00Z,41.9,2026-04-28T03:47:00Z,51.9,2026-04-28T04:04:00Z,4,2026-04-28T04:03:00Z,25.9,2026-04-28T12:46:00Z,0,2026-05-04T16:09:00Z,0,2026-04-30T15:37:00Z
TX2-01979,2026-04-28T05:48:00Z,0,95.17,2026-04-28T05:48:00Z,36.7,2026-04-28T04:18:00Z,40.1,2026-04-28T05:43:00Z,3,2026-04-28T04:57:00Z,29.8,2026-04-27T19:50:00Z,0,2026-05-02T18:56:00Z,1,2026-04-30T17:35:00Z
TX2-01980,2026-04-28T09:19:00Z,0,10.35,2026-04-28T09:19:00Z,47.5,2026-04-28T04:56:00Z,27.4,2026-04-28T08:51:00Z,5,2026-04-28T08:55:00Z,21.7,2026-04-28T17:16:00Z,0,2026-05-06T19:14:00Z,0,2026-04-30T15:16:00Z
TX2-01981,2026-04-28T11:22:00Z,0,336.06,2026-04-28T11:22:00Z,53.8,2026-04-28T07:35:00Z,45.0,2026-04-28T10:58:00Z,1,2026-04-28T11:02:00Z,29.0,2026-04-28T10:06:00Z,0,2026-05-04T18:57:00Z,0,2026-04-29T11:57:00Z
TX2-01982,2026-04-28T17:35:00Z,0,17.67,2026-04-28T17:35:00Z,37.8,2026-04-28T15:02:00Z,41.9,2026-04-28T17:22:00Z,2,2026-04-28T16:37:00Z,31.9,2026-04-28T19:53:00Z,0,2026-05-02T23:23:00Z,1,2026-04-30T00:47:00Z
TX2-01983,2026-04-28T18:38:00Z,0,68.12,2026-04-28T18:38:00Z,52.3,2026-04-28T18:14:00Z,47.7,2026-04-28T18:22:00Z,2,2026-04-28T18:10:00Z,29.5,2026-04-28T07:07:00Z,0,2026-05-06T12:24:00Z,0,2026-04-30T06:41:00Z
TX2-01984,2026-04-28T19:29:00Z,0,40.5,2026-04-28T19:29:00Z,38.5,2026-04-28T16:28:00Z,54.2,2026-04-28T19:02:00Z,1,2026-04-28T18:31:00Z,42.1,2026-04-28T07:30:00Z,0,2026-05-07T10:54:00Z,0,2026-04-29T23:08:00Z
TX2-01985,2026-04-28T20:34:00Z,0,122.84,2026-04-28T20:34:00Z,38.6,2026-04-28T16:31:00Z,69.0,2026-04-28T20:26:00Z,4,2026-04-28T20:30:00Z,26.7,2026-04-28T11:14:00Z,0,2026-05-06T16:39:00Z,0,2026-05-01T20:30:00Z
TX2-01986,2026-04-28T21:47:00Z,0,15.75,2026-04-28T21:47:00Z,41.1,2026-04-28T17:12:00Z,47.9,2026-04-28T21:26:00Z,4,2026-04-28T20:48:00Z,26.4,2026-04-28T06:24:00Z,0,2026-05-04T21:56:00Z,0,2026-05-01T11:12:00Z
TX2-01987,2026-04-28T22:13:00Z,1,20.4,2026-04-28T22:13:00Z,62.1,2026-04-28T16:52:00Z,43.4,2026-04-28T21:45:00Z,2,2026-04-28T21:18:00Z,36.1,2026-04-29T03:05:00Z,1,2026-05-07T17:22:00Z,2,2026-04-30T15:47:00Z
TX2-01988,2026-04-29T00:55:00Z,0,306.86,2026-04-29T00:55:00Z,54.6,2026-04-28T19:54:00Z,31.6,2026-04-29T00:45:00Z,1,2026-04-29T00:21:00Z,29.7,2026-04-28T07:46:00Z,0,2026-05-08T13:12:00Z,0,2026-05-01T22:12:00Z
TX2-01989,2026-04-29T05:34:00Z,0,9.77,2026-04-29T05:34:00Z,47.4,2026-04-29T02:20:00Z,51.2,2026-04-29T05:26:00Z,3,2026-04-29T05:28:00Z,53.6,2026-04-29T10:21:00Z,0,2026-05-06T01:49:00Z,0,2026-05-01T18:37:00Z
TX2-01990,2026-04-29T07:16:00Z,1,43.59,2026-04-29T07:16:00Z,60.3,2026-04-29T05:01:00Z,38.8,2026-04-29T07:08:00Z,4,2026-04-29T07:04:00Z,38.4,2026-04-28T17:50:00Z,1,2026-05-03T06:41:00Z,0,2026-04-30T09:45:00Z
TX2-01991,2026-04-29T07:42:00Z,0,74.41,2026-04-29T07:42:00Z,38.0,2026-04-29T02:37:00Z,30.9,2026-04-29T07:40:00Z,2,2026-04-29T07:35:00Z,25.5,2026-04-28T23:13:00Z,0,2026-05-07T12:00:00Z,0,2026-04-30T17:35:00Z
TX2-01992,2026-04-29T07:44:00Z,0,36.1,2026-04-29T07:44:00Z,56.2,2026-04-29T02:20:00Z,28.0,2026-04-29T07:18:00Z,1,2026-04-29T07:12:00Z,31.0,2026-04-28T15:06:00Z,0,2026-05-05T12:13:00Z,0,2026-04-30T16:41:00Z
TX2-01993,2026-04-29T09:01:00Z,1,181.55,2026-04-29T09:01:00Z,62.9,2026-04-29T04:13:00Z,44.0,2026-04-29T08:36:00Z,5,2026-04-29T08:19:00Z,46.6,2026-04-28T19:54:00Z,1,2026-05-04T14:24:00Z,0,2026-04-30T18:42:00Z
TX2-01994,2026-04-29T09:08:00Z,0,15.18,2026-04-29T09:08:00Z,49.4,2026-04-29T04:35:00Z,42.3,2026-04-29T08:49:00Z,1,2026-04-29T08:27:00Z,38.7,2026-04-28T20:43:00Z,0,2026-05-08T01:51:00Z,0,2026-04-30T15:44:00Z
TX2-01995,2026-04-29T10:15:00Z,1,48.82,2026-04-29T10:15:00Z,38.8,2026-04-29T04:57:00Z,53.9,2026-04-29T09:47:00Z,1,2026-04-29T09:42:00Z,41.1,2026-04-29T04:37:00Z,0,2026-05-08T14:19:00Z,2,2026-05-01T07:29:00Z
TX2-01996,2026-04-29T11:10:00Z,0,25.89,2026-04-29T11:10:00Z,51.7,2026-04-29T08:33:00Z,36.1,2026-04-29T10:56:00Z,4,2026-04-29T10:12:00Z,30.5,2026-04-29T09:32:00Z,0,2026-05-05T20:42:00Z,0,2026-05-01T01:51:00Z
TX2-01997,2026-04-29T12:08:00Z,0,20.55,2026-04-29T12:08:00Z,30.7,2026-04-29T08:53:00Z,40.9,2026-04-29T11:55:00Z,4,2026-04-29T11:56:00Z,30.5,2026-04-28T20:37:00Z,0,2026-05-07T12:16:00Z,0,2026-04-30T20:24:00Z
TX2-01998,2026-04-29T12:40:00Z,0,84.14,2026-04-29T12:40:00Z,49.9,2026-04-29T06:42:00Z,32.4,2026-04-29T12:16:00Z,0,2026-04-29T12:38:00Z,17.1,2026-04-29T21:01:00Z,0,2026-05-05T19:47:00Z,0,2026-05-01T08:41:00Z
TX2-01999,2026-04-29T13:32:00Z,0,26.77,2026-04-29T13:32:00Z,38.4,2026-04-29T11:33:00Z,40.8,2026-04-29T13:16:00Z,1,2026-04-29T13:00:00Z,31.5,2026-04-28T22:00:00Z,0,2026-05-06T15:40:00Z,0,2026-04-30T17:46:00Z
TX2-02000,2026-04-29T14:46:00Z,0,192.11,2026-04-29T14:46:00Z,24.0,2026-04-29T13:39:00Z,54.6,2026-04-29T14:35:00Z,2,2026-04-29T14:38:00Z,22.0,2026-04-28T19:20:00Z,0,2026-05-07T03:08:00Z,0,2026-05-02T14:15:00Z
TX2-02001,2026-04-29T15:25:00Z,0,105.8,2026-04-29T15:25:00Z,22.8,2026-04-29T14:56:00Z,45.1,2026-04-29T15:00:00Z,1,2026-04-29T15:03:00Z,25.9,2026-04-29T02:07:00Z,0,2026-05-08T19:59:00Z,0,2026-05-01T00:43:00Z
TX2-02002,2026-04-29T15:45:00Z,0,51.95,2026-04-29T15:45:00Z,47.8,2026-04-29T14:02:00Z,56.6,2026-04-29T15:17:00Z,7,2026-04-29T15:09:00Z,51.4,2026-04-29T18:27:00Z,0,2026-05-04T23:49:00Z,0,2026-05-01T17:38:00Z
TX2-02003,2026-04-29T16:47:00Z,0,32.3,2026-04-29T16:47:00Z,67.5,2026-04-29T12:24:00Z,31.3,2026-04-29T16:23:00Z,0,2026-04-29T16:32:00Z,39.6,2026-04-29T08:10:00Z,0,2026-05-05T09:51:00Z,1,2026-04-30T21:19:00Z
TX2-02004,2026-04-29T17:03:00Z,0,42.33,2026-04-29T17:03:00Z,63.6,2026-04-29T15:09:00Z,52.9,2026-04-29T17:00:00Z,2,2026-04-29T16:37:00Z,33.9,2026-04-28T23:39:00Z,0,2026-05-09T16:55:00Z,0,2026-05-02T10:58:00Z
TX2-02005,2026-04-29T17:05:00Z,0,21.79,2026-04-29T17:05:00Z,51.7,2026-04-29T14:08:00Z,39.9,2026-04-29T16:52:00Z,1,2026-04-29T16:12:00Z,40.4,2026-04-29T14:08:00Z,0,2026-05-04T20:26:00Z,0,2026-05-02T08:35:00Z
TX2-02006,2026-04-29T17:59:00Z,0,53.09,2026-04-29T17:59:00Z,41.9,2026-04-29T15:03:00Z,43.8,2026-04-29T17:42:00Z,6,2026-04-29T17:52:00Z,20.4,2026-04-29T07:46:00Z,0,2026-05-07T05:15:00Z,0,2026-05-02T01:26:00Z
TX2-02007,2026-04-29T18:11:00Z,0,25.36,2026-04-29T18:11:00Z,46.9,2026-04-29T15:45:00Z,43.5,2026-04-29T18:03:00Z,2,2026-04-29T17:32:00Z,18.8,2026-04-29T14:34:00Z,0,2026-05-06T16:34:00Z,0,2026-05-02T11:06:00Z
TX2-02008,2026-04-29T20:12:00Z,0,42.89,2026-04-29T20:12:00Z,45.2,2026-04-29T19:03:00Z,31.5,2026-04-29T19:58:00Z,1,2026-04-29T19:57:00Z,30.2,2026-04-29T10:50:00Z,0,2026-05-07T10:50:00Z,2,2026-05-01T13:54:00Z
TX2-02009,2026-04-29T22:10:00Z,0,63.37,2026-04-29T22:10:00Z,63.9,2026-04-29T16:35:00Z,59.1,2026-04-29T21:59:00Z,1,2026-04-29T21:15:00Z,24.4,2026-04-29T14:09:00Z,0,2026-05-06T00:15:00Z,0,2026-05-02T04:03:00Z
TX2-02010,2026-04-30T06:52:00Z,0,128.8,2026-04-30T06:52:00Z,40.4,2026-04-30T05:45:00Z,39.3,2026-04-30T06:38:00Z,1,2026-04-30T06:41:00Z,35.6,2026-04-30T05:02:00Z,0,2026-05-03T21:22:00Z,0,2026-05-03T01:07:00Z
TX2-02011,2026-04-30T09:03:00Z,0,109.25,2026-04-30T09:03:00Z,44.7,2026-04-30T06:46:00Z,46.1,2026-04-30T08:41:00Z,1,2026-04-30T08:08:00Z,33.1,2026-04-29T21:22:00Z,0,2026-05-08T05:32:00Z,0,2026-05-01T15:50:00Z
TX2-02012,2026-04-30T09:50:00Z,0,239.28,2026-04-30T09:50:00Z,47.7,2026-04-30T05:04:00Z,33.5,2026-04-30T09:42:00Z,2,2026-04-30T09:35:00Z,21.5,2026-04-29T15:56:00Z,0,2026-05-10T06:56:00Z,0,2026-05-03T08:33:00Z
TX2-02013,2026-04-30T10:07:00Z,0,77.37,2026-04-30T10:07:00Z,43.9,2026-04-30T09:01:00Z,27.0,2026-04-30T09:43:00Z,1,2026-04-30T09:38:00Z,27.2,2026-04-29T23:41:00Z,0,2026-05-05T13:43:00Z,0,2026-05-01T12:32:00Z
TX2-02014,2026-04-30T11:01:00Z,0,17.38,2026-04-30T11:01:00Z,43.6,2026-04-30T08:06:00Z,37.4,2026-04-30T10:58:00Z,3,2026-04-30T10:34:00Z,15.0,2026-04-29T22:17:00Z,0,2026-05-10T09:12:00Z,1,2026-05-02T01:21:00Z
TX2-02015,2026-04-30T13:37:00Z,0,91.27,2026-04-30T13:37:00Z,41.6,2026-04-30T07:45:00Z,24.5,2026-04-30T13:12:00Z,1,2026-04-30T12:37:00Z,24.5,2026-04-29T18:46:00Z,0,2026-05-07T16:02:00Z,0,2026-05-01T18:47:00Z
TX2-02016,2026-04-30T14:08:00Z,0,31.56,2026-04-30T14:08:00Z,50.9,2026-04-30T11:58:00Z,31.9,2026-04-30T14:02:00Z,0,2026-04-30T13:53:00Z,29.4,2026-04-30T06:42:00Z,0,2026-05-10T09:18:00Z,0,2026-05-02T19:41:00Z
TX2-02017,2026-04-30T14:11:00Z,1,1043.83,2026-04-30T14:11:00Z,60.4,2026-04-30T11:40:00Z,50.3,2026-04-30T13:57:00Z,4,2026-04-30T13:38:00Z,35.3,2026-04-30T02:35:00Z,1,2026-05-08T23:48:00Z,0,2026-05-03T04:08:00Z
TX2-02018,2026-04-30T19:49:00Z,0,50.02,2026-04-30T19:49:00Z,54.6,2026-04-30T15:42:00Z,37.6,2026-04-30T19:24:00Z,0,2026-04-30T18:52:00Z,31.4,2026-05-01T03:09:00Z,0,2026-05-10T06:01:00Z,0,2026-05-02T18:59:00Z
TX2-02019,2026-05-01T01:28:00Z,0,49.89,2026-05-01T01:28:00Z,61.7,2026-05-01T00:26:00Z,46.4,2026-05-01T01:20:00Z,4,2026-05-01T00:56:00Z,19.6,2026-04-30T06:54:00Z,0,2026-05-04T15:26:00Z,0,2026-05-02T07:53:00Z
TX2-02020,2026-05-01T06:57:00Z,0,65.06,2026-05-01T06:57:00Z,56.6,2026-05-01T02:16:00Z,40.5,2026-05-01T06:33:00Z,3,2026-05-01T06:15:00Z,28.6,2026-05-01T01:18:00Z,0,2026-05-09T21:12:00Z,0,2026-05-02T14:50:00Z
TX2-02021,2026-05-01T10:10:00Z,0,48.22,2026-05-01T10:10:00Z,26.6,2026-05-01T07:25:00Z,47.5,2026-05-01T10:04:00Z,2,2026-05-01T09:36:00Z,23.1,2026-05-01T02:01:00Z,0,2026-05-07T11:22:00Z,0,2026-05-03T18:24:00Z
TX2-02022,2026-05-01T12:01:00Z,0,296.88,2026-05-01T12:01:00Z,39.1,2026-05-01T06:14:00Z,34.2,2026-05-01T11:58:00Z,1,2026-05-01T11:05:00Z,40.0,2026-04-30T22:14:00Z,0,2026-05-09T23:10:00Z,0,2026-05-03T12:46:00Z
TX2-02023,2026-05-01T12:50:00Z,0,21.33,2026-05-01T12:50:00Z,45.6,2026-05-01T08:21:00Z,25.8,2026-05-01T12:21:00Z,1,2026-05-01T12:03:00Z,20.1,2026-04-30T21:51:00Z,0,2026-05-10T06:20:00Z,0,2026-05-04T07:53:00Z
TX2-02024,2026-05-01T13:22:00Z,0,96.89,2026-05-01T13:22:00Z,54.2,2026-05-01T10:19:00Z,57.8,2026-05-01T12:56:00Z,2,2026-05-01T13:13:00Z,23.8,2026-05-01T09:44:00Z,0,2026-05-09T20:18:00Z,0,2026-05-04T08:54:00Z
TX2-02025,2026-05-01T14:07:00Z,0,63.28,2026-05-01T14:07:00Z,33.9,2026-05-01T10:02:00Z,34.6,2026-05-01T13:42:00Z,3,2026-05-01T14:04:00Z,28.4,2026-05-01T07:27:00Z,0,2026-05-09T21:28:00Z,0,2026-05-03T14:22:00Z
TX2-02026,2026-05-01T15:29:00Z,0,23.84,2026-05-01T15:29:00Z,41.4,2026-05-01T13:54:00Z,52.7,2026-05-01T15:27:00Z,0,2026-05-01T15:09:00Z,32.6,2026-04-30T22:20:00Z,0,2026-05-07T07:28:00Z,1,2026-05-03T01:35:00Z
TX2-02027,2026-05-02T02:14:00Z,0,30.71,2026-05-02T02:14:00Z,41.0,2026-05-01T21:03:00Z,26.7,2026-05-02T01:53:00Z,2,2026-05-02T01:20:00Z,22.8,2026-05-01T20:31:00Z,0,2026-05-07T15:49:00Z,1,2026-05-03T23:47:00Z
TX2-02028,2026-05-02T02:36:00Z,0,79.44,2026-05-02T02:36:00Z,64.5,2026-05-02T00:49:00Z,37.1,2026-05-02T02:20:00Z,3,2026-05-02T01:49:00Z,33.7,2026-05-01T16:31:00Z,0,2026-05-08T14:53:00Z,0,2026-05-03T07:34:00Z
TX2-02029,2026-05-02T02:39:00Z,1,159.58,2026-05-02T02:39:00Z,58.8,2026-05-01T21:16:00Z,32.6,2026-05-02T02:20:00Z,0,2026-05-02T02:19:00Z,28.8,2026-05-01T22:41:00Z,1,2026-05-06T10:43:00Z,0,2026-05-04T10:05:00Z
TX2-02030,2026-05-02T07:38:00Z,0,18.21,2026-05-02T07:38:00Z,23.7,2026-05-02T02:10:00Z,24.1,2026-05-02T07:20:00Z,1,2026-05-02T07:00:00Z,19.8,2026-05-01T16:10:00Z,0,2026-05-09T15:27:00Z,2,2026-05-04T05:58:00Z
TX2-02031,2026-05-02T09:29:00Z,0,183.54,2026-05-02T09:29:00Z,68.6,2026-05-02T06:12:00Z,53.7,2026-05-02T09:05:00Z,2,2026-05-02T08:34:00Z,26.5,2026-05-02T02:01:00Z,0,2026-05-05T11:05:00Z,0,2026-05-03T19:58:00Z
TX2-02032,2026-05-02T11:36:00Z,0,12.13,2026-05-02T11:36:00Z,60.5,2026-05-02T05:50:00Z,29.7,2026-05-02T11:35:00Z,2,2026-05-02T11:04:00Z,31.7,2026-05-02T03:27:00Z,0,2026-05-07T11:55:00Z,0,2026-05-05T09:56:00Z
TX2-02033,2026-05-02T12:04:00Z,0,78.78,2026-05-02T12:04:00Z,60.0,2026-05-02T08:08:00Z,18.4,2026-05-02T11:56:00Z,1,2026-05-02T11:09:00Z,19.0,2026-05-02T01:37:00Z,0,2026-05-08T19:31:00Z,0,2026-05-04T07:53:00Z
TX2-02034,2026-05-02T13:15:00Z,1,49.92,2026-05-02T13:15:00Z,61.5,2026-05-02T09:59:00Z,46.8,2026-05-02T13:01:00Z,2,2026-05-02T12:48:00Z,32.9,2026-05-02T08:23:00Z,1,2026-05-10T08:46:00Z,0,2026-05-04T18:33:00Z
TX2-02035,2026-05-02T17:52:00Z,0,22.82,2026-05-02T17:52:00Z,39.9,2026-05-02T15:40:00Z,43.2,2026-05-02T17:44:00Z,1,2026-05-02T17:21:00Z,27.5,2026-05-02T03:51:00Z,0,2026-05-08T11:37:00Z,0,2026-05-04T01:54:00Z
TX2-02036,2026-05-02T19:12:00Z,0,69.19,2026-05-02T19:12:00Z,25.0,2026-05-02T16:13:00Z,37.6,2026-05-02T19:02:00Z,1,2026-05-02T19:01:00Z,35.3,2026-05-02T06:34:00Z,0,2026-05-06T18:16:00Z,1,2026-05-05T18:00:00Z
TX2-02037,2026-05-02T20:11:00Z,0,46.32,2026-05-02T20:11:00Z,56.7,2026-05-02T17:42:00Z,47.1,2026-05-02T19:42:00Z,1,2026-05-02T19:14:00Z,18.4,2026-05-03T00:55:00Z,0,2026-05-06T07:28:00Z,0,2026-05-05T14:38:00Z
TX2-02038,2026-05-02T21:01:00Z,0,43.41,2026-05-02T21:01:00Z,34.0,2026-05-02T20:41:00Z,35.6,2026-05-02T20:49:00Z,0,2026-05-02T20:41:00Z,35.4,2026-05-02T17:33:00Z,0,2026-05-08T07:38:00Z,0,2026-05-03T23:53:00Z
TX2-02039,2026-05-03T00:11:00Z,0,80.08,2026-05-03T00:11:00Z,51.9,2026-05-02T21:56:00Z,40.0,2026-05-02T23:42:00Z,3,2026-05-02T23:27:00Z,35.4,2026-05-03T02:33:00Z,0,2026-05-08T02:10:00Z,0,2026-05-04T02:51:00Z
TX2-02040,2026-05-03T01:37:00Z,0,46.21,2026-05-03T01:37:00Z,66.4,2026-05-02T23:51:00Z,32.6,2026-05-03T01:35:00Z,2,2026-05-03T01:30:00Z,33.8,2026-05-02T12:42:00Z,0,2026-05-08T13:16:00Z,0,2026-05-04T11:07:00Z
TX2-02041,2026-05-03T02:04:00Z,0,34.67,2026-05-03T02:04:00Z,48.9,2026-05-02T23:32:00Z,68.8,2026-05-03T02:00:00Z,1,2026-05-03T01:07:00Z,41.5,2026-05-02T12:13:00Z,0,2026-05-11T20:25:00Z,0,2026-05-04T11:18:00Z
TX2-02042,2026-05-03T02:27:00Z,0,36.05,2026-05-03T02:27:00Z,56.0,2026-05-02T21:15:00Z,59.4,2026-05-03T02:01:00Z,2,2026-05-03T02:13:00Z,28.0,2026-05-02T21:49:00Z,0,2026-05-08T18:33:00Z,0,2026-05-04T16:38:00Z
TX2-02043,2026-05-03T02:47:00Z,0,26.66,2026-05-03T02:47:00Z,67.7,2026-05-03T01:28:00Z,35.3,2026-05-03T02:36:00Z,1,2026-05-03T01:59:00Z,33.0,2026-05-02T12:32:00Z,0,2026-05-07T10:17:00Z,0,2026-05-05T09:05:00Z
TX2-02044,2026-05-03T03:24:00Z,0,171.68,2026-05-03T03:24:00Z,35.4,2026-05-02T21:38:00Z,38.0,2026-05-03T03:08:00Z,2,2026-05-03T03:04:00Z,34.9,2026-05-03T00:35:00Z,0,2026-05-10T23:53:00Z,0,2026-05-05T22:39:00Z
TX2-02045,2026-05-03T06:25:00Z,0,21.47,2026-05-03T06:25:00Z,49.0,2026-05-03T00:49:00Z,13.8,2026-05-03T06:18:00Z,0,2026-05-03T05:51:00Z,22.4,2026-05-02T22:27:00Z,0,2026-05-10T00:33:00Z,0,2026-05-05T09:47:00Z
TX2-02046,2026-05-03T06:41:00Z,1,192.44,2026-05-03T06:41:00Z,56.2,2026-05-03T02:36:00Z,28.9,2026-05-03T06:15:00Z,5,2026-05-03T05:57:00Z,34.8,2026-05-02T12:43:00Z,1,2026-05-13T01:50:00Z,2,2026-05-05T16:39:00Z
TX2-02047,2026-05-03T06:58:00Z,0,55.29,2026-05-03T06:58:00Z,25.4,2026-05-03T06:18:00Z,42.3,2026-05-03T06:40:00Z,3,2026-05-03T06:32:00Z,25.7,2026-05-03T04:19:00Z,0,2026-05-07T12:26:00Z,0,2026-05-05T23:11:00Z
TX2-02048,2026-05-03T09:33:00Z,0,25.87,2026-05-03T09:33:00Z,43.9,2026-05-03T06:33:00Z,47.8,2026-05-03T09:28:00Z,1,2026-05-03T09:30:00Z,25.9,2026-05-03T06:49:00Z,0,2026-05-08T06:36:00Z,0,2026-05-04T19:28:00Z
TX2-02049,2026-05-03T09:48:00Z,0,85.45,2026-05-03T09:48:00Z,49.5,2026-05-03T08:40:00Z,57.9,2026-05-03T09:27:00Z,2,2026-05-03T08:57:00Z,33.9,2026-05-03T02:06:00Z,0,2026-05-07T14:21:00Z,0,2026-05-04T17:21:00Z
TX2-02050,2026-05-03T10:30:00Z,0,58.3,2026-05-03T10:30:00Z,54.0,2026-05-03T09:18:00Z,27.9,2026-05-03T10:10:00Z,4,2026-05-03T10:23:00Z,24.6,2026-05-02T16:47:00Z,0,2026-05-09T05:21:00Z,0,2026-05-05T07:25:00Z
TX2-02051,2026-05-03T11:04:00Z,0,51.5,2026-05-03T11:04:00Z,53.3,2026-05-03T08:27:00Z,45.1,2026-05-03T10:40:00Z,4,2026-05-03T10:05:00Z,27.4,2026-05-02T22:41:00Z,0,2026-05-08T01:16:00Z,1,2026-05-04T18:53:00Z
TX2-02052,2026-05-03T11:12:00Z,0,109.83,2026-05-03T11:12:00Z,44.3,2026-05-03T09:05:00Z,55.3,2026-05-03T10:49:00Z,6,2026-05-03T11:11:00Z,24.1,2026-05-02T21:03:00Z,0,2026-05-12T23:49:00Z,0,2026-05-06T09:33:00Z
TX2-02053,2026-05-03T12:36:00Z,0,39.11,2026-05-03T12:36:00Z,60.4,2026-05-03T09:06:00Z,51.2,2026-05-03T12:16:00Z,1,2026-05-03T12:01:00Z,29.3,2026-05-03T07:46:00Z,0,2026-05-13T09:59:00Z,0,2026-05-05T13:32:00Z
TX2-02054,2026-05-03T14:51:00Z,0,66.61,2026-05-03T14:51:00Z,58.2,2026-05-03T14:31:00Z,24.8,2026-05-03T14:25:00Z,0,2026-05-03T14:03:00Z,22.1,2026-05-03T06:59:00Z,0,2026-05-12T05:45:00Z,1,2026-05-05T15:01:00Z
TX2-02055,2026-05-03T15:14:00Z,0,30.15,2026-05-03T15:14:00Z,69.7,2026-05-03T10:12:00Z,49.1,2026-05-03T14:48:00Z,1,2026-05-03T14:51:00Z,21.6,2026-05-03T07:44:00Z,0,2026-05-10T23:11:00Z,0,2026-05-05T08:08:00Z
TX2-02056,2026-05-03T16:18:00Z,0,23.68,2026-05-03T16:18:00Z,40.3,2026-05-03T14:24:00Z,52.9,2026-05-03T16:13:00Z,6,2026-05-03T16:06:00Z,53.2,2026-05-03T11:16:00Z,0,2026-05-13T10:27:00Z,0,2026-05-05T10:56:00Z
TX2-02057,2026-05-03T19:04:00Z,0,52.43,2026-05-03T19:04:00Z,44.0,2026-05-03T13:52:00Z,23.1,2026-05-03T18:46:00Z,1,2026-05-03T18:52:00Z,42.1,2026-05-03T21:41:00Z,0,2026-05-07T19:02:00Z,0,2026-05-06T15:44:00Z
TX2-02058,2026-05-03T19:35:00Z,1,234.58,2026-05-03T19:35:00Z,40.6,2026-05-03T13:44:00Z,37.5,2026-05-03T19:16:00Z,2,2026-05-03T19:02:00Z,26.7,2026-05-03T13:36:00Z,1,2026-05-12T00:28:00Z,1,2026-05-06T15:05:00Z
TX2-02059,2026-05-03T19:39:00Z,0,106.18,2026-05-03T19:39:00Z,50.9,2026-05-03T15:13:00Z,37.2,2026-05-03T19:15:00Z,3,2026-05-03T18:42:00Z,27.4,2026-05-03T10:31:00Z,0,2026-05-08T19:16:00Z,0,2026-05-05T23:42:00Z
TX2-02060,2026-05-03T20:49:00Z,0,15.54,2026-05-03T20:49:00Z,59.1,2026-05-03T19:34:00Z,44.4,2026-05-03T20:40:00Z,0,2026-05-03T20:12:00Z,27.8,2026-05-03T04:38:00Z,0,2026-05-11T22:43:00Z,0,2026-05-05T20:12:00Z
TX2-02061,2026-05-03T22:52:00Z,0,9.32,2026-05-03T22:52:00Z,16.8,2026-05-03T18:59:00Z,46.6,2026-05-03T22:49:00Z,2,2026-05-03T22:44:00Z,25.1,2026-05-03T08:12:00Z,0,2026-05-08T20:31:00Z,0,2026-05-05T14:18:00Z
TX2-02062,2026-05-04T00:30:00Z,0,88.0,2026-05-04T00:30:00Z,52.6,2026-05-03T19:21:00Z,32.3,2026-05-04T00:05:00Z,2,2026-05-03T23:55:00Z,27.3,2026-05-04T05:32:00Z,0,2026-05-13T04:30:00Z,0,2026-05-06T12:50:00Z
TX2-02063,2026-05-04T00:41:00Z,0,354.34,2026-05-04T00:41:00Z,61.6,2026-05-03T23:13:00Z,46.6,2026-05-04T00:25:00Z,3,2026-05-03T23:42:00Z,28.7,2026-05-03T21:01:00Z,0,2026-05-09T11:48:00Z,0,2026-05-06T12:11:00Z
TX2-02064,2026-05-04T00:54:00Z,0,142.76,2026-05-04T00:54:00Z,57.3,2026-05-03T21:12:00Z,34.9,2026-05-04T00:49:00Z,2,2026-05-04T00:53:00Z,35.8,2026-05-03T11:21:00Z,0,2026-05-08T16:33:00Z,0,2026-05-05T09:13:00Z
TX2-02065,2026-05-04T01:47:00Z,0,107.06,2026-05-04T01:47:00Z,47.7,2026-05-03T20:58:00Z,26.6,2026-05-04T01:44:00Z,4,2026-05-04T01:36:00Z,18.5,2026-05-03T18:28:00Z,0,2026-05-08T18:35:00Z,0,2026-05-05T20:17:00Z
TX2-02066,2026-05-04T02:04:00Z,0,7.74,2026-05-04T02:04:00Z,28.6,2026-05-03T22:03:00Z,37.5,2026-05-04T02:02:00Z,1,2026-05-04T01:29:00Z,40.6,2026-05-03T06:51:00Z,0,2026-05-08T19:36:00Z,0,2026-05-05T12:32:00Z
TX2-02067,2026-05-04T03:05:00Z,0,38.43,2026-05-04T03:05:00Z,52.2,2026-05-04T02:26:00Z,49.7,2026-05-04T02:57:00Z,5,2026-05-04T02:29:00Z,30.5,2026-05-03T17:21:00Z,0,2026-05-09T08:08:00Z,0,2026-05-06T10:56:00Z
TX2-02068,2026-05-04T03:59:00Z,0,126.49,2026-05-04T03:59:00Z,61.0,2026-05-03T22:17:00Z,43.7,2026-05-04T03:51:00Z,3,2026-05-04T03:24:00Z,32.8,2026-05-04T07:31:00Z,0,2026-05-08T10:43:00Z,0,2026-05-05T17:04:00Z
TX2-02069,2026-05-04T06:34:00Z,0,328.11,2026-05-04T06:34:00Z,59.7,2026-05-04T03:38:00Z,48.1,2026-05-04T06:19:00Z,2,2026-05-04T06:26:00Z,25.0,2026-05-03T15:42:00Z,0,2026-05-08T05:19:00Z,0,2026-05-06T04:19:00Z
TX2-02070,2026-05-04T09:06:00Z,0,76.47,2026-05-04T09:06:00Z,65.2,2026-05-04T06:35:00Z,54.3,2026-05-04T08:57:00Z,2,2026-05-04T08:41:00Z,28.3,2026-05-04T02:12:00Z,0,2026-05-09T00:08:00Z,0,2026-05-06T13:13:00Z
TX2-02071,2026-05-04T09:53:00Z,0,83.33,2026-05-04T09:53:00Z,58.6,2026-05-04T08:31:00Z,51.8,2026-05-04T09:27:00Z,1,2026-05-04T09:45:00Z,31.1,2026-05-04T01:59:00Z,0,2026-05-11T13:49:00Z,0,2026-05-07T07:18:00Z
TX2-02072,2026-05-04T11:43:00Z,0,105.75,2026-05-04T11:43:00Z,34.0,2026-05-04T08:19:00Z,50.5,2026-05-04T11:15:00Z,2,2026-05-04T11:19:00Z,26.7,2026-05-04T15:23:00Z,0,2026-05-11T03:38:00Z,0,2026-05-05T18:16:00Z
TX2-02073,2026-05-04T15:01:00Z,0,180.73,2026-05-04T15:01:00Z,52.0,2026-05-04T10:45:00Z,38.1,2026-05-04T14:54:00Z,6,2026-05-04T14:08:00Z,23.8,2026-05-04T02:52:00Z,0,2026-05-07T15:29:00Z,1,2026-05-07T05:18:00Z
TX2-02074,2026-05-04T15:30:00Z,0,234.69,2026-05-04T15:30:00Z,46.5,2026-05-04T14:22:00Z,55.0,2026-05-04T15:10:00Z,1,2026-05-04T15:23:00Z,33.7,2026-05-04T10:54:00Z,0,2026-05-13T01:30:00Z,0,2026-05-05T21:25:00Z
TX2-02075,2026-05-04T17:14:00Z,0,148.68,2026-05-04T17:14:00Z,37.1,2026-05-04T12:28:00Z,42.0,2026-05-04T17:01:00Z,5,2026-05-04T16:54:00Z,38.4,2026-05-04T12:01:00Z,0,2026-05-13T05:25:00Z,0,2026-05-06T11:37:00Z
TX2-02076,2026-05-04T17:15:00Z,0,26.28,2026-05-04T17:15:00Z,39.7,2026-05-04T11:31:00Z,43.8,2026-05-04T16:46:00Z,1,2026-05-04T16:20:00Z,38.9,2026-05-04T03:54:00Z,0,2026-05-10T22:46:00Z,0,2026-05-07T00:45:00Z
TX2-02077,2026-05-04T20:05:00Z,1,379.5,2026-05-04T20:05:00Z,51.8,2026-05-04T19:29:00Z,41.5,2026-05-04T19:42:00Z,7,2026-05-04T19:16:00Z,33.1,2026-05-04T22:48:00Z,1,2026-05-13T21:24:00Z,0,2026-05-06T15:59:00Z
TX2-02078,2026-05-04T21:55:00Z,0,52.57,2026-05-04T21:55:00Z,45.0,2026-05-04T18:31:00Z,45.6,2026-05-04T21:43:00Z,1,2026-05-04T21:19:00Z,29.4,2026-05-04T17:25:00Z,0,2026-05-12T19:27:00Z,0,2026-05-07T06:52:00Z
TX2-02079,2026-05-05T01:06:00Z,0,72.34,2026-05-05T01:06:00Z,47.8,2026-05-04T21:26:00Z,54.8,2026-05-05T01:04:00Z,2,2026-05-05T00:39:00Z,31.9,2026-05-04T06:20:00Z,0,2026-05-12T09:45:00Z,0,2026-05-07T20:46:00Z
TX2-02080,2026-05-05T01:09:00Z,0,27.46,2026-05-05T01:09:00Z,63.4,2026-05-04T21:46:00Z,40.2,2026-05-05T00:46:00Z,1,2026-05-05T00:13:00Z,34.8,2026-05-04T06:56:00Z,0,2026-05-15T00:00:00Z,0,2026-05-08T01:06:00Z
TX2-02081,2026-05-05T06:18:00Z,0,83.33,2026-05-05T06:18:00Z,42.6,2026-05-05T05:56:00Z,28.3,2026-05-05T05:52:00Z,2,2026-05-05T05:29:00Z,17.6,2026-05-04T23:47:00Z,0,2026-05-10T08:51:00Z,0,2026-05-07T20:59:00Z
TX2-02082,2026-05-05T06:19:00Z,0,76.21,2026-05-05T06:19:00Z,44.6,2026-05-05T01:24:00Z,53.7,2026-05-05T06:18:00Z,0,2026-05-05T05:30:00Z,20.3,2026-05-04T21:30:00Z,0,2026-05-12T17:10:00Z,0,2026-05-07T06:19:00Z
TX2-02083,2026-05-05T06:45:00Z,1,18.29,2026-05-05T06:45:00Z,46.6,2026-05-05T04:13:00Z,42.8,2026-05-05T06:19:00Z,3,2026-05-05T05:59:00Z,45.8,2026-05-05T02:36:00Z,1,2026-05-09T03:06:00Z,1,2026-05-06T12:00:00Z
TX2-02084,2026-05-05T07:06:00Z,1,23.95,2026-05-05T07:06:00Z,49.3,2026-05-05T05:54:00Z,30.7,2026-05-05T06:54:00Z,5,2026-05-05T06:51:00Z,36.8,2026-05-05T08:51:00Z,1,2026-05-08T17:54:00Z,2,2026-05-08T00:45:00Z
TX2-02085,2026-05-05T08:28:00Z,0,23.94,2026-05-05T08:28:00Z,35.2,2026-05-05T04:07:00Z,34.2,2026-05-05T08:04:00Z,3,2026-05-05T07:43:00Z,31.1,2026-05-04T14:23:00Z,0,2026-05-13T08:10:00Z,0,2026-05-06T22:12:00Z
TX2-02086,2026-05-05T08:51:00Z,0,345.45,2026-05-05T08:51:00Z,34.4,2026-05-05T07:24:00Z,41.0,2026-05-05T08:25:00Z,2,2026-05-05T08:03:00Z,33.2,2026-05-04T14:05:00Z,0,2026-05-10T12:38:00Z,0,2026-05-06T10:47:00Z
TX2-02087,2026-05-05T09:01:00Z,1,283.76,2026-05-05T09:01:00Z,64.4,2026-05-05T08:25:00Z,63.9,2026-05-05T08:57:00Z,2,2026-05-05T08:10:00Z,46.2,2026-05-05T10:51:00Z,1,2026-05-12T11:21:00Z,1,2026-05-08T04:59:00Z
TX2-02088,2026-05-05T09:12:00Z,0,305.14,2026-05-05T09:12:00Z,41.8,2026-05-05T08:23:00Z,30.8,2026-05-05T09:10:00Z,2,2026-05-05T08:12:00Z,43.3,2026-05-04T23:55:00Z,0,2026-05-12T21:35:00Z,1,2026-05-07T12:23:00Z
TX2-02089,2026-05-05T14:15:00Z,1,126.41,2026-05-05T14:15:00Z,74.4,2026-05-05T13:18:00Z,47.3,2026-05-05T14:01:00Z,6,2026-05-05T13:33:00Z,32.3,2026-05-04T21:53:00Z,1,2026-05-09T10:26:00Z,2,2026-05-08T07:07:00Z
TX2-02090,2026-05-05T14:22:00Z,0,55.4,2026-05-05T14:22:00Z,60.1,2026-05-05T10:06:00Z,55.6,2026-05-05T14:07:00Z,1,2026-05-05T14:03:00Z,32.4,2026-05-05T23:04:00Z,0,2026-05-10T12:39:00Z,1,2026-05-08T08:37:00Z
TX2-02091,2026-05-05T18:22:00Z,0,85.67,2026-05-05T18:22:00Z,51.7,2026-05-05T12:52:00Z,41.0,2026-05-05T18:11:00Z,1,2026-05-05T17:33:00Z,25.7,2026-05-04T22:46:00Z,0,2026-05-11T11:44:00Z,0,2026-05-07T20:06:00Z
TX2-02092,2026-05-05T18:48:00Z,0,16.07,2026-05-05T18:48:00Z,45.6,2026-05-05T14:29:00Z,29.9,2026-05-05T18:34:00Z,2,2026-05-05T18:23:00Z,13.4,2026-05-05T04:44:00Z,0,2026-05-12T13:12:00Z,1,2026-05-07T17:31:00Z
TX2-02093,2026-05-05T23:53:00Z,0,421.68,2026-05-05T23:53:00Z,62.5,2026-05-05T18:13:00Z,36.7,2026-05-05T23:47:00Z,3,2026-05-05T23:35:00Z,43.5,2026-05-05T20:01:00Z,0,2026-05-10T20:46:00Z,1,2026-05-07T13:41:00Z
TX2-02094,2026-05-06T00:51:00Z,0,103.77,2026-05-06T00:51:00Z,55.6,2026-05-05T22:23:00Z,51.1,2026-05-06T00:36:00Z,5,2026-05-06T00:02:00Z,39.9,2026-05-05T08:28:00Z,0,2026-05-15T06:25:00Z,0,2026-05-08T12:24:00Z
TX2-02095,2026-05-06T01:16:00Z,1,81.69,2026-05-06T01:16:00Z,62.7,2026-05-05T20:02:00Z,48.8,2026-05-06T00:56:00Z,2,2026-05-06T00:58:00Z,26.9,2026-05-05T10:46:00Z,1,2026-05-12T21:49:00Z,1,2026-05-08T08:24:00Z
TX2-02096,2026-05-06T02:41:00Z,0,36.55,2026-05-06T02:41:00Z,26.9,2026-05-06T01:17:00Z,35.8,2026-05-06T02:12:00Z,2,2026-05-06T02:21:00Z,29.9,2026-05-05T18:43:00Z,0,2026-05-16T01:49:00Z,0,2026-05-08T04:45:00Z
TX2-02097,2026-05-06T02:44:00Z,0,65.65,2026-05-06T02:44:00Z,49.6,2026-05-06T00:30:00Z,33.4,2026-05-06T02:27:00Z,0,2026-05-06T02:14:00Z,28.5,2026-05-05T17:53:00Z,0,2026-05-15T20:01:00Z,1,2026-05-08T07:35:00Z
TX2-02098,2026-05-06T05:04:00Z,0,51.94,2026-05-06T05:04:00Z,60.7,2026-05-05T23:41:00Z,31.2,2026-05-06T05:01:00Z,1,2026-05-06T04:28:00Z,21.2,2026-05-06T03:57:00Z,0,2026-05-14T09:07:00Z,0,2026-05-07T07:46:00Z
TX2-02099,2026-05-06T06:20:00Z,0,27.63,2026-05-06T06:20:00Z,46.7,2026-05-06T02:02:00Z,40.9,2026-05-06T05:56:00Z,6,2026-05-06T06:06:00Z,33.9,2026-05-06T01:44:00Z,0,2026-05-14T14:20:00Z,0,2026-05-08T00:04:00Z
TX2-02100,2026-05-06T09:46:00Z,1,144.81,2026-05-06T09:46:00Z,59.2,2026-05-06T05:15:00Z,40.7,2026-05-06T09:45:00Z,0,2026-05-06T09:25:00Z,36.4,2026-05-06T08:46:00Z,1,2026-05-12T06:56:00Z,2,2026-05-07T10:35:00Z
TX2-02101,2026-05-06T09:55:00Z,0,19.0,2026-05-06T09:55:00Z,44.1,2026-05-06T05:07:00Z,50.0,2026-05-06T09:49:00Z,0,2026-05-06T09:15:00Z,32.1,2026-05-05T20:40:00Z,0,2026-05-13T17:18:00Z,1,2026-05-08T10:07:00Z
TX2-02102,2026-05-06T11:05:00Z,0,25.38,2026-05-06T11:05:00Z,37.0,2026-05-06T07:21:00Z,47.3,2026-05-06T10:49:00Z,1,2026-05-06T10:19:00Z,20.8,2026-05-06T16:57:00Z,0,2026-05-10T04:40:00Z,0,2026-05-08T20:52:00Z
TX2-02103,2026-05-06T11:45:00Z,0,21.98,2026-05-06T11:45:00Z,41.1,2026-05-06T11:01:00Z,45.8,2026-05-06T11:34:00Z,5,2026-05-06T11:01:00Z,40.8,2026-05-05T18:01:00Z,0,2026-05-11T08:12:00Z,0,2026-05-09T04:46:00Z
TX2-02104,2026-05-06T15:32:00Z,0,46.36,2026-05-06T15:32:00Z,32.9,2026-05-06T12:05:00Z,32.1,2026-05-06T15:03:00Z,3,2026-05-06T15:23:00Z,22.2,2026-05-06T13:22:00Z,0,2026-05-15T17:11:00Z,0,2026-05-09T00:47:00Z
TX2-02105,2026-05-06T15:38:00Z,0,114.84,2026-05-06T15:38:00Z,54.0,2026-05-06T13:24:00Z,47.8,2026-05-06T15:16:00Z,2,2026-05-06T15:29:00Z,35.2,2026-05-06T21:28:00Z,0,2026-05-14T22:47:00Z,0,2026-05-07T20:27:00Z
TX2-02106,2026-05-06T15:48:00Z,0,42.06,2026-05-06T15:48:00Z,59.1,2026-05-06T10:42:00Z,40.3,2026-05-06T15:44:00Z,1,2026-05-06T15:17:00Z,28.8,2026-05-05T22:58:00Z,0,2026-05-13T23:09:00Z,0,2026-05-09T15:25:00Z
TX2-02107,2026-05-06T16:57:00Z,1,74.07,2026-05-06T16:57:00Z,74.1,2026-05-06T13:17:00Z,42.2,2026-05-06T16:34:00Z,1,2026-05-06T16:45:00Z,25.8,2026-05-06T23:00:00Z,1,2026-05-10T02:58:00Z,2,2026-05-08T09:21:00Z
TX2-02108,2026-05-06T17:04:00Z,0,90.39,2026-05-06T17:04:00Z,37.4,2026-05-06T11:33:00Z,44.2,2026-05-06T16:45:00Z,0,2026-05-06T16:49:00Z,11.7,2026-05-06T11:32:00Z,0,2026-05-09T21:02:00Z,0,2026-05-09T09:42:00Z
TX2-02109,2026-05-06T20:13:00Z,0,165.73,2026-05-06T20:13:00Z,38.5,2026-05-06T18:27:00Z,51.1,2026-05-06T19:54:00Z,3,2026-05-06T19:18:00Z,20.2,2026-05-06T08:48:00Z,0,2026-05-12T17:32:00Z,0,2026-05-09T12:30:00Z
TX2-02110,2026-05-06T21:19:00Z,0,40.32,2026-05-06T21:19:00Z,68.4,2026-05-06T16:09:00Z,55.6,2026-05-06T21:16:00Z,1,2026-05-06T20:24:00Z,24.4,2026-05-06T22:54:00Z,0,2026-05-14T01:33:00Z,0,2026-05-08T15:08:00Z
TX2-02111,2026-05-06T21:21:00Z,0,9.04,2026-05-06T21:21:00Z,45.8,2026-05-06T17:58:00Z,18.1,2026-05-06T20:58:00Z,0,2026-05-06T20:59:00Z,20.4,2026-05-07T04:52:00Z,0,2026-05-11T08:03:00Z,0,2026-05-08T02:44:00Z
TX2-02112,2026-05-06T22:13:00Z,0,38.82,2026-05-06T22:13:00Z,33.2,2026-05-06T18:34:00Z,51.6,2026-05-06T21:55:00Z,2,2026-05-06T22:00:00Z,20.3,2026-05-06T09:24:00Z,0,2026-05-15T09:52:00Z,0,2026-05-08T05:18:00Z
TX2-02113,2026-05-06T22:14:00Z,0,121.72,2026-05-06T22:14:00Z,60.6,2026-05-06T20:05:00Z,38.6,2026-05-06T22:06:00Z,3,2026-05-06T21:44:00Z,31.4,2026-05-07T00:12:00Z,0,2026-05-16T00:46:00Z,0,2026-05-09T00:14:00Z
TX2-02114,2026-05-06T22:28:00Z,0,128.66,2026-05-06T22:28:00Z,74.6,2026-05-06T20:20:00Z,48.8,2026-05-06T22:02:00Z,1,2026-05-06T21:39:00Z,27.7,2026-05-06T12:43:00Z,0,2026-05-15T06:13:00Z,0,2026-05-09T02:50:00Z
TX2-02115,2026-05-06T23:01:00Z,0,27.33,2026-05-06T23:01:00Z,61.6,2026-05-06T17:09:00Z,42.9,2026-05-06T22:56:00Z,3,2026-05-06T22:11:00Z,26.6,2026-05-06T13:45:00Z,0,2026-05-16T07:50:00Z,0,2026-05-08T13:02:00Z
TX2-02116,2026-05-07T04:29:00Z,0,55.58,2026-05-07T04:29:00Z,38.6,2026-05-07T03:42:00Z,51.9,2026-05-07T04:05:00Z,0,2026-05-07T03:31:00Z,25.9,2026-05-06T11:35:00Z,0,2026-05-15T20:56:00Z,0,2026-05-08T17:18:00Z
TX2-02117,2026-05-07T04:40:00Z,0,54.77,2026-05-07T04:40:00Z,54.8,2026-05-07T02:25:00Z,37.2,2026-05-07T04:34:00Z,2,2026-05-07T03:45:00Z,25.4,2026-05-06T13:30:00Z,0,2026-05-14T03:44:00Z,0,2026-05-08T22:33:00Z
TX2-02118,2026-05-07T05:00:00Z,0,52.85,2026-05-07T05:00:00Z,75.8,2026-05-07T02:37:00Z,42.5,2026-05-07T04:30:00Z,2,2026-05-07T04:47:00Z,16.6,2026-05-06T15:17:00Z,0,2026-05-12T13:48:00Z,0,2026-05-09T23:33:00Z
TX2-02119,2026-05-07T05:57:00Z,0,5.99,2026-05-07T05:57:00Z,40.5,2026-05-07T03:34:00Z,35.2,2026-05-07T05:47:00Z,1,2026-05-07T05:19:00Z,32.5,2026-05-06T14:30:00Z,0,2026-05-16T00:00:00Z,1,2026-05-09T22:58:00Z
TX2-02120,2026-05-07T06:06:00Z,0,91.65,2026-05-07T06:06:00Z,62.9,2026-05-07T03:43:00Z,41.4,2026-05-07T06:03:00Z,4,2026-05-07T05:56:00Z,33.1,2026-05-06T11:32:00Z,0,2026-05-13T00:32:00Z,0,2026-05-09T10:38:00Z
TX2-02121,2026-05-07T08:02:00Z,0,39.88,2026-05-07T08:02:00Z,41.4,2026-05-07T03:11:00Z,59.8,2026-05-07T07:56:00Z,3,2026-05-07T08:01:00Z,25.8,2026-05-06T20:21:00Z,0,2026-05-14T13:03:00Z,0,2026-05-09T13:02:00Z
TX2-02122,2026-05-07T11:30:00Z,0,47.65,2026-05-07T11:30:00Z,49.8,2026-05-07T06:18:00Z,19.2,2026-05-07T11:01:00Z,3,2026-05-07T11:28:00Z,46.7,2026-05-07T02:22:00Z,0,2026-05-16T21:22:00Z,0,2026-05-09T01:42:00Z
TX2-02123,2026-05-07T11:51:00Z,0,21.91,2026-05-07T11:51:00Z,57.3,2026-05-07T09:38:00Z,52.0,2026-05-07T11:23:00Z,3,2026-05-07T11:27:00Z,49.7,2026-05-06T16:50:00Z,0,2026-05-15T02:56:00Z,0,2026-05-08T20:27:00Z
TX2-02124,2026-05-07T13:25:00Z,1,48.7,2026-05-07T13:25:00Z,44.3,2026-05-07T08:41:00Z,35.3,2026-05-07T13:14:00Z,7,2026-05-07T12:45:00Z,25.9,2026-05-07T00:51:00Z,1,2026-05-16T23:59:00Z,2,2026-05-09T08:45:00Z
TX2-02125,2026-05-07T13:39:00Z,0,24.02,2026-05-07T13:39:00Z,56.0,2026-05-07T07:56:00Z,53.0,2026-05-07T13:20:00Z,5,2026-05-07T13:37:00Z,48.0,2026-05-06T18:19:00Z,0,2026-05-11T06:23:00Z,0,2026-05-08T17:48:00Z
TX2-02126,2026-05-07T13:42:00Z,0,98.29,2026-05-07T13:42:00Z,33.7,2026-05-07T13:27:00Z,42.4,2026-05-07T13:31:00Z,1,2026-05-07T13:15:00Z,22.7,2026-05-07T18:14:00Z,0,2026-05-15T04:59:00Z,0,2026-05-09T14:40:00Z
TX2-02127,2026-05-07T14:19:00Z,1,137.37,2026-05-07T14:19:00Z,72.6,2026-05-07T13:56:00Z,45.7,2026-05-07T14:08:00Z,2,2026-05-07T13:27:00Z,27.0,2026-05-07T19:29:00Z,1,2026-05-16T21:40:00Z,2,2026-05-10T00:05:00Z
TX2-02128,2026-05-07T16:12:00Z,0,120.17,2026-05-07T16:12:00Z,34.8,2026-05-07T13:55:00Z,22.8,2026-05-07T15:51:00Z,4,2026-05-07T15:14:00Z,38.8,2026-05-07T06:03:00Z,0,2026-05-15T03:05:00Z,0,2026-05-09T04:25:00Z
TX2-02129,2026-05-07T17:54:00Z,0,40.27,2026-05-07T17:54:00Z,43.5,2026-05-07T13:06:00Z,57.3,2026-05-07T17:38:00Z,3,2026-05-07T17:17:00Z,33.6,2026-05-07T06:37:00Z,0,2026-05-12T16:40:00Z,0,2026-05-10T11:56:00Z
TX2-02130,2026-05-07T19:50:00Z,1,72.16,2026-05-07T19:50:00Z,73.0,2026-05-07T15:49:00Z,50.8,2026-05-07T19:38:00Z,2,2026-05-07T19:17:00Z,47.9,2026-05-07T03:35:00Z,1,2026-05-11T23:52:00Z,2,2026-05-09T10:28:00Z
TX2-02131,2026-05-07T20:31:00Z,0,48.45,2026-05-07T20:31:00Z,41.9,2026-05-07T16:03:00Z,55.4,2026-05-07T20:06:00Z,3,2026-05-07T20:16:00Z,11.4,2026-05-07T07:10:00Z,0,2026-05-11T17:20:00Z,0,2026-05-09T07:41:00Z
TX2-02132,2026-05-07T20:57:00Z,0,44.3,2026-05-07T20:57:00Z,65.9,2026-05-07T19:16:00Z,41.2,2026-05-07T20:49:00Z,2,2026-05-07T20:19:00Z,27.1,2026-05-08T01:25:00Z,0,2026-05-12T02:10:00Z,0,2026-05-09T10:54:00Z
TX2-02133,2026-05-08T00:59:00Z,0,11.58,2026-05-08T00:59:00Z,46.5,2026-05-07T23:31:00Z,45.6,2026-05-08T00:43:00Z,2,2026-05-08T00:21:00Z,31.5,2026-05-08T08:17:00Z,0,2026-05-16T15:18:00Z,0,2026-05-10T08:50:00Z
TX2-02134,2026-05-08T01:03:00Z,0,37.71,2026-05-08T01:03:00Z,53.2,2026-05-07T23:38:00Z,39.7,2026-05-08T00:40:00Z,2,2026-05-08T00:08:00Z,16.0,2026-05-07T16:27:00Z,0,2026-05-17T19:24:00Z,0,2026-05-10T07:12:00Z
TX2-02135,2026-05-08T02:30:00Z,0,29.26,2026-05-08T02:30:00Z,40.2,2026-05-07T21:29:00Z,36.4,2026-05-08T02:24:00Z,1,2026-05-08T01:48:00Z,29.2,2026-05-08T03:33:00Z,0,2026-05-17T04:11:00Z,0,2026-05-09T11:46:00Z
TX2-02136,2026-05-08T03:02:00Z,1,105.67,2026-05-08T03:02:00Z,77.6,2026-05-07T21:13:00Z,52.4,2026-05-08T02:59:00Z,6,2026-05-08T02:56:00Z,30.3,2026-05-08T09:45:00Z,0,2026-05-17T22:56:00Z,2,2026-05-10T22:21:00Z
TX2-02137,2026-05-08T07:43:00Z,0,24.78,2026-05-08T07:43:00Z,47.8,2026-05-08T05:58:00Z,30.3,2026-05-08T07:35:00Z,8,2026-05-08T07:17:00Z,22.2,2026-05-08T02:46:00Z,0,2026-05-16T18:51:00Z,0,2026-05-09T18:35:00Z
TX2-02138,2026-05-08T09:13:00Z,1,92.24,2026-05-08T09:13:00Z,40.6,2026-05-08T09:02:00Z,44.0,2026-05-08T08:51:00Z,4,2026-05-08T08:34:00Z,42.1,2026-05-08T01:08:00Z,0,2026-05-13T00:58:00Z,2,2026-05-10T06:08:00Z
TX2-02139,2026-05-08T10:26:00Z,0,20.03,2026-05-08T10:26:00Z,21.4,2026-05-08T05:03:00Z,45.4,2026-05-08T10:04:00Z,4,2026-05-08T09:43:00Z,24.6,2026-05-07T21:26:00Z,0,2026-05-15T23:45:00Z,0,2026-05-10T16:06:00Z
TX2-02140,2026-05-08T11:00:00Z,0,21.91,2026-05-08T11:00:00Z,44.9,2026-05-08T10:49:00Z,55.5,2026-05-08T10:31:00Z,1,2026-05-08T10:05:00Z,36.9,2026-05-07T21:38:00Z,0,2026-05-13T20:55:00Z,0,2026-05-10T23:53:00Z
TX2-02141,2026-05-08T11:26:00Z,0,19.68,2026-05-08T11:26:00Z,57.3,2026-05-08T06:22:00Z,20.4,2026-05-08T11:16:00Z,3,2026-05-08T10:53:00Z,35.4,2026-05-08T07:19:00Z,0,2026-05-18T09:08:00Z,0,2026-05-11T05:14:00Z
TX2-02142,2026-05-08T12:06:00Z,0,128.61,2026-05-08T12:06:00Z,63.1,2026-05-08T11:01:00Z,46.8,2026-05-08T11:51:00Z,0,2026-05-08T11:08:00Z,21.4,2026-05-07T17:18:00Z,0,2026-05-17T19:52:00Z,0,2026-05-10T02:07:00Z
TX2-02143,2026-05-08T12:10:00Z,0,13.55,2026-05-08T12:10:00Z,38.1,2026-05-08T08:03:00Z,35.3,2026-05-08T11:53:00Z,1,2026-05-08T11:48:00Z,34.8,2026-05-07T19:11:00Z,0,2026-05-13T23:38:00Z,0,2026-05-11T02:39:00Z
TX2-02144,2026-05-08T12:12:00Z,0,16.55,2026-05-08T12:12:00Z,41.5,2026-05-08T11:46:00Z,39.9,2026-05-08T11:58:00Z,2,2026-05-08T11:36:00Z,38.3,2026-05-08T05:47:00Z,0,2026-05-16T07:49:00Z,0,2026-05-09T23:39:00Z
TX2-02145,2026-05-08T12:32:00Z,0,26.82,2026-05-08T12:32:00Z,44.0,2026-05-08T08:12:00Z,58.2,2026-05-08T12:18:00Z,3,2026-05-08T11:33:00Z,17.8,2026-05-08T17:25:00Z,0,2026-05-14T19:47:00Z,0,2026-05-11T11:39:00Z
TX2-02146,2026-05-08T13:35:00Z,0,58.76,2026-05-08T13:35:00Z,53.0,2026-05-08T10:16:00Z,44.9,2026-05-08T13:09:00Z,4,2026-05-08T13:08:00Z,37.0,2026-05-07T19:52:00Z,0,2026-05-12T01:38:00Z,0,2026-05-10T08:08:00Z
TX2-02147,2026-05-08T14:28:00Z,0,128.46,2026-05-08T14:28:00Z,75.1,2026-05-08T14:17:00Z,34.3,2026-05-08T14:27:00Z,2,2026-05-08T13:59:00Z,25.8,2026-05-08T01:04:00Z,0,2026-05-17T23:43:00Z,0,2026-05-10T13:32:00Z
TX2-02148,2026-05-08T17:20:00Z,0,84.76,2026-05-08T17:20:00Z,13.9,2026-05-08T12:57:00Z,49.0,2026-05-08T16:50:00Z,3,2026-05-08T16:30:00Z,19.1,2026-05-08T09:03:00Z,0,2026-05-13T09:34:00Z,0,2026-05-11T12:27:00Z
TX2-02149,2026-05-08T17:44:00Z,0,68.95,2026-05-08T17:44:00Z,57.2,2026-05-08T13:36:00Z,66.5,2026-05-08T17:32:00Z,4,2026-05-08T16:48:00Z,20.6,2026-05-08T19:57:00Z,0,2026-05-13T15:00:00Z,0,2026-05-10T15:30:00Z
TX2-02150,2026-05-08T19:48:00Z,0,41.22,2026-05-08T19:48:00Z,67.1,2026-05-08T15:25:00Z,41.4,2026-05-08T19:20:00Z,0,2026-05-08T19:30:00Z,17.4,2026-05-08T15:10:00Z,0,2026-05-14T08:54:00Z,0,2026-05-11T14:00:00Z
TX2-02151,2026-05-08T20:05:00Z,0,75.3,2026-05-08T20:05:00Z,39.1,2026-05-08T14:46:00Z,31.8,2026-05-08T19:50:00Z,2,2026-05-08T19:42:00Z,29.1,2026-05-08T03:32:00Z,0,2026-05-14T00:40:00Z,0,2026-05-09T21:12:00Z
TX2-02152,2026-05-08T20:09:00Z,0,109.29,2026-05-08T20:09:00Z,51.2,2026-05-08T15:21:00Z,38.4,2026-05-08T20:02:00Z,0,2026-05-08T19:48:00Z,24.5,2026-05-09T01:23:00Z,0,2026-05-16T18:21:00Z,0,2026-05-09T20:32:00Z
TX2-02153,2026-05-08T20:39:00Z,0,69.5,2026-05-08T20:39:00Z,46.4,2026-05-08T15:44:00Z,43.0,2026-05-08T20:09:00Z,1,2026-05-08T20:33:00Z,32.9,2026-05-08T07:47:00Z,0,2026-05-14T16:38:00Z,0,2026-05-10T00:16:00Z
TX2-02154,2026-05-09T01:34:00Z,0,26.26,2026-05-09T01:34:00Z,28.8,2026-05-08T20:06:00Z,28.7,2026-05-09T01:33:00Z,4,2026-05-09T01:24:00Z,38.4,2026-05-08T20:26:00Z,0,2026-05-17T11:04:00Z,0,2026-05-10T16:10:00Z
TX2-02155,2026-05-09T01:53:00Z,0,24.81,2026-05-09T01:53:00Z,30.1,2026-05-08T23:51:00Z,40.8,2026-05-09T01:32:00Z,1,2026-05-09T00:58:00Z,26.2,2026-05-09T05:23:00Z,0,2026-05-17T18:29:00Z,1,2026-05-11T00:02:00Z
TX2-02156,2026-05-09T02:32:00Z,0,51.01,2026-05-09T02:32:00Z,59.0,2026-05-08T22:07:00Z,42.1,2026-05-09T02:03:00Z,3,2026-05-09T02:09:00Z,32.3,2026-05-08T17:34:00Z,0,2026-05-15T09:21:00Z,0,2026-05-10T14:03:00Z
TX2-02157,2026-05-09T05:01:00Z,0,61.79,2026-05-09T05:01:00Z,55.7,2026-05-09T00:41:00Z,49.1,2026-05-09T04:52:00Z,2,2026-05-09T04:03:00Z,34.0,2026-05-08T18:50:00Z,0,2026-05-14T04:28:00Z,0,2026-05-10T12:47:00Z
TX2-02158,2026-05-09T05:13:00Z,0,56.8,2026-05-09T05:13:00Z,25.8,2026-05-09T02:10:00Z,33.8,2026-05-09T04:53:00Z,0,2026-05-09T04:28:00Z,19.4,2026-05-09T04:07:00Z,0,2026-05-17T05:54:00Z,1,2026-05-10T14:35:00Z
TX2-02159,2026-05-09T05:36:00Z,0,161.09,2026-05-09T05:36:00Z,41.0,2026-05-09T02:35:00Z,52.1,2026-05-09T05:12:00Z,5,2026-05-09T05:01:00Z,32.2,2026-05-09T01:05:00Z,0,2026-05-17T12:12:00Z,0,2026-05-11T04:29:00Z
TX2-02160,2026-05-09T05:47:00Z,0,42.75,2026-05-09T05:47:00Z,51.9,2026-05-09T00:25:00Z,38.5,2026-05-09T05:17:00Z,2,2026-05-09T05:22:00Z,27.6,2026-05-08T11:17:00Z,0,2026-05-17T19:02:00Z,0,2026-05-11T07:14:00Z
TX2-02161,2026-05-09T08:49:00Z,0,45.2,2026-05-09T08:49:00Z,45.3,2026-05-09T03:22:00Z,23.0,2026-05-09T08:24:00Z,1,2026-05-09T08:08:00Z,22.8,2026-05-08T20:39:00Z,0,2026-05-15T00:15:00Z,0,2026-05-10T11:13:00Z
TX2-02162,2026-05-09T09:18:00Z,0,241.49,2026-05-09T09:18:00Z,73.8,2026-05-09T07:52:00Z,42.1,2026-05-09T09:14:00Z,5,2026-05-09T08:47:00Z,30.4,2026-05-08T23:42:00Z,0,2026-05-12T15:35:00Z,0,2026-05-10T16:57:00Z
TX2-02163,2026-05-09T10:58:00Z,0,44.63,2026-05-09T10:58:00Z,29.6,2026-05-09T09:39:00Z,31.9,2026-05-09T10:42:00Z,2,2026-05-09T10:12:00Z,31.0,2026-05-08T23:27:00Z,0,2026-05-13T07:39:00Z,0,2026-05-11T11:46:00Z
TX2-02164,2026-05-09T11:13:00Z,0,12.17,2026-05-09T11:13:00Z,43.0,2026-05-09T09:33:00Z,29.1,2026-05-09T10:51:00Z,2,2026-05-09T10:38:00Z,35.3,2026-05-09T07:49:00Z,0,2026-05-13T01:00:00Z,0,2026-05-10T23:51:00Z
TX2-02165,2026-05-09T13:14:00Z,0,49.09,2026-05-09T13:14:00Z,38.4,2026-05-09T12:37:00Z,21.8,2026-05-09T13:04:00Z,5,2026-05-09T12:47:00Z,32.3,2026-05-09T07:14:00Z,0,2026-05-17T12:50:00Z,0,2026-05-12T10:57:00Z
TX2-02166,2026-05-09T16:40:00Z,0,19.83,2026-05-09T16:40:00Z,41.1,2026-05-09T10:50:00Z,33.7,2026-05-09T16:25:00Z,2,2026-05-09T15:40:00Z,31.1,2026-05-09T14:12:00Z,0,2026-05-18T15:20:00Z,0,2026-05-12T11:51:00Z
TX2-02167,2026-05-09T17:11:00Z,0,64.21,2026-05-09T17:11:00Z,70.4,2026-05-09T15:41:00Z,46.7,2026-05-09T17:03:00Z,1,2026-05-09T16:48:00Z,33.8,2026-05-09T02:53:00Z,0,2026-05-18T15:50:00Z,0,2026-05-11T17:25:00Z
TX2-02168,2026-05-09T17:37:00Z,1,20.16,2026-05-09T17:37:00Z,75.5,2026-05-09T16:53:00Z,29.2,2026-05-09T17:35:00Z,4,2026-05-09T16:58:00Z,26.2,2026-05-09T16:17:00Z,1,2026-05-13T19:13:00Z,2,2026-05-11T18:44:00Z
TX2-02169,2026-05-09T19:01:00Z,0,27.54,2026-05-09T19:01:00Z,64.0,2026-05-09T14:48:00Z,51.0,2026-05-09T18:48:00Z,0,2026-05-09T18:31:00Z,9.8,2026-05-09T08:12:00Z,0,2026-05-19T09:51:00Z,0,2026-05-12T00:17:00Z
TX2-02170,2026-05-09T19:36:00Z,0,363.64,2026-05-09T19:36:00Z,34.6,2026-05-09T15:37:00Z,34.6,2026-05-09T19:19:00Z,1,2026-05-09T19:02:00Z,27.8,2026-05-09T07:17:00Z,0,2026-05-14T17:48:00Z,0,2026-05-11T01:23:00Z
TX2-02171,2026-05-09T20:41:00Z,0,15.16,2026-05-09T20:41:00Z,50.2,2026-05-09T16:11:00Z,37.2,2026-05-09T20:20:00Z,1,2026-05-09T19:50:00Z,37.6,2026-05-10T05:35:00Z,1,2026-05-12T21:39:00Z,2,2026-05-11T07:28:00Z
TX2-02172,2026-05-09T22:31:00Z,0,78.88,2026-05-09T22:31:00Z,41.9,2026-05-09T19:23:00Z,11.4,2026-05-09T22:08:00Z,5,2026-05-09T22:25:00Z,27.2,2026-05-09T13:36:00Z,0,2026-05-19T17:45:00Z,0,2026-05-12T13:14:00Z
TX2-02173,2026-05-09T22:51:00Z,0,202.87,2026-05-09T22:51:00Z,44.9,2026-05-09T17:33:00Z,36.3,2026-05-09T22:32:00Z,1,2026-05-09T22:00:00Z,41.6,2026-05-09T18:03:00Z,0,2026-05-14T13:06:00Z,1,2026-05-11T18:18:00Z
TX2-02174,2026-05-09T23:35:00Z,0,63.31,2026-05-09T23:35:00Z,36.8,2026-05-09T23:05:00Z,38.9,2026-05-09T23:28:00Z,0,2026-05-09T23:14:00Z,33.6,2026-05-09T11:20:00Z,0,2026-05-13T06:02:00Z,2,2026-05-11T10:08:00Z
TX2-02175,2026-05-10T01:43:00Z,0,97.38,2026-05-10T01:43:00Z,46.9,2026-05-09T23:13:00Z,48.8,2026-05-10T01:39:00Z,4,2026-05-10T01:31:00Z,45.8,2026-05-09T11:57:00Z,0,2026-05-16T11:11:00Z,0,2026-05-11T04:06:00Z
TX2-02176,2026-05-10T02:13:00Z,0,19.56,2026-05-10T02:13:00Z,53.0,2026-05-09T20:33:00Z,25.9,2026-05-10T01:44:00Z,2,2026-05-10T01:38:00Z,31.4,2026-05-09T07:29:00Z,0,2026-05-16T23:14:00Z,1,2026-05-11T06:54:00Z
TX2-02177,2026-05-10T03:17:00Z,0,36.89,2026-05-10T03:17:00Z,50.5,2026-05-09T23:42:00Z,47.7,2026-05-10T02:50:00Z,0,2026-05-10T03:01:00Z,26.5,2026-05-09T13:37:00Z,0,2026-05-17T10:48:00Z,0,2026-05-11T21:09:00Z
TX2-02178,2026-05-10T04:15:00Z,0,11.35,2026-05-10T04:15:00Z,60.2,2026-05-09T23:51:00Z,46.8,2026-05-10T04:10:00Z,4,2026-05-10T03:21:00Z,42.2,2026-05-09T20:46:00Z,0,2026-05-18T02:18:00Z,0,2026-05-12T15:36:00Z
TX2-02179,2026-05-10T14:08:00Z,1,31.49,2026-05-10T14:08:00Z,47.5,2026-05-10T09:02:00Z,40.5,2026-05-10T13:45:00Z,0,2026-05-10T14:02:00Z,40.5,2026-05-10T10:30:00Z,1,2026-05-18T07:45:00Z,2,2026-05-13T06:49:00Z
TX2-02180,2026-05-10T16:23:00Z,0,198.07,2026-05-10T16:23:00Z,48.8,2026-05-10T13:47:00Z,36.3,2026-05-10T15:57:00Z,5,2026-05-10T15:54:00Z,37.4,2026-05-10T22:28:00Z,0,2026-05-18T06:29:00Z,0,2026-05-13T08:34:00Z
TX2-02181,2026-05-10T17:30:00Z,1,191.65,2026-05-10T17:30:00Z,53.5,2026-05-10T16:06:00Z,52.8,2026-05-10T17:06:00Z,5,2026-05-10T17:17:00Z,29.5,2026-05-10T00:55:00Z,0,2026-05-16T18:58:00Z,2,2026-05-13T13:08:00Z
TX2-02182,2026-05-10T22:58:00Z,0,241.57,2026-05-10T22:58:00Z,61.7,2026-05-10T19:47:00Z,48.0,2026-05-10T22:44:00Z,1,2026-05-10T22:33:00Z,19.5,2026-05-10T20:51:00Z,0,2026-05-14T07:26:00Z,0,2026-05-12T05:42:00Z
TX2-02183,2026-05-11T02:36:00Z,0,120.04,2026-05-11T02:36:00Z,41.9,2026-05-10T22:01:00Z,35.1,2026-05-11T02:19:00Z,2,2026-05-11T02:04:00Z,21.4,2026-05-10T20:02:00Z,0,2026-05-17T07:02:00Z,0,2026-05-12T14:04:00Z
TX2-02184,2026-05-11T03:09:00Z,1,1094.73,2026-05-11T03:09:00Z,55.5,2026-05-11T01:22:00Z,55.8,2026-05-11T02:40:00Z,1,2026-05-11T02:38:00Z,31.8,2026-05-10T12:56:00Z,1,2026-05-15T03:18:00Z,2,2026-05-12T11:32:00Z
TX2-02185,2026-05-11T03:26:00Z,0,26.63,2026-05-11T03:26:00Z,43.4,2026-05-11T02:09:00Z,27.8,2026-05-11T02:59:00Z,3,2026-05-11T03:09:00Z,18.9,2026-05-10T14:19:00Z,0,2026-05-16T20:40:00Z,0,2026-05-13T20:14:00Z
TX2-02186,2026-05-11T03:54:00Z,1,91.32,2026-05-11T03:54:00Z,59.9,2026-05-11T03:46:00Z,46.7,2026-05-11T03:43:00Z,2,2026-05-11T03:41:00Z,33.3,2026-05-11T12:44:00Z,1,2026-05-18T07:55:00Z,2,2026-05-13T03:15:00Z
TX2-02187,2026-05-11T04:39:00Z,0,224.97,2026-05-11T04:39:00Z,42.9,2026-05-11T03:11:00Z,36.3,2026-05-11T04:11:00Z,2,2026-05-11T03:54:00Z,35.9,2026-05-10T12:07:00Z,0,2026-05-18T12:00:00Z,0,2026-05-12T09:07:00Z
TX2-02188,2026-05-11T04:52:00Z,0,37.34,2026-05-11T04:52:00Z,38.6,2026-05-11T04:14:00Z,35.0,2026-05-11T04:34:00Z,0,2026-05-11T04:42:00Z,24.2,2026-05-10T22:19:00Z,0,2026-05-16T12:05:00Z,1,2026-05-13T08:15:00Z
TX2-02189,2026-05-11T05:39:00Z,0,41.35,2026-05-11T05:39:00Z,40.2,2026-05-11T04:51:00Z,29.3,2026-05-11T05:37:00Z,1,2026-05-11T04:45:00Z,24.0,2026-05-11T11:14:00Z,0,2026-05-19T05:28:00Z,0,2026-05-12T12:43:00Z
TX2-02190,2026-05-11T11:43:00Z,0,23.63,2026-05-11T11:43:00Z,68.3,2026-05-11T07:01:00Z,42.9,2026-05-11T11:37:00Z,2,2026-05-11T11:16:00Z,28.7,2026-05-10T18:27:00Z,0,2026-05-20T16:37:00Z,0,2026-05-13T03:17:00Z
TX2-02191,2026-05-11T12:16:00Z,0,14.41,2026-05-11T12:16:00Z,60.4,2026-05-11T08:28:00Z,42.5,2026-05-11T11:47:00Z,4,2026-05-11T12:12:00Z,44.3,2026-05-10T18:54:00Z,0,2026-05-15T00:03:00Z,0,2026-05-12T19:01:00Z
TX2-02192,2026-05-11T12:41:00Z,0,63.04,2026-05-11T12:41:00Z,44.4,2026-05-11T07:29:00Z,26.5,2026-05-11T12:22:00Z,2,2026-05-11T12:34:00Z,26.1,2026-05-11T07:27:00Z,0,2026-05-19T02:26:00Z,0,2026-05-14T09:57:00Z
TX2-02193,2026-05-11T13:38:00Z,0,76.15,2026-05-11T13:38:00Z,19.1,2026-05-11T12:28:00Z,31.1,2026-05-11T13:25:00Z,3,2026-05-11T12:55:00Z,32.7,2026-05-11T09:38:00Z,0,2026-05-19T02:12:00Z,0,2026-05-13T06:05:00Z
TX2-02194,2026-05-11T13:50:00Z,1,24.71,2026-05-11T13:50:00Z,71.9,2026-05-11T11:09:00Z,37.5,2026-05-11T13:37:00Z,5,2026-05-11T13:28:00Z,39.3,2026-05-11T08:34:00Z,1,2026-05-17T20:51:00Z,2,2026-05-14T07:14:00Z
TX2-02195,2026-05-11T13:55:00Z,0,55.91,2026-05-11T13:55:00Z,39.0,2026-05-11T08:13:00Z,39.7,2026-05-11T13:36:00Z,4,2026-05-11T13:50:00Z,21.1,2026-05-11T12:00:00Z,0,2026-05-18T03:41:00Z,0,2026-05-14T04:51:00Z
TX2-02196,2026-05-11T14:16:00Z,0,22.87,2026-05-11T14:16:00Z,47.9,2026-05-11T13:55:00Z,31.2,2026-05-11T13:56:00Z,2,2026-05-11T13:38:00Z,30.1,2026-05-11T09:04:00Z,0,2026-05-20T21:41:00Z,0,2026-05-12T23:16:00Z
TX2-02197,2026-05-11T18:32:00Z,0,77.97,2026-05-11T18:32:00Z,58.4,2026-05-11T14:56:00Z,44.7,2026-05-11T18:12:00Z,1,2026-05-11T18:12:00Z,34.1,2026-05-11T08:08:00Z,0,2026-05-17T13:36:00Z,0,2026-05-13T09:17:00Z
TX2-02198,2026-05-11T22:27:00Z,1,47.34,2026-05-11T22:27:00Z,42.3,2026-05-11T17:36:00Z,27.8,2026-05-11T22:06:00Z,3,2026-05-11T22:25:00Z,25.2,2026-05-11T08:28:00Z,1,2026-05-15T23:25:00Z,1,2026-05-13T03:56:00Z
TX2-02199,2026-05-12T00:36:00Z,0,7.01,2026-05-12T00:36:00Z,38.1,2026-05-12T00:17:00Z,23.8,2026-05-12T00:29:00Z,1,2026-05-12T00:31:00Z,26.2,2026-05-12T03:12:00Z,0,2026-05-16T13:21:00Z,0,2026-05-14T14:42:00Z
TX2-02200,2026-05-12T08:24:00Z,0,19.94,2026-05-12T08:24:00Z,49.0,2026-05-12T03:17:00Z,18.5,2026-05-12T08:00:00Z,2,2026-05-12T07:35:00Z,30.8,2026-05-12T05:18:00Z,0,2026-05-16T02:55:00Z,1,2026-05-13T17:55:00Z
TX2-02201,2026-05-12T12:51:00Z,0,73.81,2026-05-12T12:51:00Z,27.2,2026-05-12T11:29:00Z,49.0,2026-05-12T12:42:00Z,1,2026-05-12T12:07:00Z,29.4,2026-05-11T19:27:00Z,0,2026-05-20T21:50:00Z,0,2026-05-14T00:58:00Z
TX2-02202,2026-05-12T13:52:00Z,0,266.31,2026-05-12T13:52:00Z,25.5,2026-05-12T09:44:00Z,55.7,2026-05-12T13:28:00Z,3,2026-05-12T13:09:00Z,33.7,2026-05-12T04:32:00Z,0,2026-05-22T00:26:00Z,0,2026-05-14T22:11:00Z
TX2-02203,2026-05-12T16:19:00Z,0,15.22,2026-05-12T16:19:00Z,50.7,2026-05-12T11:43:00Z,47.3,2026-05-12T15:53:00Z,2,2026-05-12T15:57:00Z,23.9,2026-05-12T05:37:00Z,0,2026-05-22T09:58:00Z,0,2026-05-13T20:58:00Z
TX2-02204,2026-05-12T17:36:00Z,0,86.53,2026-05-12T17:36:00Z,63.8,2026-05-12T12:18:00Z,51.8,2026-05-12T17:32:00Z,2,2026-05-12T17:09:00Z,23.5,2026-05-12T00:08:00Z,0,2026-05-20T00:02:00Z,0,2026-05-14T13:37:00Z
TX2-02205,2026-05-12T19:47:00Z,0,58.62,2026-05-12T19:47:00Z,40.8,2026-05-12T16:30:00Z,61.2,2026-05-12T19:29:00Z,4,2026-05-12T19:20:00Z,32.5,2026-05-12T06:20:00Z,0,2026-05-22T16:24:00Z,0,2026-05-14T21:35:00Z
TX2-02206,2026-05-12T20:35:00Z,0,40.05,2026-05-12T20:35:00Z,60.1,2026-05-12T14:44:00Z,49.3,2026-05-12T20:14:00Z,1,2026-05-12T19:42:00Z,26.9,2026-05-12T22:59:00Z,0,2026-05-20T04:48:00Z,0,2026-05-14T12:45:00Z
TX2-02207,2026-05-12T22:47:00Z,0,115.59,2026-05-12T22:47:00Z,60.5,2026-05-12T21:13:00Z,46.4,2026-05-12T22:34:00Z,2,2026-05-12T22:18:00Z,44.6,2026-05-12T21:34:00Z,0,2026-05-18T13:43:00Z,0,2026-05-15T18:34:00Z
TX2-02208,2026-05-12T23:20:00Z,0,32.81,2026-05-12T23:20:00Z,48.4,2026-05-12T21:06:00Z,37.6,2026-05-12T23:00:00Z,2,2026-05-12T22:23:00Z,24.2,2026-05-12T10:57:00Z,0,2026-05-16T05:37:00Z,0,2026-05-14T10:31:00Z
TX2-02209,2026-05-12T23:23:00Z,0,221.82,2026-05-12T23:23:00Z,61.3,2026-05-12T19:25:00Z,23.4,2026-05-12T23:19:00Z,1,2026-05-12T23:15:00Z,34.5,2026-05-12T04:47:00Z,0,2026-05-20T04:48:00Z,0,2026-05-15T03:58:00Z
TX2-02210,2026-05-12T23:32:00Z,0,236.44,2026-05-12T23:32:00Z,46.4,2026-05-12T22:08:00Z,17.5,2026-05-12T23:27:00Z,1,2026-05-12T23:12:00Z,22.8,2026-05-12T11:55:00Z,0,2026-05-17T22:25:00Z,0,2026-05-15T22:09:00Z
TX2-02211,2026-05-12T23:37:00Z,0,41.92,2026-05-12T23:37:00Z,80.6,2026-05-12T20:36:00Z,47.6,2026-05-12T23:20:00Z,1,2026-05-12T23:28:00Z,38.1,2026-05-13T04:58:00Z,0,2026-05-18T07:33:00Z,0,2026-05-14T07:43:00Z
TX2-02212,2026-05-12T23:46:00Z,0,22.17,2026-05-12T23:46:00Z,31.2,2026-05-12T18:01:00Z,39.5,2026-05-12T23:37:00Z,1,2026-05-12T23:16:00Z,32.3,2026-05-13T06:48:00Z,0,2026-05-22T20:23:00Z,0,2026-05-15T18:44:00Z
TX2-02213,2026-05-13T02:28:00Z,0,83.51,2026-05-13T02:28:00Z,42.9,2026-05-12T23:12:00Z,38.6,2026-05-13T02:14:00Z,2,2026-05-13T02:13:00Z,32.7,2026-05-12T07:30:00Z,0,2026-05-21T04:47:00Z,0,2026-05-15T20:05:00Z
TX2-02214,2026-05-13T05:10:00Z,0,44.85,2026-05-13T05:10:00Z,53.5,2026-05-13T02:15:00Z,56.4,2026-05-13T04:42:00Z,1,2026-05-13T04:24:00Z,20.7,2026-05-12T18:37:00Z,0,2026-05-17T06:16:00Z,0,2026-05-14T20:18:00Z
TX2-02215,2026-05-13T07:38:00Z,0,56.88,2026-05-13T07:38:00Z,47.3,2026-05-13T03:19:00Z,42.5,2026-05-13T07:30:00Z,3,2026-05-13T06:55:00Z,32.9,2026-05-12T15:32:00Z,0,2026-05-18T08:23:00Z,0,2026-05-15T12:05:00Z
TX2-02216,2026-05-13T07:41:00Z,0,36.03,2026-05-13T07:41:00Z,43.7,2026-05-13T03:27:00Z,33.5,2026-05-13T07:37:00Z,0,2026-05-13T07:20:00Z,37.7,2026-05-13T00:22:00Z,0,2026-05-17T17:41:00Z,0,2026-05-14T11:00:00Z
TX2-02217,2026-05-13T11:42:00Z,0,106.14,2026-05-13T11:42:00Z,57.6,2026-05-13T08:37:00Z,29.0,2026-05-13T11:35:00Z,2,2026-05-13T11:03:00Z,32.8,2026-05-13T02:57:00Z,0,2026-05-20T14:49:00Z,0,2026-05-15T00:30:00Z
TX2-02218,2026-05-13T13:55:00Z,0,74.94,2026-05-13T13:55:00Z,17.2,2026-05-13T11:52:00Z,42.0,2026-05-13T13:38:00Z,1,2026-05-13T12:58:00Z,29.0,2026-05-12T22:50:00Z,0,2026-05-23T05:17:00Z,0,2026-05-15T19:34:00Z
TX2-02219,2026-05-13T16:24:00Z,0,5.44,2026-05-13T16:24:00Z,51.6,2026-05-13T13:01:00Z,37.1,2026-05-13T16:18:00Z,3,2026-05-13T16:18:00Z,19.2,2026-05-13T09:00:00Z,0,2026-05-19T15:30:00Z,0,2026-05-15T11:17:00Z
TX2-02220,2026-05-13T17:43:00Z,0,96.09,2026-05-13T17:43:00Z,40.2,2026-05-13T12:49:00Z,30.5,2026-05-13T17:28:00Z,2,2026-05-13T17:38:00Z,33.5,2026-05-13T06:44:00Z,0,2026-05-17T22:50:00Z,0,2026-05-15T02:14:00Z
TX2-02221,2026-05-13T21:47:00Z,0,183.19,2026-05-13T21:47:00Z,47.6,2026-05-13T16:26:00Z,27.8,2026-05-13T21:32:00Z,2,2026-05-13T21:31:00Z,27.3,2026-05-13T15:41:00Z,0,2026-05-19T01:01:00Z,0,2026-05-15T01:38:00Z
TX2-02222,2026-05-13T21:53:00Z,0,35.06,2026-05-13T21:53:00Z,54.9,2026-05-13T19:18:00Z,32.5,2026-05-13T21:52:00Z,1,2026-05-13T21:47:00Z,38.6,2026-05-13T15:12:00Z,0,2026-05-17T10:16:00Z,0,2026-05-16T05:50:00Z
TX2-02223,2026-05-14T01:30:00Z,0,51.57,2026-05-14T01:30:00Z,45.1,2026-05-14T00:23:00Z,30.3,2026-05-14T01:09:00Z,3,2026-05-14T01:08:00Z,26.3,2026-05-13T05:54:00Z,0,2026-05-17T18:55:00Z,0,2026-05-16T01:59:00Z
TX2-02224,2026-05-14T04:41:00Z,0,18.19,2026-05-14T04:41:00Z,56.1,2026-05-13T23:01:00Z,32.7,2026-05-14T04:27:00Z,3,2026-05-14T03:56:00Z,21.0,2026-05-13T23:59:00Z,0,2026-05-20T16:21:00Z,0,2026-05-15T07:07:00Z
TX2-02225,2026-05-14T06:05:00Z,0,184.91,2026-05-14T06:05:00Z,51.0,2026-05-14T01:26:00Z,38.1,2026-05-14T05:35:00Z,6,2026-05-14T05:16:00Z,15.2,2026-05-13T12:37:00Z,0,2026-05-21T22:11:00Z,0,2026-05-16T11:54:00Z
TX2-02226,2026-05-14T07:27:00Z,0,41.56,2026-05-14T07:27:00Z,58.9,2026-05-14T06:42:00Z,33.0,2026-05-14T06:57:00Z,3,2026-05-14T07:02:00Z,32.4,2026-05-14T04:15:00Z,0,2026-05-22T07:46:00Z,0,2026-05-17T06:55:00Z
TX2-02227,2026-05-14T09:42:00Z,0,113.44,2026-05-14T09:42:00Z,52.6,2026-05-14T04:08:00Z,43.8,2026-05-14T09:21:00Z,3,2026-05-14T09:29:00Z,33.3,2026-05-13T23:18:00Z,0,2026-05-19T17:50:00Z,0,2026-05-17T07:10:00Z
TX2-02228,2026-05-14T10:12:00Z,0,7.55,2026-05-14T10:12:00Z,49.1,2026-05-14T05:21:00Z,41.0,2026-05-14T09:55:00Z,4,2026-05-14T10:09:00Z,41.1,2026-05-14T04:57:00Z,0,2026-05-21T22:29:00Z,0,2026-05-17T08:27:00Z
TX2-02229,2026-05-14T10:17:00Z,1,38.31,2026-05-14T10:17:00Z,64.3,2026-05-14T06:48:00Z,47.8,2026-05-14T09:50:00Z,6,2026-05-14T09:52:00Z,15.6,2026-05-13T15:50:00Z,1,2026-05-22T01:15:00Z,1,2026-05-16T19:04:00Z
TX2-02230,2026-05-14T11:41:00Z,0,97.12,2026-05-14T11:41:00Z,65.5,2026-05-14T05:52:00Z,46.3,2026-05-14T11:32:00Z,2,2026-05-14T10:42:00Z,26.9,2026-05-13T17:45:00Z,0,2026-05-24T02:49:00Z,0,2026-05-17T10:30:00Z
TX2-02231,2026-05-14T13:27:00Z,0,108.96,2026-05-14T13:27:00Z,75.7,2026-05-14T13:05:00Z,50.2,2026-05-14T13:14:00Z,6,2026-05-14T12:51:00Z,30.8,2026-05-14T10:19:00Z,0,2026-05-17T23:29:00Z,1,2026-05-16T02:27:00Z
TX2-02232,2026-05-14T13:59:00Z,0,24.42,2026-05-14T13:59:00Z,35.2,2026-05-14T08:29:00Z,34.5,2026-05-14T13:51:00Z,4,2026-05-14T13:01:00Z,35.0,2026-05-13T22:33:00Z,0,2026-05-23T20:48:00Z,0,2026-05-16T22:08:00Z
TX2-02233,2026-05-14T20:39:00Z,0,25.2,2026-05-14T20:39:00Z,47.0,2026-05-14T19:03:00Z,21.0,2026-05-14T20:15:00Z,0,2026-05-14T20:30:00Z,15.5,2026-05-14T18:52:00Z,0,2026-05-22T13:08:00Z,0,2026-05-16T19:03:00Z
TX2-02234,2026-05-14T20:46:00Z,0,55.77,2026-05-14T20:46:00Z,50.3,2026-05-14T17:58:00Z,28.3,2026-05-14T20:32:00Z,1,2026-05-14T20:19:00Z,22.0,2026-05-15T01:17:00Z,0,2026-05-21T12:46:00Z,0,2026-05-16T20:57:00Z
TX2-02235,2026-05-14T21:01:00Z,0,61.45,2026-05-14T21:01:00Z,40.6,2026-05-14T18:29:00Z,60.5,2026-05-14T20:46:00Z,1,2026-05-14T20:20:00Z,21.1,2026-05-14T12:18:00Z,0,2026-05-24T05:01:00Z,0,2026-05-16T01:18:00Z
TX2-02236,2026-05-14T21:07:00Z,0,153.99,2026-05-14T21:07:00Z,73.4,2026-05-14T16:30:00Z,32.5,2026-05-14T21:05:00Z,2,2026-05-14T20:26:00Z,21.6,2026-05-14T11:09:00Z,0,2026-05-24T14:10:00Z,1,2026-05-16T11:05:00Z
TX2-02237,2026-05-14T21:16:00Z,0,113.58,2026-05-14T21:16:00Z,56.0,2026-05-14T20:28:00Z,37.1,2026-05-14T20:54:00Z,1,2026-05-14T20:30:00Z,30.0,2026-05-14T18:48:00Z,0,2026-05-23T18:16:00Z,0,2026-05-16T04:46:00Z
TX2-02238,2026-05-15T00:35:00Z,0,20.58,2026-05-15T00:35:00Z,29.1,2026-05-14T21:26:00Z,30.0,2026-05-15T00:31:00Z,3,2026-05-15T00:03:00Z,33.4,2026-05-14T11:01:00Z,0,2026-05-19T02:53:00Z,0,2026-05-16T14:21:00Z
TX2-02239,2026-05-15T02:32:00Z,1,159.6,2026-05-15T02:32:00Z,62.9,2026-05-14T23:23:00Z,37.5,2026-05-15T02:18:00Z,3,2026-05-15T02:25:00Z,33.0,2026-05-14T19:17:00Z,1,2026-05-19T12:33:00Z,2,2026-05-18T01:26:00Z
TX2-02240,2026-05-15T02:36:00Z,1,35.94,2026-05-15T02:36:00Z,64.8,2026-05-14T21:07:00Z,66.2,2026-05-15T02:21:00Z,1,2026-05-15T01:50:00Z,37.2,2026-05-15T06:57:00Z,1,2026-05-23T23:29:00Z,2,2026-05-17T00:50:00Z
TX2-02241,2026-05-15T02:58:00Z,0,69.73,2026-05-15T02:58:00Z,82.1,2026-05-14T21:46:00Z,45.6,2026-05-15T02:51:00Z,8,2026-05-15T02:38:00Z,22.3,2026-05-14T12:05:00Z,0,2026-05-25T01:20:00Z,0,2026-05-17T05:20:00Z
TX2-02242,2026-05-15T03:24:00Z,0,103.14,2026-05-15T03:24:00Z,55.7,2026-05-14T23:37:00Z,32.1,2026-05-15T02:59:00Z,2,2026-05-15T02:35:00Z,20.5,2026-05-14T17:16:00Z,0,2026-05-19T08:33:00Z,0,2026-05-17T21:30:00Z
TX2-02243,2026-05-15T04:02:00Z,0,9.5,2026-05-15T04:02:00Z,80.9,2026-05-15T00:49:00Z,36.4,2026-05-15T03:49:00Z,2,2026-05-15T03:33:00Z,25.4,2026-05-14T18:34:00Z,0,2026-05-23T20:30:00Z,0,2026-05-17T01:09:00Z
TX2-02244,2026-05-15T04:55:00Z,0,455.87,2026-05-15T04:55:00Z,64.7,2026-05-15T04:51:00Z,39.5,2026-05-15T04:32:00Z,6,2026-05-15T04:12:00Z,26.0,2026-05-14T22:17:00Z,1,2026-05-19T09:56:00Z,0,2026-05-16T19:00:00Z
TX2-02245,2026-05-15T06:24:00Z,1,148.39,2026-05-15T06:24:00Z,56.7,2026-05-15T03:27:00Z,47.6,2026-05-15T05:58:00Z,4,2026-05-15T06:04:00Z,10.1,2026-05-15T13:32:00Z,1,2026-05-24T12:34:00Z,2,2026-05-17T13:18:00Z
TX2-02246,2026-05-15T06:56:00Z,0,92.9,2026-05-15T06:56:00Z,50.7,2026-05-15T02:46:00Z,33.3,2026-05-15T06:38:00Z,3,2026-05-15T06:40:00Z,21.3,2026-05-15T00:06:00Z,0,2026-05-20T16:06:00Z,0,2026-05-18T00:05:00Z
TX2-02247,2026-05-15T07:34:00Z,0,222.78,2026-05-15T07:34:00Z,46.3,2026-05-15T02:26:00Z,44.2,2026-05-15T07:09:00Z,5,2026-05-15T07:07:00Z,24.7,2026-05-15T00:07:00Z,0,2026-05-23T01:25:00Z,0,2026-05-16T10:46:00Z
TX2-02248,2026-05-15T07:55:00Z,0,110.74,2026-05-15T07:55:00Z,58.8,2026-05-15T04:54:00Z,39.1,2026-05-15T07:44:00Z,7,2026-05-15T07:43:00Z,43.3,2026-05-15T04:04:00Z,0,2026-05-18T15:37:00Z,1,2026-05-18T07:39:00Z
TX2-02249,2026-05-15T08:41:00Z,0,85.33,2026-05-15T08:41:00Z,57.0,2026-05-15T08:36:00Z,56.3,2026-05-15T08:27:00Z,2,2026-05-15T08:18:00Z,30.0,2026-05-14T16:11:00Z,0,2026-05-22T15:21:00Z,0,2026-05-16T22:32:00Z
TX2-02250,2026-05-15T12:26:00Z,0,14.65,2026-05-15T12:26:00Z,35.9,2026-05-15T08:38:00Z,52.0,2026-05-15T12:20:00Z,2,2026-05-15T11:29:00Z,15.8,2026-05-15T00:56:00Z,0,2026-05-19T19:44:00Z,0,2026-05-16T18:25:00Z
TX2-02251,2026-05-15T12:46:00Z,1,57.15,2026-05-15T12:46:00Z,41.4,2026-05-15T12:06:00Z,47.9,2026-05-15T12:25:00Z,2,2026-05-15T11:49:00Z,40.0,2026-05-15T04:24:00Z,1,2026-05-23T10:33:00Z,2,2026-05-18T00:19:00Z
TX2-02252,2026-05-15T13:19:00Z,0,202.32,2026-05-15T13:19:00Z,73.6,2026-05-15T07:27:00Z,49.7,2026-05-15T12:59:00Z,1,2026-05-15T12:55:00Z,22.6,2026-05-14T17:56:00Z,0,2026-05-22T22:04:00Z,0,2026-05-16T22:58:00Z
TX2-02253,2026-05-15T18:18:00Z,0,21.32,2026-05-15T18:18:00Z,42.1,2026-05-15T15:55:00Z,41.9,2026-05-15T18:10:00Z,1,2026-05-15T17:46:00Z,36.4,2026-05-15T06:06:00Z,0,2026-05-25T16:18:00Z,1,2026-05-16T22:29:00Z
TX2-02254,2026-05-15T19:05:00Z,0,304.75,2026-05-15T19:05:00Z,45.5,2026-05-15T14:11:00Z,44.5,2026-05-15T19:02:00Z,3,2026-05-15T18:45:00Z,43.3,2026-05-15T12:38:00Z,0,2026-05-24T15:32:00Z,0,2026-05-16T20:56:00Z
TX2-02255,2026-05-15T22:28:00Z,0,51.8,2026-05-15T22:28:00Z,25.9,2026-05-15T19:54:00Z,47.8,2026-05-15T22:17:00Z,0,2026-05-15T22:17:00Z,30.4,2026-05-15T14:22:00Z,0,2026-05-19T19:39:00Z,0,2026-05-18T18:21:00Z
TX2-02256,2026-05-15T23:16:00Z,0,23.07,2026-05-15T23:16:00Z,26.4,2026-05-15T21:40:00Z,33.1,2026-05-15T23:08:00Z,4,2026-05-15T22:54:00Z,23.6,2026-05-15T22:15:00Z,0,2026-05-22T09:41:00Z,0,2026-05-17T08:37:00Z
TX2-02257,2026-05-15T23:39:00Z,0,31.69,2026-05-15T23:39:00Z,86.6,2026-05-15T19:59:00Z,53.2,2026-05-15T23:33:00Z,2,2026-05-15T22:49:00Z,47.2,2026-05-16T04:32:00Z,0,2026-05-22T15:46:00Z,0,2026-05-18T03:47:00Z
TX2-02258,2026-05-16T00:01:00Z,0,48.41,2026-05-16T00:01:00Z,38.1,2026-05-15T21:12:00Z,47.7,2026-05-15T23:51:00Z,3,2026-05-15T23:58:00Z,26.4,2026-05-15T17:11:00Z,0,2026-05-22T08:04:00Z,0,2026-05-18T11:36:00Z
TX2-02259,2026-05-16T00:25:00Z,0,34.32,2026-05-16T00:25:00Z,57.8,2026-05-16T00:17:00Z,54.8,2026-05-16T00:11:00Z,3,2026-05-16T00:20:00Z,13.2,2026-05-16T06:28:00Z,0,2026-05-22T07:02:00Z,0,2026-05-18T10:22:00Z
TX2-02260,2026-05-16T00:40:00Z,0,21.47,2026-05-16T00:40:00Z,59.1,2026-05-15T23:18:00Z,37.8,2026-05-16T00:17:00Z,7,2026-05-16T00:20:00Z,26.0,2026-05-15T18:43:00Z,0,2026-05-21T10:30:00Z,0,2026-05-18T07:39:00Z
TX2-02261,2026-05-16T01:25:00Z,1,53.58,2026-05-16T01:25:00Z,24.6,2026-05-16T00:12:00Z,48.0,2026-05-16T01:00:00Z,2,2026-05-16T00:49:00Z,26.2,2026-05-15T06:29:00Z,0,2026-05-25T13:06:00Z,2,2026-05-18T09:32:00Z
TX2-02262,2026-05-16T03:09:00Z,0,52.83,2026-05-16T03:09:00Z,59.3,2026-05-16T00:19:00Z,27.6,2026-05-16T02:55:00Z,1,2026-05-16T02:25:00Z,24.9,2026-05-15T17:22:00Z,1,2026-05-19T21:32:00Z,0,2026-05-18T21:44:00Z
TX2-02263,2026-05-16T03:14:00Z,0,133.59,2026-05-16T03:14:00Z,46.3,2026-05-16T03:08:00Z,61.0,2026-05-16T02:50:00Z,0,2026-05-16T02:23:00Z,22.3,2026-05-16T06:20:00Z,0,2026-05-23T00:56:00Z,0,2026-05-17T20:16:00Z
TX2-02264,2026-05-16T03:56:00Z,0,68.58,2026-05-16T03:56:00Z,52.4,2026-05-15T22:56:00Z,48.7,2026-05-16T03:44:00Z,3,2026-05-16T03:09:00Z,22.5,2026-05-15T20:48:00Z,0,2026-05-22T13:26:00Z,0,2026-05-18T01:14:00Z
TX2-02265,2026-05-16T05:50:00Z,1,19.53,2026-05-16T05:50:00Z,45.2,2026-05-16T02:13:00Z,70.1,2026-05-16T05:27:00Z,1,2026-05-16T05:26:00Z,39.4,2026-05-15T21:56:00Z,0,2026-05-19T12:27:00Z,2,2026-05-19T05:33:00Z
TX2-02266,2026-05-16T06:02:00Z,0,26.49,2026-05-16T06:02:00Z,50.2,2026-05-16T05:57:00Z,47.1,2026-05-16T06:00:00Z,1,2026-05-16T05:56:00Z,24.8,2026-05-16T03:54:00Z,0,2026-05-22T18:15:00Z,0,2026-05-17T23:55:00Z
TX2-02267,2026-05-16T07:21:00Z,0,258.8,2026-05-16T07:21:00Z,45.7,2026-05-16T05:36:00Z,19.6,2026-05-16T07:10:00Z,1,2026-05-16T07:11:00Z,37.5,2026-05-15T12:56:00Z,0,2026-05-24T22:28:00Z,0,2026-05-18T14:17:00Z
TX2-02268,2026-05-16T07:21:00Z,0,20.26,2026-05-16T07:21:00Z,50.7,2026-05-16T05:33:00Z,34.7,2026-05-16T06:59:00Z,2,2026-05-16T07:16:00Z,26.9,2026-05-15T11:37:00Z,0,2026-05-19T21:56:00Z,0,2026-05-17T09:18:00Z
TX2-02269,2026-05-16T09:25:00Z,0,464.16,2026-05-16T09:25:00Z,49.5,2026-05-16T05:36:00Z,51.2,2026-05-16T09:08:00Z,4,2026-05-16T08:34:00Z,25.3,2026-05-15T22:31:00Z,0,2026-05-24T07:25:00Z,0,2026-05-18T06:52:00Z
TX2-02270,2026-05-16T10:09:00Z,0,19.04,2026-05-16T10:09:00Z,62.3,2026-05-16T08:37:00Z,34.7,2026-05-16T10:03:00Z,3,2026-05-16T09:21:00Z,35.6,2026-05-15T17:39:00Z,0,2026-05-20T18:14:00Z,0,2026-05-17T23:16:00Z
TX2-02271,2026-05-16T10:20:00Z,0,34.93,2026-05-16T10:20:00Z,44.4,2026-05-16T05:17:00Z,45.3,2026-05-16T09:53:00Z,1,2026-05-16T09:45:00Z,27.1,2026-05-15T15:17:00Z,0,2026-05-20T05:16:00Z,0,2026-05-18T02:24:00Z
TX2-02272,2026-05-16T11:31:00Z,0,31.11,2026-05-16T11:31:00Z,51.2,2026-05-16T09:47:00Z,37.4,2026-05-16T11:15:00Z,2,2026-05-16T10:33:00Z,30.4,2026-05-16T07:35:00Z,0,2026-05-21T06:24:00Z,0,2026-05-18T19:07:00Z
TX2-02273,2026-05-16T12:21:00Z,0,64.13,2026-05-16T12:21:00Z,43.8,2026-05-16T11:12:00Z,32.0,2026-05-16T12:02:00Z,1,2026-05-16T11:26:00Z,43.3,2026-05-15T23:38:00Z,0,2026-05-26T11:03:00Z,0,2026-05-17T23:58:00Z
TX2-02274,2026-05-16T13:23:00Z,1,203.34,2026-05-16T13:23:00Z,48.8,2026-05-16T12:10:00Z,56.9,2026-05-16T12:55:00Z,5,2026-05-16T13:05:00Z,37.4,2026-05-16T06:29:00Z,1,2026-05-21T16:15:00Z,2,2026-05-18T05:40:00Z
TX2-02275,2026-05-16T13:34:00Z,0,50.62,2026-05-16T13:34:00Z,59.8,2026-05-16T11:36:00Z,46.1,2026-05-16T13:06:00Z,1,2026-05-16T13:24:00Z,17.5,2026-05-15T23:17:00Z,0,2026-05-25T18:21:00Z,0,2026-05-18T12:00:00Z
TX2-02276,2026-05-16T16:31:00Z,0,43.92,2026-05-16T16:31:00Z,74.4,2026-05-16T14:56:00Z,14.1,2026-05-16T16:01:00Z,0,2026-05-16T16:13:00Z,13.4,2026-05-16T03:51:00Z,0,2026-05-20T04:23:00Z,1,2026-05-18T06:45:00Z
TX2-02277,2026-05-16T18:00:00Z,0,131.13,2026-05-16T18:00:00Z,35.9,2026-05-16T14:32:00Z,43.8,2026-05-16T17:55:00Z,3,2026-05-16T17:00:00Z,33.0,2026-05-16T03:53:00Z,0,2026-05-21T07:18:00Z,1,2026-05-19T05:17:00Z
TX2-02278,2026-05-16T19:06:00Z,0,77.77,2026-05-16T19:06:00Z,36.9,2026-05-16T16:42:00Z,38.6,2026-05-16T18:58:00Z,8,2026-05-16T19:05:00Z,47.0,2026-05-16T03:01:00Z,0,2026-05-21T00:41:00Z,0,2026-05-18T17:58:00Z
TX2-02279,2026-05-16T19:30:00Z,0,46.62,2026-05-16T19:30:00Z,49.0,2026-05-16T19:17:00Z,41.0,2026-05-16T19:08:00Z,2,2026-05-16T18:57:00Z,25.7,2026-05-16T11:15:00Z,0,2026-05-23T03:16:00Z,0,2026-05-18T09:25:00Z
TX2-02280,2026-05-16T21:10:00Z,0,102.35,2026-05-16T21:10:00Z,39.7,2026-05-16T16:12:00Z,37.8,2026-05-16T20:50:00Z,1,2026-05-16T20:46:00Z,32.5,2026-05-16T01:34:00Z,0,2026-05-24T23:12:00Z,0,2026-05-18T15:11:00Z
TX2-02281,2026-05-16T23:26:00Z,0,53.46,2026-05-16T23:26:00Z,53.2,2026-05-16T23:18:00Z,27.5,2026-05-16T23:21:00Z,6,2026-05-16T23:02:00Z,29.0,2026-05-16T21:41:00Z,0,2026-05-25T00:46:00Z,0,2026-05-19T06:26:00Z
TX2-02282,2026-05-17T00:32:00Z,0,50.29,2026-05-17T00:32:00Z,48.1,2026-05-16T21:09:00Z,33.9,2026-05-17T00:21:00Z,4,2026-05-16T23:40:00Z,32.0,2026-05-16T16:25:00Z,0,2026-05-27T00:28:00Z,0,2026-05-19T22:30:00Z
TX2-02283,2026-05-17T01:08:00Z,0,264.65,2026-05-17T01:08:00Z,50.9,2026-05-16T23:12:00Z,40.0,2026-05-17T00:46:00Z,3,2026-05-17T00:12:00Z,26.2,2026-05-17T07:20:00Z,0,2026-05-26T08:41:00Z,0,2026-05-18T02:05:00Z
TX2-02284,2026-05-17T02:35:00Z,0,7.69,2026-05-17T02:35:00Z,31.9,2026-05-17T01:08:00Z,37.7,2026-05-17T02:07:00Z,3,2026-05-17T02:17:00Z,24.2,2026-05-17T06:23:00Z,0,2026-05-26T18:09:00Z,0,2026-05-19T06:30:00Z
TX2-02285,2026-05-17T04:45:00Z,0,48.99,2026-05-17T04:45:00Z,48.0,2026-05-17T01:17:00Z,49.9,2026-05-17T04:41:00Z,4,2026-05-17T03:58:00Z,24.3,2026-05-16T23:38:00Z,0,2026-05-23T16:32:00Z,0,2026-05-18T18:57:00Z
TX2-02286,2026-05-17T05:32:00Z,0,47.49,2026-05-17T05:32:00Z,37.4,2026-05-17T03:53:00Z,48.1,2026-05-17T05:21:00Z,2,2026-05-17T04:38:00Z,32.2,2026-05-16T17:44:00Z,0,2026-05-20T08:48:00Z,0,2026-05-18T10:58:00Z
TX2-02287,2026-05-17T06:16:00Z,0,46.22,2026-05-17T06:16:00Z,51.8,2026-05-17T01:56:00Z,31.6,2026-05-17T05:48:00Z,2,2026-05-17T05:55:00Z,24.2,2026-05-17T03:15:00Z,0,2026-05-22T04:20:00Z,2,2026-05-18T09:33:00Z
TX2-02288,2026-05-17T08:00:00Z,0,70.67,2026-05-17T08:00:00Z,47.5,2026-05-17T03:40:00Z,19.2,2026-05-17T07:58:00Z,2,2026-05-17T07:43:00Z,29.3,2026-05-16T12:46:00Z,0,2026-05-20T11:25:00Z,0,2026-05-20T01:07:00Z
TX2-02289,2026-05-17T09:29:00Z,0,21.27,2026-05-17T09:29:00Z,52.2,2026-05-17T07:27:00Z,38.1,2026-05-17T09:04:00Z,6,2026-05-17T09:22:00Z,36.5,2026-05-17T12:51:00Z,0,2026-05-20T13:43:00Z,1,2026-05-20T04:06:00Z
TX2-02290,2026-05-17T11:24:00Z,0,78.82,2026-05-17T11:24:00Z,63.0,2026-05-17T09:36:00Z,46.6,2026-05-17T11:20:00Z,3,2026-05-17T11:00:00Z,33.5,2026-05-16T17:56:00Z,0,2026-05-23T09:45:00Z,0,2026-05-20T11:07:00Z
TX2-02291,2026-05-17T16:02:00Z,0,93.64,2026-05-17T16:02:00Z,39.6,2026-05-17T12:42:00Z,41.3,2026-05-17T15:54:00Z,3,2026-05-17T15:38:00Z,44.7,2026-05-17T23:22:00Z,0,2026-05-20T18:57:00Z,0,2026-05-20T13:12:00Z
TX2-02292,2026-05-17T16:22:00Z,0,98.43,2026-05-17T16:22:00Z,49.6,2026-05-17T14:59:00Z,30.4,2026-05-17T15:55:00Z,3,2026-05-17T15:53:00Z,24.5,2026-05-17T07:36:00Z,0,2026-05-25T07:09:00Z,0,2026-05-18T17:43:00Z
TX2-02293,2026-05-17T18:08:00Z,0,107.53,2026-05-17T18:08:00Z,34.7,2026-05-17T16:32:00Z,35.0,2026-05-17T18:02:00Z,2,2026-05-17T17:30:00Z,40.7,2026-05-17T08:15:00Z,0,2026-05-22T14:27:00Z,0,2026-05-19T12:38:00Z
TX2-02294,2026-05-17T19:15:00Z,0,31.82,2026-05-17T19:15:00Z,48.1,2026-05-17T13:32:00Z,29.1,2026-05-17T19:08:00Z,2,2026-05-17T19:09:00Z,39.4,2026-05-17T13:24:00Z,0,2026-05-20T19:49:00Z,0,2026-05-19T07:52:00Z
TX2-02295,2026-05-18T00:13:00Z,0,152.6,2026-05-18T00:13:00Z,35.0,2026-05-18T00:01:00Z,46.8,2026-05-17T23:52:00Z,3,2026-05-17T23:45:00Z,30.7,2026-05-17T16:45:00Z,0,2026-05-23T07:36:00Z,0,2026-05-19T07:04:00Z
TX2-02296,2026-05-18T00:30:00Z,0,39.9,2026-05-18T00:30:00Z,52.8,2026-05-17T22:20:00Z,23.2,2026-05-18T00:25:00Z,2,2026-05-17T23:41:00Z,24.7,2026-05-18T02:43:00Z,0,2026-05-27T12:32:00Z,0,2026-05-20T01:41:00Z
TX2-02297,2026-05-18T00:55:00Z,0,34.71,2026-05-18T00:55:00Z,30.2,2026-05-17T23:28:00Z,31.6,2026-05-18T00:48:00Z,2,2026-05-18T00:39:00Z,34.2,2026-05-17T22:06:00Z,0,2026-05-23T16:59:00Z,0,2026-05-19T22:48:00Z
TX2-02298,2026-05-18T01:02:00Z,0,159.33,2026-05-18T01:02:00Z,60.0,2026-05-17T22:08:00Z,37.8,2026-05-18T00:54:00Z,0,2026-05-18T00:06:00Z,21.1,2026-05-17T09:20:00Z,0,2026-05-27T18:31:00Z,0,2026-05-20T22:01:00Z
TX2-02299,2026-05-18T03:18:00Z,0,116.44,2026-05-18T03:18:00Z,38.3,2026-05-17T23:53:00Z,38.6,2026-05-18T03:07:00Z,1,2026-05-18T02:34:00Z,24.1,2026-05-17T11:32:00Z,0,2026-05-22T04:46:00Z,0,2026-05-21T02:21:00Z
TX2-02300,2026-05-18T04:09:00Z,0,85.37,2026-05-18T04:09:00Z,38.1,2026-05-18T02:15:00Z,50.3,2026-05-18T04:04:00Z,0,2026-05-18T03:29:00Z,30.9,2026-05-18T02:49:00Z,0,2026-05-22T02:16:00Z,0,2026-05-19T09:35:00Z
TX2-02301,2026-05-18T04:14:00Z,0,70.65,2026-05-18T04:14:00Z,61.0,2026-05-18T02:58:00Z,46.7,2026-05-18T03:46:00Z,3,2026-05-18T03:54:00Z,40.3,2026-05-18T02:35:00Z,0,2026-05-23T08:44:00Z,0,2026-05-20T07:46:00Z
TX2-02302,2026-05-18T04:21:00Z,0,33.81,2026-05-18T04:21:00Z,36.4,2026-05-18T02:57:00Z,23.0,2026-05-18T03:56:00Z,4,2026-05-18T04:15:00Z,14.6,2026-05-17T08:51:00Z,0,2026-05-27T01:31:00Z,0,2026-05-19T14:47:00Z
TX2-02303,2026-05-18T06:32:00Z,0,117.41,2026-05-18T06:32:00Z,42.3,2026-05-18T05:07:00Z,27.9,2026-05-18T06:03:00Z,0,2026-05-18T06:09:00Z,28.1,2026-05-17T20:37:00Z,0,2026-05-25T10:54:00Z,0,2026-05-19T09:25:00Z
TX2-02304,2026-05-18T14:04:00Z,0,106.71,2026-05-18T14:04:00Z,49.6,2026-05-18T12:02:00Z,26.2,2026-05-18T13:41:00Z,4,2026-05-18T13:55:00Z,25.6,2026-05-17T23:40:00Z,0,2026-05-23T12:00:00Z,0,2026-05-20T12:47:00Z
TX2-02305,2026-05-18T14:30:00Z,0,40.39,2026-05-18T14:30:00Z,57.4,2026-05-18T13:44:00Z,41.0,2026-05-18T14:02:00Z,4,2026-05-18T14:05:00Z,42.5,2026-05-18T04:22:00Z,0,2026-05-21T19:18:00Z,0,2026-05-20T12:34:00Z
TX2-02306,2026-05-18T17:14:00Z,0,25.29,2026-05-18T17:14:00Z,54.4,2026-05-18T15:55:00Z,49.6,2026-05-18T16:58:00Z,1,2026-05-18T16:43:00Z,17.4,2026-05-18T00:15:00Z,0,2026-05-27T05:48:00Z,0,2026-05-19T21:21:00Z
TX2-02307,2026-05-18T17:25:00Z,0,50.49,2026-05-18T17:25:00Z,46.2,2026-05-18T14:16:00Z,37.4,2026-05-18T17:08:00Z,1,2026-05-18T16:30:00Z,21.2,2026-05-18T07:08:00Z,0,2026-05-22T11:45:00Z,0,2026-05-21T16:26:00Z
TX2-02308,2026-05-18T17:34:00Z,0,10.93,2026-05-18T17:34:00Z,48.4,2026-05-18T16:07:00Z,29.1,2026-05-18T17:19:00Z,1,2026-05-18T17:16:00Z,20.6,2026-05-18T11:59:00Z,0,2026-05-26T08:32:00Z,0,2026-05-21T15:22:00Z
TX2-02309,2026-05-18T17:37:00Z,0,85.84,2026-05-18T17:37:00Z,58.4,2026-05-18T17:13:00Z,54.8,2026-05-18T17:14:00Z,4,2026-05-18T17:03:00Z,34.0,2026-05-18T15:59:00Z,0,2026-05-26T16:05:00Z,0,2026-05-21T08:32:00Z
TX2-02310,2026-05-18T20:37:00Z,0,64.33,2026-05-18T20:37:00Z,55.4,2026-05-18T14:38:00Z,36.2,2026-05-18T20:25:00Z,1,2026-05-18T20:30:00Z,25.9,2026-05-18T22:44:00Z,0,2026-05-23T21:05:00Z,0,2026-05-21T16:55:00Z
TX2-02311,2026-05-18T20:40:00Z,0,41.44,2026-05-18T20:40:00Z,26.3,2026-05-18T19:18:00Z,42.6,2026-05-18T20:11:00Z,4,2026-05-18T20:22:00Z,42.3,2026-05-18T10:14:00Z,0,2026-05-22T16:43:00Z,0,2026-05-21T04:35:00Z
TX2-02312,2026-05-18T21:57:00Z,0,110.56,2026-05-18T21:57:00Z,56.9,2026-05-18T19:05:00Z,53.1,2026-05-18T21:52:00Z,3,2026-05-18T21:35:00Z,37.2,2026-05-18T15:05:00Z,0,2026-05-25T23:02:00Z,0,2026-05-19T23:05:00Z
TX2-02313,2026-05-19T00:07:00Z,0,13.58,2026-05-19T00:07:00Z,52.0,2026-05-18T21:56:00Z,42.9,2026-05-18T23:44:00Z,3,2026-05-18T23:34:00Z,45.5,2026-05-18T07:27:00Z,0,2026-05-26T10:04:00Z,0,2026-05-20T11:04:00Z
TX2-02314,2026-05-19T00:39:00Z,0,31.96,2026-05-19T00:39:00Z,51.7,2026-05-18T21:52:00Z,59.7,2026-05-19T00:14:00Z,1,2026-05-19T00:26:00Z,33.9,2026-05-18T08:56:00Z,0,2026-05-22T16:14:00Z,0,2026-05-21T19:58:00Z
TX2-02315,2026-05-19T00:50:00Z,0,44.19,2026-05-19T00:50:00Z,50.0,2026-05-18T20:52:00Z,35.9,2026-05-19T00:41:00Z,0,2026-05-19T00:04:00Z,19.4,2026-05-18T14:44:00Z,0,2026-05-27T18:54:00Z,0,2026-05-20T07:57:00Z
TX2-02316,2026-05-19T01:16:00Z,0,58.17,2026-05-19T01:16:00Z,60.7,2026-05-19T01:11:00Z,38.7,2026-05-19T00:52:00Z,2,2026-05-19T00:17:00Z,30.3,2026-05-18T22:32:00Z,0,2026-05-25T10:45:00Z,0,2026-05-21T03:33:00Z
TX2-02317,2026-05-19T01:18:00Z,0,25.09,2026-05-19T01:18:00Z,31.3,2026-05-18T19:55:00Z,29.7,2026-05-19T00:53:00Z,2,2026-05-19T01:12:00Z,38.7,2026-05-18T23:21:00Z,0,2026-05-27T07:58:00Z,1,2026-05-20T18:08:00Z
TX2-02318,2026-05-19T01:25:00Z,0,141.35,2026-05-19T01:25:00Z,41.2,2026-05-18T21:56:00Z,40.7,2026-05-19T01:18:00Z,1,2026-05-19T00:37:00Z,35.1,2026-05-19T09:23:00Z,0,2026-05-27T22:37:00Z,1,2026-05-21T09:33:00Z
TX2-02319,2026-05-19T01:46:00Z,1,112.74,2026-05-19T01:46:00Z,57.1,2026-05-18T19:58:00Z,46.2,2026-05-19T01:28:00Z,2,2026-05-19T01:44:00Z,29.0,2026-05-18T16:09:00Z,1,2026-05-24T16:05:00Z,0,2026-05-21T15:53:00Z
TX2-02320,2026-05-19T03:02:00Z,0,144.54,2026-05-19T03:02:00Z,48.2,2026-05-18T22:44:00Z,26.5,2026-05-19T02:57:00Z,0,2026-05-19T02:33:00Z,23.5,2026-05-18T19:54:00Z,0,2026-05-28T14:45:00Z,0,2026-05-21T17:24:00Z
TX2-02321,2026-05-19T03:27:00Z,0,260.09,2026-05-19T03:27:00Z,53.9,2026-05-19T01:17:00Z,44.1,2026-05-19T03:25:00Z,0,2026-05-19T02:31:00Z,40.0,2026-05-18T19:58:00Z,0,2026-05-27T02:49:00Z,0,2026-05-20T11:08:00Z
TX2-02322,2026-05-19T05:22:00Z,0,37.43,2026-05-19T05:22:00Z,70.1,2026-05-19T01:07:00Z,34.7,2026-05-19T05:21:00Z,3,2026-05-19T04:55:00Z,26.2,2026-05-19T09:04:00Z,0,2026-05-28T07:49:00Z,0,2026-05-21T13:33:00Z
TX2-02323,2026-05-19T05:45:00Z,0,39.13,2026-05-19T05:45:00Z,53.4,2026-05-19T03:23:00Z,29.9,2026-05-19T05:34:00Z,2,2026-05-19T05:43:00Z,25.9,2026-05-19T04:24:00Z,0,2026-05-24T16:59:00Z,0,2026-05-21T09:19:00Z
TX2-02324,2026-05-19T05:52:00Z,0,52.31,2026-05-19T05:52:00Z,54.9,2026-05-19T02:42:00Z,44.3,2026-05-19T05:50:00Z,1,2026-05-19T05:28:00Z,29.3,2026-05-18T14:19:00Z,0,2026-05-27T08:57:00Z,0,2026-05-21T14:11:00Z
TX2-02325,2026-05-19T06:18:00Z,0,110.78,2026-05-19T06:18:00Z,52.2,2026-05-19T04:48:00Z,56.1,2026-05-19T05:51:00Z,5,2026-05-19T05:39:00Z,30.6,2026-05-18T11:54:00Z,0,2026-05-27T13:49:00Z,0,2026-05-20T20:33:00Z
TX2-02326,2026-05-19T06:27:00Z,0,15.6,2026-05-19T06:27:00Z,48.5,2026-05-19T03:11:00Z,37.8,2026-05-19T06:17:00Z,2,2026-05-19T05:32:00Z,28.7,2026-05-18T13:33:00Z,0,2026-05-26T16:15:00Z,0,2026-05-21T00:26:00Z
TX2-02327,2026-05-19T09:57:00Z,0,57.22,2026-05-19T09:57:00Z,33.5,2026-05-19T07:50:00Z,52.7,2026-05-19T09:29:00Z,1,2026-05-19T09:51:00Z,24.6,2026-05-18T15:46:00Z,0,2026-05-22T18:30:00Z,0,2026-05-21T13:00:00Z
TX2-02328,2026-05-19T10:14:00Z,0,50.67,2026-05-19T10:14:00Z,30.2,2026-05-19T08:38:00Z,47.6,2026-05-19T09:51:00Z,1,2026-05-19T09:53:00Z,37.5,2026-05-18T14:41:00Z,0,2026-05-24T10:51:00Z,0,2026-05-21T13:12:00Z
TX2-02329,2026-05-19T10:32:00Z,0,19.56,2026-05-19T10:32:00Z,44.1,2026-05-19T07:40:00Z,21.3,2026-05-19T10:06:00Z,3,2026-05-19T10:29:00Z,22.8,2026-05-18T23:45:00Z,0,2026-05-25T11:25:00Z,1,2026-05-20T12:32:00Z
TX2-02330,2026-05-19T11:24:00Z,0,85.98,2026-05-19T11:24:00Z,62.6,2026-05-19T07:44:00Z,48.4,2026-05-19T11:00:00Z,4,2026-05-19T10:31:00Z,18.7,2026-05-19T08:08:00Z,0,2026-05-23T18:46:00Z,0,2026-05-21T17:15:00Z
TX2-02331,2026-05-19T12:48:00Z,0,141.92,2026-05-19T12:48:00Z,61.7,2026-05-19T12:19:00Z,32.7,2026-05-19T12:42:00Z,2,2026-05-19T12:43:00Z,34.4,2026-05-18T22:58:00Z,0,2026-05-25T23:16:00Z,0,2026-05-21T11:26:00Z
TX2-02332,2026-05-19T13:55:00Z,0,36.3,2026-05-19T13:55:00Z,47.5,2026-05-19T11:37:00Z,42.5,2026-05-19T13:45:00Z,2,2026-05-19T13:03:00Z,22.5,2026-05-19T22:11:00Z,0,2026-05-23T21:42:00Z,0,2026-05-21T07:43:00Z
TX2-02333,2026-05-19T18:21:00Z,0,17.22,2026-05-19T18:21:00Z,41.0,2026-05-19T17:27:00Z,39.9,2026-05-19T18:15:00Z,0,2026-05-19T17:31:00Z,43.5,2026-05-19T00:14:00Z,0,2026-05-25T18:48:00Z,0,2026-05-21T04:45:00Z
TX2-02334,2026-05-19T19:22:00Z,0,121.15,2026-05-19T19:22:00Z,57.1,2026-05-19T15:01:00Z,39.4,2026-05-19T19:06:00Z,3,2026-05-19T19:02:00Z,23.9,2026-05-19T10:48:00Z,0,2026-05-23T22:04:00Z,1,2026-05-20T23:31:00Z
TX2-02335,2026-05-19T19:51:00Z,0,84.74,2026-05-19T19:51:00Z,30.1,2026-05-19T16:47:00Z,49.3,2026-05-19T19:38:00Z,2,2026-05-19T19:30:00Z,22.5,2026-05-19T09:53:00Z,0,2026-05-23T01:18:00Z,0,2026-05-21T05:04:00Z
TX2-02336,2026-05-19T20:10:00Z,0,13.52,2026-05-19T20:10:00Z,53.2,2026-05-19T15:08:00Z,39.7,2026-05-19T19:46:00Z,0,2026-05-19T19:30:00Z,18.7,2026-05-19T13:03:00Z,0,2026-05-28T08:25:00Z,0,2026-05-22T04:50:00Z
TX2-02337,2026-05-19T22:51:00Z,0,72.75,2026-05-19T22:51:00Z,60.8,2026-05-19T18:31:00Z,67.3,2026-05-19T22:21:00Z,2,2026-05-19T21:58:00Z,28.6,2026-05-19T18:38:00Z,0,2026-05-28T22:13:00Z,0,2026-05-21T02:45:00Z
TX2-02338,2026-05-19T23:53:00Z,0,178.83,2026-05-19T23:53:00Z,57.2,2026-05-19T20:40:00Z,41.3,2026-05-19T23:31:00Z,3,2026-05-19T23:47:00Z,21.3,2026-05-19T14:38:00Z,0,2026-05-24T02:58:00Z,2,2026-05-22T08:44:00Z
TX2-02339,2026-05-20T02:27:00Z,1,41.95,2026-05-20T02:27:00Z,41.7,2026-05-19T22:18:00Z,40.3,2026-05-20T02:10:00Z,2,2026-05-20T01:58:00Z,24.6,2026-05-19T09:21:00Z,1,2026-05-25T19:24:00Z,2,2026-05-21T07:06:00Z
TX2-02340,2026-05-20T03:00:00Z,0,634.5,2026-05-20T03:00:00Z,50.9,2026-05-20T00:50:00Z,39.2,2026-05-20T02:56:00Z,3,2026-05-20T02:22:00Z,31.7,2026-05-20T09:52:00Z,0,2026-05-25T06:19:00Z,0,2026-05-22T20:05:00Z
TX2-02341,2026-05-20T06:06:00Z,0,7.01,2026-05-20T06:06:00Z,38.8,2026-05-20T03:30:00Z,41.5,2026-05-20T05:48:00Z,0,2026-05-20T05:55:00Z,21.1,2026-05-19T13:09:00Z,0,2026-05-23T22:39:00Z,0,2026-05-22T19:52:00Z
TX2-02342,2026-05-20T06:10:00Z,0,230.23,2026-05-20T06:10:00Z,41.8,2026-05-20T05:55:00Z,48.8,2026-05-20T05:49:00Z,2,2026-05-20T05:32:00Z,28.1,2026-05-20T12:10:00Z,0,2026-05-25T04:30:00Z,1,2026-05-21T20:02:00Z
TX2-02343,2026-05-20T08:19:00Z,0,19.91,2026-05-20T08:19:00Z,44.4,2026-05-20T07:11:00Z,46.3,2026-05-20T08:11:00Z,1,2026-05-20T07:23:00Z,19.9,2026-05-20T06:30:00Z,0,2026-05-29T20:07:00Z,0,2026-05-22T23:13:00Z
TX2-02344,2026-05-20T10:04:00Z,0,93.43,2026-05-20T10:04:00Z,36.4,2026-05-20T08:48:00Z,36.1,2026-05-20T09:40:00Z,3,2026-05-20T09:34:00Z,32.3,2026-05-19T19:30:00Z,0,2026-05-29T10:09:00Z,0,2026-05-21T12:54:00Z
TX2-02345,2026-05-20T12:58:00Z,0,149.46,2026-05-20T12:58:00Z,81.2,2026-05-20T12:05:00Z,31.4,2026-05-20T12:36:00Z,1,2026-05-20T12:21:00Z,22.4,2026-05-20T05:58:00Z,0,2026-05-28T09:52:00Z,0,2026-05-23T03:02:00Z
TX2-02346,2026-05-20T16:11:00Z,0,48.11,2026-05-20T16:11:00Z,46.9,2026-05-20T15:00:00Z,44.1,2026-05-20T15:58:00Z,1,2026-05-20T15:27:00Z,23.0,2026-05-20T13:37:00Z,0,2026-05-30T07:55:00Z,0,2026-05-22T17:42:00Z
TX2-02347,2026-05-20T16:24:00Z,0,89.12,2026-05-20T16:24:00Z,52.0,2026-05-20T12:55:00Z,30.8,2026-05-20T16:23:00Z,2,2026-05-20T15:45:00Z,25.8,2026-05-19T23:27:00Z,0,2026-05-24T08:18:00Z,1,2026-05-22T12:59:00Z
TX2-02348,2026-05-20T17:25:00Z,0,135.75,2026-05-20T17:25:00Z,30.7,2026-05-20T16:32:00Z,41.6,2026-05-20T17:01:00Z,3,2026-05-20T16:48:00Z,26.6,2026-05-20T21:50:00Z,0,2026-05-24T12:46:00Z,0,2026-05-22T19:59:00Z
TX2-02349,2026-05-20T18:24:00Z,0,28.11,2026-05-20T18:24:00Z,61.6,2026-05-20T15:47:00Z,22.0,2026-05-20T17:57:00Z,3,2026-05-20T18:13:00Z,14.1,2026-05-20T08:03:00Z,0,2026-05-30T11:41:00Z,0,2026-05-22T10:33:00Z
TX2-02350,2026-05-20T20:05:00Z,0,605.63,2026-05-20T20:05:00Z,68.4,2026-05-20T18:52:00Z,49.4,2026-05-20T19:40:00Z,1,2026-05-20T19:39:00Z,28.7,2026-05-20T16:46:00Z,0,2026-05-25T06:27:00Z,0,2026-05-22T21:12:00Z
TX2-02351,2026-05-20T22:35:00Z,0,95.44,2026-05-20T22:35:00Z,67.6,2026-05-20T20:05:00Z,38.6,2026-05-20T22:33:00Z,3,2026-05-20T22:23:00Z,12.2,2026-05-20T17:08:00Z,0,2026-05-27T00:17:00Z,0,2026-05-22T06:30:00Z
TX2-02352,2026-05-20T23:22:00Z,0,49.83,2026-05-20T23:22:00Z,49.5,2026-05-20T17:52:00Z,50.4,2026-05-20T23:19:00Z,0,2026-05-20T22:30:00Z,24.0,2026-05-20T10:34:00Z,0,2026-05-25T12:07:00Z,1,2026-05-22T12:32:00Z
TX2-02353,2026-05-21T00:38:00Z,0,13.74,2026-05-21T00:38:00Z,55.6,2026-05-20T22:03:00Z,42.6,2026-05-21T00:35:00Z,3,2026-05-20T23:59:00Z,51.3,2026-05-20T16:27:00Z,1,2026-05-25T22:53:00Z,0,2026-05-23T01:45:00Z
TX2-02354,2026-05-21T01:44:00Z,0,142.48,2026-05-21T01:44:00Z,24.1,2026-05-20T21:34:00Z,32.8,2026-05-21T01:17:00Z,1,2026-05-21T01:16:00Z,34.2,2026-05-20T06:09:00Z,0,2026-05-26T01:21:00Z,0,2026-05-22T19:24:00Z
TX2-02355,2026-05-21T02:09:00Z,0,271.79,2026-05-21T02:09:00Z,52.0,2026-05-21T00:30:00Z,39.7,2026-05-21T01:42:00Z,4,2026-05-21T02:03:00Z,33.6,2026-05-20T07:20:00Z,0,2026-05-24T09:13:00Z,0,2026-05-23T19:06:00Z
TX2-02356,2026-05-21T04:54:00Z,0,110.45,2026-05-21T04:54:00Z,41.8,2026-05-20T23:30:00Z,22.8,2026-05-21T04:42:00Z,0,2026-05-21T03:59:00Z,17.5,2026-05-21T07:46:00Z,0,2026-05-24T10:47:00Z,0,2026-05-23T05:20:00Z
TX2-02357,2026-05-21T10:47:00Z,0,44.94,2026-05-21T10:47:00Z,33.5,2026-05-21T10:23:00Z,45.3,2026-05-21T10:36:00Z,0,2026-05-21T10:44:00Z,31.5,2026-05-20T22:22:00Z,0,2026-05-24T22:37:00Z,0,2026-05-23T12:36:00Z
TX2-02358,2026-05-21T12:43:00Z,0,121.81,2026-05-21T12:43:00Z,76.0,2026-05-21T08:56:00Z,39.6,2026-05-21T12:20:00Z,0,2026-05-21T11:44:00Z,45.0,2026-05-21T03:07:00Z,0,2026-05-24T18:39:00Z,1,2026-05-22T16:30:00Z
TX2-02359,2026-05-21T13:07:00Z,0,19.27,2026-05-21T13:07:00Z,49.7,2026-05-21T10:48:00Z,19.1,2026-05-21T12:59:00Z,2,2026-05-21T13:01:00Z,8.2,2026-05-21T04:18:00Z,0,2026-05-31T00:44:00Z,0,2026-05-24T00:04:00Z
TX2-02360,2026-05-21T14:07:00Z,0,303.13,2026-05-21T14:07:00Z,50.4,2026-05-21T08:56:00Z,49.3,2026-05-21T13:48:00Z,5,2026-05-21T14:02:00Z,28.8,2026-05-20T23:08:00Z,0,2026-05-26T12:54:00Z,1,2026-05-24T10:26:00Z
TX2-02361,2026-05-21T15:12:00Z,0,609.3,2026-05-21T15:12:00Z,48.7,2026-05-21T13:29:00Z,53.1,2026-05-21T14:59:00Z,2,2026-05-21T14:45:00Z,30.0,2026-05-21T03:09:00Z,0,2026-05-27T03:19:00Z,0,2026-05-23T08:20:00Z
TX2-02362,2026-05-21T19:42:00Z,1,298.2,2026-05-21T19:42:00Z,57.5,2026-05-21T17:52:00Z,21.4,2026-05-21T19:39:00Z,3,2026-05-21T19:21:00Z,24.6,2026-05-21T03:08:00Z,0,2026-05-28T20:42:00Z,2,2026-05-22T22:22:00Z
TX2-02363,2026-05-21T21:37:00Z,1,84.17,2026-05-21T21:37:00Z,54.6,2026-05-21T18:45:00Z,44.1,2026-05-21T21:21:00Z,1,2026-05-21T21:25:00Z,27.5,2026-05-21T17:45:00Z,1,2026-05-29T02:54:00Z,2,2026-05-24T05:42:00Z
TX2-02364,2026-05-21T22:40:00Z,0,164.82,2026-05-21T22:40:00Z,38.4,2026-05-21T17:33:00Z,25.2,2026-05-21T22:39:00Z,3,2026-05-21T21:47:00Z,33.5,2026-05-21T04:58:00Z,0,2026-05-26T12:41:00Z,0,2026-05-24T01:24:00Z
TX2-02365,2026-05-22T00:33:00Z,0,11.57,2026-05-22T00:33:00Z,48.4,2026-05-21T21:00:00Z,47.2,2026-05-22T00:32:00Z,3,2026-05-22T00:20:00Z,28.0,2026-05-21T20:10:00Z,0,2026-05-25T14:03:00Z,0,2026-05-24T02:25:00Z
TX2-02366,2026-05-22T00:54:00Z,0,99.71,2026-05-22T00:54:00Z,42.0,2026-05-21T20:28:00Z,39.6,2026-05-22T00:34:00Z,0,2026-05-22T00:45:00Z,12.8,2026-05-21T21:26:00Z,0,2026-05-27T21:32:00Z,0,2026-05-24T04:48:00Z
TX2-02367,2026-05-22T01:17:00Z,0,104.7,2026-05-22T01:17:00Z,61.4,2026-05-22T00:27:00Z,42.5,2026-05-22T00:59:00Z,1,2026-05-22T00:43:00Z,21.2,2026-05-21T18:36:00Z,0,2026-05-30T06:09:00Z,0,2026-05-23T23:56:00Z
TX2-02368,2026-05-22T03:12:00Z,0,532.01,2026-05-22T03:12:00Z,60.7,2026-05-21T22:42:00Z,40.4,2026-05-22T02:55:00Z,1,2026-05-22T03:03:00Z,39.8,2026-05-21T12:58:00Z,0,2026-05-28T16:12:00Z,0,2026-05-23T23:34:00Z
TX2-02369,2026-05-22T04:00:00Z,0,70.32,2026-05-22T04:00:00Z,51.0,2026-05-22T03:40:00Z,37.4,2026-05-22T03:46:00Z,1,2026-05-22T03:11:00Z,28.8,2026-05-21T15:35:00Z,0,2026-05-31T20:00:00Z,0,2026-05-24T01:22:00Z
TX2-02370,2026-05-22T04:14:00Z,0,66.72,2026-05-22T04:14:00Z,47.2,2026-05-22T03:06:00Z,40.7,2026-05-22T04:12:00Z,4,2026-05-22T04:07:00Z,32.5,2026-05-21T22:55:00Z,0,2026-05-31T02:23:00Z,0,2026-05-24T08:30:00Z
TX2-02371,2026-05-22T04:53:00Z,0,53.84,2026-05-22T04:53:00Z,52.2,2026-05-21T23:59:00Z,38.7,2026-05-22T04:35:00Z,1,2026-05-22T04:26:00Z,26.9,2026-05-21T13:18:00Z,0,2026-05-31T19:56:00Z,0,2026-05-24T22:08:00Z
TX2-02372,2026-05-22T05:10:00Z,0,193.16,2026-05-22T05:10:00Z,34.0,2026-05-22T00:45:00Z,39.0,2026-05-22T05:07:00Z,1,2026-05-22T05:02:00Z,31.5,2026-05-22T09:29:00Z,0,2026-05-26T12:51:00Z,1,2026-05-25T05:10:00Z
TX2-02373,2026-05-22T06:15:00Z,1,139.24,2026-05-22T06:15:00Z,55.7,2026-05-22T00:18:00Z,45.3,2026-05-22T06:11:00Z,3,2026-05-22T06:09:00Z,36.6,2026-05-22T04:13:00Z,1,2026-05-28T00:21:00Z,1,2026-05-24T09:05:00Z
TX2-02374,2026-05-22T06:21:00Z,0,54.88,2026-05-22T06:21:00Z,49.2,2026-05-22T02:11:00Z,37.9,2026-05-22T06:03:00Z,0,2026-05-22T05:24:00Z,30.0,2026-05-22T09:34:00Z,0,2026-05-27T12:47:00Z,0,2026-05-25T02:27:00Z
TX2-02375,2026-05-22T08:25:00Z,0,7.48,2026-05-22T08:25:00Z,44.9,2026-05-22T06:06:00Z,46.0,2026-05-22T07:59:00Z,2,2026-05-22T08:07:00Z,34.9,2026-05-21T21:43:00Z,0,2026-05-28T06:19:00Z,0,2026-05-24T20:35:00Z
TX2-02376,2026-05-22T10:32:00Z,0,20.43,2026-05-22T10:32:00Z,60.0,2026-05-22T07:15:00Z,37.8,2026-05-22T10:05:00Z,4,2026-05-22T10:30:00Z,41.8,2026-05-21T16:59:00Z,0,2026-05-30T15:23:00Z,0,2026-05-24T18:42:00Z
TX2-02377,2026-05-22T14:05:00Z,0,28.8,2026-05-22T14:05:00Z,39.3,2026-05-22T12:11:00Z,42.6,2026-05-22T14:01:00Z,3,2026-05-22T13:51:00Z,23.6,2026-05-22T10:54:00Z,0,2026-05-28T08:03:00Z,0,2026-05-24T03:46:00Z
TX2-02378,2026-05-22T17:40:00Z,0,81.77,2026-05-22T17:40:00Z,46.3,2026-05-22T14:38:00Z,30.7,2026-05-22T17:14:00Z,1,2026-05-22T17:20:00Z,28.2,2026-05-22T04:04:00Z,0,2026-05-30T19:31:00Z,0,2026-05-25T16:37:00Z
TX2-02379,2026-05-22T18:06:00Z,0,61.59,2026-05-22T18:06:00Z,21.2,2026-05-22T15:29:00Z,43.1,2026-05-22T17:56:00Z,6,2026-05-22T17:28:00Z,18.1,2026-05-21T23:53:00Z,0,2026-05-28T07:36:00Z,0,2026-05-24T06:37:00Z
TX2-02380,2026-05-22T18:50:00Z,0,108.46,2026-05-22T18:50:00Z,65.3,2026-05-22T13:29:00Z,32.0,2026-05-22T18:22:00Z,2,2026-05-22T18:00:00Z,28.7,2026-05-22T06:45:00Z,0,2026-05-31T21:12:00Z,0,2026-05-25T10:46:00Z
TX2-02381,2026-05-22T22:30:00Z,1,90.12,2026-05-22T22:30:00Z,67.1,2026-05-22T16:41:00Z,42.3,2026-05-22T22:12:00Z,3,2026-05-22T22:23:00Z,40.9,2026-05-22T03:09:00Z,1,2026-05-27T06:44:00Z,1,2026-05-25T18:18:00Z
TX2-02382,2026-05-22T22:59:00Z,0,36.1,2026-05-22T22:59:00Z,59.2,2026-05-22T22:50:00Z,34.0,2026-05-22T22:37:00Z,0,2026-05-22T22:08:00Z,29.4,2026-05-22T17:37:00Z,0,2026-05-30T05:23:00Z,0,2026-05-24T04:44:00Z
TX2-02383,2026-05-22T23:21:00Z,0,55.26,2026-05-22T23:21:00Z,60.8,2026-05-22T18:37:00Z,25.1,2026-05-22T23:07:00Z,2,2026-05-22T22:48:00Z,34.9,2026-05-22T03:34:00Z,0,2026-05-28T16:26:00Z,0,2026-05-25T00:58:00Z
TX2-02384,2026-05-23T03:02:00Z,0,23.32,2026-05-23T03:02:00Z,57.5,2026-05-23T01:36:00Z,24.9,2026-05-23T02:43:00Z,0,2026-05-23T02:25:00Z,34.5,2026-05-22T09:54:00Z,0,2026-05-28T06:37:00Z,0,2026-05-24T15:28:00Z
TX2-02385,2026-05-23T03:42:00Z,0,33.99,2026-05-23T03:42:00Z,45.7,2026-05-23T00:15:00Z,36.6,2026-05-23T03:22:00Z,1,2026-05-23T03:23:00Z,38.7,2026-05-23T10:13:00Z,0,2026-05-30T14:40:00Z,0,2026-05-25T12:48:00Z
TX2-02386,2026-05-23T06:32:00Z,0,24.83,2026-05-23T06:32:00Z,45.8,2026-05-23T03:48:00Z,25.7,2026-05-23T06:30:00Z,1,2026-05-23T05:51:00Z,28.4,2026-05-23T00:28:00Z,0,2026-05-31T16:28:00Z,1,2026-05-24T11:33:00Z
TX2-02387,2026-05-23T10:06:00Z,0,15.48,2026-05-23T10:06:00Z,39.3,2026-05-23T06:46:00Z,45.3,2026-05-23T09:48:00Z,1,2026-05-23T09:43:00Z,41.7,2026-05-23T07:23:00Z,0,2026-05-30T17:55:00Z,0,2026-05-24T18:00:00Z
TX2-02388,2026-05-23T12:21:00Z,0,28.27,2026-05-23T12:21:00Z,45.5,2026-05-23T07:34:00Z,42.0,2026-05-23T12:16:00Z,2,2026-05-23T12:19:00Z,25.6,2026-05-23T15:38:00Z,0,2026-05-30T11:28:00Z,0,2026-05-24T17:59:00Z
TX2-02389,2026-05-23T14:33:00Z,0,54.25,2026-05-23T14:33:00Z,57.0,2026-05-23T10:44:00Z,45.1,2026-05-23T14:10:00Z,2,2026-05-23T14:22:00Z,29.1,2026-05-22T22:46:00Z,0,2026-05-30T21:16:00Z,1,2026-05-24T20:43:00Z
TX2-02390,2026-05-23T16:03:00Z,0,245.27,2026-05-23T16:03:00Z,58.6,2026-05-23T13:18:00Z,46.3,2026-05-23T15:52:00Z,2,2026-05-23T16:00:00Z,33.9,2026-05-23T13:33:00Z,0,2026-06-02T03:46:00Z,0,2026-05-25T02:55:00Z
TX2-02391,2026-05-23T17:04:00Z,0,14.81,2026-05-23T17:04:00Z,43.5,2026-05-23T13:57:00Z,26.0,2026-05-23T16:55:00Z,3,2026-05-23T16:13:00Z,17.3,2026-05-23T13:11:00Z,0,2026-05-31T17:25:00Z,0,2026-05-26T12:16:00Z
TX2-02392,2026-05-23T17:45:00Z,0,16.7,2026-05-23T17:45:00Z,50.6,2026-05-23T17:06:00Z,32.8,2026-05-23T17:15:00Z,2,2026-05-23T17:21:00Z,19.7,2026-05-23T10:21:00Z,0,2026-06-02T08:30:00Z,0,2026-05-26T17:06:00Z
TX2-02393,2026-05-23T17:53:00Z,0,68.87,2026-05-23T17:53:00Z,38.7,2026-05-23T15:15:00Z,35.0,2026-05-23T17:23:00Z,1,2026-05-23T17:48:00Z,19.7,2026-05-23T00:42:00Z,0,2026-06-01T08:13:00Z,0,2026-05-24T20:56:00Z
TX2-02394,2026-05-23T21:52:00Z,0,74.35,2026-05-23T21:52:00Z,72.7,2026-05-23T21:19:00Z,30.9,2026-05-23T21:31:00Z,4,2026-05-23T21:39:00Z,33.0,2026-05-23T04:54:00Z,0,2026-06-01T16:34:00Z,0,2026-05-26T21:49:00Z
TX2-02395,2026-05-23T22:11:00Z,0,350.11,2026-05-23T22:11:00Z,50.4,2026-05-23T17:36:00Z,36.4,2026-05-23T21:54:00Z,1,2026-05-23T22:06:00Z,26.7,2026-05-23T12:29:00Z,0,2026-05-29T08:44:00Z,0,2026-05-26T11:12:00Z
TX2-02396,2026-05-24T02:12:00Z,0,102.34,2026-05-24T02:12:00Z,50.3,2026-05-23T23:27:00Z,35.4,2026-05-24T01:42:00Z,4,2026-05-24T01:24:00Z,43.9,2026-05-23T15:19:00Z,0,2026-05-31T05:31:00Z,1,2026-05-26T23:45:00Z
TX2-02397,2026-05-24T04:06:00Z,0,47.97,2026-05-24T04:06:00Z,43.6,2026-05-24T01:52:00Z,54.4,2026-05-24T03:54:00Z,2,2026-05-24T04:05:00Z,20.0,2026-05-24T07:58:00Z,0,2026-06-02T15:09:00Z,0,2026-05-26T05:34:00Z
TX2-02398,2026-05-24T05:20:00Z,0,109.53,2026-05-24T05:20:00Z,47.8,2026-05-23T23:44:00Z,48.1,2026-05-24T04:57:00Z,0,2026-05-24T04:28:00Z,28.7,2026-05-24T02:30:00Z,0,2026-05-27T19:02:00Z,0,2026-05-27T02:29:00Z
TX2-02399,2026-05-24T05:34:00Z,0,89.56,2026-05-24T05:34:00Z,41.1,2026-05-24T01:35:00Z,36.5,2026-05-24T05:28:00Z,0,2026-05-24T05:13:00Z,41.7,2026-05-23T20:18:00Z,0,2026-05-30T11:50:00Z,0,2026-05-27T04:46:00Z
TX2-02400,2026-05-24T05:37:00Z,0,12.51,2026-05-24T05:37:00Z,53.5,2026-05-24T02:24:00Z,41.0,2026-05-24T05:29:00Z,3,2026-05-24T05:12:00Z,20.2,2026-05-23T14:38:00Z,0,2026-06-01T21:04:00Z,0,2026-05-26T17:30:00Z
TX2-02401,2026-05-24T05:57:00Z,1,246.24,2026-05-24T05:57:00Z,47.4,2026-05-24T01:50:00Z,51.5,2026-05-24T05:39:00Z,1,2026-05-24T05:51:00Z,33.7,2026-05-23T10:10:00Z,1,2026-05-29T00:12:00Z,2,2026-05-26T20:41:00Z
TX2-02402,2026-05-24T06:32:00Z,0,9.68,2026-05-24T06:32:00Z,40.0,2026-05-24T02:16:00Z,18.1,2026-05-24T06:20:00Z,3,2026-05-24T05:59:00Z,32.4,2026-05-23T11:16:00Z,0,2026-06-01T10:59:00Z,0,2026-05-26T11:12:00Z
TX2-02403,2026-05-24T07:19:00Z,0,26.84,2026-05-24T07:19:00Z,37.6,2026-05-24T03:36:00Z,49.4,2026-05-24T07:17:00Z,2,2026-05-24T06:29:00Z,34.5,2026-05-23T21:41:00Z,0,2026-05-27T16:17:00Z,1,2026-05-26T21:51:00Z
TX2-02404,2026-05-24T08:43:00Z,0,29.09,2026-05-24T08:43:00Z,54.1,2026-05-24T02:45:00Z,31.0,2026-05-24T08:23:00Z,1,2026-05-24T07:49:00Z,28.5,2026-05-24T01:38:00Z,0,2026-05-27T23:29:00Z,0,2026-05-27T01:39:00Z
TX2-02405,2026-05-24T10:17:00Z,0,29.43,2026-05-24T10:17:00Z,38.0,2026-05-24T08:58:00Z,44.8,2026-05-24T10:02:00Z,2,2026-05-24T09:29:00Z,17.6,2026-05-23T20:34:00Z,0,2026-06-02T05:04:00Z,0,2026-05-26T01:31:00Z
TX2-02406,2026-05-24T12:26:00Z,0,626.64,2026-05-24T12:26:00Z,50.9,2026-05-24T08:24:00Z,15.9,2026-05-24T12:17:00Z,1,2026-05-24T12:04:00Z,34.0,2026-05-24T00:57:00Z,0,2026-06-02T01:19:00Z,0,2026-05-26T12:58:00Z
TX2-02407,2026-05-24T13:17:00Z,0,430.53,2026-05-24T13:17:00Z,53.2,2026-05-24T11:16:00Z,33.6,2026-05-24T13:16:00Z,2,2026-05-24T12:32:00Z,33.4,2026-05-24T16:55:00Z,0,2026-05-30T17:27:00Z,0,2026-05-27T04:28:00Z
TX2-02408,2026-05-24T13:54:00Z,0,101.42,2026-05-24T13:54:00Z,35.2,2026-05-24T11:22:00Z,51.1,2026-05-24T13:43:00Z,3,2026-05-24T12:56:00Z,23.0,2026-05-24T07:08:00Z,0,2026-06-01T05:19:00Z,0,2026-05-27T10:26:00Z
TX2-02409,2026-05-24T14:23:00Z,0,49.29,2026-05-24T14:23:00Z,57.8,2026-05-24T11:47:00Z,55.3,2026-05-24T14:08:00Z,0,2026-05-24T13:42:00Z,25.7,2026-05-24T10:12:00Z,0,2026-05-31T08:04:00Z,0,2026-05-27T13:30:00Z
TX2-02410,2026-05-24T20:10:00Z,1,137.15,2026-05-24T20:10:00Z,70.7,2026-05-24T14:58:00Z,49.5,2026-05-24T20:02:00Z,7,2026-05-24T19:29:00Z,21.4,2026-05-24T03:04:00Z,1,2026-05-31T02:00:00Z,2,2026-05-26T19:50:00Z
TX2-02411,2026-05-24T22:04:00Z,0,7.3,2026-05-24T22:04:00Z,34.9,2026-05-24T18:46:00Z,29.2,2026-05-24T21:42:00Z,0,2026-05-24T21:50:00Z,16.9,2026-05-24T17:25:00Z,0,2026-05-29T14:00:00Z,0,2026-05-26T09:08:00Z
TX2-02412,2026-05-24T22:16:00Z,1,26.6,2026-05-24T22:16:00Z,56.0,2026-05-24T19:22:00Z,68.3,2026-05-24T22:10:00Z,4,2026-05-24T21:21:00Z,30.2,2026-05-24T14:14:00Z,1,2026-06-02T22:01:00Z,1,2026-05-26T17:52:00Z
TX2-02413,2026-05-25T03:26:00Z,0,34.09,2026-05-25T03:26:00Z,61.6,2026-05-25T00:50:00Z,30.8,2026-05-25T03:13:00Z,2,2026-05-25T02:48:00Z,42.3,2026-05-24T21:03:00Z,0,2026-05-30T13:07:00Z,0,2026-05-26T10:33:00Z
TX2-02414,2026-05-25T03:38:00Z,0,26.45,2026-05-25T03:38:00Z,47.2,2026-05-25T02:17:00Z,33.8,2026-05-25T03:28:00Z,4,2026-05-25T02:40:00Z,34.6,2026-05-24T10:04:00Z,0,2026-05-31T22:12:00Z,0,2026-05-28T00:54:00Z
TX2-02415,2026-05-25T05:15:00Z,0,125.35,2026-05-25T05:15:00Z,57.1,2026-05-25T03:53:00Z,46.1,2026-05-25T04:59:00Z,4,2026-05-25T04:33:00Z,32.9,2026-05-24T21:59:00Z,0,2026-05-28T19:46:00Z,0,2026-05-26T08:43:00Z
TX2-02416,2026-05-25T05:43:00Z,0,73.99,2026-05-25T05:43:00Z,42.0,2026-05-24T23:51:00Z,33.5,2026-05-25T05:16:00Z,3,2026-05-25T04:45:00Z,23.2,2026-05-24T17:37:00Z,0,2026-05-31T04:42:00Z,1,2026-05-27T16:08:00Z
TX2-02417,2026-05-25T07:39:00Z,0,331.78,2026-05-25T07:39:00Z,56.6,2026-05-25T06:37:00Z,30.1,2026-05-25T07:37:00Z,4,2026-05-25T06:44:00Z,37.6,2026-05-24T19:47:00Z,0,2026-05-29T01:28:00Z,0,2026-05-27T07:04:00Z
TX2-02418,2026-05-25T13:33:00Z,0,9.24,2026-05-25T13:33:00Z,46.9,2026-05-25T13:17:00Z,58.1,2026-05-25T13:14:00Z,6,2026-05-25T12:50:00Z,38.3,2026-05-25T05:31:00Z,0,2026-05-31T00:46:00Z,0,2026-05-28T12:52:00Z
TX2-02419,2026-05-25T14:36:00Z,0,36.35,2026-05-25T14:36:00Z,40.3,2026-05-25T13:09:00Z,36.9,2026-05-25T14:24:00Z,1,2026-05-25T13:50:00Z,7.8,2026-05-24T19:17:00Z,0,2026-06-03T20:32:00Z,0,2026-05-27T23:35:00Z
TX2-02420,2026-05-25T14:38:00Z,0,11.5,2026-05-25T14:38:00Z,47.5,2026-05-25T08:46:00Z,53.7,2026-05-25T14:32:00Z,3,2026-05-25T14:14:00Z,25.2,2026-05-25T05:58:00Z,0,2026-05-29T14:14:00Z,0,2026-05-27T19:19:00Z
TX2-02421,2026-05-25T15:23:00Z,0,28.11,2026-05-25T15:23:00Z,80.8,2026-05-25T14:17:00Z,42.8,2026-05-25T15:04:00Z,3,2026-05-25T15:22:00Z,38.3,2026-05-24T20:17:00Z,0,2026-05-31T09:37:00Z,0,2026-05-27T09:36:00Z
TX2-02422,2026-05-25T16:01:00Z,0,12.58,2026-05-25T16:01:00Z,50.8,2026-05-25T13:37:00Z,36.7,2026-05-25T15:56:00Z,4,2026-05-25T15:10:00Z,25.7,2026-05-25T08:53:00Z,0,2026-06-01T14:35:00Z,0,2026-05-28T12:36:00Z
TX2-02423,2026-05-25T16:52:00Z,1,28.03,2026-05-25T16:52:00Z,50.5,2026-05-25T12:31:00Z,57.6,2026-05-25T16:24:00Z,1,2026-05-25T16:45:00Z,24.1,2026-05-26T01:05:00Z,1,2026-05-29T22:17:00Z,2,2026-05-26T21:54:00Z
TX2-02424,2026-05-25T23:58:00Z,1,134.62,2026-05-25T23:58:00Z,33.5,2026-05-25T21:28:00Z,54.1,2026-05-25T23:35:00Z,2,2026-05-25T23:18:00Z,25.9,2026-05-25T16:18:00Z,1,2026-06-04T00:31:00Z,2,2026-05-27T19:39:00Z
TX2-02425,2026-05-26T00:50:00Z,0,21.88,2026-05-26T00:50:00Z,40.6,2026-05-25T22:11:00Z,30.2,2026-05-26T00:24:00Z,3,2026-05-26T00:05:00Z,22.7,2026-05-25T15:28:00Z,0,2026-05-30T00:08:00Z,0,2026-05-27T08:34:00Z
TX2-02426,2026-05-26T01:21:00Z,0,19.12,2026-05-26T01:21:00Z,33.6,2026-05-26T00:05:00Z,44.1,2026-05-26T00:52:00Z,2,2026-05-26T00:22:00Z,29.7,2026-05-25T08:37:00Z,0,2026-05-31T21:13:00Z,0,2026-05-28T08:44:00Z
TX2-02427,2026-05-26T01:38:00Z,0,38.08,2026-05-26T01:38:00Z,32.1,2026-05-25T21:51:00Z,37.0,2026-05-26T01:37:00Z,4,2026-05-26T01:02:00Z,30.5,2026-05-25T23:21:00Z,0,2026-05-30T17:56:00Z,0,2026-05-28T13:21:00Z
TX2-02428,2026-05-26T03:50:00Z,0,80.53,2026-05-26T03:50:00Z,59.6,2026-05-25T22:31:00Z,31.1,2026-05-26T03:33:00Z,1,2026-05-26T03:46:00Z,37.9,2026-05-25T15:18:00Z,0,2026-05-31T13:17:00Z,0,2026-05-27T10:38:00Z
TX2-02429,2026-05-26T03:51:00Z,0,9.87,2026-05-26T03:51:00Z,54.8,2026-05-26T02:09:00Z,45.3,2026-05-26T03:29:00Z,3,2026-05-26T03:29:00Z,33.4,2026-05-25T13:59:00Z,0,2026-05-30T11:34:00Z,0,2026-05-28T06:39:00Z
TX2-02430,2026-05-26T04:12:00Z,1,28.88,2026-05-26T04:12:00Z,53.6,2026-05-26T02:37:00Z,52.2,2026-05-26T04:09:00Z,3,2026-05-26T03:54:00Z,26.2,2026-05-26T05:50:00Z,1,2026-05-30T16:50:00Z,0,2026-05-27T16:28:00Z
TX2-02431,2026-05-26T04:13:00Z,0,305.17,2026-05-26T04:13:00Z,50.1,2026-05-26T03:08:00Z,63.5,2026-05-26T03:45:00Z,3,2026-05-26T03:40:00Z,34.8,2026-05-25T17:05:00Z,0,2026-05-31T08:17:00Z,0,2026-05-27T18:57:00Z
TX2-02432,2026-05-26T05:40:00Z,0,226.53,2026-05-26T05:40:00Z,34.6,2026-05-26T04:28:00Z,50.1,2026-05-26T05:35:00Z,5,2026-05-26T04:54:00Z,36.2,2026-05-26T00:45:00Z,0,2026-05-29T07:17:00Z,0,2026-05-28T16:24:00Z
TX2-02433,2026-05-26T08:42:00Z,0,22.15,2026-05-26T08:42:00Z,51.3,2026-05-26T04:39:00Z,47.4,2026-05-26T08:34:00Z,3,2026-05-26T08:00:00Z,22.6,2026-05-25T22:25:00Z,0,2026-06-04T16:58:00Z,0,2026-05-28T20:42:00Z
TX2-02434,2026-05-26T11:35:00Z,0,28.43,2026-05-26T11:35:00Z,35.0,2026-05-26T11:12:00Z,31.4,2026-05-26T11:16:00Z,3,2026-05-26T10:58:00Z,34.9,2026-05-25T20:58:00Z,0,2026-05-30T05:44:00Z,0,2026-05-27T21:57:00Z
TX2-02435,2026-05-26T12:51:00Z,0,27.93,2026-05-26T12:51:00Z,54.4,2026-05-26T09:42:00Z,19.2,2026-05-26T12:36:00Z,2,2026-05-26T12:15:00Z,32.6,2026-05-25T20:01:00Z,0,2026-06-03T16:26:00Z,0,2026-05-29T04:39:00Z
TX2-02436,2026-05-26T16:08:00Z,0,72.07,2026-05-26T16:08:00Z,50.4,2026-05-26T13:00:00Z,45.3,2026-05-26T16:05:00Z,2,2026-05-26T16:01:00Z,24.9,2026-05-26T05:19:00Z,0,2026-06-04T17:45:00Z,0,2026-05-28T05:30:00Z
TX2-02437,2026-05-26T19:30:00Z,0,53.04,2026-05-26T19:30:00Z,33.4,2026-05-26T16:32:00Z,58.4,2026-05-26T19:29:00Z,3,2026-05-26T18:54:00Z,38.7,2026-05-26T02:33:00Z,0,2026-06-03T02:31:00Z,0,2026-05-28T07:33:00Z
TX2-02438,2026-05-26T19:39:00Z,0,74.76,2026-05-26T19:39:00Z,33.1,2026-05-26T15:33:00Z,38.3,2026-05-26T19:27:00Z,2,2026-05-26T19:08:00Z,34.3,2026-05-26T15:45:00Z,0,2026-05-31T04:12:00Z,0,2026-05-28T22:07:00Z
TX2-02439,2026-05-26T19:48:00Z,0,59.03,2026-05-26T19:48:00Z,32.8,2026-05-26T17:26:00Z,32.2,2026-05-26T19:40:00Z,1,2026-05-26T19:24:00Z,31.0,2026-05-27T03:21:00Z,0,2026-06-05T13:10:00Z,0,2026-05-29T13:22:00Z
TX2-02440,2026-05-26T21:05:00Z,0,82.91,2026-05-26T21:05:00Z,56.0,2026-05-26T19:12:00Z,27.4,2026-05-26T20:44:00Z,5,2026-05-26T20:57:00Z,35.6,2026-05-26T03:07:00Z,1,2026-06-03T20:22:00Z,0,2026-05-28T23:50:00Z
TX2-02441,2026-05-26T21:12:00Z,0,16.73,2026-05-26T21:12:00Z,32.9,2026-05-26T20:59:00Z,36.7,2026-05-26T21:08:00Z,2,2026-05-26T21:05:00Z,26.0,2026-05-27T04:30:00Z,0,2026-05-31T05:30:00Z,0,2026-05-28T11:22:00Z
TX2-02442,2026-05-26T21:43:00Z,0,55.43,2026-05-26T21:43:00Z,25.9,2026-05-26T18:16:00Z,38.3,2026-05-26T21:27:00Z,1,2026-05-26T20:54:00Z,21.7,2026-05-26T06:42:00Z,0,2026-06-05T14:37:00Z,0,2026-05-29T08:20:00Z
TX2-02443,2026-05-26T23:02:00Z,0,43.58,2026-05-26T23:02:00Z,45.6,2026-05-26T22:29:00Z,48.1,2026-05-26T22:51:00Z,2,2026-05-26T22:11:00Z,32.6,2026-05-26T15:40:00Z,0,2026-05-30T06:19:00Z,0,2026-05-29T06:28:00Z
TX2-02444,2026-05-26T23:19:00Z,0,34.72,2026-05-26T23:19:00Z,38.6,2026-05-26T22:47:00Z,35.3,2026-05-26T22:57:00Z,0,2026-05-26T22:28:00Z,35.2,2026-05-26T06:15:00Z,0,2026-06-05T19:43:00Z,0,2026-05-28T21:22:00Z
TX2-02445,2026-05-27T00:52:00Z,0,60.71,2026-05-27T00:52:00Z,48.6,2026-05-26T23:49:00Z,26.5,2026-05-27T00:46:00Z,4,2026-05-27T00:22:00Z,27.7,2026-05-26T08:42:00Z,0,2026-06-02T08:15:00Z,0,2026-05-28T15:23:00Z
TX2-02446,2026-05-27T03:05:00Z,0,96.2,2026-05-27T03:05:00Z,45.1,2026-05-26T23:14:00Z,41.6,2026-05-27T02:36:00Z,0,2026-05-27T02:39:00Z,38.2,2026-05-26T12:32:00Z,0,2026-06-04T09:25:00Z,0,2026-05-28T07:55:00Z
TX2-02447,2026-05-27T04:29:00Z,0,10.81,2026-05-27T04:29:00Z,59.6,2026-05-27T04:18:00Z,29.2,2026-05-27T04:01:00Z,3,2026-05-27T04:07:00Z,43.6,2026-05-26T22:38:00Z,0,2026-06-02T13:21:00Z,0,2026-05-28T06:41:00Z
TX2-02448,2026-05-27T04:30:00Z,0,19.02,2026-05-27T04:30:00Z,55.9,2026-05-27T03:26:00Z,54.2,2026-05-27T04:27:00Z,2,2026-05-27T04:15:00Z,29.6,2026-05-26T17:57:00Z,0,2026-05-31T17:32:00Z,0,2026-05-29T22:48:00Z
TX2-02449,2026-05-27T05:37:00Z,0,19.76,2026-05-27T05:37:00Z,31.5,2026-05-27T02:42:00Z,26.3,2026-05-27T05:07:00Z,1,2026-05-27T04:59:00Z,36.4,2026-05-26T12:29:00Z,0,2026-05-31T18:02:00Z,0,2026-05-28T21:42:00Z
TX2-02450,2026-05-27T05:47:00Z,0,50.96,2026-05-27T05:47:00Z,24.0,2026-05-27T02:10:00Z,43.0,2026-05-27T05:42:00Z,0,2026-05-27T05:20:00Z,34.5,2026-05-26T10:42:00Z,0,2026-05-31T11:20:00Z,0,2026-05-28T05:52:00Z
TX2-02451,2026-05-27T09:21:00Z,0,84.51,2026-05-27T09:21:00Z,51.1,2026-05-27T08:22:00Z,29.2,2026-05-27T09:20:00Z,0,2026-05-27T09:04:00Z,28.4,2026-05-26T15:05:00Z,0,2026-06-01T00:38:00Z,0,2026-05-29T05:35:00Z
TX2-02452,2026-05-27T13:54:00Z,0,42.97,2026-05-27T13:54:00Z,19.6,2026-05-27T09:53:00Z,18.7,2026-05-27T13:41:00Z,2,2026-05-27T13:47:00Z,35.5,2026-05-27T19:53:00Z,0,2026-06-06T13:48:00Z,0,2026-05-30T08:40:00Z
TX2-02453,2026-05-27T14:46:00Z,0,99.3,2026-05-27T14:46:00Z,67.3,2026-05-27T09:12:00Z,42.1,2026-05-27T14:19:00Z,1,2026-05-27T14:17:00Z,24.1,2026-05-27T18:43:00Z,0,2026-06-04T01:36:00Z,0,2026-05-29T19:07:00Z
TX2-02454,2026-05-27T20:56:00Z,0,21.34,2026-05-27T20:56:00Z,45.1,2026-05-27T20:44:00Z,50.2,2026-05-27T20:34:00Z,5,2026-05-27T20:16:00Z,42.5,2026-05-27T02:41:00Z,0,2026-06-04T17:32:00Z,0,2026-05-29T04:19:00Z
TX2-02455,2026-05-27T21:55:00Z,0,65.51,2026-05-27T21:55:00Z,53.9,2026-05-27T18:29:00Z,54.4,2026-05-27T21:46:00Z,4,2026-05-27T21:35:00Z,32.5,2026-05-27T18:57:00Z,0,2026-06-01T15:07:00Z,1,2026-05-29T04:17:00Z
TX2-02456,2026-05-27T22:16:00Z,0,45.0,2026-05-27T22:16:00Z,53.2,2026-05-27T20:29:00Z,56.6,2026-05-27T22:02:00Z,2,2026-05-27T21:29:00Z,38.7,2026-05-27T07:57:00Z,0,2026-05-31T09:13:00Z,0,2026-05-29T00:38:00Z
TX2-02457,2026-05-27T23:06:00Z,1,45.98,2026-05-27T23:06:00Z,64.9,2026-05-27T20:28:00Z,39.2,2026-05-27T22:57:00Z,4,2026-05-27T22:25:00Z,31.6,2026-05-27T21:31:00Z,1,2026-05-31T11:45:00Z,1,2026-05-29T18:03:00Z
TX2-02458,2026-05-28T01:18:00Z,0,23.75,2026-05-28T01:18:00Z,70.8,2026-05-27T21:59:00Z,43.9,2026-05-28T01:12:00Z,2,2026-05-28T01:08:00Z,31.3,2026-05-27T17:58:00Z,0,2026-05-31T07:00:00Z,0,2026-05-29T02:38:00Z
TX2-02459,2026-05-28T04:07:00Z,0,19.84,2026-05-28T04:07:00Z,46.1,2026-05-27T23:10:00Z,33.5,2026-05-28T03:51:00Z,2,2026-05-28T03:53:00Z,23.4,2026-05-27T18:33:00Z,0,2026-06-05T01:09:00Z,0,2026-05-30T12:42:00Z
TX2-02460,2026-05-28T04:10:00Z,0,81.37,2026-05-28T04:10:00Z,56.0,2026-05-28T00:19:00Z,33.4,2026-05-28T03:52:00Z,1,2026-05-28T03:38:00Z,26.8,2026-05-27T12:24:00Z,0,2026-06-05T10:43:00Z,0,2026-05-30T19:15:00Z
TX2-02461,2026-05-28T08:21:00Z,0,287.67,2026-05-28T08:21:00Z,31.2,2026-05-28T07:32:00Z,39.2,2026-05-28T08:10:00Z,1,2026-05-28T07:54:00Z,38.3,2026-05-28T03:12:00Z,0,2026-06-03T05:06:00Z,0,2026-05-29T16:29:00Z
TX2-02462,2026-05-28T09:46:00Z,0,18.31,2026-05-28T09:46:00Z,55.7,2026-05-28T08:03:00Z,31.2,2026-05-28T09:18:00Z,5,2026-05-28T08:47:00Z,23.7,2026-05-27T18:38:00Z,0,2026-06-06T05:34:00Z,0,2026-05-31T01:53:00Z
TX2-02463,2026-05-28T10:24:00Z,0,34.22,2026-05-28T10:24:00Z,49.8,2026-05-28T07:12:00Z,19.7,2026-05-28T10:08:00Z,3,2026-05-28T09:40:00Z,26.9,2026-05-27T19:21:00Z,0,2026-06-06T15:03:00Z,0,2026-05-29T20:42:00Z
TX2-02464,2026-05-28T10:56:00Z,0,27.36,2026-05-28T10:56:00Z,47.7,2026-05-28T05:19:00Z,41.9,2026-05-28T10:40:00Z,2,2026-05-28T10:14:00Z,31.8,2026-05-27T21:29:00Z,0,2026-06-05T17:18:00Z,0,2026-05-30T08:14:00Z
TX2-02465,2026-05-28T11:11:00Z,0,69.7,2026-05-28T11:11:00Z,61.9,2026-05-28T05:39:00Z,34.7,2026-05-28T10:59:00Z,2,2026-05-28T10:48:00Z,21.7,2026-05-27T23:59:00Z,0,2026-06-06T02:40:00Z,0,2026-05-30T01:19:00Z
TX2-02466,2026-05-28T12:36:00Z,0,46.94,2026-05-28T12:36:00Z,76.9,2026-05-28T07:58:00Z,30.4,2026-05-28T12:08:00Z,2,2026-05-28T11:44:00Z,40.9,2026-05-28T07:10:00Z,0,2026-06-07T06:08:00Z,0,2026-05-30T04:00:00Z
TX2-02467,2026-05-28T12:40:00Z,0,88.98,2026-05-28T12:40:00Z,49.8,2026-05-28T06:55:00Z,29.3,2026-05-28T12:25:00Z,2,2026-05-28T12:04:00Z,46.6,2026-05-28T15:06:00Z,0,2026-06-07T01:51:00Z,0,2026-05-30T23:25:00Z
TX2-02468,2026-05-28T14:42:00Z,0,107.53,2026-05-28T14:42:00Z,51.2,2026-05-28T09:04:00Z,41.1,2026-05-28T14:37:00Z,0,2026-05-28T13:49:00Z,22.2,2026-05-27T23:14:00Z,1,2026-06-02T16:13:00Z,1,2026-05-31T09:55:00Z
TX2-02469,2026-05-28T15:08:00Z,0,323.1,2026-05-28T15:08:00Z,64.4,2026-05-28T11:20:00Z,58.8,2026-05-28T15:03:00Z,3,2026-05-28T15:03:00Z,20.1,2026-05-28T00:03:00Z,0,2026-06-02T03:30:00Z,1,2026-05-31T03:02:00Z
TX2-02470,2026-05-28T16:32:00Z,0,24.17,2026-05-28T16:32:00Z,31.0,2026-05-28T15:42:00Z,37.6,2026-05-28T16:19:00Z,2,2026-05-28T16:12:00Z,24.1,2026-05-28T09:50:00Z,0,2026-06-05T19:20:00Z,0,2026-05-29T21:26:00Z
TX2-02471,2026-05-28T17:09:00Z,0,21.37,2026-05-28T17:09:00Z,50.2,2026-05-28T13:08:00Z,33.4,2026-05-28T16:59:00Z,6,2026-05-28T16:33:00Z,37.8,2026-05-29T00:48:00Z,0,2026-06-04T11:23:00Z,0,2026-05-31T05:51:00Z
TX2-02472,2026-05-28T22:05:00Z,0,18.41,2026-05-28T22:05:00Z,51.0,2026-05-28T21:40:00Z,34.3,2026-05-28T22:00:00Z,1,2026-05-28T21:56:00Z,21.4,2026-05-28T09:01:00Z,0,2026-06-06T02:55:00Z,0,2026-05-30T22:36:00Z
TX2-02473,2026-05-28T22:34:00Z,0,12.63,2026-05-28T22:34:00Z,46.4,2026-05-28T22:04:00Z,27.3,2026-05-28T22:15:00Z,2,2026-05-28T22:17:00Z,27.6,2026-05-28T15:13:00Z,0,2026-06-04T00:29:00Z,0,2026-05-30T19:51:00Z
TX2-02474,2026-05-28T23:08:00Z,0,32.34,2026-05-28T23:08:00Z,40.9,2026-05-28T18:38:00Z,54.2,2026-05-28T22:56:00Z,4,2026-05-28T22:50:00Z,26.8,2026-05-28T06:09:00Z,0,2026-06-03T01:29:00Z,0,2026-05-30T12:16:00Z
TX2-02475,2026-05-29T00:37:00Z,0,7.96,2026-05-29T00:37:00Z,54.1,2026-05-28T22:24:00Z,30.7,2026-05-29T00:17:00Z,4,2026-05-29T00:20:00Z,20.7,2026-05-28T21:50:00Z,0,2026-06-03T20:39:00Z,0,2026-05-30T01:05:00Z
TX2-02476,2026-05-29T01:03:00Z,0,20.43,2026-05-29T01:03:00Z,39.9,2026-05-28T23:10:00Z,41.2,2026-05-29T00:54:00Z,1,2026-05-29T00:54:00Z,33.2,2026-05-28T05:12:00Z,0,2026-06-06T07:31:00Z,0,2026-05-30T13:10:00Z
TX2-02477,2026-05-29T01:03:00Z,0,78.38,2026-05-29T01:03:00Z,60.4,2026-05-28T19:26:00Z,49.1,2026-05-29T00:41:00Z,1,2026-05-29T00:26:00Z,34.5,2026-05-28T09:18:00Z,0,2026-06-02T12:15:00Z,0,2026-05-30T17:35:00Z
TX2-02478,2026-05-29T01:17:00Z,0,149.74,2026-05-29T01:17:00Z,46.6,2026-05-28T21:08:00Z,46.2,2026-05-29T01:13:00Z,3,2026-05-29T00:56:00Z,18.9,2026-05-28T13:59:00Z,0,2026-06-04T17:10:00Z,0,2026-05-30T11:14:00Z
TX2-02479,2026-05-29T04:18:00Z,1,202.23,2026-05-29T04:18:00Z,48.4,2026-05-29T02:26:00Z,49.2,2026-05-29T03:52:00Z,2,2026-05-29T03:59:00Z,32.1,2026-05-28T23:38:00Z,1,2026-06-04T01:18:00Z,2,2026-05-30T09:27:00Z
TX2-02480,2026-05-29T06:08:00Z,0,10.4,2026-05-29T06:08:00Z,76.9,2026-05-29T05:43:00Z,40.1,2026-05-29T05:59:00Z,0,2026-05-29T05:38:00Z,14.2,2026-05-28T21:04:00Z,0,2026-06-02T10:47:00Z,0,2026-05-31T21:17:00Z
TX2-02481,2026-05-29T07:21:00Z,0,10.9,2026-05-29T07:21:00Z,53.4,2026-05-29T02:17:00Z,19.4,2026-05-29T07:02:00Z,2,2026-05-29T06:59:00Z,43.5,2026-05-28T16:34:00Z,0,2026-06-06T01:18:00Z,0,2026-05-30T10:19:00Z
TX2-02482,2026-05-29T08:19:00Z,1,126.01,2026-05-29T08:19:00Z,43.0,2026-05-29T06:08:00Z,49.7,2026-05-29T07:51:00Z,5,2026-05-29T08:18:00Z,29.9,2026-05-28T14:40:00Z,1,2026-06-03T04:51:00Z,2,2026-05-31T10:56:00Z
TX2-02483,2026-05-29T09:12:00Z,0,88.97,2026-05-29T09:12:00Z,50.3,2026-05-29T08:31:00Z,28.0,2026-05-29T08:53:00Z,0,2026-05-29T08:19:00Z,31.6,2026-05-29T04:19:00Z,0,2026-06-04T05:58:00Z,0,2026-05-31T19:22:00Z
TX2-02484,2026-05-29T10:13:00Z,0,142.84,2026-05-29T10:13:00Z,53.8,2026-05-29T07:20:00Z,45.6,2026-05-29T10:00:00Z,3,2026-05-29T09:42:00Z,30.8,2026-05-29T02:03:00Z,0,2026-06-05T14:27:00Z,0,2026-05-31T18:01:00Z
TX2-02485,2026-05-29T12:51:00Z,0,153.59,2026-05-29T12:51:00Z,63.0,2026-05-29T12:15:00Z,48.6,2026-05-29T12:36:00Z,3,2026-05-29T12:42:00Z,26.0,2026-05-29T06:34:00Z,0,2026-06-07T04:52:00Z,0,2026-05-30T22:19:00Z
TX2-02486,2026-05-29T13:06:00Z,0,12.69,2026-05-29T13:06:00Z,41.3,2026-05-29T07:54:00Z,37.9,2026-05-29T12:40:00Z,1,2026-05-29T12:53:00Z,23.1,2026-05-29T07:36:00Z,0,2026-06-01T14:36:00Z,0,2026-06-01T04:06:00Z
TX2-02487,2026-05-29T13:32:00Z,0,36.97,2026-05-29T13:32:00Z,41.9,2026-05-29T11:36:00Z,46.4,2026-05-29T13:06:00Z,5,2026-05-29T13:23:00Z,19.1,2026-05-28T19:47:00Z,0,2026-06-06T04:38:00Z,0,2026-05-31T03:01:00Z
TX2-02488,2026-05-29T15:06:00Z,1,188.28,2026-05-29T15:06:00Z,51.6,2026-05-29T09:28:00Z,60.2,2026-05-29T15:02:00Z,1,2026-05-29T14:50:00Z,32.4,2026-05-29T09:13:00Z,1,2026-06-04T19:51:00Z,2,2026-06-01T13:02:00Z
TX2-02489,2026-05-29T15:16:00Z,0,76.09,2026-05-29T15:16:00Z,27.2,2026-05-29T10:37:00Z,28.7,2026-05-29T14:50:00Z,0,2026-05-29T14:16:00Z,25.3,2026-05-29T04:07:00Z,0,2026-06-02T09:38:00Z,0,2026-06-01T00:31:00Z
TX2-02490,2026-05-29T15:53:00Z,0,255.48,2026-05-29T15:53:00Z,53.7,2026-05-29T14:12:00Z,33.2,2026-05-29T15:26:00Z,0,2026-05-29T15:06:00Z,27.9,2026-05-29T01:03:00Z,0,2026-06-02T04:14:00Z,0,2026-06-01T08:28:00Z
TX2-02491,2026-05-29T17:02:00Z,0,64.55,2026-05-29T17:02:00Z,54.2,2026-05-29T11:07:00Z,46.0,2026-05-29T16:54:00Z,4,2026-05-29T16:13:00Z,37.8,2026-05-29T15:32:00Z,0,2026-06-02T13:17:00Z,0,2026-05-31T19:26:00Z
TX2-02492,2026-05-29T17:47:00Z,0,146.97,2026-05-29T17:47:00Z,61.9,2026-05-29T16:20:00Z,30.1,2026-05-29T17:36:00Z,3,2026-05-29T17:42:00Z,28.8,2026-05-29T19:57:00Z,0,2026-06-06T20:18:00Z,0,2026-05-31T04:02:00Z
TX2-02493,2026-05-29T18:08:00Z,0,64.09,2026-05-29T18:08:00Z,46.1,2026-05-29T13:33:00Z,37.7,2026-05-29T18:03:00Z,3,2026-05-29T17:57:00Z,32.2,2026-05-29T07:09:00Z,0,2026-06-04T17:41:00Z,0,2026-05-31T10:28:00Z
TX2-02494,2026-05-29T18:22:00Z,0,9.14,2026-05-29T18:22:00Z,53.0,2026-05-29T12:32:00Z,53.4,2026-05-29T17:58:00Z,8,2026-05-29T17:40:00Z,32.9,2026-05-29T00:40:00Z,0,2026-06-08T15:29:00Z,2,2026-05-31T08:08:00Z
TX2-02495,2026-05-29T18:26:00Z,0,111.31,2026-05-29T18:26:00Z,58.2,2026-05-29T18:22:00Z,45.6,2026-05-29T18:23:00Z,2,2026-05-29T18:21:00Z,26.4,2026-05-29T12:15:00Z,0,2026-06-07T00:34:00Z,0,2026-05-31T02:04:00Z
TX2-02496,2026-05-29T19:44:00Z,0,46.5,2026-05-29T19:44:00Z,49.5,2026-05-29T19:14:00Z,35.9,2026-05-29T19:26:00Z,1,2026-05-29T19:32:00Z,18.6,2026-05-29T00:00:00Z,0,2026-06-06T00:33:00Z,0,2026-05-30T20:00:00Z
TX2-02497,2026-05-30T01:01:00Z,0,73.2,2026-05-30T01:01:00Z,62.3,2026-05-30T00:02:00Z,24.0,2026-05-30T00:48:00Z,2,2026-05-30T00:23:00Z,41.0,2026-05-29T09:55:00Z,0,2026-06-08T08:08:00Z,0,2026-05-31T04:12:00Z
TX2-02498,2026-05-30T02:40:00Z,0,42.07,2026-05-30T02:40:00Z,38.9,2026-05-30T00:45:00Z,39.3,2026-05-30T02:11:00Z,3,2026-05-30T01:44:00Z,31.9,2026-05-29T20:04:00Z,0,2026-06-08T08:39:00Z,1,2026-05-31T08:12:00Z
TX2-02499,2026-05-30T06:46:00Z,0,89.35,2026-05-30T06:46:00Z,16.4,2026-05-30T05:50:00Z,50.1,2026-05-30T06:17:00Z,2,2026-05-30T05:55:00Z,24.8,2026-05-29T20:25:00Z,0,2026-06-06T14:42:00Z,0,2026-05-31T22:00:00Z
TX2-02500,2026-05-30T09:29:00Z,0,40.23,2026-05-30T09:29:00Z,60.0,2026-05-30T07:50:00Z,47.1,2026-05-30T09:23:00Z,1,2026-05-30T09:17:00Z,36.7,2026-05-30T00:14:00Z,0,2026-06-08T20:50:00Z,0,2026-06-02T07:02:00Z
TX2-02501,2026-05-30T10:15:00Z,1,423.58,2026-05-30T10:15:00Z,46.4,2026-05-30T06:07:00Z,54.0,2026-05-30T09:51:00Z,3,2026-05-30T10:14:00Z,30.5,2026-05-30T08:14:00Z,1,2026-06-08T22:56:00Z,2,2026-06-01T14:03:00Z
TX2-02502,2026-05-30T15:45:00Z,0,12.68,2026-05-30T15:45:00Z,66.4,2026-05-30T11:29:00Z,43.8,2026-05-30T15:18:00Z,3,2026-05-30T15:02:00Z,25.3,2026-05-30T10:47:00Z,0,2026-06-06T11:12:00Z,0,2026-06-02T01:57:00Z
TX2-02503,2026-05-30T18:28:00Z,0,18.1,2026-05-30T18:28:00Z,64.7,2026-05-30T14:07:00Z,28.5,2026-05-30T18:22:00Z,0,2026-05-30T17:42:00Z,22.9,2026-05-30T01:34:00Z,0,2026-06-09T09:50:00Z,0,2026-06-01T14:20:00Z
TX2-02504,2026-05-30T19:59:00Z,1,14.55,2026-05-30T19:59:00Z,37.1,2026-05-30T16:25:00Z,43.4,2026-05-30T19:51:00Z,3,2026-05-30T19:34:00Z,12.4,2026-05-30T22:27:00Z,1,2026-06-03T11:34:00Z,2,2026-06-01T01:12:00Z
TX2-02505,2026-05-30T22:38:00Z,0,583.65,2026-05-30T22:38:00Z,58.0,2026-05-30T17:51:00Z,34.8,2026-05-30T22:21:00Z,5,2026-05-30T22:35:00Z,47.2,2026-05-30T02:41:00Z,0,2026-06-05T02:53:00Z,0,2026-06-01T02:06:00Z
TX2-02506,2026-05-31T00:37:00Z,0,42.27,2026-05-31T00:37:00Z,48.7,2026-05-30T22:53:00Z,48.9,2026-05-31T00:08:00Z,1,2026-05-31T00:19:00Z,15.3,2026-05-30T15:38:00Z,0,2026-06-06T12:39:00Z,0,2026-06-02T02:57:00Z
TX2-02507,2026-05-31T03:35:00Z,0,100.83,2026-05-31T03:35:00Z,33.1,2026-05-31T00:34:00Z,63.4,2026-05-31T03:12:00Z,0,2026-05-31T03:32:00Z,48.3,2026-05-31T01:32:00Z,0,2026-06-09T00:01:00Z,0,2026-06-02T04:51:00Z
TX2-02508,2026-05-31T04:15:00Z,0,229.52,2026-05-31T04:15:00Z,53.9,2026-05-31T03:27:00Z,36.2,2026-05-31T04:06:00Z,2,2026-05-31T03:19:00Z,23.9,2026-05-30T17:46:00Z,0,2026-06-07T15:20:00Z,0,2026-06-01T12:11:00Z
TX2-02509,2026-05-31T05:50:00Z,0,11.5,2026-05-31T05:50:00Z,44.1,2026-05-31T03:35:00Z,25.9,2026-05-31T05:40:00Z,4,2026-05-31T05:21:00Z,32.0,2026-05-30T11:32:00Z,0,2026-06-09T04:53:00Z,0,2026-06-01T15:49:00Z
TX2-02510,2026-05-31T06:58:00Z,0,53.71,2026-05-31T06:58:00Z,59.6,2026-05-31T06:47:00Z,41.2,2026-05-31T06:44:00Z,1,2026-05-31T06:09:00Z,33.9,2026-05-30T13:28:00Z,0,2026-06-05T18:42:00Z,0,2026-06-01T07:24:00Z
TX2-02511,2026-05-31T07:28:00Z,0,48.19,2026-05-31T07:28:00Z,40.3,2026-05-31T05:00:00Z,38.1,2026-05-31T07:18:00Z,3,2026-05-31T07:09:00Z,40.9,2026-05-30T15:27:00Z,0,2026-06-08T11:57:00Z,1,2026-06-01T17:55:00Z
TX2-02512,2026-05-31T09:22:00Z,0,501.51,2026-05-31T09:22:00Z,25.0,2026-05-31T03:50:00Z,31.8,2026-05-31T09:10:00Z,1,2026-05-31T08:44:00Z,34.8,2026-05-31T06:05:00Z,0,2026-06-05T06:03:00Z,0,2026-06-02T03:55:00Z
TX2-02513,2026-05-31T09:36:00Z,0,65.42,2026-05-31T09:36:00Z,46.1,2026-05-31T05:40:00Z,57.8,2026-05-31T09:13:00Z,1,2026-05-31T09:10:00Z,44.2,2026-05-31T17:45:00Z,0,2026-06-07T21:37:00Z,0,2026-06-02T21:03:00Z
TX2-02514,2026-05-31T12:38:00Z,0,54.04,2026-05-31T12:38:00Z,44.1,2026-05-31T10:42:00Z,43.9,2026-05-31T12:19:00Z,2,2026-05-31T11:52:00Z,40.5,2026-05-31T09:47:00Z,0,2026-06-04T22:32:00Z,0,2026-06-03T03:18:00Z
TX2-02515,2026-05-31T14:51:00Z,0,217.0,2026-05-31T14:51:00Z,65.7,2026-05-31T14:19:00Z,52.3,2026-05-31T14:33:00Z,2,2026-05-31T14:26:00Z,25.8,2026-05-30T23:01:00Z,0,2026-06-04T08:07:00Z,0,2026-06-02T03:03:00Z
TX2-02516,2026-05-31T15:14:00Z,0,9.59,2026-05-31T15:14:00Z,32.1,2026-05-31T13:05:00Z,26.4,2026-05-31T15:02:00Z,0,2026-05-31T15:07:00Z,28.2,2026-05-31T09:46:00Z,0,2026-06-07T18:47:00Z,0,2026-06-03T09:27:00Z
TX2-02517,2026-05-31T16:28:00Z,0,43.97,2026-05-31T16:28:00Z,59.2,2026-05-31T15:42:00Z,31.3,2026-05-31T16:06:00Z,3,2026-05-31T15:31:00Z,16.8,2026-05-31T19:16:00Z,0,2026-06-09T20:50:00Z,0,2026-06-01T22:35:00Z
TX2-02518,2026-05-31T17:05:00Z,0,26.41,2026-05-31T17:05:00Z,43.7,2026-05-31T14:12:00Z,42.4,2026-05-31T16:37:00Z,2,2026-05-31T16:08:00Z,22.5,2026-05-31T02:17:00Z,0,2026-06-05T08:22:00Z,0,2026-06-03T09:17:00Z
TX2-02519,2026-05-31T17:41:00Z,0,32.88,2026-05-31T17:41:00Z,60.8,2026-05-31T16:23:00Z,55.5,2026-05-31T17:16:00Z,3,2026-05-31T16:58:00Z,30.0,2026-05-30T21:46:00Z,0,2026-06-08T20:58:00Z,0,2026-06-02T11:17:00Z
TX2-02520,2026-05-31T17:53:00Z,0,211.49,2026-05-31T17:53:00Z,45.4,2026-05-31T12:01:00Z,44.5,2026-05-31T17:44:00Z,1,2026-05-31T17:06:00Z,31.4,2026-05-31T11:32:00Z,0,2026-06-04T20:15:00Z,0,2026-06-02T07:33:00Z
TX2-02521,2026-05-31T17:55:00Z,1,66.86,2026-05-31T17:55:00Z,53.4,2026-05-31T17:44:00Z,54.1,2026-05-31T17:29:00Z,4,2026-05-31T17:38:00Z,32.1,2026-05-31T12:52:00Z,1,2026-06-06T11:54:00Z,2,2026-06-01T19:59:00Z
TX2-02522,2026-05-31T19:26:00Z,0,33.5,2026-05-31T19:26:00Z,55.3,2026-05-31T14:24:00Z,45.6,2026-05-31T19:00:00Z,1,2026-05-31T18:49:00Z,16.6,2026-05-31T09:27:00Z,0,2026-06-08T16:56:00Z,0,2026-06-02T13:38:00Z
TX2-02523,2026-05-31T20:29:00Z,0,42.65,2026-05-31T20:29:00Z,49.8,2026-05-31T16:43:00Z,37.5,2026-05-31T20:03:00Z,1,2026-05-31T20:19:00Z,28.1,2026-05-31T15:17:00Z,0,2026-06-04T10:02:00Z,0,2026-06-03T15:20:00Z
TX2-02524,2026-05-31T23:12:00Z,0,63.76,2026-05-31T23:12:00Z,53.0,2026-05-31T22:14:00Z,51.5,2026-05-31T23:01:00Z,3,2026-05-31T22:54:00Z,17.0,2026-06-01T01:17:00Z,0,2026-06-04T08:41:00Z,0,2026-06-03T16:18:00Z
TX2-02525,2026-05-31T23:48:00Z,1,32.08,2026-05-31T23:48:00Z,65.3,2026-05-31T22:54:00Z,29.9,2026-05-31T23:41:00Z,4,2026-05-31T23:11:00Z,23.6,2026-05-31T13:20:00Z,1,2026-06-04T21:54:00Z,0,2026-06-02T16:59:00Z
TX2-02526,2026-06-01T01:57:00Z,0,29.94,2026-06-01T01:57:00Z,53.2,2026-05-31T20:58:00Z,46.6,2026-06-01T01:45:00Z,1,2026-06-01T01:02:00Z,26.5,2026-05-31T14:23:00Z,0,2026-06-07T11:04:00Z,0,2026-06-02T19:47:00Z
TX2-02527,2026-06-01T03:00:00Z,0,111.91,2026-06-01T03:00:00Z,69.6,2026-05-31T21:44:00Z,13.1,2026-06-01T02:58:00Z,1,2026-06-01T02:11:00Z,48.5,2026-05-31T12:24:00Z,0,2026-06-04T09:23:00Z,0,2026-06-03T04:31:00Z
TX2-02528,2026-06-01T03:10:00Z,0,51.48,2026-06-01T03:10:00Z,48.8,2026-06-01T01:20:00Z,46.4,2026-06-01T03:06:00Z,0,2026-06-01T02:28:00Z,16.9,2026-05-31T12:22:00Z,0,2026-06-09T05:47:00Z,0,2026-06-02T23:39:00Z
TX2-02529,2026-06-01T03:22:00Z,0,30.33,2026-06-01T03:22:00Z,24.0,2026-06-01T00:16:00Z,42.6,2026-06-01T03:02:00Z,2,2026-06-01T03:01:00Z,18.8,2026-05-31T18:44:00Z,0,2026-06-07T13:02:00Z,0,2026-06-04T01:14:00Z
TX2-02530,2026-06-01T04:32:00Z,0,362.32,2026-06-01T04:32:00Z,56.4,2026-06-01T01:45:00Z,47.0,2026-06-01T04:17:00Z,5,2026-06-01T04:23:00Z,17.6,2026-05-31T16:46:00Z,0,2026-06-06T06:14:00Z,1,2026-06-02T16:57:00Z
TX2-02531,2026-06-01T05:02:00Z,0,37.72,2026-06-01T05:02:00Z,44.7,2026-06-01T00:48:00Z,45.7,2026-06-01T04:55:00Z,4,2026-06-01T04:44:00Z,22.0,2026-06-01T02:28:00Z,0,2026-06-07T19:45:00Z,0,2026-06-02T10:33:00Z
TX2-02532,2026-06-01T06:19:00Z,0,105.35,2026-06-01T06:19:00Z,30.6,2026-06-01T04:53:00Z,39.6,2026-06-01T05:56:00Z,2,2026-06-01T05:37:00Z,22.3,2026-06-01T00:21:00Z,0,2026-06-08T12:14:00Z,0,2026-06-03T01:50:00Z
TX2-02533,2026-06-01T10:39:00Z,0,66.23,2026-06-01T10:39:00Z,42.1,2026-06-01T09:26:00Z,21.3,2026-06-01T10:09:00Z,5,2026-06-01T09:45:00Z,30.6,2026-05-31T21:44:00Z,0,2026-06-10T16:10:00Z,0,2026-06-03T18:39:00Z
TX2-02534,2026-06-01T14:16:00Z,0,13.83,2026-06-01T14:16:00Z,60.8,2026-06-01T13:45:00Z,41.7,2026-06-01T14:07:00Z,4,2026-06-01T13:59:00Z,31.1,2026-05-31T21:02:00Z,0,2026-06-04T22:14:00Z,0,2026-06-04T11:07:00Z
TX2-02535,2026-06-01T15:10:00Z,0,27.1,2026-06-01T15:10:00Z,40.7,2026-06-01T12:02:00Z,45.9,2026-06-01T14:42:00Z,0,2026-06-01T14:29:00Z,25.8,2026-06-01T04:29:00Z,0,2026-06-10T00:53:00Z,0,2026-06-04T13:47:00Z
TX2-02536,2026-06-01T15:51:00Z,0,9.88,2026-06-01T15:51:00Z,49.3,2026-06-01T13:26:00Z,34.6,2026-06-01T15:30:00Z,3,2026-06-01T15:14:00Z,15.6,2026-06-01T23:05:00Z,0,2026-06-07T12:29:00Z,0,2026-06-04T00:52:00Z
TX2-02537,2026-06-01T19:11:00Z,0,104.81,2026-06-01T19:11:00Z,46.6,2026-06-01T13:43:00Z,38.9,2026-06-01T19:06:00Z,0,2026-06-01T18:20:00Z,24.8,2026-06-01T14:59:00Z,0,2026-06-06T01:32:00Z,0,2026-06-03T03:32:00Z
TX2-02538,2026-06-01T20:06:00Z,0,12.28,2026-06-01T20:06:00Z,42.3,2026-06-01T14:20:00Z,32.6,2026-06-01T19:54:00Z,4,2026-06-01T20:01:00Z,35.2,2026-06-01T06:17:00Z,0,2026-06-05T16:43:00Z,0,2026-06-03T19:01:00Z
TX2-02539,2026-06-01T22:58:00Z,0,56.93,2026-06-01T22:58:00Z,46.5,2026-06-01T20:29:00Z,34.5,2026-06-01T22:38:00Z,1,2026-06-01T21:59:00Z,21.5,2026-06-01T09:13:00Z,0,2026-06-11T13:26:00Z,0,2026-06-03T02:14:00Z
TX2-02540,2026-06-01T23:39:00Z,0,11.93,2026-06-01T23:39:00Z,46.1,2026-06-01T18:38:00Z,48.9,2026-06-01T23:30:00Z,1,2026-06-01T23:33:00Z,26.4,2026-06-01T09:37:00Z,0,2026-06-09T22:49:00Z,2,2026-06-03T03:03:00Z
TX2-02541,2026-06-01T23:48:00Z,0,86.31,2026-06-01T23:48:00Z,45.0,2026-06-01T18:48:00Z,24.3,2026-06-01T23:27:00Z,3,2026-06-01T23:16:00Z,31.7,2026-06-01T18:26:00Z,0,2026-06-06T04:04:00Z,0,2026-06-03T02:11:00Z
TX2-02542,2026-06-02T01:25:00Z,0,44.21,2026-06-02T01:25:00Z,38.5,2026-06-01T21:08:00Z,48.7,2026-06-02T00:58:00Z,2,2026-06-02T00:54:00Z,30.8,2026-06-01T13:53:00Z,0,2026-06-07T07:54:00Z,0,2026-06-03T02:49:00Z
TX2-02543,2026-06-02T03:57:00Z,0,117.77,2026-06-02T03:57:00Z,63.8,2026-06-02T01:01:00Z,25.6,2026-06-02T03:44:00Z,2,2026-06-02T03:01:00Z,35.1,2026-06-01T20:32:00Z,0,2026-06-07T20:45:00Z,0,2026-06-04T05:45:00Z
TX2-02544,2026-06-02T04:15:00Z,0,105.29,2026-06-02T04:15:00Z,40.1,2026-06-02T01:45:00Z,45.8,2026-06-02T04:10:00Z,4,2026-06-02T03:50:00Z,6.5,2026-06-01T22:35:00Z,0,2026-06-05T08:03:00Z,0,2026-06-03T23:59:00Z
TX2-02545,2026-06-02T05:20:00Z,0,59.61,2026-06-02T05:20:00Z,29.9,2026-06-02T00:09:00Z,33.0,2026-06-02T05:04:00Z,2,2026-06-02T04:38:00Z,32.1,2026-06-01T18:43:00Z,0,2026-06-06T07:39:00Z,0,2026-06-04T02:19:00Z
TX2-02546,2026-06-02T09:05:00Z,0,31.65,2026-06-02T09:05:00Z,63.4,2026-06-02T04:32:00Z,33.5,2026-06-02T08:47:00Z,7,2026-06-02T08:08:00Z,44.8,2026-06-01T16:38:00Z,0,2026-06-12T06:30:00Z,0,2026-06-04T12:14:00Z
TX2-02547,2026-06-02T10:02:00Z,0,97.85,2026-06-02T10:02:00Z,48.8,2026-06-02T04:51:00Z,64.3,2026-06-02T09:53:00Z,0,2026-06-02T09:31:00Z,26.9,2026-06-01T19:44:00Z,0,2026-06-08T08:22:00Z,1,2026-06-04T17:54:00Z
TX2-02548,2026-06-02T13:11:00Z,0,101.62,2026-06-02T13:11:00Z,56.6,2026-06-02T09:44:00Z,33.0,2026-06-02T13:07:00Z,2,2026-06-02T12:53:00Z,47.7,2026-06-02T04:56:00Z,0,2026-06-10T16:58:00Z,1,2026-06-05T08:55:00Z
TX2-02549,2026-06-02T13:37:00Z,0,67.22,2026-06-02T13:37:00Z,50.6,2026-06-02T09:03:00Z,38.2,2026-06-02T13:11:00Z,2,2026-06-02T13:28:00Z,21.9,2026-06-02T11:54:00Z,0,2026-06-08T10:44:00Z,0,2026-06-03T17:05:00Z
TX2-02550,2026-06-02T14:35:00Z,1,76.15,2026-06-02T14:35:00Z,50.2,2026-06-02T10:55:00Z,49.8,2026-06-02T14:13:00Z,3,2026-06-02T14:02:00Z,41.5,2026-06-02T10:42:00Z,1,2026-06-10T09:12:00Z,2,2026-06-04T12:15:00Z
TX2-02551,2026-06-02T14:45:00Z,0,23.77,2026-06-02T14:45:00Z,47.4,2026-06-02T12:10:00Z,55.3,2026-06-02T14:32:00Z,1,2026-06-02T14:21:00Z,32.4,2026-06-02T03:56:00Z,0,2026-06-08T06:23:00Z,0,2026-06-05T06:45:00Z
TX2-02552,2026-06-02T14:57:00Z,0,57.95,2026-06-02T14:57:00Z,24.9,2026-06-02T09:50:00Z,25.9,2026-06-02T14:30:00Z,2,2026-06-02T14:09:00Z,28.7,2026-06-02T04:00:00Z,0,2026-06-08T13:21:00Z,1,2026-06-04T03:20:00Z
TX2-02553,2026-06-02T17:12:00Z,0,98.15,2026-06-02T17:12:00Z,67.2,2026-06-02T11:59:00Z,48.3,2026-06-02T16:53:00Z,1,2026-06-02T17:01:00Z,35.6,2026-06-02T08:02:00Z,0,2026-06-06T11:25:00Z,0,2026-06-03T18:52:00Z
TX2-02554,2026-06-02T19:36:00Z,0,164.47,2026-06-02T19:36:00Z,70.7,2026-06-02T19:19:00Z,27.2,2026-06-02T19:33:00Z,5,2026-06-02T18:55:00Z,33.7,2026-06-02T01:25:00Z,0,2026-06-11T17:58:00Z,0,2026-06-05T18:06:00Z
TX2-02555,2026-06-02T19:59:00Z,0,119.48,2026-06-02T19:59:00Z,57.2,2026-06-02T15:09:00Z,48.2,2026-06-02T19:41:00Z,3,2026-06-02T18:59:00Z,24.8,2026-06-02T13:20:00Z,0,2026-06-06T16:19:00Z,0,2026-06-05T04:56:00Z
TX2-02556,2026-06-02T21:51:00Z,0,72.74,2026-06-02T21:51:00Z,62.5,2026-06-02T16:15:00Z,35.8,2026-06-02T21:27:00Z,3,2026-06-02T21:45:00Z,31.6,2026-06-02T07:56:00Z,0,2026-06-09T17:31:00Z,0,2026-06-05T07:45:00Z
TX2-02557,2026-06-02T22:34:00Z,0,81.33,2026-06-02T22:34:00Z,40.3,2026-06-02T17:28:00Z,31.4,2026-06-02T22:24:00Z,2,2026-06-02T22:08:00Z,26.7,2026-06-02T15:01:00Z,0,2026-06-10T09:05:00Z,0,2026-06-04T16:09:00Z
TX2-02558,2026-06-02T22:43:00Z,0,11.08,2026-06-02T22:43:00Z,50.0,2026-06-02T18:57:00Z,49.7,2026-06-02T22:29:00Z,4,2026-06-02T21:51:00Z,20.9,2026-06-02T19:38:00Z,0,2026-06-11T03:58:00Z,2,2026-06-04T21:29:00Z
TX2-02559,2026-06-02T23:45:00Z,0,50.85,2026-06-02T23:45:00Z,58.2,2026-06-02T20:35:00Z,45.8,2026-06-02T23:33:00Z,3,2026-06-02T23:01:00Z,30.5,2026-06-02T22:12:00Z,0,2026-06-07T06:50:00Z,0,2026-06-05T10:12:00Z
TX2-02560,2026-06-03T00:09:00Z,0,65.77,2026-06-03T00:09:00Z,47.9,2026-06-02T18:44:00Z,51.0,2026-06-02T23:57:00Z,5,2026-06-02T23:19:00Z,16.9,2026-06-02T17:27:00Z,0,2026-06-07T14:41:00Z,1,2026-06-05T03:11:00Z
TX2-02561,2026-06-03T07:45:00Z,0,73.6,2026-06-03T07:45:00Z,41.6,2026-06-03T03:39:00Z,22.6,2026-06-03T07:42:00Z,2,2026-06-03T07:31:00Z,34.6,2026-06-03T03:57:00Z,0,2026-06-11T05:09:00Z,0,2026-06-05T11:14:00Z
TX2-02562,2026-06-03T07:50:00Z,0,27.64,2026-06-03T07:50:00Z,32.1,2026-06-03T01:58:00Z,40.8,2026-06-03T07:47:00Z,4,2026-06-03T06:59:00Z,36.0,2026-06-03T13:53:00Z,0,2026-06-10T20:23:00Z,2,2026-06-04T16:39:00Z
TX2-02563,2026-06-03T08:28:00Z,1,102.59,2026-06-03T08:28:00Z,61.0,2026-06-03T05:16:00Z,44.2,2026-06-03T08:11:00Z,5,2026-06-03T08:07:00Z,33.2,2026-06-02T18:16:00Z,1,2026-06-07T02:11:00Z,1,2026-06-05T20:41:00Z
TX2-02564,2026-06-03T08:56:00Z,0,251.39,2026-06-03T08:56:00Z,44.3,2026-06-03T03:44:00Z,30.9,2026-06-03T08:52:00Z,2,2026-06-03T08:34:00Z,29.9,2026-06-02T22:46:00Z,0,2026-06-12T07:08:00Z,0,2026-06-04T23:55:00Z
TX2-02565,2026-06-03T09:05:00Z,0,50.08,2026-06-03T09:05:00Z,50.4,2026-06-03T06:04:00Z,44.1,2026-06-03T08:50:00Z,1,2026-06-03T08:24:00Z,35.2,2026-06-03T02:58:00Z,0,2026-06-07T20:32:00Z,1,2026-06-06T01:19:00Z
TX2-02566,2026-06-03T09:19:00Z,1,60.16,2026-06-03T09:19:00Z,39.9,2026-06-03T04:02:00Z,26.3,2026-06-03T09:16:00Z,1,2026-06-03T08:21:00Z,32.0,2026-06-03T01:24:00Z,0,2026-06-07T20:18:00Z,2,2026-06-04T20:30:00Z
TX2-02567,2026-06-03T10:14:00Z,0,151.6,2026-06-03T10:14:00Z,29.3,2026-06-03T06:40:00Z,31.1,2026-06-03T10:12:00Z,1,2026-06-03T09:42:00Z,27.9,2026-06-02T18:16:00Z,0,2026-06-08T00:34:00Z,0,2026-06-05T22:10:00Z
TX2-02568,2026-06-03T11:22:00Z,0,17.9,2026-06-03T11:22:00Z,72.0,2026-06-03T11:14:00Z,48.5,2026-06-03T11:00:00Z,2,2026-06-03T11:05:00Z,20.4,2026-06-03T03:27:00Z,1,2026-06-06T16:10:00Z,0,2026-06-05T16:12:00Z
TX2-02569,2026-06-03T11:27:00Z,0,18.61,2026-06-03T11:27:00Z,54.5,2026-06-03T09:38:00Z,31.3,2026-06-03T11:07:00Z,0,2026-06-03T10:52:00Z,39.3,2026-06-03T07:32:00Z,0,2026-06-11T19:27:00Z,0,2026-06-04T13:45:00Z
TX2-02570,2026-06-03T11:33:00Z,0,9.42,2026-06-03T11:33:00Z,58.6,2026-06-03T06:48:00Z,60.3,2026-06-03T11:13:00Z,3,2026-06-03T10:52:00Z,32.6,2026-06-03T04:10:00Z,0,2026-06-12T11:51:00Z,0,2026-06-06T09:59:00Z
TX2-02571,2026-06-03T14:44:00Z,0,23.48,2026-06-03T14:44:00Z,46.8,2026-06-03T11:58:00Z,45.2,2026-06-03T14:42:00Z,2,2026-06-03T14:15:00Z,27.7,2026-06-02T19:55:00Z,0,2026-06-06T23:11:00Z,0,2026-06-06T11:57:00Z
TX2-02572,2026-06-03T15:26:00Z,0,91.19,2026-06-03T15:26:00Z,32.8,2026-06-03T13:52:00Z,43.7,2026-06-03T15:09:00Z,1,2026-06-03T15:00:00Z,30.5,2026-06-03T03:18:00Z,0,2026-06-11T21:15:00Z,0,2026-06-05T04:41:00Z
TX2-02573,2026-06-03T15:53:00Z,0,34.96,2026-06-03T15:53:00Z,39.4,2026-06-03T13:26:00Z,28.8,2026-06-03T15:26:00Z,5,2026-06-03T15:22:00Z,40.7,2026-06-03T09:15:00Z,0,2026-06-09T10:48:00Z,0,2026-06-05T14:47:00Z
TX2-02574,2026-06-03T18:24:00Z,1,59.92,2026-06-03T18:24:00Z,31.3,2026-06-03T17:49:00Z,35.9,2026-06-03T18:11:00Z,0,2026-06-03T17:28:00Z,23.6,2026-06-03T13:55:00Z,1,2026-06-13T04:21:00Z,2,2026-06-06T09:46:00Z
TX2-02575,2026-06-03T19:49:00Z,0,60.18,2026-06-03T19:49:00Z,41.8,2026-06-03T19:08:00Z,58.3,2026-06-03T19:33:00Z,0,2026-06-03T18:53:00Z,24.4,2026-06-03T23:21:00Z,0,2026-06-08T21:33:00Z,0,2026-06-06T12:33:00Z
TX2-02576,2026-06-03T20:33:00Z,0,112.51,2026-06-03T20:33:00Z,51.3,2026-06-03T18:27:00Z,41.6,2026-06-03T20:12:00Z,3,2026-06-03T19:35:00Z,43.8,2026-06-03T05:41:00Z,0,2026-06-07T19:00:00Z,0,2026-06-05T12:10:00Z
TX2-02577,2026-06-03T20:39:00Z,0,57.75,2026-06-03T20:39:00Z,51.5,2026-06-03T17:58:00Z,33.1,2026-06-03T20:20:00Z,0,2026-06-03T19:40:00Z,39.3,2026-06-03T11:19:00Z,0,2026-06-09T08:00:00Z,1,2026-06-05T03:48:00Z
TX2-02578,2026-06-04T01:23:00Z,0,23.72,2026-06-04T01:23:00Z,34.0,2026-06-03T20:14:00Z,31.0,2026-06-04T01:03:00Z,1,2026-06-04T00:39:00Z,50.5,2026-06-03T20:41:00Z,0,2026-06-13T19:50:00Z,0,2026-06-05T23:15:00Z
TX2-02579,2026-06-04T01:38:00Z,0,92.25,2026-06-04T01:38:00Z,51.1,2026-06-03T20:36:00Z,54.7,2026-06-04T01:32:00Z,1,2026-06-04T01:28:00Z,36.6,2026-06-03T10:11:00Z,0,2026-06-10T08:03:00Z,0,2026-06-06T12:55:00Z
TX2-02580,2026-06-04T01:39:00Z,0,128.07,2026-06-04T01:39:00Z,62.3,2026-06-03T21:52:00Z,47.3,2026-06-04T01:16:00Z,2,2026-06-04T01:01:00Z,25.9,2026-06-03T06:44:00Z,0,2026-06-07T04:44:00Z,0,2026-06-05T06:20:00Z
TX2-02581,2026-06-04T02:04:00Z,0,65.33,2026-06-04T02:04:00Z,31.8,2026-06-03T21:53:00Z,52.8,2026-06-04T01:48:00Z,2,2026-06-04T01:40:00Z,24.4,2026-06-03T15:23:00Z,0,2026-06-09T06:40:00Z,0,2026-06-06T22:21:00Z
TX2-02582,2026-06-04T05:04:00Z,0,107.19,2026-06-04T05:04:00Z,42.8,2026-06-04T02:12:00Z,45.6,2026-06-04T04:36:00Z,3,2026-06-04T04:56:00Z,39.3,2026-06-03T15:46:00Z,0,2026-06-07T07:31:00Z,0,2026-06-06T06:33:00Z
TX2-02583,2026-06-04T05:12:00Z,0,28.36,2026-06-04T05:12:00Z,56.0,2026-06-04T01:24:00Z,44.2,2026-06-04T04:43:00Z,4,2026-06-04T04:45:00Z,12.0,2026-06-03T15:59:00Z,0,2026-06-07T16:53:00Z,2,2026-06-05T15:02:00Z
TX2-02584,2026-06-04T07:03:00Z,1,98.63,2026-06-04T07:03:00Z,61.2,2026-06-04T01:25:00Z,40.8,2026-06-04T06:39:00Z,10,2026-06-04T06:05:00Z,41.2,2026-06-03T23:46:00Z,1,2026-06-09T18:26:00Z,2,2026-06-06T06:43:00Z
TX2-02585,2026-06-04T08:53:00Z,0,36.9,2026-06-04T08:53:00Z,38.1,2026-06-04T04:16:00Z,46.7,2026-06-04T08:41:00Z,1,2026-06-04T08:26:00Z,30.6,2026-06-04T05:21:00Z,0,2026-06-13T21:06:00Z,1,2026-06-06T08:14:00Z
TX2-02586,2026-06-04T12:00:00Z,0,28.39,2026-06-04T12:00:00Z,31.1,2026-06-04T09:55:00Z,39.9,2026-06-04T11:42:00Z,0,2026-06-04T11:06:00Z,44.3,2026-06-04T00:37:00Z,0,2026-06-13T23:53:00Z,1,2026-06-06T01:29:00Z
TX2-02587,2026-06-04T12:00:00Z,0,38.68,2026-06-04T12:00:00Z,67.4,2026-06-04T07:52:00Z,46.7,2026-06-04T11:56:00Z,1,2026-06-04T11:04:00Z,34.1,2026-06-04T02:50:00Z,0,2026-06-09T05:13:00Z,0,2026-06-06T01:55:00Z
TX2-02588,2026-06-04T12:24:00Z,0,20.87,2026-06-04T12:24:00Z,62.1,2026-06-04T12:17:00Z,37.9,2026-06-04T11:58:00Z,2,2026-06-04T11:56:00Z,16.6,2026-06-03T17:36:00Z,0,2026-06-11T23:14:00Z,0,2026-06-07T08:28:00Z
TX2-02589,2026-06-04T15:28:00Z,0,121.0,2026-06-04T15:28:00Z,63.6,2026-06-04T12:17:00Z,27.0,2026-06-04T15:24:00Z,4,2026-06-04T14:37:00Z,26.7,2026-06-04T08:52:00Z,0,2026-06-09T07:42:00Z,0,2026-06-06T11:02:00Z
TX2-02590,2026-06-04T15:53:00Z,1,120.47,2026-06-04T15:53:00Z,46.0,2026-06-04T13:55:00Z,53.8,2026-06-04T15:44:00Z,1,2026-06-04T15:11:00Z,35.3,2026-06-04T07:16:00Z,1,2026-06-11T01:41:00Z,2,2026-06-07T12:20:00Z
TX2-02591,2026-06-04T18:04:00Z,0,17.51,2026-06-04T18:04:00Z,19.5,2026-06-04T16:52:00Z,32.8,2026-06-04T17:54:00Z,0,2026-06-04T17:14:00Z,52.6,2026-06-04T22:16:00Z,0,2026-06-11T11:42:00Z,0,2026-06-06T02:16:00Z
TX2-02592,2026-06-04T19:16:00Z,0,222.3,2026-06-04T19:16:00Z,29.5,2026-06-04T18:31:00Z,46.6,2026-06-04T18:57:00Z,2,2026-06-04T18:21:00Z,39.4,2026-06-04T03:43:00Z,0,2026-06-09T04:39:00Z,0,2026-06-06T13:11:00Z
TX2-02593,2026-06-05T01:16:00Z,0,33.87,2026-06-05T01:16:00Z,55.4,2026-06-04T21:04:00Z,34.8,2026-06-05T00:57:00Z,3,2026-06-05T00:47:00Z,37.7,2026-06-04T13:50:00Z,0,2026-06-14T17:30:00Z,0,2026-06-06T07:23:00Z
TX2-02594,2026-06-05T02:28:00Z,0,14.6,2026-06-05T02:28:00Z,49.5,2026-06-05T01:54:00Z,29.9,2026-06-05T02:26:00Z,0,2026-06-05T02:16:00Z,40.4,2026-06-05T10:28:00Z,0,2026-06-14T19:07:00Z,1,2026-06-06T04:40:00Z
TX2-02595,2026-06-05T04:35:00Z,0,61.24,2026-06-05T04:35:00Z,43.0,2026-06-05T02:13:00Z,14.6,2026-06-05T04:21:00Z,4,2026-06-05T04:17:00Z,25.5,2026-06-04T23:00:00Z,0,2026-06-09T22:19:00Z,0,2026-06-06T13:48:00Z
TX2-02596,2026-06-05T06:11:00Z,0,19.19,2026-06-05T06:11:00Z,38.0,2026-06-05T02:34:00Z,39.5,2026-06-05T06:02:00Z,2,2026-06-05T05:23:00Z,36.2,2026-06-04T23:27:00Z,0,2026-06-13T07:58:00Z,0,2026-06-07T21:53:00Z
TX2-02597,2026-06-05T06:54:00Z,0,149.81,2026-06-05T06:54:00Z,48.7,2026-06-05T04:33:00Z,22.8,2026-06-05T06:39:00Z,5,2026-06-05T06:26:00Z,35.4,2026-06-05T05:05:00Z,0,2026-06-12T21:40:00Z,0,2026-06-07T22:20:00Z
TX2-02598,2026-06-05T07:39:00Z,0,18.6,2026-06-05T07:39:00Z,54.0,2026-06-05T03:26:00Z,55.0,2026-06-05T07:17:00Z,1,2026-06-05T07:05:00Z,28.0,2026-06-04T15:41:00Z,0,2026-06-09T22:25:00Z,0,2026-06-07T18:11:00Z
TX2-02599,2026-06-05T08:35:00Z,0,76.66,2026-06-05T08:35:00Z,55.7,2026-06-05T07:16:00Z,41.4,2026-06-05T08:15:00Z,0,2026-06-05T07:55:00Z,17.1,2026-06-05T02:09:00Z,0,2026-06-08T16:55:00Z,0,2026-06-06T19:27:00Z
TX2-02600,2026-06-05T13:45:00Z,1,72.58,2026-06-05T13:45:00Z,66.6,2026-06-05T08:32:00Z,36.3,2026-06-05T13:32:00Z,3,2026-06-05T12:49:00Z,25.6,2026-06-05T04:53:00Z,0,2026-06-13T06:21:00Z,2,2026-06-07T08:40:00Z
TX2-02601,2026-06-05T14:39:00Z,0,81.35,2026-06-05T14:39:00Z,52.5,2026-06-05T11:03:00Z,28.9,2026-06-05T14:20:00Z,2,2026-06-05T14:29:00Z,16.0,2026-06-04T21:04:00Z,0,2026-06-09T13:49:00Z,0,2026-06-07T12:13:00Z
TX2-02602,2026-06-05T14:52:00Z,0,196.57,2026-06-05T14:52:00Z,54.0,2026-06-05T09:43:00Z,37.0,2026-06-05T14:27:00Z,6,2026-06-05T14:25:00Z,25.1,2026-06-04T19:39:00Z,0,2026-06-13T16:10:00Z,0,2026-06-07T03:07:00Z
TX2-02603,2026-06-05T16:14:00Z,0,15.24,2026-06-05T16:14:00Z,23.8,2026-06-05T10:28:00Z,52.3,2026-06-05T16:10:00Z,1,2026-06-05T16:07:00Z,28.0,2026-06-05T09:20:00Z,0,2026-06-12T01:21:00Z,1,2026-06-06T16:41:00Z
TX2-02604,2026-06-05T16:45:00Z,1,151.56,2026-06-05T16:45:00Z,60.6,2026-06-05T15:42:00Z,39.8,2026-06-05T16:39:00Z,5,2026-06-05T16:29:00Z,25.8,2026-06-05T11:15:00Z,1,2026-06-15T00:07:00Z,2,2026-06-07T16:32:00Z
TX2-02605,2026-06-05T17:27:00Z,0,37.6,2026-06-05T17:27:00Z,40.1,2026-06-05T12:46:00Z,30.3,2026-06-05T16:58:00Z,2,2026-06-05T17:12:00Z,28.4,2026-06-04T22:33:00Z,0,2026-06-11T09:35:00Z,1,2026-06-07T12:34:00Z
TX2-02606,2026-06-05T18:49:00Z,1,44.94,2026-06-05T18:49:00Z,44.1,2026-06-05T17:52:00Z,42.2,2026-06-05T18:33:00Z,2,2026-06-05T18:47:00Z,21.0,2026-06-05T10:20:00Z,1,2026-06-11T02:26:00Z,2,2026-06-07T11:18:00Z
TX2-02607,2026-06-05T23:05:00Z,0,107.92,2026-06-05T23:05:00Z,41.6,2026-06-05T18:18:00Z,42.6,2026-06-05T22:40:00Z,3,2026-06-05T22:19:00Z,38.2,2026-06-05T09:41:00Z,0,2026-06-15T19:52:00Z,0,2026-06-08T02:01:00Z
TX2-02608,2026-06-05T23:13:00Z,0,67.09,2026-06-05T23:13:00Z,57.9,2026-06-05T21:49:00Z,43.3,2026-06-05T23:04:00Z,5,2026-06-05T22:44:00Z,39.4,2026-06-05T05:39:00Z,0,2026-06-15T20:03:00Z,0,2026-06-08T01:37:00Z
TX2-02609,2026-06-06T00:15:00Z,0,139.45,2026-06-06T00:15:00Z,50.9,2026-06-05T21:08:00Z,34.8,2026-06-06T00:07:00Z,1,2026-06-05T23:56:00Z,35.3,2026-06-06T05:36:00Z,0,2026-06-14T13:39:00Z,0,2026-06-07T22:47:00Z
TX2-02610,2026-06-06T03:09:00Z,0,49.78,2026-06-06T03:09:00Z,34.6,2026-06-05T21:42:00Z,45.7,2026-06-06T02:40:00Z,2,2026-06-06T02:47:00Z,33.0,2026-06-05T11:22:00Z,0,2026-06-12T16:51:00Z,0,2026-06-07T09:47:00Z
TX2-02611,2026-06-06T05:35:00Z,0,84.23,2026-06-06T05:35:00Z,58.4,2026-06-05T23:58:00Z,34.2,2026-06-06T05:12:00Z,2,2026-06-06T05:25:00Z,24.1,2026-06-05T20:32:00Z,0,2026-06-09T07:49:00Z,0,2026-06-08T00:43:00Z
TX2-02612,2026-06-06T05:54:00Z,0,35.76,2026-06-06T05:54:00Z,56.1,2026-06-06T03:01:00Z,28.1,2026-06-06T05:44:00Z,0,2026-06-06T04:55:00Z,31.2,2026-06-05T18:33:00Z,0,2026-06-15T08:57:00Z,0,2026-06-08T10:54:00Z
TX2-02613,2026-06-06T07:46:00Z,0,186.99,2026-06-06T07:46:00Z,83.4,2026-06-06T03:14:00Z,54.2,2026-06-06T07:17:00Z,5,2026-06-06T07:21:00Z,36.0,2026-06-06T16:40:00Z,0,2026-06-13T17:06:00Z,1,2026-06-07T17:23:00Z
TX2-02614,2026-06-06T08:13:00Z,0,166.0,2026-06-06T08:13:00Z,53.9,2026-06-06T06:47:00Z,44.0,2026-06-06T08:02:00Z,0,2026-06-06T07:17:00Z,37.8,2026-06-06T15:01:00Z,0,2026-06-11T15:58:00Z,1,2026-06-08T22:06:00Z
TX2-02615,2026-06-06T08:37:00Z,0,39.29,2026-06-06T08:37:00Z,43.8,2026-06-06T07:15:00Z,29.2,2026-06-06T08:21:00Z,1,2026-06-06T08:02:00Z,38.5,2026-06-05T13:39:00Z,0,2026-06-15T22:16:00Z,1,2026-06-07T09:44:00Z
TX2-02616,2026-06-06T08:56:00Z,0,20.66,2026-06-06T08:56:00Z,34.3,2026-06-06T05:40:00Z,19.9,2026-06-06T08:46:00Z,4,2026-06-06T08:01:00Z,31.8,2026-06-06T04:40:00Z,0,2026-06-11T01:19:00Z,0,2026-06-08T23:40:00Z
TX2-02617,2026-06-06T12:15:00Z,0,32.36,2026-06-06T12:15:00Z,56.5,2026-06-06T07:45:00Z,41.2,2026-06-06T11:47:00Z,3,2026-06-06T12:04:00Z,30.9,2026-06-06T03:13:00Z,0,2026-06-15T14:04:00Z,0,2026-06-08T17:36:00Z
TX2-02618,2026-06-06T14:51:00Z,0,34.74,2026-06-06T14:51:00Z,29.4,2026-06-06T13:24:00Z,43.8,2026-06-06T14:41:00Z,3,2026-06-06T14:41:00Z,31.6,2026-06-06T11:54:00Z,0,2026-06-10T07:56:00Z,0,2026-06-08T05:07:00Z
TX2-02619,2026-06-06T16:06:00Z,0,253.09,2026-06-06T16:06:00Z,55.7,2026-06-06T10:40:00Z,46.7,2026-06-06T15:42:00Z,1,2026-06-06T15:23:00Z,24.7,2026-06-05T20:15:00Z,0,2026-06-15T19:11:00Z,0,2026-06-08T22:51:00Z
TX2-02620,2026-06-06T16:17:00Z,0,114.1,2026-06-06T16:17:00Z,64.7,2026-06-06T14:29:00Z,68.8,2026-06-06T16:05:00Z,4,2026-06-06T15:27:00Z,30.7,2026-06-05T22:31:00Z,0,2026-06-12T14:26:00Z,0,2026-06-08T15:49:00Z
TX2-02621,2026-06-06T16:53:00Z,0,41.29,2026-06-06T16:53:00Z,13.3,2026-06-06T12:46:00Z,39.7,2026-06-06T16:35:00Z,1,2026-06-06T16:19:00Z,30.2,2026-06-06T00:48:00Z,0,2026-06-15T13:41:00Z,0,2026-06-08T19:44:00Z
TX2-02622,2026-06-06T21:39:00Z,0,81.44,2026-06-06T21:39:00Z,27.1,2026-06-06T19:35:00Z,22.9,2026-06-06T21:34:00Z,4,2026-06-06T21:05:00Z,22.1,2026-06-06T06:38:00Z,0,2026-06-11T00:44:00Z,0,2026-06-08T03:12:00Z
TX2-02623,2026-06-06T22:14:00Z,0,168.69,2026-06-06T22:14:00Z,47.6,2026-06-06T19:30:00Z,44.4,2026-06-06T22:12:00Z,4,2026-06-06T21:54:00Z,23.9,2026-06-06T03:01:00Z,0,2026-06-14T18:28:00Z,0,2026-06-09T01:54:00Z
TX2-02624,2026-06-06T22:32:00Z,1,72.55,2026-06-06T22:32:00Z,57.0,2026-06-06T19:20:00Z,23.7,2026-06-06T22:22:00Z,8,2026-06-06T22:18:00Z,39.9,2026-06-06T18:53:00Z,1,2026-06-15T20:43:00Z,2,2026-06-08T14:50:00Z
TX2-02625,2026-06-07T03:05:00Z,0,73.51,2026-06-07T03:05:00Z,56.3,2026-06-06T22:23:00Z,49.0,2026-06-07T02:43:00Z,4,2026-06-07T02:29:00Z,18.4,2026-06-06T21:47:00Z,0,2026-06-12T14:59:00Z,0,2026-06-10T02:08:00Z
TX2-02626,2026-06-07T03:40:00Z,0,147.06,2026-06-07T03:40:00Z,47.3,2026-06-07T01:04:00Z,44.5,2026-06-07T03:20:00Z,2,2026-06-07T02:56:00Z,31.0,2026-06-06T16:34:00Z,0,2026-06-12T16:51:00Z,0,2026-06-09T03:11:00Z
TX2-02627,2026-06-07T04:02:00Z,0,91.31,2026-06-07T04:02:00Z,29.1,2026-06-07T01:40:00Z,39.6,2026-06-07T03:39:00Z,1,2026-06-07T04:00:00Z,24.5,2026-06-06T08:55:00Z,0,2026-06-10T20:11:00Z,0,2026-06-10T03:03:00Z
TX2-02628,2026-06-07T05:00:00Z,0,167.08,2026-06-07T05:00:00Z,29.0,2026-06-07T01:43:00Z,54.2,2026-06-07T04:42:00Z,2,2026-06-07T04:05:00Z,21.5,2026-06-06T17:24:00Z,0,2026-06-15T02:22:00Z,0,2026-06-09T03:01:00Z
TX2-02629,2026-06-07T05:53:00Z,0,88.11,2026-06-07T05:53:00Z,46.1,2026-06-07T04:24:00Z,36.7,2026-06-07T05:28:00Z,5,2026-06-07T05:01:00Z,24.2,2026-06-06T15:33:00Z,0,2026-06-16T10:36:00Z,0,2026-06-10T00:41:00Z
TX2-02630,2026-06-07T06:34:00Z,0,68.44,2026-06-07T06:34:00Z,37.4,2026-06-07T05:12:00Z,34.4,2026-06-07T06:14:00Z,2,2026-06-07T06:20:00Z,37.7,2026-06-07T05:05:00Z,0,2026-06-17T05:04:00Z,0,2026-06-08T18:38:00Z
TX2-02631,2026-06-07T08:43:00Z,0,71.45,2026-06-07T08:43:00Z,23.4,2026-06-07T05:09:00Z,54.0,2026-06-07T08:35:00Z,4,2026-06-07T08:08:00Z,26.1,2026-06-07T02:33:00Z,0,2026-06-13T07:15:00Z,0,2026-06-09T19:05:00Z
TX2-02632,2026-06-07T09:23:00Z,0,153.08,2026-06-07T09:23:00Z,46.2,2026-06-07T05:15:00Z,16.6,2026-06-07T08:59:00Z,2,2026-06-07T08:26:00Z,33.4,2026-06-06T20:05:00Z,0,2026-06-13T11:30:00Z,1,2026-06-09T12:46:00Z
TX2-02633,2026-06-07T09:54:00Z,1,50.55,2026-06-07T09:54:00Z,57.5,2026-06-07T06:12:00Z,65.8,2026-06-07T09:44:00Z,6,2026-06-07T09:38:00Z,43.8,2026-06-07T02:16:00Z,1,2026-06-12T01:41:00Z,2,2026-06-09T10:36:00Z
TX2-02634,2026-06-07T10:24:00Z,0,162.73,2026-06-07T10:24:00Z,67.3,2026-06-07T06:05:00Z,53.9,2026-06-07T09:55:00Z,2,2026-06-07T09:48:00Z,25.6,2026-06-07T15:31:00Z,0,2026-06-11T05:53:00Z,0,2026-06-08T14:37:00Z
TX2-02635,2026-06-07T10:55:00Z,0,33.51,2026-06-07T10:55:00Z,44.7,2026-06-07T08:10:00Z,34.9,2026-06-07T10:33:00Z,2,2026-06-07T10:06:00Z,34.9,2026-06-06T21:59:00Z,0,2026-06-16T11:10:00Z,0,2026-06-08T20:08:00Z
TX2-02636,2026-06-07T11:10:00Z,0,47.67,2026-06-07T11:10:00Z,41.5,2026-06-07T06:59:00Z,33.3,2026-06-07T11:08:00Z,1,2026-06-07T10:46:00Z,25.3,2026-06-07T01:59:00Z,0,2026-06-13T15:54:00Z,0,2026-06-09T21:20:00Z
TX2-02637,2026-06-07T11:10:00Z,0,33.05,2026-06-07T11:10:00Z,51.5,2026-06-07T09:32:00Z,45.7,2026-06-07T10:58:00Z,4,2026-06-07T10:45:00Z,39.0,2026-06-06T18:36:00Z,0,2026-06-14T21:34:00Z,1,2026-06-08T23:29:00Z
TX2-02638,2026-06-07T12:19:00Z,0,25.21,2026-06-07T12:19:00Z,39.8,2026-06-07T06:43:00Z,26.1,2026-06-07T12:05:00Z,3,2026-06-07T12:14:00Z,38.9,2026-06-07T18:23:00Z,0,2026-06-13T22:28:00Z,0,2026-06-08T18:00:00Z
TX2-02639,2026-06-07T12:34:00Z,0,124.18,2026-06-07T12:34:00Z,69.7,2026-06-07T08:56:00Z,33.2,2026-06-07T12:15:00Z,5,2026-06-07T11:37:00Z,50.0,2026-06-06T19:16:00Z,0,2026-06-12T08:58:00Z,0,2026-06-09T10:12:00Z
TX2-02640,2026-06-07T15:46:00Z,0,12.37,2026-06-07T15:46:00Z,74.9,2026-06-07T11:35:00Z,32.7,2026-06-07T15:25:00Z,3,2026-06-07T15:05:00Z,23.4,2026-06-07T09:09:00Z,0,2026-06-11T07:34:00Z,1,2026-06-08T23:27:00Z
TX2-02641,2026-06-07T17:09:00Z,0,39.71,2026-06-07T17:09:00Z,32.5,2026-06-07T15:42:00Z,35.6,2026-06-07T16:59:00Z,0,2026-06-07T16:56:00Z,25.1,2026-06-07T06:09:00Z,0,2026-06-17T02:55:00Z,0,2026-06-09T11:09:00Z
TX2-02642,2026-06-07T17:58:00Z,0,13.1,2026-06-07T17:58:00Z,68.1,2026-06-07T14:03:00Z,51.9,2026-06-07T17:56:00Z,1,2026-06-07T17:20:00Z,29.1,2026-06-07T04:18:00Z,0,2026-06-13T02:52:00Z,0,2026-06-09T02:23:00Z
TX2-02643,2026-06-08T00:03:00Z,0,26.09,2026-06-08T00:03:00Z,59.6,2026-06-07T21:42:00Z,31.9,2026-06-07T23:42:00Z,0,2026-06-07T23:58:00Z,33.6,2026-06-07T11:07:00Z,0,2026-06-17T00:15:00Z,1,2026-06-10T15:32:00Z
TX2-02644,2026-06-08T00:46:00Z,0,6.36,2026-06-08T00:46:00Z,89.7,2026-06-07T20:19:00Z,35.1,2026-06-08T00:32:00Z,0,2026-06-07T23:50:00Z,28.1,2026-06-07T22:22:00Z,0,2026-06-11T22:15:00Z,0,2026-06-10T11:32:00Z
TX2-02645,2026-06-08T02:27:00Z,0,40.03,2026-06-08T02:27:00Z,57.4,2026-06-08T02:20:00Z,42.7,2026-06-08T02:11:00Z,3,2026-06-08T01:27:00Z,26.9,2026-06-07T16:09:00Z,0,2026-06-17T09:38:00Z,0,2026-06-10T06:16:00Z
TX2-02646,2026-06-08T03:57:00Z,0,99.21,2026-06-08T03:57:00Z,43.7,2026-06-08T03:40:00Z,33.2,2026-06-08T03:53:00Z,2,2026-06-08T03:20:00Z,28.1,2026-06-08T02:37:00Z,0,2026-06-13T18:41:00Z,0,2026-06-10T21:05:00Z
TX2-02647,2026-06-08T06:37:00Z,0,36.09,2026-06-08T06:37:00Z,37.2,2026-06-08T06:23:00Z,45.2,2026-06-08T06:15:00Z,4,2026-06-08T05:43:00Z,32.0,2026-06-07T17:12:00Z,0,2026-06-16T11:04:00Z,0,2026-06-10T23:36:00Z
TX2-02648,2026-06-08T07:02:00Z,0,84.83,2026-06-08T07:02:00Z,64.9,2026-06-08T05:40:00Z,39.9,2026-06-08T06:42:00Z,2,2026-06-08T06:52:00Z,30.9,2026-06-08T05:08:00Z,0,2026-06-13T15:00:00Z,0,2026-06-10T12:32:00Z
TX2-02649,2026-06-08T10:20:00Z,0,13.18,2026-06-08T10:20:00Z,25.2,2026-06-08T06:33:00Z,40.2,2026-06-08T09:54:00Z,3,2026-06-08T10:01:00Z,34.9,2026-06-07T16:55:00Z,0,2026-06-12T00:45:00Z,0,2026-06-10T06:21:00Z
TX2-02650,2026-06-08T13:45:00Z,0,30.08,2026-06-08T13:45:00Z,50.9,2026-06-08T11:03:00Z,31.2,2026-06-08T13:36:00Z,2,2026-06-08T13:11:00Z,29.1,2026-06-08T11:54:00Z,0,2026-06-15T22:26:00Z,0,2026-06-11T06:46:00Z
TX2-02651,2026-06-08T14:04:00Z,0,88.46,2026-06-08T14:04:00Z,59.5,2026-06-08T11:11:00Z,43.5,2026-06-08T13:36:00Z,2,2026-06-08T13:45:00Z,36.6,2026-06-08T20:17:00Z,0,2026-06-11T14:27:00Z,0,2026-06-10T15:35:00Z
TX2-02652,2026-06-08T14:20:00Z,0,230.73,2026-06-08T14:20:00Z,56.2,2026-06-08T10:56:00Z,45.0,2026-06-08T13:57:00Z,2,2026-06-08T13:29:00Z,32.4,2026-06-08T08:35:00Z,0,2026-06-14T06:36:00Z,0,2026-06-10T15:46:00Z
TX2-02653,2026-06-08T14:22:00Z,0,351.35,2026-06-08T14:22:00Z,31.8,2026-06-08T12:28:00Z,51.6,2026-06-08T14:04:00Z,5,2026-06-08T14:12:00Z,26.1,2026-06-08T08:24:00Z,0,2026-06-12T12:50:00Z,0,2026-06-10T02:10:00Z
TX2-02654,2026-06-08T14:44:00Z,0,7.63,2026-06-08T14:44:00Z,45.8,2026-06-08T10:36:00Z,29.5,2026-06-08T14:27:00Z,0,2026-06-08T13:55:00Z,35.8,2026-06-08T05:29:00Z,0,2026-06-17T15:33:00Z,2,2026-06-10T09:09:00Z
TX2-02655,2026-06-08T15:58:00Z,0,45.93,2026-06-08T15:58:00Z,49.1,2026-06-08T13:58:00Z,27.5,2026-06-08T15:41:00Z,4,2026-06-08T15:30:00Z,29.6,2026-06-08T14:10:00Z,0,2026-06-14T18:25:00Z,0,2026-06-10T14:25:00Z
TX2-02656,2026-06-08T16:59:00Z,0,34.81,2026-06-08T16:59:00Z,48.8,2026-06-08T16:48:00Z,24.1,2026-06-08T16:48:00Z,0,2026-06-08T16:27:00Z,35.1,2026-06-08T14:44:00Z,0,2026-06-15T13:51:00Z,0,2026-06-11T06:57:00Z
TX2-02657,2026-06-08T17:07:00Z,0,155.21,2026-06-08T17:07:00Z,42.5,2026-06-08T16:39:00Z,36.1,2026-06-08T16:40:00Z,0,2026-06-08T16:58:00Z,8.9,2026-06-08T03:51:00Z,0,2026-06-13T19:31:00Z,0,2026-06-09T18:04:00Z
TX2-02658,2026-06-08T22:44:00Z,0,10.88,2026-06-08T22:44:00Z,50.1,2026-06-08T19:02:00Z,40.8,2026-06-08T22:35:00Z,1,2026-06-08T22:14:00Z,27.4,2026-06-08T05:06:00Z,0,2026-06-16T17:40:00Z,0,2026-06-10T05:13:00Z
TX2-02659,2026-06-09T01:10:00Z,0,19.53,2026-06-09T01:10:00Z,22.4,2026-06-09T00:09:00Z,45.4,2026-06-09T01:00:00Z,1,2026-06-09T01:04:00Z,36.1,2026-06-09T08:28:00Z,0,2026-06-15T18:48:00Z,0,2026-06-11T05:28:00Z
TX2-02660,2026-06-09T01:23:00Z,0,65.71,2026-06-09T01:23:00Z,46.1,2026-06-08T19:34:00Z,27.4,2026-06-09T00:54:00Z,3,2026-06-09T00:30:00Z,15.1,2026-06-08T17:04:00Z,0,2026-06-14T20:09:00Z,0,2026-06-11T07:58:00Z
TX2-02661,2026-06-09T01:45:00Z,0,24.54,2026-06-09T01:45:00Z,46.3,2026-06-08T22:20:00Z,41.8,2026-06-09T01:41:00Z,4,2026-06-09T01:36:00Z,36.0,2026-06-08T09:01:00Z,0,2026-06-15T19:30:00Z,0,2026-06-12T00:58:00Z
TX2-02662,2026-06-09T02:22:00Z,0,25.92,2026-06-09T02:22:00Z,40.8,2026-06-09T01:32:00Z,34.0,2026-06-09T02:08:00Z,0,2026-06-09T02:13:00Z,45.2,2026-06-08T10:31:00Z,0,2026-06-14T04:10:00Z,0,2026-06-11T02:01:00Z
TX2-02663,2026-06-09T04:55:00Z,0,55.8,2026-06-09T04:55:00Z,46.9,2026-06-09T02:07:00Z,47.0,2026-06-09T04:35:00Z,0,2026-06-09T04:18:00Z,21.1,2026-06-08T23:51:00Z,0,2026-06-18T16:44:00Z,0,2026-06-11T01:27:00Z
TX2-02664,2026-06-09T05:32:00Z,0,83.01,2026-06-09T05:32:00Z,47.9,2026-06-09T01:45:00Z,29.6,2026-06-09T05:04:00Z,1,2026-06-09T04:38:00Z,29.7,2026-06-08T13:51:00Z,0,2026-06-17T14:15:00Z,0,2026-06-10T21:54:00Z
TX2-02665,2026-06-09T07:28:00Z,1,23.17,2026-06-09T07:28:00Z,54.2,2026-06-09T03:27:00Z,39.9,2026-06-09T07:25:00Z,6,2026-06-09T06:35:00Z,35.8,2026-06-08T15:31:00Z,1,2026-06-14T21:50:00Z,2,2026-06-10T07:42:00Z
TX2-02666,2026-06-09T09:38:00Z,0,77.19,2026-06-09T09:38:00Z,50.9,2026-06-09T05:45:00Z,46.8,2026-06-09T09:35:00Z,2,2026-06-09T09:32:00Z,25.1,2026-06-08T13:43:00Z,0,2026-06-17T00:19:00Z,0,2026-06-10T22:25:00Z
TX2-02667,2026-06-09T19:58:00Z,0,32.5,2026-06-09T19:58:00Z,40.7,2026-06-09T15:52:00Z,53.4,2026-06-09T19:35:00Z,3,2026-06-09T19:48:00Z,37.5,2026-06-09T14:54:00Z,0,2026-06-14T06:54:00Z,0,2026-06-12T17:55:00Z
TX2-02668,2026-06-09T20:39:00Z,0,36.63,2026-06-09T20:39:00Z,45.0,2026-06-09T15:36:00Z,37.8,2026-06-09T20:26:00Z,0,2026-06-09T20:05:00Z,29.5,2026-06-09T03:39:00Z,0,2026-06-12T22:13:00Z,0,2026-06-11T12:06:00Z
TX2-02669,2026-06-09T20:45:00Z,0,36.4,2026-06-09T20:45:00Z,43.7,2026-06-09T16:40:00Z,32.5,2026-06-09T20:42:00Z,0,2026-06-09T20:06:00Z,26.2,2026-06-09T03:06:00Z,0,2026-06-14T13:18:00Z,1,2026-06-11T08:17:00Z
TX2-02670,2026-06-09T23:02:00Z,0,77.06,2026-06-09T23:02:00Z,66.9,2026-06-09T18:28:00Z,37.8,2026-06-09T22:48:00Z,0,2026-06-09T22:24:00Z,32.0,2026-06-09T14:46:00Z,0,2026-06-19T20:50:00Z,0,2026-06-11T07:30:00Z
TX2-02671,2026-06-09T23:36:00Z,0,142.38,2026-06-09T23:36:00Z,44.3,2026-06-09T21:49:00Z,46.6,2026-06-09T23:12:00Z,3,2026-06-09T22:49:00Z,31.1,2026-06-09T04:56:00Z,0,2026-06-17T01:48:00Z,0,2026-06-12T06:37:00Z
TX2-02672,2026-06-10T00:02:00Z,0,24.72,2026-06-10T00:02:00Z,42.9,2026-06-09T18:28:00Z,37.0,2026-06-09T23:38:00Z,3,2026-06-09T23:46:00Z,25.4,2026-06-09T21:26:00Z,0,2026-06-18T23:58:00Z,0,2026-06-12T06:51:00Z
TX2-02673,2026-06-10T01:11:00Z,0,55.36,2026-06-10T01:11:00Z,62.7,2026-06-09T20:07:00Z,24.0,2026-06-10T01:08:00Z,1,2026-06-10T00:41:00Z,12.1,2026-06-09T14:05:00Z,0,2026-06-20T00:05:00Z,0,2026-06-11T10:21:00Z
TX2-02674,2026-06-10T02:09:00Z,0,29.53,2026-06-10T02:09:00Z,23.2,2026-06-09T22:02:00Z,31.8,2026-06-10T01:50:00Z,2,2026-06-10T01:21:00Z,25.4,2026-06-09T16:15:00Z,0,2026-06-13T21:43:00Z,0,2026-06-12T08:50:00Z
TX2-02675,2026-06-10T02:48:00Z,0,12.4,2026-06-10T02:48:00Z,40.4,2026-06-10T00:47:00Z,36.5,2026-06-10T02:22:00Z,3,2026-06-10T02:30:00Z,35.1,2026-06-09T20:44:00Z,0,2026-06-17T23:06:00Z,0,2026-06-11T05:15:00Z
TX2-02676,2026-06-10T03:00:00Z,0,83.87,2026-06-10T03:00:00Z,65.4,2026-06-09T21:54:00Z,31.0,2026-06-10T02:40:00Z,4,2026-06-10T02:25:00Z,32.6,2026-06-09T22:29:00Z,0,2026-06-18T20:59:00Z,1,2026-06-11T18:11:00Z
TX2-02677,2026-06-10T03:06:00Z,0,46.39,2026-06-10T03:06:00Z,43.3,2026-06-09T22:13:00Z,35.5,2026-06-10T02:37:00Z,3,2026-06-10T03:02:00Z,16.7,2026-06-09T07:20:00Z,0,2026-06-15T00:54:00Z,0,2026-06-11T06:12:00Z
TX2-02678,2026-06-10T04:17:00Z,0,12.22,2026-06-10T04:17:00Z,52.5,2026-06-09T22:42:00Z,43.3,2026-06-10T03:52:00Z,1,2026-06-10T03:48:00Z,22.1,2026-06-09T11:56:00Z,0,2026-06-17T09:04:00Z,1,2026-06-11T23:51:00Z
TX2-02679,2026-06-10T04:31:00Z,0,24.8,2026-06-10T04:31:00Z,49.2,2026-06-10T00:31:00Z,23.6,2026-06-10T04:04:00Z,1,2026-06-10T03:40:00Z,25.2,2026-06-09T11:45:00Z,0,2026-06-18T05:29:00Z,0,2026-06-12T12:03:00Z
TX2-02680,2026-06-10T05:57:00Z,1,106.03,2026-06-10T05:57:00Z,78.0,2026-06-10T04:35:00Z,60.9,2026-06-10T05:39:00Z,6,2026-06-10T05:18:00Z,22.2,2026-06-09T23:32:00Z,1,2026-06-17T01:20:00Z,2,2026-06-11T07:11:00Z
TX2-02681,2026-06-10T06:15:00Z,1,265.23,2026-06-10T06:15:00Z,55.6,2026-06-10T02:16:00Z,38.6,2026-06-10T06:08:00Z,2,2026-06-10T05:41:00Z,24.7,2026-06-09T22:35:00Z,1,2026-06-18T16:52:00Z,2,2026-06-12T22:55:00Z
TX2-02682,2026-06-10T06:59:00Z,0,36.45,2026-06-10T06:59:00Z,49.5,2026-06-10T03:53:00Z,39.6,2026-06-10T06:54:00Z,4,2026-06-10T06:27:00Z,25.4,2026-06-10T11:47:00Z,0,2026-06-16T20:40:00Z,0,2026-06-13T03:13:00Z
TX2-02683,2026-06-10T08:24:00Z,0,27.21,2026-06-10T08:24:00Z,54.6,2026-06-10T05:02:00Z,41.3,2026-06-10T08:09:00Z,2,2026-06-10T07:39:00Z,32.9,2026-06-09T23:23:00Z,0,2026-06-17T19:51:00Z,0,2026-06-11T20:40:00Z
TX2-02684,2026-06-10T09:29:00Z,0,113.75,2026-06-10T09:29:00Z,38.6,2026-06-10T06:03:00Z,40.6,2026-06-10T09:00:00Z,2,2026-06-10T08:29:00Z,35.3,2026-06-10T05:43:00Z,0,2026-06-13T11:49:00Z,0,2026-06-13T07:06:00Z
TX2-02685,2026-06-10T15:25:00Z,0,103.68,2026-06-10T15:25:00Z,47.3,2026-06-10T10:26:00Z,43.5,2026-06-10T15:19:00Z,1,2026-06-10T14:49:00Z,22.3,2026-06-10T16:27:00Z,0,2026-06-15T02:46:00Z,0,2026-06-11T16:42:00Z
TX2-02686,2026-06-10T15:51:00Z,0,129.43,2026-06-10T15:51:00Z,59.8,2026-06-10T10:09:00Z,17.5,2026-06-10T15:45:00Z,3,2026-06-10T14:54:00Z,34.3,2026-06-10T03:04:00Z,0,2026-06-15T19:06:00Z,0,2026-06-12T19:16:00Z
TX2-02687,2026-06-10T17:41:00Z,0,80.14,2026-06-10T17:41:00Z,49.3,2026-06-10T12:06:00Z,47.0,2026-06-10T17:28:00Z,3,2026-06-10T16:49:00Z,43.8,2026-06-10T09:03:00Z,0,2026-06-13T23:30:00Z,0,2026-06-12T19:32:00Z
TX2-02688,2026-06-10T18:56:00Z,0,55.63,2026-06-10T18:56:00Z,37.0,2026-06-10T17:11:00Z,15.3,2026-06-10T18:27:00Z,2,2026-06-10T18:29:00Z,31.3,2026-06-10T05:50:00Z,0,2026-06-14T14:52:00Z,0,2026-06-11T23:07:00Z
TX2-02689,2026-06-10T19:31:00Z,0,16.87,2026-06-10T19:31:00Z,39.8,2026-06-10T16:15:00Z,51.3,2026-06-10T19:20:00Z,6,2026-06-10T19:06:00Z,30.4,2026-06-10T00:37:00Z,0,2026-06-16T08:03:00Z,0,2026-06-12T22:24:00Z
TX2-02690,2026-06-10T22:26:00Z,0,45.93,2026-06-10T22:26:00Z,44.1,2026-06-10T20:58:00Z,37.9,2026-06-10T22:16:00Z,3,2026-06-10T21:49:00Z,30.3,2026-06-10T16:50:00Z,0,2026-06-18T14:32:00Z,0,2026-06-12T01:03:00Z
TX2-02691,2026-06-10T22:45:00Z,0,57.65,2026-06-10T22:45:00Z,56.8,2026-06-10T20:32:00Z,40.2,2026-06-10T22:38:00Z,1,2026-06-10T22:02:00Z,30.5,2026-06-10T08:02:00Z,0,2026-06-17T13:32:00Z,0,2026-06-13T08:46:00Z
TX2-02692,2026-06-10T23:41:00Z,0,15.81,2026-06-10T23:41:00Z,60.3,2026-06-10T22:32:00Z,39.3,2026-06-10T23:33:00Z,3,2026-06-10T23:37:00Z,29.6,2026-06-10T04:32:00Z,0,2026-06-18T18:53:00Z,0,2026-06-13T02:31:00Z
TX2-02693,2026-06-11T00:13:00Z,0,30.4,2026-06-11T00:13:00Z,67.1,2026-06-10T23:52:00Z,26.8,2026-06-10T23:45:00Z,3,2026-06-10T23:15:00Z,30.3,2026-06-10T17:49:00Z,0,2026-06-20T17:05:00Z,0,2026-06-12T07:16:00Z
TX2-02694,2026-06-11T03:49:00Z,0,31.77,2026-06-11T03:49:00Z,46.0,2026-06-10T23:04:00Z,39.2,2026-06-11T03:23:00Z,3,2026-06-11T02:50:00Z,26.1,2026-06-11T10:01:00Z,0,2026-06-16T03:36:00Z,0,2026-06-13T02:52:00Z
TX2-02695,2026-06-11T03:57:00Z,0,76.99,2026-06-11T03:57:00Z,40.6,2026-06-11T01:05:00Z,58.9,2026-06-11T03:52:00Z,4,2026-06-11T03:21:00Z,29.8,2026-06-10T14:52:00Z,0,2026-06-14T12:08:00Z,1,2026-06-12T04:08:00Z
TX2-02696,2026-06-11T04:36:00Z,0,23.99,2026-06-11T04:36:00Z,57.5,2026-06-11T02:53:00Z,38.4,2026-06-11T04:16:00Z,1,2026-06-11T03:45:00Z,27.5,2026-06-11T09:55:00Z,0,2026-06-18T16:26:00Z,1,2026-06-12T17:19:00Z
TX2-02697,2026-06-11T05:15:00Z,1,191.25,2026-06-11T05:15:00Z,72.9,2026-06-11T04:48:00Z,45.8,2026-06-11T04:59:00Z,0,2026-06-11T04:45:00Z,27.5,2026-06-11T03:48:00Z,1,2026-06-19T23:40:00Z,2,2026-06-13T13:43:00Z
TX2-02698,2026-06-11T09:24:00Z,0,51.77,2026-06-11T09:24:00Z,51.8,2026-06-11T04:24:00Z,52.3,2026-06-11T09:17:00Z,6,2026-06-11T08:52:00Z,16.1,2026-06-11T02:21:00Z,0,2026-06-17T07:16:00Z,0,2026-06-12T21:45:00Z
TX2-02699,2026-06-11T09:55:00Z,1,37.83,2026-06-11T09:55:00Z,70.2,2026-06-11T04:06:00Z,39.0,2026-06-11T09:31:00Z,2,2026-06-11T09:36:00Z,40.5,2026-06-10T15:05:00Z,1,2026-06-18T13:04:00Z,2,2026-06-13T06:34:00Z
TX2-02700,2026-06-11T10:14:00Z,0,450.53,2026-06-11T10:14:00Z,51.7,2026-06-11T08:20:00Z,62.6,2026-06-11T09:51:00Z,0,2026-06-11T10:03:00Z,24.2,2026-06-11T07:33:00Z,0,2026-06-21T06:59:00Z,0,2026-06-13T05:16:00Z
TX2-02701,2026-06-11T11:07:00Z,1,310.49,2026-06-11T11:07:00Z,69.1,2026-06-11T11:02:00Z,39.8,2026-06-11T10:52:00Z,1,2026-06-11T10:45:00Z,40.3,2026-06-10T21:02:00Z,1,2026-06-21T04:26:00Z,2,2026-06-12T17:36:00Z
TX2-02702,2026-06-11T11:26:00Z,0,31.09,2026-06-11T11:26:00Z,78.1,2026-06-11T10:47:00Z,38.9,2026-06-11T11:09:00Z,3,2026-06-11T10:47:00Z,29.8,2026-06-11T06:26:00Z,0,2026-06-17T17:18:00Z,0,2026-06-14T06:58:00Z
TX2-02703,2026-06-11T14:38:00Z,0,16.41,2026-06-11T14:38:00Z,78.3,2026-06-11T13:44:00Z,31.1,2026-06-11T14:29:00Z,3,2026-06-11T13:43:00Z,33.2,2026-06-11T09:44:00Z,0,2026-06-18T12:02:00Z,0,2026-06-14T14:05:00Z
TX2-02704,2026-06-11T15:32:00Z,0,69.96,2026-06-11T15:32:00Z,56.6,2026-06-11T11:26:00Z,52.3,2026-06-11T15:04:00Z,7,2026-06-11T14:50:00Z,30.2,2026-06-11T08:47:00Z,0,2026-06-15T20:19:00Z,0,2026-06-12T18:33:00Z
TX2-02705,2026-06-11T18:12:00Z,1,344.62,2026-06-11T18:12:00Z,67.2,2026-06-11T15:46:00Z,20.9,2026-06-11T18:03:00Z,3,2026-06-11T17:16:00Z,51.2,2026-06-11T07:18:00Z,1,2026-06-16T05:26:00Z,2,2026-06-13T13:04:00Z
TX2-02706,2026-06-11T19:42:00Z,0,48.48,2026-06-11T19:42:00Z,41.2,2026-06-11T17:41:00Z,44.3,2026-06-11T19:20:00Z,3,2026-06-11T18:50:00Z,29.8,2026-06-11T10:35:00Z,0,2026-06-20T15:16:00Z,0,2026-06-13T11:25:00Z
TX2-02707,2026-06-11T22:45:00Z,0,52.17,2026-06-11T22:45:00Z,42.0,2026-06-11T18:32:00Z,21.9,2026-06-11T22:44:00Z,3,2026-06-11T22:20:00Z,17.9,2026-06-11T16:47:00Z,0,2026-06-17T21:09:00Z,1,2026-06-14T19:20:00Z
TX2-02708,2026-06-12T01:17:00Z,0,61.12,2026-06-12T01:17:00Z,44.8,2026-06-11T23:57:00Z,45.5,2026-06-12T00:54:00Z,1,2026-06-12T00:49:00Z,36.2,2026-06-12T06:47:00Z,0,2026-06-22T00:37:00Z,0,2026-06-13T04:13:00Z
TX2-02709,2026-06-12T03:41:00Z,0,43.88,2026-06-12T03:41:00Z,60.7,2026-06-12T02:48:00Z,30.9,2026-06-12T03:40:00Z,0,2026-06-12T03:21:00Z,35.0,2026-06-11T15:14:00Z,0,2026-06-18T05:02:00Z,0,2026-06-13T20:24:00Z
TX2-02710,2026-06-12T08:02:00Z,0,111.49,2026-06-12T08:02:00Z,57.0,2026-06-12T03:58:00Z,58.7,2026-06-12T07:34:00Z,2,2026-06-12T07:40:00Z,33.4,2026-06-12T13:51:00Z,0,2026-06-15T08:53:00Z,0,2026-06-14T22:01:00Z
TX2-02711,2026-06-12T08:18:00Z,1,51.59,2026-06-12T08:18:00Z,43.1,2026-06-12T04:52:00Z,44.4,2026-06-12T08:14:00Z,4,2026-06-12T07:29:00Z,43.4,2026-06-12T01:08:00Z,1,2026-06-21T22:29:00Z,2,2026-06-13T17:17:00Z
TX2-02712,2026-06-12T09:02:00Z,0,28.3,2026-06-12T09:02:00Z,33.6,2026-06-12T06:00:00Z,35.0,2026-06-12T09:01:00Z,2,2026-06-12T08:37:00Z,26.9,2026-06-12T05:49:00Z,0,2026-06-18T00:25:00Z,0,2026-06-14T14:23:00Z
TX2-02713,2026-06-12T09:22:00Z,0,51.33,2026-06-12T09:22:00Z,57.4,2026-06-12T08:18:00Z,45.8,2026-06-12T08:54:00Z,2,2026-06-12T08:31:00Z,22.4,2026-06-11T18:38:00Z,0,2026-06-16T17:45:00Z,0,2026-06-14T01:44:00Z
TX2-02714,2026-06-12T09:30:00Z,0,243.63,2026-06-12T09:30:00Z,63.1,2026-06-12T08:15:00Z,44.8,2026-06-12T09:03:00Z,5,2026-06-12T08:34:00Z,32.3,2026-06-11T17:16:00Z,0,2026-06-20T05:41:00Z,0,2026-06-13T11:45:00Z
TX2-02715,2026-06-12T09:55:00Z,0,31.61,2026-06-12T09:55:00Z,62.7,2026-06-12T06:17:00Z,31.7,2026-06-12T09:37:00Z,3,2026-06-12T09:17:00Z,23.8,2026-06-12T18:12:00Z,0,2026-06-20T23:28:00Z,0,2026-06-13T10:22:00Z
TX2-02716,2026-06-12T10:21:00Z,0,26.45,2026-06-12T10:21:00Z,44.1,2026-06-12T06:47:00Z,47.7,2026-06-12T10:20:00Z,5,2026-06-12T09:29:00Z,19.4,2026-06-11T16:54:00Z,0,2026-06-18T15:49:00Z,0,2026-06-14T03:47:00Z
TX2-02717,2026-06-12T10:28:00Z,0,54.16,2026-06-12T10:28:00Z,62.8,2026-06-12T10:05:00Z,41.2,2026-06-12T10:11:00Z,3,2026-06-12T09:55:00Z,25.2,2026-06-11T20:31:00Z,0,2026-06-15T14:53:00Z,0,2026-06-13T18:04:00Z
TX2-02718,2026-06-12T10:48:00Z,0,18.39,2026-06-12T10:48:00Z,54.7,2026-06-12T09:00:00Z,32.8,2026-06-12T10:29:00Z,1,2026-06-12T10:43:00Z,37.1,2026-06-12T07:34:00Z,0,2026-06-18T02:11:00Z,0,2026-06-13T15:38:00Z
TX2-02719,2026-06-12T11:51:00Z,0,105.72,2026-06-12T11:51:00Z,51.6,2026-06-12T06:58:00Z,44.5,2026-06-12T11:22:00Z,1,2026-06-12T10:57:00Z,31.3,2026-06-11T23:08:00Z,0,2026-06-21T20:54:00Z,1,2026-06-15T02:34:00Z
TX2-02720,2026-06-12T11:55:00Z,0,18.45,2026-06-12T11:55:00Z,61.5,2026-06-12T10:28:00Z,41.8,2026-06-12T11:34:00Z,2,2026-06-12T11:37:00Z,41.2,2026-06-11T17:19:00Z,0,2026-06-17T08:52:00Z,0,2026-06-14T11:53:00Z
TX2-02721,2026-06-12T12:46:00Z,0,7.16,2026-06-12T12:46:00Z,60.6,2026-06-12T12:37:00Z,37.5,2026-06-12T12:42:00Z,0,2026-06-12T12:31:00Z,26.7,2026-06-11T18:37:00Z,0,2026-06-20T04:30:00Z,1,2026-06-15T08:56:00Z
TX2-02722,2026-06-12T16:12:00Z,0,10.49,2026-06-12T16:12:00Z,44.0,2026-06-12T10:43:00Z,49.8,2026-06-12T16:04:00Z,2,2026-06-12T15:47:00Z,26.6,2026-06-12T02:01:00Z,0,2026-06-18T18:10:00Z,0,2026-06-14T21:15:00Z
TX2-02723,2026-06-12T16:32:00Z,1,164.33,2026-06-12T16:32:00Z,36.4,2026-06-12T13:45:00Z,49.9,2026-06-12T16:18:00Z,4,2026-06-12T16:25:00Z,36.1,2026-06-12T05:39:00Z,1,2026-06-16T16:37:00Z,1,2026-06-15T01:04:00Z
TX2-02724,2026-06-12T18:32:00Z,0,7.79,2026-06-12T18:32:00Z,71.0,2026-06-12T14:38:00Z,65.2,2026-06-12T18:22:00Z,3,2026-06-12T18:11:00Z,18.3,2026-06-12T16:40:00Z,0,2026-06-15T19:16:00Z,0,2026-06-14T05:36:00Z
TX2-02725,2026-06-12T18:46:00Z,0,39.83,2026-06-12T18:46:00Z,34.3,2026-06-12T14:52:00Z,28.4,2026-06-12T18:24:00Z,1,2026-06-12T18:29:00Z,18.7,2026-06-11T23:52:00Z,0,2026-06-18T04:01:00Z,2,2026-06-14T01:15:00Z
TX2-02726,2026-06-12T20:50:00Z,0,30.07,2026-06-12T20:50:00Z,54.6,2026-06-12T20:23:00Z,36.9,2026-06-12T20:48:00Z,1,2026-06-12T20:49:00Z,19.2,2026-06-12T09:00:00Z,0,2026-06-16T16:13:00Z,0,2026-06-14T11:24:00Z
TX2-02727,2026-06-12T21:50:00Z,0,36.51,2026-06-12T21:50:00Z,60.7,2026-06-12T18:05:00Z,40.1,2026-06-12T21:39:00Z,2,2026-06-12T21:04:00Z,27.2,2026-06-13T01:10:00Z,0,2026-06-22T09:12:00Z,0,2026-06-14T14:48:00Z
TX2-02728,2026-06-13T00:55:00Z,0,147.32,2026-06-13T00:55:00Z,23.1,2026-06-13T00:11:00Z,47.9,2026-06-13T00:53:00Z,2,2026-06-13T00:30:00Z,23.9,2026-06-12T17:54:00Z,0,2026-06-16T18:31:00Z,0,2026-06-14T18:17:00Z
TX2-02729,2026-06-13T03:43:00Z,0,85.88,2026-06-13T03:43:00Z,49.7,2026-06-13T01:46:00Z,37.2,2026-06-13T03:15:00Z,2,2026-06-13T03:11:00Z,29.6,2026-06-12T17:23:00Z,0,2026-06-21T18:45:00Z,0,2026-06-15T09:39:00Z
TX2-02730,2026-06-13T04:50:00Z,0,44.46,2026-06-13T04:50:00Z,44.4,2026-06-13T00:30:00Z,31.2,2026-06-13T04:40:00Z,6,2026-06-13T04:07:00Z,24.5,2026-06-12T15:03:00Z,0,2026-06-18T05:06:00Z,0,2026-06-15T23:20:00Z
TX2-02731,2026-06-13T06:57:00Z,0,152.6,2026-06-13T06:57:00Z,54.2,2026-06-13T04:54:00Z,45.9,2026-06-13T06:27:00Z,2,2026-06-13T06:38:00Z,31.6,2026-06-12T13:26:00Z,0,2026-06-17T23:59:00Z,2,2026-06-15T06:31:00Z
TX2-02732,2026-06-13T07:34:00Z,0,163.95,2026-06-13T07:34:00Z,74.4,2026-06-13T04:57:00Z,45.0,2026-06-13T07:16:00Z,5,2026-06-13T07:16:00Z,28.5,2026-06-12T15:42:00Z,0,2026-06-17T05:44:00Z,0,2026-06-14T18:33:00Z
TX2-02733,2026-06-13T08:53:00Z,0,40.55,2026-06-13T08:53:00Z,56.6,2026-06-13T07:08:00Z,49.4,2026-06-13T08:50:00Z,2,2026-06-13T08:49:00Z,33.6,2026-06-13T03:40:00Z,0,2026-06-18T08:49:00Z,0,2026-06-14T21:14:00Z
TX2-02734,2026-06-13T10:29:00Z,0,23.68,2026-06-13T10:29:00Z,60.7,2026-06-13T07:32:00Z,37.6,2026-06-13T10:19:00Z,3,2026-06-13T09:29:00Z,23.2,2026-06-12T23:51:00Z,0,2026-06-22T04:44:00Z,1,2026-06-14T15:35:00Z
TX2-02735,2026-06-13T10:32:00Z,0,196.45,2026-06-13T10:32:00Z,52.5,2026-06-13T08:08:00Z,32.0,2026-06-13T10:12:00Z,1,2026-06-13T09:47:00Z,38.3,2026-06-13T04:03:00Z,0,2026-06-16T10:38:00Z,0,2026-06-15T13:18:00Z
TX2-02736,2026-06-13T14:11:00Z,0,38.78,2026-06-13T14:11:00Z,60.6,2026-06-13T08:56:00Z,49.9,2026-06-13T14:07:00Z,3,2026-06-13T14:08:00Z,37.9,2026-06-13T03:42:00Z,0,2026-06-19T04:50:00Z,0,2026-06-16T00:40:00Z
TX2-02737,2026-06-13T16:00:00Z,0,54.38,2026-06-13T16:00:00Z,55.8,2026-06-13T10:43:00Z,53.9,2026-06-13T15:50:00Z,4,2026-06-13T15:53:00Z,19.6,2026-06-12T21:30:00Z,0,2026-06-17T15:13:00Z,0,2026-06-15T15:35:00Z
TX2-02738,2026-06-13T17:57:00Z,0,12.84,2026-06-13T17:57:00Z,22.6,2026-06-13T12:22:00Z,30.0,2026-06-13T17:37:00Z,3,2026-06-13T17:52:00Z,43.0,2026-06-13T13:02:00Z,0,2026-06-18T23:53:00Z,0,2026-06-15T13:27:00Z
TX2-02739,2026-06-13T21:43:00Z,0,44.53,2026-06-13T21:43:00Z,37.7,2026-06-13T18:38:00Z,46.2,2026-06-13T21:32:00Z,2,2026-06-13T21:30:00Z,23.8,2026-06-14T04:22:00Z,0,2026-06-23T00:42:00Z,0,2026-06-15T07:42:00Z
TX2-02740,2026-06-13T22:35:00Z,0,201.29,2026-06-13T22:35:00Z,59.6,2026-06-13T19:27:00Z,51.5,2026-06-13T22:33:00Z,1,2026-06-13T22:01:00Z,35.9,2026-06-13T07:22:00Z,0,2026-06-17T16:00:00Z,1,2026-06-15T07:05:00Z
TX2-02741,2026-06-13T23:25:00Z,0,66.85,2026-06-13T23:25:00Z,65.7,2026-06-13T22:46:00Z,44.7,2026-06-13T23:08:00Z,4,2026-06-13T22:45:00Z,13.9,2026-06-14T07:15:00Z,0,2026-06-17T05:09:00Z,0,2026-06-16T04:31:00Z
TX2-02742,2026-06-14T00:13:00Z,0,36.24,2026-06-14T00:13:00Z,81.2,2026-06-13T18:42:00Z,36.0,2026-06-13T23:46:00Z,3,2026-06-13T23:44:00Z,25.2,2026-06-13T07:42:00Z,0,2026-06-17T02:23:00Z,0,2026-06-16T03:21:00Z
TX2-02743,2026-06-14T02:11:00Z,0,57.03,2026-06-14T02:11:00Z,61.6,2026-06-14T01:42:00Z,38.6,2026-06-14T02:09:00Z,1,2026-06-14T02:07:00Z,39.0,2026-06-13T08:17:00Z,0,2026-06-23T15:00:00Z,0,2026-06-16T16:27:00Z
TX2-02744,2026-06-14T02:29:00Z,0,52.15,2026-06-14T02:29:00Z,58.5,2026-06-13T21:04:00Z,40.6,2026-06-14T02:10:00Z,3,2026-06-14T01:51:00Z,21.7,2026-06-13T12:26:00Z,0,2026-06-19T08:25:00Z,2,2026-06-15T16:40:00Z
TX2-02745,2026-06-14T02:43:00Z,0,186.78,2026-06-14T02:43:00Z,56.2,2026-06-13T21:59:00Z,34.5,2026-06-14T02:32:00Z,3,2026-06-14T02:16:00Z,26.0,2026-06-13T20:11:00Z,0,2026-06-21T12:02:00Z,0,2026-06-16T21:39:00Z
TX2-02746,2026-06-14T04:06:00Z,0,31.07,2026-06-14T04:06:00Z,27.3,2026-06-14T02:52:00Z,35.6,2026-06-14T03:56:00Z,2,2026-06-14T03:10:00Z,18.2,2026-06-13T08:25:00Z,1,2026-06-18T23:06:00Z,0,2026-06-15T22:57:00Z
TX2-02747,2026-06-14T04:28:00Z,0,9.71,2026-06-14T04:28:00Z,32.0,2026-06-14T01:38:00Z,35.4,2026-06-14T04:24:00Z,5,2026-06-14T03:30:00Z,25.4,2026-06-14T06:25:00Z,0,2026-06-17T19:33:00Z,0,2026-06-15T12:22:00Z
TX2-02748,2026-06-14T07:02:00Z,0,2.3,2026-06-14T07:02:00Z,56.6,2026-06-14T04:51:00Z,39.7,2026-06-14T06:34:00Z,2,2026-06-14T06:49:00Z,36.8,2026-06-13T17:04:00Z,0,2026-06-19T11:45:00Z,1,2026-06-16T19:59:00Z
TX2-02749,2026-06-14T08:05:00Z,0,30.61,2026-06-14T08:05:00Z,41.9,2026-06-14T05:34:00Z,33.6,2026-06-14T07:57:00Z,4,2026-06-14T07:44:00Z,25.3,2026-06-14T06:48:00Z,0,2026-06-18T23:54:00Z,0,2026-06-16T15:26:00Z
TX2-02750,2026-06-14T09:22:00Z,0,20.09,2026-06-14T09:22:00Z,49.3,2026-06-14T04:58:00Z,35.0,2026-06-14T08:56:00Z,3,2026-06-14T08:53:00Z,26.6,2026-06-14T13:20:00Z,0,2026-06-22T05:05:00Z,2,2026-06-16T19:56:00Z
TX2-02751,2026-06-14T10:00:00Z,0,90.16,2026-06-14T10:00:00Z,53.0,2026-06-14T09:08:00Z,43.2,2026-06-14T09:40:00Z,3,2026-06-14T09:17:00Z,35.8,2026-06-13T14:48:00Z,0,2026-06-22T06:55:00Z,0,2026-06-16T20:23:00Z
TX2-02752,2026-06-14T14:56:00Z,0,48.23,2026-06-14T14:56:00Z,48.2,2026-06-14T13:07:00Z,25.4,2026-06-14T14:50:00Z,1,2026-06-14T14:13:00Z,23.8,2026-06-14T07:14:00Z,0,2026-06-19T14:47:00Z,0,2026-06-16T11:30:00Z
TX2-02753,2026-06-14T16:23:00Z,0,144.8,2026-06-14T16:23:00Z,57.8,2026-06-14T12:25:00Z,45.3,2026-06-14T16:10:00Z,3,2026-06-14T15:53:00Z,36.1,2026-06-14T05:35:00Z,0,2026-06-18T06:42:00Z,0,2026-06-17T12:15:00Z
TX2-02754,2026-06-14T16:59:00Z,0,74.28,2026-06-14T16:59:00Z,66.9,2026-06-14T16:51:00Z,36.6,2026-06-14T16:38:00Z,2,2026-06-14T16:38:00Z,33.7,2026-06-14T12:06:00Z,0,2026-06-22T19:33:00Z,0,2026-06-17T15:29:00Z
TX2-02755,2026-06-14T19:34:00Z,0,28.44,2026-06-14T19:34:00Z,62.0,2026-06-14T14:04:00Z,42.4,2026-06-14T19:19:00Z,1,2026-06-14T19:28:00Z,24.7,2026-06-14T21:03:00Z,0,2026-06-24T06:56:00Z,0,2026-06-16T10:50:00Z
TX2-02756,2026-06-14T20:49:00Z,1,80.35,2026-06-14T20:49:00Z,48.1,2026-06-14T20:21:00Z,46.8,2026-06-14T20:44:00Z,7,2026-06-14T19:59:00Z,36.9,2026-06-14T10:31:00Z,1,2026-06-19T22:33:00Z,2,2026-06-16T23:00:00Z
TX2-02757,2026-06-14T22:26:00Z,0,84.66,2026-06-14T22:26:00Z,68.5,2026-06-14T18:22:00Z,35.3,2026-06-14T22:16:00Z,0,2026-06-14T21:50:00Z,28.1,2026-06-14T15:00:00Z,0,2026-06-18T01:23:00Z,0,2026-06-17T18:49:00Z
TX2-02758,2026-06-14T22:58:00Z,0,519.72,2026-06-14T22:58:00Z,39.3,2026-06-14T20:35:00Z,42.0,2026-06-14T22:35:00Z,2,2026-06-14T22:00:00Z,20.6,2026-06-14T04:16:00Z,0,2026-06-18T21:14:00Z,0,2026-06-17T06:39:00Z
TX2-02759,2026-06-14T23:08:00Z,0,13.84,2026-06-14T23:08:00Z,40.1,2026-06-14T18:05:00Z,51.4,2026-06-14T22:58:00Z,3,2026-06-14T22:45:00Z,31.1,2026-06-15T05:12:00Z,0,2026-06-19T12:12:00Z,0,2026-06-16T15:54:00Z
TX2-02760,2026-06-14T23:19:00Z,0,11.29,2026-06-14T23:19:00Z,22.7,2026-06-14T18:04:00Z,32.9,2026-06-14T23:14:00Z,3,2026-06-14T22:36:00Z,26.4,2026-06-14T06:34:00Z,0,2026-06-23T10:21:00Z,0,2026-06-16T12:32:00Z
TX2-02761,2026-06-15T03:32:00Z,1,64.7,2026-06-15T03:32:00Z,36.8,2026-06-15T01:29:00Z,21.7,2026-06-15T03:10:00Z,4,2026-06-15T03:25:00Z,34.5,2026-06-14T20:59:00Z,1,2026-06-20T13:24:00Z,2,2026-06-17T09:08:00Z
TX2-02762,2026-06-15T04:08:00Z,0,141.54,2026-06-15T04:08:00Z,35.8,2026-06-15T03:02:00Z,52.4,2026-06-15T03:47:00Z,0,2026-06-15T03:45:00Z,42.9,2026-06-14T09:18:00Z,0,2026-06-23T15:01:00Z,0,2026-06-16T17:38:00Z
TX2-02763,2026-06-15T06:54:00Z,0,109.78,2026-06-15T06:54:00Z,35.7,2026-06-15T05:35:00Z,44.0,2026-06-15T06:42:00Z,1,2026-06-15T06:52:00Z,28.2,2026-06-14T20:01:00Z,0,2026-06-18T16:58:00Z,0,2026-06-16T21:18:00Z
TX2-02764,2026-06-15T07:34:00Z,0,167.18,2026-06-15T07:34:00Z,34.7,2026-06-15T02:01:00Z,42.6,2026-06-15T07:28:00Z,1,2026-06-15T07:24:00Z,25.6,2026-06-15T00:08:00Z,0,2026-06-21T03:49:00Z,0,2026-06-16T18:18:00Z
TX2-02765,2026-06-15T07:55:00Z,0,10.28,2026-06-15T07:55:00Z,69.8,2026-06-15T04:06:00Z,45.7,2026-06-15T07:44:00Z,2,2026-06-15T07:39:00Z,32.2,2026-06-15T14:53:00Z,0,2026-06-24T09:57:00Z,0,2026-06-16T22:32:00Z
TX2-02766,2026-06-15T09:21:00Z,0,26.5,2026-06-15T09:21:00Z,74.1,2026-06-15T09:13:00Z,41.0,2026-06-15T09:14:00Z,2,2026-06-15T08:36:00Z,42.6,2026-06-15T15:55:00Z,0,2026-06-23T10:47:00Z,0,2026-06-17T23:50:00Z
TX2-02767,2026-06-15T09:23:00Z,0,25.02,2026-06-15T09:23:00Z,47.7,2026-06-15T07:12:00Z,43.3,2026-06-15T09:08:00Z,3,2026-06-15T09:19:00Z,41.1,2026-06-14T23:02:00Z,0,2026-06-19T09:03:00Z,0,2026-06-16T21:08:00Z
TX2-02768,2026-06-15T12:07:00Z,0,61.56,2026-06-15T12:07:00Z,56.1,2026-06-15T10:44:00Z,38.0,2026-06-15T11:54:00Z,1,2026-06-15T11:12:00Z,30.6,2026-06-15T05:56:00Z,0,2026-06-19T16:53:00Z,0,2026-06-18T01:18:00Z
TX2-02769,2026-06-15T12:08:00Z,0,103.9,2026-06-15T12:08:00Z,34.6,2026-06-15T10:29:00Z,56.3,2026-06-15T12:07:00Z,1,2026-06-15T11:39:00Z,23.8,2026-06-14T20:28:00Z,0,2026-06-19T18:37:00Z,0,2026-06-17T09:20:00Z
TX2-02770,2026-06-15T13:02:00Z,0,77.6,2026-06-15T13:02:00Z,33.1,2026-06-15T12:22:00Z,44.9,2026-06-15T12:36:00Z,3,2026-06-15T13:01:00Z,36.0,2026-06-15T01:39:00Z,0,2026-06-22T10:04:00Z,2,2026-06-16T23:39:00Z
TX2-02771,2026-06-15T13:32:00Z,0,43.9,2026-06-15T13:32:00Z,72.0,2026-06-15T10:50:00Z,38.3,2026-06-15T13:30:00Z,3,2026-06-15T13:26:00Z,34.3,2026-06-15T07:25:00Z,0,2026-06-21T18:23:00Z,0,2026-06-16T16:55:00Z
TX2-02772,2026-06-15T15:16:00Z,0,41.72,2026-06-15T15:16:00Z,45.9,2026-06-15T11:33:00Z,37.5,2026-06-15T14:57:00Z,1,2026-06-15T14:53:00Z,36.7,2026-06-16T00:09:00Z,0,2026-06-22T13:18:00Z,1,2026-06-18T03:55:00Z
TX2-02773,2026-06-15T16:50:00Z,0,91.07,2026-06-15T16:50:00Z,55.7,2026-06-15T14:19:00Z,43.1,2026-06-15T16:47:00Z,3,2026-06-15T16:25:00Z,34.0,2026-06-15T12:52:00Z,0,2026-06-20T12:37:00Z,0,2026-06-17T23:35:00Z
TX2-02774,2026-06-15T17:06:00Z,0,216.24,2026-06-15T17:06:00Z,37.7,2026-06-15T16:59:00Z,42.0,2026-06-15T16:44:00Z,0,2026-06-15T16:59:00Z,31.3,2026-06-15T08:54:00Z,0,2026-06-21T01:50:00Z,0,2026-06-17T20:02:00Z
TX2-02775,2026-06-15T17:43:00Z,0,75.53,2026-06-15T17:43:00Z,69.6,2026-06-15T15:34:00Z,57.0,2026-06-15T17:21:00Z,1,2026-06-15T16:55:00Z,32.4,2026-06-15T14:15:00Z,0,2026-06-21T22:19:00Z,0,2026-06-18T08:59:00Z
TX2-02776,2026-06-15T22:28:00Z,0,52.76,2026-06-15T22:28:00Z,59.8,2026-06-15T19:54:00Z,43.0,2026-06-15T22:03:00Z,0,2026-06-15T22:01:00Z,32.4,2026-06-15T21:19:00Z,0,2026-06-24T05:19:00Z,0,2026-06-18T06:47:00Z
TX2-02777,2026-06-16T03:43:00Z,0,91.46,2026-06-16T03:43:00Z,45.6,2026-06-15T22:59:00Z,33.6,2026-06-16T03:23:00Z,2,2026-06-16T03:17:00Z,14.0,2026-06-15T15:35:00Z,0,2026-06-20T01:03:00Z,0,2026-06-18T02:50:00Z
TX2-02778,2026-06-16T06:55:00Z,1,277.2,2026-06-16T06:55:00Z,82.8,2026-06-16T01:05:00Z,57.0,2026-06-16T06:26:00Z,2,2026-06-16T06:24:00Z,38.1,2026-06-16T02:06:00Z,1,2026-06-21T08:49:00Z,1,2026-06-18T01:35:00Z
TX2-02779,2026-06-16T07:09:00Z,0,199.67,2026-06-16T07:09:00Z,32.7,2026-06-16T04:58:00Z,39.4,2026-06-16T06:39:00Z,1,2026-06-16T06:49:00Z,25.6,2026-06-15T16:05:00Z,0,2026-06-24T23:57:00Z,0,2026-06-18T00:01:00Z
TX2-02780,2026-06-16T09:03:00Z,0,90.17,2026-06-16T09:03:00Z,30.9,2026-06-16T03:11:00Z,44.5,2026-06-16T08:44:00Z,1,2026-06-16T09:02:00Z,21.2,2026-06-15T14:32:00Z,0,2026-06-19T17:46:00Z,0,2026-06-17T19:18:00Z
TX2-02781,2026-06-16T12:29:00Z,0,26.58,2026-06-16T12:29:00Z,55.4,2026-06-16T08:56:00Z,46.9,2026-06-16T12:14:00Z,3,2026-06-16T12:13:00Z,34.6,2026-06-16T00:30:00Z,0,2026-06-22T20:29:00Z,0,2026-06-18T21:32:00Z
TX2-02782,2026-06-16T17:27:00Z,0,56.87,2026-06-16T17:27:00Z,44.9,2026-06-16T11:31:00Z,37.0,2026-06-16T17:01:00Z,1,2026-06-16T16:41:00Z,30.2,2026-06-16T08:35:00Z,0,2026-06-20T11:06:00Z,0,2026-06-19T07:20:00Z
TX2-02783,2026-06-16T18:16:00Z,0,36.17,2026-06-16T18:16:00Z,54.5,2026-06-16T15:07:00Z,44.5,2026-06-16T17:57:00Z,4,2026-06-16T17:24:00Z,15.6,2026-06-16T01:07:00Z,0,2026-06-20T20:45:00Z,0,2026-06-18T11:29:00Z
TX2-02784,2026-06-16T19:59:00Z,0,110.17,2026-06-16T19:59:00Z,40.0,2026-06-16T17:15:00Z,47.0,2026-06-16T19:49:00Z,4,2026-06-16T19:45:00Z,22.0,2026-06-16T04:49:00Z,0,2026-06-26T13:10:00Z,0,2026-06-19T19:08:00Z
TX2-02785,2026-06-16T22:34:00Z,1,101.83,2026-06-16T22:34:00Z,51.3,2026-06-16T20:33:00Z,46.2,2026-06-16T22:30:00Z,10,2026-06-16T21:55:00Z,31.4,2026-06-16T19:20:00Z,1,2026-06-23T08:25:00Z,1,2026-06-19T04:50:00Z
TX2-02786,2026-06-17T02:20:00Z,0,54.74,2026-06-17T02:20:00Z,39.5,2026-06-17T01:48:00Z,43.3,2026-06-17T02:15:00Z,0,2026-06-17T02:18:00Z,32.1,2026-06-16T17:41:00Z,0,2026-06-24T00:00:00Z,0,2026-06-18T06:39:00Z
TX2-02787,2026-06-17T03:09:00Z,0,79.46,2026-06-17T03:09:00Z,39.0,2026-06-17T01:39:00Z,25.1,2026-06-17T02:48:00Z,2,2026-06-17T02:27:00Z,34.8,2026-06-16T14:32:00Z,0,2026-06-26T18:23:00Z,0,2026-06-18T05:19:00Z
TX2-02788,2026-06-17T05:26:00Z,0,75.22,2026-06-17T05:26:00Z,43.2,2026-06-17T00:55:00Z,29.6,2026-06-17T05:17:00Z,1,2026-06-17T04:41:00Z,38.1,2026-06-16T21:44:00Z,0,2026-06-27T05:14:00Z,0,2026-06-20T00:40:00Z
TX2-02789,2026-06-17T08:07:00Z,0,26.72,2026-06-17T08:07:00Z,60.8,2026-06-17T07:45:00Z,37.6,2026-06-17T07:48:00Z,2,2026-06-17T07:14:00Z,21.5,2026-06-17T00:48:00Z,0,2026-06-21T16:42:00Z,0,2026-06-18T11:22:00Z
TX2-02790,2026-06-17T09:07:00Z,1,46.07,2026-06-17T09:07:00Z,59.5,2026-06-17T08:54:00Z,39.3,2026-06-17T09:06:00Z,5,2026-06-17T08:35:00Z,23.8,2026-06-16T22:11:00Z,0,2026-06-23T14:34:00Z,1,2026-06-19T06:30:00Z
TX2-02791,2026-06-17T10:56:00Z,0,46.31,2026-06-17T10:56:00Z,56.0,2026-06-17T08:18:00Z,39.8,2026-06-17T10:52:00Z,4,2026-06-17T09:59:00Z,20.2,2026-06-17T08:23:00Z,0,2026-06-26T19:11:00Z,0,2026-06-20T00:05:00Z
TX2-02792,2026-06-17T11:01:00Z,0,102.27,2026-06-17T11:01:00Z,30.4,2026-06-17T08:07:00Z,47.8,2026-06-17T10:41:00Z,5,2026-06-17T10:52:00Z,38.4,2026-06-17T07:23:00Z,0,2026-06-25T23:34:00Z,0,2026-06-18T16:59:00Z
TX2-02793,2026-06-17T12:24:00Z,0,16.15,2026-06-17T12:24:00Z,48.5,2026-06-17T11:01:00Z,43.5,2026-06-17T12:03:00Z,3,2026-06-17T11:43:00Z,38.2,2026-06-16T21:30:00Z,0,2026-06-25T04:01:00Z,0,2026-06-19T18:43:00Z
TX2-02794,2026-06-17T13:35:00Z,0,365.77,2026-06-17T13:35:00Z,47.3,2026-06-17T12:34:00Z,45.3,2026-06-17T13:20:00Z,1,2026-06-17T13:26:00Z,26.6,2026-06-17T06:05:00Z,0,2026-06-21T05:04:00Z,0,2026-06-18T14:54:00Z
TX2-02795,2026-06-17T14:36:00Z,0,189.0,2026-06-17T14:36:00Z,35.3,2026-06-17T12:47:00Z,36.2,2026-06-17T14:28:00Z,1,2026-06-17T14:06:00Z,12.8,2026-06-17T15:54:00Z,0,2026-06-20T21:06:00Z,0,2026-06-19T01:34:00Z
TX2-02796,2026-06-17T20:12:00Z,1,46.99,2026-06-17T20:12:00Z,37.8,2026-06-17T15:17:00Z,27.8,2026-06-17T20:03:00Z,3,2026-06-17T20:08:00Z,28.7,2026-06-17T07:30:00Z,1,2026-06-21T19:33:00Z,2,2026-06-18T21:34:00Z
TX2-02797,2026-06-17T20:14:00Z,0,405.83,2026-06-17T20:14:00Z,64.5,2026-06-17T18:40:00Z,39.5,2026-06-17T20:05:00Z,2,2026-06-17T19:16:00Z,30.9,2026-06-17T04:53:00Z,0,2026-06-23T13:52:00Z,2,2026-06-19T17:43:00Z
TX2-02798,2026-06-17T20:27:00Z,0,57.2,2026-06-17T20:27:00Z,58.1,2026-06-17T19:50:00Z,32.3,2026-06-17T20:18:00Z,3,2026-06-17T19:36:00Z,35.5,2026-06-17T07:33:00Z,0,2026-06-22T14:12:00Z,0,2026-06-19T16:27:00Z
TX2-02799,2026-06-17T22:13:00Z,0,58.62,2026-06-17T22:13:00Z,48.5,2026-06-17T19:43:00Z,30.6,2026-06-17T21:51:00Z,1,2026-06-17T21:39:00Z,17.9,2026-06-17T05:21:00Z,0,2026-06-22T21:22:00Z,0,2026-06-19T08:16:00Z
TX2-02800,2026-06-18T04:50:00Z,0,26.82,2026-06-18T04:50:00Z,49.2,2026-06-18T04:28:00Z,42.5,2026-06-18T04:20:00Z,3,2026-06-18T04:28:00Z,27.5,2026-06-17T12:03:00Z,0,2026-06-25T07:12:00Z,0,2026-06-19T15:57:00Z
TX2-02801,2026-06-18T05:27:00Z,0,82.97,2026-06-18T05:27:00Z,63.3,2026-06-18T03:05:00Z,40.5,2026-06-18T05:12:00Z,3,2026-06-18T04:28:00Z,22.7,2026-06-18T00:40:00Z,0,2026-06-23T13:14:00Z,1,2026-06-20T00:41:00Z
TX2-02802,2026-06-18T06:03:00Z,1,123.19,2026-06-18T06:03:00Z,54.3,2026-06-18T01:48:00Z,60.6,2026-06-18T05:41:00Z,3,2026-06-18T05:30:00Z,28.4,2026-06-17T12:51:00Z,1,2026-06-24T22:51:00Z,1,2026-06-19T13:39:00Z
TX2-02803,2026-06-18T06:07:00Z,0,73.86,2026-06-18T06:07:00Z,38.6,2026-06-18T03:57:00Z,32.5,2026-06-18T05:46:00Z,1,2026-06-18T05:14:00Z,29.8,2026-06-17T16:34:00Z,0,2026-06-23T02:46:00Z,0,2026-06-20T21:26:00Z
TX2-02804,2026-06-18T13:36:00Z,0,20.16,2026-06-18T13:36:00Z,53.9,2026-06-18T08:43:00Z,30.6,2026-06-18T13:14:00Z,1,2026-06-18T12:52:00Z,36.5,2026-06-18T04:57:00Z,0,2026-06-27T03:51:00Z,0,2026-06-20T11:46:00Z
TX2-02805,2026-06-18T13:42:00Z,0,9.23,2026-06-18T13:42:00Z,38.5,2026-06-18T13:38:00Z,49.3,2026-06-18T13:25:00Z,1,2026-06-18T13:22:00Z,40.0,2026-06-17T19:03:00Z,0,2026-06-23T08:37:00Z,1,2026-06-19T21:46:00Z
TX2-02806,2026-06-18T18:35:00Z,0,95.56,2026-06-18T18:35:00Z,48.6,2026-06-18T17:22:00Z,62.7,2026-06-18T18:27:00Z,3,2026-06-18T17:52:00Z,23.7,2026-06-18T10:29:00Z,0,2026-06-25T15:04:00Z,0,2026-06-21T02:30:00Z
TX2-02807,2026-06-18T19:21:00Z,0,41.46,2026-06-18T19:21:00Z,37.2,2026-06-18T17:59:00Z,21.9,2026-06-18T18:56:00Z,0,2026-06-18T19:19:00Z,18.7,2026-06-18T01:27:00Z,0,2026-06-25T23:25:00Z,0,2026-06-21T16:58:00Z
TX2-02808,2026-06-18T21:36:00Z,0,67.5,2026-06-18T21:36:00Z,50.5,2026-06-18T16:53:00Z,40.3,2026-06-18T21:12:00Z,2,2026-06-18T21:09:00Z,39.3,2026-06-18T13:02:00Z,0,2026-06-24T03:24:00Z,0,2026-06-21T10:59:00Z
TX2-02809,2026-06-18T22:44:00Z,0,73.65,2026-06-18T22:44:00Z,67.5,2026-06-18T18:41:00Z,24.1,2026-06-18T22:24:00Z,0,2026-06-18T21:46:00Z,29.2,2026-06-18T03:24:00Z,0,2026-06-23T18:38:00Z,0,2026-06-21T07:29:00Z
TX2-02810,2026-06-19T03:48:00Z,0,14.06,2026-06-19T03:48:00Z,28.5,2026-06-19T00:19:00Z,50.3,2026-06-19T03:27:00Z,2,2026-06-19T03:44:00Z,41.6,2026-06-18T12:51:00Z,0,2026-06-27T02:45:00Z,0,2026-06-21T21:10:00Z
TX2-02811,2026-06-19T04:24:00Z,0,85.87,2026-06-19T04:24:00Z,52.9,2026-06-19T02:04:00Z,45.9,2026-06-19T04:19:00Z,4,2026-06-19T03:33:00Z,28.3,2026-06-18T15:29:00Z,0,2026-06-24T11:10:00Z,0,2026-06-22T04:07:00Z
TX2-02812,2026-06-19T05:41:00Z,0,33.55,2026-06-19T05:41:00Z,67.9,2026-06-18T23:50:00Z,23.3,2026-06-19T05:13:00Z,0,2026-06-19T05:17:00Z,26.9,2026-06-18T22:30:00Z,0,2026-06-28T05:47:00Z,0,2026-06-20T23:07:00Z
TX2-02813,2026-06-19T06:09:00Z,0,22.27,2026-06-19T06:09:00Z,48.8,2026-06-19T02:11:00Z,46.3,2026-06-19T05:59:00Z,5,2026-06-19T05:58:00Z,21.7,2026-06-18T10:34:00Z,0,2026-06-22T18:05:00Z,0,2026-06-20T23:28:00Z
TX2-02814,2026-06-19T07:52:00Z,0,63.11,2026-06-19T07:52:00Z,40.2,2026-06-19T07:41:00Z,24.6,2026-06-19T07:33:00Z,4,2026-06-19T07:04:00Z,18.0,2026-06-18T18:34:00Z,0,2026-06-26T13:19:00Z,2,2026-06-21T13:12:00Z
TX2-02815,2026-06-19T08:14:00Z,0,30.94,2026-06-19T08:14:00Z,52.2,2026-06-19T07:38:00Z,41.2,2026-06-19T08:04:00Z,3,2026-06-19T08:02:00Z,41.3,2026-06-18T18:46:00Z,0,2026-06-27T13:16:00Z,0,2026-06-21T14:21:00Z
TX2-02816,2026-06-19T08:29:00Z,0,21.97,2026-06-19T08:29:00Z,43.6,2026-06-19T03:56:00Z,38.7,2026-06-19T08:22:00Z,0,2026-06-19T08:06:00Z,24.3,2026-06-18T12:44:00Z,0,2026-06-28T20:11:00Z,0,2026-06-20T22:15:00Z
TX2-02817,2026-06-19T08:51:00Z,0,23.55,2026-06-19T08:51:00Z,37.4,2026-06-19T06:24:00Z,37.8,2026-06-19T08:28:00Z,3,2026-06-19T07:55:00Z,44.1,2026-06-18T22:59:00Z,0,2026-06-27T04:43:00Z,0,2026-06-22T00:12:00Z
TX2-02818,2026-06-19T09:01:00Z,0,68.04,2026-06-19T09:01:00Z,59.4,2026-06-19T08:23:00Z,46.3,2026-06-19T08:36:00Z,1,2026-06-19T08:51:00Z,31.2,2026-06-18T22:34:00Z,0,2026-06-23T00:20:00Z,0,2026-06-21T10:14:00Z
TX2-02819,2026-06-19T15:06:00Z,0,20.36,2026-06-19T15:06:00Z,44.9,2026-06-19T10:55:00Z,43.3,2026-06-19T15:02:00Z,2,2026-06-19T15:01:00Z,36.0,2026-06-19T23:09:00Z,0,2026-06-23T07:48:00Z,0,2026-06-22T02:16:00Z
TX2-02820,2026-06-19T22:09:00Z,1,21.46,2026-06-19T22:09:00Z,56.8,2026-06-19T18:46:00Z,35.4,2026-06-19T21:45:00Z,5,2026-06-19T21:42:00Z,31.5,2026-06-19T09:52:00Z,1,2026-06-28T21:39:00Z,0,2026-06-22T06:19:00Z
TX2-02821,2026-06-20T02:30:00Z,0,56.61,2026-06-20T02:30:00Z,53.3,2026-06-19T22:05:00Z,30.3,2026-06-20T02:12:00Z,3,2026-06-20T02:12:00Z,18.7,2026-06-19T17:19:00Z,0,2026-06-24T12:45:00Z,0,2026-06-22T00:09:00Z
TX2-02822,2026-06-20T03:44:00Z,0,191.47,2026-06-20T03:44:00Z,74.2,2026-06-20T03:10:00Z,49.9,2026-06-20T03:21:00Z,6,2026-06-20T03:39:00Z,39.0,2026-06-19T14:02:00Z,1,2026-06-26T21:03:00Z,0,2026-06-21T10:13:00Z
TX2-02823,2026-06-20T04:04:00Z,0,176.95,2026-06-20T04:04:00Z,48.9,2026-06-20T02:29:00Z,35.6,2026-06-20T03:49:00Z,2,2026-06-20T03:15:00Z,38.8,2026-06-20T01:57:00Z,0,2026-06-25T17:34:00Z,0,2026-06-22T20:47:00Z
TX2-02824,2026-06-20T04:24:00Z,0,25.4,2026-06-20T04:24:00Z,59.1,2026-06-20T03:53:00Z,29.0,2026-06-20T04:08:00Z,1,2026-06-20T03:25:00Z,36.0,2026-06-20T07:41:00Z,0,2026-06-23T22:34:00Z,0,2026-06-23T00:41:00Z
TX2-02825,2026-06-20T08:20:00Z,0,89.43,2026-06-20T08:20:00Z,45.8,2026-06-20T04:41:00Z,53.7,2026-06-20T08:13:00Z,0,2026-06-20T08:16:00Z,37.9,2026-06-20T01:34:00Z,0,2026-06-26T03:30:00Z,1,2026-06-22T17:58:00Z
TX2-02826,2026-06-20T10:30:00Z,0,10.55,2026-06-20T10:30:00Z,42.3,2026-06-20T04:34:00Z,47.9,2026-06-20T10:18:00Z,4,2026-06-20T10:08:00Z,27.1,2026-06-20T05:15:00Z,0,2026-06-27T04:16:00Z,0,2026-06-23T04:46:00Z
TX2-02827,2026-06-20T12:36:00Z,0,30.78,2026-06-20T12:36:00Z,42.9,2026-06-20T09:14:00Z,38.9,2026-06-20T12:24:00Z,1,2026-06-20T12:15:00Z,36.8,2026-06-19T22:04:00Z,0,2026-06-27T04:30:00Z,0,2026-06-21T19:31:00Z
TX2-02828,2026-06-20T12:37:00Z,0,27.88,2026-06-20T12:37:00Z,70.1,2026-06-20T09:58:00Z,31.8,2026-06-20T12:11:00Z,3,2026-06-20T12:16:00Z,40.1,2026-06-20T10:25:00Z,0,2026-06-26T17:43:00Z,0,2026-06-22T14:25:00Z
TX2-02829,2026-06-20T13:25:00Z,0,260.74,2026-06-20T13:25:00Z,68.1,2026-06-20T10:55:00Z,46.5,2026-06-20T13:18:00Z,3,2026-06-20T13:04:00Z,28.6,2026-06-19T23:28:00Z,0,2026-06-28T17:08:00Z,1,2026-06-22T02:38:00Z
TX2-02830,2026-06-20T14:09:00Z,0,23.96,2026-06-20T14:09:00Z,58.2,2026-06-20T12:19:00Z,40.5,2026-06-20T13:43:00Z,3,2026-06-20T14:02:00Z,32.0,2026-06-19T19:26:00Z,0,2026-06-28T07:44:00Z,0,2026-06-22T21:56:00Z
TX2-02831,2026-06-20T14:28:00Z,0,18.69,2026-06-20T14:28:00Z,61.8,2026-06-20T11:18:00Z,28.8,2026-06-20T14:01:00Z,0,2026-06-20T13:41:00Z,36.0,2026-06-20T09:52:00Z,0,2026-06-30T10:29:00Z,0,2026-06-21T21:24:00Z
TX2-02832,2026-06-20T14:45:00Z,0,199.72,2026-06-20T14:45:00Z,23.5,2026-06-20T11:26:00Z,24.5,2026-06-20T14:38:00Z,4,2026-06-20T14:05:00Z,37.0,2026-06-20T03:37:00Z,0,2026-06-29T10:33:00Z,1,2026-06-22T09:24:00Z
TX2-02833,2026-06-20T16:39:00Z,0,76.37,2026-06-20T16:39:00Z,53.3,2026-06-20T11:46:00Z,31.1,2026-06-20T16:37:00Z,3,2026-06-20T16:13:00Z,44.3,2026-06-20T06:14:00Z,0,2026-06-26T01:26:00Z,0,2026-06-22T13:11:00Z
TX2-02834,2026-06-20T18:58:00Z,0,91.85,2026-06-20T18:58:00Z,70.9,2026-06-20T16:31:00Z,44.2,2026-06-20T18:40:00Z,2,2026-06-20T18:56:00Z,28.0,2026-06-20T13:37:00Z,0,2026-06-27T02:56:00Z,0,2026-06-22T22:47:00Z
TX2-02835,2026-06-20T20:41:00Z,0,89.36,2026-06-20T20:41:00Z,29.0,2026-06-20T17:23:00Z,42.4,2026-06-20T20:17:00Z,3,2026-06-20T20:11:00Z,4.9,2026-06-20T14:38:00Z,0,2026-06-29T21:23:00Z,1,2026-06-22T05:54:00Z
TX2-02836,2026-06-20T22:51:00Z,0,43.38,2026-06-20T22:51:00Z,24.3,2026-06-20T22:10:00Z,50.1,2026-06-20T22:25:00Z,0,2026-06-20T22:39:00Z,13.1,2026-06-20T09:31:00Z,0,2026-06-27T04:11:00Z,0,2026-06-22T14:37:00Z
TX2-02837,2026-06-21T00:06:00Z,0,29.51,2026-06-21T00:06:00Z,71.0,2026-06-20T19:22:00Z,51.0,2026-06-20T23:42:00Z,1,2026-06-20T23:29:00Z,28.3,2026-06-20T06:17:00Z,0,2026-06-30T15:13:00Z,0,2026-06-23T09:16:00Z
TX2-02838,2026-06-21T01:23:00Z,0,28.74,2026-06-21T01:23:00Z,36.1,2026-06-20T22:37:00Z,30.6,2026-06-21T00:54:00Z,1,2026-06-21T00:35:00Z,23.0,2026-06-20T13:46:00Z,0,2026-06-28T03:28:00Z,0,2026-06-23T06:02:00Z
TX2-02839,2026-06-21T04:16:00Z,0,109.52,2026-06-21T04:16:00Z,31.3,2026-06-21T03:08:00Z,49.1,2026-06-21T04:06:00Z,5,2026-06-21T03:51:00Z,17.2,2026-06-20T08:31:00Z,0,2026-07-01T00:35:00Z,0,2026-06-23T04:35:00Z
TX2-02840,2026-06-21T05:18:00Z,0,43.24,2026-06-21T05:18:00Z,52.1,2026-06-21T01:41:00Z,35.4,2026-06-21T05:02:00Z,0,2026-06-21T04:49:00Z,35.1,2026-06-20T18:43:00Z,0,2026-06-25T10:53:00Z,0,2026-06-22T18:11:00Z
TX2-02841,2026-06-21T05:35:00Z,0,40.39,2026-06-21T05:35:00Z,48.4,2026-06-21T04:54:00Z,36.1,2026-06-21T05:31:00Z,5,2026-06-21T04:47:00Z,20.6,2026-06-20T13:01:00Z,0,2026-06-27T07:17:00Z,0,2026-06-23T15:35:00Z
TX2-02842,2026-06-21T05:43:00Z,0,9.14,2026-06-21T05:43:00Z,39.1,2026-06-21T01:33:00Z,26.1,2026-06-21T05:34:00Z,1,2026-06-21T05:37:00Z,24.7,2026-06-21T01:02:00Z,0,2026-06-25T05:25:00Z,2,2026-06-23T21:35:00Z
TX2-02843,2026-06-21T06:31:00Z,0,122.52,2026-06-21T06:31:00Z,80.8,2026-06-21T01:37:00Z,50.9,2026-06-21T06:20:00Z,2,2026-06-21T05:42:00Z,32.4,2026-06-20T14:56:00Z,0,2026-07-01T03:38:00Z,0,2026-06-24T02:09:00Z
TX2-02844,2026-06-21T06:32:00Z,1,148.17,2026-06-21T06:32:00Z,67.9,2026-06-21T00:39:00Z,45.0,2026-06-21T06:11:00Z,1,2026-06-21T05:40:00Z,21.3,2026-06-20T22:47:00Z,1,2026-06-30T23:59:00Z,2,2026-06-23T03:22:00Z
TX2-02845,2026-06-21T10:32:00Z,0,102.29,2026-06-21T10:32:00Z,28.9,2026-06-21T06:00:00Z,27.4,2026-06-21T10:14:00Z,0,2026-06-21T10:28:00Z,20.8,2026-06-21T03:37:00Z,0,2026-06-26T00:57:00Z,0,2026-06-22T15:18:00Z
TX2-02846,2026-06-21T10:35:00Z,0,35.15,2026-06-21T10:35:00Z,46.1,2026-06-21T04:37:00Z,46.1,2026-06-21T10:22:00Z,2,2026-06-21T10:20:00Z,15.3,2026-06-20T18:05:00Z,0,2026-06-28T01:11:00Z,0,2026-06-23T05:02:00Z
TX2-02847,2026-06-21T10:50:00Z,1,57.64,2026-06-21T10:50:00Z,67.7,2026-06-21T08:18:00Z,47.4,2026-06-21T10:27:00Z,2,2026-06-21T10:34:00Z,38.3,2026-06-20T22:41:00Z,0,2026-06-29T11:17:00Z,2,2026-06-22T23:55:00Z
TX2-02848,2026-06-21T10:51:00Z,0,31.92,2026-06-21T10:51:00Z,51.4,2026-06-21T08:37:00Z,42.2,2026-06-21T10:39:00Z,0,2026-06-21T10:00:00Z,27.2,2026-06-20T16:08:00Z,0,2026-06-26T03:21:00Z,0,2026-06-24T00:26:00Z
TX2-02849,2026-06-21T12:12:00Z,1,36.01,2026-06-21T12:12:00Z,43.0,2026-06-21T07:41:00Z,40.2,2026-06-21T12:02:00Z,3,2026-06-21T11:24:00Z,34.1,2026-06-20T23:53:00Z,1,2026-06-29T23:32:00Z,2,2026-06-24T01:59:00Z
TX2-02850,2026-06-21T13:44:00Z,0,20.94,2026-06-21T13:44:00Z,47.8,2026-06-21T12:58:00Z,33.5,2026-06-21T13:16:00Z,2,2026-06-21T13:06:00Z,25.1,2026-06-20T21:52:00Z,0,2026-06-25T20:16:00Z,0,2026-06-24T05:19:00Z
TX2-02851,2026-06-21T13:56:00Z,0,29.22,2026-06-21T13:56:00Z,54.1,2026-06-21T11:52:00Z,40.1,2026-06-21T13:36:00Z,4,2026-06-21T13:19:00Z,31.3,2026-06-21T18:33:00Z,0,2026-06-29T07:42:00Z,0,2026-06-23T05:01:00Z
TX2-02852,2026-06-21T16:30:00Z,0,19.13,2026-06-21T16:30:00Z,39.5,2026-06-21T11:27:00Z,26.2,2026-06-21T16:05:00Z,3,2026-06-21T15:30:00Z,49.9,2026-06-20T22:23:00Z,0,2026-06-28T12:13:00Z,0,2026-06-22T18:29:00Z
TX2-02853,2026-06-21T16:38:00Z,0,62.39,2026-06-21T16:38:00Z,37.7,2026-06-21T13:45:00Z,29.4,2026-06-21T16:23:00Z,1,2026-06-21T15:52:00Z,44.2,2026-06-21T04:04:00Z,0,2026-06-30T10:08:00Z,0,2026-06-23T08:28:00Z
TX2-02854,2026-06-21T16:44:00Z,0,61.09,2026-06-21T16:44:00Z,62.4,2026-06-21T16:03:00Z,27.2,2026-06-21T16:41:00Z,2,2026-06-21T16:32:00Z,46.6,2026-06-21T06:33:00Z,0,2026-06-28T23:31:00Z,1,2026-06-24T15:44:00Z
TX2-02855,2026-06-21T18:24:00Z,1,94.38,2026-06-21T18:24:00Z,43.1,2026-06-21T15:53:00Z,40.0,2026-06-21T18:00:00Z,5,2026-06-21T17:55:00Z,46.8,2026-06-21T10:11:00Z,1,2026-06-26T04:09:00Z,2,2026-06-23T13:12:00Z
TX2-02856,2026-06-21T19:07:00Z,1,49.02,2026-06-21T19:07:00Z,61.4,2026-06-21T16:00:00Z,30.1,2026-06-21T19:02:00Z,4,2026-06-21T18:16:00Z,27.0,2026-06-21T21:29:00Z,1,2026-06-28T04:06:00Z,2,2026-06-24T17:04:00Z
TX2-02857,2026-06-21T19:20:00Z,0,32.13,2026-06-21T19:20:00Z,56.7,2026-06-21T16:40:00Z,29.0,2026-06-21T19:17:00Z,2,2026-06-21T18:26:00Z,22.0,2026-06-21T12:03:00Z,0,2026-06-25T18:57:00Z,0,2026-06-24T06:40:00Z
TX2-02858,2026-06-21T22:23:00Z,0,79.69,2026-06-21T22:23:00Z,43.0,2026-06-21T20:21:00Z,53.5,2026-06-21T22:11:00Z,3,2026-06-21T21:46:00Z,29.1,2026-06-21T09:34:00Z,0,2026-07-01T18:04:00Z,0,2026-06-24T12:38:00Z
TX2-02859,2026-06-21T22:29:00Z,0,43.27,2026-06-21T22:29:00Z,38.4,2026-06-21T21:37:00Z,39.0,2026-06-21T22:26:00Z,3,2026-06-21T21:51:00Z,23.8,2026-06-22T02:36:00Z,0,2026-06-26T22:14:00Z,0,2026-06-23T02:55:00Z
TX2-02860,2026-06-21T22:47:00Z,0,39.32,2026-06-21T22:47:00Z,34.8,2026-06-21T20:15:00Z,45.8,2026-06-21T22:38:00Z,3,2026-06-21T22:46:00Z,39.4,2026-06-21T10:17:00Z,0,2026-06-30T11:48:00Z,0,2026-06-24T18:27:00Z
TX2-02861,2026-06-22T01:30:00Z,0,205.64,2026-06-22T01:30:00Z,65.6,2026-06-22T00:37:00Z,46.3,2026-06-22T01:03:00Z,5,2026-06-22T01:01:00Z,27.7,2026-06-21T14:28:00Z,0,2026-06-28T12:20:00Z,0,2026-06-23T19:21:00Z
TX2-02862,2026-06-22T01:35:00Z,0,372.47,2026-06-22T01:35:00Z,44.9,2026-06-21T21:59:00Z,46.4,2026-06-22T01:08:00Z,4,2026-06-22T01:34:00Z,26.5,2026-06-21T21:50:00Z,0,2026-06-25T21:11:00Z,0,2026-06-24T23:03:00Z
TX2-02863,2026-06-22T05:30:00Z,0,58.38,2026-06-22T05:30:00Z,51.6,2026-06-22T04:25:00Z,26.0,2026-06-22T05:29:00Z,1,2026-06-22T05:26:00Z,26.1,2026-06-21T11:34:00Z,0,2026-07-02T01:05:00Z,0,2026-06-24T01:26:00Z
TX2-02864,2026-06-22T05:54:00Z,0,49.46,2026-06-22T05:54:00Z,56.4,2026-06-22T03:52:00Z,51.2,2026-06-22T05:27:00Z,1,2026-06-22T05:12:00Z,38.8,2026-06-21T19:12:00Z,0,2026-07-02T02:21:00Z,0,2026-06-24T12:54:00Z
TX2-02865,2026-06-22T06:48:00Z,0,53.23,2026-06-22T06:48:00Z,51.4,2026-06-22T03:36:00Z,42.4,2026-06-22T06:19:00Z,3,2026-06-22T06:30:00Z,46.2,2026-06-21T13:00:00Z,0,2026-06-27T11:17:00Z,0,2026-06-23T21:44:00Z
TX2-02866,2026-06-22T07:52:00Z,0,20.79,2026-06-22T07:52:00Z,48.5,2026-06-22T04:54:00Z,35.9,2026-06-22T07:48:00Z,2,2026-06-22T07:32:00Z,32.4,2026-06-21T19:46:00Z,0,2026-06-26T06:20:00Z,0,2026-06-24T08:33:00Z
TX2-02867,2026-06-22T08:10:00Z,0,28.58,2026-06-22T08:10:00Z,21.4,2026-06-22T06:14:00Z,52.3,2026-06-22T07:41:00Z,2,2026-06-22T07:21:00Z,28.8,2026-06-21T18:17:00Z,1,2026-06-29T00:47:00Z,1,2026-06-23T14:29:00Z
TX2-02868,2026-06-22T08:32:00Z,0,5.31,2026-06-22T08:32:00Z,41.2,2026-06-22T03:46:00Z,46.8,2026-06-22T08:14:00Z,2,2026-06-22T08:03:00Z,24.4,2026-06-21T21:13:00Z,0,2026-06-30T16:40:00Z,0,2026-06-24T13:10:00Z
TX2-02869,2026-06-22T10:57:00Z,0,73.95,2026-06-22T10:57:00Z,35.3,2026-06-22T09:49:00Z,23.3,2026-06-22T10:40:00Z,0,2026-06-22T10:44:00Z,28.8,2026-06-21T23:01:00Z,0,2026-06-29T03:49:00Z,0,2026-06-25T08:24:00Z
TX2-02870,2026-06-22T11:00:00Z,0,21.88,2026-06-22T11:00:00Z,44.2,2026-06-22T08:06:00Z,24.5,2026-06-22T10:38:00Z,0,2026-06-22T10:36:00Z,15.9,2026-06-22T04:16:00Z,0,2026-06-30T06:35:00Z,0,2026-06-25T00:18:00Z
TX2-02871,2026-06-22T12:06:00Z,0,18.61,2026-06-22T12:06:00Z,29.7,2026-06-22T08:43:00Z,33.7,2026-06-22T11:53:00Z,2,2026-06-22T11:49:00Z,53.1,2026-06-22T05:49:00Z,0,2026-06-30T03:38:00Z,2,2026-06-23T16:57:00Z
TX2-02872,2026-06-22T12:54:00Z,0,26.72,2026-06-22T12:54:00Z,47.4,2026-06-22T06:58:00Z,47.5,2026-06-22T12:47:00Z,2,2026-06-22T12:10:00Z,36.7,2026-06-21T17:59:00Z,0,2026-06-30T06:24:00Z,0,2026-06-24T14:28:00Z
TX2-02873,2026-06-22T14:43:00Z,0,26.79,2026-06-22T14:43:00Z,52.6,2026-06-22T12:55:00Z,49.3,2026-06-22T14:42:00Z,1,2026-06-22T14:31:00Z,37.3,2026-06-22T03:35:00Z,0,2026-06-29T13:54:00Z,0,2026-06-24T05:40:00Z
TX2-02874,2026-06-22T16:02:00Z,0,144.28,2026-06-22T16:02:00Z,70.8,2026-06-22T13:33:00Z,31.2,2026-06-22T15:50:00Z,5,2026-06-22T16:00:00Z,29.5,2026-06-22T06:39:00Z,0,2026-06-29T11:48:00Z,0,2026-06-24T08:34:00Z
TX2-02875,2026-06-22T16:22:00Z,0,30.93,2026-06-22T16:22:00Z,60.5,2026-06-22T12:36:00Z,39.6,2026-06-22T16:08:00Z,3,2026-06-22T15:28:00Z,29.3,2026-06-22T03:16:00Z,0,2026-06-26T11:33:00Z,0,2026-06-24T05:07:00Z
TX2-02876,2026-06-22T17:36:00Z,0,27.91,2026-06-22T17:36:00Z,58.3,2026-06-22T13:17:00Z,41.3,2026-06-22T17:18:00Z,0,2026-06-22T17:22:00Z,31.1,2026-06-22T02:02:00Z,0,2026-06-30T17:56:00Z,0,2026-06-24T05:08:00Z
TX2-02877,2026-06-22T19:45:00Z,0,119.12,2026-06-22T19:45:00Z,56.3,2026-06-22T14:38:00Z,47.3,2026-06-22T19:44:00Z,2,2026-06-22T18:53:00Z,36.1,2026-06-22T07:57:00Z,0,2026-06-27T16:43:00Z,0,2026-06-25T17:59:00Z
TX2-02878,2026-06-22T21:25:00Z,0,136.93,2026-06-22T21:25:00Z,40.3,2026-06-22T17:03:00Z,32.7,2026-06-22T21:06:00Z,6,2026-06-22T20:32:00Z,35.0,2026-06-22T18:29:00Z,0,2026-06-30T16:34:00Z,0,2026-06-24T15:20:00Z
TX2-02879,2026-06-23T00:35:00Z,0,63.17,2026-06-23T00:35:00Z,43.4,2026-06-22T19:38:00Z,51.0,2026-06-23T00:14:00Z,0,2026-06-23T00:08:00Z,20.4,2026-06-23T05:20:00Z,0,2026-07-01T13:17:00Z,0,2026-06-24T12:13:00Z
TX2-02880,2026-06-23T01:16:00Z,0,63.19,2026-06-23T01:16:00Z,44.9,2026-06-22T21:25:00Z,32.7,2026-06-23T01:03:00Z,7,2026-06-23T00:39:00Z,29.2,2026-06-22T11:00:00Z,0,2026-06-28T09:54:00Z,0,2026-06-25T21:10:00Z
TX2-02881,2026-06-23T03:50:00Z,0,119.44,2026-06-23T03:50:00Z,46.2,2026-06-23T02:12:00Z,57.6,2026-06-23T03:21:00Z,3,2026-06-23T03:25:00Z,35.7,2026-06-22T20:04:00Z,0,2026-06-30T17:52:00Z,0,2026-06-25T03:35:00Z
TX2-02882,2026-06-23T04:35:00Z,1,50.12,2026-06-23T04:35:00Z,84.3,2026-06-23T02:08:00Z,51.6,2026-06-23T04:30:00Z,3,2026-06-23T03:37:00Z,46.5,2026-06-23T06:03:00Z,1,2026-06-28T21:50:00Z,1,2026-06-25T00:42:00Z
TX2-02883,2026-06-23T05:38:00Z,0,244.18,2026-06-23T05:38:00Z,53.9,2026-06-23T04:44:00Z,29.1,2026-06-23T05:31:00Z,1,2026-06-23T04:53:00Z,46.4,2026-06-22T23:35:00Z,0,2026-06-28T05:02:00Z,0,2026-06-24T07:31:00Z
TX2-02884,2026-06-23T07:19:00Z,0,18.47,2026-06-23T07:19:00Z,59.2,2026-06-23T05:05:00Z,43.8,2026-06-23T07:09:00Z,0,2026-06-23T07:08:00Z,20.5,2026-06-22T15:52:00Z,0,2026-07-01T20:09:00Z,0,2026-06-25T20:42:00Z
TX2-02885,2026-06-23T08:56:00Z,0,33.78,2026-06-23T08:56:00Z,54.4,2026-06-23T06:56:00Z,55.4,2026-06-23T08:28:00Z,1,2026-06-23T08:36:00Z,31.6,2026-06-22T20:13:00Z,0,2026-06-30T10:11:00Z,1,2026-06-25T20:00:00Z
TX2-02886,2026-06-23T09:09:00Z,0,7.71,2026-06-23T09:09:00Z,42.7,2026-06-23T07:46:00Z,35.8,2026-06-23T08:41:00Z,0,2026-06-23T08:20:00Z,20.2,2026-06-22T18:57:00Z,0,2026-06-28T04:54:00Z,0,2026-06-25T11:58:00Z
TX2-02887,2026-06-23T13:47:00Z,0,39.14,2026-06-23T13:47:00Z,51.3,2026-06-23T10:15:00Z,26.7,2026-06-23T13:41:00Z,1,2026-06-23T13:39:00Z,27.7,2026-06-23T08:18:00Z,0,2026-06-30T20:37:00Z,0,2026-06-26T06:03:00Z
TX2-02888,2026-06-23T15:13:00Z,0,12.28,2026-06-23T15:13:00Z,73.7,2026-06-23T09:55:00Z,42.3,2026-06-23T15:01:00Z,3,2026-06-23T14:31:00Z,42.5,2026-06-23T11:41:00Z,0,2026-06-28T00:13:00Z,0,2026-06-25T14:47:00Z
TX2-02889,2026-06-23T16:44:00Z,0,21.73,2026-06-23T16:44:00Z,27.5,2026-06-23T10:53:00Z,35.6,2026-06-23T16:26:00Z,0,2026-06-23T15:53:00Z,30.9,2026-06-23T10:28:00Z,0,2026-06-27T16:12:00Z,0,2026-06-26T03:01:00Z
TX2-02890,2026-06-23T17:22:00Z,0,35.79,2026-06-23T17:22:00Z,45.4,2026-06-23T11:57:00Z,43.0,2026-06-23T17:17:00Z,2,2026-06-23T17:08:00Z,19.7,2026-06-24T00:38:00Z,0,2026-07-03T15:28:00Z,0,2026-06-26T03:41:00Z
TX2-02891,2026-06-23T17:57:00Z,0,184.33,2026-06-23T17:57:00Z,59.8,2026-06-23T12:59:00Z,39.9,2026-06-23T17:38:00Z,2,2026-06-23T17:51:00Z,42.4,2026-06-23T01:38:00Z,0,2026-06-30T20:28:00Z,0,2026-06-25T11:06:00Z
TX2-02892,2026-06-23T19:25:00Z,0,208.9,2026-06-23T19:25:00Z,64.4,2026-06-23T17:58:00Z,47.0,2026-06-23T19:13:00Z,3,2026-06-23T18:48:00Z,29.7,2026-06-23T16:23:00Z,0,2026-06-30T03:35:00Z,0,2026-06-26T11:20:00Z
TX2-02893,2026-06-23T20:19:00Z,0,70.47,2026-06-23T20:19:00Z,39.4,2026-06-23T17:45:00Z,29.2,2026-06-23T19:53:00Z,1,2026-06-23T19:56:00Z,15.1,2026-06-23T16:37:00Z,0,2026-07-02T11:18:00Z,0,2026-06-24T22:44:00Z
TX2-02894,2026-06-23T20:46:00Z,0,45.7,2026-06-23T20:46:00Z,61.1,2026-06-23T19:08:00Z,44.1,2026-06-23T20:42:00Z,6,2026-06-23T20:29:00Z,45.5,2026-06-23T18:14:00Z,0,2026-06-28T02:00:00Z,0,2026-06-26T01:17:00Z
TX2-02895,2026-06-23T20:55:00Z,0,96.75,2026-06-23T20:55:00Z,49.2,2026-06-23T15:26:00Z,37.9,2026-06-23T20:43:00Z,2,2026-06-23T20:15:00Z,29.8,2026-06-23T03:35:00Z,0,2026-06-28T13:04:00Z,0,2026-06-26T12:42:00Z
TX2-02896,2026-06-23T21:14:00Z,0,45.09,2026-06-23T21:14:00Z,29.5,2026-06-23T20:53:00Z,44.9,2026-06-23T20:58:00Z,1,2026-06-23T20:29:00Z,33.5,2026-06-23T17:19:00Z,0,2026-07-03T03:31:00Z,1,2026-06-25T06:54:00Z
TX2-02897,2026-06-23T21:18:00Z,0,101.68,2026-06-23T21:18:00Z,67.7,2026-06-23T20:18:00Z,33.3,2026-06-23T21:12:00Z,1,2026-06-23T20:50:00Z,44.0,2026-06-23T18:46:00Z,0,2026-06-28T14:45:00Z,2,2026-06-25T10:34:00Z
TX2-02898,2026-06-23T22:35:00Z,0,208.32,2026-06-23T22:35:00Z,65.2,2026-06-23T17:15:00Z,32.7,2026-06-23T22:11:00Z,1,2026-06-23T22:08:00Z,26.9,2026-06-23T05:50:00Z,0,2026-07-03T05:02:00Z,0,2026-06-24T22:46:00Z
TX2-02899,2026-06-24T03:24:00Z,0,221.13,2026-06-24T03:24:00Z,45.3,2026-06-24T00:58:00Z,42.9,2026-06-24T03:17:00Z,5,2026-06-24T02:28:00Z,24.5,2026-06-23T09:22:00Z,0,2026-06-29T17:41:00Z,0,2026-06-27T02:44:00Z
TX2-02900,2026-06-24T05:58:00Z,0,46.11,2026-06-24T05:58:00Z,72.8,2026-06-24T00:12:00Z,45.8,2026-06-24T05:57:00Z,2,2026-06-24T05:34:00Z,45.7,2026-06-23T17:03:00Z,0,2026-06-27T09:03:00Z,1,2026-06-26T12:09:00Z
TX2-02901,2026-06-24T06:50:00Z,1,321.96,2026-06-24T06:50:00Z,66.5,2026-06-24T05:46:00Z,52.2,2026-06-24T06:48:00Z,1,2026-06-24T06:26:00Z,15.0,2026-06-24T09:10:00Z,1,2026-06-29T12:48:00Z,2,2026-06-26T21:00:00Z
TX2-02902,2026-06-24T07:19:00Z,0,11.32,2026-06-24T07:19:00Z,56.1,2026-06-24T02:32:00Z,34.3,2026-06-24T06:58:00Z,1,2026-06-24T06:30:00Z,30.9,2026-06-24T04:03:00Z,0,2026-06-28T23:08:00Z,0,2026-06-26T00:07:00Z
TX2-02903,2026-06-24T08:57:00Z,0,67.2,2026-06-24T08:57:00Z,46.4,2026-06-24T06:44:00Z,45.7,2026-06-24T08:36:00Z,1,2026-06-24T08:10:00Z,21.9,2026-06-24T06:16:00Z,0,2026-07-03T11:02:00Z,0,2026-06-25T21:14:00Z
TX2-02904,2026-06-24T09:25:00Z,0,24.41,2026-06-24T09:25:00Z,32.4,2026-06-24T05:13:00Z,40.7,2026-06-24T09:19:00Z,2,2026-06-24T08:41:00Z,36.4,2026-06-23T18:01:00Z,0,2026-06-28T22:13:00Z,0,2026-06-26T02:23:00Z
TX2-02905,2026-06-24T10:16:00Z,0,408.21,2026-06-24T10:16:00Z,39.6,2026-06-24T09:26:00Z,31.7,2026-06-24T10:07:00Z,4,2026-06-24T09:29:00Z,48.0,2026-06-24T08:18:00Z,0,2026-06-30T19:38:00Z,1,2026-06-25T23:54:00Z
TX2-02906,2026-06-24T13:18:00Z,0,68.82,2026-06-24T13:18:00Z,34.4,2026-06-24T12:12:00Z,27.9,2026-06-24T13:06:00Z,1,2026-06-24T12:49:00Z,43.4,2026-06-24T08:53:00Z,0,2026-06-30T06:03:00Z,0,2026-06-26T20:22:00Z
TX2-02907,2026-06-24T13:41:00Z,0,36.71,2026-06-24T13:41:00Z,49.2,2026-06-24T10:59:00Z,37.6,2026-06-24T13:38:00Z,5,2026-06-24T13:06:00Z,9.9,2026-06-24T07:39:00Z,0,2026-07-02T19:13:00Z,0,2026-06-26T15:40:00Z
TX2-02908,2026-06-24T14:31:00Z,0,22.78,2026-06-24T14:31:00Z,58.1,2026-06-24T10:27:00Z,33.5,2026-06-24T14:10:00Z,4,2026-06-24T14:17:00Z,18.4,2026-06-24T01:39:00Z,0,2026-07-01T16:24:00Z,0,2026-06-26T22:16:00Z
TX2-02909,2026-06-24T17:16:00Z,0,61.83,2026-06-24T17:16:00Z,55.1,2026-06-24T17:09:00Z,30.6,2026-06-24T17:02:00Z,1,2026-06-24T16:37:00Z,37.6,2026-06-24T00:22:00Z,0,2026-06-27T22:16:00Z,0,2026-06-26T01:06:00Z
TX2-02910,2026-06-24T17:59:00Z,0,190.85,2026-06-24T17:59:00Z,64.4,2026-06-24T16:32:00Z,31.2,2026-06-24T17:46:00Z,2,2026-06-24T17:04:00Z,35.2,2026-06-25T02:11:00Z,0,2026-07-03T01:31:00Z,0,2026-06-26T18:55:00Z
TX2-02911,2026-06-24T21:21:00Z,0,51.45,2026-06-24T21:21:00Z,34.2,2026-06-24T17:00:00Z,16.1,2026-06-24T21:08:00Z,1,2026-06-24T20:40:00Z,38.1,2026-06-24T08:13:00Z,0,2026-06-29T13:13:00Z,0,2026-06-26T00:15:00Z
TX2-02912,2026-06-24T22:58:00Z,0,50.11,2026-06-24T22:58:00Z,70.9,2026-06-24T19:09:00Z,31.1,2026-06-24T22:34:00Z,0,2026-06-24T22:31:00Z,48.6,2026-06-24T11:55:00Z,0,2026-06-28T21:42:00Z,0,2026-06-26T06:36:00Z
TX2-02913,2026-06-24T23:14:00Z,0,73.7,2026-06-24T23:14:00Z,88.4,2026-06-24T20:31:00Z,39.2,2026-06-24T23:04:00Z,2,2026-06-24T22:45:00Z,32.3,2026-06-24T07:15:00Z,0,2026-07-04T14:09:00Z,0,2026-06-26T15:48:00Z
TX2-02914,2026-06-24T23:43:00Z,0,345.4,2026-06-24T23:43:00Z,55.5,2026-06-24T21:10:00Z,25.1,2026-06-24T23:19:00Z,2,2026-06-24T23:17:00Z,20.9,2026-06-24T05:25:00Z,0,2026-06-29T13:32:00Z,0,2026-06-26T18:14:00Z
TX2-02915,2026-06-25T00:35:00Z,1,92.96,2026-06-25T00:35:00Z,40.4,2026-06-24T21:11:00Z,40.8,2026-06-25T00:22:00Z,6,2026-06-25T00:07:00Z,23.6,2026-06-24T14:02:00Z,1,2026-06-28T11:17:00Z,2,2026-06-27T22:56:00Z
TX2-02916,2026-06-25T03:30:00Z,0,57.02,2026-06-25T03:30:00Z,42.6,2026-06-24T23:31:00Z,33.9,2026-06-25T03:05:00Z,1,2026-06-25T02:52:00Z,33.0,2026-06-24T13:07:00Z,1,2026-07-04T03:26:00Z,0,2026-06-28T02:46:00Z
TX2-02917,2026-06-25T04:19:00Z,0,20.42,2026-06-25T04:19:00Z,46.3,2026-06-25T03:33:00Z,27.5,2026-06-25T04:01:00Z,2,2026-06-25T03:56:00Z,33.6,2026-06-24T14:50:00Z,0,2026-07-04T01:47:00Z,0,2026-06-27T11:09:00Z
TX2-02918,2026-06-25T05:48:00Z,0,29.98,2026-06-25T05:48:00Z,57.6,2026-06-25T05:22:00Z,34.0,2026-06-25T05:41:00Z,1,2026-06-25T05:07:00Z,28.6,2026-06-25T01:11:00Z,0,2026-07-01T07:38:00Z,2,2026-06-28T04:53:00Z
TX2-02919,2026-06-25T06:01:00Z,0,52.58,2026-06-25T06:01:00Z,67.3,2026-06-25T04:18:00Z,29.2,2026-06-25T05:40:00Z,2,2026-06-25T05:07:00Z,38.6,2026-06-25T08:26:00Z,0,2026-06-29T18:37:00Z,0,2026-06-26T11:21:00Z
TX2-02920,2026-06-25T06:12:00Z,0,19.85,2026-06-25T06:12:00Z,56.9,2026-06-25T03:37:00Z,26.6,2026-06-25T06:01:00Z,3,2026-06-25T05:26:00Z,22.7,2026-06-25T00:04:00Z,0,2026-07-04T01:07:00Z,0,2026-06-27T23:37:00Z
TX2-02921,2026-06-25T06:32:00Z,1,42.18,2026-06-25T06:32:00Z,50.3,2026-06-25T04:40:00Z,45.0,2026-06-25T06:14:00Z,0,2026-06-25T05:55:00Z,28.3,2026-06-24T15:06:00Z,1,2026-06-28T11:56:00Z,1,2026-06-27T01:15:00Z
TX2-02922,2026-06-25T07:48:00Z,0,48.96,2026-06-25T07:48:00Z,49.5,2026-06-25T06:39:00Z,54.1,2026-06-25T07:26:00Z,2,2026-06-25T07:13:00Z,19.7,2026-06-24T22:39:00Z,0,2026-07-03T16:56:00Z,0,2026-06-27T18:09:00Z
TX2-02923,2026-06-25T09:38:00Z,0,87.97,2026-06-25T09:38:00Z,48.3,2026-06-25T04:59:00Z,31.4,2026-06-25T09:27:00Z,1,2026-06-25T09:29:00Z,23.1,2026-06-24T15:43:00Z,0,2026-07-03T19:32:00Z,0,2026-06-27T02:35:00Z
TX2-02924,2026-06-25T10:01:00Z,0,186.37,2026-06-25T10:01:00Z,59.0,2026-06-25T07:39:00Z,48.1,2026-06-25T10:00:00Z,2,2026-06-25T09:39:00Z,34.7,2026-06-25T13:00:00Z,0,2026-06-30T11:06:00Z,0,2026-06-27T02:52:00Z
TX2-02925,2026-06-25T11:40:00Z,0,263.67,2026-06-25T11:40:00Z,33.2,2026-06-25T11:35:00Z,27.1,2026-06-25T11:11:00Z,1,2026-06-25T11:35:00Z,22.1,2026-06-24T23:39:00Z,0,2026-06-28T16:22:00Z,0,2026-06-27T20:03:00Z
TX2-02926,2026-06-25T13:34:00Z,0,13.46,2026-06-25T13:34:00Z,45.3,2026-06-25T09:31:00Z,21.5,2026-06-25T13:19:00Z,3,2026-06-25T12:57:00Z,39.0,2026-06-25T06:18:00Z,0,2026-07-05T02:12:00Z,0,2026-06-28T07:12:00Z
TX2-02927,2026-06-25T14:19:00Z,0,108.18,2026-06-25T14:19:00Z,52.4,2026-06-25T09:51:00Z,44.0,2026-06-25T13:57:00Z,1,2026-06-25T14:17:00Z,22.7,2026-06-24T21:31:00Z,0,2026-06-30T21:45:00Z,0,2026-06-27T12:36:00Z
TX2-02928,2026-06-25T14:23:00Z,1,321.38,2026-06-25T14:23:00Z,58.5,2026-06-25T09:43:00Z,34.7,2026-06-25T14:02:00Z,3,2026-06-25T13:36:00Z,34.0,2026-06-25T00:19:00Z,1,2026-07-01T02:55:00Z,2,2026-06-27T08:36:00Z
TX2-02929,2026-06-25T15:16:00Z,0,95.04,2026-06-25T15:16:00Z,70.5,2026-06-25T10:10:00Z,54.1,2026-06-25T14:54:00Z,3,2026-06-25T15:11:00Z,26.9,2026-06-24T20:57:00Z,0,2026-07-02T22:57:00Z,0,2026-06-26T17:41:00Z
TX2-02930,2026-06-25T16:44:00Z,0,98.5,2026-06-25T16:44:00Z,66.2,2026-06-25T14:46:00Z,19.9,2026-06-25T16:16:00Z,0,2026-06-25T16:10:00Z,37.8,2026-06-25T09:29:00Z,0,2026-07-04T07:00:00Z,0,2026-06-28T07:13:00Z
TX2-02931,2026-06-25T18:29:00Z,0,270.52,2026-06-25T18:29:00Z,63.4,2026-06-25T16:01:00Z,43.1,2026-06-25T18:00:00Z,6,2026-06-25T17:49:00Z,34.7,2026-06-25T13:01:00Z,0,2026-06-28T20:44:00Z,0,2026-06-28T09:39:00Z
TX2-02932,2026-06-25T22:23:00Z,0,34.77,2026-06-25T22:23:00Z,16.7,2026-06-25T21:26:00Z,38.6,2026-06-25T21:54:00Z,0,2026-06-25T21:29:00Z,31.7,2026-06-25T06:12:00Z,0,2026-06-29T21:45:00Z,0,2026-06-28T06:50:00Z
TX2-02933,2026-06-25T23:58:00Z,0,148.09,2026-06-25T23:58:00Z,39.7,2026-06-25T21:29:00Z,26.0,2026-06-25T23:38:00Z,2,2026-06-25T23:29:00Z,27.5,2026-06-25T05:12:00Z,0,2026-07-05T11:07:00Z,0,2026-06-28T18:29:00Z
TX2-02934,2026-06-26T01:16:00Z,0,78.19,2026-06-26T01:16:00Z,60.2,2026-06-25T20:32:00Z,44.7,2026-06-26T01:12:00Z,1,2026-06-26T01:14:00Z,31.1,2026-06-25T13:04:00Z,0,2026-06-30T18:02:00Z,0,2026-06-27T22:21:00Z
TX2-02935,2026-06-26T01:32:00Z,0,98.79,2026-06-26T01:32:00Z,50.7,2026-06-26T00:24:00Z,26.4,2026-06-26T01:05:00Z,2,2026-06-26T01:17:00Z,46.4,2026-06-25T20:38:00Z,0,2026-07-05T18:54:00Z,0,2026-06-27T12:20:00Z
TX2-02936,2026-06-26T01:41:00Z,0,30.3,2026-06-26T01:41:00Z,46.0,2026-06-25T23:17:00Z,46.4,2026-06-26T01:24:00Z,3,2026-06-26T01:30:00Z,37.9,2026-06-26T10:03:00Z,0,2026-07-04T23:43:00Z,0,2026-06-27T10:49:00Z
TX2-02937,2026-06-26T02:09:00Z,0,31.97,2026-06-26T02:09:00Z,56.2,2026-06-26T00:58:00Z,47.9,2026-06-26T02:04:00Z,4,2026-06-26T01:58:00Z,32.7,2026-06-25T07:17:00Z,0,2026-07-04T22:52:00Z,0,2026-06-29T00:38:00Z
TX2-02938,2026-06-26T02:44:00Z,0,147.42,2026-06-26T02:44:00Z,57.4,2026-06-26T00:21:00Z,39.1,2026-06-26T02:14:00Z,2,2026-06-26T01:53:00Z,32.8,2026-06-25T12:39:00Z,0,2026-07-05T22:23:00Z,1,2026-06-27T15:12:00Z
TX2-02939,2026-06-26T02:50:00Z,0,12.53,2026-06-26T02:50:00Z,54.2,2026-06-26T01:46:00Z,37.5,2026-06-26T02:49:00Z,1,2026-06-26T02:40:00Z,21.2,2026-06-26T09:40:00Z,0,2026-07-03T17:48:00Z,0,2026-06-28T06:03:00Z
TX2-02940,2026-06-26T03:52:00Z,0,64.44,2026-06-26T03:52:00Z,70.7,2026-06-26T03:05:00Z,28.5,2026-06-26T03:44:00Z,2,2026-06-26T03:43:00Z,42.4,2026-06-25T19:12:00Z,0,2026-07-01T15:05:00Z,0,2026-06-28T03:15:00Z
TX2-02941,2026-06-26T07:13:00Z,0,108.33,2026-06-26T07:13:00Z,54.6,2026-06-26T03:58:00Z,46.6,2026-06-26T06:55:00Z,3,2026-06-26T06:42:00Z,25.0,2026-06-25T18:24:00Z,0,2026-07-05T09:49:00Z,2,2026-06-27T07:44:00Z
TX2-02942,2026-06-26T11:24:00Z,0,39.86,2026-06-26T11:24:00Z,31.8,2026-06-26T07:51:00Z,34.6,2026-06-26T11:22:00Z,3,2026-06-26T11:08:00Z,38.7,2026-06-26T03:37:00Z,0,2026-07-05T19:15:00Z,0,2026-06-29T02:04:00Z
TX2-02943,2026-06-26T15:04:00Z,0,27.84,2026-06-26T15:04:00Z,53.2,2026-06-26T10:56:00Z,40.0,2026-06-26T15:03:00Z,1,2026-06-26T14:37:00Z,31.8,2026-06-26T05:21:00Z,0,2026-07-02T00:54:00Z,0,2026-06-28T17:10:00Z
TX2-02944,2026-06-26T15:37:00Z,0,103.23,2026-06-26T15:37:00Z,44.0,2026-06-26T15:28:00Z,47.2,2026-06-26T15:10:00Z,1,2026-06-26T14:39:00Z,21.0,2026-06-27T00:21:00Z,0,2026-07-03T09:23:00Z,0,2026-06-27T17:20:00Z
TX2-02945,2026-06-26T16:55:00Z,0,54.49,2026-06-26T16:55:00Z,49.4,2026-06-26T12:37:00Z,34.1,2026-06-26T16:47:00Z,4,2026-06-26T15:59:00Z,27.1,2026-06-26T08:18:00Z,0,2026-07-02T12:39:00Z,0,2026-06-27T21:32:00Z
TX2-02946,2026-06-26T19:39:00Z,0,195.89,2026-06-26T19:39:00Z,43.7,2026-06-26T15:43:00Z,36.7,2026-06-26T19:38:00Z,3,2026-06-26T19:14:00Z,40.4,2026-06-26T03:05:00Z,0,2026-07-02T20:46:00Z,0,2026-06-29T03:30:00Z
TX2-02947,2026-06-26T20:32:00Z,1,76.37,2026-06-26T20:32:00Z,66.4,2026-06-26T19:29:00Z,41.6,2026-06-26T20:21:00Z,3,2026-06-26T20:01:00Z,16.5,2026-06-27T00:13:00Z,0,2026-06-30T15:14:00Z,2,2026-06-28T10:55:00Z
TX2-02948,2026-06-26T22:28:00Z,0,85.75,2026-06-26T22:28:00Z,46.9,2026-06-26T19:20:00Z,53.2,2026-06-26T22:16:00Z,2,2026-06-26T22:09:00Z,18.7,2026-06-26T21:23:00Z,0,2026-07-01T09:17:00Z,0,2026-06-28T14:10:00Z
TX2-02949,2026-06-26T23:01:00Z,0,156.03,2026-06-26T23:01:00Z,37.4,2026-06-26T20:36:00Z,43.6,2026-06-26T22:51:00Z,3,2026-06-26T22:36:00Z,38.7,2026-06-26T10:53:00Z,0,2026-07-06T04:17:00Z,0,2026-06-29T07:53:00Z
TX2-02950,2026-06-26T23:31:00Z,1,42.4,2026-06-26T23:31:00Z,73.7,2026-06-26T19:51:00Z,66.0,2026-06-26T23:14:00Z,8,2026-06-26T22:39:00Z,21.5,2026-06-26T17:13:00Z,1,2026-07-02T11:38:00Z,0,2026-06-29T16:03:00Z
TX2-02951,2026-06-27T00:16:00Z,0,122.86,2026-06-27T00:16:00Z,56.7,2026-06-26T20:23:00Z,35.4,2026-06-26T23:50:00Z,0,2026-06-26T23:48:00Z,34.5,2026-06-26T17:19:00Z,0,2026-07-04T19:08:00Z,0,2026-06-29T03:51:00Z
TX2-02952,2026-06-27T00:24:00Z,0,13.36,2026-06-27T00:24:00Z,26.9,2026-06-26T23:00:00Z,43.1,2026-06-27T00:15:00Z,2,2026-06-26T23:33:00Z,37.5,2026-06-26T15:11:00Z,0,2026-07-04T00:06:00Z,0,2026-06-29T00:44:00Z
TX2-02953,2026-06-27T01:36:00Z,0,17.39,2026-06-27T01:36:00Z,31.0,2026-06-26T21:22:00Z,21.1,2026-06-27T01:30:00Z,3,2026-06-27T01:08:00Z,28.3,2026-06-27T02:37:00Z,0,2026-07-01T14:44:00Z,0,2026-06-28T11:05:00Z
TX2-02954,2026-06-27T03:54:00Z,0,26.12,2026-06-27T03:54:00Z,62.4,2026-06-27T03:18:00Z,15.8,2026-06-27T03:53:00Z,3,2026-06-27T03:11:00Z,28.8,2026-06-26T11:08:00Z,0,2026-07-05T00:33:00Z,0,2026-06-28T19:47:00Z
TX2-02955,2026-06-27T07:47:00Z,0,19.19,2026-06-27T07:47:00Z,60.5,2026-06-27T04:58:00Z,33.2,2026-06-27T07:40:00Z,1,2026-06-27T07:44:00Z,25.9,2026-06-27T09:31:00Z,0,2026-07-04T16:55:00Z,0,2026-06-30T01:54:00Z
TX2-02956,2026-06-27T08:01:00Z,1,87.96,2026-06-27T08:01:00Z,44.0,2026-06-27T07:09:00Z,39.1,2026-06-27T07:42:00Z,5,2026-06-27T07:58:00Z,36.1,2026-06-26T21:59:00Z,1,2026-07-02T07:04:00Z,2,2026-06-29T02:51:00Z
TX2-02957,2026-06-27T11:45:00Z,1,26.61,2026-06-27T11:45:00Z,64.3,2026-06-27T11:04:00Z,42.2,2026-06-27T11:43:00Z,5,2026-06-27T11:11:00Z,14.2,2026-06-26T21:54:00Z,1,2026-06-30T19:33:00Z,0,2026-06-29T18:14:00Z
TX2-02958,2026-06-27T13:23:00Z,0,56.51,2026-06-27T13:23:00Z,33.6,2026-06-27T10:49:00Z,28.8,2026-06-27T13:05:00Z,1,2026-06-27T12:42:00Z,35.2,2026-06-26T19:13:00Z,0,2026-07-01T10:55:00Z,0,2026-06-29T23:37:00Z
TX2-02959,2026-06-27T13:41:00Z,0,193.79,2026-06-27T13:41:00Z,51.5,2026-06-27T08:17:00Z,42.9,2026-06-27T13:16:00Z,8,2026-06-27T13:20:00Z,35.2,2026-06-27T04:39:00Z,0,2026-07-03T17:27:00Z,0,2026-06-30T04:55:00Z
TX2-02960,2026-06-27T15:56:00Z,0,151.23,2026-06-27T15:56:00Z,67.7,2026-06-27T11:13:00Z,47.6,2026-06-27T15:40:00Z,3,2026-06-27T15:41:00Z,38.0,2026-06-27T03:12:00Z,0,2026-07-05T21:46:00Z,0,2026-06-30T11:33:00Z
TX2-02961,2026-06-27T16:18:00Z,0,487.86,2026-06-27T16:18:00Z,45.9,2026-06-27T10:41:00Z,29.9,2026-06-27T16:14:00Z,1,2026-06-27T15:38:00Z,28.8,2026-06-27T08:38:00Z,0,2026-07-05T21:17:00Z,0,2026-06-29T15:23:00Z
TX2-02962,2026-06-27T17:56:00Z,0,133.03,2026-06-27T17:56:00Z,53.3,2026-06-27T16:11:00Z,44.1,2026-06-27T17:36:00Z,4,2026-06-27T17:14:00Z,26.2,2026-06-27T02:35:00Z,0,2026-07-06T22:42:00Z,0,2026-06-29T16:45:00Z
TX2-02963,2026-06-27T22:23:00Z,1,67.45,2026-06-27T22:23:00Z,41.6,2026-06-27T20:22:00Z,46.2,2026-06-27T22:03:00Z,2,2026-06-27T21:32:00Z,26.4,2026-06-27T10:15:00Z,0,2026-07-06T21:14:00Z,1,2026-06-29T03:57:00Z
TX2-02964,2026-06-27T22:30:00Z,0,26.36,2026-06-27T22:30:00Z,48.8,2026-06-27T17:14:00Z,39.5,2026-06-27T22:02:00Z,6,2026-06-27T22:13:00Z,26.6,2026-06-27T06:31:00Z,0,2026-07-01T18:23:00Z,1,2026-06-30T08:19:00Z
TX2-02965,2026-06-27T23:13:00Z,0,79.79,2026-06-27T23:13:00Z,61.5,2026-06-27T21:56:00Z,34.8,2026-06-27T22:44:00Z,2,2026-06-27T22:21:00Z,42.2,2026-06-27T19:42:00Z,0,2026-07-05T11:58:00Z,0,2026-06-30T02:25:00Z
TX2-02966,2026-06-28T07:32:00Z,0,65.08,2026-06-28T07:32:00Z,37.5,2026-06-28T04:54:00Z,44.6,2026-06-28T07:27:00Z,3,2026-06-28T06:45:00Z,33.0,2026-06-28T02:27:00Z,0,2026-07-02T00:02:00Z,0,2026-07-01T05:25:00Z
TX2-02967,2026-06-28T09:13:00Z,0,38.88,2026-06-28T09:13:00Z,36.5,2026-06-28T07:12:00Z,36.9,2026-06-28T09:06:00Z,0,2026-06-28T08:14:00Z,29.7,2026-06-28T02:07:00Z,0,2026-07-02T03:33:00Z,0,2026-06-30T11:12:00Z
TX2-02968,2026-06-28T10:22:00Z,0,166.28,2026-06-28T10:22:00Z,35.2,2026-06-28T07:29:00Z,35.4,2026-06-28T10:03:00Z,1,2026-06-28T09:44:00Z,17.9,2026-06-28T00:33:00Z,0,2026-07-02T10:39:00Z,0,2026-06-30T11:28:00Z
TX2-02969,2026-06-28T11:46:00Z,0,31.58,2026-06-28T11:46:00Z,59.1,2026-06-28T06:42:00Z,40.6,2026-06-28T11:38:00Z,1,2026-06-28T11:22:00Z,26.9,2026-06-27T20:54:00Z,0,2026-07-04T15:08:00Z,0,2026-06-30T17:49:00Z
TX2-02970,2026-06-28T12:32:00Z,0,51.06,2026-06-28T12:32:00Z,59.8,2026-06-28T08:03:00Z,43.1,2026-06-28T12:04:00Z,4,2026-06-28T11:54:00Z,41.8,2026-06-27T21:58:00Z,0,2026-07-07T03:22:00Z,1,2026-07-01T09:34:00Z
TX2-02971,2026-06-28T13:16:00Z,0,203.95,2026-06-28T13:16:00Z,55.1,2026-06-28T08:24:00Z,23.0,2026-06-28T12:57:00Z,0,2026-06-28T12:48:00Z,34.3,2026-06-28T03:11:00Z,1,2026-07-04T13:14:00Z,0,2026-06-30T22:52:00Z
TX2-02972,2026-06-28T16:27:00Z,0,259.45,2026-06-28T16:27:00Z,50.0,2026-06-28T12:55:00Z,34.7,2026-06-28T16:19:00Z,1,2026-06-28T16:21:00Z,28.5,2026-06-28T17:40:00Z,0,2026-07-03T05:27:00Z,0,2026-06-30T14:26:00Z
TX2-02973,2026-06-28T16:48:00Z,0,89.42,2026-06-28T16:48:00Z,48.7,2026-06-28T15:00:00Z,39.7,2026-06-28T16:40:00Z,3,2026-06-28T16:01:00Z,17.8,2026-06-28T05:18:00Z,0,2026-07-06T19:06:00Z,0,2026-06-30T00:26:00Z
TX2-02974,2026-06-28T18:08:00Z,0,169.67,2026-06-28T18:08:00Z,43.0,2026-06-28T12:14:00Z,39.2,2026-06-28T17:56:00Z,1,2026-06-28T17:20:00Z,14.7,2026-06-29T01:15:00Z,0,2026-07-07T17:12:00Z,0,2026-06-30T21:08:00Z
TX2-02975,2026-06-28T18:36:00Z,0,67.4,2026-06-28T18:36:00Z,40.6,2026-06-28T14:14:00Z,56.0,2026-06-28T18:31:00Z,3,2026-06-28T18:21:00Z,29.1,2026-06-28T11:47:00Z,0,2026-07-02T06:03:00Z,1,2026-06-30T12:05:00Z
TX2-02976,2026-06-28T18:42:00Z,0,100.76,2026-06-28T18:42:00Z,44.9,2026-06-28T12:48:00Z,16.2,2026-06-28T18:19:00Z,1,2026-06-28T17:59:00Z,31.3,2026-06-28T02:14:00Z,0,2026-07-04T21:52:00Z,0,2026-06-30T21:47:00Z
TX2-02977,2026-06-28T21:27:00Z,0,109.62,2026-06-28T21:27:00Z,59.5,2026-06-28T16:57:00Z,49.6,2026-06-28T21:13:00Z,1,2026-06-28T20:48:00Z,38.6,2026-06-29T02:49:00Z,1,2026-07-06T16:50:00Z,0,2026-06-30T17:51:00Z
TX2-02978,2026-06-28T23:27:00Z,0,129.14,2026-06-28T23:27:00Z,32.5,2026-06-28T22:15:00Z,31.4,2026-06-28T22:58:00Z,0,2026-06-28T23:02:00Z,30.0,2026-06-28T05:47:00Z,0,2026-07-02T16:15:00Z,0,2026-07-01T13:51:00Z
TX2-02979,2026-06-29T00:27:00Z,1,79.97,2026-06-29T00:27:00Z,39.3,2026-06-28T22:07:00Z,42.4,2026-06-29T00:11:00Z,2,2026-06-28T23:45:00Z,29.0,2026-06-29T08:52:00Z,1,2026-07-06T02:08:00Z,2,2026-07-01T22:20:00Z
TX2-02980,2026-06-29T01:40:00Z,0,162.87,2026-06-29T01:40:00Z,70.3,2026-06-29T00:07:00Z,23.6,2026-06-29T01:20:00Z,3,2026-06-29T01:25:00Z,29.1,2026-06-28T22:50:00Z,0,2026-07-03T13:14:00Z,0,2026-07-01T04:14:00Z
TX2-02981,2026-06-29T06:00:00Z,0,371.58,2026-06-29T06:00:00Z,55.8,2026-06-29T04:46:00Z,52.1,2026-06-29T05:50:00Z,1,2026-06-29T05:53:00Z,31.8,2026-06-28T10:24:00Z,0,2026-07-08T01:16:00Z,0,2026-06-30T22:37:00Z
TX2-02982,2026-06-29T06:19:00Z,0,47.77,2026-06-29T06:19:00Z,43.4,2026-06-29T02:03:00Z,48.5,2026-06-29T05:56:00Z,4,2026-06-29T06:09:00Z,31.5,2026-06-29T13:33:00Z,0,2026-07-09T02:11:00Z,0,2026-06-30T07:54:00Z
TX2-02983,2026-06-29T07:25:00Z,0,93.79,2026-06-29T07:25:00Z,57.3,2026-06-29T05:02:00Z,53.3,2026-06-29T07:19:00Z,4,2026-06-29T07:02:00Z,35.5,2026-06-28T16:23:00Z,0,2026-07-05T19:43:00Z,0,2026-06-30T16:19:00Z
TX2-02984,2026-06-29T07:29:00Z,0,57.92,2026-06-29T07:29:00Z,43.2,2026-06-29T02:58:00Z,38.8,2026-06-29T07:02:00Z,3,2026-06-29T07:24:00Z,21.5,2026-06-28T19:23:00Z,0,2026-07-04T22:23:00Z,0,2026-07-01T07:54:00Z
TX2-02985,2026-06-29T07:55:00Z,0,7.36,2026-06-29T07:55:00Z,35.2,2026-06-29T07:05:00Z,48.9,2026-06-29T07:26:00Z,2,2026-06-29T07:15:00Z,12.1,2026-06-29T01:21:00Z,0,2026-07-05T19:37:00Z,0,2026-07-01T07:20:00Z
TX2-02986,2026-06-29T10:02:00Z,0,74.55,2026-06-29T10:02:00Z,55.4,2026-06-29T07:42:00Z,34.1,2026-06-29T09:32:00Z,1,2026-06-29T09:43:00Z,23.8,2026-06-29T01:28:00Z,0,2026-07-07T12:15:00Z,0,2026-06-30T18:40:00Z
TX2-02987,2026-06-29T11:43:00Z,0,237.62,2026-06-29T11:43:00Z,46.6,2026-06-29T10:04:00Z,39.5,2026-06-29T11:31:00Z,2,2026-06-29T11:26:00Z,26.0,2026-06-28T15:49:00Z,0,2026-07-06T12:38:00Z,0,2026-07-02T01:06:00Z
TX2-02988,2026-06-29T14:50:00Z,0,244.94,2026-06-29T14:50:00Z,56.0,2026-06-29T10:32:00Z,21.7,2026-06-29T14:38:00Z,1,2026-06-29T14:34:00Z,37.9,2026-06-29T21:44:00Z,0,2026-07-04T23:58:00Z,0,2026-07-01T00:25:00Z
TX2-02989,2026-06-29T15:01:00Z,0,33.89,2026-06-29T15:01:00Z,36.0,2026-06-29T13:02:00Z,45.7,2026-06-29T14:34:00Z,1,2026-06-29T14:38:00Z,34.0,2026-06-29T11:51:00Z,0,2026-07-07T16:27:00Z,0,2026-07-01T17:34:00Z
TX2-02990,2026-06-29T15:30:00Z,1,181.34,2026-06-29T15:30:00Z,64.2,2026-06-29T11:53:00Z,22.7,2026-06-29T15:24:00Z,4,2026-06-29T14:47:00Z,31.6,2026-06-28T19:43:00Z,1,2026-07-05T02:40:00Z,2,2026-07-01T13:47:00Z
TX2-02991,2026-06-29T16:23:00Z,0,51.43,2026-06-29T16:23:00Z,38.9,2026-06-29T14:34:00Z,46.1,2026-06-29T16:13:00Z,3,2026-06-29T15:37:00Z,27.3,2026-06-29T11:25:00Z,0,2026-07-07T12:02:00Z,0,2026-07-01T02:23:00Z
TX2-02992,2026-06-29T16:44:00Z,0,261.86,2026-06-29T16:44:00Z,59.6,2026-06-29T16:30:00Z,38.4,2026-06-29T16:19:00Z,5,2026-06-29T16:19:00Z,28.9,2026-06-29T02:39:00Z,0,2026-07-04T10:36:00Z,0,2026-07-01T14:13:00Z
TX2-02993,2026-06-29T16:50:00Z,0,83.67,2026-06-29T16:50:00Z,49.5,2026-06-29T14:38:00Z,22.7,2026-06-29T16:32:00Z,3,2026-06-29T15:55:00Z,34.7,2026-06-29T11:24:00Z,0,2026-07-07T21:25:00Z,0,2026-07-01T06:38:00Z
TX2-02994,2026-06-29T18:25:00Z,0,16.84,2026-06-29T18:25:00Z,45.8,2026-06-29T13:50:00Z,43.2,2026-06-29T17:57:00Z,1,2026-06-29T17:42:00Z,24.7,2026-06-30T01:53:00Z,0,2026-07-06T22:25:00Z,0,2026-07-02T02:12:00Z
TX2-02995,2026-06-29T18:29:00Z,0,168.21,2026-06-29T18:29:00Z,49.9,2026-06-29T12:32:00Z,22.4,2026-06-29T18:24:00Z,1,2026-06-29T17:42:00Z,38.0,2026-06-29T16:54:00Z,0,2026-07-05T13:54:00Z,0,2026-07-01T17:11:00Z
TX2-02996,2026-06-29T18:45:00Z,0,58.26,2026-06-29T18:45:00Z,49.4,2026-06-29T15:22:00Z,44.9,2026-06-29T18:32:00Z,6,2026-06-29T17:54:00Z,20.7,2026-06-29T16:15:00Z,0,2026-07-08T03:37:00Z,0,2026-07-01T15:37:00Z
TX2-02997,2026-06-29T20:00:00Z,0,219.48,2026-06-29T20:00:00Z,51.3,2026-06-29T18:17:00Z,46.4,2026-06-29T19:53:00Z,3,2026-06-29T19:01:00Z,16.4,2026-06-29T13:47:00Z,0,2026-07-09T19:05:00Z,0,2026-07-02T03:56:00Z
TX2-02998,2026-06-29T20:00:00Z,0,165.51,2026-06-29T20:00:00Z,38.2,2026-06-29T15:05:00Z,46.6,2026-06-29T19:46:00Z,8,2026-06-29T19:22:00Z,18.6,2026-06-29T04:03:00Z,0,2026-07-08T20:44:00Z,0,2026-07-02T16:59:00Z
TX2-02999,2026-06-29T22:31:00Z,0,13.63,2026-06-29T22:31:00Z,50.4,2026-06-29T20:51:00Z,35.7,2026-06-29T22:08:00Z,2,2026-06-29T21:47:00Z,24.1,2026-06-29T19:12:00Z,0,2026-07-08T06:19:00Z,0,2026-07-01T13:50:00Z
