forecast_id,store_id,decision_time,yesterday_sales,last_7_days_sales,current_stock,current_price,next_week_sales,month_end_total_sales,target,yesterday_sales_available_time,last_7_days_sales_available_time,current_stock_available_time,current_price_available_time,next_week_sales_available_time,month_end_total_sales_available_time
FC-00000,S135,2025-08-04T00:44:31Z,54.0,289.0,76.0,25.36,328.0,1371.0,0,2025-08-03T21:14:34Z,2025-08-03T17:00:48Z,2025-08-03T23:16:51Z,2025-07-22T21:42:28Z,2025-08-11T10:36:06Z,2025-08-09T15:18:13Z
FC-00001,S141,2025-08-04T01:01:02Z,57.0,331.0,63.0,14.81,393.0,1681.0,0,2025-08-03T21:42:03Z,2025-08-03T05:17:55Z,2025-08-03T23:30:06Z,2025-07-27T23:28:05Z,2025-08-11T17:38:27Z,2025-08-28T12:03:13Z
FC-00002,S132,2025-08-04T01:09:09Z,102.0,666.0,120.0,37.23,759.0,3040.0,0,2025-08-03T12:41:37Z,2025-08-03T16:09:38Z,2025-08-04T00:26:37Z,2025-07-30T01:15:14Z,2025-08-11T01:24:16Z,2025-08-31T18:49:00Z
FC-00003,S114,2025-08-04T01:44:03Z,34.0,247.0,56.0,26.79,186.0,878.0,0,2025-08-03T19:27:56Z,2025-08-03T08:16:12Z,2025-08-04T00:39:36Z,2025-07-24T15:15:48Z,2025-08-11T03:20:26Z,2025-08-17T23:57:12Z
FC-00004,S112,2025-08-04T01:50:35Z,90.0,534.0,54.0,36.61,615.0,2530.0,1,2025-08-03T10:44:38Z,2025-08-03T18:17:44Z,2025-08-04T01:12:41Z,2025-07-31T13:23:24Z,2025-08-11T08:08:07Z,2025-08-22T07:50:06Z
FC-00005,S112,2025-08-04T02:03:32Z,28.0,179.0,25.0,39.61,154.0,760.0,0,2025-08-03T19:03:11Z,2025-08-03T18:17:31Z,2025-08-04T00:55:11Z,2025-07-29T18:27:17Z,2025-08-11T16:28:21Z,2025-08-25T03:20:02Z
FC-00006,S118,2025-08-04T02:31:54Z,51.0,383.0,44.0,35.54,353.0,1546.0,1,2025-08-03T15:18:09Z,2025-08-03T14:09:06Z,2025-08-04T00:49:47Z,2025-07-25T18:10:56Z,2025-08-12T00:34:08Z,2025-08-29T13:05:30Z
FC-00007,S127,2025-08-04T02:45:28Z,76.0,415.0,53.0,12.01,456.0,1938.0,1,2025-08-03T08:57:23Z,2025-08-03T11:39:47Z,2025-08-04T02:36:51Z,2025-07-24T04:43:58Z,2025-08-11T15:39:48Z,2025-09-02T06:28:25Z
FC-00008,S108,2025-08-04T04:06:09Z,7.0,57.0,5.0,27.09,54.0,207.0,1,2025-08-03T23:00:09Z,2025-08-03T15:18:58Z,2025-08-04T03:56:33Z,2025-07-27T20:53:35Z,2025-08-11T21:50:40Z,2025-08-15T15:33:30Z
FC-00009,S131,2025-08-04T04:47:29Z,43.0,310.0,37.0,28.53,386.0,1532.0,1,2025-08-03T11:34:32Z,2025-08-03T13:36:15Z,2025-08-04T02:58:08Z,2025-07-27T03:36:16Z,2025-08-12T01:47:46Z,2025-08-29T14:44:56Z
FC-00010,S132,2025-08-04T05:02:33Z,25.0,169.0,39.0,17.82,201.0,822.0,0,2025-08-03T17:17:32Z,2025-08-04T01:22:40Z,2025-08-04T03:58:40Z,2025-07-24T00:28:31Z,2025-08-12T03:58:03Z,2025-08-12T11:38:32Z
FC-00011,S134,2025-08-04T05:53:55Z,23.0,196.0,35.0,24.85,198.0,873.0,0,2025-08-03T18:11:30Z,2025-08-03T22:39:20Z,2025-08-04T05:00:01Z,2025-07-26T19:25:19Z,2025-08-12T02:20:31Z,2025-08-27T13:12:46Z
FC-00012,S148,2025-08-04T06:00:36Z,30.0,192.0,57.0,14.86,242.0,876.0,0,2025-08-04T03:10:53Z,2025-08-04T01:09:47Z,2025-08-04T04:23:01Z,2025-07-29T17:49:03Z,2025-08-12T03:47:23Z,2025-08-30T12:05:34Z
FC-00013,S134,2025-08-04T06:31:42Z,106.0,644.0,63.0,3.19,688.0,3082.0,1,2025-08-04T04:22:06Z,2025-08-03T22:18:18Z,2025-08-04T05:00:21Z,2025-07-22T17:16:32Z,2025-08-11T21:48:51Z,2025-08-21T17:07:05Z
FC-00014,S128,2025-08-04T06:52:46Z,64.0,603.0,74.0,2.99,553.0,2284.0,1,2025-08-03T13:45:22Z,2025-08-03T16:26:22Z,2025-08-04T05:02:10Z,2025-07-22T14:42:53Z,2025-08-11T07:38:16Z,2025-08-16T21:23:51Z
FC-00015,S132,2025-08-04T07:14:14Z,17.0,103.0,15.0,4.23,105.0,458.0,1,2025-08-03T13:24:14Z,2025-08-03T15:06:09Z,2025-08-04T05:49:13Z,2025-07-24T21:07:32Z,2025-08-12T05:28:51Z,2025-08-23T20:36:44Z
FC-00016,S107,2025-08-04T07:16:28Z,71.0,393.0,52.0,22.1,415.0,1997.0,1,2025-08-03T19:48:52Z,2025-08-03T14:25:18Z,2025-08-04T06:16:16Z,2025-07-24T18:25:42Z,2025-08-11T15:44:57Z,2025-08-19T14:59:31Z
FC-00017,S130,2025-08-04T08:30:52Z,62.0,334.0,36.0,27.84,371.0,1681.0,1,2025-08-03T23:01:51Z,2025-08-03T23:56:24Z,2025-08-04T08:05:21Z,2025-07-28T23:10:41Z,2025-08-11T13:02:45Z,2025-08-18T18:30:32Z
FC-00018,S134,2025-08-04T08:56:05Z,39.0,259.0,45.0,27.99,235.0,1119.0,0,2025-08-03T13:57:45Z,2025-08-03T22:21:57Z,2025-08-04T07:32:49Z,2025-07-28T12:38:58Z,2025-08-12T04:56:55Z,2025-08-17T21:25:53Z
FC-00019,S121,2025-08-04T09:00:27Z,48.0,355.0,29.0,20.58,374.0,1295.0,1,2025-08-03T22:52:05Z,2025-08-04T04:07:57Z,2025-08-04T08:13:28Z,2025-07-31T03:37:39Z,2025-08-12T04:13:13Z,2025-08-29T11:48:03Z
FC-00020,S120,2025-08-04T09:08:53Z,28.0,190.0,49.0,34.55,205.0,750.0,0,2025-08-03T17:55:22Z,2025-08-04T05:16:43Z,2025-08-04T08:02:34Z,2025-07-27T20:48:28Z,2025-08-11T09:12:12Z,2025-08-28T18:52:29Z
FC-00021,S151,2025-08-04T11:24:04Z,87.0,835.0,121.0,30.89,732.0,3308.0,0,2025-08-03T20:13:19Z,2025-08-04T06:05:30Z,2025-08-04T11:07:08Z,2025-07-25T07:04:23Z,2025-08-11T20:59:19Z,2025-09-01T12:33:06Z
FC-00022,S149,2025-08-04T12:47:59Z,18.0,130.0,28.0,19.96,161.0,594.0,0,2025-08-04T01:33:51Z,2025-08-03T18:55:21Z,2025-08-04T10:48:00Z,2025-07-29T22:17:17Z,2025-08-11T14:32:09Z,2025-08-14T21:46:11Z
FC-00023,S125,2025-08-04T13:09:25Z,19.0,131.0,26.0,23.6,106.0,546.0,0,2025-08-04T00:26:12Z,2025-08-03T17:34:51Z,2025-08-04T11:15:11Z,2025-07-30T18:39:02Z,2025-08-11T20:38:04Z,2025-08-13T03:55:42Z
FC-00024,S128,2025-08-04T13:11:48Z,26.0,142.0,29.0,4.27,182.0,693.0,0,2025-08-04T05:42:00Z,2025-08-04T07:39:57Z,2025-08-04T11:26:02Z,2025-07-21T14:20:44Z,2025-08-11T17:14:17Z,2025-09-03T04:53:01Z
FC-00025,S144,2025-08-04T15:02:48Z,47.0,282.0,68.0,39.25,284.0,1354.0,0,2025-08-04T09:28:45Z,2025-08-03T22:50:44Z,2025-08-04T13:41:52Z,2025-07-23T17:27:34Z,2025-08-12T13:55:58Z,2025-08-13T21:43:28Z
FC-00026,S113,2025-08-04T15:07:13Z,14.0,99.0,24.0,7.24,110.0,463.0,0,2025-08-04T12:56:42Z,2025-08-04T09:16:40Z,2025-08-04T13:33:59Z,2025-07-28T06:14:23Z,2025-08-12T03:49:50Z,2025-08-23T22:48:37Z
FC-00027,S147,2025-08-04T15:22:47Z,27.0,210.0,36.0,23.87,241.0,1002.0,0,2025-08-04T12:15:17Z,2025-08-03T19:57:50Z,2025-08-04T13:37:29Z,2025-07-26T03:35:18Z,2025-08-12T11:21:16Z,2025-08-12T14:31:42Z
FC-00028,S111,2025-08-04T15:45:39Z,35.0,234.0,59.0,16.35,284.0,1186.0,0,2025-08-04T01:02:08Z,2025-08-03T23:15:05Z,2025-08-04T14:38:23Z,2025-07-28T10:21:49Z,2025-08-12T14:25:27Z,2025-08-21T02:42:37Z
FC-00029,S138,2025-08-04T16:10:53Z,52.0,268.0,50.0,35.51,276.0,1391.0,0,2025-08-04T09:31:04Z,2025-08-04T05:27:13Z,2025-08-04T14:43:19Z,2025-07-23T11:38:04Z,2025-08-12T06:59:25Z,2025-09-03T00:09:42Z
FC-00030,S124,2025-08-04T16:25:27Z,77.0,489.0,68.0,15.25,571.0,2073.0,0,2025-08-03T22:35:04Z,2025-08-04T12:13:42Z,2025-08-04T15:51:19Z,2025-07-24T12:08:46Z,2025-08-11T21:12:41Z,2025-08-20T11:48:25Z
FC-00031,S152,2025-08-04T16:50:00Z,101.0,695.0,83.0,29.77,504.0,2547.0,1,2025-08-04T09:23:15Z,2025-08-04T08:04:29Z,2025-08-04T14:57:33Z,2025-08-03T01:54:58Z,2025-08-11T17:00:45Z,2025-08-20T06:07:47Z
FC-00032,S102,2025-08-04T16:51:14Z,6.0,46.0,5.0,11.46,52.0,214.0,1,2025-08-04T01:17:08Z,2025-08-04T10:09:52Z,2025-08-04T16:39:10Z,2025-08-02T20:12:50Z,2025-08-12T02:32:06Z,2025-09-03T02:08:24Z
FC-00033,S105,2025-08-04T16:54:13Z,42.0,315.0,67.0,20.39,338.0,1323.0,0,2025-08-04T00:12:12Z,2025-08-04T13:15:32Z,2025-08-04T15:17:48Z,2025-07-28T10:53:07Z,2025-08-12T04:50:27Z,2025-08-26T22:36:14Z
FC-00034,S150,2025-08-04T16:56:38Z,62.0,415.0,57.0,3.8,412.0,1700.0,0,2025-08-04T11:31:08Z,2025-08-04T00:07:37Z,2025-08-04T16:29:49Z,2025-07-23T09:04:13Z,2025-08-12T03:53:35Z,2025-08-28T04:29:25Z
FC-00035,S158,2025-08-04T17:13:21Z,55.0,379.0,81.0,23.67,312.0,1283.0,0,2025-08-04T03:19:53Z,2025-08-04T09:41:04Z,2025-08-04T15:39:50Z,2025-07-26T09:00:52Z,2025-08-11T20:43:05Z,2025-08-30T17:34:15Z
FC-00036,S143,2025-08-04T17:40:57Z,103.0,781.0,78.0,4.37,590.0,3297.0,1,2025-08-04T03:42:41Z,2025-08-04T09:59:09Z,2025-08-04T17:10:21Z,2025-07-26T13:26:45Z,2025-08-11T21:10:04Z,2025-08-13T03:49:23Z
FC-00037,S109,2025-08-04T17:41:14Z,43.0,280.0,69.0,16.18,242.0,1220.0,0,2025-08-04T01:17:31Z,2025-08-04T14:09:02Z,2025-08-04T17:18:05Z,2025-07-27T09:53:38Z,2025-08-12T01:36:06Z,2025-08-27T01:33:53Z
FC-00038,S103,2025-08-04T17:46:53Z,30.0,206.0,34.0,3.74,159.0,887.0,0,2025-08-04T02:05:12Z,2025-08-04T15:41:46Z,2025-08-04T16:51:24Z,2025-07-22T02:25:34Z,2025-08-11T22:25:53Z,2025-08-23T11:02:40Z
FC-00039,S153,2025-08-04T17:56:33Z,20.0,144.0,33.0,34.21,123.0,535.0,0,2025-08-04T04:49:28Z,2025-08-03T22:30:37Z,2025-08-04T17:42:51Z,2025-07-29T13:19:23Z,2025-08-12T07:47:56Z,2025-09-02T21:40:02Z
FC-00040,S127,2025-08-04T18:09:13Z,21.0,173.0,36.0,33.54,149.0,750.0,0,2025-08-04T14:14:49Z,2025-08-04T14:47:19Z,2025-08-04T17:49:54Z,2025-07-27T13:01:12Z,2025-08-11T18:56:17Z,2025-08-28T15:28:33Z
FC-00041,S136,2025-08-04T18:37:52Z,51.0,353.0,63.0,31.26,319.0,1457.0,0,2025-08-04T16:36:43Z,2025-08-04T04:04:03Z,2025-08-04T18:14:39Z,2025-07-26T18:01:38Z,2025-08-12T05:40:00Z,2025-08-28T21:44:51Z
FC-00042,S113,2025-08-04T19:00:13Z,49.0,425.0,37.0,12.53,452.0,1784.0,1,2025-08-04T12:56:23Z,2025-08-04T05:10:31Z,2025-08-04T17:47:07Z,2025-07-24T20:48:39Z,2025-08-12T16:19:59Z,2025-09-01T17:16:51Z
FC-00043,S124,2025-08-04T19:20:46Z,35.0,274.0,26.0,23.46,350.0,1296.0,1,2025-08-04T14:28:15Z,2025-08-04T01:56:25Z,2025-08-04T17:29:58Z,2025-07-25T22:11:28Z,2025-08-12T10:16:15Z,2025-08-13T19:53:12Z
FC-00044,S131,2025-08-04T19:29:44Z,41.0,268.0,46.0,38.4,363.0,1414.0,0,2025-08-04T08:18:10Z,2025-08-04T11:32:12Z,2025-08-04T18:22:14Z,2025-07-23T06:04:26Z,2025-08-12T16:37:55Z,2025-08-22T15:02:19Z
FC-00045,S143,2025-08-04T21:04:47Z,13.0,116.0,10.0,36.99,111.0,469.0,1,2025-08-04T03:12:02Z,2025-08-04T09:32:07Z,2025-08-04T20:24:55Z,2025-07-24T12:57:26Z,2025-08-12T13:44:40Z,2025-08-26T06:52:34Z
FC-00046,S110,2025-08-04T21:45:13Z,45.0,379.0,39.0,28.16,369.0,1562.0,1,2025-08-04T10:33:12Z,2025-08-04T08:32:39Z,2025-08-04T21:02:14Z,2025-07-28T15:38:18Z,2025-08-12T01:33:44Z,2025-08-11T11:15:47Z
FC-00047,S143,2025-08-04T22:05:31Z,41.0,306.0,39.0,28.65,291.0,1175.0,0,2025-08-04T18:28:03Z,2025-08-04T16:39:20Z,2025-08-04T21:50:57Z,2025-07-27T06:00:42Z,2025-08-12T19:26:45Z,2025-08-20T17:43:25Z
FC-00048,S130,2025-08-04T22:26:00Z,39.0,268.0,38.0,36.07,215.0,1072.0,0,2025-08-04T07:53:55Z,2025-08-04T15:40:55Z,2025-08-04T20:48:35Z,2025-07-23T06:46:23Z,2025-08-12T17:47:28Z,2025-08-22T13:53:09Z
FC-00049,S158,2025-08-04T22:30:00Z,47.0,423.0,63.0,26.68,411.0,1782.0,0,2025-08-04T09:44:14Z,2025-08-04T09:53:50Z,2025-08-04T20:33:51Z,2025-07-31T03:34:03Z,2025-08-12T07:34:24Z,2025-09-01T14:59:16Z
FC-00050,S123,2025-08-04T22:34:56Z,135.0,838.0,207.0,3.57,738.0,3529.0,0,2025-08-04T12:29:38Z,2025-08-04T07:44:39Z,2025-08-04T22:15:16Z,2025-07-27T12:33:28Z,2025-08-12T01:45:08Z,2025-08-23T02:36:15Z
FC-00051,S138,2025-08-04T22:35:52Z,76.0,432.0,62.0,36.84,444.0,1799.0,1,2025-08-04T09:57:09Z,2025-08-04T14:04:35Z,2025-08-04T22:10:24Z,2025-07-25T08:56:25Z,2025-08-12T12:37:27Z,2025-08-29T00:24:15Z
FC-00052,S134,2025-08-04T23:14:05Z,82.0,459.0,70.0,30.43,626.0,2529.0,1,2025-08-04T05:11:09Z,2025-08-04T09:35:51Z,2025-08-04T21:29:18Z,2025-07-22T11:28:46Z,2025-08-12T13:42:17Z,2025-08-11T02:02:44Z
FC-00053,S111,2025-08-04T23:39:43Z,51.0,292.0,73.0,24.35,282.0,1253.0,0,2025-08-04T07:03:34Z,2025-08-04T09:49:07Z,2025-08-04T22:58:30Z,2025-08-01T23:05:57Z,2025-08-12T03:01:38Z,2025-08-24T13:15:46Z
FC-00054,S152,2025-08-05T01:03:24Z,48.0,305.0,32.0,7.38,369.0,1333.0,1,2025-08-04T17:26:32Z,2025-08-04T10:37:28Z,2025-08-04T23:49:13Z,2025-07-25T00:22:25Z,2025-08-12T20:44:01Z,2025-08-22T12:27:38Z
FC-00055,S134,2025-08-05T02:32:21Z,18.0,120.0,27.0,6.89,103.0,464.0,0,2025-08-04T10:48:20Z,2025-08-04T08:19:10Z,2025-08-05T02:07:07Z,2025-07-28T03:14:31Z,2025-08-12T13:50:17Z,2025-08-27T02:31:18Z
FC-00056,S151,2025-08-05T03:14:04Z,42.0,327.0,74.0,12.27,359.0,1324.0,0,2025-08-04T17:12:55Z,2025-08-04T09:09:17Z,2025-08-05T01:42:30Z,2025-07-23T20:16:23Z,2025-08-13T02:06:16Z,2025-08-15T21:07:53Z
FC-00057,S115,2025-08-05T03:16:56Z,66.0,347.0,41.0,38.12,427.0,1659.0,1,2025-08-04T11:19:33Z,2025-08-04T19:03:12Z,2025-08-05T02:18:32Z,2025-07-22T13:15:09Z,2025-08-12T12:38:53Z,2025-09-01T07:40:07Z
FC-00058,S141,2025-08-05T03:31:46Z,17.0,136.0,34.0,20.68,166.0,670.0,0,2025-08-05T00:50:38Z,2025-08-04T12:40:29Z,2025-08-05T01:57:43Z,2025-07-29T16:23:28Z,2025-08-12T16:12:02Z,2025-08-31T12:55:20Z
FC-00059,S125,2025-08-05T05:01:00Z,24.0,132.0,19.0,6.65,157.0,600.0,1,2025-08-05T00:54:31Z,2025-08-04T21:09:45Z,2025-08-05T03:50:38Z,2025-07-31T12:08:52Z,2025-08-12T21:56:48Z,2025-08-29T18:48:31Z
FC-00060,S127,2025-08-05T05:10:59Z,13.0,84.0,8.0,32.01,77.0,434.0,1,2025-08-04T15:58:51Z,2025-08-04T13:55:44Z,2025-08-05T05:01:04Z,2025-07-26T03:45:13Z,2025-08-12T08:20:46Z,2025-08-11T21:49:50Z
FC-00061,S130,2025-08-05T05:13:13Z,18.0,125.0,33.0,22.83,134.0,560.0,0,2025-08-04T13:06:59Z,2025-08-04T22:49:50Z,2025-08-05T03:21:02Z,2025-07-30T20:06:21Z,2025-08-12T09:18:14Z,2025-08-20T19:59:33Z
FC-00062,S107,2025-08-05T07:31:43Z,22.0,182.0,20.0,3.28,176.0,722.0,1,2025-08-04T14:31:32Z,2025-08-04T14:54:23Z,2025-08-05T06:39:39Z,2025-07-26T13:00:21Z,2025-08-12T08:19:06Z,2025-08-11T12:58:22Z
FC-00063,S155,2025-08-05T09:32:19Z,61.0,330.0,53.0,10.99,358.0,1488.0,0,2025-08-04T14:18:14Z,2025-08-04T23:31:51Z,2025-08-05T09:11:09Z,2025-07-27T09:14:49Z,2025-08-13T04:03:53Z,2025-08-10T09:50:50Z
FC-00064,S114,2025-08-05T09:40:39Z,64.0,327.0,89.0,25.76,361.0,1553.0,0,2025-08-05T02:36:46Z,2025-08-05T06:42:11Z,2025-08-05T08:38:42Z,2025-07-26T15:17:08Z,2025-08-12T14:06:05Z,2025-08-22T13:35:34Z
FC-00065,S130,2025-08-05T10:44:23Z,51.0,398.0,61.0,25.26,349.0,1795.0,0,2025-08-04T15:50:30Z,2025-08-04T17:19:13Z,2025-08-05T09:07:18Z,2025-07-28T16:30:19Z,2025-08-13T10:04:48Z,2025-08-23T04:58:40Z
FC-00066,S119,2025-08-05T11:13:50Z,11.0,80.0,12.0,13.42,93.0,360.0,0,2025-08-04T21:06:08Z,2025-08-04T15:55:31Z,2025-08-05T09:47:07Z,2025-07-31T07:13:02Z,2025-08-12T22:01:05Z,2025-08-13T02:50:41Z
FC-00067,S153,2025-08-05T11:39:51Z,30.0,226.0,39.0,22.15,265.0,1205.0,0,2025-08-05T04:39:23Z,2025-08-05T06:09:21Z,2025-08-05T09:54:49Z,2025-07-31T15:34:06Z,2025-08-13T06:52:58Z,2025-08-25T07:49:59Z
FC-00068,S158,2025-08-05T12:18:16Z,20.0,107.0,12.0,18.33,102.0,536.0,1,2025-08-04T19:42:32Z,2025-08-05T07:10:52Z,2025-08-05T10:29:28Z,2025-07-25T00:52:43Z,2025-08-12T17:56:13Z,2025-08-24T11:51:06Z
FC-00069,S118,2025-08-05T12:18:51Z,29.0,215.0,36.0,22.35,207.0,819.0,0,2025-08-04T21:39:48Z,2025-08-05T00:39:31Z,2025-08-05T11:36:40Z,2025-07-24T06:15:25Z,2025-08-13T00:08:48Z,2025-08-26T20:09:56Z
FC-00070,S139,2025-08-05T12:43:13Z,14.0,97.0,16.0,7.63,90.0,415.0,0,2025-08-05T09:02:45Z,2025-08-05T02:16:52Z,2025-08-05T12:06:18Z,2025-08-02T10:02:08Z,2025-08-13T09:45:19Z,2025-09-01T01:19:21Z
FC-00071,S136,2025-08-05T13:02:11Z,13.0,72.0,14.0,15.7,74.0,374.0,0,2025-08-05T02:45:09Z,2025-08-04T21:34:53Z,2025-08-05T12:53:46Z,2025-08-01T08:23:09Z,2025-08-13T04:14:42Z,2025-08-16T06:45:02Z
FC-00072,S148,2025-08-05T13:08:10Z,42.0,324.0,66.0,7.79,291.0,1150.0,0,2025-08-04T21:43:33Z,2025-08-04T17:27:31Z,2025-08-05T11:41:31Z,2025-07-30T23:36:22Z,2025-08-13T07:14:30Z,2025-08-31T22:24:24Z
FC-00073,S137,2025-08-05T13:08:53Z,42.0,381.0,73.0,17.65,335.0,1622.0,0,2025-08-05T10:42:34Z,2025-08-04T22:43:52Z,2025-08-05T11:11:40Z,2025-07-31T16:18:47Z,2025-08-12T23:56:37Z,2025-08-12T05:26:08Z
FC-00074,S153,2025-08-05T15:04:13Z,43.0,354.0,36.0,6.27,334.0,1487.0,1,2025-08-05T08:03:44Z,2025-08-05T07:20:24Z,2025-08-05T13:42:13Z,2025-08-03T01:22:28Z,2025-08-13T01:03:10Z,2025-08-24T21:59:24Z
FC-00075,S107,2025-08-05T15:24:59Z,79.0,551.0,57.0,33.48,540.0,2151.0,1,2025-08-05T04:02:12Z,2025-08-04T23:44:54Z,2025-08-05T15:03:30Z,2025-07-30T23:46:42Z,2025-08-12T22:26:46Z,2025-08-17T20:27:16Z
FC-00076,S115,2025-08-05T15:39:07Z,22.0,141.0,23.0,15.2,160.0,667.0,0,2025-08-04T21:19:37Z,2025-08-05T07:55:45Z,2025-08-05T15:31:31Z,2025-08-04T07:35:01Z,2025-08-12T19:47:54Z,2025-08-17T13:37:30Z
FC-00077,S108,2025-08-05T17:10:00Z,25.0,208.0,37.0,19.46,186.0,754.0,0,2025-08-05T13:15:42Z,2025-08-04T23:14:11Z,2025-08-05T15:59:15Z,2025-08-04T13:40:46Z,2025-08-13T11:37:47Z,2025-08-27T18:22:21Z
FC-00078,S150,2025-08-05T18:13:28Z,32.0,234.0,39.0,15.16,233.0,996.0,0,2025-08-05T03:28:13Z,2025-08-05T13:07:17Z,2025-08-05T17:33:51Z,2025-07-24T03:56:55Z,2025-08-13T16:26:50Z,2025-08-12T05:35:47Z
FC-00079,S107,2025-08-05T18:29:04Z,34.0,241.0,20.0,36.45,231.0,983.0,1,2025-08-05T12:36:15Z,2025-08-05T10:22:44Z,2025-08-05T18:14:36Z,2025-08-01T16:34:26Z,2025-08-12T22:26:58Z,2025-08-23T13:42:53Z
FC-00080,S100,2025-08-05T19:07:39Z,16.0,114.0,27.0,10.77,118.0,430.0,0,2025-08-05T17:06:22Z,2025-08-05T12:41:06Z,2025-08-05T17:54:45Z,2025-07-24T08:25:44Z,2025-08-13T00:18:30Z,2025-08-14T22:56:45Z
FC-00081,S144,2025-08-05T19:51:21Z,11.0,70.0,13.0,25.34,82.0,321.0,0,2025-08-05T05:58:48Z,2025-08-05T08:27:18Z,2025-08-05T19:32:25Z,2025-08-01T21:17:17Z,2025-08-13T17:20:46Z,2025-08-19T11:07:12Z
FC-00082,S124,2025-08-05T20:48:01Z,31.0,219.0,47.0,31.22,224.0,989.0,0,2025-08-05T14:54:22Z,2025-08-05T13:57:22Z,2025-08-05T19:43:48Z,2025-08-01T08:42:58Z,2025-08-13T10:15:43Z,2025-08-29T23:33:04Z
FC-00083,S111,2025-08-05T22:29:52Z,86.0,555.0,116.0,19.5,556.0,2372.0,0,2025-08-05T13:57:35Z,2025-08-05T19:46:33Z,2025-08-05T20:50:20Z,2025-07-25T11:43:12Z,2025-08-13T17:19:48Z,2025-08-14T09:57:34Z
FC-00084,S104,2025-08-05T22:40:05Z,42.0,347.0,30.0,16.41,357.0,1376.0,1,2025-08-05T10:44:15Z,2025-08-05T09:43:08Z,2025-08-05T22:09:30Z,2025-07-23T06:13:14Z,2025-08-13T10:57:06Z,2025-09-02T10:15:45Z
FC-00085,S126,2025-08-05T23:04:09Z,59.0,418.0,84.0,20.36,420.0,1637.0,0,2025-08-05T13:27:14Z,2025-08-05T09:13:22Z,2025-08-05T21:19:24Z,2025-07-27T09:19:11Z,2025-08-13T16:41:52Z,2025-08-21T19:44:02Z
FC-00086,S150,2025-08-05T23:35:40Z,70.0,641.0,119.0,10.55,484.0,2452.0,0,2025-08-05T09:42:25Z,2025-08-05T11:52:30Z,2025-08-05T23:15:03Z,2025-07-23T01:46:35Z,2025-08-13T14:29:22Z,2025-08-26T23:04:31Z
FC-00087,S142,2025-08-06T01:57:52Z,53.0,485.0,108.0,30.82,529.0,1990.0,0,2025-08-05T19:11:27Z,2025-08-05T14:08:32Z,2025-08-06T00:34:58Z,2025-08-02T20:05:34Z,2025-08-14T01:53:40Z,2025-08-13T18:30:58Z
FC-00088,S117,2025-08-06T02:10:57Z,35.0,202.0,32.0,21.38,192.0,1022.0,0,2025-08-05T10:20:17Z,2025-08-05T22:47:07Z,2025-08-06T00:30:13Z,2025-07-30T07:05:07Z,2025-08-13T22:22:58Z,2025-08-22T09:04:33Z
FC-00089,S119,2025-08-06T02:37:15Z,63.0,430.0,91.0,16.82,411.0,1876.0,0,2025-08-05T16:06:09Z,2025-08-05T11:59:34Z,2025-08-06T01:02:42Z,2025-07-31T10:31:32Z,2025-08-14T00:12:46Z,2025-08-26T02:30:06Z
FC-00090,S104,2025-08-06T02:49:17Z,44.0,291.0,70.0,38.92,257.0,1146.0,0,2025-08-05T12:22:36Z,2025-08-05T23:30:44Z,2025-08-06T02:17:40Z,2025-07-27T15:04:21Z,2025-08-13T03:42:46Z,2025-08-16T16:27:35Z
FC-00091,S148,2025-08-06T02:56:51Z,29.0,197.0,19.0,4.41,151.0,765.0,1,2025-08-05T19:43:56Z,2025-08-05T11:20:43Z,2025-08-06T01:01:45Z,2025-08-04T01:20:12Z,2025-08-14T02:53:42Z,2025-09-04T00:30:10Z
FC-00092,S158,2025-08-06T03:20:40Z,20.0,169.0,35.0,12.85,167.0,623.0,0,2025-08-05T15:26:34Z,2025-08-05T15:34:36Z,2025-08-06T01:33:42Z,2025-07-29T16:34:07Z,2025-08-13T04:57:08Z,2025-08-31T22:12:08Z
FC-00093,S128,2025-08-06T04:09:35Z,35.0,248.0,35.0,28.33,260.0,954.0,1,2025-08-05T21:33:13Z,2025-08-05T13:56:19Z,2025-08-06T03:03:27Z,2025-07-29T05:49:35Z,2025-08-14T02:16:42Z,2025-09-03T12:39:42Z
FC-00094,S125,2025-08-06T04:19:33Z,58.0,464.0,111.0,21.04,394.0,1837.0,0,2025-08-05T20:35:23Z,2025-08-06T01:27:46Z,2025-08-06T03:22:48Z,2025-07-25T06:04:17Z,2025-08-14T00:47:52Z,2025-08-16T07:35:16Z
FC-00095,S112,2025-08-06T04:32:45Z,28.0,192.0,19.0,23.04,219.0,851.0,1,2025-08-06T00:13:40Z,2025-08-05T13:21:33Z,2025-08-06T02:58:12Z,2025-07-24T11:42:52Z,2025-08-13T12:26:51Z,2025-08-14T20:17:58Z
FC-00096,S105,2025-08-06T05:03:39Z,23.0,141.0,25.0,24.73,155.0,552.0,0,2025-08-05T19:12:13Z,2025-08-05T15:54:42Z,2025-08-06T03:11:38Z,2025-07-28T23:19:55Z,2025-08-13T07:39:27Z,2025-09-01T20:16:31Z
FC-00097,S143,2025-08-06T05:26:51Z,34.0,228.0,44.0,31.55,214.0,906.0,0,2025-08-05T18:28:17Z,2025-08-06T00:46:56Z,2025-08-06T04:57:01Z,2025-08-03T12:19:27Z,2025-08-14T02:05:58Z,2025-09-01T07:13:44Z
FC-00098,S103,2025-08-06T06:34:59Z,48.0,325.0,65.0,15.84,420.0,1596.0,0,2025-08-05T23:48:00Z,2025-08-05T16:50:11Z,2025-08-06T04:35:45Z,2025-07-29T06:00:13Z,2025-08-14T05:39:22Z,2025-08-24T23:15:09Z
FC-00099,S149,2025-08-06T06:49:21Z,30.0,198.0,46.0,12.4,202.0,767.0,0,2025-08-05T12:10:33Z,2025-08-05T15:59:22Z,2025-08-06T06:24:49Z,2025-07-29T02:47:19Z,2025-08-13T06:52:10Z,2025-09-03T12:46:16Z
FC-00100,S152,2025-08-06T08:05:33Z,30.0,190.0,22.0,38.18,191.0,778.0,1,2025-08-05T16:19:05Z,2025-08-05T20:37:29Z,2025-08-06T06:53:01Z,2025-07-28T04:18:15Z,2025-08-13T10:16:11Z,2025-08-16T20:52:37Z
FC-00101,S138,2025-08-06T08:37:34Z,33.0,293.0,45.0,24.48,247.0,1232.0,0,2025-08-05T16:52:08Z,2025-08-06T03:38:18Z,2025-08-06T06:50:21Z,2025-07-26T17:48:29Z,2025-08-14T00:40:29Z,2025-08-27T21:05:44Z
FC-00102,S101,2025-08-06T09:18:18Z,29.0,171.0,22.0,7.26,144.0,689.0,1,2025-08-05T19:53:48Z,2025-08-05T13:56:34Z,2025-08-06T08:51:11Z,2025-07-24T02:03:04Z,2025-08-14T01:11:57Z,2025-08-19T14:42:41Z
FC-00103,S106,2025-08-06T09:24:48Z,40.0,304.0,51.0,14.87,314.0,1086.0,0,2025-08-05T18:24:40Z,2025-08-06T06:05:57Z,2025-08-06T08:15:13Z,2025-07-25T09:00:26Z,2025-08-14T08:07:55Z,2025-08-23T12:18:55Z
FC-00104,S155,2025-08-06T09:31:42Z,27.0,211.0,23.0,23.79,219.0,749.0,1,2025-08-05T21:26:10Z,2025-08-05T19:24:16Z,2025-08-06T08:08:17Z,2025-07-29T01:15:53Z,2025-08-13T17:54:36Z,2025-08-11T19:54:52Z
FC-00105,S134,2025-08-06T09:51:50Z,32.0,262.0,23.0,16.67,289.0,1177.0,1,2025-08-06T03:48:25Z,2025-08-05T14:32:17Z,2025-08-06T08:49:01Z,2025-07-27T02:55:08Z,2025-08-13T22:18:12Z,2025-08-22T07:30:19Z
FC-00106,S113,2025-08-06T10:52:02Z,67.0,406.0,102.0,8.77,419.0,1754.0,0,2025-08-05T23:39:03Z,2025-08-05T23:40:07Z,2025-08-06T09:49:12Z,2025-07-25T17:27:27Z,2025-08-13T17:09:19Z,2025-08-16T11:26:41Z
FC-00107,S102,2025-08-06T11:02:34Z,108.0,888.0,114.0,18.75,901.0,3486.0,1,2025-08-06T04:48:27Z,2025-08-06T08:27:26Z,2025-08-06T09:59:29Z,2025-07-28T08:57:26Z,2025-08-13T23:36:05Z,2025-08-29T11:15:55Z
FC-00108,S123,2025-08-06T11:54:49Z,60.0,385.0,38.0,6.21,451.0,1643.0,1,2025-08-06T09:23:08Z,2025-08-06T01:16:59Z,2025-08-06T11:29:21Z,2025-07-28T04:39:16Z,2025-08-13T22:02:03Z,2025-08-27T16:26:59Z
FC-00109,S109,2025-08-06T11:54:54Z,100.0,593.0,108.0,18.07,746.0,2573.0,0,2025-08-06T03:05:32Z,2025-08-05T16:33:17Z,2025-08-06T10:00:09Z,2025-07-30T23:23:45Z,2025-08-14T10:28:54Z,2025-09-01T20:43:25Z
FC-00110,S135,2025-08-06T12:04:56Z,16.0,103.0,25.0,27.07,98.0,470.0,0,2025-08-05T20:57:03Z,2025-08-06T00:14:34Z,2025-08-06T11:15:09Z,2025-07-30T21:26:34Z,2025-08-13T14:52:42Z,2025-08-13T22:16:42Z
FC-00111,S112,2025-08-06T12:40:35Z,19.0,151.0,19.0,37.05,144.0,537.0,0,2025-08-06T00:22:10Z,2025-08-06T03:51:48Z,2025-08-06T10:47:47Z,2025-07-24T02:35:14Z,2025-08-13T17:48:45Z,2025-08-20T18:25:13Z
FC-00112,S141,2025-08-06T13:05:19Z,81.0,608.0,142.0,13.7,632.0,2426.0,0,2025-08-05T20:25:21Z,2025-08-05T20:51:21Z,2025-08-06T12:44:27Z,2025-07-25T06:52:49Z,2025-08-13T15:32:39Z,2025-09-02T10:43:55Z
FC-00113,S115,2025-08-06T14:05:43Z,47.0,321.0,85.0,2.97,419.0,1436.0,0,2025-08-05T21:09:32Z,2025-08-06T09:17:40Z,2025-08-06T12:46:57Z,2025-07-29T19:53:01Z,2025-08-13T21:56:09Z,2025-08-19T05:46:52Z
FC-00114,S109,2025-08-06T14:37:53Z,32.0,240.0,67.0,23.49,257.0,1138.0,0,2025-08-06T06:30:58Z,2025-08-06T08:50:08Z,2025-08-06T13:21:35Z,2025-08-02T13:02:12Z,2025-08-13T23:25:53Z,2025-08-18T04:05:50Z
FC-00115,S120,2025-08-06T14:37:59Z,45.0,320.0,79.0,8.39,403.0,1450.0,0,2025-08-05T23:49:25Z,2025-08-05T20:22:57Z,2025-08-06T13:59:11Z,2025-08-01T16:53:29Z,2025-08-13T20:09:21Z,2025-08-22T07:39:23Z
FC-00116,S105,2025-08-06T15:03:02Z,77.0,432.0,82.0,32.25,527.0,1793.0,0,2025-08-05T23:59:39Z,2025-08-06T11:04:16Z,2025-08-06T14:41:25Z,2025-08-04T07:42:38Z,2025-08-14T02:04:36Z,2025-08-18T05:06:34Z
FC-00117,S111,2025-08-06T15:17:48Z,84.0,663.0,84.0,14.44,670.0,3389.0,1,2025-08-05T20:23:43Z,2025-08-05T23:53:38Z,2025-08-06T13:41:34Z,2025-07-30T05:51:09Z,2025-08-13T18:22:12Z,2025-08-26T03:03:20Z
FC-00118,S130,2025-08-06T15:24:51Z,28.0,184.0,42.0,4.04,192.0,763.0,0,2025-08-06T04:21:01Z,2025-08-05T22:58:18Z,2025-08-06T15:08:59Z,2025-08-04T22:17:49Z,2025-08-14T12:32:26Z,2025-08-15T15:24:53Z
FC-00119,S118,2025-08-06T15:38:18Z,61.0,445.0,65.0,28.66,374.0,1819.0,0,2025-08-06T05:31:44Z,2025-08-06T07:33:35Z,2025-08-06T13:43:49Z,2025-07-23T20:41:10Z,2025-08-13T20:47:02Z,2025-08-25T23:35:55Z
FC-00120,S109,2025-08-06T15:46:47Z,37.0,339.0,56.0,32.3,395.0,1333.0,0,2025-08-06T13:41:43Z,2025-08-05T21:11:49Z,2025-08-06T13:51:39Z,2025-07-29T23:51:51Z,2025-08-13T18:28:50Z,2025-09-03T13:01:47Z
FC-00121,S147,2025-08-06T17:58:54Z,27.0,195.0,25.0,26.72,177.0,732.0,1,2025-08-06T02:22:37Z,2025-08-05T22:29:31Z,2025-08-06T16:11:59Z,2025-07-25T08:16:01Z,2025-08-14T14:10:11Z,2025-08-25T05:30:49Z
FC-00122,S154,2025-08-06T18:27:15Z,51.0,476.0,55.0,17.84,437.0,1866.0,1,2025-08-06T04:22:23Z,2025-08-06T05:48:32Z,2025-08-06T16:28:27Z,2025-08-05T18:25:17Z,2025-08-14T04:26:50Z,2025-08-28T04:30:42Z
FC-00123,S129,2025-08-06T18:28:25Z,59.0,500.0,75.0,24.65,431.0,2052.0,0,2025-08-05T23:35:30Z,2025-08-06T05:44:51Z,2025-08-06T17:17:18Z,2025-08-03T11:25:12Z,2025-08-14T06:37:00Z,2025-08-20T19:46:40Z
FC-00124,S151,2025-08-06T18:37:42Z,72.0,479.0,60.0,13.31,505.0,1949.0,0,2025-08-06T07:03:19Z,2025-08-06T00:16:47Z,2025-08-06T16:55:39Z,2025-08-01T04:45:30Z,2025-08-13T21:53:21Z,2025-08-24T21:38:35Z
FC-00125,S153,2025-08-06T18:46:56Z,30.0,192.0,47.0,26.61,215.0,908.0,0,2025-08-06T09:38:56Z,2025-08-06T06:34:53Z,2025-08-06T17:38:24Z,2025-08-03T13:14:08Z,2025-08-13T23:31:33Z,2025-08-30T19:31:27Z
FC-00126,S137,2025-08-06T19:12:31Z,34.0,205.0,42.0,6.25,188.0,966.0,0,2025-08-06T17:04:04Z,2025-08-06T02:23:38Z,2025-08-06T17:59:58Z,2025-08-05T07:06:24Z,2025-08-13T19:33:42Z,2025-08-12T19:49:14Z
FC-00127,S109,2025-08-06T21:53:56Z,60.0,357.0,96.0,9.09,397.0,1657.0,0,2025-08-06T13:13:07Z,2025-08-06T03:43:33Z,2025-08-06T21:31:16Z,2025-08-01T04:10:01Z,2025-08-14T08:13:38Z,2025-08-19T13:58:33Z
FC-00128,S100,2025-08-06T22:13:37Z,23.0,186.0,34.0,37.88,184.0,713.0,0,2025-08-06T14:47:31Z,2025-08-06T19:31:21Z,2025-08-06T20:46:43Z,2025-07-27T10:36:17Z,2025-08-14T14:46:39Z,2025-08-22T19:12:56Z
FC-00129,S126,2025-08-06T23:07:08Z,21.0,139.0,32.0,10.35,149.0,599.0,0,2025-08-06T18:53:25Z,2025-08-06T12:32:46Z,2025-08-06T21:44:35Z,2025-07-30T00:09:03Z,2025-08-14T11:39:10Z,2025-09-02T16:20:45Z
FC-00130,S144,2025-08-06T23:30:27Z,40.0,339.0,48.0,39.5,290.0,1342.0,0,2025-08-06T10:01:56Z,2025-08-06T10:24:01Z,2025-08-06T23:22:29Z,2025-08-01T16:43:37Z,2025-08-14T08:46:09Z,2025-08-22T00:22:56Z
FC-00131,S121,2025-08-07T01:03:27Z,11.0,85.0,19.0,25.39,62.0,316.0,0,2025-08-06T17:33:59Z,2025-08-06T08:43:59Z,2025-08-07T00:21:02Z,2025-08-03T01:33:34Z,2025-08-14T23:39:31Z,2025-08-23T06:46:22Z
FC-00132,S140,2025-08-07T01:22:34Z,18.0,142.0,31.0,20.31,131.0,567.0,0,2025-08-06T08:07:50Z,2025-08-06T22:24:45Z,2025-08-06T23:34:44Z,2025-07-29T01:09:15Z,2025-08-14T06:31:25Z,2025-08-17T00:37:09Z
FC-00133,S131,2025-08-07T01:43:15Z,39.0,238.0,32.0,27.3,230.0,1013.0,0,2025-08-06T10:23:54Z,2025-08-06T12:59:54Z,2025-08-07T00:04:14Z,2025-07-27T14:44:52Z,2025-08-14T16:13:52Z,2025-08-14T23:35:27Z
FC-00134,S133,2025-08-07T01:44:08Z,28.0,227.0,46.0,30.1,203.0,879.0,0,2025-08-06T08:34:21Z,2025-08-06T09:28:14Z,2025-08-07T00:22:51Z,2025-07-27T10:49:55Z,2025-08-14T22:06:24Z,2025-08-12T18:43:36Z
FC-00135,S119,2025-08-07T04:36:50Z,64.0,617.0,80.0,33.1,432.0,2448.0,0,2025-08-06T17:15:22Z,2025-08-06T16:22:39Z,2025-08-07T04:17:26Z,2025-07-29T13:58:22Z,2025-08-15T01:06:32Z,2025-09-05T15:59:53Z
FC-00136,S111,2025-08-07T05:00:37Z,25.0,208.0,32.0,14.14,201.0,854.0,0,2025-08-06T18:22:20Z,2025-08-07T01:10:29Z,2025-08-07T03:20:54Z,2025-08-05T13:18:29Z,2025-08-14T12:43:35Z,2025-08-23T01:20:41Z
FC-00137,S128,2025-08-07T05:01:12Z,104.0,846.0,114.0,25.26,763.0,3766.0,0,2025-08-06T19:56:55Z,2025-08-06T15:32:04Z,2025-08-07T04:38:24Z,2025-07-28T09:32:41Z,2025-08-14T12:10:56Z,2025-08-18T04:05:30Z
FC-00138,S141,2025-08-07T05:24:08Z,38.0,276.0,49.0,27.65,206.0,1189.0,0,2025-08-06T17:31:46Z,2025-08-06T23:28:21Z,2025-08-07T04:38:52Z,2025-07-30T09:59:47Z,2025-08-15T02:46:38Z,2025-08-23T08:07:43Z
FC-00139,S116,2025-08-07T05:35:41Z,32.0,237.0,39.0,37.22,254.0,993.0,0,2025-08-06T20:52:28Z,2025-08-06T12:57:32Z,2025-08-07T04:47:59Z,2025-08-03T01:45:22Z,2025-08-14T20:49:31Z,2025-08-19T02:02:18Z
FC-00140,S130,2025-08-07T05:35:58Z,44.0,301.0,39.0,18.85,361.0,1400.0,1,2025-08-06T14:09:11Z,2025-08-06T21:33:00Z,2025-08-07T04:16:17Z,2025-07-31T07:45:56Z,2025-08-14T18:27:10Z,2025-08-25T10:05:30Z
FC-00141,S132,2025-08-07T06:03:08Z,47.0,400.0,84.0,15.9,460.0,1697.0,0,2025-08-06T11:28:20Z,2025-08-06T12:40:38Z,2025-08-07T04:55:08Z,2025-08-02T03:00:19Z,2025-08-14T18:49:44Z,2025-08-24T19:05:38Z
FC-00142,S130,2025-08-07T06:32:14Z,42.0,332.0,70.0,37.04,247.0,1341.0,0,2025-08-06T11:30:01Z,2025-08-06T21:18:02Z,2025-08-07T04:55:02Z,2025-08-04T18:41:01Z,2025-08-14T12:26:24Z,2025-09-06T02:36:24Z
FC-00143,S125,2025-08-07T06:55:58Z,37.0,252.0,47.0,19.15,275.0,938.0,0,2025-08-06T12:13:54Z,2025-08-06T13:52:33Z,2025-08-07T06:46:15Z,2025-07-29T18:47:09Z,2025-08-14T21:22:03Z,2025-08-17T07:10:31Z
FC-00144,S120,2025-08-07T07:19:53Z,20.0,162.0,31.0,30.07,136.0,596.0,0,2025-08-07T03:10:07Z,2025-08-06T23:56:19Z,2025-08-07T07:13:13Z,2025-08-05T20:02:49Z,2025-08-14T23:13:17Z,2025-09-01T21:59:52Z
FC-00145,S144,2025-08-07T07:31:41Z,41.0,318.0,50.0,21.98,328.0,1445.0,0,2025-08-06T19:37:24Z,2025-08-06T16:17:00Z,2025-08-07T05:51:03Z,2025-07-27T07:26:59Z,2025-08-15T00:21:49Z,2025-08-17T16:00:50Z
FC-00146,S116,2025-08-07T07:57:39Z,12.0,69.0,16.0,24.57,74.0,297.0,0,2025-08-06T23:10:16Z,2025-08-07T03:17:47Z,2025-08-07T07:29:21Z,2025-07-28T11:17:02Z,2025-08-14T20:34:55Z,2025-08-26T02:00:20Z
FC-00147,S148,2025-08-07T08:58:43Z,77.0,416.0,72.0,5.95,529.0,2122.0,0,2025-08-07T00:00:39Z,2025-08-07T04:05:31Z,2025-08-07T08:16:27Z,2025-07-30T14:01:56Z,2025-08-14T13:32:36Z,2025-08-15T08:19:02Z
FC-00148,S124,2025-08-07T09:39:49Z,48.0,288.0,40.0,32.06,374.0,1464.0,1,2025-08-07T06:27:39Z,2025-08-06T20:11:05Z,2025-08-07T07:54:31Z,2025-07-25T04:38:07Z,2025-08-15T03:04:20Z,2025-09-05T16:07:53Z
FC-00149,S100,2025-08-07T09:48:24Z,37.0,268.0,27.0,31.82,226.0,1082.0,1,2025-08-06T19:29:09Z,2025-08-06T14:56:35Z,2025-08-07T08:32:03Z,2025-08-02T12:47:11Z,2025-08-15T06:43:57Z,2025-08-25T22:00:00Z
FC-00150,S133,2025-08-07T10:16:44Z,23.0,160.0,38.0,32.79,171.0,764.0,0,2025-08-07T04:51:23Z,2025-08-06T16:18:32Z,2025-08-07T08:46:07Z,2025-07-31T10:12:54Z,2025-08-14T17:09:06Z,2025-08-31T13:19:02Z
FC-00151,S150,2025-08-07T12:20:28Z,37.0,240.0,55.0,25.83,231.0,1008.0,0,2025-08-07T02:28:48Z,2025-08-06T20:49:14Z,2025-08-07T11:06:01Z,2025-07-29T03:23:47Z,2025-08-15T04:18:45Z,2025-08-25T11:09:11Z
FC-00152,S107,2025-08-07T13:42:57Z,13.0,105.0,26.0,10.95,101.0,436.0,0,2025-08-07T08:30:15Z,2025-08-07T01:48:30Z,2025-08-07T13:24:11Z,2025-07-27T18:58:46Z,2025-08-14T22:09:45Z,2025-08-19T15:09:28Z
FC-00153,S138,2025-08-07T13:48:44Z,107.0,628.0,80.0,10.29,654.0,2578.0,1,2025-08-06T21:09:00Z,2025-08-07T03:54:17Z,2025-08-07T13:06:14Z,2025-07-28T15:07:51Z,2025-08-15T04:33:17Z,2025-09-03T15:31:15Z
FC-00154,S105,2025-08-07T13:49:49Z,56.0,456.0,101.0,12.06,415.0,1905.0,0,2025-08-07T05:55:11Z,2025-08-07T10:12:03Z,2025-08-07T12:11:51Z,2025-08-02T20:54:47Z,2025-08-14T22:31:30Z,2025-08-22T10:58:46Z
FC-00155,S152,2025-08-07T14:10:59Z,63.0,369.0,39.0,18.64,413.0,1562.0,1,2025-08-07T04:48:42Z,2025-08-07T04:51:32Z,2025-08-07T13:30:51Z,2025-08-04T09:58:56Z,2025-08-14T16:04:27Z,2025-08-26T08:19:55Z
FC-00156,S149,2025-08-07T15:12:46Z,83.0,733.0,85.0,34.97,625.0,2865.0,0,2025-08-07T03:35:59Z,2025-08-06T19:16:25Z,2025-08-07T14:45:40Z,2025-08-03T10:31:55Z,2025-08-15T12:10:58Z,2025-08-13T21:49:25Z
FC-00157,S139,2025-08-07T15:42:43Z,33.0,271.0,60.0,36.98,301.0,1029.0,0,2025-08-07T07:43:18Z,2025-08-07T06:52:37Z,2025-08-07T14:15:38Z,2025-08-03T14:47:30Z,2025-08-14T22:08:23Z,2025-08-14T17:21:27Z
FC-00158,S125,2025-08-07T15:55:43Z,20.0,130.0,15.0,11.27,131.0,575.0,1,2025-08-07T11:32:31Z,2025-08-06T23:26:58Z,2025-08-07T14:07:15Z,2025-07-31T08:43:22Z,2025-08-15T09:57:24Z,2025-09-05T04:56:03Z
FC-00159,S137,2025-08-07T15:58:11Z,14.0,89.0,14.0,34.14,115.0,480.0,1,2025-08-07T09:04:41Z,2025-08-07T04:26:35Z,2025-08-07T15:02:01Z,2025-08-02T04:17:28Z,2025-08-15T11:16:22Z,2025-08-25T01:05:17Z
FC-00160,S151,2025-08-07T17:37:35Z,29.0,216.0,38.0,20.62,223.0,826.0,0,2025-08-07T08:44:28Z,2025-08-06T23:39:41Z,2025-08-07T16:49:02Z,2025-07-30T20:36:34Z,2025-08-15T03:18:28Z,2025-08-18T01:09:54Z
FC-00161,S157,2025-08-07T19:24:10Z,81.0,535.0,71.0,35.42,523.0,1977.0,0,2025-08-07T08:44:08Z,2025-08-07T01:08:11Z,2025-08-07T18:30:58Z,2025-07-25T12:32:30Z,2025-08-14T22:14:41Z,2025-08-26T01:43:15Z
FC-00162,S152,2025-08-07T21:27:14Z,48.0,388.0,33.0,29.32,328.0,1560.0,1,2025-08-07T13:18:40Z,2025-08-07T04:15:41Z,2025-08-07T20:52:27Z,2025-08-04T04:16:17Z,2025-08-15T07:45:24Z,2025-08-25T12:36:02Z
FC-00163,S131,2025-08-08T00:29:38Z,17.0,155.0,27.0,25.24,113.0,550.0,0,2025-08-07T10:27:56Z,2025-08-07T11:00:24Z,2025-08-07T23:30:59Z,2025-07-31T15:19:59Z,2025-08-15T20:35:21Z,2025-08-23T15:13:44Z
FC-00164,S122,2025-08-08T00:42:27Z,76.0,474.0,56.0,14.3,445.0,1799.0,1,2025-08-07T12:45:58Z,2025-08-07T18:08:38Z,2025-08-07T23:04:49Z,2025-08-05T20:37:00Z,2025-08-15T17:28:56Z,2025-08-16T10:42:39Z
FC-00165,S151,2025-08-08T02:45:24Z,56.0,329.0,54.0,3.3,347.0,1475.0,0,2025-08-07T21:39:52Z,2025-08-07T17:19:38Z,2025-08-08T02:19:27Z,2025-07-30T18:52:50Z,2025-08-15T08:42:34Z,2025-08-29T14:56:12Z
FC-00166,S149,2025-08-08T03:28:34Z,15.0,100.0,20.0,23.79,90.0,418.0,0,2025-08-07T21:14:52Z,2025-08-07T10:05:05Z,2025-08-08T02:45:57Z,2025-07-29T09:38:46Z,2025-08-16T02:56:04Z,2025-09-03T15:13:07Z
FC-00167,S100,2025-08-08T04:21:49Z,46.0,274.0,65.0,26.9,270.0,1228.0,0,2025-08-08T00:17:23Z,2025-08-07T15:12:43Z,2025-08-08T03:27:57Z,2025-07-25T15:55:08Z,2025-08-15T12:31:29Z,2025-09-03T14:53:11Z
FC-00168,S146,2025-08-08T04:23:53Z,62.0,341.0,68.0,35.01,347.0,1619.0,0,2025-08-07T17:50:30Z,2025-08-07T19:39:35Z,2025-08-08T03:09:04Z,2025-07-27T10:57:23Z,2025-08-15T20:53:42Z,2025-08-30T12:31:13Z
FC-00169,S155,2025-08-08T04:38:44Z,64.0,405.0,105.0,29.82,428.0,2062.0,0,2025-08-08T00:41:44Z,2025-08-07T16:09:17Z,2025-08-08T02:59:35Z,2025-07-28T07:41:56Z,2025-08-16T01:12:59Z,2025-09-05T05:05:33Z
FC-00170,S148,2025-08-08T04:38:53Z,66.0,457.0,90.0,26.05,381.0,1887.0,0,2025-08-07T18:25:39Z,2025-08-07T21:15:40Z,2025-08-08T03:14:09Z,2025-07-29T21:42:28Z,2025-08-15T20:16:47Z,2025-08-21T05:18:08Z
FC-00171,S159,2025-08-08T04:54:36Z,25.0,159.0,32.0,28.14,199.0,761.0,0,2025-08-07T09:33:03Z,2025-08-07T09:49:31Z,2025-08-08T03:14:44Z,2025-08-02T14:05:59Z,2025-08-15T20:22:55Z,2025-08-16T06:42:50Z
FC-00172,S107,2025-08-08T05:11:54Z,25.0,154.0,33.0,4.6,199.0,824.0,0,2025-08-07T15:55:40Z,2025-08-07T16:46:13Z,2025-08-08T04:52:19Z,2025-08-01T17:38:20Z,2025-08-15T13:56:21Z,2025-09-01T00:40:07Z
FC-00173,S113,2025-08-08T05:58:13Z,42.0,304.0,56.0,23.67,321.0,1168.0,0,2025-08-08T03:16:10Z,2025-08-07T14:50:44Z,2025-08-08T05:03:22Z,2025-08-05T19:05:37Z,2025-08-16T01:44:41Z,2025-08-16T04:16:39Z
FC-00174,S119,2025-08-08T06:11:35Z,22.0,169.0,37.0,33.46,194.0,771.0,0,2025-08-08T03:14:06Z,2025-08-07T15:12:41Z,2025-08-08T05:43:45Z,2025-07-30T12:42:34Z,2025-08-16T05:21:36Z,2025-09-02T12:27:04Z
FC-00175,S134,2025-08-08T06:47:16Z,142.0,857.0,125.0,5.89,791.0,3798.0,0,2025-08-08T03:31:01Z,2025-08-07T23:07:04Z,2025-08-08T05:32:34Z,2025-08-04T18:38:38Z,2025-08-15T11:57:12Z,2025-09-05T13:50:22Z
FC-00176,S129,2025-08-08T07:46:44Z,19.0,116.0,33.0,34.8,120.0,543.0,0,2025-08-07T18:34:05Z,2025-08-08T00:08:38Z,2025-08-08T06:22:35Z,2025-08-01T13:09:07Z,2025-08-16T02:59:33Z,2025-08-21T04:58:25Z
FC-00177,S149,2025-08-08T08:05:16Z,60.0,395.0,58.0,18.84,367.0,1650.0,0,2025-08-07T19:21:18Z,2025-08-07T20:31:58Z,2025-08-08T06:16:38Z,2025-07-25T20:09:08Z,2025-08-16T05:52:56Z,2025-08-16T20:28:49Z
FC-00178,S145,2025-08-08T09:31:56Z,48.0,440.0,95.0,9.88,473.0,1552.0,0,2025-08-07T14:52:49Z,2025-08-08T02:36:20Z,2025-08-08T08:23:10Z,2025-07-30T17:03:26Z,2025-08-16T07:32:20Z,2025-08-28T22:18:04Z
FC-00179,S105,2025-08-08T10:09:39Z,13.0,93.0,14.0,30.17,97.0,450.0,0,2025-08-08T03:43:13Z,2025-08-07T23:04:33Z,2025-08-08T08:38:35Z,2025-08-07T03:51:04Z,2025-08-16T08:49:54Z,2025-09-03T15:28:35Z
FC-00180,S126,2025-08-08T10:46:44Z,54.0,339.0,51.0,28.68,299.0,1578.0,0,2025-08-08T05:19:45Z,2025-08-07T18:08:28Z,2025-08-08T09:46:55Z,2025-07-30T07:01:43Z,2025-08-15T17:36:23Z,2025-09-04T09:58:30Z
FC-00181,S150,2025-08-08T11:30:37Z,51.0,358.0,43.0,8.31,312.0,1615.0,1,2025-08-07T16:20:48Z,2025-08-07T16:20:29Z,2025-08-08T11:00:44Z,2025-08-03T10:30:19Z,2025-08-15T14:52:12Z,2025-08-26T17:57:44Z
FC-00182,S103,2025-08-08T14:42:16Z,32.0,228.0,24.0,19.07,234.0,888.0,1,2025-08-08T11:32:38Z,2025-08-08T11:13:53Z,2025-08-08T14:01:31Z,2025-07-27T12:26:10Z,2025-08-16T07:32:56Z,2025-08-24T00:15:26Z
FC-00183,S145,2025-08-08T15:42:45Z,36.0,266.0,34.0,27.51,247.0,1222.0,1,2025-08-08T10:41:55Z,2025-08-08T04:19:35Z,2025-08-08T15:33:14Z,2025-08-02T08:34:07Z,2025-08-16T07:42:57Z,2025-08-22T17:44:26Z
FC-00184,S134,2025-08-08T17:52:54Z,58.0,457.0,104.0,31.16,405.0,1891.0,0,2025-08-08T09:57:51Z,2025-08-07T22:17:36Z,2025-08-08T15:54:13Z,2025-07-31T17:18:43Z,2025-08-16T00:02:02Z,2025-08-26T13:03:50Z
FC-00185,S155,2025-08-08T18:02:30Z,32.0,197.0,45.0,25.2,196.0,784.0,0,2025-08-08T07:45:57Z,2025-08-07T23:23:30Z,2025-08-08T16:26:03Z,2025-07-29T00:15:31Z,2025-08-15T19:30:38Z,2025-08-21T14:42:25Z
FC-00186,S150,2025-08-08T18:31:04Z,33.0,279.0,57.0,38.24,239.0,1018.0,0,2025-08-08T04:37:25Z,2025-08-08T02:24:38Z,2025-08-08T17:10:45Z,2025-08-06T21:38:17Z,2025-08-16T04:21:15Z,2025-09-03T09:00:08Z
FC-00187,S139,2025-08-08T19:05:09Z,51.0,387.0,103.0,25.21,341.0,1639.0,0,2025-08-08T02:13:53Z,2025-08-08T02:59:42Z,2025-08-08T17:21:28Z,2025-07-31T03:53:44Z,2025-08-15T22:35:10Z,2025-08-28T00:51:11Z
FC-00188,S159,2025-08-08T19:07:00Z,34.0,283.0,37.0,37.3,211.0,1078.0,0,2025-08-08T09:28:05Z,2025-08-08T05:42:24Z,2025-08-08T18:14:23Z,2025-08-06T00:55:10Z,2025-08-16T02:41:51Z,2025-08-16T13:40:49Z
FC-00189,S135,2025-08-08T21:04:17Z,51.0,418.0,39.0,35.53,454.0,1666.0,1,2025-08-08T14:11:50Z,2025-08-08T02:31:31Z,2025-08-08T20:37:00Z,2025-08-02T20:01:18Z,2025-08-15T23:37:04Z,2025-08-30T05:15:01Z
FC-00190,S134,2025-08-08T21:20:01Z,27.0,160.0,21.0,3.72,146.0,689.0,1,2025-08-08T12:35:50Z,2025-08-08T04:24:19Z,2025-08-08T19:57:03Z,2025-07-29T13:03:49Z,2025-08-16T06:43:54Z,2025-08-27T16:35:22Z
FC-00191,S113,2025-08-08T21:58:17Z,134.0,981.0,124.0,39.95,1086.0,4845.0,1,2025-08-08T19:09:52Z,2025-08-08T18:35:50Z,2025-08-08T20:56:01Z,2025-07-27T04:39:42Z,2025-08-16T15:41:22Z,2025-08-19T14:47:24Z
FC-00192,S143,2025-08-08T22:09:49Z,147.0,815.0,95.0,30.7,952.0,3882.0,1,2025-08-08T03:21:09Z,2025-08-08T12:31:37Z,2025-08-08T20:36:40Z,2025-07-26T15:55:06Z,2025-08-16T07:32:05Z,2025-08-25T06:21:39Z
FC-00193,S148,2025-08-08T22:47:17Z,68.0,377.0,51.0,18.8,423.0,1672.0,1,2025-08-08T06:10:22Z,2025-08-08T10:40:38Z,2025-08-08T22:06:46Z,2025-07-26T21:47:17Z,2025-08-16T21:27:19Z,2025-08-15T00:52:42Z
FC-00194,S156,2025-08-08T23:29:33Z,65.0,611.0,58.0,30.55,619.0,2314.0,1,2025-08-08T08:32:35Z,2025-08-08T10:04:47Z,2025-08-08T23:15:13Z,2025-07-27T15:47:21Z,2025-08-16T02:37:09Z,2025-09-07T13:47:02Z
FC-00195,S113,2025-08-09T01:27:57Z,21.0,173.0,31.0,30.37,157.0,778.0,0,2025-08-08T10:52:33Z,2025-08-08T19:23:47Z,2025-08-09T00:04:36Z,2025-07-27T20:52:44Z,2025-08-16T17:31:57Z,2025-08-26T04:01:24Z
FC-00196,S125,2025-08-09T02:31:01Z,64.0,409.0,97.0,6.66,402.0,1828.0,0,2025-08-08T21:07:29Z,2025-08-08T06:56:27Z,2025-08-09T00:46:01Z,2025-07-29T01:18:09Z,2025-08-16T16:38:14Z,2025-09-01T22:26:37Z
FC-00197,S108,2025-08-09T02:59:05Z,89.0,603.0,84.0,9.6,669.0,2818.0,1,2025-08-08T11:37:43Z,2025-08-09T00:32:02Z,2025-08-09T01:39:03Z,2025-08-06T22:59:08Z,2025-08-16T11:21:25Z,2025-08-23T11:41:58Z
FC-00198,S138,2025-08-09T03:41:12Z,84.0,458.0,54.0,24.36,452.0,2227.0,1,2025-08-08T11:15:01Z,2025-08-08T22:30:55Z,2025-08-09T02:05:32Z,2025-07-28T07:33:55Z,2025-08-16T23:48:54Z,2025-09-05T14:28:42Z
FC-00199,S130,2025-08-09T04:08:04Z,39.0,286.0,67.0,26.62,243.0,1221.0,0,2025-08-08T20:26:24Z,2025-08-08T15:27:28Z,2025-08-09T02:09:29Z,2025-08-03T04:13:51Z,2025-08-16T04:11:27Z,2025-08-15T22:33:29Z
FC-00200,S115,2025-08-09T04:27:47Z,46.0,369.0,32.0,33.69,413.0,1357.0,1,2025-08-08T12:36:07Z,2025-08-08T14:22:04Z,2025-08-09T02:31:52Z,2025-07-27T03:57:02Z,2025-08-16T11:49:11Z,2025-08-23T05:44:20Z
FC-00201,S139,2025-08-09T05:26:04Z,33.0,227.0,50.0,20.62,238.0,1182.0,0,2025-08-09T00:32:16Z,2025-08-08T17:26:28Z,2025-08-09T04:27:43Z,2025-08-03T21:07:09Z,2025-08-16T15:34:21Z,2025-09-05T09:24:54Z
FC-00202,S140,2025-08-09T06:16:40Z,32.0,231.0,21.0,30.67,262.0,983.0,1,2025-08-08T15:58:06Z,2025-08-08T15:05:44Z,2025-08-09T05:33:27Z,2025-08-02T09:29:40Z,2025-08-16T08:48:24Z,2025-08-19T23:07:10Z
FC-00203,S158,2025-08-09T06:28:09Z,59.0,471.0,110.0,13.26,471.0,1782.0,0,2025-08-08T20:39:26Z,2025-08-08T19:42:56Z,2025-08-09T04:35:53Z,2025-08-04T15:05:30Z,2025-08-17T02:07:25Z,2025-08-21T01:04:25Z
FC-00204,S131,2025-08-09T07:05:54Z,40.0,250.0,45.0,14.54,229.0,1114.0,0,2025-08-08T11:53:29Z,2025-08-08T21:30:06Z,2025-08-09T06:32:57Z,2025-07-30T21:20:45Z,2025-08-17T04:39:35Z,2025-09-01T09:49:42Z
FC-00205,S106,2025-08-09T08:13:55Z,45.0,332.0,82.0,17.79,400.0,1420.0,0,2025-08-08T23:09:57Z,2025-08-08T17:27:49Z,2025-08-09T06:52:14Z,2025-07-27T00:16:07Z,2025-08-16T10:38:01Z,2025-08-26T05:30:33Z
FC-00206,S146,2025-08-09T08:19:12Z,19.0,109.0,32.0,28.72,121.0,581.0,0,2025-08-08T12:34:53Z,2025-08-08T22:26:55Z,2025-08-09T06:54:42Z,2025-07-30T15:59:32Z,2025-08-16T09:09:43Z,2025-09-02T08:22:43Z
FC-00207,S121,2025-08-09T08:34:47Z,41.0,251.0,40.0,6.71,270.0,1132.0,0,2025-08-08T18:48:24Z,2025-08-09T03:53:26Z,2025-08-09T06:43:10Z,2025-07-30T17:59:20Z,2025-08-16T16:43:27Z,2025-08-17T06:49:05Z
FC-00208,S138,2025-08-09T09:15:23Z,36.0,257.0,64.0,37.64,277.0,1104.0,0,2025-08-08T20:49:23Z,2025-08-09T00:15:06Z,2025-08-09T07:48:05Z,2025-07-31T05:19:51Z,2025-08-17T04:15:25Z,2025-08-29T11:22:59Z
FC-00209,S152,2025-08-09T09:15:28Z,89.0,670.0,131.0,29.75,759.0,3026.0,0,2025-08-08T22:18:32Z,2025-08-08T23:27:34Z,2025-08-09T08:24:38Z,2025-08-04T09:50:42Z,2025-08-17T00:59:57Z,2025-08-29T16:10:54Z
FC-00210,S156,2025-08-09T09:36:51Z,44.0,306.0,70.0,12.24,326.0,1154.0,0,2025-08-09T05:41:32Z,2025-08-09T04:25:07Z,2025-08-09T09:11:23Z,2025-07-31T21:41:29Z,2025-08-16T23:25:51Z,2025-09-01T13:39:41Z
FC-00211,S129,2025-08-09T10:04:24Z,27.0,191.0,25.0,5.6,214.0,821.0,0,2025-08-09T01:09:03Z,2025-08-08T19:59:26Z,2025-08-09T09:13:41Z,2025-08-05T18:32:24Z,2025-08-16T12:38:21Z,2025-08-31T01:44:05Z
FC-00212,S156,2025-08-09T10:09:25Z,50.0,324.0,34.0,23.61,291.0,1370.0,1,2025-08-08T19:23:58Z,2025-08-08T19:16:47Z,2025-08-09T08:26:04Z,2025-07-30T11:41:47Z,2025-08-16T10:14:57Z,2025-08-23T21:35:37Z
FC-00213,S157,2025-08-09T10:10:42Z,26.0,201.0,41.0,24.45,192.0,788.0,0,2025-08-08T18:57:54Z,2025-08-09T07:38:23Z,2025-08-09T08:39:53Z,2025-08-06T12:46:37Z,2025-08-16T14:19:52Z,2025-08-19T19:09:24Z
FC-00214,S130,2025-08-09T11:06:27Z,45.0,295.0,47.0,14.11,281.0,1325.0,0,2025-08-08T15:41:49Z,2025-08-08T21:53:51Z,2025-08-09T09:20:58Z,2025-07-29T09:11:55Z,2025-08-16T16:54:33Z,2025-08-19T22:30:36Z
FC-00215,S149,2025-08-09T11:45:46Z,13.0,101.0,12.0,4.37,99.0,400.0,1,2025-08-09T01:32:30Z,2025-08-09T08:52:06Z,2025-08-09T09:50:21Z,2025-08-05T06:51:22Z,2025-08-16T22:22:41Z,2025-08-16T16:01:29Z
FC-00216,S128,2025-08-09T11:58:29Z,55.0,341.0,49.0,29.16,284.0,1527.0,0,2025-08-08T20:01:41Z,2025-08-09T03:40:22Z,2025-08-09T10:00:29Z,2025-08-06T21:32:56Z,2025-08-17T05:09:09Z,2025-08-22T09:07:01Z
FC-00217,S118,2025-08-09T12:07:24Z,40.0,264.0,40.0,31.01,297.0,1141.0,1,2025-08-09T02:11:05Z,2025-08-08T18:23:49Z,2025-08-09T11:08:28Z,2025-07-28T14:57:37Z,2025-08-16T12:11:59Z,2025-09-06T07:39:38Z
FC-00218,S110,2025-08-09T12:07:52Z,34.0,253.0,33.0,3.37,239.0,989.0,0,2025-08-08T22:59:23Z,2025-08-08T21:09:15Z,2025-08-09T11:51:57Z,2025-08-05T13:30:12Z,2025-08-17T11:07:36Z,2025-08-22T10:07:16Z
FC-00219,S113,2025-08-09T13:31:44Z,58.0,525.0,60.0,29.59,453.0,2107.0,1,2025-08-08T20:48:02Z,2025-08-08T23:04:13Z,2025-08-09T12:39:16Z,2025-07-31T06:19:19Z,2025-08-16T14:34:17Z,2025-09-02T16:33:25Z
FC-00220,S100,2025-08-09T13:41:14Z,66.0,594.0,90.0,6.0,610.0,2375.0,0,2025-08-09T04:43:50Z,2025-08-09T04:44:12Z,2025-08-09T13:24:59Z,2025-08-05T04:00:12Z,2025-08-16T19:20:09Z,2025-08-21T11:33:01Z
FC-00221,S123,2025-08-09T14:06:32Z,52.0,385.0,57.0,6.02,338.0,1483.0,0,2025-08-08T20:43:35Z,2025-08-08T18:12:10Z,2025-08-09T12:30:36Z,2025-08-03T13:06:35Z,2025-08-17T13:24:43Z,2025-08-24T11:14:26Z
FC-00222,S150,2025-08-09T15:14:58Z,10.0,57.0,12.0,25.22,60.0,252.0,0,2025-08-09T10:30:40Z,2025-08-09T12:51:27Z,2025-08-09T14:24:18Z,2025-07-27T00:00:03Z,2025-08-17T01:59:11Z,2025-09-01T03:17:09Z
FC-00223,S137,2025-08-09T15:25:33Z,32.0,217.0,43.0,4.89,261.0,882.0,0,2025-08-08T19:58:02Z,2025-08-09T03:59:47Z,2025-08-09T13:35:37Z,2025-07-26T20:07:02Z,2025-08-17T01:40:34Z,2025-08-16T19:48:01Z
FC-00224,S129,2025-08-09T15:44:15Z,12.0,90.0,10.0,2.43,78.0,351.0,1,2025-08-09T00:31:49Z,2025-08-09T02:44:49Z,2025-08-09T14:16:34Z,2025-08-07T01:43:51Z,2025-08-17T05:38:51Z,2025-08-20T06:05:41Z
FC-00225,S110,2025-08-09T16:27:16Z,14.0,108.0,23.0,29.14,96.0,417.0,0,2025-08-09T00:40:57Z,2025-08-09T11:24:34Z,2025-08-09T15:45:01Z,2025-08-08T06:33:54Z,2025-08-17T10:44:56Z,2025-09-02T02:33:17Z
FC-00226,S119,2025-08-09T17:10:41Z,59.0,456.0,99.0,23.81,391.0,1751.0,0,2025-08-09T02:33:33Z,2025-08-08T21:25:13Z,2025-08-09T15:58:06Z,2025-07-28T19:31:33Z,2025-08-17T12:02:00Z,2025-09-03T20:24:39Z
FC-00227,S114,2025-08-09T17:56:23Z,61.0,425.0,90.0,31.05,325.0,1712.0,0,2025-08-09T06:25:40Z,2025-08-09T12:47:14Z,2025-08-09T17:12:15Z,2025-08-01T10:54:52Z,2025-08-16T21:19:05Z,2025-08-25T12:19:54Z
FC-00228,S153,2025-08-09T18:23:12Z,22.0,173.0,20.0,21.7,158.0,771.0,1,2025-08-09T15:52:22Z,2025-08-09T10:09:17Z,2025-08-09T17:38:03Z,2025-07-30T10:46:13Z,2025-08-17T09:03:33Z,2025-08-17T20:36:52Z
FC-00229,S145,2025-08-09T18:39:11Z,29.0,174.0,42.0,32.07,236.0,859.0,0,2025-08-09T08:01:19Z,2025-08-09T05:34:29Z,2025-08-09T17:54:12Z,2025-08-02T17:38:27Z,2025-08-17T02:06:52Z,2025-08-20T12:07:58Z
FC-00230,S118,2025-08-09T20:03:00Z,12.0,114.0,12.0,4.25,122.0,401.0,1,2025-08-09T01:27:27Z,2025-08-09T04:27:40Z,2025-08-09T18:14:56Z,2025-08-05T01:37:49Z,2025-08-17T02:27:31Z,2025-08-15T05:07:02Z
FC-00231,S114,2025-08-09T21:12:32Z,32.0,244.0,31.0,4.84,268.0,992.0,1,2025-08-09T02:07:24Z,2025-08-09T05:58:29Z,2025-08-09T19:20:07Z,2025-07-30T23:33:58Z,2025-08-17T18:26:44Z,2025-08-17T00:53:07Z
FC-00232,S115,2025-08-09T22:07:53Z,19.0,124.0,24.0,21.66,167.0,627.0,0,2025-08-09T07:56:01Z,2025-08-09T06:08:09Z,2025-08-09T20:36:34Z,2025-08-04T22:53:07Z,2025-08-17T20:45:44Z,2025-08-19T05:03:26Z
FC-00233,S114,2025-08-09T22:31:36Z,24.0,133.0,35.0,12.23,159.0,695.0,0,2025-08-09T20:06:26Z,2025-08-09T07:58:33Z,2025-08-09T20:32:58Z,2025-08-03T19:18:25Z,2025-08-17T03:53:53Z,2025-09-06T18:46:10Z
FC-00234,S128,2025-08-09T23:32:13Z,60.0,340.0,91.0,14.2,411.0,1446.0,0,2025-08-09T20:03:11Z,2025-08-09T09:33:22Z,2025-08-09T22:37:11Z,2025-07-27T11:51:13Z,2025-08-17T19:31:57Z,2025-09-03T08:55:14Z
FC-00235,S142,2025-08-09T23:45:30Z,119.0,780.0,72.0,37.98,691.0,2974.0,1,2025-08-09T20:36:58Z,2025-08-09T07:57:48Z,2025-08-09T21:57:30Z,2025-08-01T04:46:01Z,2025-08-17T22:17:32Z,2025-08-28T23:47:24Z
FC-00236,S103,2025-08-10T02:17:59Z,34.0,283.0,58.0,36.34,278.0,1050.0,0,2025-08-09T09:22:26Z,2025-08-09T21:04:43Z,2025-08-10T00:51:47Z,2025-07-31T02:13:08Z,2025-08-17T08:43:08Z,2025-08-25T16:52:07Z
FC-00237,S128,2025-08-10T03:01:27Z,65.0,438.0,45.0,7.2,327.0,1674.0,1,2025-08-09T17:07:47Z,2025-08-09T11:34:36Z,2025-08-10T02:41:53Z,2025-08-06T13:47:58Z,2025-08-17T09:57:00Z,2025-08-25T11:17:41Z
FC-00238,S120,2025-08-10T03:12:35Z,43.0,310.0,64.0,6.93,320.0,1425.0,0,2025-08-10T00:27:40Z,2025-08-09T07:19:31Z,2025-08-10T02:17:20Z,2025-08-08T06:52:05Z,2025-08-18T02:06:34Z,2025-08-15T15:13:32Z
FC-00239,S141,2025-08-10T04:03:53Z,11.0,75.0,16.0,18.54,68.0,282.0,0,2025-08-10T00:44:22Z,2025-08-09T21:21:17Z,2025-08-10T03:34:21Z,2025-07-29T23:28:14Z,2025-08-17T09:18:32Z,2025-09-02T06:57:11Z
FC-00240,S125,2025-08-10T06:18:19Z,39.0,232.0,41.0,22.58,267.0,1117.0,0,2025-08-09T11:46:24Z,2025-08-09T16:38:35Z,2025-08-10T04:31:25Z,2025-07-31T00:30:48Z,2025-08-17T09:30:53Z,2025-09-01T18:22:12Z
FC-00241,S142,2025-08-10T06:43:42Z,24.0,180.0,25.0,32.96,193.0,846.0,0,2025-08-09T23:00:20Z,2025-08-09T19:30:54Z,2025-08-10T06:33:03Z,2025-07-31T05:18:38Z,2025-08-17T10:17:55Z,2025-08-31T23:06:32Z
FC-00242,S148,2025-08-10T07:21:41Z,23.0,162.0,29.0,32.59,158.0,678.0,0,2025-08-09T11:56:54Z,2025-08-09T14:29:13Z,2025-08-10T06:29:53Z,2025-08-08T07:14:55Z,2025-08-17T09:11:44Z,2025-09-08T04:36:53Z
FC-00243,S111,2025-08-10T07:23:08Z,63.0,390.0,108.0,27.44,380.0,1919.0,0,2025-08-09T14:59:18Z,2025-08-10T01:31:26Z,2025-08-10T05:46:21Z,2025-08-07T03:21:08Z,2025-08-18T02:09:00Z,2025-08-28T16:53:35Z
FC-00244,S123,2025-08-10T07:47:01Z,41.0,351.0,81.0,30.35,407.0,1633.0,0,2025-08-09T23:48:29Z,2025-08-09T18:51:03Z,2025-08-10T07:21:46Z,2025-08-07T16:48:50Z,2025-08-17T09:36:57Z,2025-08-24T03:34:32Z
FC-00245,S148,2025-08-10T07:58:00Z,41.0,251.0,28.0,19.16,307.0,1097.0,1,2025-08-09T12:57:48Z,2025-08-09T14:33:57Z,2025-08-10T06:08:53Z,2025-08-07T06:57:04Z,2025-08-17T20:53:15Z,2025-08-31T21:51:38Z
FC-00246,S101,2025-08-10T08:14:30Z,44.0,334.0,35.0,21.89,343.0,1411.0,1,2025-08-09T15:32:59Z,2025-08-09T16:41:46Z,2025-08-10T07:48:43Z,2025-07-29T13:44:04Z,2025-08-17T16:11:27Z,2025-08-27T02:32:23Z
FC-00247,S104,2025-08-10T08:59:19Z,43.0,357.0,83.0,39.27,387.0,1308.0,0,2025-08-10T06:50:22Z,2025-08-10T05:19:55Z,2025-08-10T08:16:45Z,2025-08-04T03:54:32Z,2025-08-18T06:54:17Z,2025-09-05T19:41:39Z
FC-00248,S130,2025-08-10T09:13:07Z,48.0,265.0,48.0,5.91,293.0,1217.0,0,2025-08-09T18:17:08Z,2025-08-10T02:07:13Z,2025-08-10T08:49:30Z,2025-07-31T01:58:26Z,2025-08-18T01:04:24Z,2025-08-26T21:02:13Z
FC-00249,S145,2025-08-10T09:15:15Z,41.0,286.0,68.0,28.4,227.0,1157.0,0,2025-08-10T04:06:52Z,2025-08-10T03:24:30Z,2025-08-10T08:18:35Z,2025-07-31T18:05:34Z,2025-08-17T16:34:31Z,2025-08-19T02:45:11Z
FC-00250,S112,2025-08-10T09:40:39Z,48.0,421.0,71.0,13.23,366.0,1601.0,0,2025-08-09T16:44:54Z,2025-08-09T16:54:14Z,2025-08-10T08:23:12Z,2025-07-29T04:42:09Z,2025-08-18T03:44:35Z,2025-08-15T22:25:38Z
FC-00251,S158,2025-08-10T11:15:16Z,77.0,535.0,118.0,37.93,501.0,2252.0,0,2025-08-10T08:44:29Z,2025-08-10T07:29:17Z,2025-08-10T09:40:56Z,2025-08-08T16:50:16Z,2025-08-17T13:16:21Z,2025-08-15T20:14:01Z
FC-00252,S142,2025-08-10T14:37:39Z,37.0,197.0,54.0,19.01,218.0,991.0,0,2025-08-09T23:53:44Z,2025-08-10T10:06:44Z,2025-08-10T12:43:21Z,2025-08-08T10:03:19Z,2025-08-18T05:12:16Z,2025-08-19T14:53:32Z
FC-00253,S143,2025-08-10T14:46:31Z,82.0,456.0,133.0,27.38,511.0,2458.0,0,2025-08-10T11:18:17Z,2025-08-10T00:56:10Z,2025-08-10T13:05:59Z,2025-08-06T16:12:24Z,2025-08-17T21:55:26Z,2025-09-04T00:35:59Z
FC-00254,S100,2025-08-10T14:46:45Z,56.0,338.0,64.0,5.02,406.0,1499.0,0,2025-08-10T00:08:39Z,2025-08-09T19:23:25Z,2025-08-10T14:08:10Z,2025-08-01T22:24:43Z,2025-08-18T03:35:10Z,2025-08-23T04:17:15Z
FC-00255,S149,2025-08-10T14:49:26Z,22.0,158.0,31.0,6.13,213.0,759.0,0,2025-08-09T23:27:34Z,2025-08-09T23:24:06Z,2025-08-10T13:24:51Z,2025-07-28T16:09:31Z,2025-08-18T04:04:11Z,2025-08-24T12:11:47Z
FC-00256,S110,2025-08-10T14:50:22Z,37.0,288.0,37.0,38.23,346.0,1248.0,1,2025-08-10T11:57:55Z,2025-08-10T00:56:11Z,2025-08-10T14:39:03Z,2025-07-27T23:28:30Z,2025-08-18T08:33:05Z,2025-08-25T06:56:01Z
FC-00257,S135,2025-08-10T16:10:36Z,10.0,64.0,7.0,35.03,61.0,318.0,1,2025-08-10T08:11:01Z,2025-08-10T10:35:56Z,2025-08-10T15:16:11Z,2025-07-30T07:54:18Z,2025-08-17T22:08:36Z,2025-09-02T05:30:41Z
FC-00258,S110,2025-08-10T17:02:32Z,47.0,295.0,55.0,24.24,343.0,1333.0,0,2025-08-09T23:06:31Z,2025-08-10T09:45:58Z,2025-08-10T15:55:51Z,2025-07-30T20:38:34Z,2025-08-17T18:00:04Z,2025-08-20T06:08:01Z
FC-00259,S105,2025-08-10T17:42:38Z,73.0,460.0,107.0,19.3,468.0,2143.0,0,2025-08-10T01:48:16Z,2025-08-10T12:17:56Z,2025-08-10T16:58:31Z,2025-08-05T00:13:03Z,2025-08-18T03:20:00Z,2025-09-08T21:57:06Z
FC-00260,S149,2025-08-10T19:38:56Z,38.0,328.0,38.0,2.9,375.0,1397.0,1,2025-08-10T06:09:50Z,2025-08-10T08:29:39Z,2025-08-10T19:14:04Z,2025-08-02T02:50:06Z,2025-08-17T20:12:44Z,2025-08-23T13:57:27Z
FC-00261,S116,2025-08-10T20:25:46Z,13.0,89.0,7.0,15.11,71.0,329.0,1,2025-08-10T01:42:54Z,2025-08-10T14:07:20Z,2025-08-10T19:08:56Z,2025-08-04T00:26:42Z,2025-08-18T02:51:04Z,2025-08-22T11:37:19Z
FC-00262,S148,2025-08-10T21:05:19Z,31.0,262.0,63.0,29.81,275.0,1203.0,0,2025-08-10T15:09:31Z,2025-08-10T06:17:39Z,2025-08-10T19:42:19Z,2025-08-07T00:44:54Z,2025-08-17T21:58:34Z,2025-09-08T01:34:38Z
FC-00263,S113,2025-08-10T21:09:31Z,32.0,198.0,29.0,15.22,191.0,898.0,0,2025-08-10T08:39:27Z,2025-08-10T12:56:32Z,2025-08-10T19:34:02Z,2025-08-08T00:19:47Z,2025-08-18T10:00:25Z,2025-09-08T01:30:25Z
FC-00264,S141,2025-08-10T21:27:37Z,88.0,453.0,102.0,16.79,570.0,2050.0,0,2025-08-10T12:01:44Z,2025-08-10T02:48:16Z,2025-08-10T19:58:17Z,2025-08-07T08:00:05Z,2025-08-18T02:48:14Z,2025-08-21T20:33:20Z
FC-00265,S101,2025-08-10T21:47:02Z,116.0,629.0,179.0,31.35,782.0,3391.0,0,2025-08-10T19:39:06Z,2025-08-10T15:20:41Z,2025-08-10T19:48:44Z,2025-07-29T13:13:37Z,2025-08-18T09:15:01Z,2025-08-26T04:09:07Z
FC-00266,S149,2025-08-10T22:34:50Z,30.0,241.0,32.0,27.32,217.0,851.0,0,2025-08-10T06:32:03Z,2025-08-10T13:19:41Z,2025-08-10T21:11:45Z,2025-08-03T19:13:24Z,2025-08-18T03:45:02Z,2025-08-31T01:48:05Z
FC-00267,S120,2025-08-11T01:13:52Z,28.0,233.0,29.0,28.8,259.0,978.0,0,2025-08-10T08:49:52Z,2025-08-10T17:45:58Z,2025-08-10T23:29:56Z,2025-08-07T17:27:02Z,2025-08-18T05:56:57Z,2025-08-23T22:48:59Z
FC-00268,S130,2025-08-11T01:29:37Z,33.0,233.0,42.0,9.19,235.0,1003.0,0,2025-08-10T20:16:08Z,2025-08-10T08:36:48Z,2025-08-11T00:26:51Z,2025-08-04T15:02:50Z,2025-08-18T09:16:52Z,2025-08-23T09:42:45Z
FC-00269,S137,2025-08-11T02:28:25Z,122.0,984.0,122.0,3.61,1075.0,4069.0,0,2025-08-10T22:25:01Z,2025-08-10T22:05:07Z,2025-08-11T02:21:00Z,2025-08-08T22:08:18Z,2025-08-18T08:36:55Z,2025-08-25T09:54:06Z
FC-00270,S108,2025-08-11T02:46:54Z,31.0,222.0,40.0,13.47,178.0,814.0,0,2025-08-10T10:18:57Z,2025-08-10T08:44:16Z,2025-08-11T01:34:31Z,2025-07-29T23:20:44Z,2025-08-18T15:13:15Z,2025-08-17T06:10:19Z
FC-00271,S136,2025-08-11T03:32:25Z,32.0,195.0,40.0,16.24,207.0,835.0,0,2025-08-10T20:16:54Z,2025-08-10T18:29:21Z,2025-08-11T02:57:11Z,2025-08-04T18:03:01Z,2025-08-18T05:44:04Z,2025-08-31T16:38:19Z
FC-00272,S122,2025-08-11T05:41:22Z,61.0,559.0,62.0,29.82,542.0,2325.0,1,2025-08-10T21:56:24Z,2025-08-10T15:37:56Z,2025-08-11T05:18:49Z,2025-08-04T18:45:00Z,2025-08-18T08:57:33Z,2025-08-19T05:24:35Z
FC-00273,S123,2025-08-11T06:18:50Z,43.0,335.0,31.0,34.98,361.0,1327.0,1,2025-08-10T17:48:30Z,2025-08-10T16:49:06Z,2025-08-11T05:16:45Z,2025-08-01T13:26:17Z,2025-08-18T09:05:51Z,2025-08-28T12:32:41Z
FC-00274,S107,2025-08-11T06:39:51Z,27.0,179.0,41.0,26.38,167.0,845.0,0,2025-08-10T13:21:27Z,2025-08-11T04:05:55Z,2025-08-11T06:30:36Z,2025-07-28T14:47:16Z,2025-08-18T07:24:14Z,2025-08-18T21:18:56Z
FC-00275,S148,2025-08-11T07:37:26Z,14.0,115.0,18.0,10.58,113.0,432.0,0,2025-08-10T12:43:11Z,2025-08-10T21:25:54Z,2025-08-11T05:59:55Z,2025-08-04T11:37:19Z,2025-08-18T15:04:43Z,2025-08-27T04:41:41Z
FC-00276,S155,2025-08-11T09:31:28Z,51.0,288.0,47.0,33.46,285.0,1248.0,0,2025-08-10T18:48:10Z,2025-08-10T19:47:34Z,2025-08-11T09:09:37Z,2025-08-08T03:59:48Z,2025-08-19T02:15:41Z,2025-08-31T19:20:12Z
FC-00277,S139,2025-08-11T09:36:00Z,14.0,78.0,16.0,6.63,106.0,383.0,0,2025-08-10T18:06:10Z,2025-08-10T20:17:16Z,2025-08-11T09:08:16Z,2025-08-04T06:30:48Z,2025-08-19T08:00:42Z,2025-08-30T15:07:09Z
FC-00278,S137,2025-08-11T12:13:05Z,46.0,326.0,72.0,37.94,294.0,1417.0,0,2025-08-11T05:07:19Z,2025-08-10T18:54:43Z,2025-08-11T11:31:21Z,2025-08-06T13:45:28Z,2025-08-19T11:19:18Z,2025-08-26T17:21:04Z
FC-00279,S154,2025-08-11T12:22:06Z,42.0,242.0,59.0,7.03,261.0,1058.0,0,2025-08-11T05:56:51Z,2025-08-10T17:07:54Z,2025-08-11T11:50:45Z,2025-08-01T19:03:12Z,2025-08-18T20:09:22Z,2025-09-02T18:09:07Z
FC-00280,S155,2025-08-11T12:57:16Z,29.0,234.0,60.0,38.75,211.0,1007.0,0,2025-08-11T10:46:28Z,2025-08-10T22:48:46Z,2025-08-11T12:26:16Z,2025-07-30T01:14:58Z,2025-08-19T06:18:19Z,2025-08-27T23:35:25Z
FC-00281,S121,2025-08-11T13:03:34Z,59.0,394.0,44.0,18.56,388.0,1598.0,1,2025-08-11T01:29:15Z,2025-08-11T04:45:02Z,2025-08-11T11:43:38Z,2025-08-02T20:18:20Z,2025-08-18T23:43:27Z,2025-09-02T04:43:21Z
FC-00282,S144,2025-08-11T13:17:48Z,50.0,444.0,37.0,30.74,430.0,1696.0,1,2025-08-11T06:08:14Z,2025-08-10T21:38:28Z,2025-08-11T12:42:30Z,2025-07-31T16:06:49Z,2025-08-19T12:34:21Z,2025-09-03T04:19:10Z
FC-00283,S123,2025-08-11T14:17:57Z,25.0,145.0,30.0,7.6,173.0,713.0,0,2025-08-11T00:13:48Z,2025-08-11T09:58:11Z,2025-08-11T13:45:57Z,2025-07-31T06:34:32Z,2025-08-19T03:23:20Z,2025-09-05T00:12:12Z
FC-00284,S125,2025-08-11T15:17:26Z,39.0,272.0,29.0,7.93,277.0,1019.0,1,2025-08-11T00:25:47Z,2025-08-10T22:35:05Z,2025-08-11T13:19:27Z,2025-07-30T18:34:10Z,2025-08-19T14:38:56Z,2025-09-05T03:01:04Z
FC-00285,S146,2025-08-11T15:58:40Z,74.0,548.0,78.0,11.71,433.0,1988.0,0,2025-08-11T08:01:28Z,2025-08-11T03:32:42Z,2025-08-11T15:28:55Z,2025-08-06T21:55:59Z,2025-08-19T04:33:39Z,2025-09-03T12:48:21Z
FC-00286,S114,2025-08-11T16:14:31Z,63.0,439.0,65.0,24.21,549.0,2017.0,1,2025-08-11T04:38:13Z,2025-08-11T00:37:40Z,2025-08-11T16:01:53Z,2025-07-29T21:36:34Z,2025-08-19T05:48:35Z,2025-08-23T21:12:29Z
FC-00287,S124,2025-08-11T16:55:55Z,23.0,191.0,27.0,28.07,178.0,822.0,0,2025-08-10T21:44:15Z,2025-08-11T06:14:41Z,2025-08-11T15:20:59Z,2025-08-09T01:32:28Z,2025-08-18T19:57:19Z,2025-09-04T08:21:43Z
FC-00288,S153,2025-08-11T17:27:48Z,69.0,447.0,113.0,24.82,421.0,1871.0,0,2025-08-11T05:36:39Z,2025-08-10T21:55:23Z,2025-08-11T16:05:18Z,2025-08-07T08:47:01Z,2025-08-18T23:08:01Z,2025-08-31T11:34:05Z
FC-00289,S120,2025-08-11T17:53:41Z,21.0,178.0,33.0,30.38,166.0,813.0,0,2025-08-11T13:52:08Z,2025-08-11T15:16:04Z,2025-08-11T15:57:26Z,2025-08-04T18:18:48Z,2025-08-19T05:11:16Z,2025-09-04T15:17:10Z
FC-00290,S124,2025-08-11T20:34:07Z,76.0,389.0,46.0,15.15,535.0,1832.0,1,2025-08-11T16:53:46Z,2025-08-11T07:18:33Z,2025-08-11T19:23:05Z,2025-08-05T08:25:11Z,2025-08-19T19:01:42Z,2025-08-25T09:38:58Z
FC-00291,S109,2025-08-11T20:51:48Z,59.0,365.0,71.0,18.54,398.0,1637.0,0,2025-08-11T16:11:28Z,2025-08-11T07:58:46Z,2025-08-11T20:28:11Z,2025-08-03T08:32:16Z,2025-08-19T14:49:31Z,2025-08-17T19:34:30Z
FC-00292,S134,2025-08-11T21:06:36Z,43.0,307.0,47.0,6.95,270.0,1259.0,0,2025-08-11T09:10:24Z,2025-08-11T08:21:58Z,2025-08-11T20:57:57Z,2025-08-02T12:27:53Z,2025-08-18T21:53:17Z,2025-08-29T08:47:28Z
FC-00293,S143,2025-08-11T21:10:09Z,41.0,230.0,34.0,22.54,226.0,1146.0,1,2025-08-11T09:09:17Z,2025-08-11T15:01:51Z,2025-08-11T20:16:34Z,2025-08-03T19:04:02Z,2025-08-19T05:06:36Z,2025-09-02T12:58:53Z
FC-00294,S115,2025-08-11T21:27:45Z,37.0,265.0,71.0,17.3,270.0,1186.0,0,2025-08-11T18:27:56Z,2025-08-11T14:11:28Z,2025-08-11T20:43:24Z,2025-08-04T17:28:36Z,2025-08-19T17:22:30Z,2025-08-21T17:56:46Z
FC-00295,S137,2025-08-11T21:46:44Z,29.0,182.0,27.0,32.47,212.0,792.0,0,2025-08-11T05:47:07Z,2025-08-11T15:25:37Z,2025-08-11T19:58:09Z,2025-08-02T08:17:06Z,2025-08-19T17:51:31Z,2025-09-07T02:11:53Z
FC-00296,S130,2025-08-11T23:06:24Z,28.0,222.0,29.0,27.77,224.0,883.0,1,2025-08-11T07:04:59Z,2025-08-11T13:22:42Z,2025-08-11T21:30:28Z,2025-08-02T22:01:51Z,2025-08-19T07:07:20Z,2025-09-06T04:19:07Z
FC-00297,S101,2025-08-12T00:11:00Z,62.0,435.0,34.0,26.82,425.0,1542.0,1,2025-08-11T08:27:33Z,2025-08-11T20:08:00Z,2025-08-11T23:34:09Z,2025-08-05T01:47:12Z,2025-08-19T08:37:50Z,2025-09-04T07:08:29Z
FC-00298,S107,2025-08-12T00:28:39Z,42.0,259.0,59.0,26.08,243.0,1082.0,0,2025-08-11T16:17:53Z,2025-08-11T20:40:48Z,2025-08-11T23:27:22Z,2025-08-08T22:30:13Z,2025-08-19T00:40:50Z,2025-08-30T10:12:48Z
FC-00299,S139,2025-08-12T00:51:59Z,37.0,286.0,65.0,14.23,343.0,1212.0,0,2025-08-11T19:09:41Z,2025-08-11T09:38:23Z,2025-08-11T23:15:13Z,2025-08-03T21:12:57Z,2025-08-19T03:50:14Z,2025-09-04T04:02:09Z
FC-00300,S150,2025-08-12T01:00:01Z,37.0,260.0,21.0,3.24,247.0,1009.0,1,2025-08-11T18:24:52Z,2025-08-11T19:39:26Z,2025-08-11T23:34:00Z,2025-07-30T13:20:07Z,2025-08-19T16:14:34Z,2025-09-07T04:12:24Z
FC-00301,S111,2025-08-12T01:12:15Z,35.0,208.0,29.0,13.42,229.0,993.0,1,2025-08-11T21:59:27Z,2025-08-11T05:15:59Z,2025-08-12T00:36:19Z,2025-08-10T23:51:32Z,2025-08-19T06:11:28Z,2025-09-05T15:43:44Z
FC-00302,S115,2025-08-12T02:35:46Z,51.0,330.0,39.0,5.25,349.0,1442.0,1,2025-08-11T14:19:52Z,2025-08-11T20:00:40Z,2025-08-12T01:15:48Z,2025-08-01T09:12:38Z,2025-08-19T23:31:17Z,2025-09-03T18:26:36Z
FC-00303,S119,2025-08-12T02:42:14Z,37.0,246.0,58.0,36.22,206.0,960.0,0,2025-08-11T11:44:46Z,2025-08-11T15:41:47Z,2025-08-12T02:05:08Z,2025-08-07T17:25:50Z,2025-08-19T14:24:45Z,2025-08-26T07:12:48Z
FC-00304,S145,2025-08-12T03:00:44Z,36.0,283.0,33.0,4.76,342.0,1303.0,1,2025-08-11T08:32:53Z,2025-08-11T17:56:56Z,2025-08-12T01:15:49Z,2025-07-31T15:09:08Z,2025-08-19T04:37:32Z,2025-08-28T12:14:35Z
FC-00305,S133,2025-08-12T04:05:27Z,40.0,304.0,59.0,25.31,270.0,1501.0,0,2025-08-11T18:56:16Z,2025-08-11T08:14:12Z,2025-08-12T02:18:49Z,2025-07-31T05:35:38Z,2025-08-19T09:43:29Z,2025-08-22T05:18:17Z
FC-00306,S137,2025-08-12T06:08:11Z,55.0,480.0,88.0,34.3,484.0,2012.0,0,2025-08-11T14:50:19Z,2025-08-12T00:54:59Z,2025-08-12T04:13:08Z,2025-07-31T12:21:22Z,2025-08-19T12:49:14Z,2025-08-22T11:05:14Z
FC-00307,S124,2025-08-12T06:16:23Z,100.0,589.0,146.0,32.69,512.0,2618.0,0,2025-08-11T21:43:51Z,2025-08-11T11:39:54Z,2025-08-12T05:44:06Z,2025-08-10T20:38:35Z,2025-08-20T00:38:45Z,2025-08-26T04:27:25Z
FC-00308,S106,2025-08-12T08:46:13Z,58.0,402.0,88.0,32.1,437.0,1695.0,0,2025-08-11T22:15:56Z,2025-08-11T23:20:57Z,2025-08-12T08:39:47Z,2025-08-09T03:20:13Z,2025-08-19T19:43:56Z,2025-08-28T21:56:42Z
FC-00309,S156,2025-08-12T09:04:26Z,20.0,159.0,15.0,6.05,161.0,673.0,1,2025-08-12T04:04:07Z,2025-08-11T23:45:00Z,2025-08-12T08:10:37Z,2025-08-07T23:51:43Z,2025-08-19T14:31:30Z,2025-08-27T03:50:42Z
FC-00310,S156,2025-08-12T09:20:55Z,60.0,427.0,101.0,10.18,467.0,1872.0,0,2025-08-11T21:54:46Z,2025-08-12T02:08:18Z,2025-08-12T07:29:07Z,2025-07-30T06:30:53Z,2025-08-19T20:28:33Z,2025-08-22T19:02:01Z
FC-00311,S142,2025-08-12T09:46:54Z,59.0,398.0,87.0,18.67,297.0,1505.0,0,2025-08-11T23:34:48Z,2025-08-12T07:07:26Z,2025-08-12T08:33:50Z,2025-08-05T23:32:35Z,2025-08-20T04:30:06Z,2025-09-06T02:55:16Z
FC-00312,S149,2025-08-12T11:05:26Z,31.0,227.0,56.0,6.09,246.0,876.0,0,2025-08-12T00:18:43Z,2025-08-11T20:27:48Z,2025-08-12T09:39:43Z,2025-08-09T02:28:45Z,2025-08-20T08:07:44Z,2025-09-08T20:27:12Z
FC-00313,S134,2025-08-12T13:33:36Z,33.0,204.0,38.0,37.58,213.0,919.0,0,2025-08-12T01:27:09Z,2025-08-11T20:37:29Z,2025-08-12T12:18:35Z,2025-08-09T00:51:33Z,2025-08-20T07:16:05Z,2025-08-30T20:55:08Z
FC-00314,S136,2025-08-12T14:17:44Z,25.0,194.0,48.0,20.25,186.0,795.0,0,2025-08-12T02:41:12Z,2025-08-11T22:12:00Z,2025-08-12T13:28:28Z,2025-08-02T14:13:29Z,2025-08-20T11:49:53Z,2025-09-09T04:24:52Z
FC-00315,S114,2025-08-12T14:56:03Z,38.0,309.0,46.0,39.88,328.0,1316.0,0,2025-08-11T20:42:32Z,2025-08-11T23:42:13Z,2025-08-12T14:07:44Z,2025-08-11T10:57:27Z,2025-08-20T12:14:47Z,2025-08-24T01:27:25Z
FC-00316,S110,2025-08-12T16:09:30Z,52.0,398.0,101.0,27.38,389.0,1676.0,0,2025-08-12T13:22:55Z,2025-08-12T06:23:50Z,2025-08-12T14:39:14Z,2025-08-08T03:37:16Z,2025-08-20T02:21:51Z,2025-08-29T12:52:14Z
FC-00317,S108,2025-08-12T16:39:20Z,19.0,123.0,23.0,38.09,111.0,605.0,0,2025-08-12T05:43:20Z,2025-08-12T00:56:04Z,2025-08-12T15:19:02Z,2025-07-31T17:02:38Z,2025-08-19T18:19:15Z,2025-09-07T12:59:13Z
FC-00318,S138,2025-08-12T16:43:26Z,33.0,252.0,47.0,9.66,187.0,921.0,0,2025-08-12T02:07:45Z,2025-08-12T13:34:28Z,2025-08-12T15:36:44Z,2025-08-01T19:16:03Z,2025-08-20T01:58:46Z,2025-09-02T05:14:17Z
FC-00319,S105,2025-08-12T16:52:59Z,27.0,191.0,26.0,15.78,166.0,799.0,0,2025-08-12T00:53:16Z,2025-08-12T04:15:21Z,2025-08-12T16:44:08Z,2025-07-31T09:53:55Z,2025-08-20T05:02:16Z,2025-09-10T04:24:02Z
FC-00320,S109,2025-08-12T18:10:21Z,73.0,640.0,131.0,12.14,636.0,2328.0,0,2025-08-12T06:10:44Z,2025-08-12T06:00:20Z,2025-08-12T16:18:00Z,2025-07-31T03:12:47Z,2025-08-19T21:28:13Z,2025-09-03T09:00:53Z
FC-00321,S136,2025-08-12T18:19:56Z,28.0,179.0,21.0,26.36,173.0,814.0,1,2025-08-12T00:07:38Z,2025-08-12T13:00:48Z,2025-08-12T16:59:44Z,2025-08-09T11:27:11Z,2025-08-20T02:49:09Z,2025-08-30T19:27:36Z
FC-00322,S135,2025-08-12T18:42:12Z,28.0,213.0,39.0,34.46,199.0,776.0,0,2025-08-12T08:30:53Z,2025-08-12T03:35:58Z,2025-08-12T18:12:10Z,2025-08-08T17:24:14Z,2025-08-19T23:02:07Z,2025-08-30T07:13:04Z
FC-00323,S124,2025-08-12T18:56:56Z,33.0,250.0,46.0,16.89,223.0,1056.0,0,2025-08-12T04:46:44Z,2025-08-12T05:26:56Z,2025-08-12T17:13:49Z,2025-08-11T15:35:25Z,2025-08-20T08:20:04Z,2025-09-03T02:26:50Z
FC-00324,S115,2025-08-12T20:09:48Z,56.0,394.0,51.0,13.4,405.0,1739.0,1,2025-08-12T09:49:21Z,2025-08-12T00:37:04Z,2025-08-12T19:05:56Z,2025-08-08T12:54:59Z,2025-08-20T07:17:36Z,2025-08-23T01:31:48Z
FC-00325,S124,2025-08-12T21:18:38Z,80.0,556.0,95.0,21.19,532.0,2801.0,0,2025-08-12T16:37:55Z,2025-08-12T11:28:22Z,2025-08-12T20:48:43Z,2025-08-08T14:20:14Z,2025-08-20T00:00:25Z,2025-08-29T18:03:35Z
FC-00326,S115,2025-08-12T23:57:48Z,63.0,402.0,43.0,14.45,311.0,1556.0,1,2025-08-12T16:55:19Z,2025-08-12T09:25:29Z,2025-08-12T22:23:17Z,2025-08-05T08:41:08Z,2025-08-20T17:08:38Z,2025-08-26T20:24:20Z
FC-00327,S131,2025-08-13T01:46:14Z,32.0,223.0,42.0,3.22,215.0,935.0,0,2025-08-12T13:23:10Z,2025-08-12T09:29:52Z,2025-08-13T01:26:44Z,2025-08-05T22:41:01Z,2025-08-20T12:32:47Z,2025-09-04T18:10:22Z
FC-00328,S116,2025-08-13T02:07:32Z,79.0,477.0,122.0,29.63,561.0,2150.0,0,2025-08-12T12:36:39Z,2025-08-12T17:30:20Z,2025-08-13T00:20:59Z,2025-08-06T19:08:50Z,2025-08-20T04:38:34Z,2025-09-03T16:16:15Z
FC-00329,S139,2025-08-13T02:22:17Z,31.0,187.0,52.0,37.56,243.0,848.0,0,2025-08-12T10:43:16Z,2025-08-12T21:07:39Z,2025-08-13T01:03:44Z,2025-07-31T03:35:13Z,2025-08-20T03:59:03Z,2025-09-06T17:52:01Z
FC-00330,S149,2025-08-13T02:33:53Z,46.0,271.0,34.0,27.33,260.0,1301.0,1,2025-08-13T00:06:52Z,2025-08-12T19:53:33Z,2025-08-13T00:45:26Z,2025-08-04T00:00:08Z,2025-08-20T18:22:22Z,2025-08-23T10:06:47Z
FC-00331,S138,2025-08-13T03:12:13Z,39.0,307.0,51.0,29.92,224.0,1265.0,0,2025-08-12T16:08:43Z,2025-08-12T18:20:16Z,2025-08-13T01:24:23Z,2025-07-30T17:47:40Z,2025-08-20T20:25:36Z,2025-09-07T03:53:33Z
FC-00332,S115,2025-08-13T03:26:58Z,40.0,290.0,56.0,18.02,270.0,1403.0,0,2025-08-12T15:07:01Z,2025-08-12T20:42:35Z,2025-08-13T02:26:33Z,2025-08-08T11:15:07Z,2025-08-20T18:20:26Z,2025-09-03T09:41:56Z
FC-00333,S108,2025-08-13T04:17:10Z,88.0,504.0,70.0,13.09,555.0,2162.0,1,2025-08-12T17:08:02Z,2025-08-12T14:04:53Z,2025-08-13T02:38:58Z,2025-08-11T18:43:53Z,2025-08-20T11:35:18Z,2025-09-06T16:46:37Z
FC-00334,S103,2025-08-13T04:29:22Z,57.0,451.0,100.0,23.85,395.0,1718.0,0,2025-08-12T13:45:17Z,2025-08-13T01:30:00Z,2025-08-13T03:55:14Z,2025-08-03T14:43:34Z,2025-08-20T10:21:03Z,2025-08-18T23:26:30Z
FC-00335,S141,2025-08-13T04:50:12Z,58.0,470.0,112.0,16.02,474.0,1924.0,0,2025-08-12T16:36:39Z,2025-08-12T21:41:38Z,2025-08-13T04:15:20Z,2025-08-06T12:36:30Z,2025-08-20T13:50:24Z,2025-09-02T17:11:13Z
FC-00336,S148,2025-08-13T05:08:58Z,71.0,488.0,88.0,30.04,556.0,2274.0,0,2025-08-12T10:42:08Z,2025-08-12T14:03:50Z,2025-08-13T03:47:49Z,2025-08-08T10:40:59Z,2025-08-21T00:03:56Z,2025-08-26T07:02:41Z
FC-00337,S110,2025-08-13T06:08:37Z,76.0,493.0,86.0,14.02,464.0,2057.0,0,2025-08-12T13:53:18Z,2025-08-12T15:58:23Z,2025-08-13T04:53:07Z,2025-08-11T18:27:07Z,2025-08-20T17:36:19Z,2025-09-05T16:36:02Z
FC-00338,S101,2025-08-13T06:25:39Z,54.0,496.0,101.0,15.67,436.0,1873.0,0,2025-08-13T00:36:09Z,2025-08-12T17:31:32Z,2025-08-13T05:53:36Z,2025-08-11T17:03:43Z,2025-08-21T03:47:04Z,2025-08-26T07:39:14Z
FC-00339,S118,2025-08-13T07:10:51Z,52.0,333.0,75.0,24.42,289.0,1267.0,0,2025-08-13T02:03:52Z,2025-08-12T18:31:08Z,2025-08-13T05:50:24Z,2025-08-07T06:48:20Z,2025-08-21T07:05:21Z,2025-08-18T12:52:53Z
FC-00340,S100,2025-08-13T07:25:24Z,61.0,471.0,111.0,23.61,572.0,2483.0,0,2025-08-12T17:00:33Z,2025-08-12T16:05:07Z,2025-08-13T05:26:28Z,2025-08-07T23:58:33Z,2025-08-20T19:34:31Z,2025-09-08T07:49:49Z
FC-00341,S139,2025-08-13T07:28:12Z,63.0,384.0,73.0,30.15,425.0,1780.0,0,2025-08-12T14:57:04Z,2025-08-12T16:06:49Z,2025-08-13T06:25:18Z,2025-08-03T16:51:03Z,2025-08-20T12:31:58Z,2025-09-02T13:01:38Z
FC-00342,S103,2025-08-13T08:16:25Z,45.0,331.0,71.0,5.73,327.0,1504.0,0,2025-08-13T04:24:28Z,2025-08-12T16:40:35Z,2025-08-13T07:26:34Z,2025-08-01T22:53:02Z,2025-08-21T00:16:33Z,2025-08-28T02:58:53Z
FC-00343,S100,2025-08-13T08:23:55Z,30.0,191.0,24.0,35.78,156.0,749.0,1,2025-08-12T16:08:55Z,2025-08-12T23:20:06Z,2025-08-13T07:24:16Z,2025-08-03T00:50:49Z,2025-08-21T07:10:38Z,2025-09-04T01:48:22Z
FC-00344,S122,2025-08-13T08:37:10Z,22.0,195.0,49.0,18.02,185.0,825.0,0,2025-08-12T17:17:13Z,2025-08-13T05:01:20Z,2025-08-13T06:47:20Z,2025-08-07T13:30:36Z,2025-08-20T22:58:12Z,2025-09-02T11:43:45Z
FC-00345,S123,2025-08-13T08:47:14Z,78.0,466.0,51.0,37.12,429.0,1921.0,1,2025-08-12T15:38:59Z,2025-08-13T06:42:36Z,2025-08-13T08:23:14Z,2025-07-31T10:17:12Z,2025-08-20T18:17:42Z,2025-08-24T10:10:44Z
FC-00346,S129,2025-08-13T09:05:35Z,53.0,364.0,47.0,15.64,449.0,1674.0,1,2025-08-12T22:29:19Z,2025-08-12T16:06:57Z,2025-08-13T08:18:20Z,2025-08-06T13:45:17Z,2025-08-21T01:41:40Z,2025-09-11T02:29:16Z
FC-00347,S118,2025-08-13T12:16:52Z,40.0,293.0,36.0,24.83,260.0,1257.0,0,2025-08-12T17:11:46Z,2025-08-13T03:38:20Z,2025-08-13T11:17:47Z,2025-08-03T05:55:41Z,2025-08-20T20:43:56Z,2025-08-31T16:51:02Z
FC-00348,S109,2025-08-13T12:21:58Z,19.0,188.0,23.0,31.21,172.0,764.0,1,2025-08-13T06:20:42Z,2025-08-13T08:28:39Z,2025-08-13T11:59:09Z,2025-08-03T21:55:03Z,2025-08-21T02:14:44Z,2025-09-08T04:06:21Z
FC-00349,S133,2025-08-13T15:34:22Z,37.0,225.0,40.0,2.31,218.0,908.0,0,2025-08-13T08:38:00Z,2025-08-13T12:58:39Z,2025-08-13T14:55:43Z,2025-08-01T15:49:34Z,2025-08-21T13:32:55Z,2025-08-19T16:31:28Z
FC-00350,S147,2025-08-13T15:40:58Z,31.0,194.0,36.0,23.77,230.0,940.0,0,2025-08-13T03:22:29Z,2025-08-12T19:58:18Z,2025-08-13T14:49:12Z,2025-08-10T20:10:04Z,2025-08-21T04:36:50Z,2025-08-24T08:07:16Z
FC-00351,S108,2025-08-13T15:57:21Z,68.0,408.0,51.0,33.92,364.0,1795.0,1,2025-08-13T12:55:26Z,2025-08-13T10:34:13Z,2025-08-13T15:04:27Z,2025-08-02T18:49:34Z,2025-08-21T06:41:21Z,2025-09-10T05:09:09Z
FC-00352,S152,2025-08-13T16:29:15Z,51.0,303.0,33.0,9.58,327.0,1470.0,1,2025-08-13T11:20:40Z,2025-08-13T07:27:55Z,2025-08-13T15:16:45Z,2025-07-31T15:59:55Z,2025-08-21T06:29:56Z,2025-09-08T23:28:05Z
FC-00353,S118,2025-08-13T16:49:35Z,96.0,547.0,76.0,38.37,487.0,2447.0,1,2025-08-13T10:38:33Z,2025-08-12T22:26:50Z,2025-08-13T15:42:01Z,2025-08-11T14:42:04Z,2025-08-21T16:01:28Z,2025-09-01T20:43:01Z
FC-00354,S140,2025-08-13T17:26:31Z,40.0,383.0,58.0,26.16,369.0,1498.0,0,2025-08-12T22:47:33Z,2025-08-13T09:13:52Z,2025-08-13T15:28:51Z,2025-08-10T10:54:31Z,2025-08-20T20:46:53Z,2025-09-01T19:36:15Z
FC-00355,S143,2025-08-13T18:15:03Z,29.0,265.0,58.0,34.02,283.0,1150.0,0,2025-08-13T07:29:38Z,2025-08-12T23:06:44Z,2025-08-13T17:12:08Z,2025-08-09T00:59:29Z,2025-08-21T00:37:48Z,2025-08-21T02:30:12Z
FC-00356,S100,2025-08-13T18:23:58Z,157.0,912.0,252.0,7.73,1123.0,4082.0,0,2025-08-13T13:52:26Z,2025-08-13T11:36:35Z,2025-08-13T17:25:05Z,2025-08-01T09:37:25Z,2025-08-20T21:49:52Z,2025-08-31T20:58:38Z
FC-00357,S119,2025-08-13T19:03:24Z,31.0,227.0,59.0,38.22,263.0,1078.0,0,2025-08-13T00:28:54Z,2025-08-13T06:08:11Z,2025-08-13T17:25:52Z,2025-08-09T15:23:34Z,2025-08-21T03:17:36Z,2025-08-25T05:55:39Z
FC-00358,S122,2025-08-13T19:04:56Z,61.0,532.0,109.0,27.07,620.0,2143.0,0,2025-08-13T13:31:34Z,2025-08-13T00:42:14Z,2025-08-13T17:56:07Z,2025-08-06T09:43:18Z,2025-08-21T12:48:28Z,2025-08-23T11:08:09Z
FC-00359,S136,2025-08-13T19:19:41Z,26.0,158.0,33.0,23.97,170.0,804.0,0,2025-08-13T08:06:00Z,2025-08-13T02:55:45Z,2025-08-13T18:09:08Z,2025-08-11T15:02:24Z,2025-08-20T23:11:20Z,2025-08-31T13:58:48Z
FC-00360,S128,2025-08-13T19:34:39Z,24.0,170.0,44.0,27.35,172.0,667.0,0,2025-08-13T14:40:51Z,2025-08-13T05:29:47Z,2025-08-13T17:39:47Z,2025-08-07T23:16:59Z,2025-08-21T09:01:12Z,2025-08-30T04:43:01Z
FC-00361,S139,2025-08-13T20:21:48Z,32.0,213.0,50.0,15.26,212.0,886.0,0,2025-08-13T03:52:46Z,2025-08-13T18:14:27Z,2025-08-13T18:35:01Z,2025-08-08T16:24:29Z,2025-08-21T06:17:57Z,2025-08-28T01:29:58Z
FC-00362,S155,2025-08-13T21:18:20Z,65.0,399.0,52.0,17.49,452.0,1814.0,1,2025-08-13T04:55:20Z,2025-08-13T08:22:01Z,2025-08-13T19:50:26Z,2025-08-08T10:06:52Z,2025-08-21T11:53:18Z,2025-09-04T21:39:22Z
FC-00363,S131,2025-08-14T00:36:14Z,40.0,350.0,59.0,35.26,320.0,1373.0,0,2025-08-13T17:19:25Z,2025-08-13T17:02:19Z,2025-08-13T23:24:12Z,2025-08-07T10:51:51Z,2025-08-21T06:07:48Z,2025-08-25T07:36:50Z
FC-00364,S102,2025-08-14T00:36:39Z,27.0,195.0,36.0,26.78,199.0,729.0,0,2025-08-13T22:35:16Z,2025-08-13T06:13:11Z,2025-08-13T22:56:57Z,2025-08-05T09:00:46Z,2025-08-21T02:17:50Z,2025-08-25T02:18:43Z
FC-00365,S151,2025-08-14T00:52:00Z,71.0,497.0,47.0,6.37,427.0,2064.0,1,2025-08-13T17:45:44Z,2025-08-13T20:35:42Z,2025-08-13T23:57:58Z,2025-08-10T12:42:09Z,2025-08-21T05:01:01Z,2025-08-28T20:26:27Z
FC-00366,S133,2025-08-14T01:02:38Z,58.0,337.0,65.0,5.86,347.0,1362.0,0,2025-08-13T08:01:30Z,2025-08-13T10:08:14Z,2025-08-14T00:09:15Z,2025-08-07T14:05:54Z,2025-08-21T10:54:56Z,2025-09-10T15:34:55Z
FC-00367,S155,2025-08-14T01:54:12Z,42.0,264.0,58.0,34.61,261.0,1290.0,0,2025-08-13T18:35:06Z,2025-08-13T19:53:36Z,2025-08-14T00:22:55Z,2025-08-07T22:05:35Z,2025-08-21T13:55:46Z,2025-09-12T09:50:58Z
FC-00368,S148,2025-08-14T02:23:17Z,59.0,365.0,68.0,38.02,420.0,1714.0,0,2025-08-13T22:18:00Z,2025-08-13T17:20:31Z,2025-08-14T01:41:48Z,2025-08-08T20:45:27Z,2025-08-21T08:09:25Z,2025-09-13T02:02:59Z
FC-00369,S121,2025-08-14T02:35:30Z,40.0,248.0,50.0,26.1,249.0,1138.0,0,2025-08-13T07:26:19Z,2025-08-13T08:19:55Z,2025-08-14T01:38:04Z,2025-08-07T20:40:50Z,2025-08-21T20:07:37Z,2025-08-27T21:00:14Z
FC-00370,S157,2025-08-14T03:14:25Z,36.0,238.0,49.0,7.8,314.0,1274.0,0,2025-08-13T23:23:03Z,2025-08-13T17:26:19Z,2025-08-14T02:36:16Z,2025-07-31T19:31:53Z,2025-08-22T02:23:01Z,2025-08-24T17:01:40Z
FC-00371,S159,2025-08-14T03:51:36Z,22.0,144.0,33.0,7.51,177.0,615.0,0,2025-08-13T22:57:07Z,2025-08-13T22:05:51Z,2025-08-14T03:19:39Z,2025-08-11T00:56:53Z,2025-08-21T14:42:15Z,2025-09-02T00:57:09Z
FC-00372,S133,2025-08-14T05:49:19Z,44.0,281.0,32.0,21.61,274.0,1350.0,1,2025-08-14T02:47:10Z,2025-08-13T15:25:25Z,2025-08-14T04:04:15Z,2025-08-07T03:49:09Z,2025-08-22T00:17:55Z,2025-08-27T05:36:47Z
FC-00373,S100,2025-08-14T08:20:26Z,76.0,594.0,67.0,29.65,700.0,2765.0,1,2025-08-13T18:03:19Z,2025-08-14T05:43:38Z,2025-08-14T08:10:33Z,2025-08-02T19:36:42Z,2025-08-21T10:27:24Z,2025-08-26T20:17:26Z
FC-00374,S118,2025-08-14T10:11:08Z,82.0,569.0,115.0,31.32,433.0,2430.0,0,2025-08-14T02:34:37Z,2025-08-14T06:25:26Z,2025-08-14T08:51:35Z,2025-08-08T19:33:40Z,2025-08-22T07:24:41Z,2025-09-01T06:19:34Z
FC-00375,S123,2025-08-14T10:37:22Z,103.0,869.0,132.0,9.31,749.0,3274.0,0,2025-08-13T15:26:00Z,2025-08-14T02:19:42Z,2025-08-14T09:14:48Z,2025-08-12T00:20:00Z,2025-08-22T01:42:38Z,2025-09-12T06:20:19Z
FC-00376,S108,2025-08-14T13:01:50Z,45.0,294.0,62.0,22.05,312.0,1206.0,0,2025-08-14T05:13:51Z,2025-08-13T23:12:43Z,2025-08-14T12:33:22Z,2025-08-03T23:07:33Z,2025-08-22T09:53:17Z,2025-09-01T06:06:25Z
FC-00377,S118,2025-08-14T13:15:29Z,12.0,66.0,10.0,20.04,67.0,359.0,0,2025-08-14T07:35:14Z,2025-08-13T23:41:20Z,2025-08-14T12:30:40Z,2025-08-12T20:26:36Z,2025-08-22T03:51:45Z,2025-09-11T08:41:42Z
FC-00378,S146,2025-08-14T14:36:05Z,41.0,259.0,34.0,37.93,300.0,1340.0,1,2025-08-14T05:56:38Z,2025-08-13T23:29:10Z,2025-08-14T14:12:44Z,2025-08-03T06:11:48Z,2025-08-22T08:44:34Z,2025-08-26T18:42:00Z
FC-00379,S123,2025-08-14T14:53:04Z,37.0,225.0,47.0,6.43,174.0,1014.0,0,2025-08-14T11:56:08Z,2025-08-14T04:20:45Z,2025-08-14T14:45:00Z,2025-08-02T16:59:14Z,2025-08-22T10:25:56Z,2025-09-04T00:01:44Z
FC-00380,S107,2025-08-14T15:54:07Z,68.0,375.0,71.0,6.68,343.0,1668.0,0,2025-08-14T08:54:07Z,2025-08-13T22:32:15Z,2025-08-14T15:35:17Z,2025-08-08T16:50:52Z,2025-08-21T21:31:40Z,2025-08-30T07:28:54Z
FC-00381,S123,2025-08-14T16:01:57Z,18.0,136.0,24.0,24.43,170.0,620.0,0,2025-08-14T00:26:32Z,2025-08-14T01:54:09Z,2025-08-14T14:42:38Z,2025-08-11T22:50:42Z,2025-08-21T18:37:26Z,2025-08-23T11:24:11Z
FC-00382,S100,2025-08-14T18:01:56Z,52.0,385.0,57.0,3.62,397.0,1474.0,0,2025-08-14T11:33:22Z,2025-08-14T14:07:15Z,2025-08-14T16:36:21Z,2025-08-10T18:45:09Z,2025-08-22T00:30:00Z,2025-09-06T19:15:27Z
FC-00383,S119,2025-08-14T18:16:35Z,37.0,242.0,27.0,29.14,222.0,930.0,1,2025-08-14T06:26:25Z,2025-08-14T09:06:36Z,2025-08-14T16:41:37Z,2025-08-07T06:01:32Z,2025-08-22T04:17:57Z,2025-08-23T11:06:28Z
FC-00384,S145,2025-08-14T21:51:17Z,24.0,172.0,24.0,2.47,179.0,863.0,0,2025-08-14T06:48:44Z,2025-08-14T19:04:47Z,2025-08-14T21:13:00Z,2025-08-08T08:11:14Z,2025-08-22T01:16:33Z,2025-09-02T14:23:17Z
FC-00385,S143,2025-08-14T22:01:50Z,76.0,496.0,47.0,30.52,600.0,2384.0,1,2025-08-14T02:20:53Z,2025-08-14T18:32:08Z,2025-08-14T21:39:25Z,2025-08-03T10:38:01Z,2025-08-22T02:57:30Z,2025-09-06T14:44:14Z
FC-00386,S113,2025-08-14T22:17:26Z,88.0,552.0,145.0,27.62,531.0,2667.0,0,2025-08-14T09:39:35Z,2025-08-14T13:41:32Z,2025-08-14T20:33:36Z,2025-08-09T19:47:02Z,2025-08-22T05:29:58Z,2025-08-22T07:11:33Z
FC-00387,S125,2025-08-14T22:25:11Z,56.0,316.0,73.0,36.46,350.0,1636.0,0,2025-08-14T20:09:07Z,2025-08-14T03:46:51Z,2025-08-14T21:55:30Z,2025-08-01T19:17:47Z,2025-08-22T18:15:19Z,2025-09-11T15:23:48Z
FC-00388,S126,2025-08-14T22:38:02Z,37.0,285.0,43.0,25.56,246.0,1236.0,0,2025-08-14T13:13:02Z,2025-08-14T04:23:45Z,2025-08-14T21:59:50Z,2025-08-04T18:18:29Z,2025-08-22T00:03:21Z,2025-09-03T00:47:02Z
FC-00389,S105,2025-08-15T00:48:51Z,116.0,815.0,82.0,34.68,816.0,3325.0,1,2025-08-14T20:07:39Z,2025-08-14T12:45:14Z,2025-08-15T00:22:16Z,2025-08-07T02:16:41Z,2025-08-22T08:04:01Z,2025-09-05T12:03:44Z
FC-00390,S112,2025-08-15T00:57:59Z,18.0,137.0,16.0,37.7,123.0,528.0,1,2025-08-14T07:33:36Z,2025-08-14T19:13:03Z,2025-08-14T23:45:05Z,2025-08-12T05:19:03Z,2025-08-22T01:00:42Z,2025-09-12T05:44:01Z
FC-00391,S118,2025-08-15T01:47:22Z,29.0,208.0,22.0,20.8,186.0,915.0,1,2025-08-14T09:04:29Z,2025-08-14T23:13:16Z,2025-08-14T23:48:38Z,2025-08-05T10:22:01Z,2025-08-22T12:23:44Z,2025-08-20T02:26:45Z
FC-00392,S152,2025-08-15T02:26:11Z,59.0,410.0,63.0,37.41,431.0,1639.0,0,2025-08-14T09:28:05Z,2025-08-14T09:18:20Z,2025-08-15T00:39:15Z,2025-08-11T16:26:00Z,2025-08-22T21:53:09Z,2025-09-06T13:48:20Z
FC-00393,S151,2025-08-15T02:55:43Z,65.0,423.0,50.0,19.21,390.0,1699.0,1,2025-08-14T20:04:18Z,2025-08-14T14:22:24Z,2025-08-15T01:59:38Z,2025-08-07T22:11:09Z,2025-08-22T19:19:10Z,2025-08-29T17:44:44Z
FC-00394,S102,2025-08-15T03:35:29Z,34.0,279.0,61.0,18.99,221.0,1027.0,0,2025-08-14T10:53:13Z,2025-08-14T08:27:44Z,2025-08-15T03:25:44Z,2025-08-10T22:48:55Z,2025-08-22T08:08:46Z,2025-08-25T22:58:47Z
FC-00395,S112,2025-08-15T04:36:19Z,50.0,357.0,43.0,19.71,359.0,1706.0,1,2025-08-15T00:34:34Z,2025-08-14T11:45:23Z,2025-08-15T03:47:26Z,2025-08-13T20:34:38Z,2025-08-22T04:55:07Z,2025-08-22T07:05:24Z
FC-00396,S158,2025-08-15T05:02:27Z,40.0,208.0,60.0,21.06,220.0,949.0,0,2025-08-14T16:45:52Z,2025-08-15T02:41:56Z,2025-08-15T03:50:38Z,2025-08-01T21:43:02Z,2025-08-22T11:32:44Z,2025-09-01T21:34:44Z
FC-00397,S147,2025-08-15T05:24:43Z,39.0,257.0,57.0,11.1,274.0,1276.0,0,2025-08-14T14:19:52Z,2025-08-14T19:52:39Z,2025-08-15T04:41:57Z,2025-08-01T10:18:36Z,2025-08-22T16:03:46Z,2025-08-27T16:52:39Z
FC-00398,S127,2025-08-15T05:28:16Z,34.0,253.0,42.0,26.48,221.0,1065.0,0,2025-08-14T18:50:50Z,2025-08-15T02:00:05Z,2025-08-15T05:09:57Z,2025-08-09T21:29:59Z,2025-08-22T10:21:13Z,2025-08-22T14:58:55Z
FC-00399,S131,2025-08-15T05:36:42Z,51.0,412.0,86.0,36.31,384.0,1626.0,0,2025-08-14T23:53:33Z,2025-08-14T11:30:31Z,2025-08-15T04:21:42Z,2025-08-10T14:21:06Z,2025-08-22T14:30:46Z,2025-08-31T19:21:09Z
FC-00400,S106,2025-08-15T06:20:21Z,10.0,59.0,12.0,35.23,67.0,265.0,0,2025-08-15T01:11:38Z,2025-08-14T14:54:36Z,2025-08-15T04:32:52Z,2025-08-13T10:26:29Z,2025-08-22T08:23:31Z,2025-08-22T21:13:46Z
FC-00401,S111,2025-08-15T06:56:09Z,57.0,340.0,38.0,32.08,366.0,1333.0,1,2025-08-15T02:24:16Z,2025-08-14T16:21:44Z,2025-08-15T06:33:17Z,2025-08-03T09:47:28Z,2025-08-23T04:22:56Z,2025-08-26T00:24:30Z
FC-00402,S159,2025-08-15T07:08:18Z,11.0,88.0,12.0,38.98,64.0,318.0,0,2025-08-15T03:24:05Z,2025-08-15T01:07:40Z,2025-08-15T06:43:14Z,2025-08-13T09:55:24Z,2025-08-22T15:48:55Z,2025-08-24T22:01:42Z
FC-00403,S115,2025-08-15T07:59:50Z,38.0,258.0,72.0,30.41,256.0,1230.0,0,2025-08-14T21:47:15Z,2025-08-15T02:02:01Z,2025-08-15T06:50:39Z,2025-08-01T14:29:04Z,2025-08-23T05:55:36Z,2025-08-26T04:57:47Z
FC-00404,S154,2025-08-15T08:29:32Z,36.0,295.0,45.0,29.65,253.0,1238.0,0,2025-08-14T23:34:08Z,2025-08-15T04:15:16Z,2025-08-15T08:21:04Z,2025-08-13T14:26:37Z,2025-08-23T02:08:47Z,2025-08-21T10:46:01Z
FC-00405,S125,2025-08-15T08:43:42Z,30.0,165.0,36.0,26.86,167.0,886.0,0,2025-08-15T01:59:46Z,2025-08-14T21:55:55Z,2025-08-15T07:02:22Z,2025-08-03T20:36:01Z,2025-08-22T23:36:45Z,2025-08-20T20:16:18Z
FC-00406,S126,2025-08-15T08:58:50Z,31.0,299.0,33.0,12.68,239.0,1174.0,1,2025-08-14T14:00:26Z,2025-08-15T04:48:22Z,2025-08-15T07:46:28Z,2025-08-12T14:58:24Z,2025-08-23T07:29:55Z,2025-08-27T04:36:50Z
FC-00407,S148,2025-08-15T09:14:50Z,84.0,715.0,75.0,26.58,636.0,2740.0,1,2025-08-15T01:56:06Z,2025-08-14T20:30:03Z,2025-08-15T07:49:28Z,2025-08-03T10:46:04Z,2025-08-22T17:29:55Z,2025-08-26T17:49:52Z
FC-00408,S141,2025-08-15T09:45:11Z,81.0,507.0,115.0,29.88,525.0,2260.0,0,2025-08-15T04:33:37Z,2025-08-15T07:27:29Z,2025-08-15T07:54:38Z,2025-08-07T00:46:20Z,2025-08-23T02:33:23Z,2025-09-01T07:22:45Z
FC-00409,S104,2025-08-15T09:52:23Z,35.0,221.0,27.0,27.59,247.0,944.0,1,2025-08-15T02:19:40Z,2025-08-14T15:01:57Z,2025-08-15T09:33:04Z,2025-08-01T18:15:50Z,2025-08-23T07:50:45Z,2025-08-21T15:09:31Z
FC-00410,S150,2025-08-15T11:06:37Z,104.0,579.0,119.0,25.93,677.0,2952.0,0,2025-08-15T00:57:29Z,2025-08-15T02:04:09Z,2025-08-15T10:32:20Z,2025-08-06T06:13:15Z,2025-08-23T07:01:29Z,2025-08-27T05:12:49Z
FC-00411,S121,2025-08-15T13:57:00Z,27.0,230.0,57.0,12.6,198.0,1100.0,0,2025-08-15T08:11:07Z,2025-08-14T17:59:37Z,2025-08-15T12:19:41Z,2025-08-08T14:51:59Z,2025-08-23T11:32:15Z,2025-09-01T18:53:08Z
FC-00412,S145,2025-08-15T13:58:29Z,11.0,89.0,19.0,10.35,80.0,417.0,0,2025-08-14T23:25:59Z,2025-08-15T08:12:28Z,2025-08-15T13:25:47Z,2025-08-01T18:06:46Z,2025-08-23T07:04:00Z,2025-09-04T23:25:53Z
FC-00413,S102,2025-08-15T14:47:50Z,62.0,524.0,91.0,9.76,489.0,2034.0,0,2025-08-14T23:15:25Z,2025-08-15T03:55:19Z,2025-08-15T13:22:02Z,2025-08-03T05:34:33Z,2025-08-23T05:20:31Z,2025-09-10T06:31:03Z
FC-00414,S133,2025-08-15T15:27:58Z,106.0,852.0,131.0,12.97,714.0,2981.0,0,2025-08-15T01:16:46Z,2025-08-15T08:31:31Z,2025-08-15T14:59:43Z,2025-08-03T04:49:47Z,2025-08-23T13:48:09Z,2025-08-23T19:40:30Z
FC-00415,S137,2025-08-15T15:48:43Z,84.0,656.0,65.0,18.18,744.0,2663.0,1,2025-08-15T07:39:21Z,2025-08-15T12:42:14Z,2025-08-15T15:01:14Z,2025-08-14T11:25:35Z,2025-08-23T06:08:27Z,2025-09-11T13:08:19Z
FC-00416,S107,2025-08-15T16:15:32Z,55.0,395.0,40.0,14.71,369.0,2042.0,1,2025-08-15T01:19:47Z,2025-08-15T01:43:06Z,2025-08-15T14:25:17Z,2025-08-08T15:55:59Z,2025-08-23T02:56:04Z,2025-08-29T18:32:51Z
FC-00417,S128,2025-08-15T16:34:32Z,53.0,429.0,105.0,25.91,420.0,1669.0,0,2025-08-15T08:41:28Z,2025-08-15T09:25:48Z,2025-08-15T15:02:04Z,2025-08-12T00:39:49Z,2025-08-23T01:14:58Z,2025-09-12T11:22:50Z
FC-00418,S139,2025-08-15T17:20:38Z,99.0,754.0,93.0,9.31,886.0,3246.0,1,2025-08-15T13:41:52Z,2025-08-15T13:29:52Z,2025-08-15T16:37:01Z,2025-08-13T00:43:43Z,2025-08-22T17:27:33Z,2025-09-06T12:03:00Z
FC-00419,S125,2025-08-15T18:27:41Z,21.0,149.0,18.0,19.18,187.0,741.0,1,2025-08-15T10:06:23Z,2025-08-15T11:29:58Z,2025-08-15T17:26:49Z,2025-08-06T16:16:51Z,2025-08-23T11:41:32Z,2025-09-08T05:14:24Z
FC-00420,S158,2025-08-15T18:28:24Z,45.0,409.0,51.0,6.42,420.0,1828.0,0,2025-08-15T00:44:24Z,2025-08-15T12:30:55Z,2025-08-15T17:34:03Z,2025-08-04T09:16:16Z,2025-08-23T15:44:07Z,2025-09-08T21:50:20Z
FC-00421,S128,2025-08-15T18:59:02Z,29.0,212.0,33.0,20.65,200.0,887.0,0,2025-08-15T07:44:34Z,2025-08-15T06:50:10Z,2025-08-15T17:05:08Z,2025-08-09T11:37:08Z,2025-08-22T22:38:04Z,2025-09-09T12:04:00Z
FC-00422,S107,2025-08-15T20:31:07Z,80.0,571.0,103.0,22.39,674.0,2283.0,0,2025-08-15T02:11:15Z,2025-08-15T12:25:38Z,2025-08-15T20:20:47Z,2025-08-03T12:02:16Z,2025-08-22T22:11:55Z,2025-08-29T03:14:51Z
FC-00423,S148,2025-08-15T20:48:08Z,75.0,450.0,80.0,32.15,516.0,1997.0,0,2025-08-15T17:25:26Z,2025-08-15T03:53:06Z,2025-08-15T19:48:21Z,2025-08-11T16:41:38Z,2025-08-23T03:13:02Z,2025-08-31T06:28:54Z
FC-00424,S155,2025-08-15T21:01:24Z,12.0,94.0,13.0,8.88,91.0,374.0,0,2025-08-15T15:26:04Z,2025-08-15T18:17:15Z,2025-08-15T20:06:15Z,2025-08-04T07:35:06Z,2025-08-23T16:51:56Z,2025-08-24T14:52:17Z
FC-00425,S149,2025-08-15T21:04:57Z,86.0,583.0,57.0,7.73,643.0,2476.0,1,2025-08-15T03:23:48Z,2025-08-15T06:19:54Z,2025-08-15T19:13:58Z,2025-08-12T13:30:29Z,2025-08-23T18:57:12Z,2025-08-25T17:43:55Z
FC-00426,S140,2025-08-15T21:46:57Z,70.0,504.0,38.0,25.5,427.0,2046.0,1,2025-08-15T07:49:44Z,2025-08-15T09:15:04Z,2025-08-15T20:02:58Z,2025-08-12T08:07:56Z,2025-08-23T06:20:02Z,2025-09-11T05:13:11Z
FC-00427,S138,2025-08-15T22:07:21Z,43.0,264.0,40.0,13.44,268.0,1091.0,1,2025-08-15T06:49:13Z,2025-08-15T11:41:35Z,2025-08-15T21:51:59Z,2025-08-06T10:15:51Z,2025-08-23T01:55:50Z,2025-09-10T20:40:23Z
FC-00428,S107,2025-08-15T22:49:54Z,34.0,280.0,47.0,38.04,270.0,1347.0,0,2025-08-15T17:32:42Z,2025-08-15T07:34:56Z,2025-08-15T21:50:58Z,2025-08-09T12:43:54Z,2025-08-23T16:39:30Z,2025-09-09T18:59:54Z
FC-00429,S119,2025-08-15T23:04:36Z,32.0,282.0,59.0,11.4,280.0,1082.0,0,2025-08-15T20:38:17Z,2025-08-15T08:48:53Z,2025-08-15T21:16:35Z,2025-08-09T02:52:26Z,2025-08-23T19:40:15Z,2025-08-22T22:52:11Z
FC-00430,S134,2025-08-15T23:48:17Z,77.0,515.0,43.0,35.47,544.0,2347.0,1,2025-08-15T18:03:03Z,2025-08-15T05:59:38Z,2025-08-15T23:38:38Z,2025-08-02T19:20:12Z,2025-08-23T04:32:34Z,2025-09-05T08:22:37Z
FC-00431,S130,2025-08-16T00:21:29Z,25.0,211.0,21.0,26.61,198.0,760.0,1,2025-08-15T15:37:15Z,2025-08-15T19:25:31Z,2025-08-16T00:05:39Z,2025-08-09T04:21:33Z,2025-08-23T02:25:37Z,2025-08-30T06:03:17Z
FC-00432,S130,2025-08-16T00:49:41Z,34.0,179.0,50.0,28.21,252.0,803.0,0,2025-08-15T15:02:18Z,2025-08-15T11:26:19Z,2025-08-16T00:22:59Z,2025-08-13T05:55:35Z,2025-08-23T20:49:02Z,2025-09-13T22:19:29Z
FC-00433,S115,2025-08-16T01:03:45Z,19.0,141.0,21.0,14.78,140.0,564.0,0,2025-08-15T22:16:04Z,2025-08-15T11:30:25Z,2025-08-16T00:24:12Z,2025-08-02T12:20:08Z,2025-08-23T02:31:38Z,2025-09-08T08:22:25Z
FC-00434,S115,2025-08-16T01:10:24Z,26.0,168.0,21.0,21.22,139.0,736.0,1,2025-08-15T15:48:54Z,2025-08-15T21:16:26Z,2025-08-16T01:01:27Z,2025-08-12T06:33:45Z,2025-08-23T06:00:58Z,2025-09-12T02:22:54Z
FC-00435,S135,2025-08-16T01:27:20Z,27.0,171.0,39.0,21.35,205.0,757.0,0,2025-08-15T07:23:28Z,2025-08-15T20:05:55Z,2025-08-16T00:12:43Z,2025-08-14T06:38:59Z,2025-08-23T20:08:03Z,2025-09-06T06:08:28Z
FC-00436,S105,2025-08-16T03:29:04Z,127.0,852.0,165.0,21.81,719.0,3306.0,0,2025-08-15T14:57:48Z,2025-08-15T15:31:12Z,2025-08-16T02:56:48Z,2025-08-12T12:26:10Z,2025-08-23T18:14:23Z,2025-09-12T01:56:22Z
FC-00437,S139,2025-08-16T04:22:32Z,20.0,135.0,38.0,33.51,139.0,668.0,0,2025-08-15T18:20:36Z,2025-08-15T10:44:53Z,2025-08-16T02:24:53Z,2025-08-12T12:13:22Z,2025-08-23T05:44:07Z,2025-09-11T13:32:21Z
FC-00438,S153,2025-08-16T04:42:16Z,22.0,160.0,19.0,5.15,131.0,660.0,0,2025-08-15T14:10:28Z,2025-08-15T18:04:46Z,2025-08-16T04:12:46Z,2025-08-11T04:03:24Z,2025-08-24T01:59:16Z,2025-08-23T07:35:38Z
FC-00439,S123,2025-08-16T04:52:02Z,24.0,165.0,19.0,33.87,183.0,782.0,1,2025-08-15T21:44:29Z,2025-08-15T15:00:05Z,2025-08-16T03:25:23Z,2025-08-04T05:55:39Z,2025-08-23T16:45:36Z,2025-09-03T21:10:21Z
FC-00440,S141,2025-08-16T05:18:13Z,35.0,313.0,51.0,26.11,284.0,1146.0,0,2025-08-15T20:16:31Z,2025-08-15T11:38:23Z,2025-08-16T04:12:04Z,2025-08-10T17:53:40Z,2025-08-24T04:54:03Z,2025-08-24T22:50:34Z
FC-00441,S141,2025-08-16T05:46:06Z,36.0,236.0,31.0,36.96,229.0,1065.0,1,2025-08-15T11:41:49Z,2025-08-15T23:00:45Z,2025-08-16T05:38:07Z,2025-08-06T14:29:29Z,2025-08-24T00:33:00Z,2025-09-03T16:22:26Z
FC-00442,S149,2025-08-16T07:04:20Z,30.0,255.0,55.0,27.53,238.0,1000.0,0,2025-08-16T01:12:24Z,2025-08-15T12:39:29Z,2025-08-16T05:33:47Z,2025-08-08T16:55:14Z,2025-08-23T14:53:54Z,2025-09-14T06:49:12Z
FC-00443,S125,2025-08-16T08:22:27Z,68.0,454.0,38.0,2.05,493.0,1728.0,1,2025-08-15T18:05:57Z,2025-08-16T01:01:42Z,2025-08-16T07:49:31Z,2025-08-05T10:43:59Z,2025-08-23T18:10:11Z,2025-08-30T00:54:56Z
FC-00444,S137,2025-08-16T08:28:17Z,33.0,289.0,38.0,14.24,280.0,1177.0,0,2025-08-15T19:05:08Z,2025-08-15T16:47:46Z,2025-08-16T06:37:00Z,2025-08-05T10:59:26Z,2025-08-24T03:33:38Z,2025-08-31T07:45:13Z
FC-00445,S114,2025-08-16T10:33:11Z,15.0,97.0,15.0,39.31,94.0,402.0,0,2025-08-16T08:21:02Z,2025-08-16T05:36:53Z,2025-08-16T10:17:11Z,2025-08-07T11:33:58Z,2025-08-23T19:03:05Z,2025-09-02T12:03:16Z
FC-00446,S122,2025-08-16T10:48:13Z,22.0,156.0,39.0,39.48,178.0,733.0,0,2025-08-15T17:29:37Z,2025-08-16T08:01:23Z,2025-08-16T10:12:51Z,2025-08-11T19:20:10Z,2025-08-23T20:09:53Z,2025-09-10T20:28:25Z
FC-00447,S137,2025-08-16T10:51:40Z,65.0,451.0,57.0,4.7,450.0,1872.0,1,2025-08-15T23:44:58Z,2025-08-16T01:18:46Z,2025-08-16T09:46:29Z,2025-08-14T09:52:41Z,2025-08-24T09:24:54Z,2025-08-25T18:35:51Z
FC-00448,S117,2025-08-16T11:24:04Z,86.0,678.0,163.0,22.74,714.0,2879.0,0,2025-08-16T00:59:02Z,2025-08-15T21:59:42Z,2025-08-16T09:58:23Z,2025-08-08T07:05:39Z,2025-08-23T12:10:08Z,2025-08-26T03:15:40Z
FC-00449,S142,2025-08-16T11:28:13Z,98.0,503.0,52.0,20.13,500.0,2360.0,1,2025-08-15T18:01:04Z,2025-08-16T04:53:30Z,2025-08-16T10:56:29Z,2025-08-09T05:12:17Z,2025-08-24T07:04:47Z,2025-09-08T08:36:23Z
FC-00450,S113,2025-08-16T11:53:15Z,27.0,162.0,26.0,30.66,192.0,791.0,0,2025-08-16T04:58:56Z,2025-08-15T21:11:10Z,2025-08-16T11:05:32Z,2025-08-06T09:20:38Z,2025-08-23T20:17:11Z,2025-08-29T06:10:56Z
FC-00451,S114,2025-08-16T12:15:53Z,11.0,71.0,11.0,20.18,83.0,319.0,0,2025-08-16T09:42:50Z,2025-08-15T18:10:42Z,2025-08-16T10:31:51Z,2025-08-04T12:12:39Z,2025-08-24T00:23:39Z,2025-09-14T06:20:43Z
FC-00452,S113,2025-08-16T13:11:00Z,31.0,196.0,39.0,36.93,250.0,947.0,0,2025-08-16T06:16:21Z,2025-08-15T23:38:25Z,2025-08-16T12:45:25Z,2025-08-10T06:24:27Z,2025-08-23T22:19:01Z,2025-08-27T20:45:22Z
FC-00453,S105,2025-08-16T13:14:57Z,30.0,167.0,29.0,37.57,195.0,765.0,0,2025-08-16T05:23:25Z,2025-08-16T00:25:27Z,2025-08-16T11:27:31Z,2025-08-11T09:34:30Z,2025-08-23T14:54:28Z,2025-08-23T05:40:56Z
FC-00454,S125,2025-08-16T14:05:59Z,84.0,658.0,136.0,16.45,521.0,2452.0,0,2025-08-15T20:10:31Z,2025-08-16T06:22:31Z,2025-08-16T13:39:00Z,2025-08-06T16:01:56Z,2025-08-24T06:39:15Z,2025-09-10T16:26:10Z
FC-00455,S135,2025-08-16T14:23:31Z,72.0,529.0,60.0,10.81,651.0,2613.0,1,2025-08-16T11:17:57Z,2025-08-15T19:41:43Z,2025-08-16T13:00:45Z,2025-08-09T03:08:26Z,2025-08-23T22:00:57Z,2025-09-06T12:09:24Z
FC-00456,S140,2025-08-16T15:18:21Z,41.0,277.0,67.0,5.03,326.0,1100.0,0,2025-08-16T08:34:57Z,2025-08-16T12:20:16Z,2025-08-16T13:46:19Z,2025-08-08T18:45:56Z,2025-08-24T00:33:50Z,2025-09-14T01:47:49Z
FC-00457,S111,2025-08-16T15:37:26Z,38.0,276.0,54.0,26.7,262.0,1187.0,0,2025-08-16T08:27:06Z,2025-08-16T08:48:45Z,2025-08-16T14:03:26Z,2025-08-05T00:02:32Z,2025-08-24T11:10:21Z,2025-09-07T12:12:03Z
FC-00458,S148,2025-08-16T15:44:13Z,52.0,365.0,38.0,18.43,359.0,1388.0,1,2025-08-16T11:10:38Z,2025-08-16T01:19:46Z,2025-08-16T15:19:46Z,2025-08-02T18:16:38Z,2025-08-24T13:53:48Z,2025-09-11T21:46:00Z
FC-00459,S105,2025-08-16T16:14:09Z,70.0,378.0,101.0,5.9,391.0,1792.0,0,2025-08-15T23:33:39Z,2025-08-16T02:49:51Z,2025-08-16T15:42:56Z,2025-08-14T07:39:02Z,2025-08-24T13:37:03Z,2025-09-06T23:41:37Z
FC-00460,S117,2025-08-16T16:44:02Z,44.0,294.0,40.0,19.63,286.0,1193.0,0,2025-08-15T21:40:43Z,2025-08-15T21:37:14Z,2025-08-16T15:53:24Z,2025-08-02T19:40:11Z,2025-08-23T18:33:54Z,2025-08-28T05:14:16Z
FC-00461,S152,2025-08-16T18:29:15Z,44.0,336.0,69.0,27.18,374.0,1322.0,0,2025-08-16T14:10:14Z,2025-08-15T23:37:24Z,2025-08-16T16:48:27Z,2025-08-13T17:06:55Z,2025-08-23T22:36:35Z,2025-08-21T23:04:46Z
FC-00462,S138,2025-08-16T18:39:45Z,153.0,1057.0,277.0,11.28,1355.0,4626.0,0,2025-08-16T09:31:59Z,2025-08-16T07:33:10Z,2025-08-16T17:34:43Z,2025-08-14T20:42:33Z,2025-08-23T23:11:59Z,2025-09-07T03:36:59Z
FC-00463,S145,2025-08-16T19:15:01Z,11.0,99.0,18.0,39.23,90.0,371.0,0,2025-08-16T07:32:05Z,2025-08-16T08:21:08Z,2025-08-16T17:15:05Z,2025-08-06T14:40:52Z,2025-08-24T00:49:32Z,2025-09-15T07:22:13Z
FC-00464,S111,2025-08-16T20:17:35Z,106.0,627.0,90.0,30.11,645.0,2921.0,1,2025-08-16T06:08:54Z,2025-08-16T03:39:29Z,2025-08-16T19:19:54Z,2025-08-05T19:13:25Z,2025-08-24T07:32:55Z,2025-09-02T22:24:42Z
FC-00465,S154,2025-08-17T00:14:53Z,50.0,360.0,73.0,33.39,377.0,1547.0,0,2025-08-16T20:02:36Z,2025-08-16T05:53:12Z,2025-08-16T22:31:16Z,2025-08-12T04:32:49Z,2025-08-24T15:59:22Z,2025-08-23T07:46:32Z
FC-00466,S145,2025-08-17T01:44:47Z,16.0,105.0,24.0,20.36,119.0,518.0,0,2025-08-16T14:16:53Z,2025-08-16T21:02:23Z,2025-08-16T23:47:30Z,2025-08-14T02:00:03Z,2025-08-24T16:55:45Z,2025-09-11T03:23:56Z
FC-00467,S123,2025-08-17T01:45:18Z,82.0,432.0,62.0,17.86,415.0,2220.0,0,2025-08-16T22:09:48Z,2025-08-16T18:49:34Z,2025-08-17T00:03:49Z,2025-08-04T14:22:40Z,2025-08-25T00:40:33Z,2025-09-06T11:26:46Z
FC-00468,S102,2025-08-17T01:50:09Z,40.0,352.0,51.0,13.31,281.0,1322.0,0,2025-08-16T15:40:27Z,2025-08-16T11:19:50Z,2025-08-17T01:03:28Z,2025-08-15T19:27:47Z,2025-08-24T20:59:02Z,2025-08-23T11:46:59Z
FC-00469,S108,2025-08-17T01:55:32Z,20.0,115.0,17.0,18.86,119.0,591.0,1,2025-08-16T12:23:49Z,2025-08-16T09:01:35Z,2025-08-17T00:44:55Z,2025-08-05T20:25:23Z,2025-08-24T05:55:40Z,2025-09-12T12:58:13Z
FC-00470,S114,2025-08-17T02:09:59Z,25.0,193.0,29.0,5.58,189.0,803.0,0,2025-08-16T19:19:07Z,2025-08-16T07:15:59Z,2025-08-17T01:17:52Z,2025-08-07T19:21:21Z,2025-08-24T07:47:46Z,2025-08-27T17:19:10Z
FC-00471,S125,2025-08-17T02:20:01Z,23.0,225.0,45.0,35.82,163.0,888.0,0,2025-08-17T00:17:25Z,2025-08-16T14:44:14Z,2025-08-17T01:57:28Z,2025-08-13T00:17:26Z,2025-08-24T08:53:44Z,2025-09-07T01:08:41Z
FC-00472,S103,2025-08-17T02:46:40Z,28.0,187.0,44.0,23.75,159.0,880.0,0,2025-08-16T09:03:57Z,2025-08-16T12:18:53Z,2025-08-17T01:13:40Z,2025-08-15T03:56:48Z,2025-08-24T08:00:47Z,2025-09-01T16:27:48Z
FC-00473,S150,2025-08-17T03:16:02Z,32.0,193.0,38.0,7.02,235.0,874.0,0,2025-08-16T13:26:01Z,2025-08-16T08:32:46Z,2025-08-17T02:37:02Z,2025-08-14T16:37:39Z,2025-08-24T23:21:17Z,2025-09-13T12:07:45Z
FC-00474,S159,2025-08-17T03:34:57Z,42.0,308.0,62.0,21.63,300.0,1275.0,0,2025-08-16T08:02:42Z,2025-08-16T08:20:30Z,2025-08-17T02:54:00Z,2025-08-16T00:24:13Z,2025-08-24T18:55:41Z,2025-08-22T07:24:25Z
FC-00475,S128,2025-08-17T03:35:26Z,24.0,170.0,34.0,32.02,171.0,697.0,0,2025-08-16T19:20:42Z,2025-08-16T14:57:13Z,2025-08-17T01:55:44Z,2025-08-15T01:54:01Z,2025-08-25T02:20:54Z,2025-08-23T12:51:58Z
FC-00476,S106,2025-08-17T03:54:51Z,18.0,97.0,16.0,7.2,113.0,519.0,0,2025-08-16T11:05:09Z,2025-08-17T01:48:03Z,2025-08-17T02:26:56Z,2025-08-08T01:54:12Z,2025-08-25T01:25:49Z,2025-08-22T11:08:32Z
FC-00477,S147,2025-08-17T05:05:32Z,14.0,106.0,11.0,10.64,99.0,374.0,1,2025-08-16T12:37:48Z,2025-08-16T16:05:05Z,2025-08-17T04:10:09Z,2025-08-06T03:28:22Z,2025-08-24T23:21:59Z,2025-09-10T08:04:12Z
FC-00478,S159,2025-08-17T05:39:54Z,67.0,431.0,62.0,29.74,350.0,1794.0,0,2025-08-16T15:45:51Z,2025-08-16T16:38:52Z,2025-08-17T04:29:24Z,2025-08-07T21:15:25Z,2025-08-24T12:54:14Z,2025-08-30T16:11:19Z
FC-00479,S135,2025-08-17T06:49:48Z,32.0,272.0,49.0,37.79,279.0,1082.0,0,2025-08-16T20:42:33Z,2025-08-17T00:19:32Z,2025-08-17T05:28:56Z,2025-08-08T10:34:56Z,2025-08-24T20:54:17Z,2025-09-04T15:42:20Z
FC-00480,S147,2025-08-17T07:18:31Z,36.0,273.0,56.0,38.94,243.0,1139.0,0,2025-08-17T00:16:23Z,2025-08-17T02:03:58Z,2025-08-17T06:22:02Z,2025-08-12T09:28:58Z,2025-08-24T21:21:53Z,2025-08-30T11:00:22Z
FC-00481,S150,2025-08-17T08:09:13Z,52.0,415.0,71.0,38.84,385.0,1643.0,0,2025-08-17T00:50:55Z,2025-08-16T13:05:59Z,2025-08-17T07:24:04Z,2025-08-15T19:59:04Z,2025-08-24T18:08:49Z,2025-09-04T18:19:33Z
FC-00482,S147,2025-08-17T08:34:09Z,33.0,196.0,39.0,38.16,206.0,787.0,0,2025-08-16T21:41:01Z,2025-08-17T05:23:37Z,2025-08-17T06:43:44Z,2025-08-15T08:24:28Z,2025-08-25T02:51:11Z,2025-09-11T08:43:45Z
FC-00483,S158,2025-08-17T08:45:05Z,35.0,239.0,29.0,9.04,225.0,854.0,1,2025-08-17T00:56:40Z,2025-08-16T15:52:14Z,2025-08-17T08:00:57Z,2025-08-03T18:31:45Z,2025-08-25T04:58:33Z,2025-09-12T16:56:02Z
FC-00484,S133,2025-08-17T10:05:39Z,18.0,93.0,26.0,8.96,123.0,457.0,0,2025-08-17T05:42:11Z,2025-08-17T06:59:42Z,2025-08-17T08:33:41Z,2025-08-09T09:57:31Z,2025-08-24T16:59:24Z,2025-09-02T00:51:26Z
FC-00485,S126,2025-08-17T11:36:54Z,55.0,382.0,68.0,19.73,348.0,1737.0,0,2025-08-17T01:10:43Z,2025-08-17T08:00:50Z,2025-08-17T10:27:42Z,2025-08-13T11:26:11Z,2025-08-24T12:06:06Z,2025-08-27T10:50:03Z
FC-00486,S141,2025-08-17T11:41:18Z,50.0,258.0,55.0,10.44,352.0,1200.0,0,2025-08-16T18:15:36Z,2025-08-16T17:27:48Z,2025-08-17T10:32:36Z,2025-08-11T12:54:39Z,2025-08-25T04:15:52Z,2025-09-08T05:14:55Z
FC-00487,S143,2025-08-17T11:43:30Z,49.0,328.0,53.0,2.8,240.0,1345.0,0,2025-08-17T04:04:52Z,2025-08-17T02:50:32Z,2025-08-17T10:19:15Z,2025-08-16T05:52:47Z,2025-08-25T08:20:52Z,2025-09-11T22:59:55Z
FC-00488,S138,2025-08-17T12:21:32Z,33.0,257.0,60.0,5.48,285.0,1308.0,0,2025-08-17T06:03:44Z,2025-08-16T20:19:59Z,2025-08-17T11:38:30Z,2025-08-04T20:51:04Z,2025-08-24T15:44:18Z,2025-08-29T18:14:43Z
FC-00489,S128,2025-08-17T12:42:23Z,50.0,337.0,29.0,16.27,276.0,1364.0,1,2025-08-17T08:20:17Z,2025-08-17T03:03:42Z,2025-08-17T11:33:08Z,2025-08-11T05:58:12Z,2025-08-25T06:42:16Z,2025-09-02T23:23:41Z
FC-00490,S159,2025-08-17T13:13:38Z,56.0,394.0,72.0,2.43,470.0,1803.0,0,2025-08-17T10:13:13Z,2025-08-16T22:35:35Z,2025-08-17T12:03:32Z,2025-08-08T06:05:30Z,2025-08-25T09:27:42Z,2025-08-28T16:38:05Z
FC-00491,S144,2025-08-17T14:11:35Z,31.0,230.0,45.0,20.05,231.0,949.0,0,2025-08-16T19:55:19Z,2025-08-17T04:20:40Z,2025-08-17T12:12:44Z,2025-08-11T21:54:42Z,2025-08-25T04:33:17Z,2025-09-13T16:30:36Z
FC-00492,S108,2025-08-17T14:18:18Z,59.0,450.0,80.0,39.96,374.0,1775.0,0,2025-08-16T19:07:00Z,2025-08-17T05:56:45Z,2025-08-17T12:40:22Z,2025-08-11T03:31:20Z,2025-08-24T22:13:51Z,2025-09-14T12:33:46Z
FC-00493,S119,2025-08-17T14:22:37Z,39.0,240.0,57.0,31.88,219.0,1039.0,0,2025-08-16T21:40:02Z,2025-08-17T11:03:06Z,2025-08-17T13:07:44Z,2025-08-15T05:09:49Z,2025-08-25T02:35:19Z,2025-09-04T20:51:25Z
FC-00494,S109,2025-08-17T14:33:10Z,23.0,145.0,20.0,12.32,173.0,802.0,1,2025-08-16T23:31:22Z,2025-08-17T00:08:28Z,2025-08-17T12:40:52Z,2025-08-15T19:48:07Z,2025-08-25T06:35:38Z,2025-09-04T17:54:59Z
FC-00495,S126,2025-08-17T14:38:15Z,49.0,397.0,99.0,4.43,496.0,1801.0,0,2025-08-17T05:55:52Z,2025-08-17T02:09:11Z,2025-08-17T13:28:28Z,2025-08-05T04:05:01Z,2025-08-24T22:07:03Z,2025-09-02T03:44:00Z
FC-00496,S117,2025-08-17T15:13:13Z,39.0,310.0,78.0,16.97,338.0,1497.0,0,2025-08-17T04:44:52Z,2025-08-17T06:08:50Z,2025-08-17T14:43:07Z,2025-08-05T05:21:40Z,2025-08-25T02:04:57Z,2025-08-31T07:46:21Z
FC-00497,S125,2025-08-17T16:17:51Z,56.0,336.0,50.0,13.2,421.0,1547.0,1,2025-08-17T00:26:56Z,2025-08-16T22:31:19Z,2025-08-17T15:55:22Z,2025-08-08T23:28:12Z,2025-08-24T22:01:49Z,2025-08-27T14:54:58Z
FC-00498,S138,2025-08-17T17:22:25Z,34.0,299.0,29.0,11.92,313.0,1213.0,1,2025-08-17T07:08:13Z,2025-08-17T00:34:50Z,2025-08-17T17:08:55Z,2025-08-14T18:43:47Z,2025-08-25T13:47:43Z,2025-09-02T03:22:50Z
FC-00499,S111,2025-08-17T18:09:26Z,48.0,365.0,62.0,12.4,320.0,1664.0,0,2025-08-17T04:20:20Z,2025-08-17T14:39:12Z,2025-08-17T17:17:19Z,2025-08-06T17:48:39Z,2025-08-25T04:26:00Z,2025-09-04T04:32:04Z
FC-00500,S116,2025-08-17T19:17:26Z,56.0,322.0,73.0,9.39,378.0,1446.0,0,2025-08-17T03:21:47Z,2025-08-17T02:25:12Z,2025-08-17T17:58:52Z,2025-08-09T05:48:12Z,2025-08-24T21:36:50Z,2025-09-11T05:37:13Z
FC-00501,S113,2025-08-17T19:18:25Z,72.0,433.0,94.0,2.29,421.0,2100.0,0,2025-08-17T15:21:35Z,2025-08-17T13:01:15Z,2025-08-17T18:00:57Z,2025-08-10T10:15:48Z,2025-08-25T04:13:58Z,2025-08-26T12:22:57Z
FC-00502,S123,2025-08-17T19:27:05Z,36.0,268.0,34.0,31.96,314.0,1116.0,1,2025-08-17T13:33:16Z,2025-08-17T14:07:33Z,2025-08-17T17:43:08Z,2025-08-09T03:41:36Z,2025-08-25T18:18:40Z,2025-08-23T12:27:35Z
FC-00503,S131,2025-08-17T20:47:46Z,66.0,433.0,70.0,9.79,603.0,2120.0,0,2025-08-17T15:46:14Z,2025-08-17T07:33:02Z,2025-08-17T19:06:05Z,2025-08-08T00:09:48Z,2025-08-25T06:21:57Z,2025-08-29T16:18:44Z
FC-00504,S136,2025-08-17T21:42:21Z,51.0,355.0,64.0,15.22,341.0,1467.0,0,2025-08-17T13:30:41Z,2025-08-17T04:15:39Z,2025-08-17T21:00:03Z,2025-08-04T19:07:29Z,2025-08-25T07:18:15Z,2025-08-27T00:24:28Z
FC-00505,S136,2025-08-17T22:29:50Z,35.0,272.0,62.0,9.86,239.0,1046.0,0,2025-08-17T02:58:13Z,2025-08-17T04:25:48Z,2025-08-17T21:31:42Z,2025-08-14T04:26:17Z,2025-08-25T03:03:52Z,2025-09-02T22:22:15Z
FC-00506,S141,2025-08-17T22:40:09Z,25.0,206.0,50.0,22.51,190.0,918.0,0,2025-08-17T11:05:09Z,2025-08-17T03:40:58Z,2025-08-17T20:47:59Z,2025-08-09T20:19:46Z,2025-08-25T22:15:16Z,2025-08-26T10:26:55Z
FC-00507,S106,2025-08-17T22:51:25Z,125.0,839.0,95.0,21.29,778.0,3278.0,1,2025-08-17T06:25:09Z,2025-08-17T06:13:34Z,2025-08-17T22:28:12Z,2025-08-14T19:32:17Z,2025-08-25T15:48:24Z,2025-08-25T15:09:54Z
FC-00508,S154,2025-08-18T00:18:57Z,78.0,695.0,108.0,5.81,732.0,2937.0,0,2025-08-17T08:53:18Z,2025-08-17T14:47:38Z,2025-08-17T23:25:50Z,2025-08-05T02:56:34Z,2025-08-25T08:39:01Z,2025-09-11T00:27:59Z
FC-00509,S144,2025-08-18T01:24:46Z,54.0,314.0,67.0,36.09,390.0,1668.0,0,2025-08-17T09:37:16Z,2025-08-17T12:22:05Z,2025-08-18T00:17:42Z,2025-08-15T06:25:28Z,2025-08-25T08:14:49Z,2025-09-11T00:13:22Z
FC-00510,S129,2025-08-18T01:56:00Z,33.0,226.0,20.0,12.61,190.0,871.0,1,2025-08-17T18:55:17Z,2025-08-17T21:39:32Z,2025-08-18T00:12:33Z,2025-08-13T04:40:18Z,2025-08-25T03:54:13Z,2025-09-05T22:06:56Z
FC-00511,S126,2025-08-18T04:15:23Z,24.0,180.0,40.0,23.39,225.0,820.0,0,2025-08-17T22:04:59Z,2025-08-18T00:34:46Z,2025-08-18T03:19:08Z,2025-08-05T20:11:14Z,2025-08-25T20:28:25Z,2025-09-04T08:34:55Z
FC-00512,S133,2025-08-18T04:56:16Z,67.0,508.0,78.0,16.64,379.0,1954.0,0,2025-08-17T11:04:29Z,2025-08-17T11:08:42Z,2025-08-18T03:12:53Z,2025-08-12T09:00:05Z,2025-08-25T21:53:01Z,2025-09-10T12:42:29Z
FC-00513,S114,2025-08-18T05:11:29Z,35.0,253.0,61.0,15.04,291.0,1098.0,0,2025-08-17T16:22:29Z,2025-08-17T20:48:03Z,2025-08-18T03:47:30Z,2025-08-11T10:15:52Z,2025-08-25T05:43:50Z,2025-08-27T04:08:31Z
FC-00514,S107,2025-08-18T05:19:00Z,59.0,395.0,49.0,27.47,400.0,1704.0,1,2025-08-17T17:57:00Z,2025-08-17T12:36:04Z,2025-08-18T03:19:22Z,2025-08-04T16:27:15Z,2025-08-25T07:01:39Z,2025-09-14T18:00:53Z
FC-00515,S159,2025-08-18T05:34:27Z,22.0,192.0,23.0,10.3,204.0,907.0,1,2025-08-17T17:58:53Z,2025-08-17T16:44:30Z,2025-08-18T04:53:28Z,2025-08-04T07:22:40Z,2025-08-25T11:19:38Z,2025-09-14T12:27:30Z
FC-00516,S158,2025-08-18T05:57:06Z,37.0,218.0,41.0,21.68,281.0,1066.0,0,2025-08-18T00:50:56Z,2025-08-17T21:08:18Z,2025-08-18T04:46:12Z,2025-08-08T08:58:51Z,2025-08-26T04:24:42Z,2025-08-31T22:05:03Z
FC-00517,S125,2025-08-18T06:38:20Z,51.0,374.0,79.0,14.69,345.0,1396.0,0,2025-08-17T14:27:34Z,2025-08-18T00:30:14Z,2025-08-18T05:14:15Z,2025-08-07T15:25:18Z,2025-08-25T17:06:57Z,2025-09-11T17:56:53Z
FC-00518,S141,2025-08-18T06:55:26Z,11.0,83.0,10.0,10.03,84.0,398.0,1,2025-08-17T17:33:11Z,2025-08-18T03:23:55Z,2025-08-18T05:41:57Z,2025-08-06T16:01:10Z,2025-08-25T07:57:26Z,2025-08-29T23:32:13Z
FC-00519,S122,2025-08-18T06:57:20Z,50.0,380.0,49.0,3.94,440.0,1569.0,1,2025-08-18T00:53:00Z,2025-08-17T13:52:14Z,2025-08-18T05:04:55Z,2025-08-13T03:49:36Z,2025-08-26T02:38:20Z,2025-09-06T07:23:01Z
FC-00520,S137,2025-08-18T08:12:28Z,28.0,230.0,41.0,30.24,191.0,1035.0,0,2025-08-18T02:37:14Z,2025-08-17T13:14:26Z,2025-08-18T06:17:04Z,2025-08-11T13:06:24Z,2025-08-25T22:45:32Z,2025-08-30T17:06:40Z
FC-00521,S100,2025-08-18T08:49:27Z,19.0,156.0,23.0,35.99,172.0,662.0,0,2025-08-17T21:54:04Z,2025-08-17T16:23:31Z,2025-08-18T07:49:07Z,2025-08-05T09:06:50Z,2025-08-26T04:17:53Z,2025-09-05T07:31:42Z
FC-00522,S122,2025-08-18T09:03:15Z,52.0,290.0,28.0,17.45,309.0,1223.0,1,2025-08-18T04:29:13Z,2025-08-17T14:38:25Z,2025-08-18T08:16:32Z,2025-08-13T10:22:37Z,2025-08-26T04:34:30Z,2025-09-10T06:05:17Z
FC-00523,S135,2025-08-18T09:09:07Z,53.0,476.0,65.0,23.11,404.0,2075.0,0,2025-08-17T20:53:35Z,2025-08-17T16:00:05Z,2025-08-18T09:02:34Z,2025-08-17T06:36:35Z,2025-08-26T00:58:45Z,2025-08-29T20:50:13Z
FC-00524,S112,2025-08-18T09:19:53Z,80.0,536.0,116.0,14.13,526.0,2282.0,0,2025-08-17T16:19:01Z,2025-08-17T17:34:55Z,2025-08-18T08:25:11Z,2025-08-05T13:05:42Z,2025-08-25T14:16:55Z,2025-09-13T15:14:01Z
FC-00525,S101,2025-08-18T11:28:20Z,72.0,549.0,102.0,5.68,570.0,2231.0,0,2025-08-17T18:03:05Z,2025-08-17T23:05:40Z,2025-08-18T10:28:33Z,2025-08-06T01:16:22Z,2025-08-26T04:53:46Z,2025-08-26T22:17:10Z
FC-00526,S116,2025-08-18T11:53:26Z,43.0,240.0,39.0,30.08,245.0,1253.0,0,2025-08-18T04:12:52Z,2025-08-18T00:58:55Z,2025-08-18T11:26:30Z,2025-08-11T14:54:27Z,2025-08-25T19:01:17Z,2025-08-24T10:30:10Z
FC-00527,S106,2025-08-18T12:51:18Z,58.0,424.0,87.0,16.07,496.0,1913.0,0,2025-08-17T22:27:24Z,2025-08-18T06:33:43Z,2025-08-18T12:04:53Z,2025-08-04T23:52:44Z,2025-08-25T14:51:34Z,2025-09-14T12:47:55Z
FC-00528,S123,2025-08-18T13:28:38Z,74.0,512.0,69.0,33.19,522.0,2343.0,1,2025-08-17T21:22:53Z,2025-08-18T09:27:48Z,2025-08-18T13:20:17Z,2025-08-13T09:28:48Z,2025-08-26T10:55:09Z,2025-09-15T00:18:25Z
FC-00529,S144,2025-08-18T13:35:12Z,49.0,289.0,48.0,10.46,266.0,1152.0,0,2025-08-18T01:03:39Z,2025-08-17T18:36:47Z,2025-08-18T11:55:23Z,2025-08-14T10:40:18Z,2025-08-26T00:54:58Z,2025-09-10T07:54:16Z
FC-00530,S116,2025-08-18T14:03:52Z,14.0,84.0,10.0,26.53,86.0,349.0,1,2025-08-18T10:40:31Z,2025-08-17T23:45:01Z,2025-08-18T12:51:03Z,2025-08-14T10:10:21Z,2025-08-25T23:12:02Z,2025-09-10T23:01:59Z
FC-00531,S128,2025-08-18T14:17:47Z,51.0,421.0,54.0,34.3,416.0,1785.0,0,2025-08-18T10:54:10Z,2025-08-18T11:44:01Z,2025-08-18T13:49:13Z,2025-08-16T06:08:17Z,2025-08-26T00:17:15Z,2025-09-05T00:42:15Z
FC-00532,S147,2025-08-18T15:39:22Z,30.0,208.0,37.0,3.43,167.0,777.0,0,2025-08-18T11:07:38Z,2025-08-18T03:20:55Z,2025-08-18T14:45:50Z,2025-08-16T16:55:40Z,2025-08-25T22:24:06Z,2025-09-07T05:05:24Z
FC-00533,S145,2025-08-18T15:44:08Z,67.0,473.0,42.0,33.83,403.0,1736.0,1,2025-08-18T13:20:50Z,2025-08-17T23:10:58Z,2025-08-18T15:18:20Z,2025-08-05T08:54:19Z,2025-08-26T06:26:31Z,2025-08-23T20:53:35Z
FC-00534,S116,2025-08-18T15:52:02Z,61.0,430.0,36.0,8.69,424.0,1698.0,1,2025-08-18T04:57:40Z,2025-08-18T02:13:14Z,2025-08-18T14:33:50Z,2025-08-06T11:01:29Z,2025-08-26T07:04:23Z,2025-09-07T00:00:41Z
FC-00535,S147,2025-08-18T18:43:05Z,62.0,400.0,43.0,37.77,528.0,1932.0,1,2025-08-18T12:18:59Z,2025-08-18T13:29:55Z,2025-08-18T17:56:01Z,2025-08-05T15:04:07Z,2025-08-26T07:13:39Z,2025-09-17T14:06:34Z
FC-00536,S154,2025-08-18T19:04:21Z,69.0,521.0,84.0,18.02,447.0,2199.0,0,2025-08-18T06:04:10Z,2025-08-18T08:09:41Z,2025-08-18T18:34:39Z,2025-08-08T11:00:58Z,2025-08-26T05:55:46Z,2025-09-11T13:50:18Z
FC-00537,S147,2025-08-18T19:30:47Z,46.0,387.0,89.0,6.66,325.0,1676.0,0,2025-08-18T03:24:31Z,2025-08-18T08:17:36Z,2025-08-18T18:27:06Z,2025-08-14T16:17:41Z,2025-08-25T20:17:16Z,2025-08-27T10:27:03Z
FC-00538,S138,2025-08-18T20:27:35Z,25.0,163.0,14.0,31.43,161.0,685.0,1,2025-08-18T18:13:47Z,2025-08-18T16:04:39Z,2025-08-18T19:18:58Z,2025-08-15T08:48:44Z,2025-08-26T10:53:39Z,2025-09-07T06:34:02Z
FC-00539,S142,2025-08-18T22:21:44Z,42.0,320.0,53.0,8.11,341.0,1329.0,0,2025-08-18T16:09:33Z,2025-08-18T04:40:23Z,2025-08-18T21:49:38Z,2025-08-13T03:07:18Z,2025-08-26T16:58:08Z,2025-09-15T16:07:50Z
FC-00540,S122,2025-08-18T22:58:13Z,30.0,176.0,44.0,12.43,175.0,770.0,0,2025-08-18T03:24:23Z,2025-08-18T08:23:51Z,2025-08-18T21:07:00Z,2025-08-15T13:58:31Z,2025-08-26T13:00:50Z,2025-08-31T07:23:12Z
FC-00541,S119,2025-08-18T23:53:22Z,27.0,194.0,23.0,24.08,200.0,746.0,1,2025-08-18T21:40:20Z,2025-08-18T20:22:45Z,2025-08-18T22:36:02Z,2025-08-16T19:00:53Z,2025-08-26T12:10:53Z,2025-08-31T15:15:36Z
FC-00542,S141,2025-08-19T00:35:31Z,74.0,643.0,65.0,3.1,537.0,2847.0,1,2025-08-18T19:45:02Z,2025-08-18T17:40:32Z,2025-08-18T22:47:18Z,2025-08-13T00:24:58Z,2025-08-26T05:34:05Z,2025-09-12T09:49:04Z
FC-00543,S111,2025-08-19T00:50:38Z,41.0,255.0,28.0,26.38,263.0,1319.0,1,2025-08-18T20:48:14Z,2025-08-18T09:13:26Z,2025-08-18T23:35:01Z,2025-08-08T19:09:07Z,2025-08-26T17:30:51Z,2025-09-14T17:50:59Z
FC-00544,S144,2025-08-19T01:31:09Z,33.0,203.0,53.0,13.6,248.0,1074.0,0,2025-08-18T14:11:27Z,2025-08-18T12:44:39Z,2025-08-19T00:49:23Z,2025-08-05T10:51:24Z,2025-08-26T04:17:12Z,2025-09-05T19:54:14Z
FC-00545,S126,2025-08-19T01:37:51Z,57.0,363.0,46.0,8.19,299.0,1482.0,0,2025-08-18T13:29:00Z,2025-08-18T08:17:17Z,2025-08-19T00:10:32Z,2025-08-13T03:23:13Z,2025-08-26T03:09:49Z,2025-09-02T17:17:14Z
FC-00546,S136,2025-08-19T02:33:44Z,33.0,251.0,55.0,28.48,233.0,1205.0,0,2025-08-18T09:47:07Z,2025-08-18T15:35:32Z,2025-08-19T01:23:25Z,2025-08-16T21:57:46Z,2025-08-26T06:25:17Z,2025-09-13T10:38:47Z
FC-00547,S114,2025-08-19T03:36:04Z,27.0,217.0,32.0,26.63,194.0,931.0,0,2025-08-18T08:12:56Z,2025-08-18T23:08:50Z,2025-08-19T03:15:44Z,2025-08-05T04:07:56Z,2025-08-26T22:07:34Z,2025-08-26T03:44:04Z
FC-00548,S133,2025-08-19T06:02:37Z,75.0,538.0,56.0,2.36,562.0,2250.0,1,2025-08-18T23:20:33Z,2025-08-18T13:56:47Z,2025-08-19T05:02:38Z,2025-08-13T16:47:02Z,2025-08-26T18:32:27Z,2025-08-28T11:24:51Z
FC-00549,S115,2025-08-19T06:16:54Z,8.0,70.0,11.0,17.07,60.0,261.0,0,2025-08-18T18:10:04Z,2025-08-18T11:41:09Z,2025-08-19T05:37:17Z,2025-08-11T15:27:26Z,2025-08-26T19:08:48Z,2025-08-29T06:28:14Z
FC-00550,S123,2025-08-19T06:34:32Z,53.0,304.0,69.0,2.59,314.0,1274.0,0,2025-08-19T01:09:13Z,2025-08-18T12:27:15Z,2025-08-19T05:16:56Z,2025-08-17T06:34:12Z,2025-08-26T22:56:22Z,2025-09-14T03:22:09Z
FC-00551,S123,2025-08-19T07:07:58Z,54.0,370.0,100.0,39.27,340.0,1627.0,0,2025-08-18T13:57:10Z,2025-08-19T02:28:44Z,2025-08-19T05:38:52Z,2025-08-10T23:04:20Z,2025-08-26T10:55:22Z,2025-09-01T18:28:53Z
FC-00552,S149,2025-08-19T07:31:36Z,73.0,447.0,46.0,18.16,423.0,1698.0,1,2025-08-18T22:43:26Z,2025-08-18T23:10:54Z,2025-08-19T06:34:53Z,2025-08-11T20:55:21Z,2025-08-26T08:13:11Z,2025-09-09T22:07:32Z
FC-00553,S120,2025-08-19T07:39:10Z,84.0,537.0,84.0,9.55,562.0,2619.0,0,2025-08-19T03:59:21Z,2025-08-19T04:36:16Z,2025-08-19T05:42:03Z,2025-08-17T13:42:17Z,2025-08-27T03:16:21Z,2025-08-29T20:43:27Z
FC-00554,S138,2025-08-19T07:49:25Z,26.0,162.0,36.0,11.03,145.0,707.0,0,2025-08-19T04:33:20Z,2025-08-18T22:14:10Z,2025-08-19T06:37:12Z,2025-08-14T15:47:53Z,2025-08-26T08:51:59Z,2025-09-01T19:28:53Z
FC-00555,S137,2025-08-19T08:10:06Z,30.0,177.0,36.0,35.19,174.0,876.0,0,2025-08-18T23:31:24Z,2025-08-18T14:51:04Z,2025-08-19T07:21:49Z,2025-08-12T09:11:36Z,2025-08-27T08:07:11Z,2025-08-26T18:07:16Z
FC-00556,S138,2025-08-19T08:45:23Z,8.0,53.0,11.0,8.9,51.0,225.0,0,2025-08-19T06:33:31Z,2025-08-18T23:40:10Z,2025-08-19T07:20:22Z,2025-08-13T08:54:07Z,2025-08-27T00:22:00Z,2025-08-25T06:17:04Z
FC-00557,S118,2025-08-19T09:18:01Z,62.0,566.0,100.0,24.99,535.0,2078.0,0,2025-08-18T17:57:56Z,2025-08-18T22:34:18Z,2025-08-19T08:28:20Z,2025-08-13T11:43:42Z,2025-08-27T08:54:38Z,2025-09-12T01:20:56Z
FC-00558,S105,2025-08-19T09:59:47Z,47.0,355.0,94.0,9.61,314.0,1784.0,0,2025-08-18T16:23:15Z,2025-08-19T06:49:03Z,2025-08-19T08:55:34Z,2025-08-05T23:07:05Z,2025-08-27T04:53:16Z,2025-09-15T00:41:32Z
FC-00559,S113,2025-08-19T10:24:18Z,32.0,247.0,40.0,23.08,258.0,1027.0,0,2025-08-18T23:03:05Z,2025-08-18T17:42:54Z,2025-08-19T09:22:01Z,2025-08-06T06:19:09Z,2025-08-26T15:56:10Z,2025-09-11T06:45:20Z
FC-00560,S104,2025-08-19T10:38:40Z,21.0,129.0,32.0,22.71,132.0,525.0,0,2025-08-18T21:40:36Z,2025-08-19T05:07:02Z,2025-08-19T08:57:19Z,2025-08-13T03:24:07Z,2025-08-26T16:59:31Z,2025-09-15T16:26:28Z
FC-00561,S107,2025-08-19T12:03:45Z,25.0,191.0,39.0,22.31,171.0,645.0,0,2025-08-18T18:24:42Z,2025-08-19T06:11:22Z,2025-08-19T10:54:07Z,2025-08-10T19:12:04Z,2025-08-27T09:24:11Z,2025-09-09T18:48:13Z
FC-00562,S119,2025-08-19T12:11:28Z,64.0,540.0,89.0,7.59,575.0,2531.0,0,2025-08-19T05:58:00Z,2025-08-18T20:14:35Z,2025-08-19T10:45:42Z,2025-08-11T21:12:46Z,2025-08-26T20:11:27Z,2025-08-25T21:18:09Z
FC-00563,S151,2025-08-19T12:47:28Z,39.0,322.0,76.0,16.29,314.0,1423.0,0,2025-08-19T03:57:11Z,2025-08-19T04:07:22Z,2025-08-19T11:55:58Z,2025-08-12T14:09:45Z,2025-08-27T00:50:35Z,2025-09-13T10:32:46Z
FC-00564,S144,2025-08-19T13:05:47Z,43.0,284.0,46.0,23.85,233.0,1079.0,0,2025-08-19T05:16:19Z,2025-08-19T04:27:43Z,2025-08-19T11:47:42Z,2025-08-11T22:46:05Z,2025-08-26T19:09:34Z,2025-08-27T12:09:56Z
FC-00565,S148,2025-08-19T13:34:27Z,26.0,197.0,17.0,16.27,172.0,724.0,1,2025-08-19T02:56:22Z,2025-08-19T01:02:37Z,2025-08-19T12:54:20Z,2025-08-10T05:07:11Z,2025-08-27T01:32:13Z,2025-09-12T10:26:18Z
FC-00566,S101,2025-08-19T14:19:32Z,72.0,458.0,113.0,28.6,503.0,2208.0,0,2025-08-19T10:20:40Z,2025-08-19T08:46:26Z,2025-08-19T13:24:03Z,2025-08-14T16:40:11Z,2025-08-27T07:22:39Z,2025-09-09T22:08:43Z
FC-00567,S118,2025-08-19T16:08:38Z,56.0,357.0,84.0,7.44,350.0,1411.0,0,2025-08-19T04:16:07Z,2025-08-19T08:29:51Z,2025-08-19T15:39:57Z,2025-08-13T07:10:10Z,2025-08-27T06:24:56Z,2025-09-15T10:58:13Z
FC-00568,S149,2025-08-19T16:16:42Z,70.0,436.0,49.0,17.08,363.0,1700.0,1,2025-08-19T13:12:34Z,2025-08-19T09:23:10Z,2025-08-19T16:10:40Z,2025-08-09T05:05:34Z,2025-08-26T18:49:05Z,2025-08-30T03:34:01Z
FC-00569,S115,2025-08-19T17:12:56Z,23.0,141.0,27.0,32.21,172.0,743.0,0,2025-08-19T13:32:28Z,2025-08-19T05:24:53Z,2025-08-19T15:49:47Z,2025-08-13T21:41:22Z,2025-08-26T22:40:41Z,2025-08-29T23:46:22Z
FC-00570,S144,2025-08-19T17:38:42Z,7.0,56.0,16.0,6.66,57.0,276.0,0,2025-08-18T23:04:37Z,2025-08-19T13:16:45Z,2025-08-19T16:32:53Z,2025-08-18T11:46:59Z,2025-08-26T17:50:40Z,2025-09-16T07:49:13Z
FC-00571,S109,2025-08-19T18:07:54Z,68.0,422.0,106.0,33.52,423.0,2044.0,0,2025-08-19T12:02:00Z,2025-08-19T15:09:05Z,2025-08-19T18:01:26Z,2025-08-08T00:05:55Z,2025-08-27T12:35:08Z,2025-09-04T02:28:38Z
FC-00572,S117,2025-08-19T18:29:01Z,44.0,313.0,53.0,10.02,324.0,1239.0,0,2025-08-19T01:21:02Z,2025-08-19T02:14:46Z,2025-08-19T17:28:06Z,2025-08-11T16:49:47Z,2025-08-27T00:36:37Z,2025-08-29T07:38:20Z
FC-00573,S149,2025-08-19T19:40:43Z,30.0,246.0,36.0,33.09,266.0,1176.0,1,2025-08-19T08:58:47Z,2025-08-19T13:08:15Z,2025-08-19T19:05:07Z,2025-08-08T05:46:24Z,2025-08-27T18:38:34Z,2025-09-17T05:37:28Z
FC-00574,S119,2025-08-19T19:56:02Z,54.0,419.0,83.0,39.38,469.0,1942.0,0,2025-08-19T05:27:26Z,2025-08-19T04:15:52Z,2025-08-19T18:46:18Z,2025-08-12T11:22:07Z,2025-08-27T12:59:18Z,2025-09-03T08:31:18Z
FC-00575,S157,2025-08-19T20:16:46Z,89.0,625.0,140.0,3.32,558.0,2332.0,0,2025-08-19T17:35:56Z,2025-08-19T01:52:07Z,2025-08-19T18:25:07Z,2025-08-16T07:06:02Z,2025-08-27T17:40:41Z,2025-09-18T00:55:36Z
FC-00576,S126,2025-08-19T20:42:15Z,29.0,201.0,26.0,14.62,178.0,856.0,0,2025-08-19T08:51:58Z,2025-08-19T08:46:35Z,2025-08-19T20:12:07Z,2025-08-06T23:57:26Z,2025-08-27T12:25:42Z,2025-09-12T03:59:27Z
FC-00577,S111,2025-08-19T21:49:13Z,46.0,381.0,43.0,25.25,421.0,1622.0,1,2025-08-19T07:54:46Z,2025-08-19T05:58:40Z,2025-08-19T20:34:55Z,2025-08-09T01:49:30Z,2025-08-27T03:12:53Z,2025-09-12T11:45:03Z
FC-00578,S122,2025-08-19T21:54:01Z,23.0,172.0,35.0,8.55,160.0,731.0,0,2025-08-19T19:02:41Z,2025-08-19T17:18:48Z,2025-08-19T21:46:55Z,2025-08-18T07:44:23Z,2025-08-27T08:35:47Z,2025-09-11T01:45:12Z
FC-00579,S148,2025-08-19T22:06:19Z,30.0,241.0,23.0,30.45,284.0,1116.0,1,2025-08-19T14:15:32Z,2025-08-19T19:51:45Z,2025-08-19T21:07:05Z,2025-08-17T05:22:30Z,2025-08-27T13:59:48Z,2025-09-13T01:12:17Z
FC-00580,S114,2025-08-19T22:35:41Z,14.0,90.0,22.0,2.69,70.0,407.0,0,2025-08-19T17:43:56Z,2025-08-19T16:45:30Z,2025-08-19T20:46:04Z,2025-08-07T09:38:16Z,2025-08-27T06:40:54Z,2025-08-28T04:12:07Z
FC-00581,S116,2025-08-19T23:16:18Z,44.0,278.0,28.0,12.64,277.0,1254.0,1,2025-08-19T18:42:49Z,2025-08-19T11:58:57Z,2025-08-19T22:20:29Z,2025-08-10T05:34:53Z,2025-08-27T02:54:42Z,2025-09-15T22:42:08Z
FC-00582,S153,2025-08-20T00:05:16Z,48.0,365.0,72.0,25.76,291.0,1507.0,0,2025-08-19T15:26:15Z,2025-08-19T12:12:15Z,2025-08-19T22:22:34Z,2025-08-13T08:48:33Z,2025-08-27T19:11:49Z,2025-09-13T03:58:10Z
FC-00583,S107,2025-08-20T01:11:31Z,19.0,152.0,19.0,16.43,132.0,580.0,0,2025-08-19T06:59:23Z,2025-08-19T09:50:23Z,2025-08-20T00:17:59Z,2025-08-13T14:48:51Z,2025-08-27T12:40:20Z,2025-08-25T21:13:11Z
FC-00584,S137,2025-08-20T01:16:59Z,63.0,351.0,72.0,26.68,439.0,1661.0,0,2025-08-19T16:01:33Z,2025-08-19T18:56:20Z,2025-08-19T23:34:33Z,2025-08-10T08:34:06Z,2025-08-27T17:34:31Z,2025-09-06T15:25:44Z
FC-00585,S153,2025-08-20T01:26:30Z,88.0,611.0,102.0,18.35,635.0,2128.0,0,2025-08-19T21:40:34Z,2025-08-19T14:54:54Z,2025-08-20T00:10:28Z,2025-08-18T05:54:01Z,2025-08-27T09:46:13Z,2025-09-09T19:08:06Z
FC-00586,S115,2025-08-20T01:37:59Z,72.0,553.0,45.0,31.74,464.0,1965.0,1,2025-08-19T15:29:54Z,2025-08-19T22:04:57Z,2025-08-20T00:43:07Z,2025-08-18T14:46:25Z,2025-08-27T04:01:29Z,2025-09-15T05:11:09Z
FC-00587,S116,2025-08-20T02:33:51Z,51.0,359.0,47.0,32.34,309.0,1517.0,0,2025-08-19T15:55:10Z,2025-08-19T16:15:05Z,2025-08-20T02:01:21Z,2025-08-13T01:14:31Z,2025-08-28T01:44:33Z,2025-09-18T01:30:29Z
FC-00588,S157,2025-08-20T02:35:16Z,45.0,251.0,33.0,4.87,267.0,1202.0,1,2025-08-19T08:31:16Z,2025-08-19T15:43:10Z,2025-08-20T00:40:50Z,2025-08-14T23:09:20Z,2025-08-27T22:03:31Z,2025-09-01T14:53:03Z
FC-00589,S139,2025-08-20T02:56:36Z,72.0,437.0,80.0,34.24,495.0,1864.0,0,2025-08-19T22:55:12Z,2025-08-20T00:52:44Z,2025-08-20T01:45:34Z,2025-08-12T00:25:35Z,2025-08-27T11:18:01Z,2025-09-08T04:56:43Z
FC-00590,S140,2025-08-20T05:16:43Z,114.0,861.0,170.0,29.62,875.0,3619.0,0,2025-08-19T12:34:00Z,2025-08-20T01:15:32Z,2025-08-20T04:29:19Z,2025-08-15T15:03:11Z,2025-08-27T16:54:28Z,2025-08-30T14:39:47Z
FC-00591,S131,2025-08-20T05:29:32Z,57.0,529.0,74.0,39.85,444.0,2036.0,0,2025-08-20T01:07:49Z,2025-08-19T10:44:26Z,2025-08-20T03:33:30Z,2025-08-15T16:34:28Z,2025-08-27T15:19:55Z,2025-09-05T08:01:33Z
FC-00592,S148,2025-08-20T06:19:37Z,20.0,156.0,24.0,27.34,135.0,641.0,0,2025-08-19T14:47:45Z,2025-08-19T17:15:10Z,2025-08-20T05:42:19Z,2025-08-06T15:54:32Z,2025-08-27T17:16:54Z,2025-08-28T10:32:35Z
FC-00593,S124,2025-08-20T07:16:45Z,47.0,305.0,70.0,12.02,273.0,1120.0,0,2025-08-19T23:13:13Z,2025-08-20T04:02:42Z,2025-08-20T06:19:41Z,2025-08-14T14:55:45Z,2025-08-27T09:45:22Z,2025-08-29T07:58:32Z
FC-00594,S159,2025-08-20T07:58:17Z,72.0,536.0,89.0,25.15,714.0,2330.0,0,2025-08-20T05:37:27Z,2025-08-19T23:15:29Z,2025-08-20T06:04:47Z,2025-08-13T18:31:47Z,2025-08-27T18:23:08Z,2025-08-29T06:22:23Z
FC-00595,S159,2025-08-20T09:01:04Z,48.0,333.0,32.0,14.33,285.0,1292.0,1,2025-08-20T01:11:44Z,2025-08-20T00:00:32Z,2025-08-20T07:25:01Z,2025-08-14T03:37:30Z,2025-08-28T08:57:30Z,2025-09-10T15:30:56Z
FC-00596,S111,2025-08-20T10:05:33Z,20.0,115.0,13.0,7.78,126.0,604.0,1,2025-08-19T14:58:43Z,2025-08-20T07:36:07Z,2025-08-20T09:08:15Z,2025-08-07T23:28:24Z,2025-08-27T23:52:02Z,2025-08-29T22:01:46Z
FC-00597,S137,2025-08-20T10:09:04Z,37.0,233.0,55.0,23.9,262.0,1105.0,0,2025-08-20T05:26:58Z,2025-08-20T05:37:24Z,2025-08-20T09:39:14Z,2025-08-16T22:54:04Z,2025-08-28T05:02:19Z,2025-08-25T17:44:55Z
FC-00598,S100,2025-08-20T10:32:33Z,48.0,421.0,70.0,9.94,306.0,1549.0,0,2025-08-20T06:38:35Z,2025-08-19T15:03:11Z,2025-08-20T09:56:34Z,2025-08-15T13:41:29Z,2025-08-27T20:00:10Z,2025-08-27T09:29:59Z
FC-00599,S151,2025-08-20T10:43:53Z,23.0,192.0,20.0,2.84,180.0,749.0,1,2025-08-19T16:41:54Z,2025-08-19T14:56:22Z,2025-08-20T09:54:42Z,2025-08-11T21:32:46Z,2025-08-27T15:36:53Z,2025-09-01T13:52:03Z
FC-00600,S146,2025-08-20T11:19:43Z,66.0,452.0,81.0,9.34,582.0,2384.0,0,2025-08-20T03:20:55Z,2025-08-19T23:11:16Z,2025-08-20T10:26:46Z,2025-08-13T03:32:57Z,2025-08-27T21:40:30Z,2025-08-28T10:43:52Z
FC-00601,S156,2025-08-20T12:47:18Z,98.0,638.0,88.0,11.49,656.0,2610.0,0,2025-08-20T04:32:16Z,2025-08-20T10:46:56Z,2025-08-20T11:50:03Z,2025-08-08T03:24:41Z,2025-08-28T09:30:14Z,2025-09-11T07:22:00Z
FC-00602,S139,2025-08-20T13:23:18Z,45.0,276.0,59.0,27.83,294.0,1263.0,0,2025-08-19T19:17:12Z,2025-08-19T22:40:24Z,2025-08-20T12:48:39Z,2025-08-13T09:50:30Z,2025-08-28T05:27:50Z,2025-08-27T09:42:35Z
FC-00603,S136,2025-08-20T13:49:37Z,104.0,702.0,63.0,28.88,589.0,2639.0,1,2025-08-20T04:15:02Z,2025-08-19T20:13:42Z,2025-08-20T13:40:47Z,2025-08-11T23:07:46Z,2025-08-28T05:30:47Z,2025-09-15T20:33:06Z
FC-00604,S148,2025-08-20T13:50:42Z,19.0,155.0,24.0,7.74,150.0,684.0,0,2025-08-20T03:06:52Z,2025-08-19T19:13:33Z,2025-08-20T13:07:49Z,2025-08-18T14:51:07Z,2025-08-27T15:53:03Z,2025-09-14T17:51:42Z
FC-00605,S149,2025-08-20T14:55:57Z,66.0,457.0,87.0,27.65,470.0,1998.0,0,2025-08-19T22:21:59Z,2025-08-19T21:56:43Z,2025-08-20T13:11:12Z,2025-08-07T16:13:13Z,2025-08-28T13:07:49Z,2025-09-02T09:20:28Z
FC-00606,S148,2025-08-20T15:38:15Z,25.0,204.0,20.0,17.84,171.0,854.0,1,2025-08-19T22:53:34Z,2025-08-20T05:21:30Z,2025-08-20T15:03:22Z,2025-08-11T09:51:27Z,2025-08-27T16:29:05Z,2025-08-26T21:16:08Z
FC-00607,S128,2025-08-20T16:09:11Z,42.0,384.0,78.0,9.5,366.0,1564.0,0,2025-08-19T23:53:29Z,2025-08-20T09:12:54Z,2025-08-20T15:28:12Z,2025-08-15T12:40:44Z,2025-08-28T11:38:38Z,2025-09-14T02:28:46Z
FC-00608,S110,2025-08-20T16:56:18Z,15.0,114.0,17.0,9.68,132.0,597.0,1,2025-08-20T03:53:43Z,2025-08-20T08:38:49Z,2025-08-20T15:21:27Z,2025-08-08T00:07:00Z,2025-08-28T06:23:40Z,2025-09-05T16:05:08Z
FC-00609,S155,2025-08-20T17:32:12Z,75.0,548.0,103.0,15.35,623.0,2397.0,0,2025-08-20T05:58:27Z,2025-08-20T14:59:48Z,2025-08-20T17:01:46Z,2025-08-11T07:54:36Z,2025-08-28T03:32:41Z,2025-08-29T19:02:31Z
FC-00610,S111,2025-08-20T17:48:20Z,37.0,307.0,34.0,26.35,248.0,1383.0,1,2025-08-20T03:17:14Z,2025-08-20T15:06:17Z,2025-08-20T17:13:32Z,2025-08-18T15:06:48Z,2025-08-27T23:03:08Z,2025-08-30T12:55:20Z
FC-00611,S109,2025-08-20T19:10:54Z,112.0,725.0,95.0,38.47,646.0,3084.0,1,2025-08-20T14:18:56Z,2025-08-20T05:38:00Z,2025-08-20T17:33:22Z,2025-08-16T04:48:19Z,2025-08-28T10:30:44Z,2025-08-28T07:06:26Z
FC-00612,S153,2025-08-20T19:20:22Z,16.0,115.0,27.0,33.92,108.0,453.0,0,2025-08-20T16:31:55Z,2025-08-20T06:09:51Z,2025-08-20T18:24:52Z,2025-08-07T07:23:24Z,2025-08-27T23:16:44Z,2025-09-19T08:52:39Z
FC-00613,S144,2025-08-20T19:26:01Z,43.0,286.0,49.0,24.95,273.0,1334.0,0,2025-08-20T08:45:13Z,2025-08-20T07:11:16Z,2025-08-20T18:13:21Z,2025-08-11T08:09:14Z,2025-08-28T18:17:15Z,2025-09-10T05:59:28Z
FC-00614,S144,2025-08-20T19:29:01Z,26.0,212.0,43.0,10.17,204.0,839.0,0,2025-08-20T05:41:37Z,2025-08-20T14:33:51Z,2025-08-20T17:51:31Z,2025-08-12T19:15:41Z,2025-08-28T01:54:33Z,2025-09-13T04:06:53Z
FC-00615,S153,2025-08-20T19:30:43Z,46.0,344.0,46.0,29.93,279.0,1375.0,0,2025-08-20T04:45:00Z,2025-08-20T01:29:39Z,2025-08-20T17:40:32Z,2025-08-11T23:42:11Z,2025-08-28T09:09:21Z,2025-09-07T13:39:42Z
FC-00616,S102,2025-08-20T20:14:04Z,65.0,450.0,100.0,6.41,357.0,1663.0,0,2025-08-20T12:58:55Z,2025-08-20T01:20:48Z,2025-08-20T19:22:59Z,2025-08-15T08:43:42Z,2025-08-27T21:24:19Z,2025-09-10T03:45:14Z
FC-00617,S121,2025-08-20T21:00:07Z,19.0,141.0,26.0,23.64,162.0,619.0,0,2025-08-20T02:15:07Z,2025-08-20T08:17:19Z,2025-08-20T20:26:39Z,2025-08-16T09:32:24Z,2025-08-28T03:11:59Z,2025-09-13T06:10:52Z
FC-00618,S118,2025-08-20T21:47:20Z,27.0,239.0,57.0,18.08,221.0,905.0,0,2025-08-20T06:14:55Z,2025-08-20T08:38:02Z,2025-08-20T20:03:53Z,2025-08-18T22:33:49Z,2025-08-28T18:00:17Z,2025-09-04T23:18:09Z
FC-00619,S115,2025-08-20T22:11:11Z,135.0,947.0,152.0,37.36,1019.0,4103.0,0,2025-08-20T12:11:59Z,2025-08-20T18:37:54Z,2025-08-20T22:04:06Z,2025-08-08T08:28:03Z,2025-08-28T05:00:39Z,2025-09-05T07:59:08Z
FC-00620,S102,2025-08-20T22:52:22Z,23.0,148.0,17.0,7.48,189.0,755.0,1,2025-08-20T08:57:35Z,2025-08-20T10:13:41Z,2025-08-20T22:20:47Z,2025-08-14T00:15:57Z,2025-08-28T12:26:52Z,2025-08-27T08:53:57Z
FC-00621,S145,2025-08-20T23:37:08Z,89.0,572.0,80.0,37.07,508.0,2259.0,0,2025-08-20T06:13:50Z,2025-08-20T04:17:47Z,2025-08-20T22:29:40Z,2025-08-18T11:44:10Z,2025-08-28T13:14:55Z,2025-09-11T02:53:10Z
FC-00622,S156,2025-08-21T00:38:41Z,27.0,227.0,33.0,12.01,189.0,833.0,0,2025-08-20T08:46:27Z,2025-08-20T08:15:42Z,2025-08-20T23:19:17Z,2025-08-10T20:20:57Z,2025-08-28T00:56:58Z,2025-09-16T00:26:54Z
FC-00623,S153,2025-08-21T00:44:32Z,41.0,345.0,48.0,35.87,304.0,1480.0,0,2025-08-20T08:39:42Z,2025-08-20T21:58:14Z,2025-08-20T23:32:51Z,2025-08-16T21:35:02Z,2025-08-28T23:54:30Z,2025-09-19T00:42:45Z
FC-00624,S121,2025-08-21T00:51:08Z,61.0,386.0,59.0,23.25,454.0,1669.0,0,2025-08-20T18:16:11Z,2025-08-20T22:27:43Z,2025-08-20T23:22:29Z,2025-08-12T22:23:04Z,2025-08-28T17:29:35Z,2025-08-28T20:08:58Z
FC-00625,S159,2025-08-21T01:22:06Z,44.0,306.0,52.0,14.45,316.0,1476.0,0,2025-08-20T20:01:35Z,2025-08-20T11:51:16Z,2025-08-21T00:59:31Z,2025-08-14T19:11:44Z,2025-08-28T04:45:17Z,2025-08-31T21:13:39Z
FC-00626,S142,2025-08-21T01:47:20Z,8.0,68.0,12.0,33.23,72.0,298.0,0,2025-08-20T07:29:23Z,2025-08-20T07:51:38Z,2025-08-21T00:43:30Z,2025-08-14T13:23:34Z,2025-08-28T08:24:19Z,2025-09-14T09:23:42Z
FC-00627,S102,2025-08-21T03:29:38Z,67.0,395.0,106.0,11.25,487.0,1884.0,0,2025-08-20T12:31:32Z,2025-08-20T23:31:36Z,2025-08-21T03:07:42Z,2025-08-16T14:41:49Z,2025-08-29T03:21:03Z,2025-09-09T19:40:16Z
FC-00628,S146,2025-08-21T05:42:00Z,34.0,261.0,23.0,33.88,250.0,1012.0,1,2025-08-20T23:15:53Z,2025-08-21T01:53:03Z,2025-08-21T04:28:22Z,2025-08-12T13:24:38Z,2025-08-29T05:14:41Z,2025-09-14T12:12:30Z
FC-00629,S152,2025-08-21T05:52:18Z,35.0,222.0,40.0,21.37,221.0,914.0,0,2025-08-20T16:29:45Z,2025-08-20T15:33:47Z,2025-08-21T04:55:33Z,2025-08-10T17:00:48Z,2025-08-29T03:08:05Z,2025-09-12T18:40:02Z
FC-00630,S153,2025-08-21T06:03:48Z,60.0,377.0,45.0,37.36,522.0,1900.0,1,2025-08-20T11:06:02Z,2025-08-20T23:20:52Z,2025-08-21T04:26:55Z,2025-08-10T19:16:38Z,2025-08-28T09:55:38Z,2025-09-10T16:43:42Z
FC-00631,S122,2025-08-21T06:09:12Z,91.0,587.0,152.0,36.12,564.0,2340.0,0,2025-08-20T17:41:02Z,2025-08-20T22:05:58Z,2025-08-21T04:41:18Z,2025-08-17T08:19:19Z,2025-08-28T13:10:09Z,2025-09-12T23:48:53Z
FC-00632,S125,2025-08-21T06:27:01Z,71.0,649.0,123.0,12.02,549.0,2655.0,0,2025-08-21T03:27:13Z,2025-08-20T13:24:00Z,2025-08-21T04:55:03Z,2025-08-12T16:42:50Z,2025-08-28T07:36:53Z,2025-08-29T23:43:24Z
FC-00633,S116,2025-08-21T06:45:32Z,31.0,206.0,17.0,34.44,186.0,855.0,1,2025-08-20T13:15:05Z,2025-08-21T02:49:12Z,2025-08-21T06:39:16Z,2025-08-16T12:36:05Z,2025-08-29T01:59:28Z,2025-08-28T07:14:27Z
FC-00634,S120,2025-08-21T07:06:12Z,22.0,140.0,29.0,32.73,149.0,593.0,0,2025-08-20T21:55:07Z,2025-08-20T22:09:46Z,2025-08-21T05:35:22Z,2025-08-09T12:06:07Z,2025-08-28T13:59:07Z,2025-09-07T20:47:18Z
FC-00635,S132,2025-08-21T08:50:24Z,76.0,708.0,97.0,18.11,768.0,3043.0,0,2025-08-20T14:43:59Z,2025-08-20T15:36:41Z,2025-08-21T08:19:39Z,2025-08-10T14:51:35Z,2025-08-28T21:29:56Z,2025-09-06T13:35:27Z
FC-00636,S111,2025-08-21T09:01:48Z,52.0,367.0,68.0,24.79,389.0,1731.0,0,2025-08-20T22:41:08Z,2025-08-21T01:05:15Z,2025-08-21T07:07:26Z,2025-08-10T20:53:45Z,2025-08-28T10:25:13Z,2025-08-27T05:46:00Z
FC-00637,S116,2025-08-21T09:06:24Z,52.0,464.0,46.0,33.33,419.0,1641.0,1,2025-08-21T02:52:31Z,2025-08-21T00:25:31Z,2025-08-21T07:17:36Z,2025-08-12T04:12:09Z,2025-08-28T16:13:10Z,2025-09-19T07:10:12Z
FC-00638,S104,2025-08-21T10:06:59Z,37.0,295.0,30.0,21.25,366.0,1253.0,1,2025-08-21T07:58:23Z,2025-08-21T04:32:12Z,2025-08-21T08:58:25Z,2025-08-10T14:40:51Z,2025-08-28T15:36:43Z,2025-09-02T01:01:28Z
FC-00639,S107,2025-08-21T12:01:52Z,119.0,923.0,193.0,11.9,881.0,3467.0,0,2025-08-21T09:00:27Z,2025-08-20T18:41:32Z,2025-08-21T11:40:07Z,2025-08-13T01:57:40Z,2025-08-28T19:29:03Z,2025-09-20T03:35:24Z
FC-00640,S118,2025-08-21T12:55:23Z,90.0,668.0,140.0,16.94,659.0,2613.0,0,2025-08-21T10:35:16Z,2025-08-20T17:15:17Z,2025-08-21T11:59:09Z,2025-08-12T20:21:49Z,2025-08-28T14:49:38Z,2025-09-01T17:42:18Z
FC-00641,S143,2025-08-21T13:03:05Z,50.0,389.0,105.0,39.0,439.0,1815.0,0,2025-08-20T17:17:41Z,2025-08-21T09:21:17Z,2025-08-21T12:05:44Z,2025-08-14T23:37:28Z,2025-08-29T11:58:45Z,2025-09-10T05:39:37Z
FC-00642,S140,2025-08-21T13:03:13Z,17.0,94.0,26.0,37.55,95.0,464.0,0,2025-08-20T18:30:39Z,2025-08-21T06:26:31Z,2025-08-21T12:39:04Z,2025-08-13T18:34:28Z,2025-08-28T23:20:07Z,2025-09-09T18:16:51Z
FC-00643,S154,2025-08-21T13:11:08Z,46.0,304.0,37.0,13.8,293.0,1351.0,1,2025-08-21T01:07:39Z,2025-08-20T19:18:32Z,2025-08-21T12:17:39Z,2025-08-17T07:15:39Z,2025-08-29T07:05:03Z,2025-09-17T23:07:07Z
FC-00644,S157,2025-08-21T13:46:53Z,70.0,453.0,70.0,20.36,394.0,2028.0,0,2025-08-21T07:25:38Z,2025-08-21T08:00:50Z,2025-08-21T12:55:40Z,2025-08-10T06:17:47Z,2025-08-28T18:32:21Z,2025-09-01T09:43:06Z
FC-00645,S100,2025-08-21T14:04:21Z,40.0,315.0,71.0,2.84,278.0,1391.0,0,2025-08-21T08:15:33Z,2025-08-21T05:28:57Z,2025-08-21T12:33:59Z,2025-08-15T01:06:34Z,2025-08-28T20:59:09Z,2025-09-20T02:46:22Z
FC-00646,S145,2025-08-21T15:32:25Z,6.0,30.0,4.0,18.84,40.0,146.0,1,2025-08-20T20:48:43Z,2025-08-21T11:59:06Z,2025-08-21T14:56:50Z,2025-08-18T17:30:02Z,2025-08-28T19:20:01Z,2025-08-26T17:05:57Z
FC-00647,S125,2025-08-21T15:46:01Z,63.0,355.0,39.0,24.28,384.0,1700.0,1,2025-08-20T23:50:40Z,2025-08-20T23:13:45Z,2025-08-21T15:09:07Z,2025-08-20T00:34:14Z,2025-08-28T20:21:17Z,2025-09-04T13:14:14Z
FC-00648,S134,2025-08-21T15:52:38Z,21.0,170.0,26.0,36.05,130.0,668.0,0,2025-08-21T04:00:51Z,2025-08-21T10:35:02Z,2025-08-21T14:17:53Z,2025-08-09T23:51:20Z,2025-08-29T01:15:39Z,2025-08-31T00:24:09Z
FC-00649,S123,2025-08-21T15:54:46Z,30.0,216.0,24.0,11.64,246.0,961.0,1,2025-08-21T13:13:42Z,2025-08-20T21:08:44Z,2025-08-21T15:10:20Z,2025-08-19T00:26:08Z,2025-08-29T15:26:33Z,2025-09-20T04:06:23Z
FC-00650,S129,2025-08-21T16:09:23Z,81.0,462.0,78.0,2.5,426.0,2437.0,0,2025-08-20T21:02:47Z,2025-08-21T06:17:05Z,2025-08-21T15:53:29Z,2025-08-09T00:12:34Z,2025-08-29T11:36:13Z,2025-09-05T01:34:23Z
FC-00651,S152,2025-08-21T17:16:50Z,22.0,168.0,43.0,16.5,159.0,690.0,0,2025-08-21T03:02:46Z,2025-08-21T02:25:29Z,2025-08-21T16:40:13Z,2025-08-08T06:57:48Z,2025-08-29T12:16:30Z,2025-08-28T13:05:55Z
FC-00652,S111,2025-08-21T17:22:13Z,57.0,432.0,91.0,24.88,456.0,1985.0,0,2025-08-21T06:05:40Z,2025-08-21T11:00:01Z,2025-08-21T16:26:27Z,2025-08-16T01:00:54Z,2025-08-29T08:41:23Z,2025-09-09T20:20:09Z
FC-00653,S112,2025-08-21T17:23:06Z,19.0,140.0,31.0,3.6,121.0,559.0,0,2025-08-21T11:09:30Z,2025-08-21T02:39:43Z,2025-08-21T17:13:10Z,2025-08-20T16:45:36Z,2025-08-29T03:55:27Z,2025-09-03T23:54:30Z
FC-00654,S126,2025-08-21T20:17:55Z,75.0,437.0,125.0,6.26,474.0,2052.0,0,2025-08-21T03:38:04Z,2025-08-21T02:49:00Z,2025-08-21T19:25:12Z,2025-08-12T11:41:07Z,2025-08-29T14:01:58Z,2025-09-09T02:57:24Z
FC-00655,S127,2025-08-21T20:34:51Z,48.0,407.0,101.0,14.36,433.0,1584.0,0,2025-08-21T12:11:44Z,2025-08-21T10:57:38Z,2025-08-21T18:37:20Z,2025-08-10T14:23:46Z,2025-08-29T19:27:23Z,2025-09-06T08:18:03Z
FC-00656,S135,2025-08-21T21:06:57Z,9.0,59.0,10.0,21.86,76.0,295.0,0,2025-08-21T15:38:22Z,2025-08-21T06:07:15Z,2025-08-21T20:43:02Z,2025-08-17T05:39:22Z,2025-08-29T19:19:47Z,2025-09-09T12:23:27Z
FC-00657,S156,2025-08-21T21:18:27Z,28.0,231.0,34.0,29.01,185.0,807.0,0,2025-08-21T05:50:24Z,2025-08-21T08:12:12Z,2025-08-21T19:55:33Z,2025-08-19T09:57:28Z,2025-08-29T16:09:40Z,2025-09-18T12:10:11Z
FC-00658,S106,2025-08-21T21:55:15Z,38.0,242.0,68.0,23.98,277.0,1276.0,0,2025-08-21T10:59:46Z,2025-08-21T04:39:54Z,2025-08-21T21:23:09Z,2025-08-09T21:21:00Z,2025-08-29T14:14:48Z,2025-09-15T03:19:46Z
FC-00659,S158,2025-08-21T22:28:58Z,28.0,185.0,33.0,20.16,152.0,796.0,0,2025-08-21T07:22:52Z,2025-08-21T16:49:14Z,2025-08-21T21:55:55Z,2025-08-19T00:18:48Z,2025-08-29T12:37:16Z,2025-08-31T17:57:41Z
FC-00660,S104,2025-08-21T22:50:02Z,22.0,110.0,20.0,37.6,116.0,553.0,0,2025-08-21T14:55:45Z,2025-08-21T11:24:55Z,2025-08-21T22:28:58Z,2025-08-19T10:29:58Z,2025-08-29T17:54:16Z,2025-09-16T23:53:13Z
FC-00661,S114,2025-08-21T23:07:17Z,48.0,398.0,42.0,7.42,421.0,1582.0,1,2025-08-21T17:26:48Z,2025-08-21T20:16:17Z,2025-08-21T21:54:00Z,2025-08-12T01:23:39Z,2025-08-29T03:09:25Z,2025-09-15T12:54:39Z
FC-00662,S142,2025-08-22T00:02:21Z,66.0,452.0,81.0,9.22,425.0,1777.0,0,2025-08-21T10:27:48Z,2025-08-21T18:35:02Z,2025-08-21T23:23:38Z,2025-08-09T07:16:12Z,2025-08-29T00:29:55Z,2025-09-10T22:23:33Z
FC-00663,S147,2025-08-22T00:06:38Z,63.0,409.0,46.0,16.59,386.0,1699.0,1,2025-08-21T18:43:18Z,2025-08-21T10:09:36Z,2025-08-21T23:14:16Z,2025-08-18T09:23:07Z,2025-08-29T11:06:19Z,2025-09-01T04:41:33Z
FC-00664,S148,2025-08-22T01:11:31Z,33.0,234.0,32.0,31.01,269.0,1008.0,1,2025-08-21T07:11:09Z,2025-08-21T22:08:24Z,2025-08-22T00:16:55Z,2025-08-20T03:46:38Z,2025-08-29T13:09:34Z,2025-09-13T21:41:59Z
FC-00665,S104,2025-08-22T03:22:04Z,24.0,227.0,35.0,33.24,244.0,875.0,0,2025-08-21T08:04:30Z,2025-08-21T17:17:04Z,2025-08-22T03:14:09Z,2025-08-15T05:51:11Z,2025-08-29T18:24:58Z,2025-09-19T20:19:18Z
FC-00666,S120,2025-08-22T03:34:36Z,45.0,326.0,65.0,25.44,342.0,1389.0,0,2025-08-21T20:10:15Z,2025-08-21T15:59:10Z,2025-08-22T02:10:46Z,2025-08-18T03:16:12Z,2025-08-29T22:59:37Z,2025-09-19T07:43:02Z
FC-00667,S151,2025-08-22T08:20:29Z,47.0,389.0,69.0,31.6,297.0,1466.0,0,2025-08-22T05:04:13Z,2025-08-22T00:50:13Z,2025-08-22T07:58:24Z,2025-08-09T22:00:55Z,2025-08-29T14:29:48Z,2025-09-12T15:34:28Z
FC-00668,S102,2025-08-22T08:32:21Z,33.0,238.0,34.0,31.64,190.0,986.0,0,2025-08-21T19:36:25Z,2025-08-22T00:23:26Z,2025-08-22T07:09:51Z,2025-08-20T19:26:22Z,2025-08-29T14:52:22Z,2025-09-17T14:49:33Z
FC-00669,S142,2025-08-22T08:44:31Z,40.0,233.0,45.0,8.77,297.0,1230.0,0,2025-08-22T02:18:40Z,2025-08-21T17:07:44Z,2025-08-22T06:56:26Z,2025-08-14T16:38:04Z,2025-08-30T03:01:41Z,2025-09-14T12:29:06Z
FC-00670,S126,2025-08-22T11:17:49Z,49.0,318.0,67.0,38.09,374.0,1568.0,0,2025-08-21T17:22:46Z,2025-08-21T19:38:07Z,2025-08-22T10:56:40Z,2025-08-10T05:21:47Z,2025-08-30T07:19:33Z,2025-08-30T07:43:26Z
FC-00671,S123,2025-08-22T12:25:30Z,56.0,406.0,45.0,20.53,348.0,1825.0,1,2025-08-21T18:25:46Z,2025-08-22T02:40:19Z,2025-08-22T12:03:14Z,2025-08-18T14:26:02Z,2025-08-29T12:52:52Z,2025-09-10T01:20:29Z
FC-00672,S135,2025-08-22T13:13:01Z,40.0,253.0,47.0,33.96,290.0,1124.0,0,2025-08-21T19:13:52Z,2025-08-22T09:17:40Z,2025-08-22T12:28:35Z,2025-08-19T02:49:25Z,2025-08-30T02:50:31Z,2025-09-09T05:54:21Z
FC-00673,S110,2025-08-22T13:26:08Z,106.0,611.0,148.0,7.2,656.0,2611.0,0,2025-08-21T17:47:11Z,2025-08-21T19:00:17Z,2025-08-22T11:31:28Z,2025-08-17T12:30:11Z,2025-08-30T05:48:55Z,2025-09-06T15:25:34Z
FC-00674,S137,2025-08-22T13:35:16Z,28.0,195.0,30.0,4.42,213.0,998.0,1,2025-08-22T01:33:16Z,2025-08-21T18:26:02Z,2025-08-22T12:50:59Z,2025-08-21T02:46:47Z,2025-08-30T00:26:25Z,2025-09-10T01:52:58Z
FC-00675,S147,2025-08-22T13:39:25Z,28.0,253.0,31.0,9.18,237.0,954.0,1,2025-08-22T01:53:44Z,2025-08-21T20:21:15Z,2025-08-22T13:14:17Z,2025-08-09T18:31:40Z,2025-08-29T20:33:26Z,2025-09-05T03:53:41Z
FC-00676,S153,2025-08-22T15:44:47Z,57.0,385.0,92.0,39.04,354.0,1706.0,0,2025-08-22T02:20:14Z,2025-08-22T11:39:41Z,2025-08-22T14:34:07Z,2025-08-11T00:22:03Z,2025-08-30T04:14:41Z,2025-08-28T08:05:31Z
FC-00677,S141,2025-08-22T16:40:02Z,50.0,312.0,72.0,12.81,405.0,1544.0,0,2025-08-22T03:38:32Z,2025-08-22T07:14:53Z,2025-08-22T15:18:39Z,2025-08-10T16:19:33Z,2025-08-30T00:22:31Z,2025-09-14T11:23:36Z
FC-00678,S117,2025-08-22T18:21:05Z,54.0,453.0,87.0,34.34,342.0,1806.0,0,2025-08-22T02:49:37Z,2025-08-21T22:35:41Z,2025-08-22T16:33:47Z,2025-08-10T13:20:07Z,2025-08-29T22:54:31Z,2025-09-04T08:13:18Z
FC-00679,S156,2025-08-22T18:40:30Z,53.0,352.0,88.0,25.45,359.0,1526.0,0,2025-08-22T07:59:51Z,2025-08-22T03:29:04Z,2025-08-22T18:24:24Z,2025-08-17T23:34:24Z,2025-08-30T01:09:59Z,2025-09-14T23:42:42Z
FC-00680,S108,2025-08-22T18:57:25Z,73.0,470.0,114.0,13.94,505.0,2050.0,0,2025-08-22T16:23:48Z,2025-08-22T13:26:37Z,2025-08-22T17:08:44Z,2025-08-14T10:55:57Z,2025-08-30T14:04:07Z,2025-09-06T20:22:31Z
FC-00681,S117,2025-08-22T19:41:14Z,34.0,245.0,54.0,35.71,241.0,1191.0,0,2025-08-22T10:23:39Z,2025-08-22T12:35:31Z,2025-08-22T18:22:46Z,2025-08-21T17:08:43Z,2025-08-30T18:36:04Z,2025-09-02T12:57:59Z
FC-00682,S102,2025-08-22T19:52:05Z,56.0,400.0,32.0,37.89,427.0,1584.0,1,2025-08-22T04:17:48Z,2025-08-22T14:52:24Z,2025-08-22T18:53:12Z,2025-08-16T00:18:54Z,2025-08-30T18:03:49Z,2025-08-28T21:08:47Z
FC-00683,S133,2025-08-22T19:58:16Z,89.0,640.0,98.0,3.16,688.0,2717.0,0,2025-08-22T17:09:23Z,2025-08-22T14:00:07Z,2025-08-22T19:00:59Z,2025-08-10T13:35:41Z,2025-08-30T08:43:22Z,2025-08-28T05:54:58Z
FC-00684,S149,2025-08-22T20:16:41Z,42.0,295.0,50.0,12.07,257.0,1263.0,0,2025-08-22T02:35:47Z,2025-08-22T12:02:04Z,2025-08-22T19:02:08Z,2025-08-09T10:39:43Z,2025-08-30T18:08:51Z,2025-09-13T22:28:13Z
FC-00685,S136,2025-08-22T20:25:25Z,87.0,730.0,111.0,2.01,608.0,2954.0,0,2025-08-22T11:14:18Z,2025-08-22T04:31:56Z,2025-08-22T19:18:14Z,2025-08-18T17:24:39Z,2025-08-30T14:51:50Z,2025-09-04T02:29:01Z
FC-00686,S119,2025-08-22T22:53:26Z,63.0,359.0,77.0,8.6,363.0,1654.0,0,2025-08-22T15:31:43Z,2025-08-22T09:38:28Z,2025-08-22T21:29:30Z,2025-08-09T23:41:20Z,2025-08-30T22:52:00Z,2025-09-20T03:55:27Z
FC-00687,S145,2025-08-22T22:53:39Z,44.0,357.0,43.0,28.23,352.0,1628.0,1,2025-08-22T12:52:37Z,2025-08-22T15:17:08Z,2025-08-22T22:19:08Z,2025-08-11T03:07:06Z,2025-08-30T06:57:19Z,2025-09-06T18:06:12Z
FC-00688,S158,2025-08-23T00:22:30Z,48.0,281.0,31.0,24.02,268.0,1259.0,1,2025-08-22T07:44:59Z,2025-08-22T13:58:32Z,2025-08-22T23:08:29Z,2025-08-14T17:33:26Z,2025-08-30T01:33:11Z,2025-09-04T04:15:31Z
FC-00689,S146,2025-08-23T01:26:19Z,26.0,231.0,29.0,32.96,216.0,825.0,0,2025-08-22T19:22:09Z,2025-08-22T22:36:01Z,2025-08-22T23:47:19Z,2025-08-13T08:45:31Z,2025-08-30T17:50:52Z,2025-09-14T18:46:00Z
FC-00690,S125,2025-08-23T01:38:07Z,27.0,152.0,37.0,32.86,134.0,729.0,0,2025-08-22T07:35:32Z,2025-08-22T13:36:32Z,2025-08-23T00:03:29Z,2025-08-21T19:35:10Z,2025-08-30T06:59:20Z,2025-09-07T13:55:29Z
FC-00691,S118,2025-08-23T02:38:13Z,32.0,204.0,26.0,37.08,190.0,884.0,1,2025-08-22T13:00:07Z,2025-08-22T20:07:10Z,2025-08-23T01:32:23Z,2025-08-10T11:22:04Z,2025-08-30T20:01:39Z,2025-09-05T17:09:33Z
FC-00692,S124,2025-08-23T05:44:26Z,35.0,291.0,70.0,38.11,282.0,1317.0,0,2025-08-23T03:13:13Z,2025-08-22T18:03:04Z,2025-08-23T05:11:35Z,2025-08-21T23:26:44Z,2025-08-30T13:27:39Z,2025-08-28T17:59:57Z
FC-00693,S128,2025-08-23T06:35:58Z,71.0,400.0,75.0,12.13,482.0,2061.0,0,2025-08-23T03:47:42Z,2025-08-22T13:08:22Z,2025-08-23T05:58:31Z,2025-08-14T09:45:06Z,2025-08-30T23:27:08Z,2025-09-17T21:58:04Z
FC-00694,S118,2025-08-23T06:42:31Z,21.0,119.0,17.0,9.27,120.0,511.0,0,2025-08-22T19:47:06Z,2025-08-22T15:40:43Z,2025-08-23T06:01:00Z,2025-08-17T06:30:10Z,2025-08-30T07:25:50Z,2025-08-30T00:52:39Z
FC-00695,S153,2025-08-23T07:10:26Z,24.0,177.0,49.0,3.6,203.0,834.0,0,2025-08-22T11:21:03Z,2025-08-22T16:07:44Z,2025-08-23T06:00:38Z,2025-08-14T11:00:09Z,2025-08-30T22:21:29Z,2025-08-28T12:04:04Z
FC-00696,S128,2025-08-23T07:22:20Z,48.0,293.0,37.0,39.42,367.0,1326.0,1,2025-08-23T05:04:46Z,2025-08-22T22:29:38Z,2025-08-23T06:38:33Z,2025-08-19T01:42:34Z,2025-08-31T06:40:31Z,2025-09-12T11:38:12Z
FC-00697,S146,2025-08-23T08:01:10Z,36.0,252.0,33.0,3.27,210.0,1002.0,0,2025-08-23T04:49:39Z,2025-08-22T14:43:52Z,2025-08-23T07:16:24Z,2025-08-18T02:51:40Z,2025-08-30T19:52:03Z,2025-09-07T13:46:15Z
FC-00698,S113,2025-08-23T08:48:42Z,63.0,449.0,56.0,4.17,505.0,1867.0,1,2025-08-23T01:15:01Z,2025-08-23T05:27:17Z,2025-08-23T06:50:06Z,2025-08-15T00:37:25Z,2025-08-30T18:46:38Z,2025-09-18T22:30:02Z
FC-00699,S108,2025-08-23T08:57:51Z,33.0,238.0,65.0,16.92,253.0,1063.0,0,2025-08-23T06:17:42Z,2025-08-23T02:43:00Z,2025-08-23T07:46:42Z,2025-08-12T15:48:45Z,2025-08-30T17:02:29Z,2025-09-08T23:59:35Z
FC-00700,S133,2025-08-23T09:14:10Z,27.0,193.0,40.0,35.19,170.0,805.0,0,2025-08-23T04:29:25Z,2025-08-22T22:15:55Z,2025-08-23T07:15:58Z,2025-08-13T02:37:05Z,2025-08-31T05:28:01Z,2025-09-22T03:56:06Z
FC-00701,S120,2025-08-23T09:37:56Z,65.0,505.0,43.0,11.15,371.0,2214.0,1,2025-08-22T18:50:52Z,2025-08-22T18:46:39Z,2025-08-23T08:01:55Z,2025-08-21T11:00:08Z,2025-08-31T04:57:41Z,2025-09-06T04:26:43Z
FC-00702,S107,2025-08-23T10:12:26Z,45.0,355.0,58.0,24.91,307.0,1298.0,0,2025-08-23T07:06:09Z,2025-08-23T00:26:57Z,2025-08-23T09:35:56Z,2025-08-13T19:05:21Z,2025-08-31T05:32:33Z,2025-09-11T01:12:31Z
FC-00703,S155,2025-08-23T10:57:40Z,28.0,220.0,53.0,14.05,225.0,1015.0,0,2025-08-23T06:40:46Z,2025-08-23T07:30:58Z,2025-08-23T09:48:33Z,2025-08-19T06:44:24Z,2025-08-31T07:20:22Z,2025-09-06T16:09:11Z
FC-00704,S145,2025-08-23T11:54:27Z,11.0,92.0,18.0,32.29,96.0,399.0,0,2025-08-23T07:54:57Z,2025-08-23T00:14:36Z,2025-08-23T10:44:33Z,2025-08-13T11:02:26Z,2025-08-30T13:43:51Z,2025-09-05T04:22:39Z
FC-00705,S120,2025-08-23T12:44:43Z,24.0,146.0,25.0,10.63,144.0,624.0,0,2025-08-22T23:38:24Z,2025-08-23T06:22:59Z,2025-08-23T10:52:24Z,2025-08-14T02:06:59Z,2025-08-31T12:03:03Z,2025-09-22T06:56:33Z
FC-00706,S133,2025-08-23T13:16:32Z,42.0,234.0,42.0,15.54,253.0,1215.0,0,2025-08-23T05:37:15Z,2025-08-22T17:49:46Z,2025-08-23T12:04:36Z,2025-08-14T22:41:50Z,2025-08-31T01:36:31Z,2025-09-02T20:29:37Z
FC-00707,S112,2025-08-23T14:19:11Z,15.0,96.0,16.0,9.95,104.0,396.0,0,2025-08-23T09:34:30Z,2025-08-23T03:33:42Z,2025-08-23T14:05:34Z,2025-08-21T20:05:36Z,2025-08-30T16:14:37Z,2025-09-01T07:39:25Z
FC-00708,S159,2025-08-23T16:00:00Z,49.0,413.0,41.0,25.64,376.0,1655.0,1,2025-08-23T10:17:45Z,2025-08-23T01:27:14Z,2025-08-23T15:15:37Z,2025-08-22T06:43:02Z,2025-08-31T11:32:03Z,2025-09-03T16:18:15Z
FC-00709,S154,2025-08-23T16:16:30Z,53.0,439.0,90.0,32.87,408.0,1644.0,0,2025-08-23T01:44:51Z,2025-08-23T04:16:32Z,2025-08-23T15:39:50Z,2025-08-16T12:18:38Z,2025-08-31T10:37:20Z,2025-08-28T18:44:03Z
FC-00710,S111,2025-08-23T16:20:27Z,42.0,250.0,38.0,14.81,210.0,1172.0,0,2025-08-22T21:45:24Z,2025-08-23T10:25:28Z,2025-08-23T15:38:09Z,2025-08-12T09:09:46Z,2025-08-30T23:18:10Z,2025-09-03T02:05:04Z
FC-00711,S112,2025-08-23T17:22:18Z,61.0,341.0,86.0,8.13,343.0,1833.0,0,2025-08-23T14:46:14Z,2025-08-23T04:01:37Z,2025-08-23T16:37:10Z,2025-08-19T11:50:49Z,2025-08-31T10:11:19Z,2025-09-01T05:44:03Z
FC-00712,S132,2025-08-23T17:43:59Z,45.0,314.0,41.0,9.21,270.0,1210.0,0,2025-08-23T04:30:46Z,2025-08-23T07:26:03Z,2025-08-23T17:30:59Z,2025-08-10T20:07:52Z,2025-08-30T20:55:04Z,2025-09-01T20:25:53Z
FC-00713,S134,2025-08-23T17:48:11Z,89.0,619.0,137.0,8.62,754.0,2808.0,0,2025-08-22T22:49:43Z,2025-08-22T22:14:52Z,2025-08-23T15:55:57Z,2025-08-20T04:08:26Z,2025-08-30T20:49:15Z,2025-09-04T11:26:23Z
FC-00714,S103,2025-08-23T18:30:39Z,30.0,249.0,32.0,5.84,229.0,1100.0,1,2025-08-23T00:58:45Z,2025-08-22T23:21:10Z,2025-08-23T17:24:42Z,2025-08-19T21:54:12Z,2025-08-31T05:22:38Z,2025-09-18T11:10:25Z
FC-00715,S149,2025-08-23T20:10:54Z,57.0,516.0,64.0,17.56,411.0,2070.0,0,2025-08-23T00:37:01Z,2025-08-23T11:44:27Z,2025-08-23T18:23:47Z,2025-08-14T01:50:44Z,2025-08-31T19:05:26Z,2025-09-18T23:03:58Z
FC-00716,S123,2025-08-23T20:41:53Z,70.0,472.0,55.0,8.4,560.0,2115.0,1,2025-08-23T11:01:42Z,2025-08-23T15:28:37Z,2025-08-23T20:28:08Z,2025-08-20T15:37:15Z,2025-08-31T02:21:24Z,2025-09-07T05:33:57Z
FC-00717,S127,2025-08-23T20:43:59Z,41.0,337.0,76.0,9.7,246.0,1251.0,0,2025-08-23T02:37:40Z,2025-08-23T11:59:43Z,2025-08-23T19:46:37Z,2025-08-10T01:41:26Z,2025-08-31T09:19:59Z,2025-09-04T16:05:25Z
FC-00718,S139,2025-08-23T21:03:02Z,79.0,569.0,94.0,2.49,394.0,2300.0,0,2025-08-23T02:31:10Z,2025-08-23T03:46:02Z,2025-08-23T19:45:15Z,2025-08-11T19:42:13Z,2025-08-31T12:00:42Z,2025-09-19T04:50:43Z
FC-00719,S102,2025-08-23T21:49:57Z,59.0,362.0,64.0,15.22,360.0,1650.0,0,2025-08-23T10:12:03Z,2025-08-23T16:59:05Z,2025-08-23T21:21:56Z,2025-08-13T02:13:01Z,2025-08-31T12:37:21Z,2025-09-18T10:14:08Z
FC-00720,S107,2025-08-23T22:28:48Z,90.0,685.0,71.0,18.54,609.0,2575.0,1,2025-08-23T12:15:11Z,2025-08-23T18:54:23Z,2025-08-23T22:05:39Z,2025-08-12T11:32:00Z,2025-08-31T03:19:26Z,2025-09-22T01:20:30Z
FC-00721,S135,2025-08-24T00:42:25Z,49.0,393.0,87.0,39.36,449.0,1661.0,0,2025-08-23T15:33:46Z,2025-08-23T13:15:05Z,2025-08-23T23:08:14Z,2025-08-11T21:45:24Z,2025-08-31T08:04:17Z,2025-09-13T21:13:10Z
FC-00722,S159,2025-08-24T00:55:46Z,24.0,182.0,22.0,34.8,194.0,754.0,1,2025-08-23T05:47:38Z,2025-08-23T18:58:11Z,2025-08-23T23:18:37Z,2025-08-16T12:25:25Z,2025-08-31T19:58:47Z,2025-08-31T15:07:32Z
FC-00723,S119,2025-08-24T01:36:40Z,30.0,173.0,23.0,37.69,195.0,919.0,1,2025-08-23T19:56:56Z,2025-08-23T16:54:54Z,2025-08-24T01:11:12Z,2025-08-10T11:47:41Z,2025-08-31T16:35:31Z,2025-09-16T19:30:25Z
FC-00724,S122,2025-08-24T02:13:31Z,60.0,401.0,87.0,29.73,349.0,1472.0,0,2025-08-23T09:50:34Z,2025-08-23T14:54:21Z,2025-08-24T00:51:49Z,2025-08-11T16:21:40Z,2025-08-31T05:29:18Z,2025-09-07T13:47:55Z
FC-00725,S130,2025-08-24T02:17:34Z,54.0,443.0,38.0,3.1,425.0,1656.0,1,2025-08-23T09:05:34Z,2025-08-23T10:35:41Z,2025-08-24T01:12:23Z,2025-08-15T22:33:38Z,2025-08-31T04:03:52Z,2025-09-10T05:20:23Z
FC-00726,S124,2025-08-24T02:33:53Z,50.0,355.0,63.0,39.81,425.0,1574.0,0,2025-08-23T17:12:14Z,2025-08-23T10:58:56Z,2025-08-24T02:15:22Z,2025-08-22T13:38:56Z,2025-08-31T11:39:37Z,2025-09-20T10:14:20Z
FC-00727,S130,2025-08-24T03:21:45Z,96.0,533.0,127.0,6.8,569.0,2676.0,0,2025-08-23T11:13:54Z,2025-08-23T10:23:07Z,2025-08-24T02:46:00Z,2025-08-14T09:04:40Z,2025-08-31T11:23:53Z,2025-09-03T19:15:03Z
FC-00728,S110,2025-08-24T03:54:38Z,50.0,380.0,56.0,12.77,367.0,1642.0,0,2025-08-23T19:57:05Z,2025-08-23T14:00:49Z,2025-08-24T03:42:39Z,2025-08-16T00:19:12Z,2025-08-31T06:31:38Z,2025-09-14T09:42:28Z
FC-00729,S101,2025-08-24T04:02:57Z,18.0,134.0,36.0,4.13,150.0,626.0,0,2025-08-24T00:25:11Z,2025-08-23T21:13:03Z,2025-08-24T02:21:23Z,2025-08-19T18:28:29Z,2025-08-31T23:49:49Z,2025-09-08T19:19:51Z
FC-00730,S143,2025-08-24T04:03:18Z,39.0,312.0,61.0,13.5,306.0,1170.0,0,2025-08-23T08:10:52Z,2025-08-23T20:59:53Z,2025-08-24T02:39:49Z,2025-08-11T13:38:54Z,2025-09-01T00:11:56Z,2025-09-17T20:18:42Z
FC-00731,S113,2025-08-24T04:21:27Z,50.0,333.0,67.0,33.05,348.0,1315.0,0,2025-08-24T01:43:42Z,2025-08-23T13:14:37Z,2025-08-24T04:14:56Z,2025-08-14T06:36:44Z,2025-08-31T09:05:42Z,2025-09-10T13:44:23Z
FC-00732,S149,2025-08-24T04:24:11Z,22.0,162.0,41.0,25.45,182.0,859.0,0,2025-08-23T10:03:04Z,2025-08-24T01:47:16Z,2025-08-24T03:43:56Z,2025-08-18T11:59:43Z,2025-08-31T15:40:44Z,2025-09-18T12:19:40Z
FC-00733,S111,2025-08-24T05:22:01Z,38.0,283.0,51.0,12.94,308.0,1303.0,0,2025-08-23T18:01:38Z,2025-08-23T18:33:29Z,2025-08-24T04:29:49Z,2025-08-22T17:08:47Z,2025-08-31T12:37:35Z,2025-08-31T14:34:26Z
FC-00734,S130,2025-08-24T06:10:04Z,18.0,134.0,18.0,30.85,147.0,605.0,0,2025-08-23T21:19:37Z,2025-08-23T23:42:47Z,2025-08-24T04:38:45Z,2025-08-21T19:50:24Z,2025-08-31T22:26:44Z,2025-09-01T11:50:18Z
FC-00735,S120,2025-08-24T06:24:13Z,71.0,421.0,60.0,14.15,394.0,2024.0,1,2025-08-24T00:24:53Z,2025-08-23T15:43:02Z,2025-08-24T05:27:07Z,2025-08-15T20:19:26Z,2025-08-31T11:39:02Z,2025-09-17T21:46:44Z
FC-00736,S141,2025-08-24T08:29:03Z,35.0,235.0,53.0,21.57,208.0,979.0,0,2025-08-23T19:13:10Z,2025-08-23T23:38:40Z,2025-08-24T07:53:27Z,2025-08-15T18:39:41Z,2025-08-31T10:44:09Z,2025-09-20T17:02:41Z
FC-00737,S115,2025-08-24T09:04:50Z,21.0,104.0,26.0,15.72,127.0,499.0,0,2025-08-24T02:50:24Z,2025-08-23T17:53:54Z,2025-08-24T08:35:59Z,2025-08-10T17:30:24Z,2025-08-31T15:18:10Z,2025-09-14T03:31:37Z
FC-00738,S107,2025-08-24T09:36:50Z,31.0,254.0,54.0,5.9,252.0,968.0,0,2025-08-23T15:23:39Z,2025-08-23T16:02:37Z,2025-08-24T09:02:58Z,2025-08-16T00:44:20Z,2025-08-31T14:30:23Z,2025-09-21T23:42:00Z
FC-00739,S122,2025-08-24T10:23:27Z,49.0,351.0,39.0,33.31,361.0,1270.0,1,2025-08-23T20:12:07Z,2025-08-23T19:58:44Z,2025-08-24T10:01:15Z,2025-08-22T10:09:12Z,2025-08-31T22:46:50Z,2025-09-03T03:08:55Z
FC-00740,S107,2025-08-24T10:42:58Z,92.0,480.0,105.0,25.25,475.0,2497.0,0,2025-08-24T06:30:24Z,2025-08-24T04:37:31Z,2025-08-24T09:42:05Z,2025-08-14T20:09:18Z,2025-08-31T14:08:58Z,2025-09-11T17:07:13Z
FC-00741,S127,2025-08-24T11:02:45Z,37.0,270.0,59.0,18.76,302.0,1185.0,0,2025-08-24T00:34:11Z,2025-08-24T07:22:20Z,2025-08-24T10:06:53Z,2025-08-22T15:14:36Z,2025-09-01T03:24:36Z,2025-09-06T07:16:01Z
FC-00742,S141,2025-08-24T12:39:01Z,38.0,260.0,44.0,20.32,241.0,1245.0,0,2025-08-24T07:30:41Z,2025-08-23T19:05:21Z,2025-08-24T11:53:52Z,2025-08-13T13:24:02Z,2025-09-01T09:32:38Z,2025-09-20T18:31:35Z
FC-00743,S145,2025-08-24T13:03:01Z,14.0,93.0,25.0,2.17,113.0,451.0,0,2025-08-24T00:53:37Z,2025-08-24T07:24:50Z,2025-08-24T12:43:58Z,2025-08-16T14:18:38Z,2025-08-31T17:29:23Z,2025-09-15T12:27:57Z
FC-00744,S113,2025-08-24T13:28:52Z,68.0,451.0,40.0,8.83,443.0,1746.0,1,2025-08-24T08:55:37Z,2025-08-23T22:20:27Z,2025-08-24T12:18:33Z,2025-08-14T11:34:38Z,2025-08-31T14:06:37Z,2025-09-08T07:03:49Z
FC-00745,S122,2025-08-24T13:40:19Z,42.0,291.0,54.0,18.25,259.0,1157.0,0,2025-08-23T21:25:46Z,2025-08-24T02:33:09Z,2025-08-24T12:54:31Z,2025-08-21T15:56:44Z,2025-09-01T13:32:18Z,2025-09-14T18:25:00Z
FC-00746,S115,2025-08-24T14:51:23Z,48.0,357.0,83.0,33.81,332.0,1681.0,0,2025-08-23T20:17:03Z,2025-08-23T20:21:09Z,2025-08-24T13:25:11Z,2025-08-11T00:38:13Z,2025-09-01T09:38:24Z,2025-09-23T09:12:42Z
FC-00747,S128,2025-08-24T15:15:12Z,20.0,142.0,27.0,5.18,134.0,611.0,0,2025-08-24T00:00:42Z,2025-08-24T10:37:31Z,2025-08-24T14:12:35Z,2025-08-15T20:41:45Z,2025-08-31T23:57:57Z,2025-09-13T20:39:06Z
FC-00748,S136,2025-08-24T15:43:53Z,39.0,325.0,68.0,9.72,346.0,1401.0,0,2025-08-24T00:17:44Z,2025-08-23T21:55:44Z,2025-08-24T14:13:07Z,2025-08-10T19:06:56Z,2025-09-01T11:37:21Z,2025-09-22T00:32:31Z
FC-00749,S106,2025-08-24T16:32:17Z,71.0,501.0,65.0,26.43,561.0,2338.0,1,2025-08-23T20:36:47Z,2025-08-24T04:20:12Z,2025-08-24T16:05:57Z,2025-08-12T06:11:53Z,2025-09-01T03:38:03Z,2025-09-15T13:33:49Z
FC-00750,S152,2025-08-24T18:42:56Z,30.0,229.0,29.0,17.88,200.0,1079.0,1,2025-08-24T09:32:09Z,2025-08-24T14:01:25Z,2025-08-24T17:30:10Z,2025-08-21T03:45:47Z,2025-09-01T15:55:05Z,2025-09-02T19:37:22Z
FC-00751,S146,2025-08-24T19:37:20Z,29.0,214.0,50.0,17.13,189.0,814.0,0,2025-08-24T01:00:36Z,2025-08-24T01:50:50Z,2025-08-24T19:02:53Z,2025-08-22T09:46:31Z,2025-09-01T11:42:20Z,2025-09-09T02:54:22Z
FC-00752,S152,2025-08-24T19:37:37Z,74.0,506.0,118.0,19.5,519.0,2307.0,0,2025-08-24T12:58:01Z,2025-08-24T11:35:58Z,2025-08-24T18:30:50Z,2025-08-19T01:26:18Z,2025-08-31T23:09:25Z,2025-09-18T03:01:56Z
FC-00753,S124,2025-08-24T19:41:54Z,47.0,341.0,53.0,16.86,342.0,1445.0,0,2025-08-24T02:03:17Z,2025-08-24T09:39:49Z,2025-08-24T19:15:24Z,2025-08-14T11:11:32Z,2025-09-01T15:14:28Z,2025-09-02T00:01:43Z
FC-00754,S107,2025-08-24T20:32:50Z,59.0,547.0,93.0,5.37,394.0,2197.0,0,2025-08-24T03:53:10Z,2025-08-24T09:58:21Z,2025-08-24T20:24:17Z,2025-08-15T18:01:48Z,2025-09-01T15:14:42Z,2025-09-18T10:39:06Z
FC-00755,S100,2025-08-24T20:34:06Z,23.0,209.0,48.0,24.26,207.0,838.0,0,2025-08-24T04:13:47Z,2025-08-24T10:36:55Z,2025-08-24T19:10:39Z,2025-08-16T00:23:46Z,2025-08-31T22:08:45Z,2025-09-10T11:13:52Z
FC-00756,S105,2025-08-24T22:39:26Z,34.0,324.0,28.0,6.45,287.0,1224.0,1,2025-08-24T07:43:52Z,2025-08-24T09:20:32Z,2025-08-24T21:10:17Z,2025-08-14T15:22:50Z,2025-09-01T00:06:32Z,2025-09-11T12:39:11Z
FC-00757,S133,2025-08-24T22:49:07Z,46.0,343.0,34.0,9.26,440.0,1418.0,1,2025-08-24T10:48:46Z,2025-08-24T14:06:44Z,2025-08-24T21:24:28Z,2025-08-23T10:51:59Z,2025-09-01T13:43:12Z,2025-09-22T22:30:42Z
FC-00758,S122,2025-08-24T22:49:38Z,64.0,458.0,49.0,38.36,366.0,1855.0,1,2025-08-24T20:21:44Z,2025-08-24T10:09:13Z,2025-08-24T22:05:08Z,2025-08-15T00:45:32Z,2025-09-01T08:15:14Z,2025-09-11T19:52:27Z
FC-00759,S141,2025-08-25T01:03:55Z,42.0,241.0,47.0,33.35,313.0,1173.0,0,2025-08-24T13:47:29Z,2025-08-24T07:32:33Z,2025-08-24T23:07:04Z,2025-08-21T14:37:41Z,2025-09-01T16:23:15Z,2025-09-04T04:05:22Z
FC-00760,S155,2025-08-25T01:04:47Z,35.0,270.0,30.0,32.04,194.0,994.0,1,2025-08-24T05:14:55Z,2025-08-24T09:02:00Z,2025-08-25T00:03:07Z,2025-08-14T06:06:35Z,2025-09-01T10:06:44Z,2025-09-20T00:23:02Z
FC-00761,S105,2025-08-25T02:27:07Z,23.0,169.0,46.0,32.37,165.0,874.0,0,2025-08-24T13:40:16Z,2025-08-24T13:06:22Z,2025-08-25T00:53:35Z,2025-08-14T16:51:49Z,2025-09-01T09:26:51Z,2025-09-10T05:52:51Z
FC-00762,S115,2025-08-25T02:31:29Z,34.0,287.0,30.0,36.08,253.0,1052.0,1,2025-08-24T11:12:29Z,2025-08-24T06:42:45Z,2025-08-25T02:16:00Z,2025-08-15T16:21:50Z,2025-09-01T02:46:04Z,2025-09-02T21:19:54Z
FC-00763,S103,2025-08-25T03:43:36Z,25.0,170.0,33.0,17.08,183.0,799.0,0,2025-08-25T00:47:15Z,2025-08-24T15:53:32Z,2025-08-25T02:36:39Z,2025-08-15T16:38:32Z,2025-09-01T14:08:03Z,2025-09-05T15:22:42Z
FC-00764,S108,2025-08-25T04:02:14Z,46.0,331.0,93.0,14.43,339.0,1524.0,0,2025-08-24T12:19:04Z,2025-08-24T13:08:56Z,2025-08-25T03:42:30Z,2025-08-21T17:04:01Z,2025-09-01T18:44:13Z,2025-09-06T12:25:59Z
FC-00765,S158,2025-08-25T05:22:43Z,52.0,430.0,83.0,22.52,400.0,1772.0,0,2025-08-24T18:55:36Z,2025-08-25T00:29:37Z,2025-08-25T04:45:58Z,2025-08-21T08:45:47Z,2025-09-01T17:29:32Z,2025-08-31T12:06:04Z
FC-00766,S137,2025-08-25T05:24:02Z,19.0,142.0,26.0,15.72,125.0,567.0,0,2025-08-25T01:07:04Z,2025-08-24T23:01:03Z,2025-08-25T03:26:06Z,2025-08-14T10:03:47Z,2025-09-02T03:10:52Z,2025-08-31T09:06:34Z
FC-00767,S153,2025-08-25T06:57:18Z,94.0,628.0,56.0,11.16,510.0,2202.0,1,2025-08-24T15:51:44Z,2025-08-24T19:38:19Z,2025-08-25T05:38:33Z,2025-08-17T12:01:15Z,2025-09-01T17:55:39Z,2025-08-31T05:59:47Z
FC-00768,S134,2025-08-25T08:13:45Z,24.0,211.0,45.0,9.46,166.0,857.0,0,2025-08-24T20:57:01Z,2025-08-24T12:38:47Z,2025-08-25T07:21:32Z,2025-08-15T17:10:28Z,2025-09-02T04:18:37Z,2025-09-06T14:34:16Z
FC-00769,S134,2025-08-25T08:35:36Z,55.0,353.0,58.0,35.08,409.0,1755.0,0,2025-08-25T02:45:41Z,2025-08-24T17:16:21Z,2025-08-25T06:37:51Z,2025-08-20T10:06:42Z,2025-09-02T05:55:27Z,2025-09-02T11:46:52Z
FC-00770,S140,2025-08-25T08:46:30Z,22.0,154.0,16.0,10.27,164.0,748.0,1,2025-08-24T22:01:15Z,2025-08-24T16:32:24Z,2025-08-25T07:19:57Z,2025-08-16T01:30:04Z,2025-09-01T17:41:27Z,2025-09-14T03:14:12Z
FC-00771,S115,2025-08-25T09:57:08Z,30.0,202.0,42.0,23.05,188.0,783.0,0,2025-08-24T22:23:41Z,2025-08-24T15:32:35Z,2025-08-25T09:02:45Z,2025-08-12T00:51:35Z,2025-09-02T08:44:00Z,2025-09-20T06:28:42Z
FC-00772,S159,2025-08-25T12:17:29Z,44.0,353.0,58.0,11.07,429.0,1613.0,0,2025-08-25T03:49:32Z,2025-08-24T17:36:45Z,2025-08-25T11:40:32Z,2025-08-18T22:54:53Z,2025-09-02T00:51:08Z,2025-09-09T05:26:14Z
FC-00773,S100,2025-08-25T13:01:38Z,53.0,433.0,68.0,30.01,351.0,1570.0,0,2025-08-25T00:14:49Z,2025-08-25T07:16:12Z,2025-08-25T11:33:16Z,2025-08-20T01:34:53Z,2025-09-01T18:59:41Z,2025-09-07T02:41:56Z
FC-00774,S134,2025-08-25T13:28:24Z,74.0,542.0,87.0,27.66,414.0,1934.0,0,2025-08-25T08:45:33Z,2025-08-24T17:59:54Z,2025-08-25T11:33:53Z,2025-08-16T08:49:54Z,2025-09-01T16:12:46Z,2025-09-18T10:26:33Z
FC-00775,S119,2025-08-25T13:30:19Z,90.0,549.0,124.0,35.98,537.0,2508.0,0,2025-08-24T19:46:30Z,2025-08-24T18:57:30Z,2025-08-25T13:11:49Z,2025-08-14T04:24:07Z,2025-09-02T12:06:37Z,2025-09-10T23:06:16Z
FC-00776,S103,2025-08-25T13:32:04Z,52.0,309.0,65.0,25.72,278.0,1569.0,0,2025-08-25T05:13:06Z,2025-08-24T23:27:27Z,2025-08-25T11:55:17Z,2025-08-14T02:20:10Z,2025-09-02T03:19:31Z,2025-09-03T06:24:30Z
FC-00777,S110,2025-08-25T13:49:30Z,60.0,379.0,85.0,6.86,434.0,2049.0,0,2025-08-25T09:41:33Z,2025-08-25T10:28:25Z,2025-08-25T12:40:07Z,2025-08-17T20:04:24Z,2025-09-01T21:59:23Z,2025-09-01T16:58:48Z
FC-00778,S126,2025-08-25T14:00:31Z,37.0,303.0,39.0,23.11,326.0,1156.0,1,2025-08-24T20:56:42Z,2025-08-25T00:29:14Z,2025-08-25T13:32:59Z,2025-08-17T03:24:00Z,2025-09-02T08:42:45Z,2025-09-04T16:18:45Z
FC-00779,S142,2025-08-25T14:07:33Z,14.0,111.0,16.0,3.16,99.0,491.0,0,2025-08-24T22:20:59Z,2025-08-24T22:35:32Z,2025-08-25T12:39:26Z,2025-08-20T18:52:23Z,2025-09-02T07:09:08Z,2025-09-11T22:59:33Z
FC-00780,S105,2025-08-25T15:49:07Z,46.0,286.0,43.0,23.49,235.0,1089.0,0,2025-08-25T07:07:45Z,2025-08-25T06:07:58Z,2025-08-25T15:17:54Z,2025-08-20T02:20:16Z,2025-09-02T07:21:59Z,2025-09-04T08:43:31Z
FC-00781,S157,2025-08-25T15:53:40Z,30.0,282.0,43.0,31.93,239.0,1066.0,0,2025-08-25T08:34:34Z,2025-08-25T11:59:40Z,2025-08-25T14:06:36Z,2025-08-16T06:28:02Z,2025-09-02T10:42:07Z,2025-09-18T09:34:13Z
FC-00782,S137,2025-08-25T16:27:41Z,89.0,727.0,161.0,31.74,628.0,2657.0,0,2025-08-25T08:11:05Z,2025-08-25T07:40:49Z,2025-08-25T14:58:49Z,2025-08-21T01:00:51Z,2025-09-02T07:04:04Z,2025-08-31T02:06:00Z
FC-00783,S111,2025-08-25T16:58:42Z,54.0,300.0,81.0,24.97,329.0,1486.0,0,2025-08-25T12:19:54Z,2025-08-25T06:34:13Z,2025-08-25T15:47:50Z,2025-08-21T04:44:34Z,2025-09-02T10:36:08Z,2025-09-07T08:50:16Z
FC-00784,S111,2025-08-25T18:13:36Z,215.0,1439.0,314.0,12.31,1077.0,5327.0,0,2025-08-25T03:30:33Z,2025-08-25T05:48:24Z,2025-08-25T16:56:01Z,2025-08-21T02:50:44Z,2025-09-02T04:58:12Z,2025-09-02T00:17:49Z
FC-00785,S136,2025-08-25T18:25:47Z,22.0,146.0,35.0,22.05,155.0,607.0,0,2025-08-25T16:14:27Z,2025-08-25T08:55:20Z,2025-08-25T17:51:01Z,2025-08-18T02:13:58Z,2025-09-02T12:48:08Z,2025-09-11T17:03:34Z
FC-00786,S111,2025-08-25T20:15:43Z,61.0,494.0,117.0,21.92,437.0,1817.0,0,2025-08-25T02:11:31Z,2025-08-25T11:23:59Z,2025-08-25T19:57:52Z,2025-08-23T00:42:41Z,2025-09-02T01:47:39Z,2025-09-01T11:24:27Z
FC-00787,S134,2025-08-25T20:25:07Z,52.0,281.0,44.0,26.89,297.0,1220.0,0,2025-08-25T01:01:32Z,2025-08-25T14:17:16Z,2025-08-25T19:39:14Z,2025-08-22T10:40:36Z,2025-09-01T22:15:24Z,2025-09-15T13:20:52Z
FC-00788,S104,2025-08-25T20:44:40Z,26.0,169.0,17.0,31.05,170.0,728.0,1,2025-08-25T07:17:14Z,2025-08-25T11:28:07Z,2025-08-25T19:20:09Z,2025-08-18T03:39:09Z,2025-09-02T17:13:13Z,2025-09-23T09:48:58Z
FC-00789,S147,2025-08-25T21:46:46Z,65.0,446.0,55.0,4.57,495.0,2005.0,1,2025-08-25T04:10:49Z,2025-08-25T09:31:31Z,2025-08-25T20:58:32Z,2025-08-18T03:10:36Z,2025-09-02T16:03:24Z,2025-09-01T00:42:02Z
FC-00790,S142,2025-08-25T21:49:14Z,50.0,349.0,92.0,6.07,378.0,1631.0,0,2025-08-25T13:05:21Z,2025-08-25T09:10:50Z,2025-08-25T21:01:52Z,2025-08-14T13:27:58Z,2025-09-02T00:19:29Z,2025-09-02T11:20:13Z
FC-00791,S126,2025-08-25T22:02:12Z,80.0,476.0,122.0,35.6,546.0,2394.0,0,2025-08-25T08:59:55Z,2025-08-25T05:48:48Z,2025-08-25T20:45:55Z,2025-08-13T16:54:52Z,2025-09-02T19:42:25Z,2025-09-23T14:02:30Z
FC-00792,S130,2025-08-25T22:41:57Z,24.0,186.0,31.0,38.56,156.0,707.0,0,2025-08-25T10:28:09Z,2025-08-25T18:42:19Z,2025-08-25T21:49:10Z,2025-08-23T17:13:17Z,2025-09-02T08:37:40Z,2025-09-01T04:05:18Z
FC-00793,S135,2025-08-26T00:16:00Z,40.0,200.0,28.0,30.04,269.0,998.0,1,2025-08-25T17:58:16Z,2025-08-25T08:54:46Z,2025-08-26T00:05:19Z,2025-08-14T13:45:56Z,2025-09-02T13:52:07Z,2025-09-01T18:23:50Z
FC-00794,S110,2025-08-26T00:27:59Z,67.0,387.0,94.0,2.5,415.0,1758.0,0,2025-08-25T19:52:33Z,2025-08-25T19:51:49Z,2025-08-25T22:55:48Z,2025-08-17T06:43:48Z,2025-09-02T03:48:50Z,2025-09-05T00:10:53Z
FC-00795,S117,2025-08-26T00:33:57Z,46.0,424.0,68.0,28.7,417.0,1735.0,0,2025-08-25T10:37:54Z,2025-08-25T15:56:16Z,2025-08-25T23:02:36Z,2025-08-14T13:37:02Z,2025-09-02T05:36:59Z,2025-08-31T21:04:33Z
FC-00796,S113,2025-08-26T01:20:02Z,71.0,367.0,106.0,35.15,350.0,1991.0,0,2025-08-25T10:42:12Z,2025-08-25T05:36:37Z,2025-08-25T23:21:18Z,2025-08-19T20:46:49Z,2025-09-02T12:07:07Z,2025-09-21T05:47:06Z
FC-00797,S123,2025-08-26T01:34:11Z,34.0,243.0,38.0,25.53,193.0,970.0,0,2025-08-25T14:36:23Z,2025-08-25T09:19:34Z,2025-08-26T00:31:38Z,2025-08-19T15:40:53Z,2025-09-02T10:51:35Z,2025-09-14T09:39:55Z
FC-00798,S118,2025-08-26T02:30:48Z,25.0,191.0,19.0,23.28,196.0,768.0,1,2025-08-25T19:12:30Z,2025-08-25T10:07:23Z,2025-08-26T00:55:18Z,2025-08-17T23:03:46Z,2025-09-03T01:06:56Z,2025-09-07T10:49:18Z
FC-00799,S147,2025-08-26T02:33:41Z,75.0,464.0,74.0,4.72,494.0,1960.0,0,2025-08-25T13:37:50Z,2025-08-25T20:26:13Z,2025-08-26T02:02:21Z,2025-08-24T04:08:16Z,2025-09-02T06:03:27Z,2025-09-02T17:34:12Z
FC-00800,S100,2025-08-26T02:40:32Z,44.0,341.0,46.0,8.65,350.0,1577.0,0,2025-08-25T21:22:07Z,2025-08-25T09:44:58Z,2025-08-26T02:16:18Z,2025-08-15T00:15:56Z,2025-09-02T10:44:13Z,2025-09-23T05:57:02Z
FC-00801,S102,2025-08-26T03:10:06Z,60.0,316.0,36.0,17.58,342.0,1504.0,1,2025-08-25T11:41:57Z,2025-08-25T10:24:00Z,2025-08-26T02:19:11Z,2025-08-15T02:18:29Z,2025-09-02T20:46:29Z,2025-09-15T16:45:55Z
FC-00802,S128,2025-08-26T03:35:01Z,42.0,392.0,83.0,9.45,361.0,1538.0,0,2025-08-25T11:01:07Z,2025-08-25T09:48:06Z,2025-08-26T01:45:25Z,2025-08-24T10:00:55Z,2025-09-02T20:01:55Z,2025-09-24T16:47:11Z
FC-00803,S157,2025-08-26T03:59:13Z,34.0,213.0,30.0,34.32,212.0,998.0,0,2025-08-25T23:20:36Z,2025-08-25T23:08:43Z,2025-08-26T03:39:26Z,2025-08-18T17:30:13Z,2025-09-02T10:42:27Z,2025-09-09T22:53:56Z
FC-00804,S141,2025-08-26T04:39:07Z,57.0,398.0,62.0,7.98,442.0,1672.0,0,2025-08-25T15:13:48Z,2025-08-25T10:13:27Z,2025-08-26T04:09:52Z,2025-08-24T02:31:44Z,2025-09-02T11:39:28Z,2025-09-07T08:43:33Z
FC-00805,S125,2025-08-26T05:39:53Z,36.0,307.0,53.0,25.1,313.0,1112.0,0,2025-08-25T17:23:02Z,2025-08-25T11:04:52Z,2025-08-26T04:39:44Z,2025-08-17T01:27:17Z,2025-09-02T15:16:50Z,2025-09-12T07:43:04Z
FC-00806,S151,2025-08-26T07:20:24Z,52.0,421.0,79.0,19.79,471.0,1613.0,0,2025-08-25T23:33:46Z,2025-08-25T22:27:03Z,2025-08-26T07:02:13Z,2025-08-22T17:59:16Z,2025-09-03T02:39:16Z,2025-09-17T20:24:48Z
FC-00807,S135,2025-08-26T07:39:42Z,15.0,139.0,13.0,12.79,144.0,488.0,1,2025-08-25T18:34:49Z,2025-08-25T20:52:18Z,2025-08-26T06:49:29Z,2025-08-21T13:39:30Z,2025-09-02T12:19:18Z,2025-09-06T01:28:32Z
FC-00808,S135,2025-08-26T07:55:33Z,43.0,298.0,62.0,37.93,357.0,1177.0,0,2025-08-25T20:10:31Z,2025-08-26T04:36:08Z,2025-08-26T06:26:53Z,2025-08-24T23:44:05Z,2025-09-02T23:37:45Z,2025-09-11T03:40:40Z
FC-00809,S146,2025-08-26T08:30:29Z,49.0,272.0,48.0,15.32,358.0,1339.0,0,2025-08-26T00:46:47Z,2025-08-26T01:53:03Z,2025-08-26T08:02:09Z,2025-08-14T07:08:38Z,2025-09-02T19:17:56Z,2025-09-03T19:14:31Z
FC-00810,S124,2025-08-26T08:33:18Z,56.0,414.0,61.0,12.12,463.0,2241.0,0,2025-08-25T18:12:28Z,2025-08-25T14:24:31Z,2025-08-26T07:53:55Z,2025-08-16T01:45:41Z,2025-09-03T04:53:51Z,2025-09-17T13:49:44Z
FC-00811,S109,2025-08-26T08:40:15Z,39.0,313.0,69.0,24.55,304.0,1223.0,0,2025-08-25T20:25:36Z,2025-08-25T15:46:37Z,2025-08-26T06:43:25Z,2025-08-21T18:40:46Z,2025-09-02T10:07:08Z,2025-09-22T23:30:50Z
FC-00812,S141,2025-08-26T09:28:10Z,76.0,522.0,114.0,24.67,607.0,2397.0,0,2025-08-25T17:48:55Z,2025-08-25T15:07:10Z,2025-08-26T08:37:56Z,2025-08-23T04:08:07Z,2025-09-03T06:54:12Z,2025-08-31T22:06:44Z
FC-00813,S117,2025-08-26T10:31:47Z,23.0,162.0,21.0,23.0,151.0,584.0,0,2025-08-25T17:42:39Z,2025-08-26T08:24:59Z,2025-08-26T09:17:06Z,2025-08-17T23:56:06Z,2025-09-02T10:41:46Z,2025-08-31T19:46:00Z
FC-00814,S144,2025-08-26T10:35:06Z,16.0,148.0,24.0,33.5,122.0,625.0,0,2025-08-25T16:27:13Z,2025-08-26T01:18:35Z,2025-08-26T09:09:02Z,2025-08-23T17:49:29Z,2025-09-02T13:15:57Z,2025-09-02T23:03:33Z
FC-00815,S115,2025-08-26T11:11:03Z,54.0,372.0,68.0,33.32,486.0,1693.0,0,2025-08-26T05:51:26Z,2025-08-26T02:24:04Z,2025-08-26T10:59:03Z,2025-08-22T21:21:07Z,2025-09-03T00:25:09Z,2025-09-20T22:14:34Z
FC-00816,S110,2025-08-26T11:33:33Z,17.0,143.0,15.0,35.89,152.0,552.0,1,2025-08-25T21:39:05Z,2025-08-25T17:49:24Z,2025-08-26T10:52:12Z,2025-08-18T07:39:47Z,2025-09-02T20:34:26Z,2025-09-20T12:49:37Z
FC-00817,S157,2025-08-26T12:01:49Z,59.0,312.0,45.0,13.45,282.0,1400.0,1,2025-08-25T23:28:32Z,2025-08-26T04:56:44Z,2025-08-26T11:34:36Z,2025-08-22T06:35:38Z,2025-09-02T12:24:12Z,2025-09-10T23:01:01Z
FC-00818,S106,2025-08-26T12:48:17Z,37.0,316.0,29.0,7.89,278.0,1241.0,1,2025-08-25T23:17:42Z,2025-08-26T00:34:37Z,2025-08-26T12:32:08Z,2025-08-20T01:39:55Z,2025-09-03T06:24:19Z,2025-09-07T04:06:27Z
FC-00819,S151,2025-08-26T13:29:59Z,50.0,330.0,73.0,26.82,333.0,1247.0,0,2025-08-25T21:21:58Z,2025-08-26T00:40:04Z,2025-08-26T12:45:13Z,2025-08-17T18:09:23Z,2025-09-03T01:41:43Z,2025-09-19T15:09:16Z
FC-00820,S141,2025-08-26T13:55:43Z,43.0,256.0,37.0,29.19,259.0,1119.0,1,2025-08-25T21:11:53Z,2025-08-26T05:11:25Z,2025-08-26T11:57:39Z,2025-08-13T23:51:57Z,2025-09-03T06:40:50Z,2025-09-02T11:07:13Z
FC-00821,S110,2025-08-26T14:00:13Z,22.0,130.0,18.0,20.25,107.0,584.0,0,2025-08-26T04:48:35Z,2025-08-25T21:26:10Z,2025-08-26T12:49:24Z,2025-08-22T20:46:19Z,2025-09-03T01:30:34Z,2025-09-18T21:38:12Z
FC-00822,S120,2025-08-26T14:03:59Z,87.0,581.0,58.0,3.74,574.0,2474.0,1,2025-08-25T18:40:09Z,2025-08-25T22:36:51Z,2025-08-26T12:36:05Z,2025-08-13T18:48:57Z,2025-09-02T14:52:25Z,2025-09-06T00:07:50Z
FC-00823,S159,2025-08-26T14:37:17Z,95.0,704.0,128.0,5.07,687.0,3045.0,0,2025-08-25T22:17:29Z,2025-08-26T09:51:23Z,2025-08-26T13:31:43Z,2025-08-19T11:27:58Z,2025-09-02T14:52:35Z,2025-09-08T01:19:01Z
FC-00824,S153,2025-08-26T15:48:34Z,109.0,869.0,90.0,16.82,942.0,3675.0,1,2025-08-26T13:13:23Z,2025-08-26T04:09:29Z,2025-08-26T14:14:55Z,2025-08-25T13:18:13Z,2025-09-03T00:17:54Z,2025-09-25T12:41:02Z
FC-00825,S114,2025-08-26T16:18:48Z,23.0,205.0,26.0,39.32,146.0,856.0,0,2025-08-26T10:09:16Z,2025-08-26T00:55:25Z,2025-08-26T14:58:07Z,2025-08-18T13:08:26Z,2025-09-02T20:38:14Z,2025-08-31T17:38:11Z
FC-00826,S126,2025-08-26T16:29:47Z,24.0,161.0,37.0,35.0,164.0,648.0,0,2025-08-26T09:51:28Z,2025-08-26T11:43:06Z,2025-08-26T15:38:51Z,2025-08-16T11:00:43Z,2025-09-02T18:00:34Z,2025-09-12T02:39:56Z
FC-00827,S135,2025-08-26T16:42:19Z,44.0,323.0,82.0,14.15,327.0,1567.0,0,2025-08-26T13:07:59Z,2025-08-26T12:08:06Z,2025-08-26T16:05:55Z,2025-08-16T14:17:34Z,2025-09-03T00:09:18Z,2025-09-20T22:50:24Z
FC-00828,S138,2025-08-26T16:54:13Z,38.0,276.0,35.0,5.89,226.0,1065.0,0,2025-08-26T09:41:45Z,2025-08-26T09:40:03Z,2025-08-26T15:09:41Z,2025-08-21T11:35:08Z,2025-09-03T14:24:10Z,2025-09-08T08:06:49Z
FC-00829,S114,2025-08-26T16:56:46Z,96.0,709.0,114.0,4.66,601.0,2690.0,0,2025-08-25T21:45:07Z,2025-08-26T07:26:20Z,2025-08-26T14:57:56Z,2025-08-12T19:04:29Z,2025-09-03T13:50:36Z,2025-09-07T10:07:25Z
FC-00830,S119,2025-08-26T17:57:04Z,18.0,136.0,14.0,29.71,145.0,581.0,1,2025-08-26T11:36:39Z,2025-08-26T02:09:49Z,2025-08-26T16:51:10Z,2025-08-19T03:38:27Z,2025-09-03T09:58:18Z,2025-09-09T21:57:59Z
FC-00831,S102,2025-08-26T18:09:39Z,62.0,388.0,78.0,28.54,394.0,1631.0,0,2025-08-26T09:38:11Z,2025-08-26T06:52:29Z,2025-08-26T16:57:04Z,2025-08-17T10:58:16Z,2025-09-03T01:39:03Z,2025-09-13T02:20:21Z
FC-00832,S142,2025-08-26T19:05:52Z,39.0,301.0,62.0,8.21,312.0,1219.0,0,2025-08-26T14:38:19Z,2025-08-25T23:18:30Z,2025-08-26T17:44:52Z,2025-08-13T04:46:32Z,2025-09-03T00:48:05Z,2025-09-03T21:52:07Z
FC-00833,S115,2025-08-26T19:42:34Z,26.0,177.0,31.0,16.55,179.0,750.0,0,2025-08-26T15:44:43Z,2025-08-26T08:43:51Z,2025-08-26T17:50:58Z,2025-08-19T03:59:49Z,2025-09-02T22:48:59Z,2025-09-04T06:51:02Z
FC-00834,S151,2025-08-26T19:57:10Z,73.0,526.0,86.0,24.97,500.0,2299.0,0,2025-08-26T09:43:04Z,2025-08-26T13:37:01Z,2025-08-26T19:09:24Z,2025-08-23T10:16:25Z,2025-09-03T05:33:01Z,2025-09-10T12:07:45Z
FC-00835,S110,2025-08-26T19:59:21Z,33.0,252.0,29.0,26.32,293.0,1201.0,1,2025-08-26T11:06:30Z,2025-08-26T09:07:21Z,2025-08-26T19:13:49Z,2025-08-25T10:09:08Z,2025-09-02T23:05:53Z,2025-09-04T12:37:50Z
FC-00836,S127,2025-08-26T20:08:06Z,18.0,167.0,34.0,3.12,172.0,710.0,0,2025-08-26T13:59:24Z,2025-08-26T10:17:42Z,2025-08-26T19:14:23Z,2025-08-15T09:18:36Z,2025-09-03T11:29:46Z,2025-09-06T14:58:53Z
FC-00837,S132,2025-08-26T21:16:59Z,20.0,109.0,29.0,15.56,153.0,548.0,0,2025-08-26T15:38:11Z,2025-08-26T08:09:58Z,2025-08-26T20:27:08Z,2025-08-21T09:16:53Z,2025-09-03T05:11:21Z,2025-09-23T17:02:44Z
FC-00838,S140,2025-08-26T21:54:04Z,36.0,292.0,39.0,4.34,279.0,1095.0,0,2025-08-26T05:02:53Z,2025-08-26T10:47:28Z,2025-08-26T20:13:56Z,2025-08-16T06:09:42Z,2025-09-03T16:03:13Z,2025-09-24T07:09:10Z
FC-00839,S149,2025-08-26T22:08:27Z,41.0,362.0,31.0,12.06,412.0,1632.0,1,2025-08-26T04:54:00Z,2025-08-26T07:25:33Z,2025-08-26T21:32:45Z,2025-08-22T03:18:14Z,2025-09-03T18:57:16Z,2025-09-09T14:33:04Z
FC-00840,S150,2025-08-26T23:02:52Z,24.0,193.0,27.0,8.52,190.0,772.0,0,2025-08-26T06:43:14Z,2025-08-26T20:38:11Z,2025-08-26T21:23:39Z,2025-08-19T12:09:01Z,2025-09-03T16:35:11Z,2025-09-08T22:17:17Z
FC-00841,S110,2025-08-27T01:10:49Z,21.0,169.0,28.0,28.26,180.0,648.0,0,2025-08-26T16:59:50Z,2025-08-26T09:23:33Z,2025-08-27T00:30:06Z,2025-08-15T09:41:03Z,2025-09-03T02:50:44Z,2025-09-22T07:24:52Z
FC-00842,S130,2025-08-27T02:07:58Z,71.0,403.0,69.0,37.85,385.0,1792.0,0,2025-08-26T23:19:17Z,2025-08-26T18:30:57Z,2025-08-27T00:22:37Z,2025-08-21T00:26:19Z,2025-09-03T02:15:27Z,2025-09-04T04:06:33Z
FC-00843,S113,2025-08-27T02:55:50Z,32.0,204.0,43.0,30.77,210.0,993.0,0,2025-08-26T16:47:51Z,2025-08-26T15:32:09Z,2025-08-27T02:01:53Z,2025-08-21T14:19:50Z,2025-09-03T07:33:28Z,2025-09-15T03:46:16Z
FC-00844,S130,2025-08-27T03:15:08Z,51.0,366.0,85.0,17.99,363.0,1699.0,0,2025-08-26T08:38:39Z,2025-08-26T21:17:46Z,2025-08-27T02:05:06Z,2025-08-19T23:56:52Z,2025-09-03T06:00:09Z,2025-09-16T05:38:03Z
FC-00845,S144,2025-08-27T03:38:16Z,64.0,418.0,96.0,21.61,369.0,1547.0,0,2025-08-26T11:22:39Z,2025-08-26T16:22:59Z,2025-08-27T03:13:51Z,2025-08-13T08:06:42Z,2025-09-03T12:02:50Z,2025-09-20T09:44:09Z
FC-00846,S140,2025-08-27T04:17:33Z,75.0,465.0,118.0,8.1,533.0,2338.0,0,2025-08-26T08:32:12Z,2025-08-26T22:04:07Z,2025-08-27T02:38:46Z,2025-08-13T22:50:23Z,2025-09-03T19:23:02Z,2025-09-12T15:19:38Z
FC-00847,S130,2025-08-27T04:43:26Z,52.0,346.0,101.0,21.39,489.0,1603.0,0,2025-08-26T22:07:03Z,2025-08-26T09:29:36Z,2025-08-27T04:08:38Z,2025-08-21T18:58:47Z,2025-09-03T07:02:00Z,2025-09-24T17:07:23Z
FC-00848,S104,2025-08-27T05:06:26Z,46.0,309.0,45.0,14.77,404.0,1334.0,1,2025-08-27T02:02:04Z,2025-08-26T23:16:27Z,2025-08-27T03:35:58Z,2025-08-15T05:42:37Z,2025-09-03T22:53:36Z,2025-09-13T16:22:45Z
FC-00849,S131,2025-08-27T05:50:11Z,111.0,670.0,147.0,13.69,752.0,2771.0,0,2025-08-26T21:03:45Z,2025-08-26T18:09:09Z,2025-08-27T05:36:42Z,2025-08-14T16:07:54Z,2025-09-03T14:06:39Z,2025-09-11T18:48:31Z
FC-00850,S126,2025-08-27T06:01:47Z,22.0,152.0,36.0,27.27,165.0,667.0,0,2025-08-27T00:44:31Z,2025-08-26T18:04:05Z,2025-08-27T04:58:55Z,2025-08-21T15:38:25Z,2025-09-03T15:21:23Z,2025-09-19T20:14:03Z
FC-00851,S151,2025-08-27T06:14:32Z,37.0,289.0,30.0,37.56,330.0,1147.0,1,2025-08-27T01:12:22Z,2025-08-26T15:17:09Z,2025-08-27T06:07:15Z,2025-08-15T08:07:07Z,2025-09-03T12:50:37Z,2025-09-11T01:18:22Z
FC-00852,S100,2025-08-27T06:41:56Z,20.0,139.0,31.0,19.01,153.0,564.0,0,2025-08-27T04:29:52Z,2025-08-27T04:31:09Z,2025-08-27T04:48:36Z,2025-08-23T18:17:41Z,2025-09-03T16:04:05Z,2025-09-12T00:40:31Z
FC-00853,S110,2025-08-27T07:22:10Z,42.0,360.0,78.0,32.7,337.0,1396.0,0,2025-08-26T23:50:36Z,2025-08-26T19:51:40Z,2025-08-27T06:09:00Z,2025-08-14T20:10:20Z,2025-09-04T05:59:53Z,2025-09-19T11:55:51Z
FC-00854,S111,2025-08-27T07:25:23Z,15.0,87.0,11.0,18.58,94.0,362.0,1,2025-08-26T16:04:06Z,2025-08-27T01:01:55Z,2025-08-27T06:13:40Z,2025-08-18T01:45:04Z,2025-09-04T01:48:12Z,2025-09-14T06:03:21Z
FC-00855,S114,2025-08-27T09:07:33Z,17.0,141.0,13.0,14.46,125.0,578.0,1,2025-08-26T20:27:22Z,2025-08-27T04:24:20Z,2025-08-27T08:27:14Z,2025-08-22T03:04:38Z,2025-09-03T17:02:08Z,2025-09-04T10:19:10Z
FC-00856,S114,2025-08-27T10:17:19Z,61.0,425.0,124.0,18.66,495.0,1963.0,0,2025-08-27T03:52:24Z,2025-08-26T21:06:54Z,2025-08-27T09:00:23Z,2025-08-16T22:08:54Z,2025-09-04T09:55:46Z,2025-09-11T08:42:33Z
FC-00857,S113,2025-08-27T11:43:46Z,33.0,305.0,45.0,32.94,290.0,1256.0,0,2025-08-26T21:30:58Z,2025-08-26T23:23:31Z,2025-08-27T11:32:09Z,2025-08-22T06:18:51Z,2025-09-04T04:57:36Z,2025-09-22T15:29:40Z
FC-00858,S112,2025-08-27T11:51:21Z,83.0,499.0,96.0,23.41,430.0,1962.0,0,2025-08-26T22:06:38Z,2025-08-26T19:29:13Z,2025-08-27T10:31:43Z,2025-08-15T17:11:06Z,2025-09-03T12:09:20Z,2025-09-07T18:15:41Z
FC-00859,S129,2025-08-27T12:04:51Z,37.0,223.0,41.0,10.01,287.0,1045.0,0,2025-08-26T22:42:00Z,2025-08-26T17:35:38Z,2025-08-27T10:34:15Z,2025-08-13T13:47:05Z,2025-09-04T07:01:18Z,2025-09-02T09:08:45Z
FC-00860,S130,2025-08-27T12:17:14Z,46.0,320.0,62.0,28.13,301.0,1414.0,0,2025-08-27T00:52:39Z,2025-08-26T17:25:13Z,2025-08-27T10:51:48Z,2025-08-20T08:45:02Z,2025-09-03T22:12:10Z,2025-09-23T21:53:51Z
FC-00861,S121,2025-08-27T12:18:14Z,85.0,735.0,75.0,15.57,713.0,2991.0,1,2025-08-27T02:00:51Z,2025-08-27T08:43:23Z,2025-08-27T12:11:27Z,2025-08-22T18:27:50Z,2025-09-03T16:45:50Z,2025-09-20T13:58:58Z
FC-00862,S157,2025-08-27T12:37:40Z,88.0,515.0,111.0,25.43,493.0,2397.0,0,2025-08-26T21:44:10Z,2025-08-27T04:09:13Z,2025-08-27T10:59:22Z,2025-08-14T04:44:57Z,2025-09-04T02:50:25Z,2025-09-25T13:47:57Z
FC-00863,S102,2025-08-27T13:24:43Z,91.0,478.0,102.0,11.53,589.0,2530.0,0,2025-08-27T04:31:08Z,2025-08-26T23:31:32Z,2025-08-27T11:38:03Z,2025-08-15T03:51:49Z,2025-09-03T16:31:32Z,2025-09-02T02:44:07Z
FC-00864,S143,2025-08-27T14:22:04Z,19.0,174.0,32.0,23.63,139.0,691.0,0,2025-08-27T05:40:54Z,2025-08-26T18:25:28Z,2025-08-27T12:33:27Z,2025-08-25T12:28:31Z,2025-09-04T06:54:35Z,2025-09-11T04:27:19Z
FC-00865,S121,2025-08-27T14:34:34Z,67.0,372.0,93.0,32.65,387.0,1714.0,0,2025-08-27T00:20:36Z,2025-08-27T06:55:49Z,2025-08-27T14:18:41Z,2025-08-24T17:27:29Z,2025-09-03T21:43:39Z,2025-09-19T14:08:07Z
FC-00866,S133,2025-08-27T15:36:17Z,29.0,220.0,54.0,17.23,222.0,900.0,0,2025-08-27T11:17:18Z,2025-08-27T03:34:56Z,2025-08-27T14:52:32Z,2025-08-24T21:44:33Z,2025-09-03T19:39:14Z,2025-09-07T11:14:20Z
FC-00867,S128,2025-08-27T15:44:26Z,58.0,338.0,69.0,23.65,407.0,1534.0,0,2025-08-27T10:35:22Z,2025-08-27T03:48:49Z,2025-08-27T15:15:33Z,2025-08-20T16:36:02Z,2025-09-03T17:51:58Z,2025-09-19T23:17:25Z
FC-00868,S102,2025-08-27T15:49:12Z,66.0,397.0,56.0,6.74,352.0,1752.0,1,2025-08-27T02:54:29Z,2025-08-27T07:32:59Z,2025-08-27T14:22:27Z,2025-08-18T07:30:00Z,2025-09-04T08:57:00Z,2025-09-17T10:23:08Z
FC-00869,S132,2025-08-27T15:59:57Z,44.0,421.0,95.0,6.27,321.0,1470.0,0,2025-08-27T05:01:39Z,2025-08-27T01:38:13Z,2025-08-27T15:22:44Z,2025-08-23T01:23:59Z,2025-09-04T01:07:00Z,2025-09-24T19:24:20Z
FC-00870,S105,2025-08-27T16:27:45Z,65.0,594.0,71.0,2.66,565.0,2487.0,0,2025-08-26T23:26:36Z,2025-08-27T10:12:23Z,2025-08-27T16:14:10Z,2025-08-14T05:15:26Z,2025-09-04T12:56:33Z,2025-09-19T05:29:29Z
FC-00871,S144,2025-08-27T16:53:58Z,36.0,345.0,76.0,36.55,277.0,1348.0,0,2025-08-27T03:16:01Z,2025-08-27T01:29:05Z,2025-08-27T15:02:23Z,2025-08-21T05:56:58Z,2025-09-04T06:56:43Z,2025-09-02T16:40:28Z
FC-00872,S104,2025-08-27T17:11:35Z,21.0,163.0,22.0,35.96,167.0,739.0,1,2025-08-27T12:41:39Z,2025-08-27T04:01:26Z,2025-08-27T16:50:26Z,2025-08-22T05:41:45Z,2025-09-04T13:17:07Z,2025-09-06T11:55:35Z
FC-00873,S157,2025-08-27T17:43:52Z,47.0,289.0,75.0,23.35,305.0,1446.0,0,2025-08-27T04:21:58Z,2025-08-27T13:03:45Z,2025-08-27T16:12:37Z,2025-08-20T11:00:29Z,2025-09-04T09:43:04Z,2025-09-05T19:48:04Z
FC-00874,S148,2025-08-27T17:53:05Z,85.0,467.0,138.0,19.94,673.0,2495.0,0,2025-08-27T02:35:22Z,2025-08-27T04:50:19Z,2025-08-27T17:30:49Z,2025-08-15T21:13:13Z,2025-09-04T06:09:53Z,2025-09-10T18:26:03Z
FC-00875,S111,2025-08-27T17:54:42Z,28.0,234.0,41.0,38.3,211.0,814.0,0,2025-08-27T10:44:54Z,2025-08-26T23:32:09Z,2025-08-27T17:09:38Z,2025-08-17T05:21:29Z,2025-09-04T04:04:18Z,2025-09-02T08:01:37Z
FC-00876,S110,2025-08-27T18:05:06Z,45.0,352.0,39.0,31.1,352.0,1709.0,1,2025-08-27T06:42:53Z,2025-08-27T13:12:46Z,2025-08-27T16:29:57Z,2025-08-21T07:44:38Z,2025-09-04T05:13:59Z,2025-09-24T11:14:25Z
FC-00877,S143,2025-08-27T18:45:53Z,112.0,705.0,140.0,31.47,842.0,3359.0,0,2025-08-27T02:52:24Z,2025-08-27T08:19:25Z,2025-08-27T17:09:43Z,2025-08-25T14:54:26Z,2025-09-04T07:29:33Z,2025-09-18T20:22:37Z
FC-00878,S124,2025-08-27T19:54:22Z,34.0,238.0,48.0,18.08,274.0,999.0,0,2025-08-27T02:21:36Z,2025-08-27T01:26:43Z,2025-08-27T19:30:30Z,2025-08-19T22:56:06Z,2025-09-04T03:49:42Z,2025-09-05T15:18:23Z
FC-00879,S124,2025-08-27T19:58:32Z,32.0,258.0,48.0,24.94,234.0,1143.0,0,2025-08-27T03:00:17Z,2025-08-27T05:26:46Z,2025-08-27T18:56:28Z,2025-08-20T02:18:28Z,2025-09-04T04:39:03Z,2025-09-09T10:43:00Z
FC-00880,S121,2025-08-27T20:04:31Z,53.0,365.0,41.0,22.39,339.0,1538.0,1,2025-08-27T09:30:23Z,2025-08-27T15:05:06Z,2025-08-27T18:14:20Z,2025-08-19T15:17:38Z,2025-09-04T06:23:32Z,2025-09-06T10:06:16Z
FC-00881,S129,2025-08-27T20:06:08Z,68.0,522.0,72.0,11.35,546.0,2241.0,0,2025-08-27T02:49:59Z,2025-08-27T10:34:58Z,2025-08-27T19:52:54Z,2025-08-19T03:03:34Z,2025-09-04T10:52:57Z,2025-09-16T02:09:10Z
FC-00882,S108,2025-08-27T20:52:21Z,42.0,247.0,59.0,24.41,220.0,1084.0,0,2025-08-27T18:08:52Z,2025-08-27T08:31:46Z,2025-08-27T20:15:38Z,2025-08-24T04:44:55Z,2025-09-04T15:26:47Z,2025-09-22T12:25:23Z
FC-00883,S157,2025-08-27T21:09:10Z,34.0,182.0,36.0,33.92,197.0,858.0,0,2025-08-27T11:14:51Z,2025-08-27T01:50:34Z,2025-08-27T19:17:24Z,2025-08-18T10:10:14Z,2025-09-04T04:42:34Z,2025-09-04T11:41:12Z
FC-00884,S152,2025-08-27T23:47:01Z,86.0,570.0,74.0,19.23,510.0,2049.0,0,2025-08-27T19:44:39Z,2025-08-27T19:14:38Z,2025-08-27T22:44:26Z,2025-08-21T21:38:54Z,2025-09-04T10:51:29Z,2025-09-21T10:57:53Z
FC-00885,S115,2025-08-28T00:04:13Z,24.0,163.0,28.0,5.06,141.0,722.0,0,2025-08-27T04:52:57Z,2025-08-27T20:55:51Z,2025-08-27T22:11:57Z,2025-08-18T19:07:11Z,2025-09-04T01:37:24Z,2025-09-03T11:06:42Z
FC-00886,S127,2025-08-28T00:11:11Z,35.0,287.0,69.0,17.64,322.0,1219.0,0,2025-08-27T09:22:53Z,2025-08-27T20:13:16Z,2025-08-27T22:50:00Z,2025-08-16T16:26:32Z,2025-09-04T15:23:23Z,2025-09-05T03:06:19Z
FC-00887,S125,2025-08-28T00:11:35Z,35.0,262.0,45.0,17.42,360.0,1280.0,0,2025-08-27T12:38:32Z,2025-08-27T08:43:17Z,2025-08-27T22:13:51Z,2025-08-20T01:03:31Z,2025-09-04T14:04:08Z,2025-09-04T10:21:16Z
FC-00888,S135,2025-08-28T01:14:41Z,60.0,477.0,39.0,28.44,390.0,1785.0,1,2025-08-27T21:53:16Z,2025-08-27T05:38:31Z,2025-08-28T00:41:52Z,2025-08-16T15:35:48Z,2025-09-04T14:35:32Z,2025-09-23T18:03:20Z
FC-00889,S105,2025-08-28T01:38:38Z,29.0,186.0,42.0,34.45,180.0,717.0,0,2025-08-27T13:22:15Z,2025-08-27T21:23:07Z,2025-08-28T00:28:43Z,2025-08-24T08:12:03Z,2025-09-04T10:59:13Z,2025-09-13T06:04:30Z
FC-00890,S136,2025-08-28T03:08:42Z,41.0,264.0,50.0,33.89,218.0,950.0,0,2025-08-27T08:04:51Z,2025-08-27T22:01:14Z,2025-08-28T02:03:41Z,2025-08-18T11:43:50Z,2025-09-04T06:16:05Z,2025-09-05T09:22:46Z
FC-00891,S140,2025-08-28T03:34:09Z,13.0,92.0,8.0,32.63,77.0,356.0,1,2025-08-27T19:45:30Z,2025-08-27T13:44:02Z,2025-08-28T01:37:24Z,2025-08-20T20:17:55Z,2025-09-04T18:43:24Z,2025-09-19T18:58:38Z
FC-00892,S134,2025-08-28T03:56:24Z,87.0,602.0,130.0,15.06,488.0,2615.0,0,2025-08-27T14:58:35Z,2025-08-27T17:16:38Z,2025-08-28T03:40:27Z,2025-08-26T11:09:09Z,2025-09-04T23:29:51Z,2025-09-13T20:46:49Z
FC-00893,S150,2025-08-28T04:09:15Z,65.0,510.0,48.0,34.4,378.0,1978.0,1,2025-08-27T11:15:19Z,2025-08-27T12:24:59Z,2025-08-28T03:26:40Z,2025-08-25T16:09:58Z,2025-09-04T05:48:14Z,2025-09-20T18:41:30Z
FC-00894,S146,2025-08-28T04:15:34Z,49.0,325.0,40.0,2.52,374.0,1568.0,1,2025-08-27T21:13:03Z,2025-08-28T02:02:03Z,2025-08-28T02:46:15Z,2025-08-18T09:42:32Z,2025-09-04T18:45:52Z,2025-09-23T14:18:51Z
FC-00895,S124,2025-08-28T04:25:06Z,16.0,106.0,19.0,33.73,106.0,449.0,0,2025-08-27T11:55:08Z,2025-08-27T14:30:35Z,2025-08-28T02:39:01Z,2025-08-24T19:06:55Z,2025-09-04T13:36:58Z,2025-09-20T14:56:22Z
FC-00896,S142,2025-08-28T05:39:48Z,29.0,227.0,26.0,8.42,293.0,1055.0,1,2025-08-28T02:27:12Z,2025-08-27T16:10:55Z,2025-08-28T05:11:48Z,2025-08-15T10:34:11Z,2025-09-04T11:04:43Z,2025-09-19T04:06:25Z
FC-00897,S100,2025-08-28T06:09:27Z,23.0,150.0,15.0,12.53,160.0,682.0,1,2025-08-27T10:54:49Z,2025-08-27T21:26:41Z,2025-08-28T05:44:57Z,2025-08-16T18:35:20Z,2025-09-04T10:42:43Z,2025-09-21T03:29:32Z
FC-00898,S104,2025-08-28T08:01:42Z,28.0,177.0,30.0,14.09,194.0,801.0,0,2025-08-28T01:37:39Z,2025-08-27T15:01:38Z,2025-08-28T07:55:15Z,2025-08-24T11:50:46Z,2025-09-05T07:51:37Z,2025-09-20T13:08:16Z
FC-00899,S102,2025-08-28T08:56:15Z,32.0,216.0,25.0,11.78,200.0,875.0,1,2025-08-27T15:26:16Z,2025-08-27T17:09:38Z,2025-08-28T08:48:47Z,2025-08-15T08:53:55Z,2025-09-04T09:49:00Z,2025-09-07T23:30:23Z
FC-00900,S139,2025-08-28T11:39:19Z,14.0,114.0,18.0,19.15,121.0,534.0,0,2025-08-28T09:36:23Z,2025-08-27T21:34:50Z,2025-08-28T11:16:36Z,2025-08-25T15:43:02Z,2025-09-04T22:21:53Z,2025-09-04T09:49:36Z
FC-00901,S137,2025-08-28T11:49:21Z,16.0,105.0,11.0,13.32,112.0,497.0,1,2025-08-28T07:34:21Z,2025-08-28T05:16:01Z,2025-08-28T10:38:35Z,2025-08-19T08:46:38Z,2025-09-04T11:49:38Z,2025-09-17T00:17:44Z
FC-00902,S127,2025-08-28T11:55:37Z,64.0,404.0,114.0,11.38,426.0,1973.0,0,2025-08-28T04:45:14Z,2025-08-27T22:07:42Z,2025-08-28T09:56:08Z,2025-08-21T14:45:58Z,2025-09-05T02:17:46Z,2025-09-12T02:53:41Z
FC-00903,S101,2025-08-28T11:56:35Z,59.0,322.0,54.0,13.45,402.0,1622.0,0,2025-08-28T03:16:03Z,2025-08-27T19:19:33Z,2025-08-28T10:44:05Z,2025-08-15T10:55:35Z,2025-09-04T15:30:04Z,2025-09-17T05:39:48Z
FC-00904,S136,2025-08-28T12:26:29Z,34.0,194.0,22.0,6.46,189.0,939.0,1,2025-08-27T21:52:04Z,2025-08-28T01:31:31Z,2025-08-28T12:02:43Z,2025-08-18T15:21:52Z,2025-09-04T16:18:01Z,2025-09-18T17:50:57Z
FC-00905,S148,2025-08-28T12:54:01Z,27.0,171.0,28.0,25.47,176.0,826.0,1,2025-08-27T17:56:16Z,2025-08-27T18:29:22Z,2025-08-28T12:34:45Z,2025-08-19T22:12:13Z,2025-09-05T06:06:36Z,2025-09-19T06:22:36Z
FC-00906,S141,2025-08-28T12:55:29Z,70.0,558.0,56.0,5.34,601.0,2408.0,1,2025-08-28T06:22:18Z,2025-08-27T22:38:16Z,2025-08-28T11:54:34Z,2025-08-17T04:57:38Z,2025-09-04T17:29:54Z,2025-09-15T16:26:29Z
FC-00907,S120,2025-08-28T13:10:22Z,44.0,326.0,42.0,13.42,372.0,1518.0,1,2025-08-28T10:26:04Z,2025-08-28T00:41:51Z,2025-08-28T11:50:28Z,2025-08-20T21:16:30Z,2025-09-05T11:59:50Z,2025-09-05T10:25:53Z
FC-00908,S141,2025-08-28T13:23:21Z,50.0,441.0,87.0,5.52,469.0,1843.0,0,2025-08-28T04:09:43Z,2025-08-27T20:55:30Z,2025-08-28T12:18:06Z,2025-08-22T16:12:24Z,2025-09-05T12:09:04Z,2025-09-16T15:19:08Z
FC-00909,S130,2025-08-28T14:55:36Z,22.0,191.0,17.0,8.03,150.0,664.0,1,2025-08-27T19:14:40Z,2025-08-27T20:50:06Z,2025-08-28T13:51:01Z,2025-08-26T07:26:19Z,2025-09-05T04:45:49Z,2025-09-18T04:38:26Z
FC-00910,S108,2025-08-28T14:58:25Z,25.0,203.0,37.0,17.48,186.0,706.0,0,2025-08-27T19:17:53Z,2025-08-28T11:19:54Z,2025-08-28T14:27:45Z,2025-08-20T20:32:29Z,2025-09-05T14:43:19Z,2025-09-19T14:51:40Z
FC-00911,S122,2025-08-28T15:06:20Z,104.0,851.0,159.0,30.79,896.0,3356.0,0,2025-08-28T04:53:31Z,2025-08-28T08:24:48Z,2025-08-28T14:56:20Z,2025-08-15T12:43:48Z,2025-09-05T14:36:49Z,2025-09-15T06:55:42Z
FC-00912,S105,2025-08-28T15:09:56Z,35.0,264.0,62.0,3.83,240.0,1211.0,0,2025-08-27T20:44:23Z,2025-08-28T09:53:04Z,2025-08-28T14:42:54Z,2025-08-24T04:30:39Z,2025-09-04T22:04:32Z,2025-09-19T03:08:20Z
FC-00913,S112,2025-08-28T15:13:47Z,57.0,467.0,77.0,18.11,475.0,2138.0,0,2025-08-28T06:37:28Z,2025-08-28T09:50:34Z,2025-08-28T14:49:36Z,2025-08-26T00:01:18Z,2025-09-05T06:33:36Z,2025-09-15T12:15:35Z
FC-00914,S137,2025-08-28T15:40:27Z,54.0,348.0,68.0,13.04,424.0,1425.0,0,2025-08-28T09:41:24Z,2025-08-28T12:14:33Z,2025-08-28T15:28:21Z,2025-08-20T16:45:45Z,2025-09-04T20:48:09Z,2025-09-08T11:45:51Z
FC-00915,S157,2025-08-28T16:45:45Z,42.0,240.0,51.0,10.12,225.0,999.0,0,2025-08-28T11:31:42Z,2025-08-27T21:59:30Z,2025-08-28T16:01:59Z,2025-08-24T13:38:32Z,2025-09-05T12:15:02Z,2025-09-03T10:56:33Z
FC-00916,S125,2025-08-28T17:28:07Z,29.0,205.0,43.0,24.93,246.0,1006.0,0,2025-08-27T23:32:39Z,2025-08-28T04:03:16Z,2025-08-28T15:55:46Z,2025-08-26T18:34:02Z,2025-09-05T15:57:00Z,2025-09-10T13:32:12Z
FC-00917,S127,2025-08-28T18:31:10Z,59.0,438.0,90.0,29.55,382.0,1551.0,0,2025-08-28T12:39:23Z,2025-08-28T03:10:43Z,2025-08-28T17:19:39Z,2025-08-24T17:40:19Z,2025-09-05T01:56:33Z,2025-09-19T04:48:42Z
FC-00918,S127,2025-08-28T18:32:11Z,71.0,630.0,94.0,6.34,551.0,2324.0,0,2025-08-28T03:52:33Z,2025-08-28T02:26:27Z,2025-08-28T17:22:39Z,2025-08-19T03:26:33Z,2025-09-05T10:46:22Z,2025-09-09T01:56:11Z
FC-00919,S102,2025-08-28T18:57:09Z,45.0,362.0,43.0,33.92,351.0,1525.0,1,2025-08-28T12:44:39Z,2025-08-28T12:17:02Z,2025-08-28T18:36:50Z,2025-08-25T22:54:23Z,2025-09-05T00:48:39Z,2025-09-12T13:22:57Z
FC-00920,S150,2025-08-28T19:07:37Z,60.0,348.0,61.0,33.84,400.0,1627.0,0,2025-08-28T12:44:36Z,2025-08-28T01:42:59Z,2025-08-28T17:57:52Z,2025-08-21T15:47:37Z,2025-09-04T19:48:53Z,2025-09-26T16:41:56Z
FC-00921,S105,2025-08-28T19:44:51Z,45.0,349.0,64.0,9.54,315.0,1290.0,0,2025-08-28T10:56:41Z,2025-08-28T13:17:27Z,2025-08-28T18:44:07Z,2025-08-22T02:34:05Z,2025-09-05T07:07:13Z,2025-09-09T10:47:32Z
FC-00922,S154,2025-08-28T20:39:01Z,36.0,266.0,36.0,20.71,262.0,1064.0,0,2025-08-28T14:49:44Z,2025-08-28T13:55:52Z,2025-08-28T19:34:55Z,2025-08-18T09:51:39Z,2025-09-05T11:21:49Z,2025-09-10T09:36:12Z
FC-00923,S131,2025-08-28T21:29:10Z,64.0,452.0,48.0,26.86,335.0,1630.0,1,2025-08-28T04:35:38Z,2025-08-28T13:18:10Z,2025-08-28T20:41:38Z,2025-08-15T08:22:36Z,2025-09-05T06:16:35Z,2025-09-15T02:42:05Z
FC-00924,S159,2025-08-28T21:33:33Z,71.0,575.0,98.0,32.59,626.0,2093.0,0,2025-08-28T10:12:14Z,2025-08-28T08:54:42Z,2025-08-28T20:57:37Z,2025-08-15T14:19:50Z,2025-09-05T18:21:11Z,2025-09-12T14:50:39Z
FC-00925,S136,2025-08-28T22:57:18Z,38.0,259.0,38.0,15.73,253.0,1143.0,0,2025-08-28T18:20:45Z,2025-08-28T18:06:05Z,2025-08-28T21:57:29Z,2025-08-19T21:35:21Z,2025-09-05T06:34:57Z,2025-09-07T20:48:35Z
FC-00926,S117,2025-08-28T23:24:02Z,70.0,528.0,67.0,12.94,506.0,1871.0,0,2025-08-28T03:45:55Z,2025-08-28T19:31:45Z,2025-08-28T22:26:44Z,2025-08-20T16:53:52Z,2025-09-05T15:47:53Z,2025-09-04T08:06:44Z
FC-00927,S144,2025-08-29T00:10:37Z,41.0,335.0,58.0,31.33,351.0,1358.0,0,2025-08-28T14:25:25Z,2025-08-28T05:13:55Z,2025-08-28T23:24:24Z,2025-08-15T05:48:15Z,2025-09-05T08:12:41Z,2025-09-20T08:32:41Z
FC-00928,S105,2025-08-29T01:41:57Z,28.0,181.0,32.0,37.98,192.0,766.0,0,2025-08-28T12:11:28Z,2025-08-28T09:45:51Z,2025-08-29T00:00:22Z,2025-08-15T15:35:44Z,2025-09-05T17:28:06Z,2025-09-19T11:47:33Z
FC-00929,S139,2025-08-29T02:06:08Z,105.0,766.0,113.0,28.05,818.0,3101.0,0,2025-08-28T20:27:51Z,2025-08-28T20:20:49Z,2025-08-29T00:29:20Z,2025-08-23T13:18:16Z,2025-09-05T10:56:16Z,2025-09-08T13:24:53Z
FC-00930,S109,2025-08-29T02:19:55Z,40.0,293.0,47.0,23.85,268.0,1328.0,0,2025-08-28T08:31:54Z,2025-08-28T10:46:13Z,2025-08-29T01:07:20Z,2025-08-26T06:11:26Z,2025-09-05T07:09:49Z,2025-09-12T23:01:50Z
FC-00931,S111,2025-08-29T03:08:46Z,99.0,641.0,75.0,27.74,589.0,2651.0,1,2025-08-28T18:59:11Z,2025-08-28T19:20:57Z,2025-08-29T02:08:33Z,2025-08-26T13:03:21Z,2025-09-05T14:11:04Z,2025-09-24T15:44:11Z
FC-00932,S117,2025-08-29T03:39:08Z,59.0,492.0,62.0,38.87,521.0,1968.0,0,2025-08-28T19:11:15Z,2025-08-29T00:44:54Z,2025-08-29T02:36:57Z,2025-08-15T12:31:12Z,2025-09-05T12:28:14Z,2025-09-09T20:50:34Z
FC-00933,S115,2025-08-29T07:35:32Z,35.0,216.0,56.0,27.56,205.0,890.0,0,2025-08-28T21:36:36Z,2025-08-28T23:28:51Z,2025-08-29T07:26:18Z,2025-08-20T07:05:05Z,2025-09-05T10:13:08Z,2025-09-25T05:36:49Z
FC-00934,S103,2025-08-29T10:00:16Z,47.0,289.0,69.0,39.69,287.0,1153.0,0,2025-08-29T05:29:34Z,2025-08-28T14:08:03Z,2025-08-29T08:04:20Z,2025-08-19T14:26:49Z,2025-09-05T11:34:39Z,2025-09-25T18:39:56Z
FC-00935,S104,2025-08-29T10:12:22Z,82.0,690.0,150.0,13.04,749.0,2817.0,0,2025-08-29T04:13:46Z,2025-08-29T05:41:22Z,2025-08-29T08:28:44Z,2025-08-18T19:58:17Z,2025-09-05T10:55:48Z,2025-09-24T06:19:45Z
FC-00936,S125,2025-08-29T11:49:58Z,43.0,385.0,46.0,33.19,336.0,1465.0,0,2025-08-29T06:15:13Z,2025-08-28T18:41:29Z,2025-08-29T10:47:16Z,2025-08-17T23:37:32Z,2025-09-06T06:17:29Z,2025-09-19T15:47:13Z
FC-00937,S132,2025-08-29T11:50:47Z,17.0,139.0,27.0,9.07,106.0,502.0,0,2025-08-28T18:30:12Z,2025-08-29T04:24:10Z,2025-08-29T09:59:58Z,2025-08-27T03:33:28Z,2025-09-05T19:55:05Z,2025-09-20T19:41:16Z
FC-00938,S101,2025-08-29T11:56:24Z,38.0,222.0,49.0,5.25,255.0,1067.0,0,2025-08-29T01:55:07Z,2025-08-28T16:38:13Z,2025-08-29T11:43:53Z,2025-08-18T04:54:35Z,2025-09-06T00:09:09Z,2025-09-20T09:04:35Z
FC-00939,S125,2025-08-29T12:15:19Z,68.0,646.0,58.0,28.05,526.0,2680.0,1,2025-08-29T08:45:37Z,2025-08-29T01:34:05Z,2025-08-29T11:55:26Z,2025-08-17T07:45:09Z,2025-09-05T21:12:07Z,2025-09-08T08:39:37Z
FC-00940,S133,2025-08-29T13:22:16Z,72.0,529.0,56.0,27.09,564.0,2302.0,1,2025-08-29T11:19:37Z,2025-08-29T02:23:45Z,2025-08-29T12:28:54Z,2025-08-28T05:22:43Z,2025-09-06T06:41:40Z,2025-09-18T15:48:41Z
FC-00941,S124,2025-08-29T13:32:37Z,30.0,199.0,42.0,22.56,203.0,834.0,0,2025-08-29T09:46:51Z,2025-08-29T10:17:42Z,2025-08-29T11:34:48Z,2025-08-20T04:45:11Z,2025-09-05T16:15:59Z,2025-09-28T12:48:01Z
FC-00942,S126,2025-08-29T13:52:07Z,74.0,542.0,78.0,39.27,487.0,2019.0,0,2025-08-28T21:59:39Z,2025-08-28T20:42:25Z,2025-08-29T11:56:05Z,2025-08-26T11:11:15Z,2025-09-05T21:01:28Z,2025-09-26T02:58:33Z
FC-00943,S135,2025-08-29T15:31:43Z,20.0,146.0,15.0,28.88,127.0,723.0,1,2025-08-28T21:56:13Z,2025-08-29T00:55:59Z,2025-08-29T14:27:37Z,2025-08-21T16:50:29Z,2025-09-05T22:29:08Z,2025-09-10T19:47:56Z
FC-00944,S141,2025-08-29T16:05:28Z,28.0,169.0,43.0,6.12,194.0,779.0,0,2025-08-29T08:34:37Z,2025-08-29T06:15:17Z,2025-08-29T15:02:53Z,2025-08-18T15:39:54Z,2025-09-05T22:11:53Z,2025-09-17T15:48:06Z
FC-00945,S104,2025-08-29T16:36:12Z,97.0,546.0,153.0,10.37,606.0,2837.0,0,2025-08-29T04:25:52Z,2025-08-29T06:41:05Z,2025-08-29T15:20:40Z,2025-08-21T12:25:13Z,2025-09-05T23:41:28Z,2025-09-16T01:33:43Z
FC-00946,S114,2025-08-29T19:35:33Z,35.0,262.0,26.0,4.12,264.0,978.0,1,2025-08-29T03:41:28Z,2025-08-29T13:49:05Z,2025-08-29T19:09:20Z,2025-08-28T14:42:54Z,2025-09-06T02:15:46Z,2025-09-12T21:24:13Z
FC-00947,S144,2025-08-29T20:40:18Z,47.0,317.0,74.0,29.54,376.0,1610.0,0,2025-08-29T13:37:35Z,2025-08-29T13:11:32Z,2025-08-29T19:20:22Z,2025-08-18T00:42:41Z,2025-09-06T04:18:05Z,2025-09-19T03:10:39Z
FC-00948,S145,2025-08-29T21:29:49Z,19.0,114.0,21.0,23.61,127.0,474.0,0,2025-08-29T11:16:44Z,2025-08-29T12:01:38Z,2025-08-29T21:18:16Z,2025-08-16T09:13:41Z,2025-09-06T03:19:13Z,2025-09-19T05:35:13Z
FC-00949,S141,2025-08-29T21:46:37Z,23.0,203.0,27.0,4.89,172.0,838.0,0,2025-08-29T03:36:45Z,2025-08-29T04:30:32Z,2025-08-29T20:23:37Z,2025-08-19T13:57:25Z,2025-09-06T18:56:17Z,2025-09-17T13:30:03Z
FC-00950,S122,2025-08-29T21:49:46Z,77.0,528.0,83.0,28.76,526.0,2322.0,0,2025-08-29T09:16:01Z,2025-08-29T16:06:18Z,2025-08-29T21:19:19Z,2025-08-25T09:34:43Z,2025-09-06T06:43:22Z,2025-09-22T21:45:24Z
FC-00951,S143,2025-08-29T21:52:45Z,36.0,223.0,34.0,31.11,214.0,873.0,0,2025-08-29T13:05:00Z,2025-08-29T08:52:23Z,2025-08-29T21:28:22Z,2025-08-21T03:07:35Z,2025-09-06T19:30:36Z,2025-09-17T12:04:01Z
FC-00952,S108,2025-08-29T22:02:53Z,50.0,403.0,72.0,12.53,384.0,1378.0,0,2025-08-29T02:05:55Z,2025-08-29T09:39:44Z,2025-08-29T20:38:37Z,2025-08-25T10:06:41Z,2025-09-06T05:31:10Z,2025-09-20T12:17:24Z
FC-00953,S113,2025-08-29T23:48:58Z,34.0,267.0,60.0,29.49,276.0,1065.0,0,2025-08-29T16:32:19Z,2025-08-29T16:34:50Z,2025-08-29T23:00:13Z,2025-08-23T21:42:31Z,2025-09-06T02:01:09Z,2025-09-09T23:15:44Z
FC-00954,S108,2025-08-30T00:02:06Z,72.0,497.0,42.0,4.25,441.0,2119.0,1,2025-08-29T20:37:54Z,2025-08-29T15:59:05Z,2025-08-29T23:02:50Z,2025-08-22T10:36:09Z,2025-09-06T15:03:58Z,2025-09-28T05:52:24Z
FC-00955,S131,2025-08-30T00:40:33Z,38.0,228.0,51.0,21.01,179.0,1068.0,0,2025-08-29T12:57:34Z,2025-08-29T13:23:30Z,2025-08-29T23:48:47Z,2025-08-22T18:35:25Z,2025-09-06T19:49:59Z,2025-09-06T03:31:41Z
FC-00956,S108,2025-08-30T00:43:43Z,84.0,628.0,58.0,22.22,605.0,2740.0,1,2025-08-29T14:52:58Z,2025-08-29T05:20:37Z,2025-08-29T23:03:22Z,2025-08-17T18:08:02Z,2025-09-06T02:43:31Z,2025-09-05T05:19:33Z
FC-00957,S131,2025-08-30T01:02:38Z,34.0,297.0,73.0,27.24,315.0,1224.0,0,2025-08-29T12:21:07Z,2025-08-29T17:53:31Z,2025-08-30T00:01:00Z,2025-08-21T07:22:23Z,2025-09-06T23:53:08Z,2025-09-07T16:06:37Z
FC-00958,S152,2025-08-30T01:07:56Z,16.0,144.0,30.0,20.94,152.0,597.0,0,2025-08-29T05:12:39Z,2025-08-29T22:54:33Z,2025-08-29T23:54:34Z,2025-08-26T00:23:33Z,2025-09-06T04:11:33Z,2025-09-13T11:55:57Z
FC-00959,S139,2025-08-30T02:47:17Z,36.0,251.0,51.0,5.39,237.0,1042.0,0,2025-08-29T17:19:32Z,2025-08-29T22:02:16Z,2025-08-30T01:42:17Z,2025-08-24T06:05:56Z,2025-09-06T13:45:14Z,2025-09-05T08:32:24Z
FC-00960,S110,2025-08-30T03:50:52Z,45.0,241.0,30.0,16.12,228.0,1224.0,1,2025-08-30T00:11:10Z,2025-08-29T23:26:46Z,2025-08-30T03:16:19Z,2025-08-19T05:04:44Z,2025-09-06T12:01:15Z,2025-09-24T21:29:52Z
FC-00961,S149,2025-08-30T04:28:07Z,46.0,391.0,84.0,13.4,379.0,1601.0,0,2025-08-29T14:53:25Z,2025-08-29T20:16:20Z,2025-08-30T03:06:27Z,2025-08-18T04:55:50Z,2025-09-06T21:09:21Z,2025-09-26T03:49:00Z
FC-00962,S141,2025-08-30T04:41:01Z,42.0,296.0,55.0,4.26,243.0,1246.0,0,2025-08-29T20:41:00Z,2025-08-29T18:16:45Z,2025-08-30T03:58:03Z,2025-08-23T23:10:24Z,2025-09-07T03:10:50Z,2025-09-23T00:48:07Z
FC-00963,S115,2025-08-30T05:47:05Z,13.0,84.0,9.0,36.96,74.0,382.0,1,2025-08-29T22:42:10Z,2025-08-30T01:14:28Z,2025-08-30T04:39:14Z,2025-08-27T10:14:36Z,2025-09-06T13:54:50Z,2025-09-14T10:34:23Z
FC-00964,S151,2025-08-30T06:24:10Z,46.0,305.0,72.0,16.78,335.0,1385.0,0,2025-08-29T17:58:03Z,2025-08-29T11:13:19Z,2025-08-30T05:40:08Z,2025-08-17T06:54:13Z,2025-09-06T19:59:41Z,2025-09-18T13:09:11Z
FC-00965,S157,2025-08-30T06:29:48Z,16.0,140.0,31.0,11.61,116.0,616.0,0,2025-08-29T14:17:31Z,2025-08-30T02:35:44Z,2025-08-30T05:24:31Z,2025-08-28T09:10:01Z,2025-09-07T05:18:32Z,2025-09-13T01:32:25Z
FC-00966,S116,2025-08-30T08:10:29Z,71.0,546.0,78.0,27.4,526.0,2191.0,0,2025-08-30T03:42:53Z,2025-08-30T05:10:02Z,2025-08-30T07:21:20Z,2025-08-20T07:01:13Z,2025-09-06T18:27:55Z,2025-09-16T02:45:10Z
FC-00967,S139,2025-08-30T08:52:42Z,69.0,470.0,61.0,25.38,393.0,1764.0,0,2025-08-30T06:23:46Z,2025-08-29T14:36:17Z,2025-08-30T08:24:13Z,2025-08-28T04:34:05Z,2025-09-06T08:55:53Z,2025-09-21T16:15:42Z
FC-00968,S115,2025-08-30T09:51:55Z,47.0,342.0,51.0,24.22,317.0,1379.0,0,2025-08-29T15:04:32Z,2025-08-30T00:00:59Z,2025-08-30T08:32:23Z,2025-08-20T13:21:28Z,2025-09-06T11:16:55Z,2025-09-28T01:48:29Z
FC-00969,S106,2025-08-30T10:25:32Z,59.0,343.0,70.0,3.87,363.0,1524.0,0,2025-08-30T02:25:33Z,2025-08-30T00:00:10Z,2025-08-30T10:10:18Z,2025-08-24T10:01:55Z,2025-09-06T22:50:49Z,2025-09-13T00:40:58Z
FC-00970,S122,2025-08-30T10:34:28Z,46.0,320.0,78.0,7.71,344.0,1468.0,0,2025-08-30T07:37:02Z,2025-08-29T15:33:22Z,2025-08-30T09:39:23Z,2025-08-24T20:38:09Z,2025-09-06T15:37:53Z,2025-09-20T12:05:36Z
FC-00971,S128,2025-08-30T11:13:26Z,90.0,541.0,131.0,24.51,516.0,2785.0,0,2025-08-29T21:44:47Z,2025-08-29T15:37:31Z,2025-08-30T11:00:58Z,2025-08-26T21:31:12Z,2025-09-07T08:49:27Z,2025-09-14T16:28:59Z
FC-00972,S145,2025-08-30T11:37:15Z,40.0,221.0,50.0,14.45,246.0,1157.0,0,2025-08-30T03:32:51Z,2025-08-29T15:58:34Z,2025-08-30T10:58:12Z,2025-08-29T08:04:44Z,2025-09-07T09:55:47Z,2025-09-14T19:23:34Z
FC-00973,S157,2025-08-30T12:40:37Z,72.0,457.0,107.0,30.73,475.0,1956.0,0,2025-08-30T06:39:25Z,2025-08-30T10:10:46Z,2025-08-30T10:57:46Z,2025-08-27T18:22:09Z,2025-09-06T13:25:49Z,2025-09-11T17:10:04Z
FC-00974,S145,2025-08-30T14:57:36Z,29.0,167.0,34.0,27.73,218.0,757.0,0,2025-08-29T21:33:30Z,2025-08-29T20:48:59Z,2025-08-30T14:45:44Z,2025-08-25T08:57:15Z,2025-09-06T15:32:28Z,2025-09-13T16:13:49Z
FC-00975,S104,2025-08-30T15:20:19Z,51.0,389.0,98.0,27.48,456.0,1760.0,0,2025-08-29T22:48:48Z,2025-08-29T22:25:05Z,2025-08-30T14:24:38Z,2025-08-22T14:31:41Z,2025-09-07T07:23:29Z,2025-09-20T19:20:22Z
FC-00976,S113,2025-08-30T16:56:00Z,42.0,272.0,73.0,34.05,326.0,1287.0,0,2025-08-29T22:00:01Z,2025-08-30T07:02:27Z,2025-08-30T16:26:42Z,2025-08-18T10:15:37Z,2025-09-07T15:38:59Z,2025-09-14T04:41:55Z
FC-00977,S142,2025-08-30T17:54:39Z,27.0,169.0,34.0,31.37,172.0,689.0,0,2025-08-29T23:21:22Z,2025-08-30T08:34:24Z,2025-08-30T16:42:27Z,2025-08-22T21:34:18Z,2025-09-07T05:56:08Z,2025-09-12T06:36:54Z
FC-00978,S144,2025-08-30T20:13:29Z,54.0,459.0,64.0,36.5,510.0,1991.0,0,2025-08-30T00:44:49Z,2025-08-30T06:42:33Z,2025-08-30T19:59:50Z,2025-08-17T19:57:35Z,2025-09-07T04:00:30Z,2025-09-04T21:11:11Z
FC-00979,S104,2025-08-30T21:30:57Z,19.0,152.0,40.0,19.81,164.0,682.0,0,2025-08-30T07:05:12Z,2025-08-30T14:49:40Z,2025-08-30T21:22:27Z,2025-08-27T07:09:18Z,2025-09-07T06:49:38Z,2025-09-10T01:28:08Z
FC-00980,S152,2025-08-30T22:24:12Z,57.0,465.0,106.0,24.3,488.0,1727.0,0,2025-08-30T15:19:24Z,2025-08-30T09:21:55Z,2025-08-30T20:28:17Z,2025-08-28T00:46:40Z,2025-09-06T23:43:07Z,2025-09-25T17:14:38Z
FC-00981,S157,2025-08-30T22:41:27Z,70.0,491.0,58.0,29.34,474.0,1961.0,1,2025-08-30T09:51:27Z,2025-08-30T06:53:30Z,2025-08-30T21:10:02Z,2025-08-27T16:02:58Z,2025-09-07T12:13:00Z,2025-09-08T19:07:26Z
FC-00982,S130,2025-08-30T23:39:18Z,78.0,608.0,143.0,5.38,529.0,2218.0,0,2025-08-30T05:47:50Z,2025-08-30T08:55:18Z,2025-08-30T23:11:31Z,2025-08-19T23:09:24Z,2025-09-07T11:48:37Z,2025-09-16T02:17:18Z
FC-00983,S112,2025-08-31T00:15:27Z,42.0,251.0,64.0,36.38,205.0,1036.0,0,2025-08-30T04:19:01Z,2025-08-30T12:14:17Z,2025-08-30T23:33:57Z,2025-08-28T22:55:01Z,2025-09-07T00:23:49Z,2025-09-14T23:36:59Z
FC-00984,S137,2025-08-31T00:46:28Z,45.0,335.0,42.0,22.99,301.0,1348.0,1,2025-08-30T06:16:48Z,2025-08-30T16:34:44Z,2025-08-30T23:23:08Z,2025-08-17T11:51:14Z,2025-09-07T05:13:17Z,2025-09-26T02:37:01Z
FC-00985,S138,2025-08-31T02:08:27Z,57.0,357.0,43.0,2.4,317.0,1569.0,1,2025-08-30T21:47:20Z,2025-08-30T12:54:27Z,2025-08-31T01:12:36Z,2025-08-27T15:24:37Z,2025-09-07T06:23:20Z,2025-09-06T23:56:42Z
FC-00986,S105,2025-08-31T03:27:08Z,36.0,280.0,39.0,27.92,293.0,1411.0,1,2025-08-30T11:54:10Z,2025-08-30T07:41:10Z,2025-08-31T02:59:42Z,2025-08-19T02:28:02Z,2025-09-07T22:31:36Z,2025-09-28T00:54:32Z
FC-00987,S151,2025-08-31T03:52:22Z,63.0,374.0,47.0,30.56,429.0,1761.0,1,2025-08-30T18:18:13Z,2025-08-30T18:57:47Z,2025-08-31T03:21:57Z,2025-08-25T06:09:26Z,2025-09-08T03:12:31Z,2025-09-15T12:51:50Z
FC-00988,S121,2025-08-31T04:14:49Z,24.0,192.0,34.0,10.46,188.0,870.0,0,2025-08-30T16:51:27Z,2025-08-30T16:36:07Z,2025-08-31T02:36:29Z,2025-08-27T08:16:01Z,2025-09-07T11:34:02Z,2025-09-09T01:53:19Z
FC-00989,S144,2025-08-31T04:16:04Z,66.0,345.0,57.0,20.91,404.0,1692.0,0,2025-08-30T11:40:14Z,2025-08-30T15:59:39Z,2025-08-31T02:25:44Z,2025-08-27T13:12:53Z,2025-09-07T10:40:33Z,2025-09-21T14:06:41Z
FC-00990,S125,2025-08-31T04:44:57Z,91.0,642.0,150.0,34.58,563.0,2608.0,0,2025-08-30T13:22:53Z,2025-08-30T13:36:41Z,2025-08-31T03:30:16Z,2025-08-27T22:18:11Z,2025-09-07T12:43:38Z,2025-09-07T16:40:37Z
FC-00991,S133,2025-08-31T05:29:31Z,22.0,192.0,30.0,29.52,172.0,764.0,0,2025-08-30T20:16:44Z,2025-08-30T14:46:08Z,2025-08-31T05:14:14Z,2025-08-27T00:09:36Z,2025-09-07T14:56:35Z,2025-09-05T18:16:32Z
FC-00992,S102,2025-08-31T05:44:26Z,57.0,454.0,66.0,7.76,399.0,1642.0,0,2025-08-30T16:40:07Z,2025-08-31T00:53:40Z,2025-08-31T04:10:29Z,2025-08-29T15:27:03Z,2025-09-08T00:40:40Z,2025-09-08T19:08:47Z
FC-00993,S123,2025-08-31T07:06:04Z,79.0,564.0,122.0,31.8,638.0,2557.0,0,2025-08-31T01:21:16Z,2025-08-30T22:12:01Z,2025-08-31T06:01:36Z,2025-08-24T01:25:34Z,2025-09-08T05:45:15Z,2025-09-09T21:01:05Z
FC-00994,S154,2025-08-31T09:13:34Z,53.0,345.0,59.0,18.64,394.0,1832.0,0,2025-08-30T19:05:30Z,2025-08-31T05:05:22Z,2025-08-31T07:24:01Z,2025-08-22T11:46:47Z,2025-09-07T22:05:48Z,2025-09-11T01:08:57Z
FC-00995,S119,2025-08-31T09:25:52Z,51.0,354.0,33.0,8.02,288.0,1281.0,1,2025-08-31T05:27:24Z,2025-08-30T16:39:59Z,2025-08-31T07:34:21Z,2025-08-24T03:20:25Z,2025-09-08T01:21:11Z,2025-09-23T00:50:55Z
FC-00996,S142,2025-08-31T11:01:13Z,141.0,884.0,139.0,22.0,746.0,3892.0,0,2025-08-31T06:53:24Z,2025-08-30T18:05:53Z,2025-08-31T09:33:35Z,2025-08-17T11:11:07Z,2025-09-07T17:46:31Z,2025-09-23T02:37:20Z
FC-00997,S113,2025-08-31T11:12:35Z,64.0,403.0,45.0,3.09,406.0,1762.0,1,2025-08-30T16:51:37Z,2025-08-31T03:40:13Z,2025-08-31T09:56:26Z,2025-08-27T11:48:10Z,2025-09-08T05:07:32Z,2025-09-13T20:23:04Z
FC-00998,S114,2025-08-31T11:30:44Z,27.0,245.0,55.0,20.9,222.0,1012.0,0,2025-08-31T08:41:07Z,2025-08-30T22:25:13Z,2025-08-31T10:59:45Z,2025-08-27T23:27:46Z,2025-09-08T08:09:39Z,2025-09-17T20:12:17Z
FC-00999,S122,2025-08-31T12:02:52Z,115.0,664.0,81.0,6.18,708.0,2905.0,1,2025-08-30T22:02:33Z,2025-08-31T06:03:52Z,2025-08-31T10:59:23Z,2025-08-22T16:27:49Z,2025-09-08T06:06:58Z,2025-09-10T14:20:37Z
FC-01000,S147,2025-08-31T12:54:09Z,42.0,301.0,59.0,2.42,297.0,1131.0,0,2025-08-31T08:59:30Z,2025-08-31T07:24:21Z,2025-08-31T12:13:15Z,2025-08-25T23:46:38Z,2025-09-07T14:34:08Z,2025-09-11T07:26:05Z
FC-01001,S116,2025-08-31T15:20:53Z,39.0,257.0,68.0,26.04,298.0,1220.0,0,2025-08-31T10:56:02Z,2025-08-31T07:16:39Z,2025-08-31T14:37:13Z,2025-08-27T21:49:30Z,2025-09-08T04:12:43Z,2025-09-06T20:34:14Z
FC-01002,S151,2025-08-31T15:55:10Z,25.0,218.0,35.0,21.4,171.0,889.0,0,2025-08-31T12:19:42Z,2025-08-30T21:30:40Z,2025-08-31T14:40:11Z,2025-08-23T00:17:11Z,2025-09-08T05:57:22Z,2025-09-09T16:00:13Z
FC-01003,S131,2025-08-31T16:32:31Z,42.0,319.0,48.0,3.79,363.0,1330.0,0,2025-08-31T01:34:39Z,2025-08-31T08:26:00Z,2025-08-31T15:55:24Z,2025-08-30T06:21:00Z,2025-09-08T04:36:50Z,2025-09-19T16:44:26Z
FC-01004,S113,2025-08-31T18:24:38Z,43.0,370.0,36.0,19.74,400.0,1466.0,1,2025-08-31T06:12:07Z,2025-08-31T11:50:13Z,2025-08-31T17:12:26Z,2025-08-30T07:14:15Z,2025-09-07T18:32:17Z,2025-09-19T05:26:01Z
FC-01005,S108,2025-08-31T20:21:30Z,44.0,317.0,61.0,34.45,264.0,1229.0,0,2025-08-31T04:37:59Z,2025-08-31T11:57:43Z,2025-08-31T19:52:30Z,2025-08-26T21:40:46Z,2025-09-08T18:12:34Z,2025-09-21T05:26:47Z
FC-01006,S137,2025-08-31T21:59:08Z,92.0,553.0,71.0,15.69,622.0,2273.0,1,2025-08-31T19:57:25Z,2025-08-31T11:04:34Z,2025-08-31T21:47:15Z,2025-08-30T16:04:11Z,2025-09-08T12:25:02Z,2025-09-24T04:30:12Z
FC-01007,S149,2025-08-31T22:08:04Z,19.0,167.0,37.0,29.05,154.0,619.0,0,2025-08-31T15:23:23Z,2025-08-31T04:58:02Z,2025-08-31T20:43:53Z,2025-08-19T16:45:33Z,2025-09-08T07:11:41Z,2025-09-18T06:15:36Z
FC-01008,S107,2025-08-31T23:15:48Z,69.0,468.0,84.0,17.62,598.0,2450.0,0,2025-08-31T08:27:43Z,2025-08-31T15:24:13Z,2025-08-31T21:30:44Z,2025-08-24T17:14:12Z,2025-09-08T13:08:47Z,2025-09-13T02:57:06Z
FC-01009,S114,2025-08-31T23:18:10Z,32.0,217.0,21.0,12.63,181.0,751.0,1,2025-08-31T18:01:23Z,2025-08-31T19:01:41Z,2025-08-31T22:49:02Z,2025-08-29T21:06:00Z,2025-09-08T15:40:10Z,2025-09-11T23:59:02Z
FC-01010,S144,2025-08-31T23:25:40Z,77.0,721.0,109.0,21.36,644.0,2906.0,0,2025-08-31T12:17:52Z,2025-08-31T14:45:43Z,2025-08-31T21:58:30Z,2025-08-18T19:47:29Z,2025-09-08T18:27:06Z,2025-09-24T23:12:08Z
FC-01011,S115,2025-09-01T00:25:01Z,45.0,260.0,66.0,15.69,268.0,1237.0,0,2025-08-31T20:11:25Z,2025-08-31T14:18:18Z,2025-08-31T23:18:24Z,2025-08-28T12:01:01Z,2025-09-08T13:42:54Z,2025-09-16T00:03:50Z
FC-01012,S109,2025-09-01T00:31:04Z,28.0,199.0,30.0,37.42,199.0,738.0,0,2025-08-31T11:30:12Z,2025-08-31T05:54:29Z,2025-08-31T23:07:02Z,2025-08-18T08:52:50Z,2025-09-08T07:21:11Z,2025-09-29T09:19:43Z
FC-01013,S126,2025-09-01T00:33:32Z,32.0,200.0,20.0,5.35,223.0,975.0,1,2025-08-31T07:33:47Z,2025-08-31T05:37:37Z,2025-08-31T23:36:44Z,2025-08-30T08:49:34Z,2025-09-08T08:46:30Z,2025-09-29T06:48:47Z
FC-01014,S140,2025-09-01T00:47:10Z,54.0,376.0,100.0,25.91,453.0,1980.0,0,2025-08-31T12:11:55Z,2025-08-31T11:26:28Z,2025-08-31T23:25:49Z,2025-08-22T02:23:12Z,2025-09-08T19:18:38Z,2025-09-23T03:08:56Z
FC-01015,S116,2025-09-01T00:57:26Z,33.0,221.0,38.0,11.19,219.0,1015.0,0,2025-08-31T10:45:54Z,2025-08-31T07:35:22Z,2025-09-01T00:18:14Z,2025-08-24T22:44:50Z,2025-09-08T13:35:02Z,2025-09-15T11:34:25Z
FC-01016,S106,2025-09-01T02:14:45Z,47.0,369.0,52.0,31.42,363.0,1619.0,1,2025-08-31T22:08:10Z,2025-08-31T09:09:31Z,2025-09-01T00:36:22Z,2025-08-26T16:22:55Z,2025-09-09T00:37:22Z,2025-09-23T00:09:24Z
FC-01017,S103,2025-09-01T02:19:25Z,98.0,625.0,98.0,22.95,521.0,2429.0,0,2025-08-31T18:52:40Z,2025-08-31T14:50:34Z,2025-09-01T02:08:01Z,2025-08-19T18:25:16Z,2025-09-08T13:50:25Z,2025-09-09T15:52:21Z
FC-01018,S156,2025-09-01T03:12:42Z,72.0,623.0,82.0,36.37,663.0,2624.0,0,2025-09-01T00:22:46Z,2025-08-31T07:53:22Z,2025-09-01T01:52:14Z,2025-08-26T03:50:55Z,2025-09-08T18:33:02Z,2025-09-06T09:44:49Z
FC-01019,S143,2025-09-01T03:44:44Z,61.0,349.0,38.0,4.33,371.0,1673.0,1,2025-08-31T17:13:59Z,2025-08-31T20:28:25Z,2025-09-01T03:23:41Z,2025-08-27T02:33:15Z,2025-09-09T02:47:55Z,2025-09-14T15:04:35Z
FC-01020,S112,2025-09-01T04:02:33Z,53.0,470.0,102.0,24.6,522.0,1717.0,0,2025-09-01T00:50:15Z,2025-08-31T20:11:09Z,2025-09-01T02:27:06Z,2025-08-19T16:28:47Z,2025-09-09T02:37:17Z,2025-09-15T17:33:05Z
FC-01021,S124,2025-09-01T04:12:58Z,15.0,146.0,32.0,13.98,120.0,518.0,0,2025-08-31T08:59:52Z,2025-08-31T10:37:44Z,2025-09-01T02:53:11Z,2025-08-29T13:35:20Z,2025-09-09T02:03:43Z,2025-09-30T11:06:37Z
FC-01022,S130,2025-09-01T04:32:06Z,40.0,333.0,59.0,22.58,290.0,1236.0,0,2025-08-31T17:48:08Z,2025-08-31T22:55:31Z,2025-09-01T02:58:58Z,2025-08-24T19:21:59Z,2025-09-08T09:56:02Z,2025-09-24T17:46:51Z
FC-01023,S141,2025-09-01T06:34:37Z,52.0,272.0,48.0,31.51,337.0,1239.0,0,2025-08-31T13:18:42Z,2025-08-31T18:50:23Z,2025-09-01T05:00:58Z,2025-08-22T03:34:08Z,2025-09-08T15:35:57Z,2025-09-28T18:58:57Z
FC-01024,S148,2025-09-01T07:31:47Z,39.0,338.0,80.0,5.95,329.0,1306.0,0,2025-08-31T22:51:02Z,2025-08-31T12:19:39Z,2025-09-01T06:38:03Z,2025-08-24T21:35:51Z,2025-09-08T07:41:21Z,2025-09-10T10:28:30Z
FC-01025,S117,2025-09-01T07:56:34Z,26.0,184.0,27.0,13.56,197.0,757.0,0,2025-08-31T16:50:22Z,2025-09-01T04:52:37Z,2025-09-01T06:15:51Z,2025-08-19T15:21:24Z,2025-09-08T11:30:17Z,2025-09-19T14:33:55Z
FC-01026,S130,2025-09-01T08:02:23Z,46.0,234.0,63.0,19.95,288.0,1236.0,0,2025-08-31T18:25:42Z,2025-08-31T19:05:31Z,2025-09-01T06:35:40Z,2025-08-28T00:31:35Z,2025-09-08T19:36:26Z,2025-09-18T16:07:41Z
FC-01027,S127,2025-09-01T09:14:26Z,49.0,341.0,56.0,19.58,379.0,1525.0,0,2025-08-31T19:19:41Z,2025-08-31T22:56:20Z,2025-09-01T08:46:07Z,2025-08-29T08:13:16Z,2025-09-08T12:41:24Z,2025-09-16T09:31:06Z
FC-01028,S134,2025-09-01T09:26:01Z,61.0,429.0,40.0,28.3,349.0,1672.0,1,2025-08-31T19:56:45Z,2025-09-01T04:05:56Z,2025-09-01T07:53:21Z,2025-08-21T10:36:38Z,2025-09-08T14:06:26Z,2025-09-26T04:41:21Z
FC-01029,S133,2025-09-01T10:21:06Z,20.0,137.0,27.0,19.94,146.0,643.0,0,2025-09-01T00:45:17Z,2025-09-01T06:32:44Z,2025-09-01T08:44:02Z,2025-08-22T06:08:20Z,2025-09-09T02:00:35Z,2025-09-20T05:04:13Z
FC-01030,S145,2025-09-01T10:48:32Z,49.0,315.0,61.0,33.25,371.0,1408.0,0,2025-09-01T00:25:46Z,2025-08-31T23:06:23Z,2025-09-01T08:55:00Z,2025-08-21T22:30:38Z,2025-09-09T07:31:35Z,2025-09-18T01:21:34Z
FC-01031,S143,2025-09-01T10:55:04Z,77.0,517.0,145.0,39.51,586.0,2639.0,0,2025-08-31T21:29:48Z,2025-08-31T22:39:13Z,2025-09-01T09:09:35Z,2025-08-30T05:01:14Z,2025-09-08T23:42:32Z,2025-09-13T10:33:12Z
FC-01032,S134,2025-09-01T11:15:45Z,67.0,405.0,56.0,35.82,440.0,1714.0,1,2025-09-01T07:54:37Z,2025-08-31T18:51:13Z,2025-09-01T10:30:04Z,2025-08-27T08:47:42Z,2025-09-08T18:16:07Z,2025-09-23T15:32:39Z
FC-01033,S153,2025-09-01T11:45:03Z,66.0,428.0,89.0,28.06,453.0,1781.0,0,2025-08-31T22:33:06Z,2025-08-31T20:39:07Z,2025-09-01T10:42:14Z,2025-08-20T06:34:18Z,2025-09-08T23:39:11Z,2025-09-07T19:21:19Z
FC-01034,S125,2025-09-01T13:10:32Z,49.0,424.0,56.0,32.22,335.0,1772.0,0,2025-08-31T17:21:09Z,2025-09-01T08:09:38Z,2025-09-01T11:25:37Z,2025-08-19T20:21:28Z,2025-09-09T12:09:17Z,2025-09-10T08:39:48Z
FC-01035,S110,2025-09-01T13:31:33Z,62.0,449.0,47.0,16.73,430.0,2001.0,1,2025-08-31T17:31:58Z,2025-09-01T04:24:51Z,2025-09-01T12:51:28Z,2025-08-27T12:52:56Z,2025-09-08T16:17:08Z,2025-09-19T23:17:31Z
FC-01036,S100,2025-09-01T15:56:49Z,33.0,255.0,45.0,23.2,318.0,1185.0,0,2025-09-01T11:00:39Z,2025-09-01T05:17:37Z,2025-09-01T14:02:31Z,2025-08-20T17:49:31Z,2025-09-09T04:19:51Z,2025-10-01T03:06:17Z
FC-01037,S115,2025-09-01T17:47:33Z,66.0,447.0,87.0,16.99,378.0,1771.0,0,2025-08-31T23:06:10Z,2025-09-01T11:18:31Z,2025-09-01T16:11:43Z,2025-08-20T04:03:43Z,2025-09-09T12:48:32Z,2025-09-30T20:04:46Z
FC-01038,S147,2025-09-01T17:50:32Z,40.0,355.0,48.0,38.8,290.0,1300.0,0,2025-09-01T04:40:41Z,2025-09-01T07:28:44Z,2025-09-01T16:11:20Z,2025-08-23T02:43:59Z,2025-09-09T13:10:46Z,2025-09-27T10:44:54Z
FC-01039,S135,2025-09-01T18:09:07Z,55.0,437.0,42.0,15.73,467.0,1806.0,1,2025-09-01T15:54:11Z,2025-08-31T23:25:44Z,2025-09-01T16:15:02Z,2025-08-21T02:48:00Z,2025-09-09T09:21:39Z,2025-09-18T11:44:31Z
FC-01040,S103,2025-09-01T18:36:48Z,28.0,169.0,34.0,19.27,189.0,783.0,0,2025-09-01T00:04:52Z,2025-09-01T13:35:19Z,2025-09-01T17:25:14Z,2025-08-22T14:17:41Z,2025-09-09T00:56:09Z,2025-09-11T20:30:04Z
FC-01041,S106,2025-09-01T18:53:27Z,28.0,222.0,35.0,7.32,224.0,939.0,0,2025-09-01T00:06:16Z,2025-09-01T13:12:36Z,2025-09-01T18:11:56Z,2025-08-26T20:44:21Z,2025-09-08T21:28:22Z,2025-09-28T09:39:02Z
FC-01042,S145,2025-09-01T19:57:03Z,53.0,316.0,55.0,2.36,334.0,1249.0,0,2025-09-01T16:18:30Z,2025-09-01T09:16:21Z,2025-09-01T19:15:31Z,2025-08-25T21:48:14Z,2025-09-09T04:51:07Z,2025-09-23T11:32:44Z
FC-01043,S106,2025-09-01T19:57:31Z,51.0,461.0,75.0,37.55,428.0,1874.0,0,2025-09-01T15:40:12Z,2025-09-01T14:50:07Z,2025-09-01T19:24:17Z,2025-08-19T02:26:40Z,2025-09-08T20:04:39Z,2025-09-20T20:09:59Z
FC-01044,S146,2025-09-01T20:01:35Z,98.0,536.0,79.0,5.31,597.0,2443.0,0,2025-09-01T09:10:04Z,2025-09-01T08:50:02Z,2025-09-01T19:31:59Z,2025-08-27T13:23:21Z,2025-09-09T06:45:31Z,2025-09-12T00:03:23Z
FC-01045,S116,2025-09-01T20:31:31Z,97.0,693.0,118.0,28.5,511.0,2381.0,0,2025-09-01T03:10:15Z,2025-09-01T04:17:05Z,2025-09-01T19:21:12Z,2025-08-27T08:12:34Z,2025-09-09T13:04:07Z,2025-09-16T13:56:43Z
FC-01046,S120,2025-09-01T20:52:22Z,19.0,137.0,22.0,39.69,129.0,534.0,0,2025-09-01T15:22:11Z,2025-09-01T11:39:35Z,2025-09-01T19:51:18Z,2025-08-20T23:44:14Z,2025-09-09T16:47:03Z,2025-09-14T07:32:13Z
FC-01047,S123,2025-09-01T20:57:56Z,78.0,559.0,104.0,21.78,441.0,2220.0,0,2025-09-01T05:36:01Z,2025-09-01T09:31:35Z,2025-09-01T19:28:25Z,2025-08-23T18:24:59Z,2025-09-09T06:11:45Z,2025-09-27T07:23:04Z
FC-01048,S102,2025-09-01T21:11:42Z,34.0,237.0,24.0,16.93,214.0,872.0,1,2025-09-01T11:59:51Z,2025-09-01T04:24:13Z,2025-09-01T20:33:36Z,2025-08-25T09:23:32Z,2025-09-09T07:10:54Z,2025-09-30T06:48:04Z
FC-01049,S113,2025-09-01T21:31:37Z,52.0,341.0,33.0,36.81,309.0,1328.0,1,2025-09-01T06:30:20Z,2025-09-01T11:11:52Z,2025-09-01T19:42:35Z,2025-08-30T03:45:41Z,2025-09-09T08:17:49Z,2025-09-29T13:12:24Z
FC-01050,S154,2025-09-01T22:48:11Z,43.0,323.0,31.0,7.23,319.0,1185.0,1,2025-09-01T15:08:54Z,2025-09-01T18:11:06Z,2025-09-01T21:23:24Z,2025-08-23T17:37:36Z,2025-09-09T07:19:40Z,2025-09-08T03:26:34Z
FC-01051,S134,2025-09-01T23:33:09Z,53.0,436.0,51.0,7.27,389.0,1803.0,1,2025-09-01T08:04:37Z,2025-09-01T08:00:09Z,2025-09-01T21:39:31Z,2025-08-23T13:52:04Z,2025-09-09T14:17:32Z,2025-09-27T19:13:54Z
FC-01052,S133,2025-09-02T00:25:40Z,35.0,305.0,71.0,20.17,290.0,1215.0,0,2025-09-01T10:42:53Z,2025-09-01T18:26:33Z,2025-09-01T23:52:05Z,2025-08-30T15:28:17Z,2025-09-09T03:19:34Z,2025-09-16T20:23:29Z
FC-01053,S124,2025-09-02T01:01:23Z,44.0,338.0,77.0,39.64,375.0,1369.0,0,2025-09-01T11:11:33Z,2025-09-01T07:44:13Z,2025-09-01T23:29:21Z,2025-08-25T21:20:17Z,2025-09-09T20:41:31Z,2025-09-30T03:21:24Z
FC-01054,S139,2025-09-02T01:23:32Z,57.0,312.0,68.0,31.54,310.0,1546.0,0,2025-09-01T13:10:33Z,2025-09-01T15:26:14Z,2025-09-02T00:58:10Z,2025-08-20T07:13:29Z,2025-09-09T17:58:51Z,2025-09-10T19:00:35Z
FC-01055,S117,2025-09-02T04:00:23Z,21.0,125.0,23.0,28.78,119.0,534.0,0,2025-09-01T11:44:26Z,2025-09-01T11:23:14Z,2025-09-02T02:19:30Z,2025-08-22T04:47:21Z,2025-09-10T01:58:12Z,2025-09-29T05:04:29Z
FC-01056,S117,2025-09-02T04:24:00Z,30.0,205.0,36.0,12.83,238.0,991.0,0,2025-09-01T21:31:24Z,2025-09-01T14:05:49Z,2025-09-02T02:26:14Z,2025-08-30T20:36:09Z,2025-09-09T05:14:52Z,2025-09-16T18:50:33Z
FC-01057,S159,2025-09-02T05:05:00Z,51.0,366.0,76.0,10.85,372.0,1545.0,0,2025-09-02T02:25:26Z,2025-09-01T11:03:34Z,2025-09-02T04:31:23Z,2025-08-28T10:16:19Z,2025-09-09T18:45:51Z,2025-09-21T10:37:16Z
FC-01058,S149,2025-09-02T05:07:45Z,122.0,855.0,203.0,13.87,1008.0,3547.0,0,2025-09-01T21:23:49Z,2025-09-01T23:16:09Z,2025-09-02T03:29:58Z,2025-08-22T12:38:40Z,2025-09-09T16:44:21Z,2025-09-20T17:23:36Z
FC-01059,S139,2025-09-02T05:25:08Z,59.0,364.0,84.0,37.31,372.0,1668.0,0,2025-09-01T17:01:41Z,2025-09-01T10:36:07Z,2025-09-02T04:46:57Z,2025-08-21T11:41:15Z,2025-09-10T03:09:56Z,2025-09-25T03:24:27Z
FC-01060,S122,2025-09-02T06:23:01Z,22.0,157.0,36.0,5.19,135.0,660.0,0,2025-09-01T20:06:36Z,2025-09-02T01:33:28Z,2025-09-02T05:51:15Z,2025-08-27T20:26:56Z,2025-09-10T04:08:39Z,2025-09-15T03:46:43Z
FC-01061,S108,2025-09-02T06:32:20Z,31.0,210.0,27.0,14.69,196.0,836.0,0,2025-09-01T23:07:23Z,2025-09-01T17:55:35Z,2025-09-02T04:48:43Z,2025-08-28T15:42:08Z,2025-09-09T19:30:00Z,2025-09-10T04:17:47Z
FC-01062,S100,2025-09-02T07:30:08Z,26.0,189.0,22.0,35.77,242.0,791.0,1,2025-09-01T16:49:07Z,2025-09-02T05:28:08Z,2025-09-02T06:08:53Z,2025-09-01T06:00:28Z,2025-09-09T07:42:32Z,2025-09-27T22:24:55Z
FC-01063,S112,2025-09-02T07:50:34Z,60.0,342.0,60.0,4.81,420.0,1651.0,0,2025-09-02T00:25:14Z,2025-09-01T23:52:15Z,2025-09-02T05:53:46Z,2025-08-31T03:53:37Z,2025-09-10T02:06:59Z,2025-10-01T20:32:27Z
FC-01064,S147,2025-09-02T08:17:35Z,16.0,87.0,15.0,2.89,118.0,392.0,0,2025-09-01T14:50:05Z,2025-09-01T19:36:28Z,2025-09-02T06:58:26Z,2025-08-31T17:43:26Z,2025-09-09T15:25:39Z,2025-09-18T04:16:20Z
FC-01065,S154,2025-09-02T09:19:50Z,34.0,206.0,29.0,32.58,209.0,850.0,1,2025-09-02T03:25:59Z,2025-09-01T13:41:24Z,2025-09-02T07:53:25Z,2025-08-25T18:27:34Z,2025-09-10T01:56:42Z,2025-10-01T21:47:06Z
FC-01066,S159,2025-09-02T10:30:25Z,31.0,257.0,53.0,15.28,238.0,1055.0,0,2025-09-02T01:21:17Z,2025-09-02T05:31:30Z,2025-09-02T10:09:53Z,2025-08-24T09:04:06Z,2025-09-09T14:26:38Z,2025-09-24T13:33:34Z
FC-01067,S124,2025-09-02T10:42:51Z,37.0,242.0,53.0,18.1,314.0,1177.0,0,2025-09-01T17:51:34Z,2025-09-01T19:58:25Z,2025-09-02T09:21:31Z,2025-08-20T19:12:25Z,2025-09-09T17:04:46Z,2025-09-30T04:14:00Z
FC-01068,S122,2025-09-02T11:22:53Z,72.0,443.0,95.0,22.71,472.0,2292.0,0,2025-09-01T21:06:07Z,2025-09-01T18:56:44Z,2025-09-02T09:56:53Z,2025-08-31T20:03:33Z,2025-09-10T10:38:52Z,2025-09-20T18:17:25Z
FC-01069,S105,2025-09-02T13:00:40Z,57.0,351.0,58.0,29.49,423.0,1692.0,0,2025-09-02T07:36:16Z,2025-09-02T04:46:22Z,2025-09-02T11:08:48Z,2025-08-31T09:38:40Z,2025-09-10T11:00:30Z,2025-09-17T20:12:01Z
FC-01070,S123,2025-09-02T13:42:55Z,39.0,289.0,67.0,21.05,352.0,1450.0,0,2025-09-02T09:53:24Z,2025-09-02T02:37:33Z,2025-09-02T12:18:58Z,2025-08-24T17:16:09Z,2025-09-10T04:22:58Z,2025-09-17T16:32:00Z
FC-01071,S120,2025-09-02T13:44:59Z,23.0,150.0,35.0,30.21,135.0,617.0,0,2025-09-01T18:38:05Z,2025-09-02T06:36:17Z,2025-09-02T13:19:39Z,2025-08-30T16:19:23Z,2025-09-10T10:58:34Z,2025-09-12T02:18:04Z
FC-01072,S153,2025-09-02T14:07:33Z,31.0,189.0,42.0,12.62,186.0,807.0,0,2025-09-02T00:03:46Z,2025-09-01T18:48:25Z,2025-09-02T13:49:49Z,2025-08-23T02:33:56Z,2025-09-10T04:35:35Z,2025-09-23T07:34:22Z
FC-01073,S115,2025-09-02T14:11:06Z,59.0,349.0,62.0,15.92,455.0,1768.0,0,2025-09-01T19:04:40Z,2025-09-02T02:45:32Z,2025-09-02T13:55:59Z,2025-08-27T21:02:49Z,2025-09-10T13:49:20Z,2025-09-26T02:04:41Z
FC-01074,S104,2025-09-02T15:27:43Z,51.0,333.0,65.0,13.25,332.0,1497.0,0,2025-09-01T21:24:59Z,2025-09-02T12:58:20Z,2025-09-02T15:05:57Z,2025-08-22T12:22:09Z,2025-09-10T06:10:09Z,2025-09-10T06:07:11Z
FC-01075,S128,2025-09-02T15:39:30Z,39.0,272.0,31.0,17.45,247.0,1018.0,1,2025-09-02T13:35:22Z,2025-09-01T23:22:15Z,2025-09-02T14:50:54Z,2025-08-24T14:00:11Z,2025-09-10T04:27:52Z,2025-09-10T13:17:53Z
FC-01076,S158,2025-09-02T17:39:10Z,31.0,237.0,46.0,11.67,164.0,973.0,0,2025-09-02T09:47:19Z,2025-09-02T03:11:55Z,2025-09-02T17:10:40Z,2025-08-21T08:28:36Z,2025-09-10T08:19:28Z,2025-09-26T21:24:29Z
FC-01077,S108,2025-09-02T19:02:25Z,72.0,617.0,137.0,28.02,581.0,2723.0,0,2025-09-02T04:14:08Z,2025-09-02T11:26:39Z,2025-09-02T17:44:06Z,2025-08-20T08:23:47Z,2025-09-10T02:52:49Z,2025-09-27T01:43:58Z
FC-01078,S135,2025-09-02T19:43:47Z,40.0,238.0,51.0,33.07,202.0,1081.0,0,2025-09-02T14:47:42Z,2025-09-02T00:45:48Z,2025-09-02T18:47:47Z,2025-08-20T16:54:23Z,2025-09-10T02:59:22Z,2025-09-17T16:43:57Z
FC-01079,S150,2025-09-02T19:57:05Z,60.0,556.0,107.0,28.38,472.0,2155.0,0,2025-09-02T04:19:18Z,2025-09-02T07:25:40Z,2025-09-02T18:01:23Z,2025-08-27T09:21:14Z,2025-09-09T22:22:06Z,2025-09-23T02:03:19Z
FC-01080,S144,2025-09-02T20:14:45Z,70.0,442.0,107.0,5.75,367.0,1919.0,0,2025-09-02T03:24:18Z,2025-09-02T02:30:58Z,2025-09-02T19:11:30Z,2025-08-23T07:30:14Z,2025-09-10T07:57:07Z,2025-09-23T18:51:21Z
FC-01081,S121,2025-09-02T21:23:32Z,116.0,721.0,79.0,16.95,629.0,3321.0,1,2025-09-02T01:33:10Z,2025-09-02T15:14:22Z,2025-09-02T20:48:39Z,2025-08-30T04:08:41Z,2025-09-10T00:45:16Z,2025-09-17T07:25:14Z
FC-01082,S159,2025-09-02T21:57:09Z,22.0,126.0,30.0,6.06,142.0,626.0,0,2025-09-02T05:26:39Z,2025-09-02T06:27:00Z,2025-09-02T20:48:31Z,2025-08-25T09:52:47Z,2025-09-10T11:16:35Z,2025-09-30T01:04:37Z
FC-01083,S142,2025-09-02T22:04:48Z,11.0,71.0,10.0,21.86,88.0,318.0,1,2025-09-02T12:54:26Z,2025-09-02T14:52:27Z,2025-09-02T21:02:26Z,2025-08-28T01:05:41Z,2025-09-10T20:39:57Z,2025-09-18T02:12:22Z
FC-01084,S106,2025-09-02T23:03:37Z,76.0,413.0,120.0,36.49,454.0,2053.0,0,2025-09-02T18:01:48Z,2025-09-02T07:54:30Z,2025-09-02T22:45:14Z,2025-08-23T16:57:55Z,2025-09-10T21:57:06Z,2025-10-02T16:16:21Z
FC-01085,S150,2025-09-02T23:52:34Z,44.0,314.0,50.0,27.86,223.0,1115.0,0,2025-09-02T19:22:24Z,2025-09-02T21:33:25Z,2025-09-02T22:37:48Z,2025-08-21T16:26:07Z,2025-09-09T23:57:37Z,2025-09-13T12:31:34Z
FC-01086,S109,2025-09-03T01:54:44Z,25.0,205.0,19.0,29.94,179.0,790.0,1,2025-09-02T11:48:51Z,2025-09-02T19:12:54Z,2025-09-03T01:28:02Z,2025-08-30T15:33:01Z,2025-09-11T00:49:02Z,2025-10-02T11:05:44Z
FC-01087,S132,2025-09-03T02:15:28Z,56.0,445.0,87.0,18.45,442.0,1965.0,0,2025-09-02T18:04:27Z,2025-09-02T12:35:57Z,2025-09-03T01:22:45Z,2025-08-29T07:36:07Z,2025-09-10T12:05:03Z,2025-09-18T01:48:13Z
FC-01088,S159,2025-09-03T02:40:39Z,45.0,278.0,48.0,32.78,342.0,1243.0,0,2025-09-02T12:40:04Z,2025-09-02T10:05:25Z,2025-09-03T01:09:47Z,2025-08-24T13:32:06Z,2025-09-10T14:27:56Z,2025-09-09T13:14:13Z
FC-01089,S111,2025-09-03T04:21:24Z,24.0,149.0,28.0,24.94,157.0,693.0,0,2025-09-03T00:35:11Z,2025-09-03T01:19:44Z,2025-09-03T03:45:20Z,2025-08-27T05:56:06Z,2025-09-10T12:47:13Z,2025-09-22T07:42:25Z
FC-01090,S119,2025-09-03T05:02:04Z,22.0,120.0,32.0,33.34,131.0,557.0,0,2025-09-02T21:38:55Z,2025-09-03T00:09:59Z,2025-09-03T03:09:42Z,2025-08-24T03:23:11Z,2025-09-10T17:55:32Z,2025-09-11T23:14:20Z
FC-01091,S107,2025-09-03T05:27:44Z,103.0,623.0,142.0,5.47,567.0,2842.0,0,2025-09-02T14:28:29Z,2025-09-02T22:01:53Z,2025-09-03T04:36:50Z,2025-08-30T17:44:03Z,2025-09-11T02:34:01Z,2025-09-10T04:09:17Z
FC-01092,S144,2025-09-03T08:23:20Z,25.0,151.0,26.0,13.1,149.0,597.0,0,2025-09-03T05:04:03Z,2025-09-03T02:03:45Z,2025-09-03T07:16:32Z,2025-08-27T15:12:37Z,2025-09-10T15:41:25Z,2025-09-21T19:08:24Z
FC-01093,S130,2025-09-03T08:36:49Z,67.0,403.0,81.0,4.96,406.0,1792.0,0,2025-09-03T03:11:36Z,2025-09-02T19:23:09Z,2025-09-03T07:15:58Z,2025-08-31T10:13:00Z,2025-09-11T01:24:20Z,2025-09-29T08:11:50Z
FC-01094,S122,2025-09-03T08:39:08Z,76.0,477.0,63.0,36.39,477.0,2363.0,1,2025-09-02T13:18:45Z,2025-09-03T03:51:28Z,2025-09-03T06:41:51Z,2025-08-29T18:52:57Z,2025-09-10T09:07:36Z,2025-09-15T09:01:23Z
FC-01095,S104,2025-09-03T08:46:33Z,37.0,352.0,37.0,24.05,288.0,1280.0,1,2025-09-02T13:17:11Z,2025-09-03T02:24:38Z,2025-09-03T07:09:31Z,2025-08-30T22:45:56Z,2025-09-10T15:24:37Z,2025-09-17T23:54:37Z
FC-01096,S145,2025-09-03T09:03:54Z,40.0,296.0,54.0,9.19,347.0,1255.0,0,2025-09-02T13:07:21Z,2025-09-02T19:28:18Z,2025-09-03T07:39:52Z,2025-08-25T23:52:05Z,2025-09-10T10:35:16Z,2025-09-18T03:26:04Z
FC-01097,S143,2025-09-03T11:53:49Z,31.0,169.0,45.0,4.96,193.0,712.0,0,2025-09-02T20:14:54Z,2025-09-03T05:04:38Z,2025-09-03T11:07:27Z,2025-08-29T01:51:16Z,2025-09-11T05:39:21Z,2025-09-11T07:14:16Z
FC-01098,S102,2025-09-03T12:27:35Z,45.0,336.0,55.0,24.42,332.0,1473.0,0,2025-09-03T04:23:00Z,2025-09-03T08:07:08Z,2025-09-03T12:11:21Z,2025-08-26T02:26:08Z,2025-09-11T04:15:31Z,2025-09-17T08:58:50Z
FC-01099,S118,2025-09-03T12:44:10Z,53.0,357.0,68.0,11.21,356.0,1696.0,0,2025-09-02T17:41:47Z,2025-09-03T05:54:17Z,2025-09-03T12:30:51Z,2025-08-30T06:50:25Z,2025-09-10T12:49:24Z,2025-09-11T23:06:49Z
FC-01100,S118,2025-09-03T13:19:45Z,70.0,556.0,75.0,37.78,456.0,2308.0,0,2025-09-02T18:14:27Z,2025-09-02T22:30:36Z,2025-09-03T12:13:55Z,2025-08-22T14:54:15Z,2025-09-10T23:16:37Z,2025-09-26T19:33:57Z
FC-01101,S143,2025-09-03T14:00:00Z,45.0,240.0,43.0,9.58,281.0,1183.0,0,2025-09-03T08:41:31Z,2025-09-02T20:05:47Z,2025-09-03T12:05:56Z,2025-08-31T03:37:25Z,2025-09-10T16:35:59Z,2025-09-23T04:02:27Z
FC-01102,S122,2025-09-03T14:50:24Z,19.0,113.0,18.0,7.58,103.0,511.0,0,2025-09-03T01:54:36Z,2025-09-03T00:38:51Z,2025-09-03T12:53:07Z,2025-08-29T21:59:13Z,2025-09-11T00:10:04Z,2025-09-11T05:01:30Z
FC-01103,S117,2025-09-03T14:56:28Z,48.0,352.0,39.0,26.74,370.0,1485.0,1,2025-09-02T19:02:13Z,2025-09-02T22:55:37Z,2025-09-03T13:56:34Z,2025-08-27T00:08:07Z,2025-09-11T03:56:13Z,2025-09-16T03:08:17Z
FC-01104,S115,2025-09-03T16:27:35Z,96.0,644.0,135.0,35.82,638.0,3108.0,0,2025-09-03T08:55:23Z,2025-09-03T08:41:08Z,2025-09-03T14:51:35Z,2025-08-29T11:13:51Z,2025-09-11T03:02:12Z,2025-10-02T17:23:05Z
FC-01105,S108,2025-09-03T16:35:55Z,97.0,702.0,139.0,31.52,752.0,3529.0,0,2025-09-03T03:03:15Z,2025-09-03T14:02:45Z,2025-09-03T16:00:54Z,2025-08-21T07:43:09Z,2025-09-10T18:05:25Z,2025-09-18T06:39:54Z
FC-01106,S147,2025-09-03T17:25:01Z,36.0,181.0,20.0,30.5,224.0,823.0,1,2025-09-02T23:59:39Z,2025-09-02T23:42:05Z,2025-09-03T17:18:33Z,2025-08-27T17:49:54Z,2025-09-11T09:47:16Z,2025-09-14T18:51:13Z
FC-01107,S136,2025-09-03T18:17:43Z,29.0,249.0,57.0,31.36,253.0,1144.0,0,2025-09-03T10:34:10Z,2025-09-02T22:19:05Z,2025-09-03T16:20:50Z,2025-08-24T05:18:42Z,2025-09-10T21:48:30Z,2025-09-09T20:25:34Z
FC-01108,S106,2025-09-03T21:12:36Z,12.0,77.0,11.0,14.79,80.0,343.0,1,2025-09-03T12:48:20Z,2025-09-03T14:28:48Z,2025-09-03T19:16:29Z,2025-08-30T04:45:35Z,2025-09-11T13:03:43Z,2025-09-15T05:25:34Z
FC-01109,S148,2025-09-03T21:12:48Z,82.0,490.0,100.0,12.46,451.0,2239.0,0,2025-09-03T04:51:31Z,2025-09-03T08:07:45Z,2025-09-03T20:56:32Z,2025-08-29T05:55:36Z,2025-09-11T17:01:36Z,2025-09-17T17:33:31Z
FC-01110,S142,2025-09-03T22:01:03Z,31.0,219.0,28.0,7.18,222.0,1072.0,1,2025-09-03T03:17:21Z,2025-09-03T04:32:57Z,2025-09-03T20:31:06Z,2025-09-01T10:56:40Z,2025-09-10T23:00:45Z,2025-09-13T18:18:36Z
FC-01111,S122,2025-09-03T22:02:18Z,35.0,329.0,54.0,19.17,286.0,1270.0,0,2025-09-03T09:17:03Z,2025-09-03T03:38:37Z,2025-09-03T20:03:24Z,2025-08-25T22:28:44Z,2025-09-11T16:25:58Z,2025-09-16T10:16:40Z
FC-01112,S150,2025-09-04T01:21:38Z,22.0,173.0,38.0,2.7,164.0,666.0,0,2025-09-03T14:39:15Z,2025-09-03T13:54:45Z,2025-09-03T23:23:23Z,2025-08-27T07:27:53Z,2025-09-11T10:03:40Z,2025-09-09T12:33:34Z
FC-01113,S138,2025-09-04T02:18:00Z,34.0,257.0,25.0,31.62,292.0,1052.0,1,2025-09-03T18:30:23Z,2025-09-03T18:25:25Z,2025-09-04T00:59:42Z,2025-08-21T02:53:41Z,2025-09-11T23:23:48Z,2025-09-15T13:28:27Z
FC-01114,S100,2025-09-04T02:25:09Z,17.0,93.0,22.0,12.94,100.0,396.0,0,2025-09-03T09:34:28Z,2025-09-03T22:05:00Z,2025-09-04T00:53:28Z,2025-08-21T08:46:24Z,2025-09-11T23:53:50Z,2025-09-30T21:35:00Z
FC-01115,S154,2025-09-04T02:26:21Z,100.0,514.0,151.0,28.68,560.0,2739.0,0,2025-09-03T13:20:10Z,2025-09-03T23:21:11Z,2025-09-04T01:57:18Z,2025-08-28T15:38:56Z,2025-09-11T18:03:28Z,2025-09-17T22:01:47Z
FC-01116,S122,2025-09-04T02:42:55Z,27.0,191.0,43.0,22.45,203.0,988.0,0,2025-09-03T08:07:42Z,2025-09-03T13:19:01Z,2025-09-04T01:42:36Z,2025-08-30T17:46:08Z,2025-09-11T03:34:20Z,2025-09-20T23:19:53Z
FC-01117,S101,2025-09-04T03:17:36Z,40.0,256.0,28.0,13.61,303.0,1185.0,1,2025-09-03T15:49:39Z,2025-09-03T15:17:57Z,2025-09-04T01:45:18Z,2025-08-30T20:40:20Z,2025-09-12T00:59:24Z,2025-09-12T01:30:01Z
FC-01118,S102,2025-09-04T03:29:59Z,22.0,185.0,26.0,10.68,160.0,673.0,0,2025-09-04T00:18:39Z,2025-09-03T22:23:57Z,2025-09-04T02:03:16Z,2025-08-24T18:00:26Z,2025-09-12T01:52:50Z,2025-10-03T07:53:59Z
FC-01119,S133,2025-09-04T05:11:52Z,54.0,283.0,34.0,30.62,337.0,1525.0,1,2025-09-03T21:18:59Z,2025-09-03T12:53:29Z,2025-09-04T04:48:33Z,2025-08-22T07:22:37Z,2025-09-11T10:57:55Z,2025-10-03T05:40:30Z
FC-01120,S124,2025-09-04T05:34:13Z,31.0,265.0,41.0,11.19,275.0,1271.0,0,2025-09-04T00:34:56Z,2025-09-04T02:54:24Z,2025-09-04T03:35:28Z,2025-08-31T22:58:41Z,2025-09-11T16:32:55Z,2025-10-02T06:34:27Z
FC-01121,S126,2025-09-04T07:34:18Z,32.0,187.0,36.0,8.91,218.0,785.0,0,2025-09-04T00:59:17Z,2025-09-04T02:38:38Z,2025-09-04T06:00:43Z,2025-08-26T20:18:46Z,2025-09-11T08:46:12Z,2025-09-12T21:11:07Z
FC-01122,S108,2025-09-04T08:25:01Z,37.0,316.0,49.0,36.41,310.0,1238.0,0,2025-09-04T01:23:09Z,2025-09-03T15:03:22Z,2025-09-04T07:26:44Z,2025-08-23T15:22:22Z,2025-09-12T03:05:15Z,2025-09-14T12:11:34Z
FC-01123,S103,2025-09-04T08:40:16Z,43.0,325.0,75.0,3.27,354.0,1573.0,0,2025-09-03T16:52:21Z,2025-09-03T16:39:26Z,2025-09-04T06:50:51Z,2025-08-24T04:22:15Z,2025-09-11T22:29:47Z,2025-09-25T03:10:05Z
FC-01124,S106,2025-09-04T09:45:39Z,33.0,235.0,36.0,9.5,200.0,1017.0,0,2025-09-03T19:33:28Z,2025-09-04T05:35:16Z,2025-09-04T08:29:18Z,2025-08-22T15:48:54Z,2025-09-12T01:06:12Z,2025-09-29T17:34:45Z
FC-01125,S117,2025-09-04T09:48:47Z,57.0,509.0,111.0,13.95,486.0,1823.0,0,2025-09-04T01:01:25Z,2025-09-03T17:05:24Z,2025-09-04T08:12:46Z,2025-09-02T08:57:21Z,2025-09-11T18:49:39Z,2025-09-28T20:10:06Z
FC-01126,S132,2025-09-04T12:35:06Z,78.0,427.0,98.0,25.28,383.0,1832.0,0,2025-09-04T03:23:16Z,2025-09-03T22:48:50Z,2025-09-04T11:38:00Z,2025-08-29T18:06:03Z,2025-09-12T07:53:57Z,2025-10-02T02:44:15Z
FC-01127,S119,2025-09-04T12:44:31Z,46.0,379.0,34.0,16.38,369.0,1412.0,1,2025-09-03T22:24:30Z,2025-09-03T18:45:44Z,2025-09-04T11:01:28Z,2025-08-23T15:22:49Z,2025-09-12T02:32:46Z,2025-09-28T08:24:29Z
FC-01128,S116,2025-09-04T13:12:27Z,50.0,257.0,36.0,3.05,249.0,1322.0,1,2025-09-04T05:40:05Z,2025-09-03T22:59:05Z,2025-09-04T12:25:07Z,2025-08-23T20:58:19Z,2025-09-11T18:55:17Z,2025-09-11T23:21:00Z
FC-01129,S142,2025-09-04T14:01:48Z,21.0,147.0,12.0,8.32,120.0,611.0,1,2025-09-04T07:17:21Z,2025-09-03T22:02:49Z,2025-09-04T12:06:15Z,2025-09-02T05:59:14Z,2025-09-11T18:53:17Z,2025-09-23T00:41:12Z
FC-01130,S150,2025-09-04T14:05:30Z,81.0,535.0,76.0,25.73,594.0,2055.0,0,2025-09-04T07:08:48Z,2025-09-04T03:05:22Z,2025-09-04T13:16:20Z,2025-08-21T15:33:26Z,2025-09-12T06:19:46Z,2025-09-25T04:34:15Z
FC-01131,S128,2025-09-04T14:14:10Z,62.0,431.0,92.0,23.25,409.0,1525.0,0,2025-09-04T11:00:16Z,2025-09-04T11:25:58Z,2025-09-04T12:17:33Z,2025-08-25T20:07:17Z,2025-09-12T09:03:52Z,2025-09-09T15:12:45Z
FC-01132,S124,2025-09-04T14:33:30Z,51.0,323.0,70.0,18.95,346.0,1422.0,0,2025-09-04T06:26:48Z,2025-09-04T11:23:37Z,2025-09-04T12:48:56Z,2025-08-30T19:48:54Z,2025-09-12T00:38:07Z,2025-09-12T17:10:51Z
FC-01133,S129,2025-09-04T17:11:30Z,33.0,302.0,28.0,3.27,251.0,1191.0,1,2025-09-04T09:38:54Z,2025-09-04T01:52:19Z,2025-09-04T16:40:35Z,2025-08-31T14:29:14Z,2025-09-11T17:21:08Z,2025-09-10T19:27:09Z
FC-01134,S132,2025-09-04T17:18:18Z,31.0,251.0,38.0,27.42,227.0,1026.0,0,2025-09-04T08:03:52Z,2025-09-04T01:08:34Z,2025-09-04T16:14:47Z,2025-08-28T15:44:13Z,2025-09-12T03:18:58Z,2025-09-11T16:13:59Z
FC-01135,S145,2025-09-04T17:22:54Z,113.0,712.0,162.0,14.34,868.0,3364.0,0,2025-09-04T11:17:44Z,2025-09-04T08:37:30Z,2025-09-04T17:01:45Z,2025-08-23T06:42:28Z,2025-09-12T04:21:34Z,2025-09-23T09:59:10Z
FC-01136,S106,2025-09-04T17:41:37Z,48.0,342.0,74.0,15.63,267.0,1435.0,0,2025-09-03T23:33:16Z,2025-09-04T03:08:00Z,2025-09-04T15:48:54Z,2025-08-25T14:19:31Z,2025-09-12T08:39:01Z,2025-09-12T08:46:57Z
FC-01137,S123,2025-09-04T17:48:33Z,28.0,192.0,33.0,20.45,166.0,799.0,0,2025-09-04T05:37:29Z,2025-09-04T08:57:10Z,2025-09-04T16:43:24Z,2025-08-30T10:31:27Z,2025-09-12T11:23:57Z,2025-09-16T04:42:08Z
FC-01138,S124,2025-09-04T18:14:23Z,75.0,418.0,115.0,33.8,448.0,2071.0,0,2025-09-04T13:39:16Z,2025-09-04T04:17:43Z,2025-09-04T17:35:06Z,2025-08-25T03:54:26Z,2025-09-11T20:36:53Z,2025-10-04T17:54:24Z
FC-01139,S100,2025-09-04T18:24:17Z,52.0,483.0,67.0,20.7,452.0,1829.0,0,2025-09-04T08:42:32Z,2025-09-04T14:32:33Z,2025-09-04T17:10:31Z,2025-08-31T12:31:36Z,2025-09-12T00:35:30Z,2025-10-04T06:46:51Z
FC-01140,S130,2025-09-04T20:09:02Z,93.0,508.0,135.0,33.21,490.0,2230.0,0,2025-09-04T04:42:57Z,2025-09-04T07:27:09Z,2025-09-04T18:38:25Z,2025-08-30T11:44:20Z,2025-09-12T17:39:33Z,2025-09-25T01:44:36Z
FC-01141,S124,2025-09-04T20:19:54Z,63.0,508.0,111.0,34.72,563.0,2341.0,0,2025-09-04T14:24:43Z,2025-09-04T08:48:15Z,2025-09-04T18:54:23Z,2025-08-30T10:18:42Z,2025-09-11T21:44:02Z,2025-09-10T17:33:30Z
FC-01142,S102,2025-09-04T20:28:39Z,59.0,446.0,45.0,28.49,586.0,1983.0,1,2025-09-04T06:39:21Z,2025-09-04T15:40:17Z,2025-09-04T18:58:28Z,2025-09-03T02:12:00Z,2025-09-12T14:36:06Z,2025-09-19T19:23:09Z
FC-01143,S130,2025-09-04T20:31:47Z,32.0,214.0,21.0,8.75,189.0,845.0,1,2025-09-04T18:00:13Z,2025-09-04T14:20:31Z,2025-09-04T19:21:26Z,2025-09-02T00:15:54Z,2025-09-12T19:50:45Z,2025-09-24T00:16:17Z
FC-01144,S131,2025-09-04T20:37:51Z,89.0,552.0,141.0,35.87,610.0,2678.0,0,2025-09-04T07:56:38Z,2025-09-04T03:08:23Z,2025-09-04T18:49:16Z,2025-08-29T06:10:48Z,2025-09-12T13:39:39Z,2025-09-19T08:52:07Z
FC-01145,S123,2025-09-04T20:53:04Z,84.0,529.0,76.0,34.64,579.0,2476.0,0,2025-09-04T01:45:27Z,2025-09-04T15:18:59Z,2025-09-04T19:31:58Z,2025-08-26T05:34:42Z,2025-09-12T03:15:06Z,2025-09-25T08:25:09Z
FC-01146,S149,2025-09-04T21:27:51Z,72.0,403.0,101.0,26.62,499.0,1828.0,0,2025-09-04T02:12:41Z,2025-09-04T08:27:57Z,2025-09-04T20:35:45Z,2025-08-30T08:25:04Z,2025-09-12T08:52:42Z,2025-09-15T23:45:36Z
FC-01147,S105,2025-09-04T23:36:26Z,24.0,188.0,22.0,37.56,181.0,733.0,1,2025-09-04T07:53:44Z,2025-09-04T13:00:03Z,2025-09-04T22:21:17Z,2025-08-25T04:35:28Z,2025-09-12T12:57:22Z,2025-09-12T15:18:33Z
FC-01148,S147,2025-09-05T00:57:50Z,75.0,533.0,75.0,4.2,519.0,2115.0,0,2025-09-04T09:41:28Z,2025-09-04T12:04:12Z,2025-09-04T23:22:57Z,2025-08-27T19:49:27Z,2025-09-12T18:10:07Z,2025-09-11T05:30:56Z
FC-01149,S153,2025-09-05T01:37:43Z,54.0,310.0,56.0,18.55,403.0,1661.0,0,2025-09-04T22:12:25Z,2025-09-04T16:40:56Z,2025-09-04T23:56:45Z,2025-09-02T13:26:00Z,2025-09-12T15:08:48Z,2025-09-19T09:36:41Z
FC-01150,S150,2025-09-05T01:39:47Z,45.0,284.0,63.0,4.23,236.0,1116.0,0,2025-09-04T16:34:36Z,2025-09-04T17:54:55Z,2025-09-05T00:11:02Z,2025-08-26T06:16:48Z,2025-09-12T15:07:04Z,2025-09-24T02:58:35Z
FC-01151,S141,2025-09-05T02:01:24Z,70.0,529.0,137.0,32.7,631.0,2676.0,0,2025-09-04T07:04:27Z,2025-09-04T14:54:41Z,2025-09-05T01:09:16Z,2025-08-31T03:04:24Z,2025-09-12T10:08:21Z,2025-10-02T11:32:30Z
FC-01152,S155,2025-09-05T03:44:25Z,30.0,246.0,49.0,9.05,207.0,910.0,0,2025-09-04T19:27:40Z,2025-09-04T16:07:43Z,2025-09-05T01:44:53Z,2025-08-30T13:54:41Z,2025-09-12T22:04:28Z,2025-09-14T15:34:53Z
FC-01153,S138,2025-09-05T05:04:20Z,53.0,353.0,74.0,38.52,285.0,1387.0,0,2025-09-05T01:55:46Z,2025-09-04T21:02:09Z,2025-09-05T04:03:05Z,2025-09-03T06:40:53Z,2025-09-12T13:06:10Z,2025-09-19T23:54:22Z
FC-01154,S140,2025-09-05T05:50:51Z,50.0,346.0,67.0,11.09,297.0,1292.0,0,2025-09-04T16:46:56Z,2025-09-04T21:28:17Z,2025-09-05T04:39:16Z,2025-08-30T05:15:50Z,2025-09-13T04:15:08Z,2025-09-30T12:07:29Z
FC-01155,S136,2025-09-05T05:56:42Z,46.0,378.0,44.0,39.11,459.0,1666.0,1,2025-09-04T14:44:20Z,2025-09-05T01:31:29Z,2025-09-05T05:26:35Z,2025-08-25T18:17:55Z,2025-09-12T16:34:35Z,2025-09-21T08:10:57Z
FC-01156,S100,2025-09-05T06:04:18Z,35.0,344.0,30.0,22.41,332.0,1171.0,1,2025-09-04T20:14:03Z,2025-09-04T21:30:36Z,2025-09-05T04:17:03Z,2025-08-27T22:58:07Z,2025-09-12T16:26:20Z,2025-09-23T02:33:24Z
FC-01157,S105,2025-09-05T07:01:26Z,35.0,269.0,63.0,10.73,238.0,1230.0,0,2025-09-05T03:15:32Z,2025-09-05T01:15:46Z,2025-09-05T06:37:15Z,2025-08-26T03:59:19Z,2025-09-13T06:20:40Z,2025-09-23T02:50:40Z
FC-01158,S119,2025-09-05T07:44:27Z,114.0,750.0,60.0,29.76,620.0,2908.0,1,2025-09-04T20:26:41Z,2025-09-04T19:55:06Z,2025-09-05T06:58:03Z,2025-08-25T13:34:01Z,2025-09-12T20:17:00Z,2025-09-17T09:02:53Z
FC-01159,S105,2025-09-05T09:07:29Z,150.0,792.0,183.0,4.32,969.0,4098.0,0,2025-09-05T04:33:56Z,2025-09-05T06:08:32Z,2025-09-05T07:45:24Z,2025-08-25T12:37:23Z,2025-09-12T10:07:01Z,2025-09-16T01:38:23Z
FC-01160,S148,2025-09-05T09:37:44Z,32.0,241.0,56.0,14.46,270.0,988.0,0,2025-09-04T20:38:25Z,2025-09-04T21:20:59Z,2025-09-05T09:15:31Z,2025-08-31T10:20:23Z,2025-09-12T17:20:36Z,2025-09-12T12:23:02Z
FC-01161,S155,2025-09-05T10:37:07Z,56.0,399.0,49.0,18.93,370.0,1738.0,1,2025-09-04T17:30:38Z,2025-09-05T04:00:07Z,2025-09-05T09:06:26Z,2025-08-28T10:53:29Z,2025-09-12T18:28:34Z,2025-09-19T04:04:33Z
FC-01162,S105,2025-09-05T10:37:40Z,64.0,531.0,108.0,30.75,432.0,1895.0,0,2025-09-04T17:12:20Z,2025-09-04T22:49:06Z,2025-09-05T08:45:41Z,2025-09-02T19:52:15Z,2025-09-12T23:43:09Z,2025-09-20T06:39:01Z
FC-01163,S116,2025-09-05T10:49:35Z,37.0,220.0,37.0,20.14,229.0,872.0,0,2025-09-04T14:52:29Z,2025-09-05T00:25:57Z,2025-09-05T09:53:54Z,2025-08-28T15:46:26Z,2025-09-13T09:20:23Z,2025-10-03T16:57:05Z
FC-01164,S119,2025-09-05T10:57:39Z,52.0,279.0,27.0,17.12,281.0,1450.0,1,2025-09-05T01:05:24Z,2025-09-05T08:30:46Z,2025-09-05T09:22:21Z,2025-08-22T11:59:40Z,2025-09-12T11:35:56Z,2025-09-23T03:46:41Z
FC-01165,S108,2025-09-05T11:05:57Z,34.0,220.0,27.0,12.42,240.0,865.0,1,2025-09-05T08:20:04Z,2025-09-05T06:40:03Z,2025-09-05T10:01:57Z,2025-09-03T08:55:19Z,2025-09-12T23:36:13Z,2025-09-23T04:40:07Z
FC-01166,S157,2025-09-05T11:39:16Z,42.0,283.0,63.0,17.57,242.0,1214.0,0,2025-09-04T22:16:01Z,2025-09-05T06:17:57Z,2025-09-05T10:39:20Z,2025-08-28T19:45:00Z,2025-09-13T01:15:45Z,2025-09-30T10:44:28Z
FC-01167,S159,2025-09-05T12:12:40Z,65.0,428.0,122.0,39.97,426.0,2133.0,0,2025-09-05T00:32:00Z,2025-09-05T08:37:07Z,2025-09-05T11:14:02Z,2025-08-27T10:31:24Z,2025-09-13T07:17:57Z,2025-09-18T21:02:10Z
FC-01168,S128,2025-09-05T12:22:38Z,62.0,320.0,37.0,16.45,407.0,1585.0,1,2025-09-05T01:05:54Z,2025-09-04T17:46:41Z,2025-09-05T12:08:21Z,2025-08-29T14:31:32Z,2025-09-13T08:03:42Z,2025-09-30T00:16:45Z
FC-01169,S149,2025-09-05T12:28:58Z,56.0,330.0,41.0,11.05,332.0,1646.0,1,2025-09-05T06:49:15Z,2025-09-04T23:37:52Z,2025-09-05T11:34:26Z,2025-08-28T11:10:49Z,2025-09-13T07:43:13Z,2025-09-20T16:22:06Z
FC-01170,S139,2025-09-05T12:39:11Z,12.0,88.0,10.0,8.14,92.0,409.0,1,2025-09-04T20:32:31Z,2025-09-04T18:09:33Z,2025-09-05T11:31:17Z,2025-08-25T17:00:46Z,2025-09-13T07:49:05Z,2025-09-11T19:43:49Z
FC-01171,S141,2025-09-05T12:44:19Z,55.0,371.0,70.0,11.76,437.0,1652.0,0,2025-09-05T09:31:36Z,2025-09-04T21:18:04Z,2025-09-05T11:16:33Z,2025-08-24T04:58:43Z,2025-09-13T06:15:45Z,2025-09-24T05:07:23Z
FC-01172,S151,2025-09-05T13:33:18Z,29.0,188.0,49.0,34.41,199.0,896.0,0,2025-09-05T07:40:20Z,2025-09-05T11:16:08Z,2025-09-05T13:24:15Z,2025-09-02T09:06:45Z,2025-09-13T00:56:03Z,2025-09-27T11:34:41Z
FC-01173,S117,2025-09-05T13:40:20Z,24.0,190.0,27.0,6.23,184.0,799.0,0,2025-09-05T05:11:19Z,2025-09-04T19:44:28Z,2025-09-05T11:47:02Z,2025-08-29T20:29:06Z,2025-09-12T21:54:41Z,2025-09-15T22:43:35Z
FC-01174,S142,2025-09-05T14:02:54Z,52.0,328.0,48.0,37.69,253.0,1209.0,0,2025-09-04T18:17:47Z,2025-09-05T00:48:10Z,2025-09-05T13:42:05Z,2025-09-03T03:29:23Z,2025-09-13T04:26:46Z,2025-09-12T12:39:34Z
FC-01175,S142,2025-09-05T14:51:07Z,56.0,324.0,31.0,2.43,345.0,1574.0,1,2025-09-05T06:15:29Z,2025-09-04T23:29:01Z,2025-09-05T14:12:13Z,2025-08-31T09:39:37Z,2025-09-12T19:58:46Z,2025-09-26T01:22:01Z
FC-01176,S116,2025-09-05T14:56:56Z,33.0,216.0,31.0,23.81,251.0,989.0,0,2025-09-05T03:14:58Z,2025-09-04T21:48:59Z,2025-09-05T14:45:24Z,2025-08-24T21:21:11Z,2025-09-12T17:25:06Z,2025-09-13T04:46:21Z
FC-01177,S114,2025-09-05T15:08:47Z,59.0,343.0,73.0,4.46,311.0,1773.0,0,2025-09-05T03:19:29Z,2025-09-05T12:55:08Z,2025-09-05T14:00:36Z,2025-08-29T23:09:03Z,2025-09-12T21:25:02Z,2025-09-17T06:34:16Z
FC-01178,S151,2025-09-05T15:08:54Z,13.0,90.0,17.0,31.69,105.0,478.0,0,2025-09-05T10:02:50Z,2025-09-05T09:58:02Z,2025-09-05T14:50:53Z,2025-08-30T03:39:15Z,2025-09-12T21:06:19Z,2025-09-29T05:56:03Z
FC-01179,S158,2025-09-05T15:41:00Z,55.0,398.0,54.0,33.05,353.0,1807.0,1,2025-09-04T22:00:41Z,2025-09-05T04:27:04Z,2025-09-05T14:18:49Z,2025-09-01T01:25:58Z,2025-09-13T09:19:47Z,2025-09-26T04:20:28Z
FC-01180,S124,2025-09-05T16:41:50Z,73.0,599.0,87.0,4.97,677.0,2604.0,0,2025-09-05T09:01:44Z,2025-09-05T03:12:54Z,2025-09-05T15:56:35Z,2025-09-01T16:21:08Z,2025-09-13T05:31:07Z,2025-09-26T21:02:56Z
FC-01181,S106,2025-09-05T17:56:06Z,17.0,125.0,22.0,37.98,101.0,487.0,0,2025-09-05T03:01:14Z,2025-09-05T01:50:47Z,2025-09-05T17:23:19Z,2025-08-23T13:58:02Z,2025-09-13T01:26:20Z,2025-09-25T01:05:54Z
FC-01182,S139,2025-09-05T17:56:37Z,33.0,207.0,31.0,38.21,238.0,953.0,0,2025-09-05T05:09:11Z,2025-09-05T07:16:12Z,2025-09-05T17:14:47Z,2025-08-22T21:55:54Z,2025-09-13T15:35:08Z,2025-10-04T04:29:59Z
FC-01183,S147,2025-09-05T17:56:51Z,86.0,583.0,112.0,22.59,505.0,2499.0,0,2025-09-05T08:57:48Z,2025-09-05T04:01:38Z,2025-09-05T16:59:02Z,2025-08-30T00:55:32Z,2025-09-13T03:24:28Z,2025-10-03T17:07:31Z
FC-01184,S149,2025-09-05T18:27:35Z,41.0,288.0,33.0,36.05,235.0,1221.0,1,2025-09-05T06:58:55Z,2025-09-05T10:06:42Z,2025-09-05T17:51:37Z,2025-09-01T21:21:14Z,2025-09-12T22:37:25Z,2025-09-11T18:11:16Z
FC-01185,S107,2025-09-05T18:52:47Z,98.0,616.0,93.0,23.85,502.0,2260.0,0,2025-09-05T15:40:47Z,2025-09-05T02:01:01Z,2025-09-05T17:39:29Z,2025-08-27T22:29:50Z,2025-09-12T23:27:27Z,2025-10-02T19:26:13Z
FC-01186,S122,2025-09-05T20:42:16Z,11.0,80.0,13.0,37.17,70.0,310.0,0,2025-09-05T18:02:47Z,2025-09-05T15:16:46Z,2025-09-05T18:57:12Z,2025-09-03T00:55:16Z,2025-09-13T18:23:31Z,2025-09-16T00:22:59Z
FC-01187,S137,2025-09-05T22:42:16Z,55.0,330.0,84.0,34.68,335.0,1593.0,0,2025-09-05T06:27:43Z,2025-09-05T18:12:29Z,2025-09-05T22:33:11Z,2025-08-24T10:36:07Z,2025-09-13T03:31:52Z,2025-10-03T23:32:09Z
FC-01188,S159,2025-09-06T00:13:03Z,20.0,136.0,30.0,3.97,134.0,651.0,0,2025-09-05T20:36:01Z,2025-09-05T12:14:42Z,2025-09-05T22:56:17Z,2025-08-29T17:36:26Z,2025-09-13T06:21:09Z,2025-09-16T17:02:20Z
FC-01189,S156,2025-09-06T01:05:51Z,47.0,418.0,48.0,13.18,335.0,1641.0,1,2025-09-05T06:27:56Z,2025-09-05T17:28:57Z,2025-09-06T00:38:53Z,2025-08-30T04:19:09Z,2025-09-13T17:36:29Z,2025-09-13T11:56:46Z
FC-01190,S144,2025-09-06T01:58:52Z,32.0,228.0,38.0,22.98,192.0,812.0,0,2025-09-05T19:38:09Z,2025-09-05T12:51:20Z,2025-09-06T00:54:31Z,2025-08-28T19:21:55Z,2025-09-13T23:08:12Z,2025-09-23T06:53:55Z
FC-01191,S128,2025-09-06T02:58:17Z,78.0,634.0,91.0,22.68,599.0,2589.0,0,2025-09-05T17:25:07Z,2025-09-05T19:25:25Z,2025-09-06T01:16:38Z,2025-08-25T06:17:50Z,2025-09-13T03:39:29Z,2025-09-28T10:53:21Z
FC-01192,S151,2025-09-06T03:03:02Z,30.0,220.0,53.0,14.67,221.0,888.0,0,2025-09-05T11:06:14Z,2025-09-05T07:54:58Z,2025-09-06T02:13:40Z,2025-08-25T08:02:36Z,2025-09-13T12:53:57Z,2025-09-25T14:57:36Z
FC-01193,S109,2025-09-06T03:40:52Z,67.0,441.0,55.0,39.13,461.0,1670.0,1,2025-09-05T11:34:36Z,2025-09-05T16:03:17Z,2025-09-06T02:09:23Z,2025-08-24T22:36:44Z,2025-09-13T14:56:32Z,2025-09-26T11:32:03Z
FC-01194,S121,2025-09-06T05:06:52Z,76.0,550.0,68.0,36.17,494.0,2017.0,0,2025-09-05T14:19:46Z,2025-09-05T20:21:39Z,2025-09-06T03:07:17Z,2025-09-02T16:39:05Z,2025-09-13T23:29:18Z,2025-09-22T19:45:53Z
FC-01195,S124,2025-09-06T06:37:10Z,54.0,475.0,112.0,10.9,474.0,1854.0,0,2025-09-05T20:51:11Z,2025-09-06T03:43:39Z,2025-09-06T05:58:26Z,2025-08-31T13:32:24Z,2025-09-13T08:28:01Z,2025-09-19T05:39:33Z
FC-01196,S132,2025-09-06T06:38:25Z,47.0,261.0,39.0,31.0,256.0,1333.0,0,2025-09-05T16:31:08Z,2025-09-05T18:41:15Z,2025-09-06T05:37:55Z,2025-08-29T08:33:59Z,2025-09-13T15:37:00Z,2025-09-16T12:21:08Z
FC-01197,S134,2025-09-06T06:41:00Z,14.0,111.0,18.0,3.04,126.0,503.0,0,2025-09-05T17:41:50Z,2025-09-06T04:06:00Z,2025-09-06T04:50:05Z,2025-09-05T05:43:22Z,2025-09-13T09:01:50Z,2025-09-20T19:44:57Z
FC-01198,S122,2025-09-06T08:00:14Z,33.0,176.0,21.0,22.14,177.0,907.0,1,2025-09-06T00:04:34Z,2025-09-05T12:54:18Z,2025-09-06T06:38:58Z,2025-08-30T19:11:22Z,2025-09-14T06:56:06Z,2025-09-27T06:50:37Z
FC-01199,S135,2025-09-06T08:34:11Z,35.0,248.0,30.0,14.61,237.0,995.0,1,2025-09-05T17:53:06Z,2025-09-05T18:47:07Z,2025-09-06T07:16:03Z,2025-09-05T03:14:35Z,2025-09-13T10:57:34Z,2025-10-02T11:08:29Z
FC-01200,S152,2025-09-06T08:52:09Z,85.0,440.0,109.0,33.63,435.0,2116.0,0,2025-09-05T17:40:10Z,2025-09-05T21:21:54Z,2025-09-06T07:59:50Z,2025-09-03T06:40:35Z,2025-09-13T11:53:34Z,2025-09-16T11:58:50Z
FC-01201,S117,2025-09-06T09:29:03Z,35.0,211.0,26.0,21.57,211.0,920.0,1,2025-09-05T18:54:52Z,2025-09-06T01:22:18Z,2025-09-06T07:36:11Z,2025-08-28T09:55:56Z,2025-09-13T09:45:14Z,2025-09-21T14:13:47Z
FC-01202,S133,2025-09-06T09:41:39Z,23.0,165.0,18.0,39.23,180.0,677.0,1,2025-09-06T06:03:32Z,2025-09-06T05:35:34Z,2025-09-06T09:24:46Z,2025-09-01T18:43:12Z,2025-09-14T05:12:39Z,2025-09-14T17:40:14Z
FC-01203,S102,2025-09-06T09:47:33Z,45.0,271.0,33.0,24.52,295.0,1293.0,1,2025-09-06T02:32:27Z,2025-09-06T02:39:02Z,2025-09-06T08:49:22Z,2025-08-25T07:52:55Z,2025-09-13T16:51:01Z,2025-09-28T15:49:54Z
FC-01204,S127,2025-09-06T11:05:56Z,39.0,276.0,71.0,16.28,305.0,1353.0,0,2025-09-06T01:46:26Z,2025-09-06T06:50:50Z,2025-09-06T10:46:51Z,2025-08-30T12:51:03Z,2025-09-13T11:17:05Z,2025-09-19T00:36:30Z
FC-01205,S101,2025-09-06T11:08:00Z,92.0,514.0,75.0,14.9,576.0,2744.0,1,2025-09-06T02:52:25Z,2025-09-05T20:06:33Z,2025-09-06T09:29:21Z,2025-08-25T10:14:15Z,2025-09-13T17:12:29Z,2025-10-02T00:52:22Z
FC-01206,S155,2025-09-06T12:12:12Z,60.0,524.0,49.0,31.23,507.0,2106.0,1,2025-09-05T21:11:09Z,2025-09-05T19:37:06Z,2025-09-06T11:04:01Z,2025-08-24T15:23:09Z,2025-09-13T13:07:42Z,2025-09-26T20:33:52Z
FC-01207,S137,2025-09-06T12:53:07Z,41.0,264.0,59.0,22.16,313.0,1408.0,0,2025-09-06T05:49:24Z,2025-09-06T08:11:11Z,2025-09-06T10:59:03Z,2025-08-23T20:51:41Z,2025-09-14T09:15:43Z,2025-10-02T02:13:56Z
FC-01208,S119,2025-09-06T13:46:03Z,16.0,108.0,12.0,34.44,111.0,441.0,1,2025-09-06T01:44:29Z,2025-09-05T18:02:20Z,2025-09-06T13:14:37Z,2025-09-02T21:18:33Z,2025-09-14T08:04:33Z,2025-09-14T13:12:46Z
FC-01209,S113,2025-09-06T13:49:55Z,43.0,370.0,48.0,34.63,334.0,1521.0,0,2025-09-05T21:46:47Z,2025-09-06T07:11:39Z,2025-09-06T13:05:44Z,2025-08-24T22:06:42Z,2025-09-13T17:00:42Z,2025-09-27T04:58:19Z
FC-01210,S101,2025-09-06T14:27:23Z,52.0,330.0,48.0,18.26,281.0,1374.0,0,2025-09-06T10:51:31Z,2025-09-05T23:33:33Z,2025-09-06T14:14:48Z,2025-09-04T06:54:39Z,2025-09-13T15:57:57Z,2025-10-06T09:11:41Z
FC-01211,S131,2025-09-06T14:48:09Z,40.0,292.0,63.0,17.16,403.0,1346.0,0,2025-09-05T23:50:43Z,2025-09-06T07:56:07Z,2025-09-06T13:42:17Z,2025-08-28T04:13:53Z,2025-09-13T15:06:34Z,2025-10-04T03:13:18Z
FC-01212,S124,2025-09-06T15:04:24Z,68.0,483.0,107.0,35.72,348.0,1691.0,0,2025-09-06T01:24:29Z,2025-09-06T05:41:07Z,2025-09-06T14:06:22Z,2025-08-29T00:16:13Z,2025-09-13T21:51:56Z,2025-09-12T23:56:13Z
FC-01213,S146,2025-09-06T15:15:52Z,34.0,261.0,57.0,25.52,292.0,1106.0,0,2025-09-05T20:29:16Z,2025-09-05T23:07:59Z,2025-09-06T14:04:47Z,2025-08-27T15:38:24Z,2025-09-14T04:59:38Z,2025-09-25T19:41:18Z
FC-01214,S143,2025-09-06T15:34:40Z,81.0,626.0,107.0,26.97,599.0,2784.0,0,2025-09-05T20:50:28Z,2025-09-06T12:26:39Z,2025-09-06T14:30:59Z,2025-08-26T20:15:35Z,2025-09-13T16:59:42Z,2025-09-16T09:01:25Z
FC-01215,S119,2025-09-06T16:01:47Z,17.0,100.0,15.0,27.78,113.0,433.0,1,2025-09-06T03:56:22Z,2025-09-06T05:19:11Z,2025-09-06T15:04:45Z,2025-08-29T00:36:28Z,2025-09-14T14:52:40Z,2025-10-03T11:17:23Z
FC-01216,S113,2025-09-06T16:34:26Z,42.0,302.0,54.0,19.01,311.0,1420.0,0,2025-09-05T22:19:10Z,2025-09-06T05:51:32Z,2025-09-06T15:09:10Z,2025-08-28T08:35:20Z,2025-09-13T21:36:29Z,2025-09-17T16:38:06Z
FC-01217,S143,2025-09-06T17:53:01Z,82.0,416.0,116.0,20.43,448.0,1866.0,0,2025-09-06T00:16:55Z,2025-09-06T12:44:48Z,2025-09-06T17:26:50Z,2025-08-24T02:27:58Z,2025-09-14T16:10:58Z,2025-09-15T07:40:22Z
FC-01218,S129,2025-09-06T18:12:27Z,19.0,153.0,14.0,9.75,156.0,589.0,1,2025-09-06T09:02:43Z,2025-09-06T01:17:57Z,2025-09-06T17:06:52Z,2025-09-04T07:17:56Z,2025-09-14T03:27:18Z,2025-09-30T10:42:03Z
FC-01219,S159,2025-09-06T19:03:33Z,22.0,129.0,13.0,30.27,145.0,584.0,1,2025-09-06T11:20:12Z,2025-09-06T13:56:10Z,2025-09-06T17:25:01Z,2025-08-31T16:36:03Z,2025-09-14T01:06:21Z,2025-09-20T11:20:03Z
FC-01220,S153,2025-09-06T19:07:00Z,59.0,343.0,41.0,39.91,398.0,1393.0,1,2025-09-06T10:46:23Z,2025-09-06T10:45:49Z,2025-09-06T17:17:57Z,2025-08-30T10:15:18Z,2025-09-14T10:13:10Z,2025-09-28T21:20:48Z
FC-01221,S119,2025-09-06T22:17:10Z,90.0,667.0,77.0,9.21,780.0,3054.0,1,2025-09-06T05:51:01Z,2025-09-06T18:13:08Z,2025-09-06T21:03:15Z,2025-08-24T17:43:37Z,2025-09-13T22:24:20Z,2025-10-03T03:31:29Z
FC-01222,S133,2025-09-06T23:04:26Z,13.0,92.0,16.0,33.3,81.0,386.0,0,2025-09-06T20:57:25Z,2025-09-06T18:02:38Z,2025-09-06T21:44:16Z,2025-08-28T22:31:16Z,2025-09-14T21:17:03Z,2025-09-20T08:59:52Z
FC-01223,S149,2025-09-07T01:17:23Z,42.0,264.0,27.0,37.27,339.0,1252.0,1,2025-09-06T16:08:54Z,2025-09-06T15:23:28Z,2025-09-06T23:23:33Z,2025-09-05T03:55:12Z,2025-09-14T14:52:44Z,2025-09-29T00:42:20Z
FC-01224,S120,2025-09-07T02:23:13Z,55.0,374.0,86.0,20.63,357.0,1598.0,0,2025-09-06T07:06:02Z,2025-09-06T23:21:27Z,2025-09-07T01:01:02Z,2025-08-29T08:42:36Z,2025-09-14T09:11:37Z,2025-09-19T22:17:40Z
FC-01225,S114,2025-09-07T02:26:29Z,27.0,212.0,58.0,19.85,251.0,1068.0,0,2025-09-06T10:32:37Z,2025-09-06T08:21:30Z,2025-09-07T01:39:09Z,2025-09-04T03:29:43Z,2025-09-14T16:02:37Z,2025-10-04T06:36:47Z
FC-01226,S132,2025-09-07T04:46:42Z,14.0,107.0,15.0,16.7,121.0,383.0,0,2025-09-06T20:48:44Z,2025-09-06T14:16:34Z,2025-09-07T04:24:31Z,2025-09-05T22:20:32Z,2025-09-15T04:32:45Z,2025-10-01T02:02:43Z
FC-01227,S134,2025-09-07T04:54:56Z,20.0,192.0,18.0,24.29,176.0,791.0,1,2025-09-06T19:11:15Z,2025-09-07T00:39:27Z,2025-09-07T04:45:42Z,2025-08-27T21:29:24Z,2025-09-14T21:33:00Z,2025-09-20T09:56:20Z
FC-01228,S140,2025-09-07T05:21:56Z,20.0,135.0,31.0,30.55,128.0,502.0,0,2025-09-06T10:30:50Z,2025-09-06T17:51:17Z,2025-09-07T04:22:06Z,2025-08-25T08:06:23Z,2025-09-14T13:24:10Z,2025-09-21T04:29:28Z
FC-01229,S156,2025-09-07T05:33:02Z,55.0,326.0,47.0,21.77,381.0,1330.0,1,2025-09-07T03:00:49Z,2025-09-06T14:54:09Z,2025-09-07T04:47:30Z,2025-08-24T23:14:28Z,2025-09-14T14:06:28Z,2025-09-17T01:51:41Z
FC-01230,S118,2025-09-07T05:44:24Z,25.0,127.0,20.0,12.3,157.0,682.0,1,2025-09-06T18:30:13Z,2025-09-06T19:35:25Z,2025-09-07T04:33:26Z,2025-08-30T20:16:46Z,2025-09-14T15:27:23Z,2025-10-03T00:51:48Z
FC-01231,S108,2025-09-07T05:47:54Z,29.0,171.0,46.0,30.41,171.0,878.0,0,2025-09-06T17:01:40Z,2025-09-06T11:47:24Z,2025-09-07T04:59:39Z,2025-08-25T23:19:05Z,2025-09-14T15:25:08Z,2025-09-14T02:44:20Z
FC-01232,S106,2025-09-07T06:07:57Z,33.0,175.0,52.0,31.8,204.0,836.0,0,2025-09-07T03:39:42Z,2025-09-06T14:04:03Z,2025-09-07T04:17:16Z,2025-09-03T00:51:33Z,2025-09-14T22:25:44Z,2025-09-19T08:21:26Z
FC-01233,S150,2025-09-07T06:11:38Z,88.0,590.0,84.0,17.13,574.0,2508.0,0,2025-09-06T10:38:57Z,2025-09-07T03:22:33Z,2025-09-07T04:43:43Z,2025-08-31T20:01:20Z,2025-09-14T22:23:11Z,2025-09-17T15:47:45Z
FC-01234,S148,2025-09-07T07:07:26Z,48.0,341.0,85.0,12.51,344.0,1746.0,0,2025-09-06T13:02:12Z,2025-09-06T12:19:59Z,2025-09-07T05:29:48Z,2025-08-28T00:51:13Z,2025-09-14T14:18:58Z,2025-09-28T23:10:32Z
FC-01235,S126,2025-09-07T07:47:47Z,42.0,288.0,72.0,14.88,273.0,1339.0,0,2025-09-07T00:42:19Z,2025-09-06T21:18:08Z,2025-09-07T07:35:16Z,2025-08-25T22:07:39Z,2025-09-14T11:38:45Z,2025-09-13T06:39:31Z
FC-01236,S108,2025-09-07T08:01:52Z,44.0,277.0,30.0,19.72,263.0,1051.0,1,2025-09-07T03:30:45Z,2025-09-07T01:01:19Z,2025-09-07T07:53:34Z,2025-09-05T13:56:11Z,2025-09-15T00:15:26Z,2025-09-22T14:09:18Z
FC-01237,S123,2025-09-07T09:06:58Z,55.0,353.0,85.0,19.96,344.0,1660.0,0,2025-09-06T22:46:55Z,2025-09-06T16:22:36Z,2025-09-07T08:23:18Z,2025-09-04T10:28:42Z,2025-09-14T14:14:22Z,2025-09-22T17:08:01Z
FC-01238,S137,2025-09-07T09:41:47Z,59.0,387.0,72.0,31.86,462.0,2015.0,0,2025-09-07T03:31:44Z,2025-09-07T01:47:26Z,2025-09-07T09:19:22Z,2025-08-26T07:13:49Z,2025-09-15T06:13:03Z,2025-09-15T19:23:44Z
FC-01239,S124,2025-09-07T09:59:20Z,46.0,396.0,63.0,35.91,349.0,1621.0,0,2025-09-07T07:16:05Z,2025-09-06T19:17:53Z,2025-09-07T08:50:21Z,2025-08-26T12:01:33Z,2025-09-15T05:21:58Z,2025-09-26T02:39:37Z
FC-01240,S104,2025-09-07T11:24:34Z,30.0,177.0,19.0,6.86,191.0,870.0,1,2025-09-06T23:19:39Z,2025-09-07T04:15:59Z,2025-09-07T09:38:53Z,2025-08-31T09:55:44Z,2025-09-14T11:42:56Z,2025-09-20T17:24:40Z
FC-01241,S112,2025-09-07T11:29:03Z,76.0,590.0,124.0,14.09,680.0,2515.0,0,2025-09-06T22:47:34Z,2025-09-06T16:09:05Z,2025-09-07T10:14:36Z,2025-08-26T10:01:44Z,2025-09-14T16:23:24Z,2025-09-22T23:32:35Z
FC-01242,S131,2025-09-07T12:04:36Z,59.0,512.0,60.0,32.77,433.0,1974.0,1,2025-09-07T08:17:58Z,2025-09-07T02:36:31Z,2025-09-07T11:52:15Z,2025-08-25T15:26:01Z,2025-09-14T14:39:35Z,2025-09-22T05:47:52Z
FC-01243,S109,2025-09-07T12:07:13Z,39.0,317.0,72.0,16.82,281.0,1258.0,0,2025-09-07T06:13:02Z,2025-09-06T20:07:43Z,2025-09-07T10:37:30Z,2025-09-05T09:40:00Z,2025-09-14T17:59:07Z,2025-10-07T00:41:47Z
FC-01244,S117,2025-09-07T12:26:29Z,83.0,578.0,120.0,12.12,677.0,2969.0,0,2025-09-07T08:37:40Z,2025-09-06T22:36:27Z,2025-09-07T11:17:34Z,2025-09-03T20:35:07Z,2025-09-15T03:09:40Z,2025-09-27T19:02:21Z
FC-01245,S140,2025-09-07T12:43:02Z,63.0,554.0,92.0,24.82,610.0,2323.0,0,2025-09-07T05:39:20Z,2025-09-07T01:04:27Z,2025-09-07T11:21:09Z,2025-08-31T04:51:33Z,2025-09-15T06:05:04Z,2025-09-12T16:51:53Z
FC-01246,S104,2025-09-07T13:46:11Z,60.0,323.0,93.0,22.07,364.0,1558.0,0,2025-09-07T11:25:02Z,2025-09-06T19:08:16Z,2025-09-07T13:13:01Z,2025-08-29T10:21:34Z,2025-09-15T02:07:21Z,2025-09-17T14:54:16Z
FC-01247,S100,2025-09-07T13:47:19Z,54.0,424.0,100.0,35.72,451.0,1841.0,0,2025-09-06T20:32:52Z,2025-09-06T21:20:38Z,2025-09-07T11:55:19Z,2025-09-01T12:31:29Z,2025-09-14T13:51:21Z,2025-09-29T07:56:16Z
FC-01248,S100,2025-09-07T14:18:06Z,86.0,502.0,73.0,18.02,509.0,2501.0,1,2025-09-07T05:36:10Z,2025-09-07T08:02:41Z,2025-09-07T14:02:21Z,2025-08-31T10:01:43Z,2025-09-15T02:25:46Z,2025-09-23T15:13:41Z
FC-01249,S110,2025-09-07T14:18:18Z,63.0,468.0,92.0,9.55,484.0,1750.0,0,2025-09-07T10:23:52Z,2025-09-07T02:57:19Z,2025-09-07T13:10:47Z,2025-09-03T06:22:01Z,2025-09-15T01:57:09Z,2025-09-24T00:48:49Z
FC-01250,S103,2025-09-07T15:21:37Z,16.0,98.0,13.0,24.93,138.0,452.0,1,2025-09-07T13:06:36Z,2025-09-07T00:15:49Z,2025-09-07T14:22:43Z,2025-08-28T09:46:23Z,2025-09-14T18:02:42Z,2025-09-15T08:47:37Z
FC-01251,S135,2025-09-07T16:16:24Z,58.0,420.0,63.0,3.43,394.0,1855.0,0,2025-09-07T05:04:12Z,2025-09-07T13:19:43Z,2025-09-07T14:38:32Z,2025-08-28T23:18:11Z,2025-09-15T11:22:14Z,2025-10-05T09:31:19Z
FC-01252,S100,2025-09-07T17:57:14Z,41.0,363.0,65.0,12.29,325.0,1317.0,0,2025-09-07T12:37:23Z,2025-09-07T01:45:51Z,2025-09-07T17:04:34Z,2025-09-06T13:24:13Z,2025-09-15T17:56:56Z,2025-09-22T23:52:47Z
FC-01253,S137,2025-09-07T18:35:13Z,73.0,512.0,79.0,30.92,402.0,2056.0,0,2025-09-07T15:22:41Z,2025-09-07T00:42:16Z,2025-09-07T16:36:14Z,2025-09-03T12:34:39Z,2025-09-15T16:56:12Z,2025-09-20T06:06:31Z
FC-01254,S157,2025-09-07T19:04:20Z,89.0,468.0,102.0,32.41,544.0,2393.0,0,2025-09-07T02:11:07Z,2025-09-07T07:23:51Z,2025-09-07T18:34:38Z,2025-08-27T17:59:46Z,2025-09-15T06:43:07Z,2025-09-25T23:39:51Z
FC-01255,S128,2025-09-07T19:42:54Z,9.0,80.0,12.0,4.13,76.0,286.0,0,2025-09-07T15:07:26Z,2025-09-07T04:48:21Z,2025-09-07T18:40:20Z,2025-08-25T17:00:24Z,2025-09-15T10:17:51Z,2025-10-06T19:04:05Z
FC-01256,S136,2025-09-07T20:12:20Z,76.0,512.0,103.0,4.45,531.0,2417.0,0,2025-09-07T12:24:08Z,2025-09-07T09:00:26Z,2025-09-07T19:52:50Z,2025-08-30T05:17:46Z,2025-09-15T11:53:01Z,2025-09-15T02:54:44Z
FC-01257,S139,2025-09-07T22:04:28Z,102.0,559.0,72.0,7.59,645.0,2499.0,1,2025-09-07T11:44:23Z,2025-09-07T16:55:30Z,2025-09-07T20:28:50Z,2025-09-01T17:41:51Z,2025-09-15T08:10:37Z,2025-10-02T10:41:00Z
FC-01258,S128,2025-09-07T22:06:07Z,33.0,248.0,33.0,27.43,256.0,1075.0,0,2025-09-07T14:46:36Z,2025-09-07T11:07:47Z,2025-09-07T21:55:11Z,2025-08-31T22:55:45Z,2025-09-15T12:09:59Z,2025-09-27T18:35:46Z
FC-01259,S131,2025-09-07T22:06:38Z,56.0,303.0,34.0,35.73,346.0,1423.0,1,2025-09-07T13:03:32Z,2025-09-07T06:39:46Z,2025-09-07T21:14:09Z,2025-08-28T18:27:47Z,2025-09-15T12:00:03Z,2025-10-01T05:52:56Z
FC-01260,S125,2025-09-07T22:20:02Z,14.0,83.0,14.0,7.64,106.0,436.0,0,2025-09-07T18:58:03Z,2025-09-07T10:36:44Z,2025-09-07T20:27:29Z,2025-08-27T23:43:18Z,2025-09-15T04:07:52Z,2025-09-20T04:38:00Z
FC-01261,S122,2025-09-07T22:23:13Z,23.0,184.0,28.0,3.29,166.0,718.0,0,2025-09-07T05:26:33Z,2025-09-07T10:15:44Z,2025-09-07T22:07:53Z,2025-09-06T16:41:26Z,2025-09-15T07:32:41Z,2025-09-18T11:27:39Z
FC-01262,S113,2025-09-07T22:23:57Z,14.0,132.0,12.0,21.34,107.0,541.0,1,2025-09-07T17:43:44Z,2025-09-07T15:42:18Z,2025-09-07T21:17:32Z,2025-08-27T10:01:47Z,2025-09-15T21:35:19Z,2025-09-24T13:11:18Z
FC-01263,S103,2025-09-07T22:36:36Z,25.0,167.0,40.0,29.85,206.0,788.0,0,2025-09-07T20:26:09Z,2025-09-07T19:43:59Z,2025-09-07T21:11:07Z,2025-09-01T11:59:35Z,2025-09-15T03:02:54Z,2025-10-06T14:30:06Z
FC-01264,S105,2025-09-07T22:40:13Z,127.0,773.0,140.0,32.0,893.0,3408.0,0,2025-09-07T09:47:38Z,2025-09-07T15:13:57Z,2025-09-07T22:30:30Z,2025-08-25T20:51:24Z,2025-09-15T15:56:49Z,2025-09-17T17:45:59Z
FC-01265,S146,2025-09-07T22:51:38Z,21.0,168.0,23.0,36.24,175.0,716.0,1,2025-09-07T11:22:05Z,2025-09-07T12:40:09Z,2025-09-07T21:30:40Z,2025-08-27T01:46:07Z,2025-09-15T20:25:10Z,2025-09-23T13:28:40Z
FC-01266,S128,2025-09-07T22:59:35Z,65.0,484.0,49.0,24.17,486.0,1877.0,1,2025-09-07T09:15:37Z,2025-09-07T20:24:17Z,2025-09-07T21:46:16Z,2025-09-06T02:43:42Z,2025-09-15T04:44:14Z,2025-09-21T00:38:59Z
FC-01267,S146,2025-09-07T22:59:56Z,40.0,288.0,83.0,21.77,294.0,1506.0,0,2025-09-07T17:43:08Z,2025-09-07T07:46:29Z,2025-09-07T21:27:04Z,2025-08-30T21:09:05Z,2025-09-15T00:54:54Z,2025-10-07T15:47:24Z
FC-01268,S113,2025-09-08T00:04:04Z,28.0,169.0,27.0,5.3,192.0,875.0,0,2025-09-07T14:28:58Z,2025-09-07T11:30:38Z,2025-09-07T22:14:45Z,2025-09-02T04:04:22Z,2025-09-15T20:28:43Z,2025-09-21T12:07:35Z
FC-01269,S139,2025-09-08T00:23:16Z,20.0,139.0,19.0,13.12,132.0,556.0,0,2025-09-07T11:22:40Z,2025-09-07T15:09:46Z,2025-09-08T00:13:44Z,2025-09-01T14:38:59Z,2025-09-15T18:35:47Z,2025-09-20T21:37:25Z
FC-01270,S131,2025-09-08T02:16:50Z,68.0,348.0,87.0,39.61,450.0,1770.0,0,2025-09-07T15:28:18Z,2025-09-07T23:29:39Z,2025-09-08T00:20:24Z,2025-09-05T18:19:00Z,2025-09-15T19:14:21Z,2025-09-30T10:32:16Z
FC-01271,S158,2025-09-08T02:45:26Z,24.0,169.0,43.0,12.4,214.0,760.0,0,2025-09-07T22:06:44Z,2025-09-07T23:14:02Z,2025-09-08T01:43:03Z,2025-08-27T14:56:10Z,2025-09-15T16:03:04Z,2025-09-16T04:49:22Z
FC-01272,S103,2025-09-08T03:49:46Z,13.0,103.0,17.0,16.94,77.0,383.0,0,2025-09-07T11:27:10Z,2025-09-07T11:01:01Z,2025-09-08T03:03:11Z,2025-08-31T15:27:07Z,2025-09-15T12:56:59Z,2025-09-30T13:22:14Z
FC-01273,S110,2025-09-08T04:04:21Z,19.0,100.0,27.0,2.5,125.0,472.0,0,2025-09-07T17:54:41Z,2025-09-07T23:06:11Z,2025-09-08T02:57:15Z,2025-09-02T16:55:11Z,2025-09-15T23:07:58Z,2025-10-06T15:42:56Z
FC-01274,S145,2025-09-08T04:41:58Z,52.0,332.0,47.0,4.84,392.0,1566.0,1,2025-09-07T12:39:47Z,2025-09-07T11:17:56Z,2025-09-08T03:24:29Z,2025-09-05T06:15:39Z,2025-09-15T21:43:22Z,2025-09-23T03:40:39Z
FC-01275,S138,2025-09-08T05:33:50Z,69.0,633.0,67.0,29.29,498.0,2799.0,1,2025-09-07T16:23:33Z,2025-09-07T12:23:48Z,2025-09-08T05:23:47Z,2025-08-25T12:18:58Z,2025-09-16T01:20:31Z,2025-10-05T16:01:45Z
FC-01276,S153,2025-09-08T05:36:06Z,26.0,145.0,33.0,32.18,129.0,643.0,0,2025-09-07T17:06:06Z,2025-09-07T19:03:12Z,2025-09-08T05:05:10Z,2025-09-06T20:27:45Z,2025-09-15T14:44:48Z,2025-09-16T11:08:27Z
FC-01277,S104,2025-09-08T06:38:23Z,36.0,286.0,35.0,14.69,320.0,1424.0,1,2025-09-07T14:58:59Z,2025-09-08T03:48:33Z,2025-09-08T04:44:15Z,2025-09-02T08:15:14Z,2025-09-16T02:02:17Z,2025-10-04T18:09:13Z
FC-01278,S120,2025-09-08T07:15:14Z,37.0,245.0,36.0,24.33,200.0,894.0,0,2025-09-07T21:51:50Z,2025-09-07T15:54:01Z,2025-09-08T05:47:05Z,2025-08-26T05:10:27Z,2025-09-16T03:55:15Z,2025-10-02T11:03:13Z
FC-01279,S116,2025-09-08T07:38:05Z,41.0,297.0,42.0,36.81,274.0,1184.0,0,2025-09-07T19:45:36Z,2025-09-08T03:15:43Z,2025-09-08T07:03:14Z,2025-09-05T13:02:50Z,2025-09-15T13:13:56Z,2025-09-14T15:24:25Z
FC-01280,S145,2025-09-08T08:12:18Z,28.0,199.0,45.0,13.66,255.0,914.0,0,2025-09-07T22:19:17Z,2025-09-07T23:38:16Z,2025-09-08T07:07:28Z,2025-09-02T20:00:01Z,2025-09-16T07:51:15Z,2025-09-16T09:46:34Z
FC-01281,S148,2025-09-08T09:01:36Z,29.0,257.0,37.0,18.09,204.0,904.0,0,2025-09-07T21:36:22Z,2025-09-08T05:37:00Z,2025-09-08T07:11:14Z,2025-08-25T11:00:55Z,2025-09-16T05:22:49Z,2025-09-19T00:22:13Z
FC-01282,S140,2025-09-08T10:06:29Z,35.0,190.0,21.0,16.81,219.0,891.0,1,2025-09-08T05:53:58Z,2025-09-07T18:12:19Z,2025-09-08T09:25:07Z,2025-08-28T23:32:45Z,2025-09-15T17:03:39Z,2025-09-22T13:52:17Z
FC-01283,S146,2025-09-08T10:36:40Z,65.0,425.0,108.0,37.15,381.0,1992.0,0,2025-09-08T05:08:07Z,2025-09-07T16:55:12Z,2025-09-08T09:55:19Z,2025-08-27T02:32:11Z,2025-09-15T11:12:56Z,2025-10-04T19:04:40Z
FC-01284,S115,2025-09-08T10:38:46Z,39.0,340.0,57.0,28.9,307.0,1317.0,0,2025-09-08T02:51:00Z,2025-09-08T03:34:34Z,2025-09-08T10:22:11Z,2025-08-30T09:56:41Z,2025-09-16T03:13:20Z,2025-09-18T20:59:19Z
FC-01285,S123,2025-09-08T10:43:13Z,61.0,389.0,72.0,19.77,422.0,1963.0,0,2025-09-08T06:56:16Z,2025-09-08T05:11:37Z,2025-09-08T09:49:49Z,2025-09-05T12:24:50Z,2025-09-15T21:20:50Z,2025-09-25T09:14:08Z
FC-01286,S136,2025-09-08T10:48:22Z,33.0,278.0,40.0,35.56,293.0,1200.0,0,2025-09-07T21:45:32Z,2025-09-08T05:11:52Z,2025-09-08T10:31:40Z,2025-08-31T18:47:03Z,2025-09-15T21:02:36Z,2025-09-26T15:57:09Z
FC-01287,S114,2025-09-08T14:23:49Z,31.0,166.0,34.0,15.72,190.0,732.0,0,2025-09-07T18:47:05Z,2025-09-08T03:56:22Z,2025-09-08T12:34:00Z,2025-08-28T02:17:29Z,2025-09-15T21:15:50Z,2025-09-29T10:45:37Z
FC-01288,S115,2025-09-08T15:02:50Z,24.0,131.0,28.0,15.72,154.0,646.0,0,2025-09-07T22:02:43Z,2025-09-08T06:01:06Z,2025-09-08T13:29:41Z,2025-09-06T00:24:06Z,2025-09-15T20:29:11Z,2025-10-05T07:22:03Z
FC-01289,S130,2025-09-08T15:09:17Z,29.0,211.0,22.0,23.0,237.0,944.0,1,2025-09-08T05:38:53Z,2025-09-07T23:05:46Z,2025-09-08T14:49:06Z,2025-08-31T18:04:54Z,2025-09-15T23:25:15Z,2025-09-22T09:10:59Z
FC-01290,S124,2025-09-08T15:12:55Z,34.0,249.0,31.0,17.41,231.0,1134.0,0,2025-09-08T12:53:34Z,2025-09-08T03:28:46Z,2025-09-08T13:45:37Z,2025-08-30T15:56:05Z,2025-09-16T11:57:30Z,2025-09-22T13:04:37Z
FC-01291,S134,2025-09-08T15:15:04Z,42.0,361.0,35.0,21.65,324.0,1555.0,1,2025-09-08T09:04:32Z,2025-09-08T11:14:26Z,2025-09-08T14:42:44Z,2025-09-03T18:19:09Z,2025-09-15T16:47:39Z,2025-09-18T14:59:16Z
FC-01292,S124,2025-09-08T17:37:13Z,33.0,180.0,30.0,14.02,198.0,868.0,0,2025-09-08T01:47:38Z,2025-09-08T02:26:04Z,2025-09-08T15:42:18Z,2025-09-03T07:53:11Z,2025-09-16T01:55:36Z,2025-10-01T22:03:47Z
FC-01293,S133,2025-09-08T18:01:54Z,30.0,231.0,40.0,10.67,313.0,1226.0,0,2025-09-07T22:08:16Z,2025-09-08T08:02:36Z,2025-09-08T17:39:22Z,2025-08-27T21:06:07Z,2025-09-16T03:26:42Z,2025-09-15T12:35:39Z
FC-01294,S119,2025-09-08T18:07:51Z,23.0,184.0,19.0,26.47,178.0,916.0,1,2025-09-08T10:26:34Z,2025-09-08T05:54:53Z,2025-09-08T16:13:17Z,2025-08-27T08:24:01Z,2025-09-16T00:56:51Z,2025-09-23T14:38:59Z
FC-01295,S157,2025-09-08T18:27:48Z,19.0,146.0,29.0,25.26,177.0,629.0,0,2025-09-08T09:45:54Z,2025-09-08T09:25:31Z,2025-09-08T18:06:14Z,2025-09-04T08:11:49Z,2025-09-16T11:48:47Z,2025-10-01T01:54:12Z
FC-01296,S117,2025-09-08T20:00:51Z,53.0,295.0,61.0,22.96,281.0,1485.0,0,2025-09-08T17:46:16Z,2025-09-08T00:20:30Z,2025-09-08T18:24:35Z,2025-08-28T20:42:15Z,2025-09-16T01:52:26Z,2025-10-01T23:30:34Z
FC-01297,S103,2025-09-08T20:35:56Z,55.0,467.0,90.0,8.07,470.0,1903.0,0,2025-09-08T12:15:46Z,2025-09-08T02:49:14Z,2025-09-08T19:18:11Z,2025-08-29T00:03:43Z,2025-09-16T00:48:22Z,2025-09-22T19:19:35Z
FC-01298,S105,2025-09-08T21:11:46Z,13.0,106.0,10.0,27.08,117.0,522.0,1,2025-09-08T04:21:31Z,2025-09-08T17:59:20Z,2025-09-08T19:18:51Z,2025-09-05T14:36:57Z,2025-09-15T21:59:08Z,2025-09-25T20:22:50Z
FC-01299,S156,2025-09-08T22:49:53Z,32.0,317.0,39.0,18.03,289.0,1129.0,1,2025-09-08T19:51:28Z,2025-09-08T14:20:02Z,2025-09-08T22:34:25Z,2025-09-05T19:56:54Z,2025-09-16T20:28:23Z,2025-09-27T17:52:38Z
FC-01300,S101,2025-09-08T23:04:22Z,21.0,147.0,28.0,28.09,129.0,717.0,0,2025-09-08T15:31:51Z,2025-09-08T08:09:24Z,2025-09-08T21:58:42Z,2025-08-27T00:29:05Z,2025-09-16T01:34:12Z,2025-10-08T03:00:19Z
FC-01301,S121,2025-09-09T03:03:56Z,104.0,616.0,74.0,25.74,707.0,2804.0,1,2025-09-08T13:01:49Z,2025-09-08T19:40:01Z,2025-09-09T02:23:23Z,2025-08-31T02:11:07Z,2025-09-16T11:06:36Z,2025-10-01T10:20:29Z
FC-01302,S152,2025-09-09T04:08:27Z,21.0,142.0,15.0,22.84,141.0,741.0,1,2025-09-08T23:02:32Z,2025-09-08T13:39:52Z,2025-09-09T02:08:38Z,2025-08-28T17:47:57Z,2025-09-16T21:09:52Z,2025-10-01T02:41:24Z
FC-01303,S155,2025-09-09T05:36:11Z,41.0,309.0,80.0,20.66,315.0,1619.0,0,2025-09-08T11:01:24Z,2025-09-08T10:54:15Z,2025-09-09T05:25:39Z,2025-09-06T22:10:23Z,2025-09-17T04:41:26Z,2025-09-22T16:14:34Z
FC-01304,S150,2025-09-09T07:03:16Z,22.0,144.0,21.0,11.47,152.0,658.0,1,2025-09-09T04:11:11Z,2025-09-08T17:39:08Z,2025-09-09T05:39:13Z,2025-08-29T23:09:24Z,2025-09-16T09:49:02Z,2025-09-23T21:29:31Z
FC-01305,S101,2025-09-09T07:48:25Z,33.0,294.0,30.0,13.21,277.0,1105.0,1,2025-09-09T05:32:42Z,2025-09-08T19:45:22Z,2025-09-09T06:14:39Z,2025-09-03T18:37:07Z,2025-09-16T17:21:51Z,2025-09-19T22:28:46Z
FC-01306,S114,2025-09-09T07:50:35Z,32.0,205.0,48.0,32.3,231.0,950.0,0,2025-09-09T04:48:54Z,2025-09-08T20:08:30Z,2025-09-09T06:37:03Z,2025-09-07T22:12:27Z,2025-09-17T01:12:05Z,2025-10-01T18:10:59Z
FC-01307,S126,2025-09-09T07:51:42Z,20.0,152.0,15.0,37.26,129.0,662.0,1,2025-09-08T22:06:42Z,2025-09-08T20:29:32Z,2025-09-09T05:53:26Z,2025-09-03T10:43:24Z,2025-09-17T04:38:34Z,2025-10-03T04:22:59Z
FC-01308,S148,2025-09-09T08:54:34Z,28.0,155.0,22.0,18.71,213.0,725.0,1,2025-09-09T00:37:48Z,2025-09-08T14:02:54Z,2025-09-09T08:02:11Z,2025-08-30T11:26:38Z,2025-09-16T10:14:53Z,2025-09-24T21:59:57Z
FC-01309,S104,2025-09-09T09:16:30Z,38.0,254.0,40.0,17.52,300.0,1112.0,0,2025-09-08T22:40:38Z,2025-09-08T13:19:14Z,2025-09-09T08:21:55Z,2025-09-02T02:33:04Z,2025-09-16T12:58:27Z,2025-09-14T16:45:42Z
FC-01310,S106,2025-09-09T09:37:49Z,34.0,245.0,54.0,37.46,214.0,921.0,0,2025-09-08T14:53:14Z,2025-09-08T21:04:53Z,2025-09-09T08:38:49Z,2025-08-29T09:10:45Z,2025-09-17T01:56:05Z,2025-09-22T14:11:49Z
FC-01311,S128,2025-09-09T10:07:40Z,48.0,349.0,82.0,11.76,356.0,1735.0,0,2025-09-08T22:04:09Z,2025-09-09T06:19:57Z,2025-09-09T08:54:09Z,2025-09-04T18:52:36Z,2025-09-16T15:41:52Z,2025-09-27T13:07:55Z
FC-01312,S147,2025-09-09T10:08:53Z,48.0,439.0,43.0,34.17,427.0,1907.0,1,2025-09-09T04:23:43Z,2025-09-08T23:49:13Z,2025-09-09T09:12:27Z,2025-09-03T22:20:43Z,2025-09-17T09:00:27Z,2025-09-25T19:17:47Z
FC-01313,S140,2025-09-09T11:13:34Z,36.0,273.0,31.0,8.18,238.0,1169.0,1,2025-09-09T08:50:26Z,2025-09-09T09:03:10Z,2025-09-09T11:04:48Z,2025-08-31T06:57:03Z,2025-09-16T13:35:43Z,2025-09-15T01:38:44Z
FC-01314,S152,2025-09-09T11:42:59Z,61.0,427.0,50.0,31.24,464.0,1716.0,0,2025-09-08T23:21:46Z,2025-09-09T07:50:22Z,2025-09-09T11:22:55Z,2025-08-26T20:23:13Z,2025-09-16T23:33:31Z,2025-09-22T03:46:32Z
FC-01315,S135,2025-09-09T12:11:51Z,74.0,519.0,43.0,12.96,403.0,2077.0,1,2025-09-09T03:19:13Z,2025-09-08T19:15:10Z,2025-09-09T11:08:27Z,2025-08-30T10:02:58Z,2025-09-17T11:00:52Z,2025-10-06T16:10:28Z
FC-01316,S146,2025-09-09T12:27:55Z,95.0,711.0,61.0,11.62,658.0,3091.0,1,2025-09-09T00:52:19Z,2025-09-09T05:10:08Z,2025-09-09T11:19:58Z,2025-09-02T10:14:31Z,2025-09-17T10:41:46Z,2025-09-19T13:46:00Z
FC-01317,S102,2025-09-09T13:25:38Z,129.0,1044.0,160.0,8.53,891.0,3848.0,0,2025-09-09T05:22:16Z,2025-09-09T09:13:47Z,2025-09-09T12:57:37Z,2025-08-27T22:01:40Z,2025-09-16T13:28:15Z,2025-10-02T14:23:28Z
FC-01318,S126,2025-09-09T14:04:36Z,8.0,56.0,7.0,26.12,76.0,274.0,1,2025-09-09T02:18:08Z,2025-09-08T22:22:31Z,2025-09-09T12:25:39Z,2025-09-02T09:01:25Z,2025-09-16T21:21:45Z,2025-09-28T05:45:24Z
FC-01319,S148,2025-09-09T15:18:24Z,41.0,285.0,54.0,21.61,271.0,1311.0,0,2025-09-09T04:18:08Z,2025-09-09T11:00:02Z,2025-09-09T14:27:08Z,2025-09-01T12:17:38Z,2025-09-17T14:21:53Z,2025-09-29T17:11:49Z
FC-01320,S159,2025-09-09T15:31:38Z,18.0,146.0,18.0,19.79,170.0,683.0,1,2025-09-09T02:23:13Z,2025-09-08T21:16:10Z,2025-09-09T15:22:10Z,2025-09-07T03:46:42Z,2025-09-16T20:21:24Z,2025-09-29T19:26:43Z
FC-01321,S124,2025-09-09T16:05:36Z,53.0,418.0,54.0,5.23,370.0,1564.0,0,2025-09-08T20:12:53Z,2025-09-08T23:42:40Z,2025-09-09T15:24:14Z,2025-09-03T09:00:58Z,2025-09-17T13:44:27Z,2025-09-17T03:18:38Z
FC-01322,S159,2025-09-09T16:25:08Z,63.0,410.0,38.0,8.37,334.0,1821.0,1,2025-09-08T21:09:32Z,2025-09-08T23:32:58Z,2025-09-09T14:54:18Z,2025-09-01T20:26:09Z,2025-09-17T09:43:36Z,2025-10-08T05:34:09Z
FC-01323,S153,2025-09-09T18:46:55Z,78.0,581.0,97.0,36.14,470.0,2320.0,0,2025-09-09T13:45:13Z,2025-09-09T12:45:38Z,2025-09-09T17:05:02Z,2025-09-01T07:20:18Z,2025-09-17T04:07:06Z,2025-09-30T13:00:11Z
FC-01324,S136,2025-09-09T19:43:34Z,37.0,332.0,70.0,14.59,327.0,1311.0,0,2025-09-09T08:18:26Z,2025-09-09T14:09:56Z,2025-09-09T17:54:36Z,2025-09-08T15:44:03Z,2025-09-17T10:11:57Z,2025-09-21T05:12:00Z
FC-01325,S143,2025-09-09T19:46:11Z,57.0,293.0,41.0,36.91,366.0,1356.0,1,2025-09-09T17:16:25Z,2025-09-09T11:49:04Z,2025-09-09T18:07:42Z,2025-08-30T20:52:12Z,2025-09-17T19:11:53Z,2025-10-01T13:05:42Z
FC-01326,S100,2025-09-09T19:52:46Z,26.0,220.0,23.0,29.66,225.0,836.0,1,2025-09-09T06:28:55Z,2025-09-09T06:35:13Z,2025-09-09T18:12:13Z,2025-08-28T07:55:45Z,2025-09-17T03:14:47Z,2025-10-09T09:19:49Z
FC-01327,S123,2025-09-09T19:54:17Z,43.0,366.0,60.0,37.86,289.0,1473.0,0,2025-09-09T05:48:29Z,2025-09-09T03:53:50Z,2025-09-09T18:29:15Z,2025-08-30T03:45:41Z,2025-09-17T00:30:17Z,2025-09-15T12:00:25Z
FC-01328,S155,2025-09-09T21:46:19Z,10.0,69.0,20.0,14.43,75.0,302.0,0,2025-09-09T03:36:24Z,2025-09-09T13:59:04Z,2025-09-09T21:21:38Z,2025-08-29T04:31:37Z,2025-09-17T20:19:16Z,2025-09-23T22:56:16Z
FC-01329,S132,2025-09-09T22:17:28Z,49.0,272.0,70.0,30.63,295.0,1266.0,0,2025-09-09T13:00:18Z,2025-09-09T10:48:21Z,2025-09-09T20:56:46Z,2025-09-03T18:34:24Z,2025-09-17T08:36:51Z,2025-09-17T10:06:27Z
FC-01330,S110,2025-09-09T22:17:32Z,96.0,493.0,134.0,13.62,488.0,2380.0,0,2025-09-09T18:50:44Z,2025-09-09T14:13:31Z,2025-09-09T21:06:05Z,2025-09-07T13:05:25Z,2025-09-17T14:47:51Z,2025-10-05T06:05:27Z
FC-01331,S108,2025-09-09T22:50:27Z,46.0,287.0,61.0,22.48,291.0,1418.0,0,2025-09-09T20:32:26Z,2025-09-09T04:37:25Z,2025-09-09T21:47:07Z,2025-08-27T11:31:45Z,2025-09-17T04:23:37Z,2025-09-29T08:48:11Z
FC-01332,S131,2025-09-09T23:06:49Z,39.0,286.0,45.0,12.31,249.0,1166.0,0,2025-09-09T18:53:31Z,2025-09-09T19:09:54Z,2025-09-09T21:20:54Z,2025-09-08T12:15:18Z,2025-09-17T20:49:50Z,2025-10-06T22:10:34Z
FC-01333,S145,2025-09-09T23:06:50Z,65.0,401.0,81.0,19.32,551.0,1898.0,0,2025-09-09T10:44:16Z,2025-09-09T13:53:13Z,2025-09-09T22:44:50Z,2025-09-04T00:55:53Z,2025-09-17T06:46:22Z,2025-10-05T21:15:36Z
FC-01334,S125,2025-09-09T23:22:03Z,28.0,170.0,15.0,30.24,207.0,745.0,1,2025-09-09T09:20:35Z,2025-09-09T10:09:22Z,2025-09-09T22:14:44Z,2025-08-31T00:55:59Z,2025-09-17T12:24:36Z,2025-09-27T06:54:26Z
FC-01335,S123,2025-09-10T00:25:46Z,51.0,369.0,45.0,38.88,491.0,1848.0,1,2025-09-09T12:14:30Z,2025-09-09T22:03:07Z,2025-09-09T22:55:24Z,2025-08-27T18:08:28Z,2025-09-17T18:08:38Z,2025-10-03T04:13:56Z
FC-01336,S146,2025-09-10T00:48:20Z,50.0,335.0,44.0,3.41,348.0,1250.0,1,2025-09-09T13:19:15Z,2025-09-09T10:35:13Z,2025-09-09T23:30:39Z,2025-09-06T06:00:53Z,2025-09-17T10:24:45Z,2025-09-23T05:59:02Z
FC-01337,S153,2025-09-10T01:02:51Z,51.0,348.0,83.0,3.11,357.0,1548.0,0,2025-09-09T21:05:09Z,2025-09-09T15:40:44Z,2025-09-09T23:44:24Z,2025-09-08T06:43:47Z,2025-09-17T06:37:20Z,2025-09-23T04:15:35Z
FC-01338,S156,2025-09-10T02:10:00Z,20.0,136.0,30.0,34.5,126.0,632.0,0,2025-09-09T14:05:51Z,2025-09-09T10:13:57Z,2025-09-10T00:40:57Z,2025-09-04T00:09:42Z,2025-09-17T05:23:48Z,2025-09-22T11:49:24Z
FC-01339,S116,2025-09-10T02:24:37Z,38.0,210.0,29.0,17.06,239.0,1076.0,1,2025-09-09T13:28:19Z,2025-09-09T13:47:23Z,2025-09-10T01:13:49Z,2025-09-05T09:50:06Z,2025-09-18T01:31:10Z,2025-09-15T12:44:49Z
FC-01340,S134,2025-09-10T03:10:47Z,38.0,308.0,47.0,32.41,277.0,1181.0,0,2025-09-09T22:47:17Z,2025-09-09T18:49:21Z,2025-09-10T02:17:14Z,2025-09-06T13:04:48Z,2025-09-17T06:33:15Z,2025-09-27T19:18:10Z
FC-01341,S155,2025-09-10T05:34:48Z,33.0,220.0,22.0,19.87,213.0,892.0,1,2025-09-09T17:42:45Z,2025-09-10T00:21:35Z,2025-09-10T03:49:40Z,2025-09-09T01:04:36Z,2025-09-17T07:44:31Z,2025-10-04T09:59:53Z
FC-01342,S131,2025-09-10T06:07:58Z,16.0,113.0,22.0,12.54,124.0,474.0,0,2025-09-09T15:58:12Z,2025-09-09T11:39:36Z,2025-09-10T05:07:31Z,2025-09-06T16:08:14Z,2025-09-17T18:01:12Z,2025-10-07T09:14:15Z
FC-01343,S158,2025-09-10T06:08:23Z,65.0,498.0,107.0,5.41,531.0,2083.0,0,2025-09-10T01:38:23Z,2025-09-09T19:01:18Z,2025-09-10T05:23:55Z,2025-09-06T01:32:09Z,2025-09-18T05:07:09Z,2025-09-16T04:28:06Z
FC-01344,S142,2025-09-10T06:38:01Z,61.0,481.0,130.0,22.64,524.0,2268.0,0,2025-09-09T19:29:26Z,2025-09-09T14:07:25Z,2025-09-10T05:27:23Z,2025-09-06T17:14:15Z,2025-09-17T10:21:21Z,2025-10-03T08:51:19Z
FC-01345,S128,2025-09-10T06:56:01Z,60.0,404.0,62.0,21.79,451.0,1740.0,0,2025-09-09T19:17:20Z,2025-09-09T14:57:01Z,2025-09-10T06:03:41Z,2025-08-31T21:00:56Z,2025-09-18T06:06:53Z,2025-10-07T01:41:17Z
FC-01346,S155,2025-09-10T07:05:19Z,61.0,506.0,89.0,33.23,554.0,1894.0,0,2025-09-10T01:39:51Z,2025-09-10T00:13:27Z,2025-09-10T06:29:40Z,2025-09-07T14:49:03Z,2025-09-18T01:36:20Z,2025-09-16T16:20:30Z
FC-01347,S144,2025-09-10T07:09:33Z,81.0,577.0,90.0,37.14,601.0,2370.0,0,2025-09-09T16:47:16Z,2025-09-10T01:46:07Z,2025-09-10T06:23:37Z,2025-08-31T06:47:56Z,2025-09-17T11:13:19Z,2025-09-21T08:01:35Z
FC-01348,S118,2025-09-10T08:07:12Z,85.0,603.0,59.0,22.42,563.0,2222.0,1,2025-09-09T13:07:35Z,2025-09-09T16:11:51Z,2025-09-10T06:58:31Z,2025-09-02T03:07:40Z,2025-09-18T02:27:30Z,2025-09-16T16:32:41Z
FC-01349,S145,2025-09-10T08:08:09Z,69.0,412.0,100.0,3.15,408.0,1624.0,0,2025-09-10T01:43:22Z,2025-09-10T00:58:33Z,2025-09-10T07:52:49Z,2025-09-01T12:35:39Z,2025-09-17T11:14:06Z,2025-10-05T18:45:06Z
FC-01350,S159,2025-09-10T08:22:06Z,24.0,164.0,18.0,8.04,207.0,730.0,1,2025-09-10T03:42:42Z,2025-09-09T23:33:06Z,2025-09-10T07:37:17Z,2025-08-27T22:30:12Z,2025-09-17T11:25:20Z,2025-10-09T20:36:58Z
FC-01351,S117,2025-09-10T08:22:22Z,23.0,146.0,37.0,22.94,133.0,724.0,0,2025-09-10T00:15:12Z,2025-09-09T18:05:06Z,2025-09-10T07:39:13Z,2025-08-29T11:55:20Z,2025-09-17T23:11:10Z,2025-09-28T04:02:00Z
FC-01352,S125,2025-09-10T09:03:31Z,54.0,362.0,74.0,19.72,349.0,1431.0,0,2025-09-09T18:00:25Z,2025-09-09T18:56:12Z,2025-09-10T07:57:26Z,2025-08-28T18:50:21Z,2025-09-18T04:53:40Z,2025-09-17T06:14:20Z
FC-01353,S143,2025-09-10T10:02:25Z,40.0,241.0,35.0,23.33,324.0,1308.0,1,2025-09-09T16:19:32Z,2025-09-10T04:04:41Z,2025-09-10T08:08:41Z,2025-09-06T22:02:48Z,2025-09-18T03:30:12Z,2025-09-30T16:15:08Z
FC-01354,S113,2025-09-10T10:07:08Z,48.0,366.0,49.0,26.02,461.0,1755.0,1,2025-09-09T22:27:57Z,2025-09-09T21:08:46Z,2025-09-10T09:38:03Z,2025-08-29T13:09:30Z,2025-09-18T03:07:10Z,2025-10-07T07:37:05Z
FC-01355,S106,2025-09-10T10:13:48Z,35.0,269.0,68.0,9.32,300.0,1188.0,0,2025-09-09T21:58:53Z,2025-09-09T22:39:47Z,2025-09-10T09:32:08Z,2025-09-02T18:33:27Z,2025-09-17T10:44:52Z,2025-09-25T04:50:48Z
FC-01356,S126,2025-09-10T10:17:41Z,70.0,481.0,65.0,25.14,449.0,1969.0,1,2025-09-10T01:04:46Z,2025-09-09T23:26:28Z,2025-09-10T08:45:33Z,2025-09-04T07:42:30Z,2025-09-17T12:14:48Z,2025-10-03T05:17:06Z
FC-01357,S139,2025-09-10T11:11:38Z,28.0,233.0,55.0,34.14,276.0,969.0,0,2025-09-09T20:06:43Z,2025-09-10T01:33:47Z,2025-09-10T09:41:44Z,2025-08-27T12:05:02Z,2025-09-18T01:20:33Z,2025-10-04T09:19:11Z
FC-01358,S124,2025-09-10T11:13:55Z,26.0,163.0,44.0,13.72,219.0,763.0,0,2025-09-10T02:09:13Z,2025-09-10T05:39:40Z,2025-09-10T09:44:41Z,2025-09-06T00:11:40Z,2025-09-17T23:02:09Z,2025-09-19T01:55:49Z
FC-01359,S128,2025-09-10T12:11:23Z,26.0,157.0,24.0,4.31,189.0,741.0,1,2025-09-10T05:35:14Z,2025-09-10T09:30:01Z,2025-09-10T10:32:08Z,2025-08-31T21:42:36Z,2025-09-17T21:38:53Z,2025-10-02T20:39:39Z
FC-01360,S114,2025-09-10T12:20:06Z,58.0,353.0,95.0,21.79,381.0,1914.0,0,2025-09-10T02:39:23Z,2025-09-10T08:26:09Z,2025-09-10T11:50:47Z,2025-08-29T12:42:20Z,2025-09-18T07:37:28Z,2025-09-19T00:58:20Z
FC-01361,S122,2025-09-10T13:56:11Z,21.0,163.0,36.0,7.97,170.0,740.0,0,2025-09-10T06:54:46Z,2025-09-10T06:32:45Z,2025-09-10T12:30:53Z,2025-09-07T20:35:57Z,2025-09-18T10:14:33Z,2025-09-19T19:01:25Z
FC-01362,S128,2025-09-10T14:34:32Z,49.0,352.0,51.0,17.83,454.0,1841.0,1,2025-09-10T07:37:03Z,2025-09-10T06:44:43Z,2025-09-10T13:29:34Z,2025-08-27T20:33:01Z,2025-09-17T16:03:56Z,2025-10-07T14:20:47Z
FC-01363,S137,2025-09-10T14:36:54Z,19.0,125.0,14.0,33.99,106.0,433.0,1,2025-09-10T00:09:03Z,2025-09-10T06:16:15Z,2025-09-10T14:29:04Z,2025-09-04T01:04:16Z,2025-09-17T15:06:55Z,2025-10-01T10:23:19Z
FC-01364,S148,2025-09-10T14:38:47Z,60.0,389.0,50.0,2.95,316.0,1678.0,0,2025-09-09T22:53:52Z,2025-09-10T09:40:58Z,2025-09-10T12:51:37Z,2025-08-29T22:09:21Z,2025-09-17T18:07:31Z,2025-09-21T05:40:57Z
FC-01365,S115,2025-09-10T15:34:05Z,34.0,264.0,26.0,17.46,267.0,1109.0,1,2025-09-10T02:12:32Z,2025-09-10T02:32:29Z,2025-09-10T15:25:06Z,2025-08-30T00:57:58Z,2025-09-18T04:41:33Z,2025-10-04T19:10:40Z
FC-01366,S125,2025-09-10T16:17:27Z,31.0,247.0,33.0,29.22,250.0,1168.0,1,2025-09-10T02:34:29Z,2025-09-10T13:23:41Z,2025-09-10T15:00:44Z,2025-09-08T17:55:54Z,2025-09-18T02:36:41Z,2025-09-16T10:04:44Z
FC-01367,S124,2025-09-10T16:46:46Z,39.0,297.0,52.0,26.88,332.0,1411.0,0,2025-09-09T21:00:47Z,2025-09-10T00:43:01Z,2025-09-10T14:47:08Z,2025-09-03T13:03:25Z,2025-09-18T03:22:54Z,2025-10-07T12:52:49Z
FC-01368,S123,2025-09-10T16:53:57Z,107.0,692.0,59.0,38.27,636.0,2752.0,1,2025-09-10T01:06:14Z,2025-09-10T08:09:27Z,2025-09-10T15:27:13Z,2025-08-30T14:36:20Z,2025-09-18T10:35:41Z,2025-09-23T15:57:49Z
FC-01369,S149,2025-09-10T17:24:57Z,31.0,295.0,46.0,13.87,237.0,1223.0,0,2025-09-10T15:06:02Z,2025-09-10T07:33:46Z,2025-09-10T16:55:40Z,2025-08-28T06:51:12Z,2025-09-17T21:54:23Z,2025-09-19T13:50:31Z
FC-01370,S149,2025-09-10T17:59:35Z,39.0,313.0,69.0,31.6,311.0,1315.0,0,2025-09-10T11:51:27Z,2025-09-10T12:58:49Z,2025-09-10T16:50:53Z,2025-09-08T04:43:21Z,2025-09-17T23:58:29Z,2025-09-22T19:33:44Z
FC-01371,S133,2025-09-10T18:28:41Z,20.0,151.0,17.0,6.18,121.0,605.0,1,2025-09-10T10:03:53Z,2025-09-10T14:10:04Z,2025-09-10T17:21:13Z,2025-09-06T12:05:33Z,2025-09-18T09:17:19Z,2025-09-28T21:25:50Z
FC-01372,S138,2025-09-10T19:21:13Z,16.0,121.0,23.0,15.87,129.0,615.0,0,2025-09-10T09:52:39Z,2025-09-10T00:09:04Z,2025-09-10T19:00:49Z,2025-09-04T03:23:02Z,2025-09-18T08:20:59Z,2025-10-02T12:17:01Z
FC-01373,S132,2025-09-10T20:24:47Z,29.0,173.0,33.0,11.76,240.0,921.0,0,2025-09-10T15:21:29Z,2025-09-10T06:06:39Z,2025-09-10T18:51:48Z,2025-09-09T16:07:27Z,2025-09-18T03:00:35Z,2025-09-27T02:29:15Z
FC-01374,S129,2025-09-10T20:57:59Z,31.0,191.0,34.0,25.7,206.0,800.0,0,2025-09-10T06:58:35Z,2025-09-10T16:16:58Z,2025-09-10T19:53:01Z,2025-08-29T02:34:01Z,2025-09-18T18:07:50Z,2025-10-02T17:00:03Z
FC-01375,S122,2025-09-10T22:06:31Z,70.0,696.0,79.0,33.91,700.0,2395.0,1,2025-09-10T07:55:26Z,2025-09-10T03:25:56Z,2025-09-10T20:19:38Z,2025-09-02T13:07:09Z,2025-09-18T00:18:52Z,2025-09-25T09:56:18Z
FC-01376,S109,2025-09-10T23:41:31Z,64.0,465.0,97.0,13.86,460.0,2012.0,0,2025-09-10T17:56:46Z,2025-09-10T08:59:42Z,2025-09-10T23:06:35Z,2025-08-31T19:59:44Z,2025-09-18T09:44:34Z,2025-09-16T18:11:36Z
FC-01377,S152,2025-09-10T23:48:50Z,19.0,154.0,18.0,8.78,139.0,604.0,0,2025-09-10T20:16:16Z,2025-09-10T14:20:08Z,2025-09-10T23:06:04Z,2025-08-31T09:47:28Z,2025-09-18T07:02:09Z,2025-10-05T02:20:03Z
FC-01378,S133,2025-09-10T23:50:07Z,96.0,660.0,92.0,4.06,546.0,2975.0,1,2025-09-10T18:20:07Z,2025-09-10T18:20:16Z,2025-09-10T22:40:18Z,2025-08-31T14:27:44Z,2025-09-18T21:17:32Z,2025-09-25T20:07:41Z
FC-01379,S145,2025-09-11T00:16:30Z,14.0,110.0,27.0,12.56,121.0,549.0,0,2025-09-10T05:42:54Z,2025-09-10T22:08:49Z,2025-09-10T23:50:17Z,2025-09-06T21:25:03Z,2025-09-18T19:46:21Z,2025-10-09T05:36:25Z
FC-01380,S110,2025-09-11T03:40:33Z,24.0,204.0,26.0,14.37,182.0,795.0,0,2025-09-10T18:29:36Z,2025-09-10T19:45:41Z,2025-09-11T03:31:20Z,2025-08-28T22:49:13Z,2025-09-18T18:17:39Z,2025-09-16T09:41:35Z
FC-01381,S103,2025-09-11T03:47:09Z,39.0,316.0,44.0,24.38,351.0,1302.0,1,2025-09-10T21:31:20Z,2025-09-10T08:36:45Z,2025-09-11T03:11:36Z,2025-09-05T04:09:17Z,2025-09-19T00:05:14Z,2025-09-27T23:48:15Z
FC-01382,S127,2025-09-11T03:59:55Z,66.0,518.0,85.0,21.92,459.0,1923.0,0,2025-09-10T22:31:22Z,2025-09-11T01:57:40Z,2025-09-11T02:27:35Z,2025-09-05T01:58:10Z,2025-09-19T02:26:18Z,2025-09-28T04:57:22Z
FC-01383,S113,2025-09-11T05:06:00Z,60.0,478.0,85.0,35.21,451.0,1786.0,0,2025-09-10T22:28:55Z,2025-09-10T19:11:51Z,2025-09-11T04:00:34Z,2025-09-03T22:34:13Z,2025-09-18T16:15:19Z,2025-09-25T21:56:11Z
FC-01384,S106,2025-09-11T05:33:36Z,36.0,266.0,63.0,37.48,256.0,1251.0,0,2025-09-10T20:14:55Z,2025-09-10T22:00:41Z,2025-09-11T04:16:31Z,2025-09-07T12:42:22Z,2025-09-18T19:46:26Z,2025-09-20T17:39:19Z
FC-01385,S121,2025-09-11T06:27:06Z,33.0,231.0,35.0,33.09,202.0,1019.0,0,2025-09-10T13:11:06Z,2025-09-10T19:56:14Z,2025-09-11T05:57:43Z,2025-08-29T22:56:49Z,2025-09-18T14:47:49Z,2025-09-28T06:18:47Z
FC-01386,S136,2025-09-11T06:36:20Z,63.0,440.0,93.0,6.38,519.0,2101.0,0,2025-09-10T18:51:11Z,2025-09-11T02:14:45Z,2025-09-11T06:05:30Z,2025-09-01T18:48:51Z,2025-09-18T18:01:13Z,2025-10-09T14:03:03Z
FC-01387,S150,2025-09-11T06:43:33Z,136.0,835.0,123.0,32.27,801.0,3539.0,0,2025-09-11T02:32:57Z,2025-09-10T11:16:11Z,2025-09-11T05:52:16Z,2025-09-02T20:44:46Z,2025-09-18T16:58:05Z,2025-09-29T00:01:11Z
FC-01388,S123,2025-09-11T07:01:07Z,54.0,299.0,62.0,17.12,334.0,1493.0,0,2025-09-10T16:35:35Z,2025-09-10T18:07:03Z,2025-09-11T06:19:20Z,2025-09-04T14:08:32Z,2025-09-19T05:48:58Z,2025-09-17T02:21:45Z
FC-01389,S107,2025-09-11T07:05:07Z,85.0,579.0,118.0,37.31,628.0,2408.0,0,2025-09-10T18:42:13Z,2025-09-10T11:09:13Z,2025-09-11T05:22:54Z,2025-09-05T08:07:13Z,2025-09-19T05:30:01Z,2025-09-28T19:22:41Z
FC-01390,S139,2025-09-11T08:20:58Z,50.0,270.0,54.0,24.33,300.0,1285.0,0,2025-09-11T02:25:14Z,2025-09-11T02:45:50Z,2025-09-11T06:30:46Z,2025-09-02T22:22:11Z,2025-09-19T02:28:00Z,2025-09-16T20:05:59Z
FC-01391,S138,2025-09-11T12:07:26Z,33.0,289.0,57.0,29.66,230.0,1021.0,0,2025-09-10T21:30:24Z,2025-09-11T01:06:27Z,2025-09-11T10:36:14Z,2025-09-02T08:28:08Z,2025-09-19T02:28:14Z,2025-10-09T19:17:10Z
FC-01392,S107,2025-09-11T12:53:36Z,83.0,539.0,81.0,22.33,445.0,2118.0,0,2025-09-10T20:55:17Z,2025-09-10T22:22:50Z,2025-09-11T10:59:27Z,2025-09-08T22:32:53Z,2025-09-18T21:10:58Z,2025-09-19T06:07:34Z
FC-01393,S136,2025-09-11T13:36:40Z,77.0,457.0,110.0,37.05,491.0,2001.0,0,2025-09-10T22:46:02Z,2025-09-11T09:49:19Z,2025-09-11T13:09:25Z,2025-09-09T22:34:25Z,2025-09-19T05:46:16Z,2025-10-08T19:09:48Z
FC-01394,S147,2025-09-11T14:40:22Z,73.0,531.0,136.0,15.44,474.0,2139.0,0,2025-09-11T01:45:45Z,2025-09-11T00:00:08Z,2025-09-11T12:43:00Z,2025-09-02T17:16:06Z,2025-09-19T03:14:41Z,2025-10-06T15:00:03Z
FC-01395,S108,2025-09-11T16:29:38Z,48.0,282.0,66.0,23.01,266.0,1201.0,0,2025-09-11T13:37:05Z,2025-09-10T21:38:54Z,2025-09-11T14:44:19Z,2025-09-04T08:49:08Z,2025-09-19T07:26:39Z,2025-09-27T03:33:30Z
FC-01396,S130,2025-09-11T17:26:08Z,121.0,829.0,114.0,21.99,1077.0,4183.0,1,2025-09-11T06:21:29Z,2025-09-11T05:12:14Z,2025-09-11T15:41:21Z,2025-09-07T14:52:07Z,2025-09-18T20:41:30Z,2025-10-02T04:11:06Z
FC-01397,S122,2025-09-11T19:05:19Z,61.0,418.0,59.0,32.15,343.0,1651.0,0,2025-09-11T10:03:58Z,2025-09-11T07:37:35Z,2025-09-11T18:31:21Z,2025-09-07T09:05:00Z,2025-09-19T13:48:00Z,2025-09-21T09:29:20Z
FC-01398,S136,2025-09-11T22:34:25Z,32.0,235.0,49.0,11.64,278.0,1210.0,0,2025-09-11T06:55:49Z,2025-09-11T03:18:04Z,2025-09-11T21:07:03Z,2025-09-05T09:44:05Z,2025-09-19T16:42:16Z,2025-09-21T06:46:43Z
FC-01399,S114,2025-09-11T23:04:10Z,83.0,469.0,96.0,32.38,488.0,1996.0,0,2025-09-11T12:34:32Z,2025-09-11T20:03:08Z,2025-09-11T22:26:36Z,2025-09-09T18:59:21Z,2025-09-19T02:21:04Z,2025-09-30T09:35:38Z
FC-01400,S159,2025-09-11T23:31:54Z,77.0,560.0,53.0,5.12,435.0,2534.0,1,2025-09-11T19:06:03Z,2025-09-11T09:19:13Z,2025-09-11T22:12:22Z,2025-09-07T07:37:47Z,2025-09-19T09:53:38Z,2025-10-04T02:59:07Z
FC-01401,S120,2025-09-12T00:31:41Z,28.0,209.0,54.0,4.23,260.0,955.0,0,2025-09-11T18:52:58Z,2025-09-11T08:40:14Z,2025-09-12T00:13:22Z,2025-09-04T17:25:09Z,2025-09-19T22:35:35Z,2025-09-23T21:04:31Z
FC-01402,S120,2025-09-12T00:38:09Z,44.0,299.0,54.0,24.36,266.0,1286.0,0,2025-09-11T10:40:48Z,2025-09-11T10:52:41Z,2025-09-11T22:53:19Z,2025-09-04T21:01:16Z,2025-09-19T20:27:37Z,2025-10-04T11:34:30Z
FC-01403,S117,2025-09-12T01:54:30Z,70.0,541.0,53.0,3.76,519.0,2206.0,1,2025-09-11T19:05:27Z,2025-09-11T13:57:32Z,2025-09-12T00:18:38Z,2025-09-03T12:04:10Z,2025-09-19T11:25:25Z,2025-09-17T08:36:33Z
FC-01404,S114,2025-09-12T01:56:08Z,37.0,241.0,25.0,17.38,273.0,947.0,1,2025-09-11T22:15:18Z,2025-09-11T09:54:19Z,2025-09-12T00:44:53Z,2025-09-01T21:54:52Z,2025-09-19T14:22:06Z,2025-10-04T22:15:29Z
FC-01405,S127,2025-09-12T02:00:29Z,13.0,100.0,15.0,6.42,112.0,426.0,0,2025-09-11T13:36:44Z,2025-09-11T23:59:40Z,2025-09-12T00:45:02Z,2025-08-29T19:54:22Z,2025-09-19T15:48:20Z,2025-09-28T03:47:04Z
FC-01406,S107,2025-09-12T04:19:31Z,71.0,403.0,48.0,34.65,396.0,1662.0,1,2025-09-11T20:08:42Z,2025-09-11T20:52:37Z,2025-09-12T03:59:09Z,2025-09-06T19:39:18Z,2025-09-20T00:09:35Z,2025-10-08T05:34:21Z
FC-01407,S110,2025-09-12T04:38:00Z,32.0,261.0,60.0,8.91,253.0,1163.0,0,2025-09-11T11:58:57Z,2025-09-11T11:29:11Z,2025-09-12T03:40:19Z,2025-09-03T02:00:56Z,2025-09-19T09:09:19Z,2025-10-05T05:25:18Z
FC-01408,S135,2025-09-12T06:32:14Z,36.0,301.0,71.0,16.87,280.0,1227.0,0,2025-09-11T17:48:47Z,2025-09-11T17:41:21Z,2025-09-12T04:32:33Z,2025-09-03T20:32:43Z,2025-09-19T12:15:48Z,2025-09-18T05:10:13Z
FC-01409,S150,2025-09-12T06:37:45Z,45.0,261.0,45.0,26.97,282.0,1377.0,0,2025-09-11T14:53:45Z,2025-09-12T00:16:14Z,2025-09-12T05:05:11Z,2025-09-06T12:05:12Z,2025-09-19T14:49:30Z,2025-09-28T03:31:06Z
FC-01410,S105,2025-09-12T07:18:16Z,75.0,528.0,123.0,30.86,466.0,2173.0,0,2025-09-11T16:10:33Z,2025-09-11T14:16:35Z,2025-09-12T07:11:45Z,2025-09-03T09:38:22Z,2025-09-19T10:15:20Z,2025-09-19T06:04:14Z
FC-01411,S117,2025-09-12T08:49:40Z,39.0,226.0,31.0,37.41,245.0,957.0,1,2025-09-11T21:44:36Z,2025-09-11T19:47:50Z,2025-09-12T07:00:21Z,2025-09-10T14:20:57Z,2025-09-19T15:38:59Z,2025-10-02T20:04:07Z
FC-01412,S150,2025-09-12T09:13:30Z,59.0,378.0,55.0,30.88,392.0,1712.0,0,2025-09-11T23:45:54Z,2025-09-12T06:04:10Z,2025-09-12T07:16:02Z,2025-09-04T05:54:29Z,2025-09-19T10:24:40Z,2025-10-08T01:22:08Z
FC-01413,S151,2025-09-12T09:15:16Z,41.0,316.0,81.0,34.03,389.0,1621.0,0,2025-09-12T01:40:42Z,2025-09-12T00:37:36Z,2025-09-12T08:31:48Z,2025-09-05T14:15:12Z,2025-09-19T19:56:42Z,2025-10-05T01:11:19Z
FC-01414,S118,2025-09-12T09:24:26Z,22.0,165.0,30.0,18.88,142.0,580.0,0,2025-09-12T02:13:48Z,2025-09-11T21:34:22Z,2025-09-12T08:24:24Z,2025-09-10T07:25:55Z,2025-09-19T15:13:25Z,2025-09-23T22:54:08Z
FC-01415,S155,2025-09-12T09:58:53Z,38.0,323.0,85.0,6.58,308.0,1438.0,0,2025-09-11T15:11:25Z,2025-09-11T18:58:13Z,2025-09-12T08:29:27Z,2025-09-02T07:55:09Z,2025-09-19T20:39:29Z,2025-09-27T20:21:29Z
FC-01416,S129,2025-09-12T10:06:50Z,56.0,449.0,105.0,35.77,388.0,1891.0,0,2025-09-12T00:44:18Z,2025-09-12T07:33:37Z,2025-09-12T09:36:05Z,2025-09-03T05:03:16Z,2025-09-19T21:15:55Z,2025-09-22T15:16:19Z
FC-01417,S152,2025-09-12T10:19:00Z,51.0,343.0,47.0,4.1,310.0,1307.0,0,2025-09-12T08:12:02Z,2025-09-12T05:02:51Z,2025-09-12T10:00:14Z,2025-09-09T04:36:21Z,2025-09-20T05:27:34Z,2025-09-30T20:20:26Z
FC-01418,S126,2025-09-12T10:20:27Z,34.0,243.0,45.0,18.38,257.0,1028.0,0,2025-09-11T20:30:54Z,2025-09-11T20:37:49Z,2025-09-12T09:41:54Z,2025-09-03T09:37:43Z,2025-09-20T03:46:19Z,2025-10-06T08:30:40Z
FC-01419,S142,2025-09-12T10:28:20Z,107.0,704.0,110.0,24.91,703.0,2988.0,0,2025-09-12T05:53:12Z,2025-09-11T18:09:00Z,2025-09-12T08:29:31Z,2025-09-08T07:46:57Z,2025-09-19T22:50:11Z,2025-09-30T08:56:07Z
FC-01420,S134,2025-09-12T10:44:14Z,88.0,714.0,87.0,14.71,761.0,3443.0,1,2025-09-12T06:41:00Z,2025-09-12T05:26:01Z,2025-09-12T08:46:20Z,2025-09-01T02:37:08Z,2025-09-20T04:10:10Z,2025-09-29T20:53:48Z
FC-01421,S147,2025-09-12T11:00:18Z,26.0,191.0,30.0,37.98,211.0,977.0,1,2025-09-12T00:07:12Z,2025-09-11T20:06:20Z,2025-09-12T10:03:15Z,2025-09-02T20:29:56Z,2025-09-19T19:50:27Z,2025-10-07T21:11:19Z
FC-01422,S137,2025-09-12T11:03:43Z,42.0,301.0,55.0,33.61,353.0,1293.0,0,2025-09-11T20:00:20Z,2025-09-11T15:29:13Z,2025-09-12T10:03:15Z,2025-09-09T07:29:24Z,2025-09-19T17:34:47Z,2025-09-24T00:47:49Z
FC-01423,S122,2025-09-12T11:41:43Z,55.0,448.0,78.0,23.85,394.0,1806.0,0,2025-09-12T04:55:15Z,2025-09-12T05:22:06Z,2025-09-12T11:28:05Z,2025-08-29T16:52:40Z,2025-09-19T16:51:28Z,2025-10-10T21:19:13Z
FC-01424,S137,2025-09-12T11:50:48Z,30.0,232.0,45.0,27.61,238.0,1226.0,0,2025-09-11T23:14:44Z,2025-09-11T22:00:07Z,2025-09-12T09:58:45Z,2025-09-09T01:07:17Z,2025-09-20T04:23:33Z,2025-09-23T15:52:09Z
FC-01425,S156,2025-09-12T11:52:08Z,26.0,173.0,34.0,15.51,214.0,882.0,0,2025-09-12T04:47:10Z,2025-09-12T07:22:38Z,2025-09-12T11:26:09Z,2025-09-06T09:27:15Z,2025-09-20T03:17:15Z,2025-09-28T05:02:42Z
FC-01426,S107,2025-09-12T13:25:49Z,56.0,380.0,62.0,31.08,320.0,1454.0,0,2025-09-11T21:17:45Z,2025-09-11T20:45:07Z,2025-09-12T11:50:30Z,2025-09-11T00:18:16Z,2025-09-20T05:27:10Z,2025-10-01T14:46:35Z
FC-01427,S153,2025-09-12T15:01:49Z,35.0,285.0,57.0,35.75,278.0,1164.0,0,2025-09-12T04:18:43Z,2025-09-12T12:57:49Z,2025-09-12T14:47:47Z,2025-09-06T00:55:12Z,2025-09-20T00:08:49Z,2025-09-22T20:36:37Z
FC-01428,S125,2025-09-12T16:13:06Z,39.0,344.0,33.0,35.59,313.0,1502.0,1,2025-09-12T11:46:24Z,2025-09-11T22:27:43Z,2025-09-12T15:40:21Z,2025-09-11T03:06:40Z,2025-09-19T18:16:21Z,2025-10-07T11:48:35Z
FC-01429,S146,2025-09-12T16:34:13Z,57.0,414.0,83.0,5.42,319.0,1554.0,0,2025-09-12T11:54:10Z,2025-09-12T08:39:56Z,2025-09-12T15:04:06Z,2025-09-09T00:09:02Z,2025-09-20T11:51:29Z,2025-09-17T18:51:39Z
FC-01430,S144,2025-09-12T17:41:58Z,15.0,113.0,12.0,26.7,115.0,437.0,1,2025-09-12T07:12:08Z,2025-09-12T13:32:03Z,2025-09-12T17:14:44Z,2025-09-04T06:23:28Z,2025-09-20T08:46:17Z,2025-10-08T14:59:24Z
FC-01431,S144,2025-09-12T17:53:36Z,28.0,180.0,38.0,23.06,191.0,779.0,0,2025-09-12T03:33:13Z,2025-09-12T11:45:55Z,2025-09-12T15:59:05Z,2025-09-03T04:54:28Z,2025-09-20T10:12:04Z,2025-09-18T14:13:42Z
FC-01432,S134,2025-09-12T18:00:08Z,12.0,88.0,11.0,26.48,95.0,406.0,1,2025-09-12T10:00:17Z,2025-09-12T07:17:14Z,2025-09-12T17:11:55Z,2025-09-05T22:08:32Z,2025-09-20T07:30:35Z,2025-09-21T08:25:42Z
FC-01433,S147,2025-09-12T18:12:36Z,26.0,178.0,21.0,22.48,174.0,856.0,1,2025-09-12T12:30:14Z,2025-09-12T11:30:06Z,2025-09-12T16:29:36Z,2025-09-10T03:37:20Z,2025-09-20T15:42:03Z,2025-10-01T22:39:58Z
FC-01434,S123,2025-09-12T19:18:05Z,46.0,428.0,36.0,17.31,394.0,1748.0,1,2025-09-12T11:02:56Z,2025-09-11T23:40:58Z,2025-09-12T18:16:09Z,2025-09-10T06:23:52Z,2025-09-20T14:53:00Z,2025-09-23T00:54:14Z
FC-01435,S125,2025-09-12T20:13:48Z,81.0,578.0,47.0,29.25,527.0,2218.0,1,2025-09-12T08:19:26Z,2025-09-12T03:08:12Z,2025-09-12T19:47:45Z,2025-09-10T22:34:05Z,2025-09-20T08:31:39Z,2025-10-04T07:52:16Z
FC-01436,S104,2025-09-12T21:00:57Z,41.0,248.0,38.0,2.69,234.0,1125.0,0,2025-09-12T08:40:05Z,2025-09-12T11:28:15Z,2025-09-12T19:39:41Z,2025-09-08T00:17:18Z,2025-09-20T19:51:53Z,2025-10-09T22:41:32Z
FC-01437,S151,2025-09-12T21:17:58Z,89.0,648.0,105.0,7.78,596.0,2639.0,0,2025-09-12T12:27:55Z,2025-09-12T17:36:01Z,2025-09-12T19:55:55Z,2025-08-30T19:04:09Z,2025-09-20T10:54:23Z,2025-09-29T17:41:47Z
FC-01438,S154,2025-09-12T21:31:14Z,38.0,258.0,43.0,35.09,183.0,965.0,0,2025-09-12T08:11:07Z,2025-09-12T12:57:59Z,2025-09-12T21:22:44Z,2025-08-30T18:06:45Z,2025-09-20T18:24:26Z,2025-09-27T15:13:52Z
FC-01439,S131,2025-09-12T22:55:24Z,37.0,250.0,49.0,22.54,264.0,1134.0,0,2025-09-12T10:15:57Z,2025-09-12T17:15:48Z,2025-09-12T21:17:41Z,2025-08-31T05:58:40Z,2025-09-20T17:50:35Z,2025-10-04T12:20:12Z
FC-01440,S151,2025-09-12T22:55:24Z,23.0,192.0,33.0,10.99,215.0,783.0,0,2025-09-12T20:39:48Z,2025-09-12T05:16:36Z,2025-09-12T21:25:41Z,2025-09-06T09:47:19Z,2025-09-20T00:53:47Z,2025-09-25T10:23:12Z
FC-01441,S129,2025-09-12T23:35:23Z,23.0,181.0,39.0,24.41,179.0,758.0,0,2025-09-12T18:33:27Z,2025-09-12T19:16:07Z,2025-09-12T22:18:52Z,2025-09-05T06:00:24Z,2025-09-20T18:29:50Z,2025-10-11T19:53:04Z
FC-01442,S107,2025-09-12T23:57:52Z,83.0,554.0,110.0,12.02,624.0,2414.0,0,2025-09-12T15:29:16Z,2025-09-12T21:25:42Z,2025-09-12T23:43:58Z,2025-09-05T04:58:26Z,2025-09-20T07:04:33Z,2025-09-27T09:39:19Z
FC-01443,S116,2025-09-13T00:03:08Z,50.0,310.0,38.0,2.76,305.0,1331.0,1,2025-09-12T18:48:19Z,2025-09-12T12:26:03Z,2025-09-12T23:42:50Z,2025-08-30T03:50:56Z,2025-09-20T07:54:09Z,2025-10-05T07:30:58Z
FC-01444,S113,2025-09-13T01:52:58Z,16.0,145.0,34.0,19.94,119.0,591.0,0,2025-09-12T17:31:32Z,2025-09-12T12:37:59Z,2025-09-13T01:21:56Z,2025-09-06T12:11:43Z,2025-09-20T09:02:06Z,2025-10-03T20:56:54Z
FC-01445,S110,2025-09-13T02:35:44Z,52.0,348.0,69.0,27.99,314.0,1345.0,0,2025-09-12T12:03:05Z,2025-09-12T13:45:02Z,2025-09-13T00:58:15Z,2025-09-07T22:02:03Z,2025-09-21T01:41:35Z,2025-10-12T05:39:54Z
FC-01446,S155,2025-09-13T02:50:14Z,43.0,343.0,79.0,18.2,270.0,1465.0,0,2025-09-12T20:57:04Z,2025-09-12T22:15:36Z,2025-09-13T02:09:54Z,2025-08-30T13:13:29Z,2025-09-20T14:08:18Z,2025-09-19T23:18:39Z
FC-01447,S106,2025-09-13T03:50:19Z,26.0,172.0,31.0,36.61,140.0,634.0,0,2025-09-12T19:58:37Z,2025-09-12T19:03:58Z,2025-09-13T03:42:04Z,2025-09-01T19:49:41Z,2025-09-21T00:42:55Z,2025-10-08T14:22:30Z
FC-01448,S152,2025-09-13T04:07:12Z,104.0,720.0,84.0,14.73,729.0,3000.0,1,2025-09-12T14:33:15Z,2025-09-12T12:45:04Z,2025-09-13T03:14:50Z,2025-08-30T14:49:41Z,2025-09-20T13:00:23Z,2025-09-19T07:04:27Z
FC-01449,S111,2025-09-13T05:47:58Z,42.0,287.0,28.0,9.81,281.0,1234.0,1,2025-09-13T02:51:14Z,2025-09-12T14:51:14Z,2025-09-13T04:22:29Z,2025-09-10T23:10:46Z,2025-09-21T01:34:49Z,2025-09-23T09:46:51Z
FC-01450,S109,2025-09-13T06:12:03Z,29.0,265.0,54.0,39.25,257.0,1024.0,0,2025-09-12T22:46:31Z,2025-09-12T15:53:57Z,2025-09-13T04:17:42Z,2025-08-31T11:43:00Z,2025-09-21T02:09:55Z,2025-10-02T19:06:56Z
FC-01451,S128,2025-09-13T06:41:05Z,144.0,759.0,212.0,14.73,754.0,3786.0,0,2025-09-12T22:11:32Z,2025-09-12T15:36:03Z,2025-09-13T06:16:19Z,2025-09-07T15:15:11Z,2025-09-20T22:49:01Z,2025-10-04T12:06:14Z
FC-01452,S119,2025-09-13T06:54:05Z,42.0,263.0,61.0,39.29,241.0,1186.0,0,2025-09-13T02:16:42Z,2025-09-12T20:18:22Z,2025-09-13T06:15:52Z,2025-09-02T11:35:38Z,2025-09-20T12:18:17Z,2025-09-24T20:57:04Z
FC-01453,S121,2025-09-13T07:06:38Z,101.0,624.0,112.0,8.96,706.0,3097.0,0,2025-09-12T13:05:20Z,2025-09-12T11:12:16Z,2025-09-13T06:41:10Z,2025-09-10T09:02:08Z,2025-09-20T23:24:48Z,2025-09-28T09:10:08Z
FC-01454,S102,2025-09-13T07:51:03Z,56.0,337.0,39.0,36.74,305.0,1560.0,1,2025-09-12T19:56:30Z,2025-09-13T02:03:07Z,2025-09-13T06:22:25Z,2025-09-03T21:09:36Z,2025-09-21T02:52:04Z,2025-10-08T19:19:26Z
FC-01455,S139,2025-09-13T08:45:59Z,83.0,529.0,102.0,25.9,640.0,2398.0,0,2025-09-13T05:35:21Z,2025-09-12T18:44:54Z,2025-09-13T08:35:01Z,2025-09-03T06:13:05Z,2025-09-20T22:12:27Z,2025-10-12T01:37:52Z
FC-01456,S144,2025-09-13T10:43:24Z,72.0,511.0,71.0,4.29,497.0,2170.0,0,2025-09-12T15:46:51Z,2025-09-12T16:03:11Z,2025-09-13T10:30:15Z,2025-08-30T10:58:31Z,2025-09-21T01:23:36Z,2025-09-26T14:48:58Z
FC-01457,S113,2025-09-13T11:10:35Z,50.0,351.0,70.0,18.99,430.0,1535.0,0,2025-09-12T16:15:59Z,2025-09-12T19:57:20Z,2025-09-13T10:36:33Z,2025-09-04T08:23:06Z,2025-09-21T09:58:59Z,2025-09-23T19:52:00Z
FC-01458,S156,2025-09-13T12:30:22Z,108.0,644.0,138.0,32.62,695.0,2933.0,0,2025-09-13T04:08:07Z,2025-09-13T06:41:41Z,2025-09-13T12:16:55Z,2025-09-07T20:25:26Z,2025-09-20T16:15:11Z,2025-09-24T05:15:17Z
FC-01459,S142,2025-09-13T12:43:20Z,56.0,431.0,50.0,25.48,422.0,1757.0,1,2025-09-13T05:52:24Z,2025-09-13T04:12:15Z,2025-09-13T12:05:19Z,2025-09-10T01:25:57Z,2025-09-21T12:28:02Z,2025-09-20T06:45:30Z
FC-01460,S131,2025-09-13T12:46:24Z,42.0,336.0,30.0,16.42,343.0,1461.0,1,2025-09-12T21:49:15Z,2025-09-13T08:08:40Z,2025-09-13T11:37:53Z,2025-09-06T16:21:21Z,2025-09-20T12:53:47Z,2025-10-10T00:45:54Z
FC-01461,S104,2025-09-13T12:49:46Z,16.0,110.0,20.0,30.51,98.0,454.0,0,2025-09-12T21:41:41Z,2025-09-12T23:58:22Z,2025-09-13T11:56:42Z,2025-09-05T15:47:42Z,2025-09-21T06:09:50Z,2025-09-24T21:35:12Z
FC-01462,S119,2025-09-13T13:53:07Z,23.0,181.0,42.0,34.15,152.0,654.0,0,2025-09-13T00:59:03Z,2025-09-13T04:28:07Z,2025-09-13T13:39:24Z,2025-09-02T08:09:51Z,2025-09-21T01:31:03Z,2025-09-30T02:25:31Z
FC-01463,S124,2025-09-13T14:39:07Z,37.0,276.0,55.0,27.53,309.0,1196.0,0,2025-09-12T19:38:05Z,2025-09-13T03:49:28Z,2025-09-13T13:06:41Z,2025-09-08T17:27:24Z,2025-09-21T07:06:33Z,2025-09-22T05:38:19Z
FC-01464,S139,2025-09-13T14:53:02Z,77.0,481.0,99.0,28.04,456.0,2203.0,0,2025-09-13T02:50:10Z,2025-09-13T12:41:42Z,2025-09-13T14:32:36Z,2025-09-08T03:36:25Z,2025-09-20T23:46:47Z,2025-10-11T03:39:52Z
FC-01465,S158,2025-09-13T16:18:26Z,16.0,88.0,14.0,17.68,100.0,410.0,0,2025-09-12T21:57:21Z,2025-09-13T14:01:40Z,2025-09-13T14:21:50Z,2025-09-01T23:48:56Z,2025-09-20T21:10:58Z,2025-10-06T16:45:30Z
FC-01466,S139,2025-09-13T16:53:01Z,75.0,510.0,110.0,18.61,561.0,2120.0,0,2025-09-13T09:00:35Z,2025-09-13T14:49:07Z,2025-09-13T16:35:39Z,2025-09-10T21:35:56Z,2025-09-21T08:56:57Z,2025-09-20T00:06:07Z
FC-01467,S114,2025-09-13T18:52:29Z,64.0,417.0,76.0,34.04,333.0,1715.0,0,2025-09-13T05:33:42Z,2025-09-13T00:42:06Z,2025-09-13T17:32:32Z,2025-09-10T05:29:06Z,2025-09-20T20:00:35Z,2025-10-04T14:02:03Z
FC-01468,S133,2025-09-13T19:20:33Z,21.0,171.0,17.0,35.59,164.0,733.0,1,2025-09-13T02:51:13Z,2025-09-13T00:16:09Z,2025-09-13T19:04:58Z,2025-09-01T16:46:13Z,2025-09-21T08:50:36Z,2025-09-21T20:40:28Z
FC-01469,S102,2025-09-13T19:25:15Z,12.0,94.0,19.0,25.06,80.0,362.0,0,2025-09-13T09:12:01Z,2025-09-13T16:55:39Z,2025-09-13T18:41:11Z,2025-09-07T03:31:47Z,2025-09-21T10:00:25Z,2025-09-27T00:18:11Z
FC-01470,S159,2025-09-13T19:50:48Z,41.0,286.0,63.0,26.61,285.0,1259.0,0,2025-09-13T16:19:36Z,2025-09-13T00:02:28Z,2025-09-13T19:37:50Z,2025-09-08T05:05:09Z,2025-09-21T00:55:55Z,2025-09-24T11:20:17Z
FC-01471,S137,2025-09-13T19:51:43Z,35.0,223.0,59.0,15.07,221.0,1153.0,0,2025-09-13T01:41:03Z,2025-09-13T16:08:54Z,2025-09-13T18:21:36Z,2025-09-02T08:27:49Z,2025-09-20T21:21:51Z,2025-10-02T00:35:05Z
FC-01472,S142,2025-09-13T20:22:52Z,52.0,319.0,50.0,17.84,417.0,1365.0,0,2025-09-13T10:17:43Z,2025-09-13T09:39:13Z,2025-09-13T19:23:30Z,2025-09-05T19:31:05Z,2025-09-21T08:31:23Z,2025-09-29T03:46:50Z
FC-01473,S145,2025-09-13T20:23:56Z,36.0,221.0,43.0,10.18,209.0,994.0,0,2025-09-13T06:31:24Z,2025-09-13T14:05:09Z,2025-09-13T20:08:10Z,2025-09-03T06:01:23Z,2025-09-21T16:27:42Z,2025-09-23T18:55:09Z
FC-01474,S148,2025-09-13T20:45:10Z,70.0,436.0,98.0,19.22,457.0,1951.0,0,2025-09-13T05:11:08Z,2025-09-13T17:47:53Z,2025-09-13T20:08:16Z,2025-09-09T18:33:14Z,2025-09-21T00:03:32Z,2025-10-08T23:11:58Z
FC-01475,S158,2025-09-13T21:03:26Z,54.0,388.0,111.0,10.01,473.0,1798.0,0,2025-09-13T10:57:12Z,2025-09-13T17:20:55Z,2025-09-13T20:10:07Z,2025-09-08T13:31:32Z,2025-09-21T14:28:48Z,2025-10-05T11:07:04Z
FC-01476,S105,2025-09-13T21:41:24Z,101.0,596.0,121.0,21.9,705.0,3040.0,0,2025-09-13T16:35:30Z,2025-09-13T08:55:26Z,2025-09-13T19:57:25Z,2025-09-02T05:09:19Z,2025-09-21T01:51:34Z,2025-10-13T10:15:01Z
FC-01477,S121,2025-09-13T21:44:20Z,41.0,272.0,44.0,7.89,267.0,1344.0,0,2025-09-13T03:14:31Z,2025-09-13T19:25:00Z,2025-09-13T21:00:53Z,2025-09-10T11:06:13Z,2025-09-21T10:06:15Z,2025-09-28T12:16:26Z
FC-01478,S147,2025-09-13T22:53:53Z,100.0,749.0,116.0,36.76,644.0,3045.0,0,2025-09-13T09:04:44Z,2025-09-13T11:30:11Z,2025-09-13T21:48:14Z,2025-09-06T21:54:30Z,2025-09-21T15:58:50Z,2025-09-23T18:24:12Z
FC-01479,S150,2025-09-13T23:14:31Z,75.0,501.0,85.0,5.05,499.0,2080.0,0,2025-09-13T08:19:08Z,2025-09-13T11:30:39Z,2025-09-13T23:03:15Z,2025-09-05T13:27:38Z,2025-09-21T22:52:32Z,2025-09-21T15:19:49Z
FC-01480,S152,2025-09-13T23:37:43Z,55.0,408.0,55.0,6.19,443.0,1635.0,0,2025-09-13T19:07:22Z,2025-09-13T12:40:04Z,2025-09-13T22:16:22Z,2025-09-07T17:50:51Z,2025-09-21T14:17:52Z,2025-10-05T22:49:23Z
FC-01481,S149,2025-09-13T23:54:32Z,64.0,423.0,55.0,7.52,470.0,1785.0,0,2025-09-13T12:47:19Z,2025-09-13T11:27:50Z,2025-09-13T22:08:08Z,2025-09-12T15:39:14Z,2025-09-21T23:13:07Z,2025-10-01T02:47:00Z
FC-01482,S146,2025-09-14T00:20:12Z,50.0,295.0,73.0,7.02,236.0,1239.0,0,2025-09-13T05:25:16Z,2025-09-13T11:43:20Z,2025-09-13T22:55:39Z,2025-09-10T03:24:51Z,2025-09-21T06:54:19Z,2025-10-08T22:21:31Z
FC-01483,S104,2025-09-14T01:52:51Z,71.0,411.0,54.0,39.59,404.0,1665.0,1,2025-09-13T06:00:19Z,2025-09-13T13:11:02Z,2025-09-14T00:28:35Z,2025-08-31T04:45:09Z,2025-09-21T23:16:19Z,2025-09-29T17:19:08Z
FC-01484,S108,2025-09-14T03:12:11Z,55.0,489.0,108.0,24.19,507.0,1836.0,0,2025-09-13T11:53:54Z,2025-09-14T01:08:36Z,2025-09-14T02:28:40Z,2025-09-05T07:16:17Z,2025-09-21T21:31:55Z,2025-09-23T05:43:44Z
FC-01485,S148,2025-09-14T03:47:26Z,90.0,518.0,137.0,38.11,589.0,2173.0,0,2025-09-13T21:53:40Z,2025-09-13T20:48:36Z,2025-09-14T02:31:27Z,2025-09-01T06:53:32Z,2025-09-21T18:26:15Z,2025-10-10T15:01:44Z
FC-01486,S113,2025-09-14T04:17:10Z,44.0,378.0,62.0,34.62,307.0,1565.0,0,2025-09-13T10:39:17Z,2025-09-13T09:35:29Z,2025-09-14T03:05:13Z,2025-09-06T00:14:24Z,2025-09-22T03:16:26Z,2025-09-28T18:22:28Z
FC-01487,S142,2025-09-14T04:28:17Z,20.0,124.0,21.0,24.3,145.0,547.0,0,2025-09-13T15:42:12Z,2025-09-13T17:53:51Z,2025-09-14T04:07:24Z,2025-09-04T23:24:29Z,2025-09-21T15:30:30Z,2025-10-14T02:20:08Z
FC-01488,S121,2025-09-14T04:28:34Z,75.0,551.0,105.0,5.18,535.0,1936.0,0,2025-09-13T09:53:45Z,2025-09-13T15:36:14Z,2025-09-14T02:47:45Z,2025-09-06T19:39:54Z,2025-09-21T05:58:28Z,2025-10-07T16:55:45Z
FC-01489,S133,2025-09-14T04:49:07Z,26.0,161.0,25.0,37.64,177.0,586.0,0,2025-09-13T09:03:39Z,2025-09-13T17:23:12Z,2025-09-14T04:37:54Z,2025-09-09T08:29:52Z,2025-09-21T06:53:21Z,2025-10-12T11:19:04Z
FC-01490,S116,2025-09-14T05:09:51Z,91.0,599.0,62.0,17.9,567.0,2408.0,1,2025-09-13T21:23:46Z,2025-09-13T11:46:41Z,2025-09-14T03:45:27Z,2025-09-05T18:54:48Z,2025-09-21T16:16:48Z,2025-10-13T18:41:35Z
FC-01491,S106,2025-09-14T05:29:38Z,79.0,460.0,54.0,17.4,454.0,2504.0,1,2025-09-13T22:28:12Z,2025-09-13T20:26:19Z,2025-09-14T04:05:37Z,2025-09-09T09:03:48Z,2025-09-22T04:07:47Z,2025-10-09T05:39:47Z
FC-01492,S152,2025-09-14T05:39:51Z,40.0,222.0,37.0,2.22,250.0,1116.0,0,2025-09-13T10:25:05Z,2025-09-13T22:17:19Z,2025-09-14T05:05:24Z,2025-09-05T17:24:00Z,2025-09-21T05:56:56Z,2025-10-08T03:01:58Z
FC-01493,S125,2025-09-14T05:41:12Z,75.0,528.0,87.0,24.98,423.0,1977.0,0,2025-09-13T23:40:43Z,2025-09-13T12:27:48Z,2025-09-14T04:31:53Z,2025-09-06T12:25:49Z,2025-09-21T13:23:44Z,2025-10-02T15:44:49Z
FC-01494,S149,2025-09-14T05:41:53Z,57.0,407.0,72.0,8.27,396.0,1464.0,0,2025-09-13T18:06:32Z,2025-09-13T19:25:40Z,2025-09-14T05:27:28Z,2025-09-03T07:17:12Z,2025-09-21T11:25:23Z,2025-10-02T08:54:58Z
FC-01495,S110,2025-09-14T05:48:51Z,20.0,142.0,34.0,7.54,118.0,536.0,0,2025-09-13T10:15:08Z,2025-09-13T21:00:02Z,2025-09-14T04:11:58Z,2025-09-10T19:13:55Z,2025-09-22T00:05:03Z,2025-10-08T21:14:31Z
FC-01496,S101,2025-09-14T05:59:15Z,37.0,271.0,53.0,5.01,336.0,1314.0,0,2025-09-14T02:20:50Z,2025-09-13T14:40:46Z,2025-09-14T05:03:02Z,2025-09-07T15:04:33Z,2025-09-21T09:37:20Z,2025-09-26T23:25:29Z
FC-01497,S111,2025-09-14T06:15:22Z,34.0,316.0,73.0,13.63,303.0,1155.0,0,2025-09-13T17:06:36Z,2025-09-13T20:36:08Z,2025-09-14T05:57:40Z,2025-09-03T19:42:32Z,2025-09-21T09:06:07Z,2025-10-09T18:33:02Z
FC-01498,S100,2025-09-14T06:18:18Z,35.0,211.0,44.0,3.23,227.0,997.0,0,2025-09-13T15:54:22Z,2025-09-13T15:08:34Z,2025-09-14T04:36:31Z,2025-09-02T13:30:01Z,2025-09-21T19:11:19Z,2025-10-06T06:00:04Z
FC-01499,S111,2025-09-14T06:34:47Z,19.0,108.0,19.0,7.93,112.0,503.0,0,2025-09-14T04:29:53Z,2025-09-14T03:34:15Z,2025-09-14T05:35:52Z,2025-09-07T04:41:36Z,2025-09-21T20:30:15Z,2025-10-13T05:41:34Z
FC-01500,S144,2025-09-14T08:51:35Z,42.0,265.0,47.0,17.13,256.0,978.0,0,2025-09-13T16:53:54Z,2025-09-14T02:21:43Z,2025-09-14T07:57:49Z,2025-09-06T18:21:02Z,2025-09-21T18:51:28Z,2025-10-12T07:11:42Z
FC-01501,S112,2025-09-14T09:21:19Z,16.0,112.0,16.0,13.49,105.0,484.0,1,2025-09-13T17:57:08Z,2025-09-13T17:18:07Z,2025-09-14T07:22:58Z,2025-09-12T10:43:16Z,2025-09-22T06:52:56Z,2025-10-13T01:21:46Z
FC-01502,S149,2025-09-14T11:41:51Z,41.0,326.0,29.0,35.16,293.0,1274.0,1,2025-09-14T01:17:20Z,2025-09-14T02:13:01Z,2025-09-14T10:33:55Z,2025-09-02T01:36:28Z,2025-09-22T07:23:53Z,2025-10-07T08:59:34Z
FC-01503,S138,2025-09-14T12:25:22Z,37.0,330.0,57.0,10.19,304.0,1409.0,0,2025-09-14T05:49:12Z,2025-09-14T08:59:26Z,2025-09-14T11:19:30Z,2025-09-08T15:06:34Z,2025-09-22T08:40:39Z,2025-10-14T03:30:19Z
FC-01504,S154,2025-09-14T13:18:16Z,51.0,358.0,76.0,32.42,421.0,1818.0,0,2025-09-14T11:04:29Z,2025-09-13T20:03:35Z,2025-09-14T12:36:26Z,2025-09-07T01:43:53Z,2025-09-22T04:57:31Z,2025-09-26T02:16:49Z
FC-01505,S148,2025-09-14T13:38:22Z,24.0,127.0,33.0,13.23,114.0,689.0,0,2025-09-14T06:11:48Z,2025-09-13T22:23:20Z,2025-09-14T13:18:26Z,2025-09-04T20:08:26Z,2025-09-21T21:49:36Z,2025-09-25T00:48:50Z
FC-01506,S113,2025-09-14T13:41:54Z,60.0,345.0,36.0,24.29,373.0,1643.0,1,2025-09-14T00:36:09Z,2025-09-14T02:41:32Z,2025-09-14T13:07:55Z,2025-09-10T08:45:09Z,2025-09-22T11:51:22Z,2025-09-20T01:46:11Z
FC-01507,S117,2025-09-14T15:15:11Z,21.0,133.0,14.0,12.39,135.0,541.0,1,2025-09-14T07:52:50Z,2025-09-14T02:23:44Z,2025-09-14T13:53:23Z,2025-09-12T03:37:14Z,2025-09-21T17:12:14Z,2025-10-12T22:28:41Z
FC-01508,S121,2025-09-14T15:27:21Z,63.0,446.0,87.0,20.67,383.0,1781.0,0,2025-09-13T20:09:26Z,2025-09-14T00:54:09Z,2025-09-14T14:30:14Z,2025-09-06T16:46:40Z,2025-09-22T03:35:55Z,2025-09-28T07:11:02Z
FC-01509,S111,2025-09-14T15:53:37Z,12.0,95.0,24.0,15.99,97.0,446.0,0,2025-09-14T12:50:42Z,2025-09-14T09:42:43Z,2025-09-14T14:32:34Z,2025-09-11T21:03:04Z,2025-09-22T02:28:47Z,2025-09-27T09:24:57Z
FC-01510,S158,2025-09-14T15:57:44Z,39.0,292.0,72.0,2.47,335.0,1291.0,0,2025-09-13T22:35:17Z,2025-09-14T04:14:14Z,2025-09-14T14:29:11Z,2025-09-10T11:02:13Z,2025-09-22T08:24:15Z,2025-09-30T08:42:32Z
FC-01511,S152,2025-09-14T17:04:53Z,33.0,244.0,30.0,23.58,263.0,1194.0,1,2025-09-13T22:23:24Z,2025-09-14T14:48:56Z,2025-09-14T15:47:06Z,2025-09-08T17:51:17Z,2025-09-22T09:20:00Z,2025-10-03T23:29:07Z
FC-01512,S134,2025-09-14T17:22:22Z,26.0,155.0,38.0,19.74,157.0,665.0,0,2025-09-13T23:21:50Z,2025-09-14T06:04:05Z,2025-09-14T15:40:41Z,2025-09-02T08:07:41Z,2025-09-21T23:49:14Z,2025-09-24T21:41:07Z
FC-01513,S109,2025-09-14T19:31:17Z,52.0,320.0,56.0,25.35,369.0,1499.0,0,2025-09-14T07:46:27Z,2025-09-14T07:49:03Z,2025-09-14T17:39:21Z,2025-09-09T09:27:55Z,2025-09-22T17:37:40Z,2025-10-05T04:06:02Z
FC-01514,S138,2025-09-14T21:22:14Z,74.0,528.0,48.0,38.9,453.0,1943.0,1,2025-09-14T16:21:31Z,2025-09-14T07:15:36Z,2025-09-14T20:38:20Z,2025-09-10T14:06:48Z,2025-09-22T18:47:30Z,2025-10-05T11:38:29Z
FC-01515,S155,2025-09-14T21:49:37Z,105.0,566.0,96.0,23.26,532.0,2727.0,0,2025-09-14T06:02:26Z,2025-09-14T17:59:24Z,2025-09-14T20:28:20Z,2025-09-06T13:46:58Z,2025-09-22T11:43:37Z,2025-10-07T14:24:18Z
FC-01516,S111,2025-09-14T22:54:03Z,37.0,309.0,32.0,28.85,258.0,1238.0,1,2025-09-14T15:02:14Z,2025-09-14T03:06:16Z,2025-09-14T22:01:05Z,2025-09-02T11:38:49Z,2025-09-22T21:16:18Z,2025-09-20T04:11:48Z
FC-01517,S140,2025-09-14T23:32:07Z,33.0,268.0,65.0,16.05,245.0,1194.0,0,2025-09-14T05:40:40Z,2025-09-14T07:56:09Z,2025-09-14T23:24:57Z,2025-09-09T23:47:59Z,2025-09-22T13:33:11Z,2025-10-11T04:31:18Z
FC-01518,S138,2025-09-15T01:58:01Z,48.0,297.0,49.0,29.74,335.0,1595.0,0,2025-09-14T18:40:08Z,2025-09-14T06:59:10Z,2025-09-15T00:41:00Z,2025-09-03T06:38:00Z,2025-09-22T18:09:31Z,2025-09-29T16:59:40Z
FC-01519,S136,2025-09-15T01:58:20Z,37.0,373.0,35.0,36.38,311.0,1443.0,1,2025-09-14T14:11:15Z,2025-09-14T22:44:23Z,2025-09-15T01:26:16Z,2025-09-06T02:41:09Z,2025-09-22T16:42:30Z,2025-09-24T06:06:53Z
FC-01520,S120,2025-09-15T02:33:17Z,42.0,250.0,39.0,23.01,238.0,971.0,0,2025-09-14T20:03:51Z,2025-09-14T11:02:56Z,2025-09-15T01:54:48Z,2025-09-12T07:37:04Z,2025-09-22T03:30:39Z,2025-09-21T20:22:15Z
FC-01521,S146,2025-09-15T02:38:19Z,47.0,288.0,51.0,11.49,280.0,1103.0,0,2025-09-14T22:47:28Z,2025-09-14T09:28:39Z,2025-09-15T01:10:49Z,2025-09-09T09:20:27Z,2025-09-22T08:24:44Z,2025-10-03T07:59:59Z
FC-01522,S123,2025-09-15T05:33:28Z,27.0,170.0,24.0,32.65,181.0,832.0,1,2025-09-14T14:10:52Z,2025-09-15T01:43:20Z,2025-09-15T03:34:56Z,2025-09-10T02:18:00Z,2025-09-22T10:20:46Z,2025-09-27T23:24:52Z
FC-01523,S152,2025-09-15T06:01:59Z,42.0,308.0,71.0,10.65,338.0,1626.0,0,2025-09-14T16:58:22Z,2025-09-15T00:29:13Z,2025-09-15T04:43:57Z,2025-09-14T05:59:39Z,2025-09-22T19:57:22Z,2025-09-29T07:02:05Z
FC-01524,S111,2025-09-15T07:26:07Z,50.0,365.0,36.0,13.15,371.0,1638.0,1,2025-09-14T23:45:42Z,2025-09-14T20:23:26Z,2025-09-15T06:57:07Z,2025-09-03T08:30:52Z,2025-09-22T12:46:30Z,2025-10-06T17:35:00Z
FC-01525,S113,2025-09-15T07:27:26Z,52.0,341.0,32.0,13.81,337.0,1461.0,1,2025-09-14T19:19:06Z,2025-09-14T16:52:23Z,2025-09-15T06:34:25Z,2025-09-03T08:27:40Z,2025-09-22T16:13:19Z,2025-09-21T04:19:21Z
FC-01526,S157,2025-09-15T07:28:12Z,42.0,258.0,52.0,19.77,277.0,1008.0,0,2025-09-15T03:59:15Z,2025-09-15T01:13:31Z,2025-09-15T06:04:34Z,2025-09-07T23:38:28Z,2025-09-22T17:59:26Z,2025-09-27T16:20:29Z
FC-01527,S114,2025-09-15T07:36:48Z,47.0,272.0,45.0,34.43,262.0,1220.0,0,2025-09-14T14:52:25Z,2025-09-14T15:53:07Z,2025-09-15T06:30:09Z,2025-09-08T19:29:24Z,2025-09-22T11:19:08Z,2025-09-24T06:05:53Z
FC-01528,S135,2025-09-15T07:59:43Z,39.0,271.0,58.0,28.35,304.0,1281.0,0,2025-09-14T16:30:05Z,2025-09-14T18:32:16Z,2025-09-15T06:38:15Z,2025-09-13T20:46:45Z,2025-09-22T16:04:20Z,2025-09-30T12:00:12Z
FC-01529,S102,2025-09-15T08:25:43Z,48.0,360.0,88.0,5.85,359.0,1697.0,0,2025-09-14T20:20:24Z,2025-09-14T17:23:09Z,2025-09-15T07:09:35Z,2025-09-05T16:58:29Z,2025-09-22T14:30:33Z,2025-10-15T06:58:03Z
FC-01530,S150,2025-09-15T08:40:25Z,41.0,282.0,49.0,39.89,298.0,1196.0,0,2025-09-14T22:30:00Z,2025-09-14T21:26:28Z,2025-09-15T07:50:19Z,2025-09-11T23:11:54Z,2025-09-23T06:15:44Z,2025-09-27T03:45:46Z
FC-01531,S150,2025-09-15T08:52:38Z,85.0,447.0,128.0,33.21,517.0,2189.0,0,2025-09-14T22:49:20Z,2025-09-14T22:57:51Z,2025-09-15T08:27:30Z,2025-09-01T15:36:29Z,2025-09-22T21:54:12Z,2025-10-01T11:59:03Z
FC-01532,S120,2025-09-15T09:12:25Z,100.0,895.0,153.0,33.96,919.0,3822.0,0,2025-09-15T01:47:46Z,2025-09-15T02:44:36Z,2025-09-15T08:16:54Z,2025-09-08T15:49:49Z,2025-09-22T19:26:04Z,2025-10-12T04:05:23Z
FC-01533,S137,2025-09-15T09:21:33Z,53.0,288.0,44.0,25.54,310.0,1340.0,0,2025-09-14T20:33:19Z,2025-09-15T02:53:21Z,2025-09-15T08:49:47Z,2025-09-04T17:23:47Z,2025-09-22T21:31:53Z,2025-09-25T16:26:08Z
FC-01534,S117,2025-09-15T09:23:55Z,49.0,306.0,37.0,15.89,402.0,1480.0,1,2025-09-15T05:29:28Z,2025-09-14T22:56:14Z,2025-09-15T08:08:55Z,2025-09-03T18:22:27Z,2025-09-22T16:25:26Z,2025-10-03T19:24:34Z
FC-01535,S111,2025-09-15T11:11:25Z,31.0,222.0,38.0,2.87,212.0,925.0,0,2025-09-14T16:13:49Z,2025-09-14T23:45:16Z,2025-09-15T10:20:01Z,2025-09-02T16:48:50Z,2025-09-22T16:12:20Z,2025-10-03T16:49:28Z
FC-01536,S124,2025-09-15T11:42:50Z,10.0,72.0,13.0,39.52,91.0,378.0,0,2025-09-14T23:25:26Z,2025-09-14T16:50:09Z,2025-09-15T11:25:22Z,2025-09-12T22:31:51Z,2025-09-22T15:42:32Z,2025-09-24T23:35:53Z
FC-01537,S137,2025-09-15T12:07:05Z,64.0,544.0,128.0,14.7,598.0,2347.0,0,2025-09-15T06:31:15Z,2025-09-14T21:48:23Z,2025-09-15T10:41:58Z,2025-09-04T17:33:02Z,2025-09-22T21:31:05Z,2025-10-01T20:54:07Z
FC-01538,S110,2025-09-15T12:21:13Z,108.0,704.0,122.0,28.63,774.0,3120.0,0,2025-09-14T16:44:21Z,2025-09-14T17:17:48Z,2025-09-15T10:32:35Z,2025-09-01T22:18:50Z,2025-09-22T15:42:17Z,2025-10-06T17:59:54Z
FC-01539,S156,2025-09-15T12:53:59Z,35.0,229.0,32.0,18.24,272.0,1073.0,1,2025-09-15T01:06:32Z,2025-09-15T04:35:06Z,2025-09-15T11:23:55Z,2025-09-02T12:23:08Z,2025-09-22T19:26:36Z,2025-10-12T18:21:21Z
FC-01540,S115,2025-09-15T13:01:42Z,72.0,497.0,60.0,3.7,513.0,1787.0,1,2025-09-15T02:07:44Z,2025-09-15T08:21:01Z,2025-09-15T11:17:30Z,2025-09-10T14:00:41Z,2025-09-22T18:23:25Z,2025-10-08T13:12:56Z
FC-01541,S103,2025-09-15T13:24:56Z,41.0,278.0,54.0,18.81,273.0,1231.0,0,2025-09-14T21:07:55Z,2025-09-14T23:09:58Z,2025-09-15T12:19:56Z,2025-09-09T01:28:04Z,2025-09-23T08:02:22Z,2025-10-03T21:37:55Z
FC-01542,S108,2025-09-15T13:28:21Z,18.0,136.0,12.0,6.72,134.0,492.0,1,2025-09-14T17:52:18Z,2025-09-15T07:58:33Z,2025-09-15T12:20:36Z,2025-09-13T16:01:17Z,2025-09-23T09:55:06Z,2025-09-28T16:15:25Z
FC-01543,S156,2025-09-15T13:45:51Z,57.0,311.0,49.0,28.97,366.0,1348.0,0,2025-09-14T23:29:27Z,2025-09-15T07:51:41Z,2025-09-15T12:38:25Z,2025-09-02T16:55:54Z,2025-09-22T15:29:56Z,2025-10-08T15:42:33Z
FC-01544,S100,2025-09-15T14:03:04Z,33.0,226.0,30.0,24.96,190.0,959.0,1,2025-09-15T01:47:48Z,2025-09-14T20:47:31Z,2025-09-15T13:21:47Z,2025-09-04T22:37:28Z,2025-09-23T00:42:30Z,2025-10-10T11:17:38Z
FC-01545,S124,2025-09-15T14:16:35Z,78.0,609.0,75.0,27.82,569.0,2513.0,0,2025-09-14T23:46:55Z,2025-09-15T03:51:19Z,2025-09-15T12:37:30Z,2025-09-05T18:58:28Z,2025-09-23T00:12:07Z,2025-09-30T19:37:02Z
FC-01546,S127,2025-09-15T14:23:20Z,44.0,252.0,59.0,39.53,277.0,1258.0,0,2025-09-14T22:10:19Z,2025-09-14T18:38:19Z,2025-09-15T13:20:18Z,2025-09-14T01:32:40Z,2025-09-22T19:12:31Z,2025-10-03T04:12:14Z
FC-01547,S141,2025-09-15T15:12:24Z,12.0,85.0,16.0,25.92,89.0,309.0,0,2025-09-14T23:25:51Z,2025-09-14T20:04:53Z,2025-09-15T14:02:55Z,2025-09-05T06:40:23Z,2025-09-22T15:59:27Z,2025-10-03T21:07:36Z
FC-01548,S131,2025-09-15T15:25:14Z,23.0,170.0,19.0,37.23,167.0,732.0,1,2025-09-15T04:50:02Z,2025-09-15T08:57:03Z,2025-09-15T14:42:45Z,2025-09-08T14:07:06Z,2025-09-23T00:00:52Z,2025-10-02T19:17:12Z
FC-01549,S114,2025-09-15T16:14:52Z,46.0,335.0,55.0,26.16,403.0,1496.0,1,2025-09-15T03:01:36Z,2025-09-14T23:20:23Z,2025-09-15T15:05:17Z,2025-09-13T19:41:17Z,2025-09-23T03:14:09Z,2025-09-24T05:19:01Z
FC-01550,S149,2025-09-15T16:18:51Z,58.0,391.0,68.0,14.66,421.0,1707.0,0,2025-09-15T07:21:02Z,2025-09-15T02:23:22Z,2025-09-15T14:52:38Z,2025-09-12T00:36:20Z,2025-09-23T11:06:19Z,2025-09-30T22:55:34Z
FC-01551,S138,2025-09-15T17:14:03Z,39.0,293.0,63.0,20.35,256.0,1284.0,0,2025-09-14T21:46:07Z,2025-09-15T10:40:21Z,2025-09-15T16:05:06Z,2025-09-01T19:36:59Z,2025-09-23T15:43:18Z,2025-10-02T02:29:16Z
FC-01552,S121,2025-09-15T17:45:55Z,52.0,341.0,70.0,8.96,390.0,1733.0,0,2025-09-15T06:05:06Z,2025-09-15T10:18:03Z,2025-09-15T16:28:50Z,2025-09-08T00:26:42Z,2025-09-23T09:04:18Z,2025-10-10T13:33:09Z
FC-01553,S123,2025-09-15T19:19:57Z,31.0,238.0,23.0,16.78,179.0,1031.0,1,2025-09-15T02:05:19Z,2025-09-15T13:19:38Z,2025-09-15T17:21:16Z,2025-09-04T00:06:10Z,2025-09-23T02:44:07Z,2025-10-01T14:04:50Z
FC-01554,S144,2025-09-15T19:25:18Z,73.0,631.0,58.0,28.46,679.0,2742.0,1,2025-09-15T04:04:55Z,2025-09-15T04:15:55Z,2025-09-15T19:03:07Z,2025-09-02T17:30:53Z,2025-09-23T01:30:59Z,2025-09-23T11:39:23Z
FC-01555,S140,2025-09-15T20:07:29Z,39.0,301.0,42.0,21.41,262.0,1237.0,0,2025-09-15T15:33:58Z,2025-09-15T02:14:40Z,2025-09-15T18:54:09Z,2025-09-09T14:30:42Z,2025-09-23T11:29:08Z,2025-10-06T04:35:18Z
FC-01556,S149,2025-09-15T20:23:37Z,30.0,205.0,46.0,32.46,273.0,886.0,0,2025-09-15T14:10:28Z,2025-09-15T14:11:22Z,2025-09-15T20:03:00Z,2025-09-12T21:50:46Z,2025-09-23T06:53:31Z,2025-10-09T10:08:09Z
FC-01557,S104,2025-09-15T20:53:20Z,61.0,389.0,54.0,23.19,422.0,1728.0,0,2025-09-15T06:01:47Z,2025-09-15T07:18:25Z,2025-09-15T19:31:51Z,2025-09-11T19:10:29Z,2025-09-23T19:59:19Z,2025-09-27T20:55:41Z
FC-01558,S119,2025-09-16T00:15:45Z,57.0,405.0,50.0,35.45,375.0,1734.0,0,2025-09-15T15:54:28Z,2025-09-15T07:19:25Z,2025-09-15T22:41:30Z,2025-09-03T09:49:41Z,2025-09-23T18:11:00Z,2025-09-21T21:21:21Z
FC-01559,S133,2025-09-16T00:31:13Z,64.0,644.0,60.0,26.8,612.0,2511.0,1,2025-09-15T10:06:38Z,2025-09-15T06:10:18Z,2025-09-15T22:54:45Z,2025-09-05T03:43:12Z,2025-09-23T08:42:20Z,2025-10-09T12:31:10Z
FC-01560,S133,2025-09-16T00:52:01Z,69.0,502.0,47.0,23.46,448.0,1867.0,1,2025-09-15T19:08:26Z,2025-09-15T09:33:04Z,2025-09-15T23:27:58Z,2025-09-13T09:59:15Z,2025-09-23T16:11:36Z,2025-09-27T14:01:53Z
FC-01561,S159,2025-09-16T01:52:23Z,47.0,258.0,44.0,25.5,234.0,1210.0,0,2025-09-15T19:24:34Z,2025-09-15T06:50:12Z,2025-09-16T01:31:26Z,2025-09-10T13:22:04Z,2025-09-23T23:53:39Z,2025-10-09T10:18:45Z
FC-01562,S157,2025-09-16T03:21:29Z,47.0,309.0,62.0,7.22,385.0,1686.0,0,2025-09-15T21:11:29Z,2025-09-15T13:00:32Z,2025-09-16T02:13:28Z,2025-09-04T01:49:22Z,2025-09-23T23:09:40Z,2025-09-28T11:40:43Z
FC-01563,S100,2025-09-16T04:04:42Z,28.0,249.0,36.0,11.26,254.0,1118.0,0,2025-09-15T10:27:02Z,2025-09-15T18:41:08Z,2025-09-16T03:53:23Z,2025-09-02T04:12:18Z,2025-09-23T04:37:39Z,2025-09-22T10:21:02Z
FC-01564,S153,2025-09-16T04:28:59Z,39.0,246.0,61.0,2.19,224.0,987.0,0,2025-09-16T02:09:58Z,2025-09-15T20:12:05Z,2025-09-16T03:30:06Z,2025-09-07T04:48:57Z,2025-09-23T17:24:12Z,2025-09-29T01:49:58Z
FC-01565,S134,2025-09-16T04:37:46Z,20.0,174.0,31.0,27.91,192.0,705.0,0,2025-09-15T23:54:48Z,2025-09-15T11:44:27Z,2025-09-16T03:27:44Z,2025-09-11T09:08:51Z,2025-09-23T09:57:23Z,2025-09-24T00:42:34Z
FC-01566,S121,2025-09-16T07:13:39Z,58.0,486.0,86.0,37.66,550.0,2092.0,0,2025-09-15T18:14:32Z,2025-09-15T11:39:19Z,2025-09-16T06:30:30Z,2025-09-08T03:46:41Z,2025-09-24T06:25:50Z,2025-09-29T09:42:53Z
FC-01567,S104,2025-09-16T07:24:42Z,28.0,178.0,23.0,7.13,178.0,806.0,1,2025-09-15T14:06:35Z,2025-09-15T12:10:47Z,2025-09-16T07:12:57Z,2025-09-14T06:43:42Z,2025-09-23T09:21:26Z,2025-10-03T11:15:58Z
FC-01568,S120,2025-09-16T07:51:34Z,15.0,94.0,24.0,34.48,114.0,479.0,0,2025-09-15T21:25:49Z,2025-09-15T16:35:14Z,2025-09-16T06:52:26Z,2025-09-12T15:21:54Z,2025-09-23T13:05:34Z,2025-10-08T13:25:37Z
FC-01569,S138,2025-09-16T08:04:38Z,79.0,510.0,119.0,34.56,616.0,2323.0,0,2025-09-16T03:08:47Z,2025-09-16T04:19:54Z,2025-09-16T06:24:17Z,2025-09-05T06:26:34Z,2025-09-23T19:43:42Z,2025-10-02T21:04:09Z
FC-01570,S141,2025-09-16T08:13:17Z,31.0,286.0,25.0,33.65,276.0,1070.0,1,2025-09-15T12:40:30Z,2025-09-15T17:10:35Z,2025-09-16T06:20:25Z,2025-09-05T17:12:43Z,2025-09-23T11:18:31Z,2025-10-10T19:33:37Z
FC-01571,S155,2025-09-16T09:30:54Z,74.0,549.0,120.0,12.11,622.0,2195.0,0,2025-09-16T00:04:42Z,2025-09-15T16:30:30Z,2025-09-16T08:26:41Z,2025-09-11T18:03:02Z,2025-09-23T23:16:16Z,2025-09-27T05:17:20Z
FC-01572,S105,2025-09-16T09:49:47Z,52.0,344.0,68.0,14.48,432.0,1727.0,0,2025-09-15T20:15:32Z,2025-09-15T18:08:01Z,2025-09-16T09:12:58Z,2025-09-08T13:46:41Z,2025-09-24T00:45:14Z,2025-10-14T06:04:19Z
FC-01573,S109,2025-09-16T09:52:13Z,88.0,691.0,123.0,23.01,673.0,3045.0,0,2025-09-16T01:45:10Z,2025-09-15T16:05:16Z,2025-09-16T08:25:22Z,2025-09-03T22:05:48Z,2025-09-23T18:04:49Z,2025-09-29T05:29:35Z
FC-01574,S129,2025-09-16T10:44:11Z,41.0,301.0,67.0,11.46,228.0,1125.0,0,2025-09-15T21:22:11Z,2025-09-16T01:56:12Z,2025-09-16T09:39:14Z,2025-09-13T05:04:37Z,2025-09-24T06:39:43Z,2025-10-09T20:36:48Z
FC-01575,S139,2025-09-16T11:29:39Z,47.0,315.0,81.0,34.67,314.0,1323.0,0,2025-09-16T04:26:49Z,2025-09-16T03:42:50Z,2025-09-16T11:02:56Z,2025-09-04T04:05:44Z,2025-09-23T18:46:01Z,2025-10-11T09:39:35Z
FC-01576,S131,2025-09-16T11:30:16Z,25.0,194.0,17.0,33.14,190.0,744.0,1,2025-09-16T00:52:25Z,2025-09-15T18:07:41Z,2025-09-16T10:56:17Z,2025-09-03T12:39:20Z,2025-09-23T23:43:10Z,2025-10-12T09:36:49Z
FC-01577,S124,2025-09-16T11:42:43Z,28.0,202.0,40.0,11.77,171.0,972.0,0,2025-09-16T04:47:26Z,2025-09-16T07:44:20Z,2025-09-16T09:59:20Z,2025-09-14T01:32:39Z,2025-09-24T01:12:40Z,2025-10-06T12:09:04Z
FC-01578,S139,2025-09-16T12:37:37Z,51.0,297.0,63.0,14.14,311.0,1447.0,0,2025-09-16T02:20:14Z,2025-09-15T19:10:54Z,2025-09-16T12:05:27Z,2025-09-03T12:00:41Z,2025-09-24T03:33:27Z,2025-09-29T00:39:35Z
FC-01579,S139,2025-09-16T13:13:48Z,31.0,246.0,24.0,29.46,280.0,1049.0,1,2025-09-15T17:45:21Z,2025-09-16T01:30:54Z,2025-09-16T11:35:05Z,2025-09-07T06:39:50Z,2025-09-24T00:14:10Z,2025-09-27T02:36:24Z
FC-01580,S101,2025-09-16T13:31:59Z,70.0,568.0,90.0,9.28,476.0,2132.0,0,2025-09-16T08:33:49Z,2025-09-15T23:22:37Z,2025-09-16T12:33:50Z,2025-09-12T04:23:31Z,2025-09-24T02:19:50Z,2025-10-09T12:08:06Z
FC-01581,S126,2025-09-16T13:42:26Z,66.0,388.0,40.0,39.2,384.0,1870.0,1,2025-09-16T03:27:37Z,2025-09-16T11:18:18Z,2025-09-16T12:04:22Z,2025-09-09T11:00:22Z,2025-09-24T12:41:25Z,2025-10-14T21:33:09Z
FC-01582,S148,2025-09-16T13:48:21Z,43.0,338.0,65.0,35.74,285.0,1168.0,0,2025-09-15T21:35:54Z,2025-09-15T19:12:10Z,2025-09-16T12:28:04Z,2025-09-14T19:59:37Z,2025-09-24T04:06:17Z,2025-10-03T15:36:34Z
FC-01583,S149,2025-09-16T13:58:26Z,47.0,386.0,76.0,24.89,298.0,1563.0,0,2025-09-15T19:31:57Z,2025-09-16T04:35:01Z,2025-09-16T13:17:18Z,2025-09-10T13:10:55Z,2025-09-24T10:39:46Z,2025-09-30T13:47:48Z
FC-01584,S140,2025-09-16T14:06:07Z,43.0,285.0,83.0,18.81,340.0,1261.0,0,2025-09-15T22:09:27Z,2025-09-16T00:05:11Z,2025-09-16T12:34:42Z,2025-09-10T10:34:10Z,2025-09-24T04:06:49Z,2025-10-06T05:42:10Z
FC-01585,S151,2025-09-16T15:29:50Z,93.0,633.0,149.0,4.14,612.0,2946.0,0,2025-09-16T12:09:16Z,2025-09-15T22:54:44Z,2025-09-16T14:08:47Z,2025-09-04T16:49:54Z,2025-09-23T21:49:01Z,2025-09-27T15:30:24Z
FC-01586,S147,2025-09-16T15:55:12Z,20.0,196.0,30.0,32.46,173.0,731.0,0,2025-09-16T12:06:24Z,2025-09-16T07:45:38Z,2025-09-16T15:07:51Z,2025-09-10T22:30:55Z,2025-09-24T10:45:15Z,2025-10-04T02:24:39Z
FC-01587,S113,2025-09-16T16:47:35Z,52.0,362.0,98.0,14.82,421.0,1825.0,0,2025-09-15T23:53:57Z,2025-09-16T09:34:47Z,2025-09-16T16:18:42Z,2025-09-09T21:28:35Z,2025-09-24T11:10:29Z,2025-10-14T02:43:01Z
FC-01588,S151,2025-09-16T17:09:21Z,30.0,232.0,56.0,10.92,228.0,1015.0,0,2025-09-16T10:32:49Z,2025-09-15T22:03:49Z,2025-09-16T16:15:56Z,2025-09-07T05:15:18Z,2025-09-23T20:42:50Z,2025-10-06T21:01:39Z
FC-01589,S138,2025-09-16T17:12:03Z,94.0,710.0,102.0,11.49,853.0,3226.0,1,2025-09-16T06:54:46Z,2025-09-16T02:57:03Z,2025-09-16T16:30:32Z,2025-09-02T18:06:37Z,2025-09-24T14:06:22Z,2025-09-24T10:36:41Z
FC-01590,S143,2025-09-16T17:45:42Z,25.0,180.0,46.0,2.89,181.0,761.0,0,2025-09-15T23:10:31Z,2025-09-16T15:12:44Z,2025-09-16T17:11:34Z,2025-09-14T13:00:57Z,2025-09-23T20:08:41Z,2025-09-25T10:33:15Z
FC-01591,S116,2025-09-16T18:10:29Z,48.0,332.0,32.0,33.55,326.0,1170.0,1,2025-09-16T13:19:42Z,2025-09-16T06:28:02Z,2025-09-16T17:47:48Z,2025-09-08T08:31:29Z,2025-09-23T19:46:35Z,2025-09-30T17:34:26Z
FC-01592,S111,2025-09-16T18:36:07Z,57.0,409.0,37.0,5.78,376.0,1803.0,1,2025-09-16T15:51:33Z,2025-09-16T02:24:40Z,2025-09-16T17:45:14Z,2025-09-06T09:59:06Z,2025-09-24T08:45:43Z,2025-10-07T04:56:34Z
FC-01593,S151,2025-09-16T18:36:09Z,111.0,722.0,162.0,10.59,661.0,2876.0,0,2025-09-16T05:20:27Z,2025-09-16T15:12:13Z,2025-09-16T16:49:44Z,2025-09-12T12:14:32Z,2025-09-24T02:04:29Z,2025-09-23T16:59:12Z
FC-01594,S121,2025-09-16T18:39:04Z,62.0,411.0,63.0,8.33,438.0,1627.0,0,2025-09-16T04:18:36Z,2025-09-16T00:45:07Z,2025-09-16T18:24:58Z,2025-09-08T14:04:02Z,2025-09-24T02:00:12Z,2025-10-09T04:47:32Z
FC-01595,S117,2025-09-16T19:06:14Z,21.0,148.0,15.0,4.41,144.0,608.0,1,2025-09-16T15:28:08Z,2025-09-16T06:52:40Z,2025-09-16T17:56:58Z,2025-09-04T05:02:51Z,2025-09-23T23:42:28Z,2025-10-14T16:26:49Z
FC-01596,S137,2025-09-16T19:11:57Z,43.0,335.0,48.0,30.74,311.0,1510.0,0,2025-09-16T09:12:02Z,2025-09-16T05:50:12Z,2025-09-16T18:45:16Z,2025-09-09T12:27:12Z,2025-09-24T03:07:41Z,2025-09-26T07:35:55Z
FC-01597,S120,2025-09-16T20:21:09Z,30.0,183.0,52.0,37.83,219.0,836.0,0,2025-09-16T08:44:06Z,2025-09-16T01:47:54Z,2025-09-16T18:34:12Z,2025-09-04T21:57:06Z,2025-09-24T05:38:09Z,2025-09-26T08:09:26Z
FC-01598,S136,2025-09-16T21:01:58Z,52.0,352.0,46.0,34.04,358.0,1447.0,0,2025-09-16T12:22:31Z,2025-09-16T10:48:43Z,2025-09-16T20:07:16Z,2025-09-13T18:50:18Z,2025-09-24T14:19:11Z,2025-09-28T00:04:12Z
FC-01599,S120,2025-09-16T21:03:22Z,62.0,426.0,102.0,24.28,407.0,2157.0,0,2025-09-16T07:13:17Z,2025-09-16T06:46:59Z,2025-09-16T19:46:12Z,2025-09-05T00:05:18Z,2025-09-23T21:31:22Z,2025-10-05T15:55:53Z
FC-01600,S102,2025-09-16T21:16:19Z,21.0,145.0,19.0,13.06,141.0,562.0,1,2025-09-16T18:54:51Z,2025-09-16T12:55:26Z,2025-09-16T20:53:38Z,2025-09-07T17:13:15Z,2025-09-24T06:32:41Z,2025-10-16T16:35:46Z
FC-01601,S137,2025-09-16T21:53:53Z,79.0,539.0,137.0,3.95,681.0,2684.0,0,2025-09-16T11:57:51Z,2025-09-16T18:32:08Z,2025-09-16T20:07:28Z,2025-09-08T15:54:35Z,2025-09-24T08:14:27Z,2025-09-26T18:29:24Z
FC-01602,S147,2025-09-16T22:14:15Z,79.0,556.0,51.0,7.37,476.0,2141.0,1,2025-09-16T06:45:35Z,2025-09-16T02:16:26Z,2025-09-16T21:02:24Z,2025-09-14T00:37:47Z,2025-09-24T10:21:34Z,2025-10-03T03:29:41Z
FC-01603,S102,2025-09-17T00:36:19Z,16.0,106.0,14.0,34.01,101.0,504.0,1,2025-09-16T17:24:49Z,2025-09-16T17:51:43Z,2025-09-16T23:27:49Z,2025-09-07T07:30:13Z,2025-09-24T06:23:28Z,2025-09-30T00:20:11Z
FC-01604,S146,2025-09-17T00:41:33Z,41.0,266.0,47.0,5.46,315.0,1238.0,0,2025-09-16T15:31:13Z,2025-09-16T14:34:39Z,2025-09-17T00:23:27Z,2025-09-08T20:20:21Z,2025-09-24T14:35:24Z,2025-10-14T18:04:43Z
FC-01605,S148,2025-09-17T00:41:45Z,87.0,642.0,86.0,2.82,581.0,2781.0,1,2025-09-16T15:22:01Z,2025-09-16T11:40:42Z,2025-09-17T00:14:45Z,2025-09-03T04:49:23Z,2025-09-24T17:58:04Z,2025-09-25T03:09:26Z
FC-01606,S140,2025-09-17T03:20:20Z,28.0,165.0,43.0,8.78,154.0,768.0,0,2025-09-16T15:03:48Z,2025-09-16T18:03:10Z,2025-09-17T01:51:11Z,2025-09-03T05:43:03Z,2025-09-24T21:54:15Z,2025-10-02T03:47:32Z
FC-01607,S150,2025-09-17T06:26:24Z,38.0,239.0,23.0,26.73,186.0,1045.0,1,2025-09-16T22:25:27Z,2025-09-16T20:59:44Z,2025-09-17T05:51:23Z,2025-09-04T04:19:47Z,2025-09-24T11:46:59Z,2025-10-12T02:43:58Z
FC-01608,S119,2025-09-17T06:26:35Z,30.0,212.0,48.0,6.49,170.0,918.0,0,2025-09-16T11:41:18Z,2025-09-16T15:56:58Z,2025-09-17T04:52:19Z,2025-09-16T05:59:22Z,2025-09-24T19:31:25Z,2025-09-26T09:44:42Z
FC-01609,S127,2025-09-17T06:44:00Z,81.0,456.0,125.0,10.61,502.0,2291.0,0,2025-09-16T17:19:16Z,2025-09-16T23:12:19Z,2025-09-17T06:28:19Z,2025-09-13T12:46:50Z,2025-09-24T10:15:22Z,2025-10-09T03:25:19Z
FC-01610,S126,2025-09-17T06:52:59Z,21.0,157.0,21.0,37.96,166.0,779.0,1,2025-09-16T16:25:23Z,2025-09-16T22:32:07Z,2025-09-17T05:11:01Z,2025-09-16T02:53:29Z,2025-09-24T22:29:52Z,2025-10-13T05:36:49Z
FC-01611,S149,2025-09-17T08:32:42Z,27.0,214.0,47.0,22.48,195.0,950.0,0,2025-09-16T20:08:00Z,2025-09-17T00:15:26Z,2025-09-17T07:53:35Z,2025-09-04T09:43:43Z,2025-09-25T01:33:31Z,2025-10-03T03:34:44Z
FC-01612,S152,2025-09-17T09:04:49Z,51.0,349.0,60.0,16.63,359.0,1684.0,0,2025-09-16T18:09:58Z,2025-09-17T00:59:48Z,2025-09-17T07:35:46Z,2025-09-04T09:34:30Z,2025-09-24T11:41:40Z,2025-09-22T10:33:59Z
FC-01613,S109,2025-09-17T09:23:51Z,53.0,308.0,47.0,10.28,345.0,1543.0,1,2025-09-17T02:05:22Z,2025-09-16T22:53:28Z,2025-09-17T07:40:09Z,2025-09-11T12:25:37Z,2025-09-24T22:40:28Z,2025-09-30T16:53:34Z
FC-01614,S133,2025-09-17T10:38:19Z,60.0,478.0,80.0,14.29,439.0,1805.0,0,2025-09-16T15:43:21Z,2025-09-16T16:39:15Z,2025-09-17T09:32:54Z,2025-09-12T22:12:54Z,2025-09-24T14:14:22Z,2025-10-05T17:43:41Z
FC-01615,S137,2025-09-17T10:58:13Z,73.0,531.0,110.0,15.39,469.0,2143.0,0,2025-09-16T20:50:44Z,2025-09-17T06:47:28Z,2025-09-17T09:06:59Z,2025-09-07T19:23:37Z,2025-09-25T10:51:26Z,2025-10-12T00:31:39Z
FC-01616,S154,2025-09-17T12:24:45Z,27.0,218.0,21.0,38.92,160.0,824.0,1,2025-09-16T18:06:44Z,2025-09-17T00:21:51Z,2025-09-17T10:52:16Z,2025-09-06T09:30:23Z,2025-09-25T03:01:03Z,2025-10-08T11:02:53Z
FC-01617,S141,2025-09-17T12:46:41Z,7.0,46.0,7.0,12.41,52.0,196.0,0,2025-09-17T04:55:34Z,2025-09-17T05:40:05Z,2025-09-17T11:08:10Z,2025-09-11T04:45:16Z,2025-09-24T18:11:08Z,2025-10-02T03:03:42Z
FC-01618,S123,2025-09-17T12:53:47Z,24.0,202.0,44.0,7.21,188.0,848.0,0,2025-09-17T10:42:32Z,2025-09-17T00:03:08Z,2025-09-17T11:35:55Z,2025-09-09T09:04:38Z,2025-09-25T05:07:27Z,2025-10-10T10:00:32Z
FC-01619,S110,2025-09-17T12:56:14Z,27.0,210.0,29.0,30.37,233.0,807.0,0,2025-09-17T00:15:37Z,2025-09-17T06:42:43Z,2025-09-17T12:32:03Z,2025-09-16T06:12:49Z,2025-09-24T16:08:45Z,2025-09-24T20:37:39Z
FC-01620,S124,2025-09-17T13:13:20Z,43.0,331.0,70.0,30.06,260.0,1325.0,0,2025-09-17T09:32:48Z,2025-09-17T08:55:58Z,2025-09-17T12:47:25Z,2025-09-06T18:09:24Z,2025-09-25T13:12:14Z,2025-10-04T04:00:34Z
FC-01621,S128,2025-09-17T14:53:28Z,34.0,232.0,48.0,39.15,233.0,892.0,0,2025-09-17T02:30:49Z,2025-09-17T04:42:54Z,2025-09-17T12:55:31Z,2025-09-05T04:45:43Z,2025-09-25T00:44:19Z,2025-09-24T00:37:04Z
FC-01622,S141,2025-09-17T15:53:22Z,62.0,390.0,61.0,39.39,318.0,1571.0,0,2025-09-17T01:29:45Z,2025-09-17T02:17:49Z,2025-09-17T14:36:30Z,2025-09-11T03:32:07Z,2025-09-25T04:29:28Z,2025-09-30T06:00:30Z
FC-01623,S107,2025-09-17T17:22:34Z,25.0,157.0,22.0,3.69,161.0,669.0,0,2025-09-17T13:43:02Z,2025-09-17T11:58:07Z,2025-09-17T15:43:02Z,2025-09-11T02:42:46Z,2025-09-24T23:53:40Z,2025-10-15T11:34:39Z
FC-01624,S138,2025-09-17T17:39:02Z,37.0,207.0,32.0,23.07,250.0,991.0,1,2025-09-17T12:31:49Z,2025-09-16T22:25:00Z,2025-09-17T16:13:33Z,2025-09-05T03:17:58Z,2025-09-25T03:25:36Z,2025-10-06T19:48:48Z
FC-01625,S151,2025-09-17T18:22:05Z,43.0,291.0,39.0,32.41,299.0,1219.0,0,2025-09-17T04:27:30Z,2025-09-17T08:08:03Z,2025-09-17T16:40:50Z,2025-09-14T05:50:38Z,2025-09-25T01:54:31Z,2025-10-09T05:48:46Z
FC-01626,S138,2025-09-17T19:46:58Z,53.0,351.0,80.0,30.86,305.0,1341.0,0,2025-09-17T09:42:57Z,2025-09-17T05:42:29Z,2025-09-17T19:09:06Z,2025-09-04T21:50:43Z,2025-09-25T04:29:04Z,2025-10-15T18:23:19Z
FC-01627,S121,2025-09-17T21:31:37Z,40.0,320.0,48.0,36.81,401.0,1425.0,0,2025-09-17T16:07:35Z,2025-09-17T09:11:12Z,2025-09-17T20:07:01Z,2025-09-14T23:02:40Z,2025-09-25T06:55:02Z,2025-10-17T09:56:29Z
FC-01628,S107,2025-09-17T21:39:16Z,44.0,329.0,84.0,33.17,317.0,1434.0,0,2025-09-17T13:08:53Z,2025-09-17T10:13:16Z,2025-09-17T20:36:38Z,2025-09-08T00:51:07Z,2025-09-25T11:15:01Z,2025-10-07T21:02:07Z
FC-01629,S111,2025-09-17T22:01:48Z,14.0,94.0,20.0,35.02,104.0,417.0,0,2025-09-17T06:58:38Z,2025-09-17T13:43:29Z,2025-09-17T20:20:22Z,2025-09-09T20:58:17Z,2025-09-25T20:53:00Z,2025-10-09T18:20:49Z
FC-01630,S127,2025-09-18T00:06:09Z,72.0,416.0,71.0,2.04,410.0,1932.0,0,2025-09-17T09:12:02Z,2025-09-17T22:04:54Z,2025-09-17T23:24:18Z,2025-09-09T22:40:31Z,2025-09-25T07:51:25Z,2025-10-08T10:36:45Z
FC-01631,S112,2025-09-18T00:32:52Z,37.0,239.0,32.0,33.62,228.0,983.0,0,2025-09-17T11:46:30Z,2025-09-17T08:00:59Z,2025-09-17T22:43:57Z,2025-09-05T12:07:11Z,2025-09-25T01:16:54Z,2025-10-11T16:52:51Z
FC-01632,S104,2025-09-18T02:09:13Z,25.0,193.0,25.0,32.97,252.0,977.0,1,2025-09-17T07:57:49Z,2025-09-17T08:51:03Z,2025-09-18T00:56:32Z,2025-09-13T20:52:01Z,2025-09-25T20:06:44Z,2025-10-01T06:53:47Z
FC-01633,S105,2025-09-18T02:42:43Z,31.0,279.0,26.0,2.16,272.0,1044.0,1,2025-09-17T07:23:41Z,2025-09-17T22:33:43Z,2025-09-18T02:09:27Z,2025-09-15T15:14:54Z,2025-09-25T12:01:34Z,2025-09-29T16:25:14Z
FC-01634,S116,2025-09-18T03:05:09Z,57.0,342.0,43.0,8.88,371.0,1430.0,1,2025-09-17T18:55:23Z,2025-09-17T08:48:13Z,2025-09-18T01:36:32Z,2025-09-15T23:11:22Z,2025-09-25T17:24:25Z,2025-10-15T17:40:19Z
FC-01635,S111,2025-09-18T04:23:09Z,46.0,253.0,40.0,8.27,305.0,1143.0,1,2025-09-17T22:00:11Z,2025-09-17T22:03:07Z,2025-09-18T02:29:02Z,2025-09-06T18:04:28Z,2025-09-25T23:20:19Z,2025-09-29T00:09:23Z
FC-01636,S137,2025-09-18T05:38:03Z,78.0,437.0,66.0,27.97,492.0,2014.0,0,2025-09-18T03:08:16Z,2025-09-17T11:23:27Z,2025-09-18T04:31:02Z,2025-09-05T01:04:15Z,2025-09-25T23:23:29Z,2025-10-12T22:17:15Z
FC-01637,S127,2025-09-18T07:30:43Z,38.0,255.0,42.0,5.03,277.0,1181.0,0,2025-09-17T21:57:00Z,2025-09-17T12:56:10Z,2025-09-18T06:38:57Z,2025-09-13T02:30:31Z,2025-09-26T01:28:44Z,2025-10-17T13:30:12Z
FC-01638,S141,2025-09-18T07:41:29Z,22.0,144.0,17.0,5.86,159.0,727.0,1,2025-09-17T14:12:21Z,2025-09-18T03:00:35Z,2025-09-18T06:01:56Z,2025-09-05T02:13:57Z,2025-09-26T05:11:55Z,2025-10-08T21:14:21Z
FC-01639,S143,2025-09-18T07:54:17Z,16.0,121.0,23.0,37.07,100.0,531.0,0,2025-09-17T21:18:06Z,2025-09-17T18:11:00Z,2025-09-18T06:48:12Z,2025-09-12T03:20:27Z,2025-09-25T16:42:18Z,2025-09-26T09:48:47Z
FC-01640,S128,2025-09-18T08:22:18Z,36.0,216.0,53.0,27.0,181.0,827.0,0,2025-09-18T00:40:00Z,2025-09-17T17:35:28Z,2025-09-18T06:40:51Z,2025-09-12T07:35:06Z,2025-09-25T19:45:47Z,2025-09-27T11:14:36Z
FC-01641,S121,2025-09-18T09:07:51Z,37.0,283.0,66.0,22.98,256.0,1165.0,0,2025-09-18T05:40:27Z,2025-09-18T00:32:50Z,2025-09-18T08:52:22Z,2025-09-15T00:26:58Z,2025-09-26T08:00:45Z,2025-10-17T18:39:51Z
FC-01642,S154,2025-09-18T09:11:25Z,70.0,500.0,92.0,34.46,431.0,1939.0,0,2025-09-17T16:23:50Z,2025-09-18T00:48:10Z,2025-09-18T08:26:09Z,2025-09-09T02:17:21Z,2025-09-26T02:09:59Z,2025-10-07T13:04:08Z
FC-01643,S154,2025-09-18T09:38:05Z,72.0,487.0,50.0,26.81,531.0,1810.0,1,2025-09-17T23:55:20Z,2025-09-18T01:43:11Z,2025-09-18T09:06:05Z,2025-09-06T04:57:12Z,2025-09-26T01:02:17Z,2025-10-05T02:46:40Z
FC-01644,S132,2025-09-18T10:28:11Z,48.0,326.0,76.0,21.39,262.0,1451.0,0,2025-09-17T19:21:26Z,2025-09-17T18:32:52Z,2025-09-18T09:38:11Z,2025-09-06T21:36:47Z,2025-09-26T03:19:30Z,2025-09-23T20:22:59Z
FC-01645,S115,2025-09-18T10:46:48Z,113.0,870.0,158.0,8.67,787.0,3994.0,0,2025-09-17T20:23:07Z,2025-09-17T22:08:02Z,2025-09-18T10:25:07Z,2025-09-10T15:32:58Z,2025-09-26T08:33:59Z,2025-10-02T12:33:45Z
FC-01646,S102,2025-09-18T12:04:06Z,59.0,398.0,67.0,15.88,352.0,1753.0,0,2025-09-18T05:45:12Z,2025-09-18T03:31:52Z,2025-09-18T11:30:30Z,2025-09-09T13:43:48Z,2025-09-25T18:38:06Z,2025-10-04T17:17:58Z
FC-01647,S131,2025-09-18T12:23:48Z,36.0,241.0,45.0,24.29,291.0,1039.0,0,2025-09-18T05:26:06Z,2025-09-17T17:29:55Z,2025-09-18T11:20:21Z,2025-09-05T01:42:48Z,2025-09-25T12:44:07Z,2025-10-07T01:47:57Z
FC-01648,S146,2025-09-18T13:16:43Z,57.0,370.0,106.0,38.64,485.0,1982.0,0,2025-09-17T22:22:13Z,2025-09-18T11:12:06Z,2025-09-18T11:24:06Z,2025-09-06T19:05:28Z,2025-09-26T05:03:43Z,2025-10-05T20:23:46Z
FC-01649,S125,2025-09-18T13:58:16Z,61.0,379.0,96.0,33.3,362.0,1773.0,0,2025-09-18T02:08:20Z,2025-09-18T03:44:58Z,2025-09-18T12:51:11Z,2025-09-13T07:56:07Z,2025-09-26T07:18:54Z,2025-10-10T01:49:21Z
FC-01650,S112,2025-09-18T14:47:08Z,33.0,259.0,24.0,18.7,252.0,994.0,1,2025-09-18T12:46:05Z,2025-09-17T23:56:16Z,2025-09-18T13:03:15Z,2025-09-04T21:57:05Z,2025-09-26T12:53:28Z,2025-10-07T18:57:13Z
FC-01651,S147,2025-09-18T16:38:26Z,48.0,320.0,36.0,13.11,326.0,1524.0,1,2025-09-18T06:13:00Z,2025-09-18T05:25:45Z,2025-09-18T15:07:05Z,2025-09-14T03:00:13Z,2025-09-26T06:39:37Z,2025-09-27T14:55:15Z
FC-01652,S156,2025-09-18T18:14:45Z,77.0,594.0,134.0,15.17,481.0,2059.0,0,2025-09-18T03:18:41Z,2025-09-18T15:00:41Z,2025-09-18T17:54:17Z,2025-09-15T13:42:59Z,2025-09-25T22:41:30Z,2025-09-25T09:10:23Z
FC-01653,S101,2025-09-18T19:04:31Z,46.0,355.0,57.0,22.77,341.0,1582.0,0,2025-09-18T13:01:44Z,2025-09-18T03:07:15Z,2025-09-18T17:24:06Z,2025-09-05T01:34:49Z,2025-09-26T09:40:54Z,2025-10-15T23:37:14Z
FC-01654,S113,2025-09-18T19:17:55Z,44.0,318.0,39.0,19.18,375.0,1420.0,1,2025-09-18T10:43:01Z,2025-09-18T01:43:33Z,2025-09-18T17:51:58Z,2025-09-09T16:33:05Z,2025-09-26T10:44:09Z,2025-09-30T10:07:43Z
FC-01655,S155,2025-09-18T19:32:07Z,65.0,508.0,62.0,24.75,414.0,1757.0,0,2025-09-18T02:12:56Z,2025-09-18T06:23:37Z,2025-09-18T18:26:06Z,2025-09-09T06:28:01Z,2025-09-26T17:40:11Z,2025-10-18T07:21:19Z
FC-01656,S103,2025-09-18T19:34:56Z,42.0,277.0,23.0,18.87,283.0,1089.0,1,2025-09-18T09:05:09Z,2025-09-18T01:24:29Z,2025-09-18T18:05:03Z,2025-09-08T10:51:23Z,2025-09-25T22:01:29Z,2025-09-30T13:41:16Z
FC-01657,S112,2025-09-18T20:13:19Z,77.0,649.0,89.0,34.38,659.0,2287.0,0,2025-09-18T07:51:49Z,2025-09-18T15:33:41Z,2025-09-18T18:39:23Z,2025-09-13T09:43:28Z,2025-09-26T06:48:38Z,2025-10-08T15:40:56Z
FC-01658,S104,2025-09-18T21:04:37Z,56.0,391.0,67.0,29.0,377.0,1430.0,0,2025-09-18T11:48:11Z,2025-09-18T06:25:23Z,2025-09-18T19:55:52Z,2025-09-14T03:30:47Z,2025-09-26T17:10:22Z,2025-10-14T13:43:30Z
FC-01659,S124,2025-09-18T21:16:03Z,21.0,137.0,30.0,5.09,146.0,630.0,0,2025-09-18T07:03:50Z,2025-09-18T06:59:09Z,2025-09-18T20:07:30Z,2025-09-05T11:37:41Z,2025-09-26T13:09:39Z,2025-10-02T21:21:44Z
FC-01660,S119,2025-09-18T21:31:59Z,87.0,489.0,98.0,10.88,527.0,2372.0,0,2025-09-18T07:15:58Z,2025-09-18T10:13:46Z,2025-09-18T20:23:16Z,2025-09-11T12:04:03Z,2025-09-26T03:23:56Z,2025-09-24T07:47:35Z
FC-01661,S113,2025-09-18T22:44:04Z,72.0,396.0,65.0,11.37,455.0,2131.0,1,2025-09-18T19:30:48Z,2025-09-18T11:12:59Z,2025-09-18T22:22:15Z,2025-09-11T04:29:04Z,2025-09-26T09:39:21Z,2025-09-28T23:21:32Z
FC-01662,S122,2025-09-18T22:44:58Z,60.0,490.0,41.0,11.13,520.0,1905.0,1,2025-09-18T12:06:30Z,2025-09-18T18:03:03Z,2025-09-18T22:05:30Z,2025-09-16T23:17:31Z,2025-09-26T00:21:21Z,2025-10-14T04:17:02Z
FC-01663,S122,2025-09-18T23:17:25Z,60.0,450.0,47.0,35.84,392.0,1871.0,1,2025-09-18T19:03:59Z,2025-09-18T04:16:53Z,2025-09-18T23:00:38Z,2025-09-09T04:38:06Z,2025-09-26T05:26:46Z,2025-10-17T03:50:04Z
FC-01664,S117,2025-09-18T23:39:01Z,19.0,134.0,31.0,5.38,134.0,636.0,0,2025-09-18T09:57:27Z,2025-09-18T04:30:04Z,2025-09-18T22:54:20Z,2025-09-13T20:50:17Z,2025-09-26T10:14:48Z,2025-10-17T10:35:22Z
FC-01665,S119,2025-09-19T00:01:04Z,43.0,278.0,56.0,20.46,263.0,1136.0,0,2025-09-18T18:28:28Z,2025-09-18T08:21:27Z,2025-09-18T22:03:18Z,2025-09-12T00:29:27Z,2025-09-26T01:32:15Z,2025-09-24T18:01:30Z
FC-01666,S127,2025-09-19T00:30:52Z,56.0,433.0,74.0,6.25,363.0,1629.0,0,2025-09-18T19:23:24Z,2025-09-18T12:07:57Z,2025-09-18T23:30:44Z,2025-09-14T10:15:50Z,2025-09-26T06:24:49Z,2025-09-24T09:12:38Z
FC-01667,S158,2025-09-19T01:08:40Z,30.0,208.0,49.0,14.3,203.0,771.0,0,2025-09-18T08:11:00Z,2025-09-18T14:16:36Z,2025-09-18T23:29:00Z,2025-09-10T16:33:25Z,2025-09-26T10:00:28Z,2025-10-07T18:05:22Z
FC-01668,S114,2025-09-19T01:14:02Z,48.0,380.0,43.0,36.14,399.0,1749.0,1,2025-09-18T21:48:25Z,2025-09-18T21:52:34Z,2025-09-18T23:47:13Z,2025-09-16T16:08:55Z,2025-09-26T19:14:43Z,2025-10-16T13:01:27Z
FC-01669,S134,2025-09-19T01:24:47Z,54.0,397.0,71.0,28.08,378.0,1553.0,0,2025-09-18T18:39:12Z,2025-09-18T07:42:19Z,2025-09-19T00:53:49Z,2025-09-16T02:54:45Z,2025-09-26T17:46:55Z,2025-10-01T12:45:32Z
FC-01670,S139,2025-09-19T01:37:53Z,80.0,523.0,133.0,6.02,529.0,2488.0,0,2025-09-18T23:19:53Z,2025-09-18T09:52:47Z,2025-09-19T01:02:55Z,2025-09-15T23:52:57Z,2025-09-26T19:28:13Z,2025-10-16T15:35:12Z
FC-01671,S159,2025-09-19T02:00:15Z,31.0,229.0,44.0,16.04,277.0,1096.0,0,2025-09-18T16:59:07Z,2025-09-18T19:02:13Z,2025-09-19T01:19:06Z,2025-09-06T16:28:27Z,2025-09-27T00:07:43Z,2025-09-24T17:45:50Z
FC-01672,S135,2025-09-19T02:11:10Z,89.0,660.0,51.0,23.82,578.0,2483.0,1,2025-09-18T21:01:58Z,2025-09-18T17:12:48Z,2025-09-19T01:40:08Z,2025-09-11T16:23:12Z,2025-09-26T16:39:54Z,2025-10-12T09:04:56Z
FC-01673,S102,2025-09-19T02:21:59Z,40.0,302.0,54.0,33.5,351.0,1541.0,0,2025-09-18T14:30:10Z,2025-09-18T13:01:53Z,2025-09-19T00:52:13Z,2025-09-06T15:03:33Z,2025-09-26T09:57:06Z,2025-10-05T21:56:27Z
FC-01674,S137,2025-09-19T03:36:38Z,41.0,250.0,59.0,26.76,269.0,1146.0,0,2025-09-18T09:49:00Z,2025-09-19T00:38:04Z,2025-09-19T01:56:13Z,2025-09-05T22:31:43Z,2025-09-26T17:00:48Z,2025-10-17T07:19:14Z
FC-01675,S118,2025-09-19T03:56:18Z,65.0,474.0,57.0,5.08,402.0,1765.0,1,2025-09-18T22:19:54Z,2025-09-18T14:28:59Z,2025-09-19T02:18:24Z,2025-09-14T08:27:20Z,2025-09-26T10:57:17Z,2025-09-25T12:15:52Z
FC-01676,S115,2025-09-19T05:20:08Z,35.0,277.0,45.0,25.99,226.0,1010.0,0,2025-09-18T22:03:46Z,2025-09-18T14:41:51Z,2025-09-19T05:13:36Z,2025-09-17T09:23:38Z,2025-09-26T21:42:43Z,2025-10-12T00:06:16Z
FC-01677,S137,2025-09-19T05:43:06Z,12.0,92.0,18.0,15.83,96.0,420.0,0,2025-09-18T10:43:50Z,2025-09-18T18:51:57Z,2025-09-19T03:43:46Z,2025-09-06T09:27:19Z,2025-09-27T02:40:19Z,2025-10-10T10:48:13Z
FC-01678,S121,2025-09-19T06:02:18Z,39.0,266.0,22.0,13.06,225.0,1029.0,1,2025-09-19T02:37:51Z,2025-09-19T00:46:23Z,2025-09-19T05:43:17Z,2025-09-10T00:58:22Z,2025-09-26T18:27:50Z,2025-09-24T18:57:14Z
FC-01679,S128,2025-09-19T07:38:40Z,31.0,205.0,49.0,15.0,215.0,901.0,0,2025-09-18T21:12:07Z,2025-09-18T16:20:46Z,2025-09-19T06:13:58Z,2025-09-12T17:49:07Z,2025-09-27T00:21:54Z,2025-10-13T20:46:10Z
FC-01680,S103,2025-09-19T07:54:27Z,11.0,83.0,12.0,34.46,77.0,292.0,0,2025-09-18T13:29:46Z,2025-09-18T22:39:34Z,2025-09-19T06:40:53Z,2025-09-11T06:09:21Z,2025-09-26T18:33:16Z,2025-10-05T01:18:02Z
FC-01681,S104,2025-09-19T08:26:25Z,37.0,258.0,23.0,6.38,230.0,977.0,1,2025-09-18T20:30:38Z,2025-09-18T20:03:52Z,2025-09-19T07:56:00Z,2025-09-12T07:47:38Z,2025-09-27T00:17:52Z,2025-09-28T13:07:37Z
FC-01682,S143,2025-09-19T08:27:58Z,33.0,194.0,27.0,32.36,190.0,924.0,1,2025-09-18T18:23:11Z,2025-09-18T22:58:05Z,2025-09-19T06:50:13Z,2025-09-16T11:05:39Z,2025-09-26T21:10:10Z,2025-09-26T01:27:20Z
FC-01683,S125,2025-09-19T08:30:12Z,33.0,213.0,24.0,17.75,204.0,1043.0,1,2025-09-18T12:34:40Z,2025-09-18T18:37:59Z,2025-09-19T06:54:49Z,2025-09-10T01:13:32Z,2025-09-27T07:31:57Z,2025-09-25T03:29:25Z
FC-01684,S113,2025-09-19T08:58:07Z,42.0,361.0,52.0,9.43,322.0,1228.0,0,2025-09-19T04:42:22Z,2025-09-19T01:28:15Z,2025-09-19T08:40:48Z,2025-09-11T10:56:15Z,2025-09-27T06:55:06Z,2025-09-26T02:17:45Z
FC-01685,S121,2025-09-19T09:42:41Z,24.0,139.0,35.0,4.75,164.0,714.0,0,2025-09-19T07:33:48Z,2025-09-19T04:15:04Z,2025-09-19T09:30:55Z,2025-09-08T13:56:53Z,2025-09-26T17:52:51Z,2025-10-01T21:34:25Z
FC-01686,S112,2025-09-19T10:11:18Z,14.0,88.0,15.0,19.69,104.0,385.0,0,2025-09-19T04:01:47Z,2025-09-19T04:36:14Z,2025-09-19T09:08:20Z,2025-09-10T07:02:38Z,2025-09-26T13:22:00Z,2025-10-13T15:45:14Z
FC-01687,S153,2025-09-19T10:56:25Z,78.0,520.0,59.0,3.67,637.0,2269.0,1,2025-09-18T16:51:04Z,2025-09-19T01:36:41Z,2025-09-19T09:25:03Z,2025-09-14T15:52:19Z,2025-09-27T08:20:07Z,2025-10-16T10:17:06Z
FC-01688,S153,2025-09-19T11:42:34Z,47.0,346.0,69.0,23.52,379.0,1531.0,0,2025-09-19T05:04:08Z,2025-09-18T15:43:28Z,2025-09-19T09:47:09Z,2025-09-16T23:26:28Z,2025-09-27T05:11:53Z,2025-10-08T02:01:40Z
FC-01689,S158,2025-09-19T11:51:51Z,46.0,384.0,62.0,13.2,353.0,1528.0,0,2025-09-19T03:10:35Z,2025-09-18T16:52:29Z,2025-09-19T11:37:08Z,2025-09-11T16:52:46Z,2025-09-27T04:05:33Z,2025-10-06T16:04:52Z
FC-01690,S147,2025-09-19T12:07:12Z,66.0,346.0,86.0,27.94,384.0,1559.0,0,2025-09-18T19:37:42Z,2025-09-19T09:04:05Z,2025-09-19T10:37:25Z,2025-09-06T07:26:57Z,2025-09-27T09:59:26Z,2025-10-19T00:17:01Z
FC-01691,S141,2025-09-19T13:22:08Z,78.0,558.0,80.0,23.24,545.0,2316.0,0,2025-09-18T22:07:45Z,2025-09-19T10:13:37Z,2025-09-19T11:45:05Z,2025-09-17T06:52:22Z,2025-09-26T20:52:16Z,2025-10-04T03:37:16Z
FC-01692,S131,2025-09-19T13:28:15Z,46.0,325.0,62.0,30.07,273.0,1324.0,0,2025-09-18T23:35:04Z,2025-09-19T03:46:04Z,2025-09-19T11:30:00Z,2025-09-13T01:19:30Z,2025-09-27T02:27:43Z,2025-10-15T10:31:40Z
FC-01693,S101,2025-09-19T13:43:25Z,46.0,293.0,61.0,32.97,258.0,1085.0,0,2025-09-19T03:41:06Z,2025-09-18T22:52:30Z,2025-09-19T13:18:50Z,2025-09-09T17:23:14Z,2025-09-26T20:46:32Z,2025-10-11T01:00:05Z
FC-01694,S152,2025-09-19T14:21:40Z,28.0,227.0,41.0,31.88,260.0,1096.0,0,2025-09-19T04:35:46Z,2025-09-19T06:50:22Z,2025-09-19T13:31:37Z,2025-09-10T08:48:33Z,2025-09-27T12:58:01Z,2025-09-28T16:25:43Z
FC-01695,S126,2025-09-19T14:31:54Z,44.0,249.0,44.0,26.35,325.0,1264.0,0,2025-09-19T08:07:00Z,2025-09-18T20:28:06Z,2025-09-19T14:14:12Z,2025-09-18T13:14:12Z,2025-09-26T23:13:28Z,2025-10-09T14:30:30Z
FC-01696,S134,2025-09-19T15:06:12Z,22.0,148.0,34.0,4.88,123.0,573.0,0,2025-09-19T04:40:05Z,2025-09-18T23:25:56Z,2025-09-19T13:16:06Z,2025-09-06T04:55:19Z,2025-09-26T15:10:06Z,2025-10-02T16:10:58Z
FC-01697,S142,2025-09-19T15:19:22Z,33.0,235.0,36.0,31.38,272.0,1265.0,0,2025-09-19T10:07:23Z,2025-09-19T09:00:50Z,2025-09-19T13:24:20Z,2025-09-16T12:16:45Z,2025-09-27T08:27:50Z,2025-10-11T08:17:56Z
FC-01698,S139,2025-09-19T15:57:45Z,51.0,409.0,87.0,5.94,423.0,1774.0,0,2025-09-19T12:46:30Z,2025-09-19T11:42:25Z,2025-09-19T14:39:54Z,2025-09-12T10:31:14Z,2025-09-26T20:58:06Z,2025-09-26T17:43:20Z
FC-01699,S148,2025-09-19T16:17:23Z,93.0,626.0,64.0,27.68,580.0,2449.0,1,2025-09-19T09:50:23Z,2025-09-19T13:22:05Z,2025-09-19T16:00:36Z,2025-09-12T20:02:42Z,2025-09-27T12:37:57Z,2025-10-04T02:47:05Z
FC-01700,S133,2025-09-19T17:21:11Z,32.0,240.0,35.0,30.43,194.0,945.0,0,2025-09-19T08:09:11Z,2025-09-19T07:15:58Z,2025-09-19T15:23:37Z,2025-09-10T08:05:15Z,2025-09-27T07:46:25Z,2025-10-08T03:44:56Z
FC-01701,S118,2025-09-19T17:47:00Z,71.0,489.0,111.0,15.45,445.0,1902.0,0,2025-09-19T04:14:56Z,2025-09-19T03:08:12Z,2025-09-19T16:57:24Z,2025-09-10T10:18:12Z,2025-09-26T19:28:54Z,2025-10-12T16:12:05Z
FC-01702,S105,2025-09-19T18:16:01Z,48.0,296.0,52.0,7.12,329.0,1225.0,0,2025-09-18T22:36:15Z,2025-09-19T14:04:44Z,2025-09-19T16:45:54Z,2025-09-06T15:38:11Z,2025-09-26T23:46:18Z,2025-09-29T09:11:11Z
FC-01703,S152,2025-09-19T18:32:14Z,27.0,206.0,34.0,25.63,166.0,965.0,0,2025-09-19T03:36:20Z,2025-09-19T02:05:04Z,2025-09-19T17:53:47Z,2025-09-13T22:32:16Z,2025-09-27T12:21:46Z,2025-10-13T07:49:26Z
FC-01704,S125,2025-09-19T19:29:41Z,191.0,1544.0,368.0,5.09,1499.0,7481.0,0,2025-09-19T06:54:37Z,2025-09-19T08:47:21Z,2025-09-19T18:28:21Z,2025-09-08T20:00:36Z,2025-09-26T20:54:48Z,2025-10-06T15:13:36Z
FC-01705,S107,2025-09-19T19:33:40Z,158.0,964.0,249.0,15.21,876.0,4103.0,0,2025-09-19T07:46:45Z,2025-09-19T14:07:06Z,2025-09-19T18:37:58Z,2025-09-11T16:02:36Z,2025-09-27T00:45:30Z,2025-09-28T12:53:05Z
FC-01706,S155,2025-09-19T20:04:51Z,33.0,261.0,38.0,26.89,293.0,1040.0,0,2025-09-19T00:37:40Z,2025-09-19T03:16:15Z,2025-09-19T18:10:01Z,2025-09-07T07:04:46Z,2025-09-27T13:59:35Z,2025-10-14T06:16:50Z
FC-01707,S145,2025-09-19T20:54:46Z,20.0,134.0,26.0,29.0,127.0,609.0,0,2025-09-19T11:11:11Z,2025-09-19T05:32:51Z,2025-09-19T19:28:59Z,2025-09-08T07:13:40Z,2025-09-27T14:37:46Z,2025-10-06T21:52:21Z
FC-01708,S111,2025-09-19T21:48:49Z,54.0,421.0,91.0,33.23,306.0,1620.0,0,2025-09-19T16:58:56Z,2025-09-19T17:51:19Z,2025-09-19T21:07:16Z,2025-09-14T09:06:26Z,2025-09-27T18:53:00Z,2025-09-30T11:23:48Z
FC-01709,S109,2025-09-19T21:50:40Z,78.0,561.0,119.0,7.03,682.0,2864.0,0,2025-09-19T11:50:06Z,2025-09-19T02:33:25Z,2025-09-19T20:58:40Z,2025-09-13T12:45:26Z,2025-09-27T05:22:48Z,2025-10-07T04:22:05Z
FC-01710,S126,2025-09-19T22:38:35Z,16.0,136.0,30.0,19.4,151.0,604.0,0,2025-09-19T16:56:57Z,2025-09-19T18:09:45Z,2025-09-19T21:26:26Z,2025-09-08T08:27:37Z,2025-09-27T20:20:23Z,2025-10-12T10:41:12Z
FC-01711,S147,2025-09-19T22:41:54Z,33.0,195.0,50.0,12.37,195.0,925.0,0,2025-09-19T16:16:57Z,2025-09-19T12:11:17Z,2025-09-19T20:55:22Z,2025-09-15T20:36:35Z,2025-09-27T13:37:41Z,2025-09-25T22:44:57Z
FC-01712,S122,2025-09-19T22:59:43Z,24.0,151.0,14.0,30.67,169.0,650.0,1,2025-09-19T03:32:07Z,2025-09-19T14:44:24Z,2025-09-19T22:20:55Z,2025-09-11T04:41:23Z,2025-09-27T20:55:43Z,2025-10-08T18:47:17Z
FC-01713,S118,2025-09-20T00:31:06Z,67.0,540.0,106.0,30.68,523.0,1917.0,0,2025-09-19T22:00:51Z,2025-09-19T09:03:09Z,2025-09-19T22:43:20Z,2025-09-11T14:01:57Z,2025-09-27T08:00:57Z,2025-10-11T23:12:00Z
FC-01714,S112,2025-09-20T02:08:58Z,38.0,238.0,57.0,22.06,293.0,1056.0,0,2025-09-19T12:01:52Z,2025-09-19T18:13:41Z,2025-09-20T01:26:26Z,2025-09-11T18:42:06Z,2025-09-27T03:28:21Z,2025-09-29T18:14:53Z
FC-01715,S123,2025-09-20T02:23:34Z,51.0,359.0,41.0,15.76,344.0,1594.0,1,2025-09-19T19:12:50Z,2025-09-19T19:53:52Z,2025-09-20T01:37:08Z,2025-09-14T05:33:17Z,2025-09-28T01:22:55Z,2025-10-14T18:08:27Z
FC-01716,S155,2025-09-20T02:36:20Z,45.0,249.0,44.0,2.76,265.0,1191.0,0,2025-09-19T08:09:06Z,2025-09-19T21:48:49Z,2025-09-20T02:20:25Z,2025-09-08T23:50:54Z,2025-09-27T10:12:17Z,2025-09-27T06:19:11Z
FC-01717,S148,2025-09-20T04:19:14Z,33.0,259.0,38.0,17.99,221.0,1044.0,0,2025-09-19T08:42:28Z,2025-09-19T19:02:08Z,2025-09-20T02:27:39Z,2025-09-08T13:59:43Z,2025-09-27T18:22:32Z,2025-10-10T02:30:55Z
FC-01718,S134,2025-09-20T04:32:08Z,37.0,243.0,52.0,13.96,214.0,973.0,0,2025-09-19T20:01:55Z,2025-09-19T21:50:39Z,2025-09-20T03:36:33Z,2025-09-14T13:27:11Z,2025-09-27T07:47:55Z,2025-10-05T18:18:00Z
FC-01719,S130,2025-09-20T04:39:03Z,35.0,217.0,46.0,38.24,219.0,896.0,0,2025-09-19T08:53:56Z,2025-09-19T14:24:18Z,2025-09-20T03:16:33Z,2025-09-11T11:50:20Z,2025-09-27T07:19:31Z,2025-10-18T11:19:11Z
FC-01720,S122,2025-09-20T04:48:02Z,98.0,606.0,77.0,7.62,611.0,2275.0,0,2025-09-19T12:24:30Z,2025-09-19T12:44:56Z,2025-09-20T03:12:12Z,2025-09-06T18:14:10Z,2025-09-27T11:43:32Z,2025-10-08T00:59:49Z
FC-01721,S117,2025-09-20T05:59:07Z,26.0,171.0,41.0,8.35,189.0,820.0,0,2025-09-19T20:54:47Z,2025-09-19T21:30:22Z,2025-09-20T05:04:03Z,2025-09-08T23:32:54Z,2025-09-27T20:37:27Z,2025-10-03T13:09:22Z
FC-01722,S154,2025-09-20T06:36:48Z,58.0,383.0,41.0,27.52,369.0,1466.0,1,2025-09-20T01:50:58Z,2025-09-19T11:08:11Z,2025-09-20T06:21:29Z,2025-09-12T23:40:02Z,2025-09-27T18:21:27Z,2025-10-16T20:25:56Z
FC-01723,S116,2025-09-20T07:29:10Z,61.0,436.0,78.0,10.93,455.0,2174.0,0,2025-09-19T14:10:06Z,2025-09-19T23:40:58Z,2025-09-20T06:20:16Z,2025-09-10T01:15:50Z,2025-09-27T12:59:27Z,2025-10-18T16:53:24Z
FC-01724,S103,2025-09-20T07:40:22Z,40.0,262.0,34.0,29.48,343.0,1254.0,1,2025-09-19T19:09:30Z,2025-09-19T18:19:35Z,2025-09-20T06:41:04Z,2025-09-06T08:47:26Z,2025-09-27T10:29:37Z,2025-10-08T06:12:20Z
FC-01725,S152,2025-09-20T08:27:25Z,29.0,221.0,38.0,36.34,194.0,875.0,0,2025-09-19T15:49:01Z,2025-09-19T14:10:26Z,2025-09-20T07:53:17Z,2025-09-18T18:18:33Z,2025-09-27T09:07:17Z,2025-10-05T23:25:18Z
FC-01726,S124,2025-09-20T08:37:31Z,19.0,152.0,42.0,3.7,155.0,680.0,0,2025-09-20T05:18:04Z,2025-09-19T17:26:50Z,2025-09-20T07:53:15Z,2025-09-19T00:16:50Z,2025-09-27T20:53:00Z,2025-09-28T07:06:33Z
FC-01727,S109,2025-09-20T08:43:49Z,25.0,145.0,28.0,36.22,142.0,689.0,0,2025-09-20T03:46:59Z,2025-09-19T19:29:25Z,2025-09-20T08:14:20Z,2025-09-09T02:53:26Z,2025-09-27T16:58:25Z,2025-10-05T10:15:49Z
FC-01728,S159,2025-09-20T09:59:08Z,58.0,493.0,50.0,34.43,478.0,1936.0,1,2025-09-19T20:31:56Z,2025-09-20T01:27:13Z,2025-09-20T08:02:49Z,2025-09-10T03:44:10Z,2025-09-27T15:43:27Z,2025-09-29T16:11:27Z
FC-01729,S140,2025-09-20T10:06:13Z,36.0,229.0,48.0,2.41,214.0,1125.0,0,2025-09-19T19:44:00Z,2025-09-19T18:40:29Z,2025-09-20T09:17:39Z,2025-09-12T03:57:14Z,2025-09-27T13:10:57Z,2025-10-13T11:49:57Z
FC-01730,S143,2025-09-20T11:15:38Z,20.0,144.0,25.0,19.82,155.0,695.0,0,2025-09-20T00:37:49Z,2025-09-19T16:34:13Z,2025-09-20T09:20:03Z,2025-09-17T11:13:14Z,2025-09-28T08:41:37Z,2025-09-26T04:28:43Z
FC-01731,S137,2025-09-20T12:32:54Z,43.0,287.0,24.0,28.27,310.0,1170.0,1,2025-09-20T07:57:04Z,2025-09-20T08:18:59Z,2025-09-20T11:09:27Z,2025-09-16T02:29:40Z,2025-09-27T13:37:43Z,2025-10-03T11:26:02Z
FC-01732,S148,2025-09-20T12:33:04Z,35.0,284.0,56.0,28.28,284.0,1128.0,0,2025-09-20T02:10:00Z,2025-09-20T09:15:30Z,2025-09-20T10:45:32Z,2025-09-10T04:30:50Z,2025-09-27T20:14:17Z,2025-09-27T09:02:14Z
FC-01733,S152,2025-09-20T13:26:31Z,88.0,621.0,80.0,9.23,667.0,2937.0,1,2025-09-20T06:25:54Z,2025-09-20T07:40:59Z,2025-09-20T11:29:41Z,2025-09-19T04:32:33Z,2025-09-28T04:28:44Z,2025-10-18T09:23:30Z
FC-01734,S126,2025-09-20T14:47:04Z,34.0,251.0,36.0,2.01,191.0,919.0,0,2025-09-20T09:26:13Z,2025-09-19T23:53:31Z,2025-09-20T14:12:20Z,2025-09-16T18:59:00Z,2025-09-28T08:41:32Z,2025-10-11T17:52:35Z
FC-01735,S145,2025-09-20T15:13:06Z,35.0,259.0,53.0,29.88,237.0,1042.0,0,2025-09-19T19:55:16Z,2025-09-19T20:28:13Z,2025-09-20T13:51:50Z,2025-09-10T22:34:15Z,2025-09-28T14:52:34Z,2025-10-05T15:58:17Z
FC-01736,S134,2025-09-20T15:41:43Z,44.0,245.0,65.0,14.71,274.0,1201.0,0,2025-09-20T04:32:14Z,2025-09-19T20:11:31Z,2025-09-20T14:08:19Z,2025-09-15T15:41:31Z,2025-09-27T18:22:17Z,2025-10-16T11:23:30Z
FC-01737,S157,2025-09-20T16:00:54Z,40.0,291.0,62.0,13.25,257.0,1179.0,0,2025-09-20T04:03:47Z,2025-09-20T07:21:40Z,2025-09-20T14:52:39Z,2025-09-14T19:24:52Z,2025-09-28T09:14:38Z,2025-10-17T16:52:26Z
FC-01738,S127,2025-09-20T16:07:15Z,71.0,383.0,78.0,14.36,409.0,1838.0,0,2025-09-20T02:21:53Z,2025-09-20T07:27:49Z,2025-09-20T14:08:23Z,2025-09-12T00:09:22Z,2025-09-28T07:54:13Z,2025-10-16T20:20:33Z
FC-01739,S103,2025-09-20T16:07:52Z,49.0,325.0,97.0,3.46,396.0,1674.0,0,2025-09-19T20:47:08Z,2025-09-20T00:30:46Z,2025-09-20T15:27:24Z,2025-09-11T11:00:04Z,2025-09-28T03:28:23Z,2025-10-15T16:27:32Z
FC-01740,S132,2025-09-20T16:19:24Z,43.0,377.0,78.0,19.28,322.0,1369.0,0,2025-09-20T00:11:02Z,2025-09-20T08:50:46Z,2025-09-20T14:29:52Z,2025-09-08T01:32:18Z,2025-09-28T02:41:45Z,2025-10-15T20:35:57Z
FC-01741,S154,2025-09-20T16:51:05Z,56.0,384.0,60.0,26.04,403.0,1509.0,0,2025-09-20T03:34:01Z,2025-09-20T11:39:20Z,2025-09-20T15:45:54Z,2025-09-17T05:16:40Z,2025-09-27T20:12:54Z,2025-10-09T19:25:35Z
FC-01742,S112,2025-09-20T17:12:58Z,64.0,437.0,59.0,30.61,345.0,1781.0,0,2025-09-20T06:34:54Z,2025-09-20T10:14:23Z,2025-09-20T16:37:27Z,2025-09-19T12:11:30Z,2025-09-28T03:05:37Z,2025-10-17T20:56:20Z
FC-01743,S119,2025-09-20T17:21:37Z,40.0,336.0,59.0,33.3,312.0,1397.0,0,2025-09-20T08:35:35Z,2025-09-20T04:00:07Z,2025-09-20T16:36:44Z,2025-09-07T02:24:58Z,2025-09-27T17:56:39Z,2025-10-05T07:23:46Z
FC-01744,S102,2025-09-20T17:38:34Z,53.0,341.0,42.0,21.05,318.0,1532.0,1,2025-09-20T14:16:04Z,2025-09-20T13:41:33Z,2025-09-20T16:42:45Z,2025-09-12T22:44:21Z,2025-09-27T18:00:53Z,2025-10-17T22:37:40Z
FC-01745,S108,2025-09-20T17:40:57Z,17.0,90.0,22.0,7.08,114.0,445.0,0,2025-09-20T00:29:29Z,2025-09-20T01:37:42Z,2025-09-20T16:52:25Z,2025-09-10T04:53:45Z,2025-09-28T03:11:22Z,2025-10-11T23:29:46Z
FC-01746,S131,2025-09-20T18:31:01Z,52.0,382.0,39.0,8.85,413.0,1593.0,1,2025-09-20T10:06:34Z,2025-09-20T14:14:35Z,2025-09-20T18:14:55Z,2025-09-15T10:48:59Z,2025-09-28T10:34:01Z,2025-09-28T23:30:48Z
FC-01747,S103,2025-09-20T19:12:09Z,46.0,289.0,36.0,37.71,383.0,1216.0,1,2025-09-20T14:52:06Z,2025-09-20T11:50:51Z,2025-09-20T17:30:38Z,2025-09-11T06:30:39Z,2025-09-27T22:08:06Z,2025-10-10T21:50:06Z
FC-01748,S105,2025-09-20T20:12:57Z,31.0,230.0,30.0,11.54,181.0,951.0,0,2025-09-20T16:57:57Z,2025-09-20T07:43:52Z,2025-09-20T18:53:17Z,2025-09-15T08:28:37Z,2025-09-28T17:11:23Z,2025-10-13T10:09:05Z
FC-01749,S130,2025-09-20T21:13:00Z,51.0,353.0,65.0,19.1,368.0,1328.0,0,2025-09-20T08:09:03Z,2025-09-20T02:46:50Z,2025-09-20T19:52:04Z,2025-09-17T19:14:28Z,2025-09-28T02:48:47Z,2025-10-20T09:55:49Z
FC-01750,S101,2025-09-20T22:09:40Z,30.0,216.0,31.0,32.87,184.0,1021.0,0,2025-09-20T07:36:15Z,2025-09-20T07:01:48Z,2025-09-20T20:34:19Z,2025-09-07T02:33:15Z,2025-09-27T23:15:25Z,2025-10-15T23:57:23Z
FC-01751,S150,2025-09-20T22:42:12Z,71.0,432.0,82.0,4.82,481.0,1991.0,0,2025-09-20T04:55:51Z,2025-09-20T09:01:16Z,2025-09-20T21:16:07Z,2025-09-07T12:18:44Z,2025-09-28T00:47:23Z,2025-10-03T14:16:57Z
FC-01752,S106,2025-09-20T22:55:13Z,27.0,174.0,29.0,35.32,192.0,936.0,0,2025-09-20T09:21:40Z,2025-09-20T12:35:46Z,2025-09-20T21:16:30Z,2025-09-10T03:00:31Z,2025-09-28T14:25:35Z,2025-09-27T01:45:18Z
FC-01753,S145,2025-09-20T23:00:49Z,55.0,373.0,56.0,15.85,364.0,1440.0,0,2025-09-20T13:58:59Z,2025-09-20T09:17:26Z,2025-09-20T22:48:18Z,2025-09-07T05:46:59Z,2025-09-28T10:38:34Z,2025-10-11T14:34:50Z
FC-01754,S149,2025-09-21T00:01:03Z,40.0,306.0,39.0,19.59,393.0,1377.0,1,2025-09-20T13:50:10Z,2025-09-20T06:04:23Z,2025-09-20T22:33:55Z,2025-09-15T01:19:20Z,2025-09-28T14:37:48Z,2025-10-04T19:32:26Z
FC-01755,S111,2025-09-21T01:16:57Z,45.0,297.0,39.0,6.71,264.0,1358.0,1,2025-09-20T07:38:37Z,2025-09-20T11:12:43Z,2025-09-21T01:06:39Z,2025-09-07T07:53:33Z,2025-09-28T05:39:57Z,2025-09-29T08:01:26Z
FC-01756,S121,2025-09-21T01:58:49Z,43.0,309.0,41.0,26.48,265.0,1219.0,0,2025-09-20T23:42:15Z,2025-09-20T07:15:45Z,2025-09-21T00:05:21Z,2025-09-14T09:09:32Z,2025-09-28T19:41:51Z,2025-10-02T12:43:59Z
FC-01757,S124,2025-09-21T02:32:41Z,13.0,105.0,23.0,26.0,102.0,384.0,0,2025-09-20T13:59:57Z,2025-09-20T12:17:55Z,2025-09-21T02:11:56Z,2025-09-11T14:33:03Z,2025-09-28T18:29:20Z,2025-10-11T04:27:19Z
FC-01758,S122,2025-09-21T02:48:29Z,81.0,462.0,135.0,6.07,513.0,2145.0,0,2025-09-20T12:22:17Z,2025-09-20T12:35:09Z,2025-09-21T01:19:46Z,2025-09-15T12:19:56Z,2025-09-28T15:08:11Z,2025-10-01T10:10:33Z
FC-01759,S118,2025-09-21T02:59:26Z,64.0,422.0,94.0,32.37,412.0,1760.0,0,2025-09-20T09:21:28Z,2025-09-20T09:00:02Z,2025-09-21T02:14:41Z,2025-09-16T12:34:01Z,2025-09-28T16:49:54Z,2025-10-03T12:28:57Z
FC-01760,S106,2025-09-21T04:28:34Z,45.0,288.0,37.0,38.31,334.0,1184.0,1,2025-09-20T12:57:51Z,2025-09-20T18:42:16Z,2025-09-21T03:12:24Z,2025-09-19T21:09:00Z,2025-09-28T08:07:42Z,2025-10-05T20:15:51Z
FC-01761,S145,2025-09-21T04:52:28Z,17.0,117.0,30.0,16.96,117.0,554.0,0,2025-09-20T14:43:53Z,2025-09-20T11:42:40Z,2025-09-21T03:24:33Z,2025-09-07T16:01:55Z,2025-09-29T00:52:36Z,2025-10-09T09:42:04Z
FC-01762,S147,2025-09-21T06:17:12Z,48.0,335.0,44.0,8.38,322.0,1302.0,1,2025-09-20T11:47:22Z,2025-09-21T02:57:06Z,2025-09-21T06:07:32Z,2025-09-19T21:00:05Z,2025-09-28T20:35:55Z,2025-10-09T20:26:16Z
FC-01763,S105,2025-09-21T06:46:44Z,34.0,259.0,36.0,29.56,210.0,1025.0,0,2025-09-21T02:30:33Z,2025-09-20T21:54:36Z,2025-09-21T06:21:18Z,2025-09-08T07:36:23Z,2025-09-29T04:57:10Z,2025-09-29T22:56:55Z
FC-01764,S148,2025-09-21T08:00:29Z,46.0,349.0,43.0,10.22,307.0,1530.0,0,2025-09-20T12:38:01Z,2025-09-20T18:26:43Z,2025-09-21T06:20:36Z,2025-09-15T01:04:41Z,2025-09-28T12:10:38Z,2025-10-19T22:52:25Z
FC-01765,S142,2025-09-21T10:23:56Z,33.0,243.0,32.0,4.98,220.0,945.0,1,2025-09-20T21:44:08Z,2025-09-20T15:21:40Z,2025-09-21T10:01:14Z,2025-09-07T10:46:06Z,2025-09-28T17:10:39Z,2025-10-21T06:37:28Z
FC-01766,S124,2025-09-21T10:39:05Z,71.0,553.0,51.0,8.2,469.0,2064.0,1,2025-09-21T01:13:25Z,2025-09-20T17:22:21Z,2025-09-21T10:27:50Z,2025-09-09T10:48:51Z,2025-09-29T08:56:45Z,2025-10-18T21:53:01Z
FC-01767,S123,2025-09-21T11:41:23Z,43.0,243.0,41.0,22.25,246.0,1150.0,0,2025-09-20T22:15:50Z,2025-09-21T01:32:39Z,2025-09-21T10:05:00Z,2025-09-18T05:08:25Z,2025-09-28T22:07:36Z,2025-10-06T16:45:31Z
FC-01768,S159,2025-09-21T13:28:24Z,28.0,186.0,31.0,26.6,187.0,824.0,0,2025-09-21T05:49:46Z,2025-09-20T18:11:43Z,2025-09-21T11:45:02Z,2025-09-09T05:42:44Z,2025-09-29T11:51:02Z,2025-10-08T03:18:53Z
FC-01769,S149,2025-09-21T13:33:54Z,96.0,847.0,133.0,11.62,698.0,3579.0,0,2025-09-21T04:37:40Z,2025-09-21T00:31:27Z,2025-09-21T12:53:27Z,2025-09-17T20:57:12Z,2025-09-29T12:57:42Z,2025-09-30T16:40:17Z
FC-01770,S103,2025-09-21T14:01:43Z,60.0,410.0,100.0,23.91,537.0,2172.0,0,2025-09-21T01:51:29Z,2025-09-21T09:03:06Z,2025-09-21T12:14:08Z,2025-09-20T01:17:30Z,2025-09-29T03:31:00Z,2025-10-15T04:07:05Z
FC-01771,S141,2025-09-21T15:02:19Z,82.0,460.0,122.0,26.05,573.0,2124.0,0,2025-09-21T04:35:33Z,2025-09-20T23:14:32Z,2025-09-21T14:01:16Z,2025-09-13T18:02:52Z,2025-09-29T07:59:24Z,2025-10-11T23:30:18Z
FC-01772,S111,2025-09-21T15:05:53Z,38.0,227.0,31.0,3.07,205.0,1165.0,1,2025-09-20T21:56:31Z,2025-09-20T21:35:25Z,2025-09-21T14:38:49Z,2025-09-15T07:48:11Z,2025-09-29T04:07:22Z,2025-10-07T09:24:35Z
FC-01773,S115,2025-09-21T15:51:31Z,16.0,95.0,21.0,25.18,105.0,459.0,0,2025-09-20T19:55:12Z,2025-09-21T08:28:23Z,2025-09-21T15:19:49Z,2025-09-19T22:25:57Z,2025-09-29T12:21:02Z,2025-10-03T01:42:26Z
FC-01774,S131,2025-09-21T16:23:51Z,81.0,538.0,62.0,14.42,567.0,2424.0,1,2025-09-20T21:16:13Z,2025-09-20T22:17:33Z,2025-09-21T14:51:32Z,2025-09-11T10:32:45Z,2025-09-28T22:10:24Z,2025-10-20T05:52:51Z
FC-01775,S120,2025-09-21T18:00:31Z,90.0,508.0,63.0,8.56,651.0,2564.0,1,2025-09-21T11:16:45Z,2025-09-21T07:16:20Z,2025-09-21T17:16:34Z,2025-09-10T22:43:42Z,2025-09-29T03:43:46Z,2025-10-07T15:04:38Z
FC-01776,S119,2025-09-21T18:03:21Z,37.0,208.0,42.0,37.27,206.0,851.0,0,2025-09-21T04:39:33Z,2025-09-21T02:57:01Z,2025-09-21T17:02:44Z,2025-09-11T03:17:21Z,2025-09-29T15:20:22Z,2025-10-13T02:57:52Z
FC-01777,S157,2025-09-21T18:23:39Z,35.0,232.0,23.0,20.05,198.0,815.0,1,2025-09-21T05:41:34Z,2025-09-21T13:07:23Z,2025-09-21T17:22:39Z,2025-09-13T04:51:02Z,2025-09-29T08:57:27Z,2025-10-07T02:05:59Z
FC-01778,S138,2025-09-21T19:53:55Z,25.0,134.0,17.0,13.26,141.0,668.0,1,2025-09-21T08:20:10Z,2025-09-21T16:17:48Z,2025-09-21T19:24:04Z,2025-09-11T22:20:29Z,2025-09-28T23:40:30Z,2025-10-12T08:03:26Z
FC-01779,S152,2025-09-21T20:08:47Z,47.0,349.0,80.0,29.58,331.0,1504.0,0,2025-09-21T07:20:32Z,2025-09-21T00:30:09Z,2025-09-21T18:11:51Z,2025-09-15T07:00:03Z,2025-09-28T23:20:04Z,2025-09-27T04:27:34Z
FC-01780,S153,2025-09-21T20:22:42Z,49.0,432.0,70.0,12.21,352.0,1618.0,0,2025-09-21T10:12:48Z,2025-09-21T08:27:41Z,2025-09-21T19:00:32Z,2025-09-18T23:12:21Z,2025-09-29T11:52:34Z,2025-09-30T02:19:34Z
FC-01781,S142,2025-09-21T22:51:48Z,13.0,76.0,10.0,18.4,95.0,375.0,1,2025-09-21T13:14:21Z,2025-09-21T06:29:32Z,2025-09-21T21:39:14Z,2025-09-19T19:59:41Z,2025-09-29T03:27:56Z,2025-10-05T23:29:00Z
FC-01782,S101,2025-09-21T22:56:16Z,23.0,170.0,44.0,16.99,227.0,881.0,0,2025-09-21T06:14:54Z,2025-09-21T07:10:23Z,2025-09-21T21:54:28Z,2025-09-20T17:55:41Z,2025-09-29T14:52:24Z,2025-10-03T05:43:46Z
FC-01783,S119,2025-09-21T23:13:07Z,64.0,415.0,98.0,28.16,472.0,1980.0,0,2025-09-21T12:42:01Z,2025-09-21T10:52:50Z,2025-09-21T21:44:32Z,2025-09-15T07:27:55Z,2025-09-29T15:34:21Z,2025-10-04T16:16:11Z
FC-01784,S130,2025-09-21T23:35:20Z,44.0,268.0,50.0,6.1,300.0,1298.0,0,2025-09-21T20:16:32Z,2025-09-21T04:20:56Z,2025-09-21T22:21:25Z,2025-09-10T23:22:17Z,2025-09-29T12:38:44Z,2025-10-14T06:23:46Z
FC-01785,S128,2025-09-21T23:39:50Z,25.0,201.0,20.0,13.92,213.0,860.0,1,2025-09-21T12:37:07Z,2025-09-21T10:11:40Z,2025-09-21T22:09:36Z,2025-09-12T08:22:14Z,2025-09-29T07:41:04Z,2025-10-06T09:19:18Z
FC-01786,S115,2025-09-21T23:54:17Z,36.0,220.0,20.0,12.52,208.0,914.0,1,2025-09-21T19:45:16Z,2025-09-21T19:01:38Z,2025-09-21T23:22:47Z,2025-09-14T17:36:05Z,2025-09-29T20:47:47Z,2025-09-27T00:23:20Z
FC-01787,S146,2025-09-22T01:02:15Z,38.0,278.0,67.0,7.02,301.0,1204.0,0,2025-09-21T08:22:34Z,2025-09-21T22:16:54Z,2025-09-21T23:26:31Z,2025-09-15T23:46:23Z,2025-09-30T00:46:37Z,2025-10-13T04:58:59Z
FC-01788,S118,2025-09-22T01:04:05Z,46.0,293.0,55.0,28.03,260.0,1290.0,0,2025-09-21T15:19:16Z,2025-09-21T09:32:12Z,2025-09-21T23:28:00Z,2025-09-18T22:34:36Z,2025-09-29T12:31:04Z,2025-09-28T06:52:35Z
FC-01789,S151,2025-09-22T01:35:27Z,15.0,93.0,16.0,19.23,93.0,369.0,0,2025-09-21T20:50:31Z,2025-09-21T19:05:12Z,2025-09-22T00:14:01Z,2025-09-09T13:14:33Z,2025-09-29T04:55:01Z,2025-10-03T13:30:44Z
FC-01790,S103,2025-09-22T02:17:41Z,46.0,366.0,39.0,39.78,349.0,1496.0,1,2025-09-21T10:01:00Z,2025-09-21T16:46:05Z,2025-09-22T01:26:10Z,2025-09-18T04:10:33Z,2025-09-29T03:42:42Z,2025-09-29T18:44:35Z
FC-01791,S125,2025-09-22T02:52:38Z,77.0,435.0,42.0,30.28,503.0,2142.0,1,2025-09-21T22:17:09Z,2025-09-21T23:43:33Z,2025-09-22T02:18:53Z,2025-09-12T10:43:44Z,2025-09-29T18:55:08Z,2025-09-30T17:35:02Z
FC-01792,S118,2025-09-22T04:05:06Z,37.0,230.0,45.0,12.28,221.0,913.0,0,2025-09-21T20:17:52Z,2025-09-21T08:22:26Z,2025-09-22T02:34:41Z,2025-09-10T02:11:34Z,2025-09-29T05:27:14Z,2025-10-12T22:23:58Z
FC-01793,S132,2025-09-22T04:43:20Z,26.0,175.0,27.0,4.65,120.0,704.0,0,2025-09-21T11:47:09Z,2025-09-21T12:50:40Z,2025-09-22T04:23:40Z,2025-09-19T05:55:54Z,2025-09-29T05:04:42Z,2025-10-07T02:20:38Z
FC-01794,S151,2025-09-22T05:54:43Z,11.0,82.0,11.0,38.08,83.0,374.0,0,2025-09-22T02:20:51Z,2025-09-21T19:44:55Z,2025-09-22T05:28:51Z,2025-09-17T23:40:19Z,2025-09-29T20:49:38Z,2025-09-28T22:52:44Z
FC-01795,S134,2025-09-22T06:18:27Z,54.0,363.0,49.0,21.78,310.0,1328.0,0,2025-09-21T20:13:21Z,2025-09-21T20:30:03Z,2025-09-22T05:28:44Z,2025-09-20T20:05:22Z,2025-09-30T01:18:46Z,2025-10-11T11:03:35Z
FC-01796,S154,2025-09-22T06:46:42Z,107.0,641.0,119.0,16.59,841.0,3050.0,0,2025-09-21T20:30:21Z,2025-09-22T02:21:01Z,2025-09-22T05:08:05Z,2025-09-14T14:59:12Z,2025-09-29T06:57:18Z,2025-10-11T04:42:58Z
FC-01797,S112,2025-09-22T06:50:07Z,40.0,318.0,54.0,31.44,306.0,1343.0,0,2025-09-21T14:46:25Z,2025-09-21T16:28:42Z,2025-09-22T06:36:27Z,2025-09-11T06:16:03Z,2025-09-29T15:23:21Z,2025-09-28T06:51:09Z
FC-01798,S143,2025-09-22T07:36:03Z,47.0,391.0,37.0,16.62,349.0,1639.0,1,2025-09-21T17:49:51Z,2025-09-21T22:22:48Z,2025-09-22T06:47:34Z,2025-09-11T19:10:29Z,2025-09-29T20:47:32Z,2025-10-06T07:02:38Z
FC-01799,S102,2025-09-22T09:34:33Z,52.0,374.0,42.0,29.92,317.0,1506.0,1,2025-09-21T17:16:50Z,2025-09-21T23:54:50Z,2025-09-22T07:35:19Z,2025-09-10T10:08:33Z,2025-09-30T04:27:45Z,2025-10-01T09:02:29Z
FC-01800,S101,2025-09-22T10:50:10Z,83.0,627.0,79.0,18.07,618.0,2459.0,1,2025-09-21T16:18:59Z,2025-09-21T19:57:55Z,2025-09-22T09:46:54Z,2025-09-19T15:30:59Z,2025-09-30T09:39:15Z,2025-10-13T17:09:24Z
FC-01801,S124,2025-09-22T11:22:01Z,72.0,574.0,123.0,15.04,548.0,2127.0,0,2025-09-21T15:45:13Z,2025-09-21T17:14:43Z,2025-09-22T09:26:08Z,2025-09-18T21:17:41Z,2025-09-29T18:31:42Z,2025-10-12T02:33:52Z
FC-01802,S116,2025-09-22T12:54:40Z,11.0,96.0,10.0,16.33,98.0,414.0,1,2025-09-22T10:35:45Z,2025-09-21T19:23:41Z,2025-09-22T12:31:20Z,2025-09-15T10:40:44Z,2025-09-30T00:07:13Z,2025-10-15T03:26:06Z
FC-01803,S119,2025-09-22T13:07:00Z,9.0,72.0,14.0,38.27,69.0,256.0,0,2025-09-21T23:28:08Z,2025-09-22T04:03:51Z,2025-09-22T12:00:16Z,2025-09-11T01:01:59Z,2025-09-29T18:46:43Z,2025-10-12T09:13:42Z
FC-01804,S152,2025-09-22T13:08:03Z,18.0,141.0,20.0,13.13,125.0,564.0,0,2025-09-22T07:43:01Z,2025-09-22T04:51:35Z,2025-09-22T12:16:22Z,2025-09-14T05:33:19Z,2025-09-30T05:49:55Z,2025-10-04T10:41:12Z
FC-01805,S143,2025-09-22T13:17:37Z,32.0,247.0,35.0,19.01,223.0,1046.0,0,2025-09-21T18:18:05Z,2025-09-22T03:07:21Z,2025-09-22T11:17:37Z,2025-09-17T03:27:30Z,2025-09-30T07:00:07Z,2025-10-12T20:38:13Z
FC-01806,S148,2025-09-22T13:45:44Z,26.0,177.0,18.0,22.19,194.0,878.0,1,2025-09-22T10:45:16Z,2025-09-22T02:00:22Z,2025-09-22T12:58:47Z,2025-09-13T13:05:37Z,2025-09-29T14:20:48Z,2025-10-06T01:30:24Z
FC-01807,S112,2025-09-22T13:56:15Z,27.0,228.0,19.0,32.01,169.0,927.0,1,2025-09-22T09:38:50Z,2025-09-22T04:13:18Z,2025-09-22T13:00:03Z,2025-09-17T21:57:17Z,2025-09-29T23:42:47Z,2025-10-08T07:48:30Z
FC-01808,S117,2025-09-22T14:09:54Z,30.0,198.0,19.0,25.06,229.0,755.0,1,2025-09-22T06:31:40Z,2025-09-22T00:38:43Z,2025-09-22T13:07:52Z,2025-09-20T08:20:53Z,2025-09-29T16:02:05Z,2025-10-11T06:55:36Z
FC-01809,S139,2025-09-22T14:21:26Z,73.0,505.0,133.0,39.78,497.0,2101.0,0,2025-09-21T23:43:44Z,2025-09-21T21:44:21Z,2025-09-22T12:57:19Z,2025-09-15T03:42:18Z,2025-09-30T10:11:00Z,2025-09-27T21:20:05Z
FC-01810,S148,2025-09-22T14:52:02Z,38.0,283.0,32.0,34.86,249.0,1037.0,1,2025-09-21T23:12:19Z,2025-09-22T00:23:49Z,2025-09-22T12:54:13Z,2025-09-20T17:13:24Z,2025-09-30T12:38:42Z,2025-10-19T07:16:36Z
FC-01811,S101,2025-09-22T15:02:52Z,18.0,153.0,19.0,31.19,176.0,674.0,1,2025-09-21T20:23:25Z,2025-09-22T01:28:05Z,2025-09-22T13:22:27Z,2025-09-16T06:32:07Z,2025-09-29T21:56:03Z,2025-10-11T11:54:27Z
FC-01812,S128,2025-09-22T16:44:28Z,84.0,718.0,113.0,2.92,618.0,3121.0,0,2025-09-22T01:33:58Z,2025-09-22T09:05:36Z,2025-09-22T16:36:40Z,2025-09-17T15:03:46Z,2025-09-30T08:20:48Z,2025-10-19T23:01:12Z
FC-01813,S157,2025-09-22T17:12:30Z,77.0,656.0,159.0,8.71,573.0,2811.0,0,2025-09-22T00:24:27Z,2025-09-22T03:07:31Z,2025-09-22T16:26:53Z,2025-09-15T00:52:46Z,2025-09-30T02:03:35Z,2025-10-19T10:11:09Z
FC-01814,S134,2025-09-22T19:04:45Z,12.0,100.0,14.0,12.32,101.0,397.0,0,2025-09-22T10:53:50Z,2025-09-21T23:23:18Z,2025-09-22T17:53:25Z,2025-09-09T02:28:21Z,2025-09-30T10:22:49Z,2025-10-09T03:08:45Z
FC-01815,S135,2025-09-22T19:52:48Z,57.0,521.0,52.0,24.08,478.0,1950.0,1,2025-09-22T17:17:17Z,2025-09-22T07:32:27Z,2025-09-22T18:12:20Z,2025-09-11T17:07:14Z,2025-09-30T09:41:56Z,2025-10-02T20:01:40Z
FC-01816,S152,2025-09-22T19:55:43Z,126.0,794.0,188.0,3.74,1033.0,3514.0,0,2025-09-22T07:50:19Z,2025-09-22T06:30:07Z,2025-09-22T19:06:39Z,2025-09-11T00:55:40Z,2025-09-30T18:25:45Z,2025-09-28T14:53:41Z
FC-01817,S152,2025-09-22T20:17:54Z,64.0,375.0,59.0,38.56,356.0,1840.0,0,2025-09-22T17:10:18Z,2025-09-22T08:05:09Z,2025-09-22T19:07:15Z,2025-09-09T19:55:49Z,2025-09-30T12:08:23Z,2025-09-30T14:02:42Z
FC-01818,S152,2025-09-22T21:15:20Z,54.0,484.0,113.0,14.93,437.0,1948.0,0,2025-09-22T12:41:30Z,2025-09-22T17:57:59Z,2025-09-22T20:09:25Z,2025-09-18T06:58:48Z,2025-09-29T22:28:39Z,2025-10-19T05:51:33Z
FC-01819,S136,2025-09-22T22:21:29Z,72.0,524.0,123.0,34.35,448.0,1875.0,0,2025-09-22T14:23:05Z,2025-09-22T18:47:02Z,2025-09-22T21:15:12Z,2025-09-21T10:20:28Z,2025-09-30T07:03:29Z,2025-10-02T20:46:12Z
FC-01820,S155,2025-09-22T22:22:36Z,16.0,137.0,23.0,2.22,114.0,574.0,0,2025-09-22T15:18:45Z,2025-09-22T20:14:19Z,2025-09-22T21:54:43Z,2025-09-21T20:32:53Z,2025-09-30T12:02:21Z,2025-10-16T19:05:51Z
FC-01821,S125,2025-09-22T22:26:06Z,109.0,676.0,122.0,5.19,659.0,2789.0,0,2025-09-22T05:47:53Z,2025-09-22T06:46:18Z,2025-09-22T20:58:46Z,2025-09-21T00:47:20Z,2025-09-30T09:19:30Z,2025-10-18T14:30:42Z
FC-01822,S123,2025-09-23T01:27:23Z,67.0,374.0,61.0,19.2,474.0,1625.0,0,2025-09-22T12:03:13Z,2025-09-22T08:15:51Z,2025-09-23T00:04:51Z,2025-09-09T18:08:07Z,2025-09-30T06:15:35Z,2025-10-02T18:42:56Z
FC-01823,S156,2025-09-23T01:27:48Z,35.0,313.0,34.0,15.88,250.0,1085.0,1,2025-09-22T11:14:05Z,2025-09-22T07:39:35Z,2025-09-23T00:46:00Z,2025-09-18T16:41:55Z,2025-09-30T20:58:05Z,2025-10-15T09:58:28Z
FC-01824,S153,2025-09-23T01:30:52Z,17.0,131.0,24.0,15.85,112.0,522.0,0,2025-09-22T22:48:25Z,2025-09-22T15:24:17Z,2025-09-23T00:57:30Z,2025-09-20T16:44:43Z,2025-09-30T20:24:41Z,2025-10-14T02:37:31Z
FC-01825,S146,2025-09-23T01:34:25Z,95.0,579.0,128.0,34.25,566.0,2486.0,0,2025-09-22T07:29:24Z,2025-09-22T21:24:34Z,2025-09-23T00:42:38Z,2025-09-16T03:39:43Z,2025-09-30T08:08:52Z,2025-10-03T03:29:14Z
FC-01826,S158,2025-09-23T01:52:40Z,59.0,316.0,92.0,8.05,349.0,1708.0,0,2025-09-22T20:03:45Z,2025-09-22T20:57:34Z,2025-09-23T00:33:54Z,2025-09-09T21:07:26Z,2025-09-30T17:45:28Z,2025-10-10T00:53:19Z
FC-01827,S150,2025-09-23T01:55:24Z,53.0,498.0,75.0,24.38,401.0,2134.0,0,2025-09-22T09:13:53Z,2025-09-22T19:52:46Z,2025-09-23T01:03:10Z,2025-09-16T15:23:52Z,2025-09-30T15:27:13Z,2025-09-28T20:05:33Z
FC-01828,S101,2025-09-23T01:56:05Z,64.0,426.0,64.0,28.78,456.0,2157.0,0,2025-09-22T07:25:19Z,2025-09-22T14:02:59Z,2025-09-23T00:00:43Z,2025-09-13T07:12:00Z,2025-09-30T10:23:07Z,2025-09-30T20:35:16Z
FC-01829,S113,2025-09-23T02:38:24Z,39.0,252.0,48.0,4.71,266.0,1001.0,0,2025-09-22T23:30:09Z,2025-09-22T16:24:46Z,2025-09-23T01:47:05Z,2025-09-15T04:23:22Z,2025-09-30T20:27:36Z,2025-10-01T22:49:32Z
FC-01830,S151,2025-09-23T03:21:47Z,32.0,243.0,28.0,18.0,260.0,1081.0,1,2025-09-22T23:24:27Z,2025-09-22T18:57:56Z,2025-09-23T03:05:15Z,2025-09-10T23:28:19Z,2025-09-30T12:31:26Z,2025-10-19T08:51:57Z
FC-01831,S108,2025-09-23T03:26:25Z,71.0,515.0,63.0,11.33,475.0,1954.0,1,2025-09-22T22:19:21Z,2025-09-22T11:23:32Z,2025-09-23T02:41:27Z,2025-09-16T15:25:31Z,2025-09-30T17:19:18Z,2025-10-20T23:39:57Z
FC-01832,S156,2025-09-23T03:32:03Z,53.0,291.0,38.0,12.15,355.0,1250.0,1,2025-09-22T11:26:47Z,2025-09-23T00:56:06Z,2025-09-23T02:21:26Z,2025-09-18T17:53:19Z,2025-09-30T06:54:57Z,2025-10-02T00:50:32Z
FC-01833,S140,2025-09-23T04:37:46Z,37.0,318.0,55.0,36.64,291.0,1227.0,0,2025-09-22T13:13:57Z,2025-09-22T18:44:30Z,2025-09-23T04:25:27Z,2025-09-20T21:28:40Z,2025-09-30T07:41:42Z,2025-10-06T03:07:43Z
FC-01834,S127,2025-09-23T05:07:01Z,27.0,201.0,41.0,26.27,192.0,797.0,0,2025-09-22T10:38:45Z,2025-09-22T23:27:46Z,2025-09-23T03:20:38Z,2025-09-17T05:08:16Z,2025-09-30T18:32:05Z,2025-10-10T01:36:20Z
FC-01835,S123,2025-09-23T05:43:54Z,50.0,335.0,96.0,35.41,457.0,1721.0,0,2025-09-22T13:00:12Z,2025-09-22T09:51:53Z,2025-09-23T04:59:57Z,2025-09-17T02:08:14Z,2025-09-30T08:36:33Z,2025-10-21T09:26:06Z
FC-01836,S151,2025-09-23T06:36:39Z,53.0,296.0,81.0,32.03,279.0,1400.0,0,2025-09-23T02:42:56Z,2025-09-23T00:48:13Z,2025-09-23T05:14:16Z,2025-09-15T14:19:43Z,2025-09-30T14:41:40Z,2025-10-01T21:06:19Z
FC-01837,S106,2025-09-23T07:58:32Z,20.0,174.0,37.0,8.91,163.0,680.0,0,2025-09-22T16:46:12Z,2025-09-22T18:34:47Z,2025-09-23T06:45:07Z,2025-09-20T03:35:17Z,2025-09-30T20:36:32Z,2025-10-04T05:11:25Z
FC-01838,S122,2025-09-23T08:25:59Z,61.0,313.0,83.0,29.74,355.0,1537.0,0,2025-09-23T03:20:26Z,2025-09-22T16:08:29Z,2025-09-23T06:41:58Z,2025-09-14T21:56:04Z,2025-10-01T07:29:28Z,2025-10-16T20:41:21Z
FC-01839,S121,2025-09-23T09:24:10Z,42.0,266.0,50.0,4.71,249.0,1308.0,0,2025-09-22T21:11:32Z,2025-09-22T16:32:52Z,2025-09-23T08:54:01Z,2025-09-17T14:47:06Z,2025-09-30T10:30:04Z,2025-10-04T04:28:56Z
FC-01840,S144,2025-09-23T10:15:06Z,59.0,490.0,78.0,17.35,519.0,1859.0,0,2025-09-22T17:53:37Z,2025-09-22T20:58:17Z,2025-09-23T09:36:05Z,2025-09-12T08:56:36Z,2025-09-30T17:51:59Z,2025-09-28T23:52:11Z
FC-01841,S144,2025-09-23T10:21:26Z,84.0,446.0,72.0,5.33,549.0,2104.0,0,2025-09-22T20:33:59Z,2025-09-22T23:13:03Z,2025-09-23T10:03:42Z,2025-09-14T05:17:19Z,2025-10-01T00:53:46Z,2025-10-19T00:31:40Z
FC-01842,S155,2025-09-23T11:08:11Z,13.0,98.0,14.0,26.09,78.0,433.0,0,2025-09-23T08:19:47Z,2025-09-23T08:14:12Z,2025-09-23T10:27:50Z,2025-09-12T04:55:44Z,2025-09-30T12:42:59Z,2025-10-18T04:30:53Z
FC-01843,S125,2025-09-23T11:41:03Z,24.0,166.0,16.0,33.95,118.0,624.0,1,2025-09-23T06:31:38Z,2025-09-22T22:57:37Z,2025-09-23T10:00:42Z,2025-09-19T03:39:28Z,2025-09-30T18:26:03Z,2025-10-03T20:01:35Z
FC-01844,S104,2025-09-23T11:54:41Z,38.0,299.0,36.0,18.99,381.0,1482.0,1,2025-09-22T21:35:27Z,2025-09-23T07:59:51Z,2025-09-23T11:26:33Z,2025-09-19T18:54:05Z,2025-10-01T04:45:23Z,2025-10-03T10:53:02Z
FC-01845,S121,2025-09-23T12:49:14Z,30.0,205.0,25.0,21.67,211.0,796.0,1,2025-09-22T23:24:56Z,2025-09-22T23:11:57Z,2025-09-23T10:52:55Z,2025-09-21T10:36:53Z,2025-09-30T17:48:33Z,2025-09-30T08:04:50Z
FC-01846,S100,2025-09-23T14:26:15Z,34.0,244.0,48.0,35.98,218.0,1058.0,0,2025-09-22T22:49:20Z,2025-09-22T23:08:38Z,2025-09-23T13:45:56Z,2025-09-17T00:55:15Z,2025-10-01T11:12:50Z,2025-10-07T23:35:51Z
FC-01847,S139,2025-09-23T14:50:48Z,39.0,273.0,61.0,18.67,290.0,1406.0,0,2025-09-23T00:17:31Z,2025-09-22T20:11:42Z,2025-09-23T14:31:50Z,2025-09-16T20:43:09Z,2025-10-01T08:55:11Z,2025-10-23T14:00:57Z
FC-01848,S105,2025-09-23T14:53:04Z,66.0,456.0,91.0,28.7,542.0,2054.0,0,2025-09-23T08:26:00Z,2025-09-22T19:00:02Z,2025-09-23T13:07:59Z,2025-09-17T23:26:17Z,2025-10-01T05:25:58Z,2025-10-03T12:52:25Z
FC-01849,S112,2025-09-23T15:08:18Z,25.0,228.0,43.0,28.36,213.0,876.0,0,2025-09-22T21:45:59Z,2025-09-23T03:46:39Z,2025-09-23T14:21:44Z,2025-09-18T04:31:48Z,2025-10-01T09:09:50Z,2025-10-10T03:29:49Z
FC-01850,S132,2025-09-23T16:29:36Z,64.0,455.0,44.0,27.66,375.0,1807.0,1,2025-09-22T21:50:42Z,2025-09-23T14:17:39Z,2025-09-23T16:02:54Z,2025-09-09T16:59:17Z,2025-10-01T11:13:24Z,2025-09-30T17:20:40Z
FC-01851,S138,2025-09-23T16:31:15Z,80.0,510.0,92.0,37.65,548.0,2576.0,0,2025-09-23T11:20:42Z,2025-09-23T09:39:17Z,2025-09-23T14:57:53Z,2025-09-13T00:48:43Z,2025-10-01T04:17:12Z,2025-10-22T02:28:46Z
FC-01852,S105,2025-09-23T16:47:10Z,40.0,366.0,34.0,25.15,278.0,1511.0,1,2025-09-23T04:56:47Z,2025-09-22T22:06:24Z,2025-09-23T15:19:11Z,2025-09-12T20:12:27Z,2025-10-01T13:48:31Z,2025-10-09T11:42:46Z
FC-01853,S143,2025-09-23T17:02:48Z,47.0,340.0,49.0,30.95,295.0,1519.0,0,2025-09-23T11:05:12Z,2025-09-22T23:34:20Z,2025-09-23T15:21:42Z,2025-09-18T10:58:50Z,2025-10-01T12:49:12Z,2025-10-16T14:08:43Z
FC-01854,S111,2025-09-23T17:03:20Z,56.0,395.0,79.0,9.5,355.0,1536.0,0,2025-09-23T02:53:47Z,2025-09-23T05:51:58Z,2025-09-23T15:52:16Z,2025-09-17T10:45:23Z,2025-09-30T19:59:57Z,2025-10-06T14:26:39Z
FC-01855,S142,2025-09-23T18:36:48Z,65.0,435.0,70.0,8.83,400.0,2064.0,0,2025-09-23T06:00:21Z,2025-09-23T09:55:59Z,2025-09-23T17:20:43Z,2025-09-18T03:07:25Z,2025-10-01T03:45:36Z,2025-10-10T05:08:21Z
FC-01856,S129,2025-09-23T18:57:24Z,46.0,378.0,58.0,4.45,385.0,1459.0,0,2025-09-23T10:31:47Z,2025-09-22T23:52:58Z,2025-09-23T17:02:39Z,2025-09-20T11:12:42Z,2025-10-01T06:52:21Z,2025-10-05T15:45:40Z
FC-01857,S133,2025-09-23T19:27:13Z,71.0,409.0,107.0,37.89,348.0,1825.0,0,2025-09-23T12:33:03Z,2025-09-23T16:12:17Z,2025-09-23T17:57:19Z,2025-09-21T08:07:29Z,2025-09-30T20:09:28Z,2025-10-21T00:42:26Z
FC-01858,S146,2025-09-23T19:34:47Z,28.0,235.0,25.0,17.08,167.0,832.0,1,2025-09-23T12:12:29Z,2025-09-23T12:37:35Z,2025-09-23T18:50:12Z,2025-09-20T02:32:08Z,2025-10-01T14:07:31Z,2025-09-29T09:22:58Z
FC-01859,S143,2025-09-23T19:43:55Z,73.0,627.0,109.0,26.11,739.0,2706.0,0,2025-09-23T06:03:46Z,2025-09-23T12:54:02Z,2025-09-23T18:34:21Z,2025-09-17T04:33:20Z,2025-10-01T08:40:11Z,2025-10-06T21:45:13Z
FC-01860,S138,2025-09-23T20:06:56Z,33.0,264.0,35.0,29.34,202.0,969.0,1,2025-09-23T07:39:58Z,2025-09-23T09:13:03Z,2025-09-23T19:46:46Z,2025-09-14T01:14:39Z,2025-10-01T12:24:53Z,2025-10-02T19:29:58Z
FC-01861,S102,2025-09-23T20:07:42Z,13.0,123.0,13.0,17.32,110.0,473.0,1,2025-09-23T07:32:01Z,2025-09-23T02:38:58Z,2025-09-23T19:57:47Z,2025-09-13T05:41:38Z,2025-10-01T16:52:15Z,2025-10-06T06:10:41Z
FC-01862,S116,2025-09-23T21:19:05Z,22.0,151.0,35.0,18.16,127.0,670.0,0,2025-09-23T10:48:50Z,2025-09-23T16:49:48Z,2025-09-23T20:19:02Z,2025-09-15T18:41:42Z,2025-09-30T22:06:50Z,2025-09-29T12:31:02Z
FC-01863,S126,2025-09-23T21:22:34Z,74.0,567.0,123.0,6.06,572.0,2080.0,0,2025-09-23T16:55:55Z,2025-09-23T07:12:34Z,2025-09-23T20:09:41Z,2025-09-17T11:08:36Z,2025-10-01T05:26:28Z,2025-10-14T19:09:43Z
FC-01864,S109,2025-09-23T23:06:58Z,16.0,146.0,32.0,38.28,114.0,599.0,0,2025-09-23T03:13:41Z,2025-09-23T18:43:12Z,2025-09-23T21:55:50Z,2025-09-21T16:08:34Z,2025-10-01T16:08:10Z,2025-10-18T17:46:43Z
FC-01865,S132,2025-09-24T00:16:19Z,84.0,706.0,119.0,5.54,662.0,2718.0,0,2025-09-23T08:12:37Z,2025-09-23T05:37:56Z,2025-09-23T23:49:14Z,2025-09-12T14:02:07Z,2025-10-01T07:02:10Z,2025-10-07T20:38:42Z
FC-01866,S103,2025-09-24T01:20:30Z,38.0,230.0,57.0,21.51,273.0,1136.0,0,2025-09-23T21:14:48Z,2025-09-23T16:42:56Z,2025-09-24T00:44:41Z,2025-09-12T23:03:28Z,2025-10-01T20:30:58Z,2025-10-04T20:36:47Z
FC-01867,S106,2025-09-24T01:40:33Z,73.0,490.0,47.0,10.96,389.0,1725.0,1,2025-09-23T12:41:35Z,2025-09-23T22:38:00Z,2025-09-24T00:14:51Z,2025-09-15T15:44:43Z,2025-10-01T10:53:30Z,2025-10-13T17:13:46Z
FC-01868,S155,2025-09-24T01:54:59Z,42.0,421.0,38.0,34.45,312.0,1703.0,1,2025-09-23T14:58:27Z,2025-09-23T15:34:29Z,2025-09-24T00:56:06Z,2025-09-22T04:53:59Z,2025-10-01T05:13:13Z,2025-10-22T06:40:38Z
FC-01869,S140,2025-09-24T02:01:55Z,37.0,269.0,54.0,4.21,226.0,1082.0,0,2025-09-23T19:10:46Z,2025-09-23T15:34:40Z,2025-09-24T00:06:44Z,2025-09-19T14:03:04Z,2025-10-01T03:13:45Z,2025-10-14T09:29:09Z
FC-01870,S156,2025-09-24T02:50:55Z,48.0,334.0,75.0,25.45,392.0,1649.0,0,2025-09-23T13:43:54Z,2025-09-23T13:51:19Z,2025-09-24T01:37:50Z,2025-09-10T20:41:35Z,2025-10-01T03:42:05Z,2025-10-23T20:36:49Z
FC-01871,S101,2025-09-24T03:32:18Z,36.0,227.0,60.0,13.76,269.0,988.0,0,2025-09-23T13:18:32Z,2025-09-23T10:28:33Z,2025-09-24T02:43:51Z,2025-09-17T08:17:10Z,2025-10-02T01:09:07Z,2025-10-02T13:41:51Z
FC-01872,S157,2025-09-24T04:25:11Z,22.0,137.0,29.0,29.69,145.0,674.0,0,2025-09-23T14:22:47Z,2025-09-24T01:53:08Z,2025-09-24T02:31:30Z,2025-09-14T04:01:00Z,2025-10-01T18:44:54Z,2025-10-16T15:01:37Z
FC-01873,S107,2025-09-24T04:47:52Z,75.0,584.0,76.0,38.06,456.0,2355.0,0,2025-09-23T09:11:06Z,2025-09-23T23:25:44Z,2025-09-24T02:48:25Z,2025-09-12T01:11:54Z,2025-10-02T02:42:57Z,2025-10-05T13:14:46Z
FC-01874,S144,2025-09-24T05:12:01Z,74.0,501.0,79.0,36.77,432.0,2179.0,0,2025-09-23T10:38:00Z,2025-09-23T12:42:46Z,2025-09-24T04:17:32Z,2025-09-17T18:19:12Z,2025-10-01T05:15:09Z,2025-10-20T01:04:39Z
FC-01875,S125,2025-09-24T05:44:46Z,29.0,144.0,34.0,10.59,150.0,674.0,0,2025-09-24T00:53:57Z,2025-09-23T09:58:15Z,2025-09-24T03:47:22Z,2025-09-13T13:43:13Z,2025-10-01T14:06:19Z,2025-10-13T17:17:39Z
FC-01876,S116,2025-09-24T06:50:48Z,48.0,412.0,40.0,5.6,432.0,1666.0,1,2025-09-23T22:12:28Z,2025-09-23T18:27:14Z,2025-09-24T05:56:29Z,2025-09-11T19:02:15Z,2025-10-01T15:19:16Z,2025-10-01T22:31:50Z
FC-01877,S149,2025-09-24T08:21:31Z,25.0,195.0,39.0,19.09,222.0,814.0,0,2025-09-23T18:33:19Z,2025-09-23T23:15:48Z,2025-09-24T06:41:29Z,2025-09-16T01:24:35Z,2025-10-01T14:01:07Z,2025-10-20T21:50:06Z
FC-01878,S104,2025-09-24T09:17:04Z,42.0,364.0,68.0,3.56,340.0,1290.0,0,2025-09-24T00:25:14Z,2025-09-23T20:02:06Z,2025-09-24T07:49:25Z,2025-09-19T12:08:45Z,2025-10-02T02:38:37Z,2025-10-01T02:41:27Z
FC-01879,S115,2025-09-24T09:29:24Z,62.0,405.0,66.0,38.43,411.0,1466.0,0,2025-09-24T02:48:56Z,2025-09-23T23:54:00Z,2025-09-24T08:14:53Z,2025-09-19T05:52:24Z,2025-10-01T09:47:42Z,2025-10-14T14:45:19Z
FC-01880,S114,2025-09-24T10:07:27Z,60.0,408.0,88.0,21.99,508.0,1879.0,0,2025-09-24T00:09:52Z,2025-09-23T21:56:24Z,2025-09-24T10:01:18Z,2025-09-21T22:02:04Z,2025-10-01T16:26:55Z,2025-10-23T00:30:51Z
FC-01881,S154,2025-09-24T10:39:24Z,60.0,464.0,80.0,19.76,563.0,2226.0,0,2025-09-24T06:46:18Z,2025-09-23T15:42:01Z,2025-09-24T09:51:03Z,2025-09-19T06:03:56Z,2025-10-02T07:55:34Z,2025-09-30T15:43:47Z
FC-01882,S124,2025-09-24T11:37:54Z,52.0,328.0,77.0,8.35,345.0,1266.0,0,2025-09-24T08:49:57Z,2025-09-24T01:57:24Z,2025-09-24T10:10:07Z,2025-09-22T00:31:55Z,2025-10-01T12:30:37Z,2025-10-08T22:46:37Z
FC-01883,S137,2025-09-24T12:06:44Z,56.0,445.0,77.0,11.31,434.0,1958.0,0,2025-09-23T22:35:22Z,2025-09-23T17:16:41Z,2025-09-24T10:56:21Z,2025-09-11T04:51:36Z,2025-10-01T22:24:24Z,2025-10-15T08:41:24Z
FC-01884,S152,2025-09-24T12:06:47Z,40.0,304.0,26.0,3.36,313.0,1342.0,1,2025-09-24T06:18:50Z,2025-09-24T01:36:13Z,2025-09-24T11:38:32Z,2025-09-18T18:10:34Z,2025-10-01T14:03:43Z,2025-10-01T20:48:21Z
FC-01885,S103,2025-09-24T12:47:47Z,29.0,217.0,26.0,2.86,219.0,875.0,1,2025-09-24T08:23:04Z,2025-09-24T06:50:33Z,2025-09-24T11:17:14Z,2025-09-17T06:29:36Z,2025-10-01T14:40:35Z,2025-10-08T14:17:34Z
FC-01886,S138,2025-09-24T13:11:21Z,29.0,165.0,20.0,19.1,166.0,809.0,1,2025-09-23T19:35:21Z,2025-09-23T23:16:14Z,2025-09-24T12:05:51Z,2025-09-17T04:30:49Z,2025-10-01T14:00:53Z,2025-10-17T10:43:58Z
FC-01887,S121,2025-09-24T13:13:26Z,41.0,367.0,78.0,21.17,331.0,1421.0,0,2025-09-24T10:54:05Z,2025-09-24T08:19:44Z,2025-09-24T11:55:13Z,2025-09-23T01:04:51Z,2025-10-02T01:30:36Z,2025-10-06T02:08:22Z
FC-01888,S150,2025-09-24T14:19:47Z,38.0,285.0,49.0,19.85,352.0,1463.0,0,2025-09-24T08:35:42Z,2025-09-24T08:55:32Z,2025-09-24T13:25:02Z,2025-09-17T14:20:27Z,2025-10-01T17:40:26Z,2025-10-11T14:06:32Z
FC-01889,S110,2025-09-24T14:39:28Z,56.0,320.0,46.0,2.31,412.0,1596.0,1,2025-09-24T09:34:22Z,2025-09-24T12:03:02Z,2025-09-24T12:39:55Z,2025-09-19T18:33:33Z,2025-10-02T03:43:27Z,2025-10-03T05:04:50Z
FC-01890,S116,2025-09-24T15:48:46Z,54.0,367.0,93.0,36.72,417.0,1548.0,0,2025-09-24T02:53:22Z,2025-09-24T12:00:39Z,2025-09-24T14:54:36Z,2025-09-23T10:42:32Z,2025-10-02T00:42:20Z,2025-10-14T12:36:44Z
FC-01891,S120,2025-09-24T16:23:20Z,51.0,418.0,85.0,32.26,411.0,1675.0,0,2025-09-23T23:33:27Z,2025-09-24T09:39:55Z,2025-09-24T15:56:04Z,2025-09-19T19:20:11Z,2025-10-02T09:41:30Z,2025-10-16T10:20:50Z
FC-01892,S157,2025-09-24T18:50:47Z,42.0,380.0,70.0,26.01,374.0,1562.0,0,2025-09-24T14:10:31Z,2025-09-24T11:37:52Z,2025-09-24T17:22:03Z,2025-09-18T19:32:58Z,2025-10-02T08:41:27Z,2025-10-21T17:33:33Z
FC-01893,S118,2025-09-24T21:21:02Z,42.0,326.0,58.0,20.11,329.0,1363.0,0,2025-09-24T04:52:32Z,2025-09-24T04:16:49Z,2025-09-24T20:32:14Z,2025-09-19T00:47:19Z,2025-10-02T05:06:55Z,2025-10-14T04:23:18Z
FC-01894,S136,2025-09-24T21:32:38Z,45.0,313.0,47.0,3.56,303.0,1144.0,0,2025-09-24T15:24:40Z,2025-09-24T02:17:46Z,2025-09-24T19:34:21Z,2025-09-13T04:20:10Z,2025-10-02T14:28:00Z,2025-10-08T21:05:34Z
FC-01895,S136,2025-09-24T22:08:47Z,49.0,398.0,81.0,28.4,337.0,1379.0,0,2025-09-24T18:27:14Z,2025-09-24T19:45:50Z,2025-09-24T21:06:24Z,2025-09-16T01:39:58Z,2025-10-02T01:43:43Z,2025-10-24T14:51:34Z
FC-01896,S159,2025-09-24T22:20:02Z,30.0,270.0,23.0,26.5,243.0,965.0,1,2025-09-24T20:06:57Z,2025-09-24T08:44:57Z,2025-09-24T20:42:32Z,2025-09-14T05:43:27Z,2025-10-01T23:30:33Z,2025-10-02T10:54:09Z
FC-01897,S144,2025-09-24T23:04:13Z,74.0,559.0,71.0,27.41,541.0,2026.0,1,2025-09-24T05:44:45Z,2025-09-24T09:54:12Z,2025-09-24T22:11:00Z,2025-09-20T21:28:15Z,2025-10-02T13:02:59Z,2025-10-13T20:45:02Z
FC-01898,S117,2025-09-24T23:50:18Z,29.0,198.0,55.0,13.33,237.0,1002.0,0,2025-09-24T13:58:25Z,2025-09-24T17:18:15Z,2025-09-24T23:02:41Z,2025-09-23T22:20:25Z,2025-10-02T17:29:14Z,2025-10-17T05:59:28Z
FC-01899,S157,2025-09-25T00:42:40Z,70.0,571.0,67.0,13.57,549.0,2392.0,1,2025-09-24T19:57:10Z,2025-09-24T11:17:16Z,2025-09-25T00:18:02Z,2025-09-11T08:30:15Z,2025-10-02T02:49:53Z,2025-10-22T10:19:17Z
FC-01900,S128,2025-09-25T03:09:43Z,27.0,226.0,52.0,37.54,208.0,894.0,0,2025-09-24T21:15:31Z,2025-09-24T07:18:38Z,2025-09-25T02:30:26Z,2025-09-11T19:06:20Z,2025-10-02T22:14:18Z,2025-10-21T14:46:30Z
FC-01901,S120,2025-09-25T03:18:59Z,42.0,315.0,68.0,31.32,286.0,1191.0,0,2025-09-24T16:25:08Z,2025-09-24T16:47:22Z,2025-09-25T02:11:23Z,2025-09-11T10:47:08Z,2025-10-02T15:30:00Z,2025-10-19T06:36:33Z
FC-01902,S100,2025-09-25T03:34:48Z,69.0,383.0,102.0,2.33,394.0,1763.0,0,2025-09-24T17:28:43Z,2025-09-24T23:31:11Z,2025-09-25T02:43:17Z,2025-09-18T16:58:11Z,2025-10-03T01:40:26Z,2025-10-19T12:12:57Z
FC-01903,S126,2025-09-25T04:06:15Z,85.0,541.0,96.0,6.09,556.0,2186.0,0,2025-09-25T00:20:28Z,2025-09-24T13:56:09Z,2025-09-25T03:29:42Z,2025-09-22T04:58:44Z,2025-10-02T21:53:26Z,2025-10-17T06:08:13Z
FC-01904,S125,2025-09-25T04:39:35Z,50.0,397.0,66.0,2.89,316.0,1792.0,0,2025-09-24T09:19:55Z,2025-09-25T02:21:19Z,2025-09-25T02:43:38Z,2025-09-12T01:53:33Z,2025-10-02T23:38:29Z,2025-10-08T06:44:50Z
FC-01905,S102,2025-09-25T04:45:56Z,77.0,464.0,124.0,6.17,524.0,2226.0,0,2025-09-24T19:33:06Z,2025-09-24T13:45:11Z,2025-09-25T04:21:29Z,2025-09-18T01:39:00Z,2025-10-02T14:41:22Z,2025-10-13T21:21:06Z
FC-01906,S156,2025-09-25T05:11:00Z,14.0,94.0,21.0,28.4,87.0,416.0,0,2025-09-25T01:34:03Z,2025-09-24T16:08:59Z,2025-09-25T03:51:41Z,2025-09-18T06:44:04Z,2025-10-02T21:34:42Z,2025-10-12T22:22:35Z
FC-01907,S126,2025-09-25T06:15:41Z,107.0,715.0,72.0,20.97,640.0,2626.0,1,2025-09-24T18:29:13Z,2025-09-24T17:17:28Z,2025-09-25T04:41:20Z,2025-09-13T00:42:02Z,2025-10-02T17:28:46Z,2025-10-24T17:06:26Z
FC-01908,S133,2025-09-25T06:18:04Z,14.0,95.0,24.0,16.73,104.0,431.0,0,2025-09-24T23:19:08Z,2025-09-24T14:58:10Z,2025-09-25T04:20:51Z,2025-09-22T15:58:53Z,2025-10-02T07:30:07Z,2025-10-08T00:34:42Z
FC-01909,S118,2025-09-25T06:18:25Z,40.0,244.0,53.0,27.08,300.0,1157.0,0,2025-09-24T15:31:46Z,2025-09-24T17:46:23Z,2025-09-25T05:18:26Z,2025-09-21T16:00:54Z,2025-10-02T12:17:52Z,2025-10-02T12:20:03Z
FC-01910,S112,2025-09-25T06:45:33Z,20.0,110.0,11.0,13.08,152.0,531.0,1,2025-09-25T03:22:17Z,2025-09-24T11:32:26Z,2025-09-25T05:14:54Z,2025-09-24T05:07:51Z,2025-10-02T19:35:40Z,2025-10-13T17:54:04Z
FC-01911,S100,2025-09-25T07:49:03Z,47.0,311.0,68.0,14.81,270.0,1302.0,0,2025-09-24T13:08:12Z,2025-09-25T03:52:26Z,2025-09-25T07:33:06Z,2025-09-19T18:16:32Z,2025-10-02T23:31:07Z,2025-10-11T13:12:13Z
FC-01912,S117,2025-09-25T08:40:49Z,46.0,363.0,47.0,17.16,325.0,1326.0,1,2025-09-25T04:55:39Z,2025-09-25T03:33:19Z,2025-09-25T08:26:53Z,2025-09-16T02:17:28Z,2025-10-02T20:13:48Z,2025-10-07T21:09:37Z
FC-01913,S126,2025-09-25T08:52:27Z,17.0,143.0,28.0,26.23,127.0,597.0,0,2025-09-24T14:50:30Z,2025-09-24T20:23:20Z,2025-09-25T08:25:56Z,2025-09-16T15:37:53Z,2025-10-03T02:07:47Z,2025-10-23T05:21:24Z
FC-01914,S136,2025-09-25T09:01:57Z,31.0,203.0,28.0,2.55,155.0,772.0,1,2025-09-25T05:45:32Z,2025-09-24T13:55:22Z,2025-09-25T07:31:20Z,2025-09-15T00:28:17Z,2025-10-02T09:28:06Z,2025-10-21T19:56:56Z
FC-01915,S153,2025-09-25T09:15:36Z,39.0,336.0,60.0,25.52,325.0,1435.0,0,2025-09-25T04:41:17Z,2025-09-24T16:18:14Z,2025-09-25T07:24:02Z,2025-09-23T03:28:58Z,2025-10-02T15:44:05Z,2025-10-23T12:09:32Z
FC-01916,S126,2025-09-25T09:18:37Z,56.0,501.0,97.0,12.2,460.0,2020.0,0,2025-09-24T22:20:21Z,2025-09-24T18:13:17Z,2025-09-25T07:32:53Z,2025-09-12T08:13:39Z,2025-10-02T20:45:51Z,2025-10-02T21:29:30Z
FC-01917,S115,2025-09-25T09:25:14Z,8.0,60.0,13.0,23.0,65.0,252.0,0,2025-09-25T00:24:17Z,2025-09-24T15:55:06Z,2025-09-25T08:01:42Z,2025-09-15T16:59:17Z,2025-10-02T23:49:00Z,2025-10-19T11:19:30Z
FC-01918,S136,2025-09-25T11:41:57Z,43.0,347.0,82.0,2.48,339.0,1287.0,0,2025-09-25T05:33:03Z,2025-09-25T02:23:36Z,2025-09-25T11:13:09Z,2025-09-20T09:29:17Z,2025-10-02T19:07:03Z,2025-10-20T04:55:03Z
FC-01919,S133,2025-09-25T14:37:08Z,20.0,129.0,30.0,8.22,136.0,573.0,0,2025-09-25T01:19:34Z,2025-09-24T22:22:02Z,2025-09-25T13:55:38Z,2025-09-15T15:12:10Z,2025-10-03T06:05:16Z,2025-10-24T01:39:48Z
FC-01920,S120,2025-09-25T15:25:51Z,29.0,212.0,38.0,21.7,206.0,881.0,0,2025-09-25T08:19:44Z,2025-09-25T09:49:58Z,2025-09-25T14:51:18Z,2025-09-23T11:52:31Z,2025-10-02T19:58:38Z,2025-10-20T03:50:48Z
FC-01921,S144,2025-09-25T15:30:01Z,27.0,257.0,53.0,15.12,250.0,878.0,0,2025-09-25T06:10:08Z,2025-09-25T10:06:37Z,2025-09-25T14:24:47Z,2025-09-17T03:32:30Z,2025-10-02T23:25:43Z,2025-10-08T11:24:58Z
FC-01922,S119,2025-09-25T17:08:40Z,24.0,195.0,34.0,15.32,199.0,835.0,0,2025-09-25T10:06:13Z,2025-09-25T03:06:09Z,2025-09-25T15:46:58Z,2025-09-22T10:40:49Z,2025-10-03T00:13:11Z,2025-10-09T06:36:39Z
FC-01923,S159,2025-09-25T17:39:41Z,65.0,492.0,73.0,30.13,396.0,1897.0,0,2025-09-25T03:34:43Z,2025-09-25T01:21:06Z,2025-09-25T16:17:17Z,2025-09-13T05:58:59Z,2025-10-03T01:19:27Z,2025-10-04T21:58:27Z
FC-01924,S120,2025-09-25T18:23:37Z,43.0,336.0,65.0,28.16,279.0,1362.0,0,2025-09-25T12:04:39Z,2025-09-25T00:18:30Z,2025-09-25T16:34:50Z,2025-09-24T01:42:23Z,2025-10-02T23:13:45Z,2025-10-13T23:42:13Z
FC-01925,S122,2025-09-25T19:35:34Z,28.0,194.0,32.0,18.46,141.0,683.0,0,2025-09-25T07:12:22Z,2025-09-25T04:56:19Z,2025-09-25T18:42:29Z,2025-09-17T10:43:38Z,2025-10-03T10:42:02Z,2025-10-14T00:38:05Z
FC-01926,S110,2025-09-25T19:44:07Z,15.0,108.0,21.0,5.97,122.0,483.0,0,2025-09-25T16:45:09Z,2025-09-25T16:52:22Z,2025-09-25T18:21:48Z,2025-09-23T01:39:58Z,2025-10-03T01:43:30Z,2025-10-18T11:25:24Z
FC-01927,S147,2025-09-25T20:51:36Z,57.0,308.0,58.0,39.36,336.0,1518.0,0,2025-09-25T15:06:26Z,2025-09-25T11:16:31Z,2025-09-25T20:08:40Z,2025-09-20T06:24:23Z,2025-10-03T03:35:35Z,2025-10-09T06:33:42Z
FC-01928,S107,2025-09-25T21:56:29Z,38.0,256.0,32.0,12.62,316.0,1189.0,1,2025-09-25T02:24:37Z,2025-09-25T13:32:49Z,2025-09-25T20:25:51Z,2025-09-18T01:28:25Z,2025-10-03T03:50:09Z,2025-10-20T07:03:47Z
FC-01929,S121,2025-09-25T22:57:45Z,61.0,377.0,44.0,5.22,327.0,1748.0,1,2025-09-25T09:15:30Z,2025-09-25T06:30:21Z,2025-09-25T22:45:02Z,2025-09-17T04:52:21Z,2025-10-03T03:56:51Z,2025-10-08T07:40:58Z
FC-01930,S126,2025-09-25T23:04:10Z,43.0,230.0,43.0,34.11,237.0,1074.0,0,2025-09-25T11:15:18Z,2025-09-25T09:14:21Z,2025-09-25T22:29:07Z,2025-09-17T18:10:52Z,2025-10-03T03:43:46Z,2025-10-23T19:26:54Z
FC-01931,S142,2025-09-25T23:59:08Z,47.0,355.0,81.0,17.92,358.0,1699.0,0,2025-09-25T06:06:40Z,2025-09-25T21:34:08Z,2025-09-25T23:20:40Z,2025-09-24T10:42:54Z,2025-10-03T08:55:32Z,2025-10-08T17:44:33Z
FC-01932,S111,2025-09-26T00:12:43Z,26.0,151.0,28.0,29.8,169.0,773.0,0,2025-09-25T12:09:50Z,2025-09-25T20:26:23Z,2025-09-25T23:28:36Z,2025-09-18T02:10:27Z,2025-10-03T16:58:15Z,2025-10-24T16:29:03Z
FC-01933,S158,2025-09-26T01:28:46Z,54.0,433.0,88.0,8.14,428.0,1878.0,0,2025-09-25T19:02:13Z,2025-09-25T05:52:14Z,2025-09-25T23:59:40Z,2025-09-18T01:49:23Z,2025-10-03T13:38:01Z,2025-10-02T08:43:57Z
FC-01934,S119,2025-09-26T01:33:13Z,78.0,574.0,93.0,24.78,650.0,2372.0,0,2025-09-25T06:18:08Z,2025-09-25T17:16:01Z,2025-09-25T23:49:32Z,2025-09-19T00:21:05Z,2025-10-03T07:24:47Z,2025-10-24T09:08:51Z
FC-01935,S139,2025-09-26T01:57:13Z,61.0,387.0,93.0,35.33,388.0,1690.0,0,2025-09-25T06:44:18Z,2025-09-25T16:50:27Z,2025-09-26T00:12:44Z,2025-09-17T13:41:41Z,2025-10-03T21:19:50Z,2025-10-04T06:48:03Z
FC-01936,S135,2025-09-26T02:55:55Z,73.0,553.0,59.0,14.46,512.0,2311.0,1,2025-09-25T16:17:16Z,2025-09-25T20:19:38Z,2025-09-26T02:30:25Z,2025-09-14T01:52:24Z,2025-10-03T20:43:32Z,2025-10-09T11:12:18Z
FC-01937,S130,2025-09-26T02:57:51Z,52.0,418.0,105.0,31.86,439.0,1730.0,0,2025-09-25T17:41:22Z,2025-09-25T14:23:59Z,2025-09-26T01:45:17Z,2025-09-13T23:27:32Z,2025-10-03T09:45:10Z,2025-10-19T22:16:52Z
FC-01938,S123,2025-09-26T03:30:01Z,23.0,126.0,17.0,28.12,122.0,624.0,1,2025-09-25T11:55:17Z,2025-09-25T11:55:29Z,2025-09-26T02:20:44Z,2025-09-21T16:16:27Z,2025-10-03T23:38:56Z,2025-10-02T15:14:14Z
FC-01939,S125,2025-09-26T04:08:52Z,35.0,285.0,37.0,10.0,252.0,1179.0,1,2025-09-25T08:26:41Z,2025-09-25T16:00:37Z,2025-09-26T02:43:16Z,2025-09-16T19:21:51Z,2025-10-03T13:00:23Z,2025-10-03T18:09:32Z
FC-01940,S145,2025-09-26T04:22:55Z,25.0,199.0,33.0,18.05,211.0,862.0,0,2025-09-26T00:18:11Z,2025-09-25T15:03:30Z,2025-09-26T03:41:22Z,2025-09-20T14:09:17Z,2025-10-04T03:36:39Z,2025-10-21T10:06:15Z
FC-01941,S117,2025-09-26T04:37:45Z,35.0,221.0,36.0,5.44,214.0,940.0,0,2025-09-25T08:53:04Z,2025-09-25T21:19:24Z,2025-09-26T04:22:35Z,2025-09-15T14:18:27Z,2025-10-03T08:14:00Z,2025-10-17T05:16:46Z
FC-01942,S140,2025-09-26T05:22:44Z,37.0,289.0,43.0,23.71,305.0,1446.0,1,2025-09-26T02:11:23Z,2025-09-25T11:18:39Z,2025-09-26T04:00:05Z,2025-09-16T14:41:13Z,2025-10-04T04:25:16Z,2025-10-14T19:13:36Z
FC-01943,S113,2025-09-26T05:23:11Z,3.0,27.0,5.0,24.44,30.0,118.0,0,2025-09-25T20:35:56Z,2025-09-25T12:21:29Z,2025-09-26T04:20:12Z,2025-09-18T10:19:47Z,2025-10-03T08:39:32Z,2025-10-20T20:19:24Z
FC-01944,S152,2025-09-26T05:45:53Z,106.0,647.0,185.0,27.91,838.0,3041.0,0,2025-09-25T10:57:51Z,2025-09-25T14:48:55Z,2025-09-26T05:26:11Z,2025-09-20T09:16:13Z,2025-10-03T07:36:08Z,2025-10-20T02:29:38Z
FC-01945,S132,2025-09-26T05:50:31Z,40.0,268.0,25.0,33.49,287.0,1129.0,1,2025-09-26T00:55:59Z,2025-09-25T14:50:04Z,2025-09-26T05:00:12Z,2025-09-20T20:10:47Z,2025-10-03T18:07:06Z,2025-10-24T19:54:02Z
FC-01946,S158,2025-09-26T06:35:29Z,85.0,620.0,151.0,29.25,666.0,3060.0,0,2025-09-26T01:39:35Z,2025-09-26T03:24:33Z,2025-09-26T04:50:28Z,2025-09-13T12:17:31Z,2025-10-03T07:21:54Z,2025-10-15T13:52:42Z
FC-01947,S112,2025-09-26T06:40:01Z,46.0,355.0,47.0,34.17,460.0,1550.0,1,2025-09-26T01:17:23Z,2025-09-26T00:50:31Z,2025-09-26T06:06:34Z,2025-09-18T08:59:07Z,2025-10-03T09:12:37Z,2025-10-10T05:27:30Z
FC-01948,S129,2025-09-26T07:31:10Z,73.0,388.0,93.0,9.79,403.0,1924.0,0,2025-09-25T16:04:52Z,2025-09-25T19:14:31Z,2025-09-26T06:44:38Z,2025-09-22T04:26:11Z,2025-10-03T15:11:42Z,2025-10-18T16:05:41Z
FC-01949,S118,2025-09-26T09:03:12Z,35.0,298.0,31.0,38.39,304.0,1150.0,1,2025-09-26T01:31:51Z,2025-09-25T18:17:17Z,2025-09-26T07:03:22Z,2025-09-20T23:02:25Z,2025-10-03T16:43:58Z,2025-10-16T21:03:37Z
FC-01950,S114,2025-09-26T09:32:02Z,44.0,257.0,25.0,20.91,255.0,1003.0,1,2025-09-25T20:49:16Z,2025-09-25T14:24:56Z,2025-09-26T09:11:08Z,2025-09-20T06:29:15Z,2025-10-03T23:31:49Z,2025-10-22T10:50:44Z
FC-01951,S126,2025-09-26T09:38:31Z,38.0,242.0,43.0,9.32,241.0,1028.0,0,2025-09-25T21:48:57Z,2025-09-25T14:45:55Z,2025-09-26T09:04:00Z,2025-09-17T13:16:22Z,2025-10-03T14:30:46Z,2025-10-22T00:08:34Z
FC-01952,S151,2025-09-26T10:28:59Z,90.0,666.0,90.0,2.74,522.0,2294.0,0,2025-09-26T06:46:40Z,2025-09-25T23:59:44Z,2025-09-26T10:14:05Z,2025-09-16T22:52:47Z,2025-10-03T10:55:58Z,2025-10-19T13:50:17Z
FC-01953,S110,2025-09-26T10:37:16Z,87.0,709.0,155.0,12.39,615.0,2903.0,0,2025-09-26T01:26:17Z,2025-09-25T15:49:05Z,2025-09-26T08:50:13Z,2025-09-23T05:19:29Z,2025-10-03T18:08:18Z,2025-10-03T15:55:15Z
FC-01954,S142,2025-09-26T11:53:39Z,34.0,286.0,52.0,14.79,280.0,1048.0,0,2025-09-26T05:21:13Z,2025-09-26T06:00:26Z,2025-09-26T09:54:52Z,2025-09-17T21:26:02Z,2025-10-04T04:21:48Z,2025-10-19T17:40:33Z
FC-01955,S137,2025-09-26T12:21:51Z,32.0,286.0,45.0,17.94,286.0,1270.0,0,2025-09-26T07:02:20Z,2025-09-26T05:45:17Z,2025-09-26T11:17:55Z,2025-09-21T16:47:14Z,2025-10-04T12:10:03Z,2025-10-16T19:43:34Z
FC-01956,S138,2025-09-26T12:56:04Z,40.0,294.0,62.0,2.34,291.0,1017.0,0,2025-09-25T20:33:08Z,2025-09-25T20:35:07Z,2025-09-26T12:00:09Z,2025-09-18T05:26:18Z,2025-10-03T22:08:18Z,2025-10-08T09:36:49Z
FC-01957,S135,2025-09-26T13:45:22Z,34.0,229.0,42.0,18.5,213.0,1173.0,0,2025-09-25T21:05:07Z,2025-09-26T08:24:25Z,2025-09-26T11:58:00Z,2025-09-17T04:06:55Z,2025-10-04T10:13:21Z,2025-10-11T15:51:48Z
FC-01958,S116,2025-09-26T14:21:16Z,59.0,431.0,45.0,28.69,360.0,1841.0,1,2025-09-26T04:54:03Z,2025-09-26T06:36:33Z,2025-09-26T13:36:38Z,2025-09-22T20:20:25Z,2025-10-03T18:15:47Z,2025-10-13T12:20:47Z
FC-01959,S138,2025-09-26T14:32:07Z,15.0,117.0,26.0,2.24,99.0,483.0,0,2025-09-25T23:13:37Z,2025-09-26T07:26:55Z,2025-09-26T13:18:30Z,2025-09-25T03:45:11Z,2025-10-04T11:51:17Z,2025-10-06T10:39:37Z
FC-01960,S147,2025-09-26T15:11:32Z,38.0,323.0,69.0,31.29,284.0,1296.0,0,2025-09-25T19:26:31Z,2025-09-26T00:49:18Z,2025-09-26T14:54:51Z,2025-09-14T20:04:35Z,2025-10-03T19:10:42Z,2025-10-23T14:05:35Z
FC-01961,S135,2025-09-26T15:49:37Z,28.0,239.0,22.0,38.42,232.0,1070.0,1,2025-09-26T09:55:57Z,2025-09-26T10:35:01Z,2025-09-26T15:33:44Z,2025-09-24T12:50:56Z,2025-10-04T00:53:42Z,2025-10-13T16:52:40Z
FC-01962,S115,2025-09-26T15:53:46Z,28.0,218.0,21.0,11.27,218.0,1001.0,1,2025-09-26T12:32:46Z,2025-09-26T05:28:39Z,2025-09-26T13:58:44Z,2025-09-18T04:37:45Z,2025-10-03T22:27:45Z,2025-10-09T12:54:00Z
FC-01963,S155,2025-09-26T16:24:50Z,58.0,343.0,101.0,20.17,427.0,1794.0,0,2025-09-26T05:01:59Z,2025-09-26T04:24:06Z,2025-09-26T16:09:44Z,2025-09-14T10:12:57Z,2025-10-03T20:10:25Z,2025-10-02T10:41:13Z
FC-01964,S111,2025-09-26T18:18:40Z,71.0,497.0,123.0,30.88,560.0,2131.0,0,2025-09-26T14:27:32Z,2025-09-26T04:57:17Z,2025-09-26T17:17:54Z,2025-09-23T18:32:40Z,2025-10-03T21:44:52Z,2025-10-19T18:34:32Z
FC-01965,S157,2025-09-26T19:49:08Z,50.0,418.0,47.0,32.52,447.0,1768.0,1,2025-09-26T08:13:03Z,2025-09-26T07:06:05Z,2025-09-26T19:23:00Z,2025-09-16T08:43:51Z,2025-10-03T23:31:35Z,2025-10-15T05:01:38Z
FC-01966,S104,2025-09-26T22:09:13Z,45.0,261.0,42.0,39.78,297.0,1199.0,0,2025-09-26T07:37:18Z,2025-09-26T11:17:32Z,2025-09-26T21:16:11Z,2025-09-13T19:01:56Z,2025-10-04T02:46:35Z,2025-10-12T21:59:17Z
FC-01967,S130,2025-09-26T22:24:34Z,95.0,647.0,140.0,34.41,766.0,3209.0,0,2025-09-26T15:14:23Z,2025-09-26T16:05:46Z,2025-09-26T21:33:46Z,2025-09-24T15:58:04Z,2025-10-04T03:03:59Z,2025-10-07T10:39:26Z
FC-01968,S108,2025-09-26T23:03:14Z,76.0,527.0,106.0,6.96,609.0,2654.0,0,2025-09-26T09:31:11Z,2025-09-26T14:09:17Z,2025-09-26T22:27:44Z,2025-09-24T18:16:20Z,2025-10-04T22:55:09Z,2025-10-26T02:18:57Z
FC-01969,S142,2025-09-26T23:19:46Z,41.0,219.0,31.0,22.98,235.0,1117.0,1,2025-09-26T05:22:46Z,2025-09-26T08:47:41Z,2025-09-26T21:56:36Z,2025-09-24T13:52:05Z,2025-10-04T22:07:25Z,2025-10-11T02:36:39Z
FC-01970,S142,2025-09-27T00:48:10Z,62.0,588.0,89.0,10.15,641.0,2286.0,0,2025-09-26T06:43:22Z,2025-09-26T07:28:15Z,2025-09-27T00:20:28Z,2025-09-13T16:09:50Z,2025-10-04T10:05:39Z,2025-10-23T17:37:48Z
FC-01971,S133,2025-09-27T02:08:20Z,25.0,201.0,20.0,38.4,203.0,830.0,1,2025-09-26T17:32:02Z,2025-09-26T15:12:53Z,2025-09-27T01:38:57Z,2025-09-15T03:59:43Z,2025-10-04T14:59:53Z,2025-10-12T00:46:40Z
FC-01972,S119,2025-09-27T02:51:58Z,48.0,279.0,63.0,21.53,314.0,1447.0,0,2025-09-26T17:31:15Z,2025-09-26T07:44:43Z,2025-09-27T01:01:43Z,2025-09-22T04:49:25Z,2025-10-04T16:08:20Z,2025-10-27T00:07:51Z
FC-01973,S138,2025-09-27T04:10:49Z,35.0,328.0,66.0,24.21,269.0,1317.0,0,2025-09-26T15:17:21Z,2025-09-26T10:15:13Z,2025-09-27T02:38:58Z,2025-09-24T17:57:14Z,2025-10-04T22:51:51Z,2025-10-06T05:45:05Z
FC-01974,S116,2025-09-27T04:46:13Z,110.0,652.0,65.0,32.11,763.0,2905.0,1,2025-09-26T20:26:22Z,2025-09-26T14:56:26Z,2025-09-27T04:14:35Z,2025-09-19T01:18:25Z,2025-10-04T16:25:14Z,2025-10-05T19:14:41Z
FC-01975,S150,2025-09-27T04:52:34Z,62.0,398.0,93.0,27.74,477.0,1649.0,0,2025-09-26T15:13:13Z,2025-09-26T09:17:22Z,2025-09-27T04:03:45Z,2025-09-20T04:41:39Z,2025-10-04T23:49:58Z,2025-10-04T19:53:49Z
FC-01976,S103,2025-09-27T05:14:34Z,30.0,204.0,49.0,27.4,205.0,879.0,0,2025-09-26T12:10:12Z,2025-09-26T14:51:11Z,2025-09-27T03:42:35Z,2025-09-22T19:43:37Z,2025-10-04T11:51:24Z,2025-10-14T20:04:58Z
FC-01977,S125,2025-09-27T05:21:18Z,55.0,346.0,46.0,29.73,324.0,1506.0,0,2025-09-27T00:18:04Z,2025-09-26T13:53:58Z,2025-09-27T04:20:52Z,2025-09-25T04:48:16Z,2025-10-04T22:10:22Z,2025-10-23T23:45:04Z
FC-01978,S107,2025-09-27T05:50:24Z,61.0,531.0,63.0,35.39,467.0,2165.0,1,2025-09-27T03:38:43Z,2025-09-26T10:17:22Z,2025-09-27T03:58:34Z,2025-09-24T14:40:08Z,2025-10-04T17:34:53Z,2025-10-05T22:00:11Z
FC-01979,S136,2025-09-27T06:12:04Z,37.0,213.0,39.0,11.05,238.0,1082.0,0,2025-09-26T13:47:13Z,2025-09-26T14:20:59Z,2025-09-27T05:33:24Z,2025-09-23T11:07:49Z,2025-10-04T07:13:10Z,2025-10-06T06:40:41Z
FC-01980,S135,2025-09-27T07:45:49Z,60.0,416.0,88.0,22.85,433.0,1606.0,0,2025-09-26T19:20:16Z,2025-09-27T02:20:03Z,2025-09-27T06:09:43Z,2025-09-20T02:54:41Z,2025-10-04T13:25:53Z,2025-10-24T02:57:49Z
FC-01981,S118,2025-09-27T08:29:51Z,82.0,562.0,120.0,31.4,511.0,2188.0,0,2025-09-26T18:23:10Z,2025-09-26T14:44:24Z,2025-09-27T08:23:35Z,2025-09-26T01:20:50Z,2025-10-05T03:06:17Z,2025-10-08T19:40:01Z
FC-01982,S115,2025-09-27T09:31:14Z,32.0,238.0,35.0,20.91,231.0,1112.0,1,2025-09-26T22:01:33Z,2025-09-26T16:49:46Z,2025-09-27T08:19:16Z,2025-09-22T23:15:21Z,2025-10-04T21:20:57Z,2025-10-06T13:39:48Z
FC-01983,S116,2025-09-27T10:25:50Z,57.0,377.0,46.0,25.37,388.0,1465.0,1,2025-09-27T03:13:14Z,2025-09-27T07:55:30Z,2025-09-27T09:53:55Z,2025-09-14T09:31:54Z,2025-10-05T03:10:55Z,2025-10-26T11:53:28Z
FC-01984,S157,2025-09-27T10:31:28Z,51.0,429.0,34.0,23.61,452.0,1736.0,1,2025-09-26T17:59:30Z,2025-09-27T00:52:04Z,2025-09-27T10:23:57Z,2025-09-16T19:24:16Z,2025-10-05T03:08:06Z,2025-10-11T21:43:03Z
FC-01985,S107,2025-09-27T11:12:38Z,41.0,326.0,61.0,7.75,246.0,1282.0,0,2025-09-27T01:30:25Z,2025-09-26T22:48:40Z,2025-09-27T11:03:21Z,2025-09-22T12:07:43Z,2025-10-05T10:08:37Z,2025-10-05T23:10:57Z
FC-01986,S131,2025-09-27T11:45:19Z,43.0,362.0,86.0,31.59,307.0,1538.0,0,2025-09-27T03:18:16Z,2025-09-26T21:29:41Z,2025-09-27T11:12:09Z,2025-09-24T18:29:16Z,2025-10-05T04:19:46Z,2025-10-11T22:34:49Z
FC-01987,S123,2025-09-27T12:11:21Z,28.0,183.0,25.0,34.59,251.0,933.0,1,2025-09-26T20:21:01Z,2025-09-26T17:20:36Z,2025-09-27T10:40:06Z,2025-09-21T02:10:58Z,2025-10-05T01:30:45Z,2025-10-05T11:31:14Z
FC-01988,S124,2025-09-27T12:31:08Z,25.0,171.0,37.0,11.5,223.0,754.0,0,2025-09-26T17:48:09Z,2025-09-26T22:42:10Z,2025-09-27T11:48:54Z,2025-09-24T05:13:21Z,2025-10-04T17:36:55Z,2025-10-19T03:26:25Z
FC-01989,S117,2025-09-27T13:36:40Z,43.0,332.0,66.0,23.78,366.0,1142.0,0,2025-09-26T21:39:27Z,2025-09-27T10:49:13Z,2025-09-27T13:18:58Z,2025-09-22T02:53:10Z,2025-10-04T14:24:56Z,2025-10-11T22:27:54Z
FC-01990,S140,2025-09-27T14:33:33Z,44.0,410.0,53.0,4.82,399.0,1713.0,1,2025-09-27T02:51:34Z,2025-09-27T10:01:18Z,2025-09-27T13:33:48Z,2025-09-17T14:58:53Z,2025-10-05T13:07:38Z,2025-10-27T02:06:20Z
FC-01991,S145,2025-09-27T14:34:22Z,33.0,275.0,33.0,31.75,280.0,1227.0,1,2025-09-27T05:15:37Z,2025-09-27T00:16:22Z,2025-09-27T13:48:18Z,2025-09-17T14:03:41Z,2025-10-05T03:48:28Z,2025-10-13T19:40:15Z
FC-01992,S146,2025-09-27T15:21:00Z,26.0,178.0,33.0,32.21,168.0,729.0,0,2025-09-26T22:18:39Z,2025-09-27T08:43:11Z,2025-09-27T13:27:06Z,2025-09-19T05:22:06Z,2025-10-05T00:54:45Z,2025-10-21T11:03:25Z
FC-01993,S106,2025-09-27T15:27:22Z,70.0,533.0,51.0,9.05,466.0,1881.0,1,2025-09-27T11:04:38Z,2025-09-27T02:56:03Z,2025-09-27T14:39:11Z,2025-09-19T11:36:32Z,2025-10-04T20:32:24Z,2025-10-06T10:41:48Z
FC-01994,S127,2025-09-27T15:47:16Z,24.0,162.0,22.0,6.03,148.0,635.0,0,2025-09-27T03:03:08Z,2025-09-27T12:27:01Z,2025-09-27T13:53:30Z,2025-09-18T10:05:39Z,2025-10-05T11:25:03Z,2025-10-11T17:36:44Z
FC-01995,S138,2025-09-27T15:54:57Z,43.0,309.0,39.0,15.31,303.0,1333.0,1,2025-09-26T21:36:03Z,2025-09-26T20:43:34Z,2025-09-27T14:49:13Z,2025-09-21T04:17:09Z,2025-10-04T18:17:32Z,2025-10-23T13:55:36Z
FC-01996,S149,2025-09-27T16:37:02Z,24.0,172.0,39.0,33.14,161.0,605.0,0,2025-09-27T12:54:58Z,2025-09-26T21:27:56Z,2025-09-27T15:22:15Z,2025-09-14T21:32:26Z,2025-10-05T15:33:03Z,2025-10-23T05:08:45Z
FC-01997,S106,2025-09-27T16:48:33Z,18.0,143.0,37.0,26.35,171.0,588.0,0,2025-09-27T03:33:54Z,2025-09-27T00:32:48Z,2025-09-27T14:49:49Z,2025-09-25T22:05:20Z,2025-10-05T14:07:56Z,2025-10-14T11:04:00Z
FC-01998,S128,2025-09-27T19:29:42Z,17.0,110.0,17.0,39.47,124.0,524.0,0,2025-09-27T07:05:44Z,2025-09-27T15:21:53Z,2025-09-27T18:21:41Z,2025-09-18T03:18:16Z,2025-10-05T11:57:01Z,2025-10-19T04:35:10Z
FC-01999,S112,2025-09-27T19:55:52Z,17.0,116.0,22.0,23.23,113.0,453.0,0,2025-09-27T06:19:28Z,2025-09-27T15:57:39Z,2025-09-27T18:32:35Z,2025-09-15T19:55:12Z,2025-10-05T02:24:07Z,2025-10-23T23:35:47Z
FC-02000,S103,2025-09-27T20:43:42Z,13.0,98.0,20.0,31.26,125.0,466.0,0,2025-09-27T07:52:05Z,2025-09-27T09:44:32Z,2025-09-27T19:02:39Z,2025-09-24T19:11:46Z,2025-10-05T02:44:19Z,2025-10-09T17:05:21Z
FC-02001,S149,2025-09-27T21:38:41Z,31.0,216.0,35.0,10.98,223.0,993.0,0,2025-09-27T11:46:45Z,2025-09-27T05:30:29Z,2025-09-27T20:40:26Z,2025-09-23T08:42:57Z,2025-10-05T02:26:03Z,2025-10-04T20:35:39Z
FC-02002,S135,2025-09-27T21:49:02Z,33.0,281.0,36.0,11.53,293.0,1046.0,0,2025-09-27T14:40:14Z,2025-09-27T03:23:44Z,2025-09-27T20:32:30Z,2025-09-14T07:07:24Z,2025-10-05T04:45:26Z,2025-10-06T19:25:24Z
FC-02003,S159,2025-09-27T22:16:43Z,30.0,205.0,43.0,35.41,181.0,936.0,0,2025-09-27T13:33:57Z,2025-09-27T09:07:51Z,2025-09-27T20:52:31Z,2025-09-22T07:13:56Z,2025-10-05T19:45:38Z,2025-10-17T18:24:09Z
FC-02004,S105,2025-09-27T22:20:53Z,54.0,336.0,50.0,10.34,416.0,1447.0,0,2025-09-27T09:44:59Z,2025-09-27T15:32:26Z,2025-09-27T21:07:26Z,2025-09-18T22:09:02Z,2025-10-05T22:10:46Z,2025-10-11T18:10:46Z
FC-02005,S120,2025-09-27T22:24:22Z,33.0,227.0,42.0,17.72,212.0,871.0,0,2025-09-27T14:31:10Z,2025-09-27T06:16:07Z,2025-09-27T22:03:26Z,2025-09-15T09:56:29Z,2025-10-05T18:29:02Z,2025-10-17T01:34:00Z
FC-02006,S135,2025-09-27T23:36:15Z,62.0,348.0,60.0,26.57,391.0,1561.0,0,2025-09-27T05:26:32Z,2025-09-27T04:31:37Z,2025-09-27T22:10:33Z,2025-09-17T06:13:02Z,2025-10-05T07:10:07Z,2025-10-22T06:57:21Z
FC-02007,S140,2025-09-27T23:51:27Z,58.0,475.0,73.0,22.14,409.0,1869.0,0,2025-09-27T08:47:44Z,2025-09-27T18:41:36Z,2025-09-27T22:52:22Z,2025-09-24T03:06:15Z,2025-10-05T03:07:35Z,2025-10-27T10:43:10Z
FC-02008,S110,2025-09-28T00:12:10Z,99.0,698.0,179.0,16.42,605.0,3326.0,0,2025-09-27T12:34:38Z,2025-09-27T22:04:14Z,2025-09-27T23:05:17Z,2025-09-14T10:08:33Z,2025-10-05T10:40:20Z,2025-10-23T05:25:07Z
FC-02009,S100,2025-09-28T00:34:42Z,31.0,270.0,21.0,35.29,260.0,988.0,1,2025-09-27T08:06:17Z,2025-09-27T12:55:17Z,2025-09-27T23:13:41Z,2025-09-21T20:25:25Z,2025-10-05T14:21:21Z,2025-10-15T00:21:23Z
FC-02010,S120,2025-09-28T00:38:36Z,46.0,344.0,33.0,32.42,360.0,1735.0,1,2025-09-27T18:08:05Z,2025-09-27T05:39:42Z,2025-09-28T00:13:56Z,2025-09-18T23:47:20Z,2025-10-05T04:37:47Z,2025-10-16T16:59:40Z
FC-02011,S124,2025-09-28T00:44:18Z,34.0,327.0,55.0,15.78,304.0,1336.0,0,2025-09-27T18:08:01Z,2025-09-27T08:33:37Z,2025-09-27T23:23:22Z,2025-09-22T08:36:43Z,2025-10-05T16:56:30Z,2025-10-13T18:11:51Z
FC-02012,S150,2025-09-28T01:00:58Z,43.0,294.0,25.0,31.5,265.0,1198.0,1,2025-09-27T12:20:41Z,2025-09-27T18:01:19Z,2025-09-27T23:35:45Z,2025-09-16T22:18:44Z,2025-10-05T06:06:04Z,2025-10-11T17:03:19Z
FC-02013,S129,2025-09-28T01:16:13Z,42.0,270.0,47.0,24.59,214.0,1153.0,0,2025-09-27T21:36:23Z,2025-09-27T10:20:27Z,2025-09-28T00:51:42Z,2025-09-14T08:52:08Z,2025-10-06T00:15:51Z,2025-10-17T09:53:39Z
FC-02014,S108,2025-09-28T01:52:33Z,15.0,116.0,28.0,9.44,95.0,475.0,0,2025-09-27T09:18:25Z,2025-09-27T07:34:05Z,2025-09-28T01:27:45Z,2025-09-19T10:15:49Z,2025-10-05T09:07:10Z,2025-10-27T08:35:25Z
FC-02015,S129,2025-09-28T02:18:48Z,48.0,263.0,60.0,36.55,279.0,1348.0,0,2025-09-27T17:12:01Z,2025-09-27T13:25:35Z,2025-09-28T00:36:48Z,2025-09-25T00:37:43Z,2025-10-05T22:15:35Z,2025-10-25T18:19:49Z
FC-02016,S144,2025-09-28T02:58:06Z,15.0,111.0,20.0,26.17,114.0,489.0,0,2025-09-27T15:19:56Z,2025-09-27T11:52:54Z,2025-09-28T02:09:52Z,2025-09-24T03:41:08Z,2025-10-05T06:11:03Z,2025-10-03T12:25:42Z
FC-02017,S150,2025-09-28T04:11:43Z,63.0,505.0,43.0,37.36,486.0,2012.0,1,2025-09-28T00:46:35Z,2025-09-27T17:50:12Z,2025-09-28T03:54:50Z,2025-09-24T19:12:27Z,2025-10-06T02:04:43Z,2025-10-06T22:37:38Z
FC-02018,S148,2025-09-28T04:53:12Z,56.0,459.0,79.0,18.48,441.0,1776.0,0,2025-09-28T00:57:26Z,2025-09-27T12:57:34Z,2025-09-28T03:00:42Z,2025-09-26T03:35:17Z,2025-10-06T02:47:21Z,2025-10-22T10:36:24Z
FC-02019,S140,2025-09-28T05:42:38Z,60.0,438.0,54.0,18.15,395.0,2006.0,1,2025-09-27T21:49:05Z,2025-09-28T02:51:56Z,2025-09-28T04:14:09Z,2025-09-20T23:13:28Z,2025-10-05T07:19:16Z,2025-10-25T01:37:41Z
FC-02020,S126,2025-09-28T06:22:55Z,106.0,650.0,73.0,38.08,678.0,2788.0,1,2025-09-27T17:39:15Z,2025-09-27T20:36:26Z,2025-09-28T04:33:57Z,2025-09-22T06:41:55Z,2025-10-06T00:06:59Z,2025-10-24T14:54:16Z
FC-02021,S124,2025-09-28T07:34:04Z,65.0,396.0,77.0,36.23,388.0,1714.0,0,2025-09-27T18:16:56Z,2025-09-28T00:37:46Z,2025-09-28T06:24:09Z,2025-09-26T09:06:16Z,2025-10-05T20:28:33Z,2025-10-16T21:09:22Z
FC-02022,S105,2025-09-28T08:08:32Z,148.0,1026.0,116.0,39.45,951.0,4139.0,0,2025-09-27T17:08:51Z,2025-09-28T00:42:30Z,2025-09-28T06:49:07Z,2025-09-22T07:15:05Z,2025-10-05T08:55:44Z,2025-10-06T06:14:05Z
FC-02023,S109,2025-09-28T08:42:59Z,71.0,441.0,104.0,7.51,482.0,1947.0,0,2025-09-27T19:44:05Z,2025-09-27T19:27:07Z,2025-09-28T07:59:57Z,2025-09-15T10:34:41Z,2025-10-05T18:50:16Z,2025-10-21T14:33:32Z
FC-02024,S127,2025-09-28T09:21:58Z,65.0,492.0,76.0,14.82,436.0,1730.0,0,2025-09-27T15:06:59Z,2025-09-27T17:54:40Z,2025-09-28T08:52:44Z,2025-09-21T11:36:07Z,2025-10-05T13:41:16Z,2025-10-23T12:04:31Z
FC-02025,S145,2025-09-28T10:04:24Z,46.0,312.0,53.0,20.45,368.0,1533.0,0,2025-09-27T19:50:48Z,2025-09-27T21:07:55Z,2025-09-28T09:19:16Z,2025-09-19T23:10:02Z,2025-10-05T15:02:06Z,2025-10-19T19:43:08Z
FC-02026,S138,2025-09-28T10:24:05Z,57.0,395.0,87.0,27.69,456.0,1650.0,0,2025-09-27T19:10:07Z,2025-09-27T18:09:39Z,2025-09-28T09:49:52Z,2025-09-22T19:36:49Z,2025-10-06T00:07:11Z,2025-10-20T12:51:05Z
FC-02027,S111,2025-09-28T10:56:51Z,62.0,388.0,81.0,18.31,461.0,2005.0,0,2025-09-27T21:18:04Z,2025-09-28T06:16:01Z,2025-09-28T10:03:02Z,2025-09-25T02:04:02Z,2025-10-05T12:45:53Z,2025-10-18T19:35:48Z
FC-02028,S110,2025-09-28T11:30:46Z,17.0,94.0,10.0,8.48,101.0,439.0,1,2025-09-27T19:10:45Z,2025-09-27T20:36:19Z,2025-09-28T10:25:11Z,2025-09-18T12:10:35Z,2025-10-06T01:38:34Z,2025-10-20T20:01:12Z
FC-02029,S125,2025-09-28T11:48:14Z,12.0,66.0,15.0,23.47,90.0,330.0,0,2025-09-28T02:59:58Z,2025-09-27T23:16:17Z,2025-09-28T11:32:34Z,2025-09-20T20:37:46Z,2025-10-06T00:24:12Z,2025-10-21T23:29:49Z
FC-02030,S123,2025-09-28T13:12:27Z,73.0,554.0,52.0,35.48,556.0,2354.0,1,2025-09-28T00:34:31Z,2025-09-27T18:48:15Z,2025-09-28T12:54:37Z,2025-09-24T12:32:17Z,2025-10-06T10:03:57Z,2025-10-15T15:30:20Z
FC-02031,S124,2025-09-28T13:24:52Z,26.0,174.0,29.0,8.79,193.0,752.0,0,2025-09-28T01:40:21Z,2025-09-27T23:27:09Z,2025-09-28T12:24:37Z,2025-09-15T10:30:17Z,2025-10-06T07:05:25Z,2025-10-07T18:06:21Z
FC-02032,S107,2025-09-28T13:47:45Z,73.0,495.0,113.0,24.15,411.0,1748.0,0,2025-09-28T00:28:49Z,2025-09-27T22:59:24Z,2025-09-28T12:20:50Z,2025-09-20T03:35:31Z,2025-10-05T14:17:35Z,2025-10-13T13:48:11Z
FC-02033,S133,2025-09-28T13:50:39Z,75.0,454.0,118.0,25.98,490.0,2166.0,0,2025-09-28T06:50:11Z,2025-09-28T10:12:55Z,2025-09-28T12:52:22Z,2025-09-25T15:41:27Z,2025-10-06T00:15:16Z,2025-10-17T21:14:39Z
FC-02034,S140,2025-09-28T13:59:06Z,43.0,353.0,57.0,37.13,312.0,1440.0,0,2025-09-28T10:58:54Z,2025-09-28T07:16:01Z,2025-09-28T12:25:52Z,2025-09-17T20:09:36Z,2025-10-06T10:53:56Z,2025-10-18T13:36:13Z
FC-02035,S115,2025-09-28T14:39:15Z,98.0,537.0,138.0,9.27,696.0,2824.0,0,2025-09-28T06:57:19Z,2025-09-28T04:12:21Z,2025-09-28T13:25:18Z,2025-09-23T11:19:44Z,2025-10-06T08:32:12Z,2025-10-09T15:10:07Z
FC-02036,S142,2025-09-28T14:54:24Z,31.0,274.0,58.0,22.07,294.0,1277.0,0,2025-09-28T07:21:57Z,2025-09-28T06:05:07Z,2025-09-28T14:05:47Z,2025-09-24T23:53:54Z,2025-10-06T02:04:30Z,2025-10-27T14:09:13Z
FC-02037,S101,2025-09-28T15:41:08Z,41.0,322.0,39.0,36.96,261.0,1248.0,1,2025-09-28T07:35:41Z,2025-09-27T22:10:15Z,2025-09-28T15:18:16Z,2025-09-18T11:44:42Z,2025-10-06T10:02:22Z,2025-10-20T03:39:49Z
FC-02038,S104,2025-09-28T15:50:41Z,107.0,773.0,169.0,29.97,620.0,3005.0,0,2025-09-27T22:13:49Z,2025-09-28T11:45:07Z,2025-09-28T13:53:24Z,2025-09-16T22:38:22Z,2025-10-06T01:53:40Z,2025-10-05T00:56:58Z
FC-02039,S159,2025-09-28T16:06:04Z,32.0,268.0,46.0,23.44,249.0,1058.0,0,2025-09-28T11:39:27Z,2025-09-28T06:53:56Z,2025-09-28T15:33:19Z,2025-09-16T20:35:08Z,2025-10-05T16:07:34Z,2025-10-25T17:45:36Z
FC-02040,S154,2025-09-28T17:48:00Z,94.0,802.0,85.0,7.98,812.0,3345.0,1,2025-09-28T10:19:48Z,2025-09-28T02:37:49Z,2025-09-28T17:01:25Z,2025-09-24T23:51:38Z,2025-10-06T10:45:46Z,2025-10-20T14:56:07Z
FC-02041,S115,2025-09-28T18:25:28Z,66.0,481.0,104.0,8.49,418.0,2065.0,0,2025-09-28T01:21:52Z,2025-09-28T01:34:24Z,2025-09-28T17:37:41Z,2025-09-24T20:37:40Z,2025-10-06T06:09:26Z,2025-10-15T22:45:35Z
FC-02042,S106,2025-09-28T19:26:30Z,49.0,388.0,53.0,36.74,299.0,1561.0,0,2025-09-28T08:09:56Z,2025-09-28T11:25:55Z,2025-09-28T19:16:16Z,2025-09-23T22:32:59Z,2025-10-06T06:27:23Z,2025-10-19T08:35:42Z
FC-02043,S118,2025-09-28T20:25:23Z,19.0,138.0,20.0,8.41,153.0,607.0,1,2025-09-28T07:00:20Z,2025-09-28T16:45:24Z,2025-09-28T19:42:00Z,2025-09-20T04:00:29Z,2025-10-05T21:03:27Z,2025-10-19T14:29:36Z
FC-02044,S117,2025-09-28T20:53:52Z,29.0,226.0,28.0,6.11,247.0,863.0,0,2025-09-28T02:30:49Z,2025-09-28T08:54:14Z,2025-09-28T20:17:54Z,2025-09-15T18:00:57Z,2025-10-06T01:34:10Z,2025-10-18T04:05:23Z
FC-02045,S100,2025-09-28T21:02:37Z,49.0,367.0,29.0,4.63,342.0,1432.0,1,2025-09-28T18:29:40Z,2025-09-28T17:19:45Z,2025-09-28T20:05:25Z,2025-09-22T19:00:47Z,2025-10-06T10:46:56Z,2025-10-15T10:37:56Z
FC-02046,S104,2025-09-29T00:33:13Z,83.0,691.0,130.0,18.56,501.0,2585.0,0,2025-09-28T20:21:07Z,2025-09-28T05:21:27Z,2025-09-28T23:33:04Z,2025-09-17T12:20:54Z,2025-10-06T15:32:26Z,2025-10-14T07:20:52Z
FC-02047,S149,2025-09-29T01:45:12Z,35.0,262.0,39.0,14.79,316.0,1069.0,0,2025-09-28T16:57:25Z,2025-09-28T23:42:40Z,2025-09-29T01:01:10Z,2025-09-22T17:23:58Z,2025-10-06T23:14:38Z,2025-10-25T14:03:27Z
FC-02048,S143,2025-09-29T02:00:43Z,34.0,249.0,44.0,28.23,261.0,1045.0,0,2025-09-28T20:41:21Z,2025-09-28T11:05:35Z,2025-09-29T01:21:56Z,2025-09-21T02:23:03Z,2025-10-06T22:53:44Z,2025-10-24T04:37:32Z
FC-02049,S131,2025-09-29T02:04:12Z,43.0,225.0,47.0,15.89,235.0,1015.0,0,2025-09-28T08:46:19Z,2025-09-28T12:46:24Z,2025-09-29T01:38:36Z,2025-09-24T08:01:04Z,2025-10-06T11:22:32Z,2025-10-07T16:29:54Z
FC-02050,S145,2025-09-29T02:08:28Z,44.0,295.0,54.0,32.08,307.0,1154.0,0,2025-09-28T14:52:50Z,2025-09-28T07:47:11Z,2025-09-29T01:57:43Z,2025-09-19T08:21:13Z,2025-10-06T07:19:23Z,2025-10-26T14:14:44Z
FC-02051,S146,2025-09-29T02:34:28Z,81.0,632.0,134.0,34.03,593.0,2427.0,0,2025-09-28T12:22:09Z,2025-09-28T09:43:06Z,2025-09-29T00:43:47Z,2025-09-26T01:00:09Z,2025-10-07T01:07:58Z,2025-10-13T11:24:56Z
FC-02052,S119,2025-09-29T03:15:18Z,28.0,228.0,55.0,18.47,261.0,1090.0,0,2025-09-28T20:55:54Z,2025-09-28T16:48:39Z,2025-09-29T02:29:33Z,2025-09-26T16:08:22Z,2025-10-06T12:31:34Z,2025-10-28T08:34:16Z
FC-02053,S125,2025-09-29T05:22:41Z,16.0,93.0,16.0,28.81,83.0,375.0,0,2025-09-28T12:28:22Z,2025-09-29T01:59:13Z,2025-09-29T04:12:52Z,2025-09-23T15:13:47Z,2025-10-06T11:53:48Z,2025-10-19T11:52:23Z
FC-02054,S113,2025-09-29T05:33:44Z,57.0,310.0,33.0,25.56,292.0,1404.0,1,2025-09-29T00:08:55Z,2025-09-28T18:33:50Z,2025-09-29T05:25:41Z,2025-09-25T12:38:25Z,2025-10-06T15:50:15Z,2025-10-06T01:25:53Z
FC-02055,S154,2025-09-29T06:15:26Z,10.0,72.0,11.0,2.01,60.0,292.0,0,2025-09-28T21:03:15Z,2025-09-28T17:46:11Z,2025-09-29T05:32:45Z,2025-09-20T13:50:36Z,2025-10-07T00:33:41Z,2025-10-17T10:23:43Z
FC-02056,S132,2025-09-29T08:01:07Z,47.0,320.0,61.0,22.1,318.0,1189.0,0,2025-09-28T22:34:52Z,2025-09-29T04:34:08Z,2025-09-29T06:13:48Z,2025-09-20T18:58:41Z,2025-10-06T18:45:35Z,2025-10-17T07:21:34Z
FC-02057,S129,2025-09-29T08:08:33Z,66.0,377.0,78.0,11.28,398.0,1788.0,0,2025-09-28T14:12:31Z,2025-09-29T00:29:48Z,2025-09-29T07:59:57Z,2025-09-15T13:50:25Z,2025-10-06T23:12:45Z,2025-10-14T22:34:38Z
FC-02058,S129,2025-09-29T08:10:50Z,7.0,56.0,12.0,25.83,61.0,258.0,0,2025-09-29T03:10:16Z,2025-09-29T04:10:11Z,2025-09-29T06:40:36Z,2025-09-24T23:45:53Z,2025-10-06T21:25:38Z,2025-10-27T17:08:22Z
FC-02059,S139,2025-09-29T08:46:43Z,53.0,357.0,68.0,12.95,360.0,1460.0,0,2025-09-29T04:39:45Z,2025-09-28T13:00:32Z,2025-09-29T08:26:40Z,2025-09-18T01:57:39Z,2025-10-07T04:21:59Z,2025-10-09T11:01:30Z
FC-02060,S133,2025-09-29T09:38:06Z,21.0,162.0,35.0,26.77,149.0,775.0,0,2025-09-29T04:50:58Z,2025-09-28T14:58:34Z,2025-09-29T08:30:52Z,2025-09-25T13:08:11Z,2025-10-06T23:59:16Z,2025-10-13T22:12:33Z
FC-02061,S110,2025-09-29T13:56:59Z,49.0,356.0,41.0,14.46,347.0,1400.0,1,2025-09-29T11:08:46Z,2025-09-29T06:17:34Z,2025-09-29T13:33:52Z,2025-09-17T02:19:38Z,2025-10-06T15:57:37Z,2025-10-10T07:54:21Z
FC-02062,S100,2025-09-29T14:07:24Z,33.0,273.0,65.0,7.51,263.0,1194.0,0,2025-09-29T06:29:29Z,2025-09-29T03:32:55Z,2025-09-29T13:12:28Z,2025-09-18T15:59:21Z,2025-10-06T21:14:21Z,2025-10-14T15:51:44Z
FC-02063,S152,2025-09-29T14:13:57Z,20.0,110.0,27.0,21.3,129.0,579.0,0,2025-09-29T00:07:43Z,2025-09-29T05:27:03Z,2025-09-29T13:01:29Z,2025-09-19T18:02:24Z,2025-10-07T10:04:32Z,2025-10-20T00:39:33Z
FC-02064,S133,2025-09-29T16:13:26Z,38.0,329.0,34.0,31.3,297.0,1289.0,1,2025-09-29T11:15:40Z,2025-09-29T07:04:04Z,2025-09-29T15:22:25Z,2025-09-16T20:17:41Z,2025-10-07T09:42:57Z,2025-10-16T18:18:23Z
FC-02065,S101,2025-09-29T16:27:44Z,90.0,621.0,136.0,13.1,488.0,2644.0,0,2025-09-29T02:55:48Z,2025-09-29T01:52:19Z,2025-09-29T15:04:07Z,2025-09-23T15:06:03Z,2025-10-06T17:19:50Z,2025-10-17T18:38:21Z
FC-02066,S117,2025-09-29T16:39:44Z,57.0,435.0,78.0,15.92,510.0,2080.0,0,2025-09-29T02:22:45Z,2025-09-29T10:55:24Z,2025-09-29T15:23:04Z,2025-09-21T15:46:40Z,2025-10-06T22:08:59Z,2025-10-23T02:39:04Z
FC-02067,S115,2025-09-29T16:48:10Z,38.0,200.0,36.0,23.62,225.0,1065.0,0,2025-09-28T22:58:09Z,2025-09-29T01:00:20Z,2025-09-29T15:57:44Z,2025-09-15T23:24:27Z,2025-10-07T02:09:21Z,2025-10-14T19:15:40Z
FC-02068,S139,2025-09-29T17:21:13Z,44.0,334.0,28.0,33.32,308.0,1375.0,1,2025-09-29T07:26:01Z,2025-09-28T22:29:33Z,2025-09-29T16:18:44Z,2025-09-23T15:15:54Z,2025-10-07T14:31:53Z,2025-10-25T03:49:35Z
FC-02069,S131,2025-09-29T17:27:46Z,43.0,409.0,33.0,7.54,416.0,1682.0,1,2025-09-29T01:31:24Z,2025-09-28T23:25:52Z,2025-09-29T16:52:29Z,2025-09-23T14:28:29Z,2025-10-06T18:42:59Z,2025-10-09T13:41:21Z
FC-02070,S147,2025-09-29T17:56:43Z,72.0,501.0,58.0,13.9,494.0,1962.0,1,2025-09-29T01:18:01Z,2025-09-29T04:15:17Z,2025-09-29T16:00:25Z,2025-09-26T01:29:17Z,2025-10-07T09:57:57Z,2025-10-09T03:07:22Z
FC-02071,S126,2025-09-29T18:32:52Z,107.0,739.0,107.0,38.75,684.0,3316.0,0,2025-09-29T03:52:12Z,2025-09-29T06:59:03Z,2025-09-29T16:53:32Z,2025-09-21T08:29:35Z,2025-10-06T19:03:35Z,2025-10-13T22:59:43Z
FC-02072,S124,2025-09-29T18:33:20Z,28.0,190.0,26.0,4.97,204.0,939.0,1,2025-09-29T11:33:27Z,2025-09-29T04:34:25Z,2025-09-29T17:37:14Z,2025-09-27T15:03:28Z,2025-10-07T15:27:38Z,2025-10-25T19:10:24Z
FC-02073,S146,2025-09-29T18:34:10Z,43.0,240.0,47.0,3.99,256.0,1086.0,0,2025-09-29T10:29:38Z,2025-09-29T11:55:47Z,2025-09-29T17:18:11Z,2025-09-23T00:04:02Z,2025-10-07T00:06:50Z,2025-10-12T06:33:01Z
FC-02074,S152,2025-09-29T19:19:05Z,42.0,255.0,57.0,26.9,291.0,1119.0,0,2025-09-29T07:53:48Z,2025-09-29T09:35:43Z,2025-09-29T18:30:09Z,2025-09-23T09:33:21Z,2025-10-07T12:15:56Z,2025-10-24T09:08:57Z
FC-02075,S123,2025-09-29T19:39:33Z,34.0,191.0,36.0,38.54,227.0,884.0,0,2025-09-29T02:30:20Z,2025-09-29T17:17:48Z,2025-09-29T17:51:13Z,2025-09-18T13:17:11Z,2025-10-07T04:06:46Z,2025-10-05T05:43:16Z
FC-02076,S128,2025-09-29T21:20:04Z,13.0,123.0,19.0,7.19,89.0,520.0,0,2025-09-29T07:29:45Z,2025-09-29T18:36:56Z,2025-09-29T19:48:05Z,2025-09-24T00:50:13Z,2025-10-07T00:39:27Z,2025-10-23T04:37:07Z
FC-02077,S156,2025-09-29T21:53:12Z,57.0,389.0,107.0,19.96,426.0,1828.0,0,2025-09-29T07:11:52Z,2025-09-29T04:45:20Z,2025-09-29T20:11:35Z,2025-09-19T09:42:19Z,2025-10-07T12:45:41Z,2025-10-11T06:03:17Z
FC-02078,S144,2025-09-29T22:56:48Z,43.0,373.0,79.0,26.65,282.0,1352.0,0,2025-09-29T19:07:26Z,2025-09-29T15:01:45Z,2025-09-29T21:36:34Z,2025-09-19T02:03:59Z,2025-10-07T06:03:02Z,2025-10-18T21:29:11Z
FC-02079,S105,2025-09-29T23:03:16Z,23.0,218.0,24.0,5.29,195.0,938.0,1,2025-09-29T10:37:39Z,2025-09-29T04:43:30Z,2025-09-29T22:56:49Z,2025-09-28T03:32:59Z,2025-10-07T14:54:56Z,2025-10-24T03:43:19Z
FC-02080,S127,2025-09-29T23:04:47Z,46.0,296.0,43.0,22.09,353.0,1336.0,0,2025-09-29T07:05:01Z,2025-09-29T18:46:23Z,2025-09-29T22:42:28Z,2025-09-16T07:52:35Z,2025-10-07T13:36:19Z,2025-10-27T15:05:16Z
FC-02081,S126,2025-09-29T23:26:37Z,50.0,276.0,41.0,31.12,360.0,1345.0,1,2025-09-29T11:47:01Z,2025-09-29T10:37:57Z,2025-09-29T22:08:44Z,2025-09-21T15:54:07Z,2025-10-07T19:47:48Z,2025-10-20T21:09:26Z
FC-02082,S105,2025-09-29T23:42:32Z,35.0,228.0,45.0,11.97,276.0,961.0,0,2025-09-29T14:15:11Z,2025-09-29T10:24:02Z,2025-09-29T21:51:02Z,2025-09-24T15:45:02Z,2025-10-07T13:11:08Z,2025-10-06T05:34:16Z
FC-02083,S115,2025-09-30T00:10:56Z,68.0,421.0,106.0,6.2,370.0,1934.0,0,2025-09-29T18:37:59Z,2025-09-29T20:10:55Z,2025-09-29T23:54:50Z,2025-09-22T02:00:31Z,2025-10-07T15:36:51Z,2025-10-27T08:00:38Z
FC-02084,S139,2025-09-30T03:18:29Z,75.0,550.0,102.0,31.87,550.0,2412.0,0,2025-09-29T14:06:47Z,2025-09-29T21:34:10Z,2025-09-30T01:52:41Z,2025-09-20T23:58:41Z,2025-10-07T11:50:21Z,2025-10-16T13:11:18Z
FC-02085,S152,2025-09-30T03:19:44Z,42.0,318.0,56.0,32.78,265.0,1335.0,0,2025-09-29T14:03:50Z,2025-09-30T00:23:01Z,2025-09-30T01:44:23Z,2025-09-23T22:13:25Z,2025-10-08T02:20:10Z,2025-10-12T21:52:07Z
FC-02086,S123,2025-09-30T04:00:39Z,12.0,76.0,8.0,16.18,63.0,298.0,1,2025-09-29T16:35:41Z,2025-09-29T21:52:02Z,2025-09-30T03:02:42Z,2025-09-27T06:18:53Z,2025-10-07T13:06:55Z,2025-10-20T09:27:56Z
FC-02087,S124,2025-09-30T04:29:08Z,18.0,134.0,31.0,31.39,118.0,498.0,0,2025-09-29T20:54:40Z,2025-09-29T23:30:06Z,2025-09-30T03:17:27Z,2025-09-17T12:44:24Z,2025-10-08T03:55:34Z,2025-10-18T22:56:49Z
FC-02088,S107,2025-09-30T04:47:53Z,20.0,141.0,38.0,28.45,167.0,708.0,0,2025-09-29T10:46:06Z,2025-09-29T18:38:16Z,2025-09-30T04:12:16Z,2025-09-28T02:28:27Z,2025-10-08T00:57:04Z,2025-10-30T04:22:29Z
FC-02089,S139,2025-09-30T05:53:11Z,29.0,217.0,24.0,21.31,195.0,992.0,1,2025-09-30T02:17:24Z,2025-09-29T10:32:01Z,2025-09-30T04:52:36Z,2025-09-25T14:40:30Z,2025-10-07T10:24:39Z,2025-10-08T09:20:04Z
FC-02090,S111,2025-09-30T05:58:35Z,81.0,546.0,78.0,6.31,569.0,2187.0,0,2025-09-29T17:29:22Z,2025-09-30T02:56:57Z,2025-09-30T04:45:42Z,2025-09-22T11:50:36Z,2025-10-07T10:50:04Z,2025-10-06T18:38:52Z
FC-02091,S124,2025-09-30T06:23:21Z,40.0,253.0,49.0,10.17,278.0,1198.0,0,2025-09-29T22:02:56Z,2025-09-30T00:09:08Z,2025-09-30T06:11:22Z,2025-09-29T03:38:55Z,2025-10-07T07:15:36Z,2025-10-15T02:13:11Z
FC-02092,S157,2025-09-30T07:52:23Z,40.0,295.0,38.0,28.65,230.0,1112.0,0,2025-09-30T02:36:32Z,2025-09-29T14:33:55Z,2025-09-30T06:52:05Z,2025-09-22T21:27:35Z,2025-10-08T05:37:02Z,2025-10-11T10:23:26Z
FC-02093,S156,2025-09-30T08:21:41Z,38.0,211.0,53.0,11.25,236.0,1019.0,0,2025-09-29T13:18:35Z,2025-09-30T01:14:56Z,2025-09-30T06:54:47Z,2025-09-20T21:48:41Z,2025-10-08T07:11:03Z,2025-10-29T10:11:47Z
FC-02094,S141,2025-09-30T10:01:53Z,50.0,337.0,82.0,14.39,271.0,1436.0,0,2025-09-29T16:15:02Z,2025-09-30T01:08:26Z,2025-09-30T08:36:48Z,2025-09-19T11:31:28Z,2025-10-07T22:34:24Z,2025-10-20T10:42:38Z
FC-02095,S139,2025-09-30T10:05:38Z,43.0,254.0,57.0,22.22,295.0,1097.0,0,2025-09-30T07:42:25Z,2025-09-29T15:07:23Z,2025-09-30T09:06:14Z,2025-09-24T22:13:09Z,2025-10-07T23:10:56Z,2025-10-06T14:07:06Z
FC-02096,S112,2025-09-30T10:40:11Z,12.0,107.0,11.0,6.31,88.0,392.0,1,2025-09-29T15:22:39Z,2025-09-29T23:19:08Z,2025-09-30T09:00:53Z,2025-09-28T19:36:11Z,2025-10-07T13:04:37Z,2025-10-17T15:09:08Z
FC-02097,S100,2025-09-30T12:44:43Z,60.0,468.0,107.0,6.5,525.0,1990.0,0,2025-09-29T21:27:21Z,2025-09-30T03:49:44Z,2025-09-30T10:54:18Z,2025-09-26T01:58:27Z,2025-10-07T21:30:44Z,2025-10-23T05:11:07Z
FC-02098,S137,2025-09-30T13:05:49Z,67.0,432.0,91.0,18.56,375.0,1829.0,0,2025-09-30T08:56:04Z,2025-09-30T08:38:14Z,2025-09-30T11:07:22Z,2025-09-25T12:56:55Z,2025-10-08T01:53:25Z,2025-10-16T10:30:15Z
FC-02099,S126,2025-09-30T13:12:26Z,32.0,258.0,32.0,8.73,216.0,1079.0,0,2025-09-29T18:39:13Z,2025-09-30T05:32:03Z,2025-09-30T11:44:45Z,2025-09-22T16:18:15Z,2025-10-07T18:19:58Z,2025-10-23T14:38:36Z
FC-02100,S114,2025-09-30T13:15:47Z,140.0,776.0,84.0,14.02,846.0,3345.0,1,2025-09-30T03:14:54Z,2025-09-30T07:14:39Z,2025-09-30T12:48:36Z,2025-09-24T08:31:32Z,2025-10-08T06:34:56Z,2025-10-13T16:16:06Z
FC-02101,S111,2025-09-30T14:04:31Z,44.0,289.0,70.0,26.47,371.0,1517.0,0,2025-09-29T21:42:06Z,2025-09-30T11:39:55Z,2025-09-30T13:17:12Z,2025-09-18T13:06:30Z,2025-10-07T17:04:26Z,2025-10-19T11:31:23Z
FC-02102,S120,2025-09-30T14:22:43Z,72.0,588.0,49.0,31.38,481.0,2017.0,1,2025-09-29T22:52:51Z,2025-09-30T09:45:19Z,2025-09-30T12:44:14Z,2025-09-24T01:28:23Z,2025-10-07T22:30:07Z,2025-10-10T07:30:20Z
FC-02103,S144,2025-09-30T15:38:45Z,60.0,419.0,54.0,31.92,460.0,2024.0,1,2025-09-30T07:30:09Z,2025-09-30T12:10:09Z,2025-09-30T13:57:10Z,2025-09-25T18:01:19Z,2025-10-08T00:56:41Z,2025-10-10T00:20:47Z
FC-02104,S117,2025-09-30T16:28:31Z,62.0,495.0,99.0,19.03,504.0,2377.0,0,2025-09-30T12:48:43Z,2025-09-29T23:55:15Z,2025-09-30T14:44:32Z,2025-09-17T22:57:41Z,2025-10-08T14:03:17Z,2025-10-30T06:02:58Z
FC-02105,S118,2025-09-30T17:30:46Z,72.0,643.0,139.0,6.18,622.0,2643.0,0,2025-09-30T00:25:27Z,2025-09-29T23:18:05Z,2025-09-30T16:40:53Z,2025-09-23T11:40:51Z,2025-10-07T17:31:37Z,2025-10-06T22:40:52Z
FC-02106,S143,2025-09-30T17:35:37Z,64.0,455.0,59.0,2.5,435.0,1759.0,1,2025-09-30T04:39:10Z,2025-09-30T05:28:53Z,2025-09-30T15:37:53Z,2025-09-21T15:12:28Z,2025-10-08T01:37:21Z,2025-10-07T22:47:45Z
FC-02107,S142,2025-09-30T18:25:41Z,81.0,554.0,104.0,14.86,604.0,2349.0,0,2025-09-30T09:53:01Z,2025-09-30T03:09:05Z,2025-09-30T18:16:15Z,2025-09-20T06:56:09Z,2025-10-08T15:59:53Z,2025-10-09T02:25:53Z
FC-02108,S141,2025-09-30T18:35:33Z,64.0,446.0,59.0,9.77,361.0,1677.0,1,2025-09-30T12:32:36Z,2025-09-30T07:52:09Z,2025-09-30T17:20:17Z,2025-09-29T12:38:01Z,2025-10-08T10:05:45Z,2025-10-14T21:32:22Z
FC-02109,S108,2025-09-30T20:14:21Z,38.0,365.0,59.0,2.72,327.0,1445.0,0,2025-09-30T06:15:17Z,2025-09-30T06:40:20Z,2025-09-30T19:54:49Z,2025-09-27T20:28:08Z,2025-10-08T02:57:04Z,2025-10-11T07:19:25Z
FC-02110,S125,2025-09-30T20:53:42Z,33.0,231.0,41.0,37.93,272.0,1158.0,0,2025-09-30T12:19:43Z,2025-09-30T07:11:57Z,2025-09-30T20:34:13Z,2025-09-25T02:19:19Z,2025-10-08T01:21:19Z,2025-10-23T18:54:43Z
FC-02111,S153,2025-09-30T20:55:22Z,57.0,424.0,89.0,12.27,398.0,1552.0,0,2025-09-30T14:42:55Z,2025-09-30T05:43:04Z,2025-09-30T20:09:15Z,2025-09-18T02:24:55Z,2025-10-08T00:55:53Z,2025-10-17T22:11:05Z
FC-02112,S126,2025-09-30T21:13:34Z,71.0,508.0,135.0,11.06,492.0,2128.0,0,2025-09-30T12:15:07Z,2025-09-30T09:35:39Z,2025-09-30T20:25:09Z,2025-09-17T20:31:56Z,2025-10-08T05:45:13Z,2025-10-16T00:24:10Z
FC-02113,S126,2025-09-30T21:24:23Z,24.0,143.0,21.0,19.03,159.0,645.0,0,2025-09-30T04:02:15Z,2025-09-30T07:06:22Z,2025-09-30T21:12:41Z,2025-09-23T22:23:32Z,2025-10-07T21:52:23Z,2025-10-17T12:02:00Z
FC-02114,S109,2025-09-30T22:30:32Z,30.0,181.0,25.0,12.02,199.0,878.0,1,2025-09-30T06:01:52Z,2025-09-30T11:09:21Z,2025-09-30T22:09:30Z,2025-09-17T09:15:59Z,2025-10-08T13:06:06Z,2025-10-06T01:34:31Z
FC-02115,S126,2025-09-30T22:45:52Z,26.0,177.0,21.0,15.19,171.0,935.0,1,2025-09-30T18:07:27Z,2025-09-30T04:20:25Z,2025-09-30T21:18:38Z,2025-09-24T17:48:05Z,2025-10-08T13:38:15Z,2025-10-27T17:15:08Z
FC-02116,S157,2025-09-30T22:46:30Z,57.0,431.0,71.0,2.95,443.0,2105.0,0,2025-09-30T03:33:23Z,2025-09-30T07:42:19Z,2025-09-30T22:02:57Z,2025-09-23T17:46:50Z,2025-10-08T21:30:42Z,2025-10-11T07:13:47Z
FC-02117,S142,2025-09-30T23:20:57Z,65.0,518.0,124.0,9.24,492.0,2397.0,0,2025-09-30T14:26:59Z,2025-09-30T14:49:52Z,2025-09-30T23:02:59Z,2025-09-23T12:16:18Z,2025-10-08T16:20:13Z,2025-10-25T07:41:17Z
FC-02118,S138,2025-10-01T00:25:10Z,108.0,802.0,119.0,17.87,733.0,3409.0,0,2025-09-30T15:16:47Z,2025-09-30T17:13:34Z,2025-09-30T22:42:02Z,2025-09-24T10:47:12Z,2025-10-08T22:11:46Z,2025-10-26T12:58:15Z
FC-02119,S135,2025-10-01T00:38:39Z,60.0,403.0,107.0,37.08,493.0,1835.0,0,2025-09-30T07:19:28Z,2025-09-30T09:08:00Z,2025-09-30T22:43:44Z,2025-09-22T12:10:39Z,2025-10-08T02:01:57Z,2025-10-22T01:14:03Z
FC-02120,S108,2025-10-01T00:51:17Z,38.0,307.0,40.0,24.45,253.0,1334.0,0,2025-09-30T10:17:55Z,2025-09-30T20:59:55Z,2025-10-01T00:20:54Z,2025-09-20T11:07:42Z,2025-10-08T03:21:10Z,2025-10-07T16:13:31Z
FC-02121,S157,2025-10-01T01:34:20Z,30.0,229.0,46.0,11.52,291.0,957.0,0,2025-09-30T08:54:34Z,2025-09-30T08:38:51Z,2025-10-01T00:04:22Z,2025-09-26T20:01:52Z,2025-10-08T01:41:37Z,2025-10-13T19:47:43Z
FC-02122,S125,2025-10-01T02:13:08Z,27.0,215.0,58.0,16.75,205.0,968.0,0,2025-09-30T13:23:22Z,2025-09-30T23:22:06Z,2025-10-01T00:13:59Z,2025-09-22T04:37:46Z,2025-10-08T06:58:25Z,2025-10-14T18:44:16Z
FC-02123,S133,2025-10-01T02:19:25Z,74.0,436.0,100.0,22.17,404.0,2132.0,0,2025-09-30T18:46:37Z,2025-09-30T07:49:29Z,2025-10-01T01:37:40Z,2025-09-19T19:54:45Z,2025-10-08T21:36:22Z,2025-10-11T15:07:13Z
FC-02124,S141,2025-10-01T03:16:03Z,49.0,378.0,62.0,31.21,316.0,1337.0,0,2025-09-30T21:44:42Z,2025-09-30T23:43:25Z,2025-10-01T02:24:54Z,2025-09-27T23:10:51Z,2025-10-08T20:11:32Z,2025-10-22T10:43:51Z
FC-02125,S107,2025-10-01T04:12:58Z,47.0,346.0,77.0,15.28,428.0,1419.0,0,2025-09-30T18:55:33Z,2025-09-30T22:40:19Z,2025-10-01T03:08:04Z,2025-09-26T18:10:50Z,2025-10-08T14:58:17Z,2025-10-26T17:13:46Z
FC-02126,S110,2025-10-01T04:26:02Z,88.0,620.0,121.0,28.96,454.0,2403.0,0,2025-09-30T08:34:50Z,2025-09-30T19:33:57Z,2025-10-01T02:26:50Z,2025-09-20T23:36:54Z,2025-10-08T10:03:35Z,2025-10-19T11:36:32Z
FC-02127,S100,2025-10-01T05:10:49Z,36.0,271.0,34.0,25.86,295.0,1287.0,1,2025-10-01T03:03:01Z,2025-09-30T09:22:02Z,2025-10-01T03:14:07Z,2025-09-29T10:33:55Z,2025-10-08T14:26:07Z,2025-10-28T09:48:41Z
FC-02128,S145,2025-10-01T05:14:52Z,66.0,417.0,91.0,10.97,433.0,2104.0,0,2025-09-30T19:34:13Z,2025-09-30T20:30:24Z,2025-10-01T05:00:06Z,2025-09-29T01:41:08Z,2025-10-09T00:20:19Z,2025-10-19T09:16:47Z
FC-02129,S155,2025-10-01T05:49:59Z,25.0,195.0,36.0,34.46,199.0,777.0,0,2025-09-30T13:41:29Z,2025-09-30T16:37:21Z,2025-10-01T04:03:36Z,2025-09-20T14:24:24Z,2025-10-08T20:10:58Z,2025-10-15T10:12:53Z
FC-02130,S127,2025-10-01T06:08:44Z,67.0,533.0,115.0,16.57,492.0,2532.0,0,2025-09-30T19:44:06Z,2025-09-30T12:22:25Z,2025-10-01T04:30:38Z,2025-09-22T01:30:17Z,2025-10-09T01:37:38Z,2025-10-11T23:16:04Z
FC-02131,S137,2025-10-01T06:32:42Z,52.0,482.0,48.0,31.43,456.0,1710.0,1,2025-09-30T20:12:22Z,2025-10-01T02:24:52Z,2025-10-01T05:58:13Z,2025-09-23T09:51:38Z,2025-10-08T22:06:37Z,2025-10-18T07:53:42Z
FC-02132,S154,2025-10-01T06:47:59Z,27.0,186.0,31.0,35.91,214.0,863.0,0,2025-09-30T11:48:33Z,2025-09-30T23:57:19Z,2025-10-01T05:05:44Z,2025-09-28T11:00:17Z,2025-10-08T11:49:52Z,2025-10-11T15:18:52Z
FC-02133,S146,2025-10-01T07:05:53Z,46.0,305.0,43.0,33.17,309.0,1269.0,0,2025-09-30T13:40:24Z,2025-10-01T04:44:09Z,2025-10-01T05:42:46Z,2025-09-27T11:09:27Z,2025-10-08T15:05:35Z,2025-10-07T14:33:09Z
FC-02134,S130,2025-10-01T08:26:05Z,16.0,120.0,11.0,36.81,107.0,471.0,1,2025-09-30T16:08:08Z,2025-10-01T01:26:03Z,2025-10-01T06:32:59Z,2025-09-17T14:29:42Z,2025-10-08T11:50:48Z,2025-10-22T19:46:59Z
FC-02135,S152,2025-10-01T09:29:32Z,70.0,415.0,59.0,16.28,385.0,1736.0,0,2025-09-30T19:47:28Z,2025-10-01T04:45:05Z,2025-10-01T08:36:38Z,2025-09-18T01:32:54Z,2025-10-08T19:12:39Z,2025-10-19T01:22:14Z
FC-02136,S155,2025-10-01T10:10:02Z,62.0,421.0,49.0,9.86,405.0,1704.0,1,2025-09-30T23:05:53Z,2025-09-30T16:08:34Z,2025-10-01T08:17:10Z,2025-09-24T09:06:11Z,2025-10-08T16:27:09Z,2025-10-13T10:56:49Z
FC-02137,S120,2025-10-01T10:34:38Z,42.0,260.0,44.0,15.95,270.0,1169.0,0,2025-09-30T18:49:47Z,2025-09-30T20:00:49Z,2025-10-01T09:14:46Z,2025-09-24T04:29:33Z,2025-10-08T15:57:42Z,2025-10-26T05:11:47Z
FC-02138,S118,2025-10-01T11:05:24Z,73.0,559.0,112.0,15.15,512.0,2201.0,0,2025-09-30T17:59:35Z,2025-09-30T23:22:25Z,2025-10-01T10:43:34Z,2025-09-26T20:44:24Z,2025-10-09T07:47:21Z,2025-10-29T12:00:38Z
FC-02139,S114,2025-10-01T12:15:37Z,54.0,473.0,60.0,39.62,409.0,1767.0,1,2025-10-01T09:39:06Z,2025-09-30T21:19:46Z,2025-10-01T10:26:16Z,2025-09-18T21:53:11Z,2025-10-08T20:01:26Z,2025-10-18T19:22:34Z
FC-02140,S121,2025-10-01T12:32:13Z,22.0,165.0,22.0,39.74,135.0,683.0,0,2025-10-01T09:56:29Z,2025-09-30T20:54:01Z,2025-10-01T12:09:52Z,2025-09-22T11:15:08Z,2025-10-08T23:49:38Z,2025-10-31T02:13:39Z
FC-02141,S132,2025-10-01T13:35:03Z,34.0,220.0,23.0,26.02,172.0,885.0,1,2025-09-30T20:06:50Z,2025-09-30T18:30:05Z,2025-10-01T11:54:30Z,2025-09-21T05:27:58Z,2025-10-09T03:44:09Z,2025-10-23T15:25:20Z
FC-02142,S108,2025-10-01T16:05:20Z,37.0,300.0,61.0,6.76,244.0,1124.0,0,2025-09-30T22:24:59Z,2025-09-30T21:05:17Z,2025-10-01T14:23:47Z,2025-09-21T00:34:19Z,2025-10-09T12:52:08Z,2025-10-14T17:10:05Z
FC-02143,S109,2025-10-01T16:14:27Z,22.0,148.0,23.0,17.44,162.0,744.0,0,2025-09-30T22:36:06Z,2025-10-01T09:49:36Z,2025-10-01T15:55:41Z,2025-09-30T11:14:22Z,2025-10-09T02:36:36Z,2025-10-11T01:01:41Z
FC-02144,S101,2025-10-01T16:52:11Z,76.0,475.0,83.0,39.35,636.0,2328.0,0,2025-10-01T07:31:07Z,2025-09-30T21:13:50Z,2025-10-01T15:12:17Z,2025-09-30T01:09:52Z,2025-10-09T01:39:41Z,2025-10-07T16:17:35Z
FC-02145,S141,2025-10-01T18:14:11Z,19.0,161.0,39.0,18.06,170.0,676.0,0,2025-10-01T12:13:07Z,2025-10-01T13:33:39Z,2025-10-01T17:35:30Z,2025-09-25T19:03:24Z,2025-10-09T03:40:29Z,2025-10-10T21:03:18Z
FC-02146,S139,2025-10-01T19:21:40Z,77.0,398.0,104.0,25.99,557.0,1913.0,0,2025-10-01T12:49:44Z,2025-10-01T16:40:51Z,2025-10-01T18:25:55Z,2025-09-21T07:53:43Z,2025-10-08T19:59:54Z,2025-10-09T02:12:15Z
FC-02147,S117,2025-10-01T19:24:28Z,24.0,183.0,38.0,8.36,201.0,829.0,0,2025-10-01T05:36:19Z,2025-10-01T00:42:34Z,2025-10-01T18:48:15Z,2025-09-18T01:23:17Z,2025-10-09T06:47:41Z,2025-10-24T17:10:27Z
FC-02148,S115,2025-10-01T19:40:55Z,39.0,287.0,25.0,3.62,247.0,1084.0,1,2025-10-01T01:44:24Z,2025-10-01T09:27:30Z,2025-10-01T18:17:41Z,2025-09-18T08:12:00Z,2025-10-09T06:38:21Z,2025-10-30T05:36:02Z
FC-02149,S146,2025-10-01T20:47:55Z,31.0,194.0,54.0,25.14,219.0,918.0,0,2025-10-01T15:41:03Z,2025-10-01T14:29:37Z,2025-10-01T20:23:08Z,2025-09-20T20:37:44Z,2025-10-09T20:25:06Z,2025-10-23T09:00:18Z
FC-02150,S103,2025-10-01T21:06:17Z,73.0,404.0,81.0,31.86,504.0,2099.0,0,2025-10-01T02:22:54Z,2025-10-01T03:48:42Z,2025-10-01T19:14:41Z,2025-09-20T00:54:15Z,2025-10-09T19:28:21Z,2025-10-18T04:35:24Z
FC-02151,S107,2025-10-01T21:28:38Z,83.0,668.0,167.0,14.03,776.0,3280.0,0,2025-10-01T18:56:11Z,2025-10-01T12:44:53Z,2025-10-01T20:00:48Z,2025-09-19T17:45:10Z,2025-10-09T04:27:10Z,2025-10-09T18:39:45Z
FC-02152,S103,2025-10-01T21:52:43Z,68.0,358.0,87.0,12.23,361.0,1632.0,0,2025-10-01T13:38:14Z,2025-10-01T19:25:11Z,2025-10-01T20:48:13Z,2025-09-21T13:22:17Z,2025-10-09T04:00:50Z,2025-10-13T06:13:46Z
FC-02153,S150,2025-10-01T22:18:58Z,54.0,437.0,80.0,5.71,474.0,2038.0,0,2025-10-01T07:44:03Z,2025-10-01T11:52:10Z,2025-10-01T20:31:31Z,2025-09-21T06:23:28Z,2025-10-09T16:51:24Z,2025-10-12T12:22:31Z
FC-02154,S102,2025-10-01T22:55:20Z,17.0,158.0,20.0,26.81,123.0,567.0,0,2025-10-01T08:14:03Z,2025-10-01T07:19:05Z,2025-10-01T21:48:13Z,2025-09-29T09:20:19Z,2025-10-09T13:13:43Z,2025-10-30T16:37:49Z
FC-02155,S110,2025-10-02T00:20:22Z,43.0,369.0,37.0,14.03,406.0,1541.0,1,2025-10-01T19:31:28Z,2025-10-01T10:53:10Z,2025-10-01T23:47:25Z,2025-09-24T14:59:32Z,2025-10-09T01:02:19Z,2025-10-08T11:22:27Z
FC-02156,S112,2025-10-02T01:24:20Z,60.0,586.0,122.0,17.94,505.0,2101.0,0,2025-10-01T19:32:54Z,2025-10-01T17:46:14Z,2025-10-02T00:06:26Z,2025-09-23T05:11:58Z,2025-10-09T19:43:00Z,2025-10-23T00:50:59Z
FC-02157,S103,2025-10-02T01:35:05Z,86.0,607.0,55.0,21.94,739.0,2527.0,1,2025-10-01T15:52:45Z,2025-10-01T17:06:43Z,2025-10-02T00:50:39Z,2025-09-27T04:06:10Z,2025-10-09T09:46:03Z,2025-10-15T11:10:11Z
FC-02158,S120,2025-10-02T03:05:55Z,50.0,366.0,30.0,6.9,304.0,1579.0,1,2025-10-01T20:21:30Z,2025-10-01T07:42:37Z,2025-10-02T02:50:03Z,2025-09-24T23:45:59Z,2025-10-09T17:18:49Z,2025-10-28T23:37:42Z
FC-02159,S121,2025-10-02T03:46:06Z,83.0,583.0,157.0,24.55,613.0,2745.0,0,2025-10-01T22:41:46Z,2025-10-01T17:28:52Z,2025-10-02T02:46:19Z,2025-09-27T20:58:18Z,2025-10-09T10:10:44Z,2025-10-29T20:17:29Z
FC-02160,S143,2025-10-02T04:32:23Z,70.0,386.0,49.0,6.7,343.0,1879.0,1,2025-10-01T12:58:07Z,2025-10-01T09:11:04Z,2025-10-02T03:35:02Z,2025-09-28T16:56:33Z,2025-10-09T15:34:37Z,2025-10-31T09:58:41Z
FC-02161,S148,2025-10-02T05:56:48Z,40.0,309.0,40.0,33.58,399.0,1466.0,1,2025-10-01T12:22:32Z,2025-10-01T22:12:21Z,2025-10-02T04:20:33Z,2025-09-29T11:25:28Z,2025-10-09T10:27:47Z,2025-10-28T08:14:38Z
FC-02162,S155,2025-10-02T06:50:10Z,14.0,119.0,18.0,39.11,122.0,494.0,0,2025-10-02T01:22:18Z,2025-10-01T18:28:23Z,2025-10-02T05:53:46Z,2025-09-19T03:44:03Z,2025-10-09T22:40:45Z,2025-10-18T20:14:22Z
FC-02163,S115,2025-10-02T07:18:22Z,43.0,307.0,41.0,4.5,282.0,1191.0,0,2025-10-01T17:15:36Z,2025-10-01T15:36:18Z,2025-10-02T06:52:08Z,2025-09-30T07:10:18Z,2025-10-09T22:20:53Z,2025-10-19T06:13:34Z
FC-02164,S142,2025-10-02T07:43:00Z,105.0,625.0,144.0,3.32,651.0,3263.0,0,2025-10-02T01:56:58Z,2025-10-01T13:50:17Z,2025-10-02T06:18:56Z,2025-09-29T09:23:45Z,2025-10-09T21:10:07Z,2025-10-25T01:09:18Z
FC-02165,S158,2025-10-02T07:45:46Z,105.0,675.0,136.0,12.05,669.0,2776.0,0,2025-10-01T17:31:40Z,2025-10-01T19:57:34Z,2025-10-02T06:27:21Z,2025-09-21T12:24:51Z,2025-10-10T04:16:33Z,2025-10-09T22:17:55Z
FC-02166,S141,2025-10-02T08:01:23Z,30.0,197.0,42.0,26.65,242.0,925.0,0,2025-10-01T13:26:09Z,2025-10-01T21:14:38Z,2025-10-02T07:38:16Z,2025-09-24T14:12:19Z,2025-10-09T22:17:26Z,2025-10-17T01:56:16Z
FC-02167,S133,2025-10-02T08:01:30Z,60.0,442.0,104.0,30.39,519.0,1926.0,0,2025-10-01T18:57:22Z,2025-10-02T03:07:47Z,2025-10-02T06:58:48Z,2025-09-24T02:22:55Z,2025-10-09T20:29:37Z,2025-10-29T00:54:18Z
FC-02168,S156,2025-10-02T08:10:34Z,166.0,1202.0,101.0,15.54,1155.0,4477.0,1,2025-10-01T18:15:22Z,2025-10-01T17:22:57Z,2025-10-02T08:03:31Z,2025-09-28T21:17:20Z,2025-10-09T13:32:18Z,2025-10-23T16:39:47Z
FC-02169,S133,2025-10-02T08:30:45Z,33.0,302.0,67.0,25.21,255.0,1140.0,0,2025-10-01T18:44:45Z,2025-10-01T20:30:39Z,2025-10-02T07:55:15Z,2025-09-27T10:04:07Z,2025-10-09T14:44:55Z,2025-10-22T09:20:22Z
FC-02170,S112,2025-10-02T08:45:21Z,25.0,219.0,44.0,13.44,224.0,847.0,0,2025-10-01T18:35:38Z,2025-10-02T06:00:17Z,2025-10-02T07:39:46Z,2025-09-18T22:58:05Z,2025-10-10T04:36:15Z,2025-10-17T00:53:36Z
FC-02171,S141,2025-10-02T09:03:25Z,31.0,167.0,40.0,26.41,181.0,809.0,0,2025-10-02T01:09:04Z,2025-10-02T05:43:37Z,2025-10-02T07:29:01Z,2025-09-20T19:30:47Z,2025-10-10T05:54:26Z,2025-10-20T05:41:37Z
FC-02172,S120,2025-10-02T09:43:21Z,58.0,321.0,61.0,17.18,430.0,1474.0,0,2025-10-01T23:55:19Z,2025-10-01T21:49:48Z,2025-10-02T08:02:04Z,2025-09-29T19:13:35Z,2025-10-10T01:25:39Z,2025-10-31T13:03:37Z
FC-02173,S157,2025-10-02T10:01:30Z,30.0,299.0,56.0,17.93,254.0,1074.0,0,2025-10-01T17:14:09Z,2025-10-02T01:53:51Z,2025-10-02T08:33:58Z,2025-09-22T03:12:13Z,2025-10-09T11:50:49Z,2025-10-30T21:33:41Z
FC-02174,S134,2025-10-02T10:02:18Z,27.0,202.0,24.0,10.27,207.0,916.0,1,2025-10-02T01:20:21Z,2025-10-01T19:02:14Z,2025-10-02T09:55:28Z,2025-09-18T15:40:37Z,2025-10-09T20:41:50Z,2025-10-21T02:37:15Z
FC-02175,S130,2025-10-02T10:42:19Z,29.0,226.0,28.0,25.58,175.0,1036.0,0,2025-10-02T08:11:26Z,2025-10-01T18:03:05Z,2025-10-02T10:14:54Z,2025-09-29T14:27:12Z,2025-10-10T05:48:53Z,2025-10-13T10:19:59Z
FC-02176,S125,2025-10-02T11:06:52Z,55.0,280.0,31.0,11.01,296.0,1392.0,1,2025-10-02T04:05:09Z,2025-10-01T23:48:45Z,2025-10-02T10:42:49Z,2025-09-21T10:54:16Z,2025-10-10T09:36:16Z,2025-10-28T06:37:43Z
FC-02177,S128,2025-10-02T11:45:30Z,30.0,198.0,44.0,6.39,188.0,869.0,0,2025-10-02T08:50:27Z,2025-10-01T17:39:05Z,2025-10-02T10:28:53Z,2025-09-19T15:36:23Z,2025-10-09T22:42:44Z,2025-10-16T21:32:19Z
FC-02178,S148,2025-10-02T11:46:26Z,20.0,124.0,15.0,14.89,92.0,466.0,1,2025-10-02T04:16:49Z,2025-10-01T20:45:51Z,2025-10-02T11:09:24Z,2025-09-19T10:46:22Z,2025-10-10T04:17:48Z,2025-10-17T10:37:58Z
FC-02179,S113,2025-10-02T11:59:07Z,51.0,317.0,57.0,13.67,282.0,1229.0,0,2025-10-02T01:16:36Z,2025-10-01T19:58:27Z,2025-10-02T11:26:19Z,2025-09-27T21:19:08Z,2025-10-09T19:33:08Z,2025-10-12T20:33:11Z
FC-02180,S155,2025-10-02T12:27:45Z,43.0,381.0,66.0,31.68,319.0,1616.0,0,2025-10-02T05:44:18Z,2025-10-02T01:09:30Z,2025-10-02T10:59:33Z,2025-09-24T06:29:18Z,2025-10-09T23:32:04Z,2025-10-13T01:53:32Z
FC-02181,S140,2025-10-02T12:58:49Z,66.0,488.0,83.0,20.19,423.0,1975.0,0,2025-10-02T06:46:16Z,2025-10-02T00:11:35Z,2025-10-02T12:45:50Z,2025-09-22T23:47:18Z,2025-10-10T00:57:34Z,2025-10-22T23:28:07Z
FC-02182,S121,2025-10-02T13:26:44Z,47.0,300.0,60.0,13.14,321.0,1210.0,0,2025-10-02T06:24:26Z,2025-10-02T01:29:03Z,2025-10-02T11:58:23Z,2025-09-23T22:06:28Z,2025-10-09T20:18:09Z,2025-10-15T09:02:56Z
FC-02183,S152,2025-10-02T14:05:16Z,17.0,121.0,15.0,14.56,116.0,552.0,1,2025-10-01T21:54:07Z,2025-10-02T00:53:43Z,2025-10-02T13:53:47Z,2025-09-30T21:03:18Z,2025-10-09T19:01:27Z,2025-10-24T14:16:12Z
FC-02184,S138,2025-10-02T14:46:50Z,63.0,378.0,87.0,9.99,326.0,1456.0,0,2025-10-02T07:50:35Z,2025-10-02T03:53:01Z,2025-10-02T14:21:05Z,2025-09-29T17:58:35Z,2025-10-10T01:15:38Z,2025-10-13T01:08:55Z
FC-02185,S116,2025-10-02T15:01:00Z,22.0,179.0,41.0,8.97,127.0,686.0,0,2025-10-02T12:33:39Z,2025-10-01T21:55:17Z,2025-10-02T13:08:33Z,2025-09-19T00:33:07Z,2025-10-10T03:15:13Z,2025-11-01T04:28:15Z
FC-02186,S114,2025-10-02T15:17:23Z,16.0,124.0,16.0,27.3,115.0,532.0,0,2025-10-02T12:32:19Z,2025-10-02T07:20:02Z,2025-10-02T13:56:25Z,2025-10-01T00:25:37Z,2025-10-10T13:24:02Z,2025-10-23T20:44:56Z
FC-02187,S135,2025-10-02T15:21:16Z,35.0,303.0,54.0,32.27,335.0,1098.0,0,2025-10-02T01:37:09Z,2025-10-02T01:33:15Z,2025-10-02T13:41:40Z,2025-09-27T03:55:26Z,2025-10-09T16:27:13Z,2025-10-08T05:22:15Z
FC-02188,S110,2025-10-02T16:05:56Z,19.0,145.0,31.0,33.12,178.0,629.0,0,2025-10-01T20:55:49Z,2025-10-02T12:35:43Z,2025-10-02T15:46:58Z,2025-09-24T17:05:01Z,2025-10-09T16:44:01Z,2025-10-21T08:14:22Z
FC-02189,S138,2025-10-02T16:17:09Z,35.0,219.0,35.0,28.88,218.0,877.0,0,2025-10-02T06:11:07Z,2025-10-02T06:47:53Z,2025-10-02T15:29:44Z,2025-09-24T14:35:05Z,2025-10-10T06:00:34Z,2025-10-25T03:00:24Z
FC-02190,S107,2025-10-02T16:45:25Z,7.0,55.0,9.0,2.81,54.0,214.0,0,2025-10-02T13:21:57Z,2025-10-02T01:12:02Z,2025-10-02T16:23:28Z,2025-09-22T08:44:28Z,2025-10-09T21:16:55Z,2025-10-20T14:49:39Z
FC-02191,S120,2025-10-02T16:51:55Z,33.0,274.0,48.0,34.02,256.0,1052.0,0,2025-10-02T00:08:09Z,2025-10-02T13:38:55Z,2025-10-02T16:43:33Z,2025-09-28T16:19:36Z,2025-10-10T01:40:30Z,2025-10-20T08:34:22Z
FC-02192,S107,2025-10-02T17:36:09Z,52.0,280.0,67.0,21.83,360.0,1377.0,0,2025-10-02T03:32:09Z,2025-10-02T09:03:01Z,2025-10-02T16:28:13Z,2025-09-24T22:26:35Z,2025-10-10T03:08:45Z,2025-10-25T08:12:08Z
FC-02193,S137,2025-10-02T17:37:28Z,18.0,117.0,30.0,28.1,118.0,541.0,0,2025-10-02T00:38:41Z,2025-10-02T15:02:41Z,2025-10-02T17:03:35Z,2025-09-30T03:39:47Z,2025-10-10T01:15:08Z,2025-10-14T11:30:36Z
FC-02194,S101,2025-10-02T18:19:31Z,34.0,217.0,34.0,32.45,233.0,1142.0,0,2025-10-02T13:55:07Z,2025-10-02T00:57:18Z,2025-10-02T17:11:12Z,2025-09-22T17:04:33Z,2025-10-10T11:51:07Z,2025-10-28T13:58:11Z
FC-02195,S108,2025-10-02T19:02:17Z,17.0,110.0,11.0,15.33,119.0,513.0,1,2025-10-02T01:14:46Z,2025-10-02T02:09:39Z,2025-10-02T17:39:29Z,2025-09-23T22:35:47Z,2025-10-09T22:51:29Z,2025-10-10T09:09:50Z
FC-02196,S156,2025-10-02T19:57:14Z,69.0,502.0,107.0,38.15,501.0,2321.0,0,2025-10-02T12:08:37Z,2025-10-02T09:54:16Z,2025-10-02T18:50:16Z,2025-10-01T04:23:36Z,2025-10-10T15:40:59Z,2025-10-26T21:18:51Z
FC-02197,S137,2025-10-02T20:18:26Z,85.0,599.0,58.0,13.13,522.0,2463.0,1,2025-10-02T17:46:29Z,2025-10-02T05:58:02Z,2025-10-02T18:28:20Z,2025-09-22T23:20:18Z,2025-10-10T00:21:55Z,2025-10-11T19:58:45Z
FC-02198,S123,2025-10-02T21:04:39Z,43.0,305.0,70.0,32.1,289.0,1160.0,0,2025-10-02T18:26:32Z,2025-10-02T02:34:33Z,2025-10-02T20:25:16Z,2025-09-18T22:54:27Z,2025-10-10T06:55:10Z,2025-10-09T08:02:44Z
FC-02199,S126,2025-10-02T21:27:05Z,6.0,43.0,11.0,32.25,45.0,204.0,0,2025-10-02T10:59:41Z,2025-10-02T12:48:09Z,2025-10-02T20:09:49Z,2025-09-27T22:26:43Z,2025-10-10T13:57:37Z,2025-10-19T18:20:40Z
FC-02200,S134,2025-10-02T21:46:25Z,13.0,83.0,9.0,14.61,82.0,384.0,1,2025-10-02T09:28:27Z,2025-10-02T14:55:15Z,2025-10-02T20:37:43Z,2025-09-19T12:48:48Z,2025-10-10T09:17:56Z,2025-10-27T20:04:31Z
FC-02201,S144,2025-10-02T22:07:46Z,19.0,114.0,15.0,31.2,163.0,581.0,1,2025-10-02T16:56:01Z,2025-10-02T19:31:12Z,2025-10-02T20:25:11Z,2025-09-19T13:08:11Z,2025-10-10T05:39:42Z,2025-10-30T05:04:47Z
FC-02202,S125,2025-10-02T23:10:36Z,84.0,579.0,81.0,31.75,435.0,1963.0,0,2025-10-02T17:12:50Z,2025-10-02T15:56:59Z,2025-10-02T21:59:35Z,2025-09-24T06:19:27Z,2025-10-10T04:44:53Z,2025-10-19T20:44:35Z
FC-02203,S140,2025-10-02T23:25:50Z,61.0,347.0,74.0,35.07,384.0,1633.0,0,2025-10-02T13:32:48Z,2025-10-02T09:09:31Z,2025-10-02T22:15:40Z,2025-09-30T04:44:33Z,2025-10-10T05:54:07Z,2025-10-08T03:42:50Z
FC-02204,S106,2025-10-02T23:35:28Z,91.0,504.0,89.0,23.13,649.0,2618.0,0,2025-10-02T17:15:20Z,2025-10-02T09:05:00Z,2025-10-02T22:07:41Z,2025-09-29T03:04:15Z,2025-10-10T22:04:02Z,2025-10-08T16:13:45Z
FC-02205,S108,2025-10-03T00:06:37Z,68.0,522.0,61.0,37.15,536.0,2570.0,1,2025-10-02T11:25:18Z,2025-10-02T14:51:49Z,2025-10-02T22:19:38Z,2025-09-29T09:47:20Z,2025-10-10T08:48:08Z,2025-10-25T07:16:06Z
FC-02206,S108,2025-10-03T00:12:53Z,109.0,747.0,159.0,39.68,611.0,2815.0,0,2025-10-02T14:48:19Z,2025-10-02T09:34:10Z,2025-10-02T23:55:45Z,2025-09-20T20:10:27Z,2025-10-10T14:29:19Z,2025-10-15T06:51:28Z
FC-02207,S106,2025-10-03T00:18:00Z,50.0,328.0,33.0,11.43,298.0,1436.0,1,2025-10-02T18:55:44Z,2025-10-02T20:43:24Z,2025-10-03T00:07:36Z,2025-09-25T17:15:07Z,2025-10-10T11:14:16Z,2025-10-09T04:35:34Z
FC-02208,S132,2025-10-03T00:58:03Z,47.0,460.0,101.0,23.46,341.0,1805.0,0,2025-10-02T13:43:11Z,2025-10-02T10:55:27Z,2025-10-02T23:40:06Z,2025-09-23T01:18:14Z,2025-10-10T23:25:41Z,2025-10-16T21:38:43Z
FC-02209,S151,2025-10-03T01:06:32Z,43.0,296.0,33.0,25.37,286.0,1069.0,1,2025-10-02T09:12:34Z,2025-10-02T14:10:53Z,2025-10-02T23:47:57Z,2025-09-23T14:50:18Z,2025-10-10T14:57:38Z,2025-10-08T18:03:45Z
FC-02210,S116,2025-10-03T01:44:59Z,38.0,280.0,28.0,37.32,203.0,1015.0,1,2025-10-02T23:10:27Z,2025-10-02T18:34:01Z,2025-10-02T23:50:18Z,2025-09-28T00:34:12Z,2025-10-10T21:20:05Z,2025-10-18T11:53:35Z
FC-02211,S137,2025-10-03T04:23:18Z,19.0,129.0,23.0,30.14,127.0,609.0,0,2025-10-02T13:24:53Z,2025-10-02T18:52:03Z,2025-10-03T03:31:11Z,2025-09-28T13:05:59Z,2025-10-10T12:25:20Z,2025-10-26T17:36:15Z
FC-02212,S143,2025-10-03T04:51:18Z,83.0,573.0,126.0,15.95,753.0,2691.0,0,2025-10-02T13:51:36Z,2025-10-02T20:36:07Z,2025-10-03T04:10:45Z,2025-09-24T08:34:11Z,2025-10-10T19:08:42Z,2025-10-29T03:55:33Z
FC-02213,S145,2025-10-03T05:30:14Z,34.0,263.0,42.0,31.69,263.0,900.0,0,2025-10-03T02:09:41Z,2025-10-02T16:28:15Z,2025-10-03T04:17:22Z,2025-09-21T03:10:15Z,2025-10-10T20:53:01Z,2025-10-11T22:08:42Z
FC-02214,S143,2025-10-03T05:36:54Z,26.0,199.0,16.0,15.36,149.0,767.0,1,2025-10-02T18:45:09Z,2025-10-02T17:18:16Z,2025-10-03T03:54:45Z,2025-09-29T09:23:39Z,2025-10-10T13:52:09Z,2025-10-29T12:53:49Z
FC-02215,S129,2025-10-03T05:44:03Z,94.0,624.0,63.0,9.26,497.0,2478.0,1,2025-10-03T00:59:58Z,2025-10-02T20:42:20Z,2025-10-03T04:42:07Z,2025-09-28T12:51:37Z,2025-10-10T09:40:49Z,2025-10-19T02:04:37Z
FC-02216,S125,2025-10-03T05:57:42Z,84.0,587.0,98.0,5.81,533.0,2619.0,0,2025-10-02T14:27:56Z,2025-10-02T18:06:17Z,2025-10-03T05:12:32Z,2025-10-02T05:18:32Z,2025-10-10T09:10:35Z,2025-10-15T14:41:02Z
FC-02217,S113,2025-10-03T06:30:36Z,36.0,287.0,48.0,8.95,254.0,1221.0,0,2025-10-02T23:33:52Z,2025-10-03T04:18:55Z,2025-10-03T06:21:40Z,2025-09-23T19:06:52Z,2025-10-10T18:47:15Z,2025-10-20T06:05:33Z
FC-02218,S125,2025-10-03T07:18:34Z,54.0,290.0,32.0,6.88,316.0,1274.0,1,2025-10-03T01:39:06Z,2025-10-02T18:33:15Z,2025-10-03T06:44:09Z,2025-09-19T14:27:01Z,2025-10-10T18:22:47Z,2025-10-22T07:55:24Z
FC-02219,S136,2025-10-03T07:20:28Z,14.0,104.0,15.0,31.83,109.0,468.0,0,2025-10-02T13:08:37Z,2025-10-03T02:42:09Z,2025-10-03T05:44:30Z,2025-09-29T20:24:05Z,2025-10-10T21:04:56Z,2025-10-23T01:32:03Z
FC-02220,S151,2025-10-03T08:05:35Z,60.0,457.0,61.0,30.8,362.0,1761.0,1,2025-10-03T03:57:46Z,2025-10-03T04:41:12Z,2025-10-03T07:10:28Z,2025-09-23T16:13:34Z,2025-10-11T06:45:34Z,2025-10-25T22:07:25Z
FC-02221,S123,2025-10-03T08:42:48Z,72.0,477.0,63.0,32.71,428.0,1831.0,0,2025-10-02T16:07:56Z,2025-10-03T04:00:50Z,2025-10-03T07:28:51Z,2025-09-24T06:47:57Z,2025-10-10T12:53:44Z,2025-10-23T08:31:17Z
FC-02222,S102,2025-10-03T10:27:05Z,108.0,798.0,174.0,31.31,676.0,2816.0,0,2025-10-02T15:05:52Z,2025-10-03T03:29:59Z,2025-10-03T09:28:14Z,2025-10-01T00:00:17Z,2025-10-10T12:55:41Z,2025-10-08T13:22:27Z
FC-02223,S116,2025-10-03T10:40:13Z,127.0,761.0,95.0,29.13,769.0,3046.0,1,2025-10-02T21:28:49Z,2025-10-03T01:46:41Z,2025-10-03T09:56:46Z,2025-09-20T19:01:10Z,2025-10-11T09:35:35Z,2025-11-02T03:01:23Z
FC-02224,S147,2025-10-03T10:47:53Z,40.0,270.0,62.0,28.9,255.0,1089.0,0,2025-10-02T22:19:07Z,2025-10-03T05:04:56Z,2025-10-03T09:39:43Z,2025-09-30T08:13:42Z,2025-10-11T09:25:03Z,2025-10-24T20:58:26Z
FC-02225,S104,2025-10-03T10:54:36Z,42.0,243.0,53.0,11.24,223.0,1116.0,0,2025-10-03T03:49:29Z,2025-10-03T06:32:42Z,2025-10-03T10:34:07Z,2025-09-23T06:06:58Z,2025-10-10T22:56:23Z,2025-10-08T13:05:26Z
FC-02226,S105,2025-10-03T11:35:20Z,62.0,464.0,97.0,18.67,354.0,1658.0,0,2025-10-03T05:45:20Z,2025-10-02T22:53:07Z,2025-10-03T09:45:06Z,2025-09-21T03:08:48Z,2025-10-10T16:18:23Z,2025-10-14T11:32:53Z
FC-02227,S124,2025-10-03T12:09:06Z,31.0,194.0,28.0,19.75,253.0,902.0,0,2025-10-03T07:11:54Z,2025-10-02T17:34:40Z,2025-10-03T10:34:02Z,2025-09-30T23:15:37Z,2025-10-11T09:34:23Z,2025-10-17T05:36:32Z
FC-02228,S134,2025-10-03T12:27:37Z,49.0,379.0,97.0,5.1,333.0,1769.0,0,2025-10-02T19:57:13Z,2025-10-03T08:17:39Z,2025-10-03T11:13:00Z,2025-09-20T16:29:19Z,2025-10-10T23:51:16Z,2025-10-24T16:49:29Z
FC-02229,S104,2025-10-03T14:33:03Z,23.0,166.0,19.0,26.6,136.0,651.0,1,2025-10-03T10:08:20Z,2025-10-02T22:04:29Z,2025-10-03T13:25:31Z,2025-09-23T12:02:36Z,2025-10-11T14:06:51Z,2025-10-26T04:54:42Z
FC-02230,S102,2025-10-03T16:32:35Z,63.0,426.0,61.0,31.44,390.0,1602.0,0,2025-10-03T08:57:54Z,2025-10-02T20:57:38Z,2025-10-03T14:45:39Z,2025-09-29T20:00:35Z,2025-10-11T05:42:07Z,2025-10-10T11:56:54Z
FC-02231,S120,2025-10-03T16:32:44Z,99.0,697.0,69.0,27.21,563.0,2824.0,1,2025-10-03T10:52:24Z,2025-10-03T10:18:00Z,2025-10-03T14:51:36Z,2025-09-22T00:06:16Z,2025-10-11T12:48:02Z,2025-10-26T14:44:00Z
FC-02232,S144,2025-10-03T16:56:29Z,13.0,118.0,21.0,28.59,100.0,522.0,0,2025-10-03T05:24:12Z,2025-10-03T14:07:11Z,2025-10-03T14:56:32Z,2025-09-26T18:35:58Z,2025-10-11T04:37:31Z,2025-11-01T15:30:36Z
FC-02233,S102,2025-10-03T18:24:37Z,89.0,467.0,92.0,7.7,612.0,2416.0,0,2025-10-03T02:12:17Z,2025-10-03T07:35:19Z,2025-10-03T17:15:38Z,2025-09-29T15:16:26Z,2025-10-11T08:19:18Z,2025-10-17T13:10:36Z
FC-02234,S103,2025-10-03T18:39:12Z,56.0,384.0,37.0,7.91,391.0,1610.0,1,2025-10-03T15:21:32Z,2025-10-03T13:00:41Z,2025-10-03T17:32:31Z,2025-09-24T02:28:40Z,2025-10-11T00:14:43Z,2025-10-15T07:55:27Z
FC-02235,S150,2025-10-03T19:40:39Z,29.0,280.0,63.0,21.11,303.0,1165.0,0,2025-10-03T14:22:35Z,2025-10-03T13:21:02Z,2025-10-03T17:46:14Z,2025-09-26T03:58:18Z,2025-10-11T06:49:59Z,2025-10-09T15:25:44Z
FC-02236,S147,2025-10-03T21:12:57Z,38.0,292.0,34.0,15.9,251.0,1000.0,0,2025-10-03T07:22:07Z,2025-10-03T08:54:23Z,2025-10-03T20:43:15Z,2025-09-28T19:38:04Z,2025-10-11T08:34:16Z,2025-10-19T00:45:50Z
FC-02237,S146,2025-10-03T21:13:19Z,66.0,446.0,66.0,34.57,543.0,2018.0,1,2025-10-03T18:45:46Z,2025-10-03T04:10:41Z,2025-10-03T20:01:49Z,2025-09-28T19:16:20Z,2025-10-11T16:11:36Z,2025-10-18T03:38:37Z
FC-02238,S129,2025-10-03T21:45:24Z,74.0,601.0,88.0,16.75,649.0,2406.0,0,2025-10-03T05:22:35Z,2025-10-03T16:34:17Z,2025-10-03T20:33:28Z,2025-09-21T17:49:31Z,2025-10-11T00:35:59Z,2025-10-11T14:56:04Z
FC-02239,S116,2025-10-04T00:32:56Z,36.0,267.0,55.0,6.24,277.0,1086.0,0,2025-10-03T08:15:44Z,2025-10-03T09:08:03Z,2025-10-03T23:59:45Z,2025-09-26T09:03:17Z,2025-10-11T09:15:09Z,2025-10-22T22:09:06Z
FC-02240,S150,2025-10-04T01:14:46Z,33.0,237.0,50.0,28.53,239.0,880.0,0,2025-10-03T06:18:44Z,2025-10-03T21:13:10Z,2025-10-04T00:50:08Z,2025-09-23T19:37:26Z,2025-10-11T22:31:53Z,2025-10-09T20:05:32Z
FC-02241,S129,2025-10-04T01:17:14Z,33.0,250.0,35.0,16.41,318.0,1119.0,1,2025-10-03T19:43:48Z,2025-10-03T06:43:27Z,2025-10-04T00:33:49Z,2025-09-21T04:50:19Z,2025-10-11T12:07:02Z,2025-10-21T12:05:04Z
FC-02242,S139,2025-10-04T01:32:10Z,28.0,206.0,46.0,19.6,207.0,956.0,0,2025-10-03T10:37:18Z,2025-10-03T11:07:52Z,2025-10-03T23:47:55Z,2025-09-26T03:17:05Z,2025-10-11T20:04:25Z,2025-10-10T04:10:35Z
FC-02243,S125,2025-10-04T01:33:16Z,33.0,193.0,22.0,24.06,193.0,879.0,1,2025-10-03T09:22:38Z,2025-10-03T18:34:26Z,2025-10-03T23:42:43Z,2025-09-27T12:04:52Z,2025-10-11T13:36:57Z,2025-10-22T18:48:55Z
FC-02244,S131,2025-10-04T01:40:16Z,107.0,881.0,106.0,7.84,721.0,2980.0,0,2025-10-03T12:33:10Z,2025-10-03T16:39:54Z,2025-10-04T01:01:00Z,2025-09-26T22:49:24Z,2025-10-11T11:44:06Z,2025-10-16T15:59:40Z
FC-02245,S111,2025-10-04T02:33:32Z,21.0,165.0,25.0,12.51,164.0,563.0,0,2025-10-03T20:47:19Z,2025-10-03T22:06:30Z,2025-10-04T02:20:21Z,2025-09-24T17:44:26Z,2025-10-11T06:57:58Z,2025-10-22T11:27:50Z
FC-02246,S131,2025-10-04T03:19:28Z,41.0,298.0,65.0,21.37,275.0,1182.0,0,2025-10-03T22:46:18Z,2025-10-03T14:28:46Z,2025-10-04T02:16:03Z,2025-10-01T18:38:30Z,2025-10-11T05:46:55Z,2025-10-12T00:26:06Z
FC-02247,S142,2025-10-04T03:23:47Z,49.0,301.0,75.0,7.88,380.0,1596.0,0,2025-10-03T08:55:27Z,2025-10-03T16:53:58Z,2025-10-04T01:29:03Z,2025-09-28T20:59:45Z,2025-10-11T10:51:52Z,2025-10-24T07:46:04Z
FC-02248,S159,2025-10-04T03:35:49Z,84.0,550.0,76.0,3.8,540.0,2586.0,1,2025-10-03T09:17:34Z,2025-10-03T23:46:09Z,2025-10-04T02:18:19Z,2025-09-26T01:25:53Z,2025-10-11T22:44:32Z,2025-10-21T04:20:24Z
FC-02249,S145,2025-10-04T03:44:34Z,42.0,256.0,64.0,28.69,313.0,1288.0,0,2025-10-03T16:16:57Z,2025-10-04T00:06:57Z,2025-10-04T02:42:56Z,2025-09-21T06:52:00Z,2025-10-11T05:17:10Z,2025-10-18T18:26:49Z
FC-02250,S100,2025-10-04T03:54:00Z,45.0,287.0,63.0,15.59,249.0,1125.0,0,2025-10-03T18:57:39Z,2025-10-03T21:22:09Z,2025-10-04T01:54:13Z,2025-09-28T12:49:19Z,2025-10-12T03:12:55Z,2025-10-17T08:15:18Z
FC-02251,S126,2025-10-04T04:12:01Z,37.0,229.0,21.0,13.35,176.0,961.0,1,2025-10-03T09:41:02Z,2025-10-03T15:29:50Z,2025-10-04T02:40:43Z,2025-09-30T09:38:58Z,2025-10-11T07:53:45Z,2025-10-15T14:46:49Z
FC-02252,S113,2025-10-04T04:13:10Z,68.0,367.0,91.0,8.59,427.0,1830.0,0,2025-10-03T17:36:48Z,2025-10-03T23:14:51Z,2025-10-04T02:54:40Z,2025-10-01T04:56:27Z,2025-10-11T06:03:40Z,2025-10-22T09:00:45Z
FC-02253,S145,2025-10-04T07:26:44Z,43.0,262.0,70.0,39.53,305.0,1141.0,0,2025-10-03T13:42:03Z,2025-10-03T18:14:46Z,2025-10-04T06:45:34Z,2025-09-30T14:09:58Z,2025-10-11T09:30:23Z,2025-10-30T09:16:59Z
FC-02254,S149,2025-10-04T07:32:55Z,41.0,288.0,27.0,15.25,200.0,1042.0,1,2025-10-03T16:26:35Z,2025-10-03T18:57:39Z,2025-10-04T06:26:32Z,2025-09-24T00:12:43Z,2025-10-12T02:12:01Z,2025-10-30T17:26:58Z
FC-02255,S112,2025-10-04T07:55:57Z,43.0,360.0,68.0,5.76,387.0,1491.0,0,2025-10-04T01:10:40Z,2025-10-04T03:11:24Z,2025-10-04T06:27:29Z,2025-09-28T08:41:08Z,2025-10-11T08:16:34Z,2025-10-18T20:36:50Z
FC-02256,S121,2025-10-04T07:58:20Z,47.0,259.0,54.0,9.82,353.0,1199.0,0,2025-10-03T23:39:18Z,2025-10-04T01:56:01Z,2025-10-04T07:17:28Z,2025-09-24T21:55:51Z,2025-10-11T13:27:44Z,2025-10-12T09:53:14Z
FC-02257,S100,2025-10-04T08:19:45Z,46.0,383.0,64.0,26.19,411.0,1516.0,0,2025-10-03T23:45:19Z,2025-10-03T23:00:38Z,2025-10-04T06:36:58Z,2025-09-26T23:51:30Z,2025-10-11T20:53:14Z,2025-10-10T14:43:15Z
FC-02258,S151,2025-10-04T09:08:50Z,31.0,204.0,46.0,32.65,241.0,956.0,0,2025-10-04T01:58:22Z,2025-10-04T02:30:51Z,2025-10-04T08:46:41Z,2025-09-23T12:03:34Z,2025-10-11T17:56:19Z,2025-10-22T06:16:28Z
FC-02259,S129,2025-10-04T09:39:43Z,48.0,407.0,95.0,5.27,426.0,1725.0,0,2025-10-04T05:42:45Z,2025-10-03T16:08:47Z,2025-10-04T08:21:50Z,2025-09-28T08:16:34Z,2025-10-11T15:47:10Z,2025-10-23T16:20:56Z
FC-02260,S123,2025-10-04T10:06:38Z,44.0,382.0,91.0,21.72,413.0,1495.0,0,2025-10-04T04:40:48Z,2025-10-03T15:08:23Z,2025-10-04T08:12:54Z,2025-09-20T20:47:45Z,2025-10-11T18:26:33Z,2025-10-19T21:42:50Z
FC-02261,S127,2025-10-04T10:25:50Z,27.0,184.0,38.0,11.7,153.0,726.0,0,2025-10-03T22:37:13Z,2025-10-04T07:52:50Z,2025-10-04T08:55:07Z,2025-09-27T10:20:14Z,2025-10-11T11:13:46Z,2025-10-18T10:05:14Z
FC-02262,S109,2025-10-04T10:26:40Z,80.0,573.0,148.0,36.44,585.0,2498.0,0,2025-10-03T19:03:34Z,2025-10-03T17:23:25Z,2025-10-04T09:34:36Z,2025-09-30T17:36:39Z,2025-10-12T00:29:53Z,2025-10-10T01:59:38Z
FC-02263,S129,2025-10-04T13:32:06Z,38.0,244.0,41.0,9.59,240.0,1091.0,0,2025-10-03T17:38:42Z,2025-10-04T04:10:34Z,2025-10-04T11:42:33Z,2025-09-25T00:28:18Z,2025-10-11T17:29:01Z,2025-11-02T19:00:11Z
FC-02264,S141,2025-10-04T13:42:57Z,78.0,532.0,78.0,18.52,528.0,1978.0,0,2025-10-03T23:51:34Z,2025-10-03T19:56:03Z,2025-10-04T13:33:21Z,2025-09-23T19:50:35Z,2025-10-12T01:49:05Z,2025-10-12T11:13:01Z
FC-02265,S140,2025-10-04T14:41:23Z,55.0,529.0,64.0,17.1,481.0,2254.0,0,2025-10-03T19:38:54Z,2025-10-04T04:13:15Z,2025-10-04T13:21:34Z,2025-09-22T07:28:26Z,2025-10-12T07:08:47Z,2025-10-24T14:39:22Z
FC-02266,S122,2025-10-04T15:00:54Z,108.0,619.0,60.0,7.2,590.0,2653.0,1,2025-10-04T00:45:11Z,2025-10-04T08:47:30Z,2025-10-04T13:20:12Z,2025-09-29T00:40:35Z,2025-10-11T15:13:15Z,2025-10-15T16:38:21Z
FC-02267,S100,2025-10-04T15:15:09Z,19.0,163.0,14.0,29.25,166.0,596.0,1,2025-10-04T03:59:02Z,2025-10-04T03:27:43Z,2025-10-04T14:33:09Z,2025-10-02T22:26:29Z,2025-10-12T01:18:32Z,2025-11-02T08:12:18Z
FC-02268,S100,2025-10-04T15:20:31Z,41.0,321.0,76.0,10.61,311.0,1445.0,0,2025-10-04T06:17:47Z,2025-10-04T06:04:04Z,2025-10-04T13:21:10Z,2025-09-21T21:16:25Z,2025-10-11T17:30:01Z,2025-11-03T10:48:35Z
FC-02269,S109,2025-10-04T16:08:07Z,35.0,207.0,25.0,21.6,209.0,1102.0,1,2025-10-04T12:11:47Z,2025-10-03T20:30:15Z,2025-10-04T15:57:19Z,2025-09-23T08:09:12Z,2025-10-12T11:25:49Z,2025-10-17T03:24:45Z
FC-02270,S126,2025-10-04T16:18:35Z,69.0,377.0,63.0,39.13,446.0,1784.0,0,2025-10-04T10:51:03Z,2025-10-04T05:49:23Z,2025-10-04T14:26:54Z,2025-10-01T16:17:29Z,2025-10-12T12:51:22Z,2025-10-12T08:42:05Z
FC-02271,S158,2025-10-04T16:41:35Z,84.0,564.0,70.0,34.76,598.0,2918.0,1,2025-10-03T21:46:45Z,2025-10-03T21:32:04Z,2025-10-04T15:42:27Z,2025-09-29T21:08:39Z,2025-10-11T21:34:00Z,2025-10-25T07:58:23Z
FC-02272,S134,2025-10-04T18:09:10Z,37.0,272.0,39.0,39.3,223.0,1130.0,0,2025-10-04T04:11:29Z,2025-10-04T00:25:04Z,2025-10-04T17:34:04Z,2025-09-25T14:06:08Z,2025-10-12T10:00:38Z,2025-10-25T10:25:36Z
FC-02273,S101,2025-10-04T18:22:45Z,42.0,274.0,31.0,39.63,245.0,1129.0,1,2025-10-04T07:22:10Z,2025-10-04T00:40:45Z,2025-10-04T18:12:01Z,2025-09-22T10:11:58Z,2025-10-12T09:30:29Z,2025-10-26T11:47:55Z
FC-02274,S105,2025-10-04T18:36:11Z,34.0,260.0,34.0,10.82,224.0,912.0,0,2025-10-04T09:48:40Z,2025-10-04T00:05:06Z,2025-10-04T17:40:46Z,2025-09-21T02:23:03Z,2025-10-12T11:09:40Z,2025-10-15T04:47:11Z
FC-02275,S140,2025-10-04T20:05:31Z,21.0,170.0,24.0,19.14,174.0,787.0,0,2025-10-04T05:23:11Z,2025-10-04T11:58:19Z,2025-10-04T19:41:32Z,2025-10-02T03:24:48Z,2025-10-12T06:17:54Z,2025-10-14T01:52:26Z
FC-02276,S146,2025-10-04T21:07:43Z,48.0,366.0,83.0,34.93,375.0,1435.0,0,2025-10-04T02:31:05Z,2025-10-04T16:53:56Z,2025-10-04T19:51:59Z,2025-10-02T05:51:13Z,2025-10-12T13:41:27Z,2025-11-03T14:54:30Z
FC-02277,S117,2025-10-04T21:20:53Z,31.0,236.0,54.0,28.3,271.0,918.0,0,2025-10-04T15:34:14Z,2025-10-04T07:35:17Z,2025-10-04T21:09:54Z,2025-09-21T09:08:29Z,2025-10-12T10:09:40Z,2025-11-02T14:48:33Z
FC-02278,S144,2025-10-04T22:12:30Z,58.0,384.0,87.0,26.02,359.0,1781.0,0,2025-10-04T10:51:35Z,2025-10-04T17:07:17Z,2025-10-04T21:39:45Z,2025-09-29T03:47:45Z,2025-10-12T16:54:33Z,2025-10-10T06:08:26Z
FC-02279,S140,2025-10-04T22:17:19Z,41.0,318.0,55.0,20.26,279.0,1557.0,0,2025-10-04T10:35:29Z,2025-10-04T09:19:52Z,2025-10-04T20:55:38Z,2025-10-03T12:35:19Z,2025-10-12T18:23:51Z,2025-10-13T10:45:02Z
FC-02280,S141,2025-10-04T22:41:52Z,71.0,594.0,61.0,39.3,646.0,2426.0,1,2025-10-04T03:53:38Z,2025-10-04T15:35:37Z,2025-10-04T21:54:44Z,2025-09-28T12:22:34Z,2025-10-12T20:10:50Z,2025-10-29T17:08:04Z
FC-02281,S149,2025-10-04T23:33:33Z,36.0,350.0,54.0,21.37,302.0,1278.0,0,2025-10-04T19:57:26Z,2025-10-04T17:26:14Z,2025-10-04T22:50:04Z,2025-09-29T12:49:31Z,2025-10-12T21:46:38Z,2025-10-28T19:05:14Z
FC-02282,S147,2025-10-04T23:46:16Z,38.0,302.0,37.0,10.24,248.0,1165.0,1,2025-10-04T10:05:48Z,2025-10-04T06:55:21Z,2025-10-04T21:51:25Z,2025-09-29T22:28:08Z,2025-10-12T22:44:45Z,2025-10-31T12:37:32Z
FC-02283,S152,2025-10-05T00:36:22Z,58.0,441.0,74.0,37.74,447.0,2083.0,0,2025-10-04T19:05:38Z,2025-10-04T18:19:00Z,2025-10-04T23:09:56Z,2025-09-22T13:17:56Z,2025-10-12T14:21:12Z,2025-10-25T08:58:45Z
FC-02284,S127,2025-10-05T04:23:18Z,49.0,349.0,51.0,8.12,277.0,1282.0,0,2025-10-04T12:29:37Z,2025-10-04T23:26:32Z,2025-10-05T04:14:47Z,2025-09-27T02:48:27Z,2025-10-12T13:18:19Z,2025-10-11T12:41:06Z
FC-02285,S120,2025-10-05T04:31:52Z,21.0,139.0,32.0,39.6,120.0,581.0,0,2025-10-04T12:40:48Z,2025-10-04T16:49:40Z,2025-10-05T03:41:51Z,2025-09-29T08:55:44Z,2025-10-13T04:10:02Z,2025-10-29T19:26:12Z
FC-02286,S129,2025-10-05T05:06:05Z,63.0,503.0,97.0,30.8,581.0,2048.0,0,2025-10-05T02:42:30Z,2025-10-04T18:49:08Z,2025-10-05T04:52:02Z,2025-09-22T17:12:01Z,2025-10-12T20:44:59Z,2025-10-13T00:12:53Z
FC-02287,S122,2025-10-05T08:04:52Z,43.0,249.0,30.0,27.86,285.0,1205.0,1,2025-10-04T20:38:12Z,2025-10-05T03:45:39Z,2025-10-05T06:25:56Z,2025-09-26T17:27:43Z,2025-10-13T04:19:14Z,2025-10-13T17:32:52Z
FC-02288,S127,2025-10-05T08:27:58Z,37.0,238.0,50.0,37.9,235.0,1048.0,0,2025-10-04T22:31:39Z,2025-10-05T04:34:02Z,2025-10-05T07:34:43Z,2025-09-25T00:12:02Z,2025-10-12T23:47:50Z,2025-10-12T20:09:10Z
FC-02289,S121,2025-10-05T09:15:48Z,18.0,142.0,26.0,30.93,136.0,623.0,0,2025-10-04T14:55:49Z,2025-10-04T22:54:58Z,2025-10-05T08:38:54Z,2025-09-26T23:38:27Z,2025-10-12T15:41:42Z,2025-10-22T12:07:24Z
FC-02290,S113,2025-10-05T09:22:06Z,23.0,200.0,26.0,32.84,189.0,787.0,0,2025-10-05T00:17:06Z,2025-10-05T03:58:49Z,2025-10-05T08:55:46Z,2025-09-25T18:00:33Z,2025-10-12T19:58:05Z,2025-10-28T08:58:12Z
FC-02291,S141,2025-10-05T09:48:25Z,27.0,180.0,21.0,25.16,146.0,695.0,0,2025-10-05T07:38:27Z,2025-10-04T18:59:05Z,2025-10-05T09:21:42Z,2025-09-22T16:06:13Z,2025-10-13T06:48:11Z,2025-10-13T16:50:56Z
FC-02292,S158,2025-10-05T12:10:07Z,33.0,204.0,36.0,3.41,258.0,994.0,0,2025-10-05T02:01:52Z,2025-10-04T18:16:12Z,2025-10-05T11:13:06Z,2025-10-01T02:35:47Z,2025-10-13T07:03:08Z,2025-10-13T10:11:30Z
FC-02293,S132,2025-10-05T12:36:51Z,79.0,550.0,96.0,14.36,649.0,2552.0,0,2025-10-05T00:01:37Z,2025-10-04T19:06:38Z,2025-10-05T12:07:45Z,2025-09-25T22:47:38Z,2025-10-13T06:42:58Z,2025-10-18T01:28:53Z
FC-02294,S141,2025-10-05T13:36:18Z,73.0,618.0,125.0,13.23,604.0,2463.0,0,2025-10-05T04:18:43Z,2025-10-04T23:27:12Z,2025-10-05T11:44:26Z,2025-09-25T21:48:42Z,2025-10-13T02:16:29Z,2025-10-19T10:19:28Z
FC-02295,S138,2025-10-05T14:10:25Z,46.0,287.0,63.0,6.25,330.0,1307.0,0,2025-10-05T01:42:45Z,2025-10-05T10:07:25Z,2025-10-05T12:28:32Z,2025-09-23T01:58:55Z,2025-10-12T23:17:40Z,2025-10-27T07:13:30Z
FC-02296,S115,2025-10-05T15:03:45Z,83.0,500.0,43.0,8.12,495.0,2305.0,1,2025-10-04T23:41:12Z,2025-10-05T01:01:48Z,2025-10-05T13:14:42Z,2025-10-02T10:40:21Z,2025-10-12T19:27:19Z,2025-10-13T18:29:00Z
FC-02297,S107,2025-10-05T15:30:14Z,38.0,347.0,33.0,38.97,266.0,1194.0,1,2025-10-05T03:03:30Z,2025-10-05T05:11:26Z,2025-10-05T14:27:09Z,2025-10-02T02:49:00Z,2025-10-12T23:12:25Z,2025-10-23T03:48:52Z
FC-02298,S125,2025-10-05T15:47:25Z,12.0,74.0,19.0,6.6,83.0,352.0,0,2025-10-05T09:30:24Z,2025-10-05T11:34:50Z,2025-10-05T14:28:02Z,2025-09-26T05:50:43Z,2025-10-13T12:31:49Z,2025-10-20T10:02:04Z
FC-02299,S110,2025-10-05T16:39:18Z,35.0,210.0,44.0,35.77,255.0,1091.0,0,2025-10-05T03:12:16Z,2025-10-05T08:28:58Z,2025-10-05T15:24:05Z,2025-09-24T22:47:49Z,2025-10-12T22:45:21Z,2025-10-16T21:56:38Z
FC-02300,S113,2025-10-05T18:11:29Z,53.0,392.0,55.0,28.15,399.0,1714.0,0,2025-10-05T12:27:32Z,2025-10-05T07:00:18Z,2025-10-05T18:01:01Z,2025-10-03T22:37:21Z,2025-10-13T07:47:19Z,2025-10-21T23:10:07Z
FC-02301,S101,2025-10-05T19:25:06Z,25.0,185.0,39.0,9.99,170.0,737.0,0,2025-10-05T15:31:14Z,2025-10-05T13:28:23Z,2025-10-05T19:17:04Z,2025-09-27T07:33:03Z,2025-10-13T15:48:26Z,2025-10-15T06:11:45Z
FC-02302,S105,2025-10-05T20:40:39Z,73.0,498.0,58.0,25.59,537.0,1924.0,1,2025-10-05T06:57:52Z,2025-10-05T08:59:12Z,2025-10-05T19:28:01Z,2025-09-27T03:49:14Z,2025-10-12T23:47:43Z,2025-10-30T02:42:24Z
FC-02303,S116,2025-10-05T21:12:36Z,70.0,441.0,63.0,33.31,527.0,2168.0,1,2025-10-05T05:31:20Z,2025-10-05T04:56:58Z,2025-10-05T20:04:14Z,2025-09-22T12:02:33Z,2025-10-13T07:00:18Z,2025-11-01T04:54:05Z
FC-02304,S119,2025-10-05T22:26:03Z,57.0,527.0,121.0,32.59,451.0,2067.0,0,2025-10-05T03:26:16Z,2025-10-05T11:16:49Z,2025-10-05T20:57:31Z,2025-09-25T05:31:44Z,2025-10-13T19:02:05Z,2025-10-13T09:03:59Z
FC-02305,S119,2025-10-05T23:15:06Z,65.0,537.0,75.0,7.17,584.0,2360.0,1,2025-10-05T07:51:46Z,2025-10-05T18:55:44Z,2025-10-05T22:32:23Z,2025-09-26T18:02:55Z,2025-10-13T04:22:44Z,2025-10-24T01:29:36Z
FC-02306,S154,2025-10-06T03:20:53Z,20.0,159.0,16.0,5.8,150.0,731.0,1,2025-10-05T09:36:44Z,2025-10-05T17:56:03Z,2025-10-06T01:21:29Z,2025-09-24T03:31:31Z,2025-10-13T15:21:17Z,2025-10-25T09:54:08Z
FC-02307,S105,2025-10-06T06:16:51Z,90.0,624.0,125.0,4.41,561.0,2437.0,0,2025-10-05T11:29:52Z,2025-10-05T12:34:01Z,2025-10-06T05:14:12Z,2025-09-22T19:49:27Z,2025-10-13T20:03:52Z,2025-10-18T22:04:56Z
FC-02308,S158,2025-10-06T07:02:11Z,38.0,316.0,40.0,36.79,330.0,1240.0,1,2025-10-05T11:53:55Z,2025-10-05T14:54:54Z,2025-10-06T05:10:08Z,2025-09-22T20:08:52Z,2025-10-13T22:55:12Z,2025-10-13T20:06:18Z
FC-02309,S109,2025-10-06T07:10:40Z,36.0,214.0,36.0,16.91,241.0,875.0,0,2025-10-06T03:05:39Z,2025-10-05T23:43:04Z,2025-10-06T05:15:08Z,2025-09-26T10:48:13Z,2025-10-13T19:02:34Z,2025-10-11T13:52:57Z
FC-02310,S123,2025-10-06T07:18:53Z,69.0,423.0,121.0,34.97,443.0,2124.0,0,2025-10-06T03:28:19Z,2025-10-05T17:54:20Z,2025-10-06T06:49:13Z,2025-09-30T20:44:34Z,2025-10-14T03:21:51Z,2025-10-27T01:37:05Z
FC-02311,S150,2025-10-06T07:29:05Z,22.0,190.0,32.0,34.4,197.0,654.0,0,2025-10-06T05:20:51Z,2025-10-06T00:15:56Z,2025-10-06T05:31:12Z,2025-09-25T23:45:43Z,2025-10-13T18:49:18Z,2025-10-27T07:19:26Z
FC-02312,S149,2025-10-06T09:01:59Z,29.0,228.0,28.0,22.15,229.0,855.0,1,2025-10-05T18:37:15Z,2025-10-06T02:44:53Z,2025-10-06T08:47:49Z,2025-09-22T16:10:44Z,2025-10-13T09:09:42Z,2025-10-25T08:03:13Z
FC-02313,S146,2025-10-06T09:33:47Z,23.0,155.0,30.0,23.0,151.0,672.0,0,2025-10-06T02:44:30Z,2025-10-05T19:45:02Z,2025-10-06T08:34:59Z,2025-09-26T02:01:30Z,2025-10-14T07:51:53Z,2025-10-24T00:31:36Z
FC-02314,S148,2025-10-06T09:44:47Z,47.0,307.0,33.0,11.22,261.0,1308.0,1,2025-10-06T05:42:09Z,2025-10-05T23:43:10Z,2025-10-06T08:26:47Z,2025-09-22T23:52:27Z,2025-10-14T05:35:23Z,2025-11-02T09:20:25Z
FC-02315,S116,2025-10-06T09:45:28Z,75.0,470.0,57.0,27.53,547.0,1891.0,1,2025-10-05T14:50:17Z,2025-10-05T16:59:13Z,2025-10-06T09:30:34Z,2025-09-26T07:45:35Z,2025-10-14T07:36:00Z,2025-10-12T09:58:23Z
FC-02316,S149,2025-10-06T11:26:43Z,47.0,266.0,39.0,27.39,250.0,1203.0,0,2025-10-05T15:57:26Z,2025-10-06T07:55:55Z,2025-10-06T10:19:57Z,2025-09-27T15:20:14Z,2025-10-14T10:23:21Z,2025-10-15T11:06:42Z
FC-02317,S153,2025-10-06T12:31:02Z,21.0,132.0,23.0,34.17,117.0,524.0,0,2025-10-06T06:11:30Z,2025-10-06T07:45:38Z,2025-10-06T10:32:40Z,2025-09-24T19:32:06Z,2025-10-14T10:31:15Z,2025-11-03T10:05:24Z
FC-02318,S124,2025-10-06T12:39:53Z,31.0,240.0,45.0,35.72,207.0,1078.0,0,2025-10-06T02:18:39Z,2025-10-05T23:06:19Z,2025-10-06T11:47:06Z,2025-09-24T13:05:20Z,2025-10-14T09:27:32Z,2025-10-24T16:25:12Z
FC-02319,S150,2025-10-06T13:24:56Z,57.0,473.0,106.0,5.96,442.0,1831.0,0,2025-10-05T20:08:57Z,2025-10-05T21:58:06Z,2025-10-06T11:44:39Z,2025-09-24T02:50:23Z,2025-10-14T05:31:24Z,2025-10-30T06:49:11Z
FC-02320,S158,2025-10-06T15:03:34Z,72.0,464.0,48.0,18.31,386.0,1970.0,1,2025-10-05T21:21:48Z,2025-10-06T04:53:51Z,2025-10-06T13:52:25Z,2025-09-26T23:26:59Z,2025-10-14T05:51:36Z,2025-11-03T04:45:10Z
FC-02321,S104,2025-10-06T15:16:11Z,147.0,776.0,85.0,36.04,802.0,3412.0,1,2025-10-06T07:37:47Z,2025-10-06T02:12:00Z,2025-10-06T14:45:46Z,2025-09-28T21:13:03Z,2025-10-14T02:22:47Z,2025-10-25T14:47:25Z
FC-02322,S102,2025-10-06T15:58:33Z,37.0,197.0,56.0,7.67,210.0,1002.0,0,2025-10-05T21:59:39Z,2025-10-06T13:52:06Z,2025-10-06T15:49:23Z,2025-09-24T11:57:33Z,2025-10-14T00:26:32Z,2025-10-29T11:59:21Z
FC-02323,S152,2025-10-06T16:24:59Z,74.0,561.0,161.0,38.39,646.0,2898.0,0,2025-10-06T11:54:51Z,2025-10-06T02:04:42Z,2025-10-06T15:03:32Z,2025-10-03T17:47:16Z,2025-10-14T08:34:26Z,2025-10-21T15:59:56Z
FC-02324,S111,2025-10-06T16:35:19Z,47.0,296.0,24.0,8.13,289.0,1244.0,1,2025-10-06T06:56:03Z,2025-10-06T13:14:17Z,2025-10-06T15:57:28Z,2025-09-30T19:19:25Z,2025-10-14T00:41:24Z,2025-10-27T11:54:53Z
FC-02325,S152,2025-10-06T19:36:16Z,72.0,709.0,156.0,33.56,716.0,2854.0,0,2025-10-06T01:23:59Z,2025-10-06T09:48:00Z,2025-10-06T19:27:02Z,2025-10-01T05:58:21Z,2025-10-14T07:18:32Z,2025-11-03T22:22:25Z
FC-02326,S137,2025-10-06T20:14:59Z,34.0,259.0,34.0,2.34,274.0,1167.0,1,2025-10-06T04:43:20Z,2025-10-06T09:55:29Z,2025-10-06T18:34:55Z,2025-09-27T18:14:47Z,2025-10-13T20:56:13Z,2025-10-14T19:23:41Z
FC-02327,S102,2025-10-06T20:15:47Z,70.0,513.0,122.0,35.82,611.0,2230.0,0,2025-10-06T17:57:42Z,2025-10-06T05:24:07Z,2025-10-06T18:30:25Z,2025-09-26T06:22:06Z,2025-10-13T21:10:32Z,2025-10-17T11:23:22Z
FC-02328,S141,2025-10-06T21:01:57Z,23.0,172.0,23.0,19.84,246.0,821.0,1,2025-10-06T16:58:26Z,2025-10-06T08:38:32Z,2025-10-06T19:46:06Z,2025-09-30T09:18:52Z,2025-10-14T03:29:10Z,2025-10-15T08:07:37Z
FC-02329,S118,2025-10-06T21:13:47Z,50.0,319.0,46.0,19.63,369.0,1533.0,0,2025-10-06T13:23:30Z,2025-10-06T05:19:54Z,2025-10-06T19:37:47Z,2025-09-26T16:32:56Z,2025-10-14T20:24:10Z,2025-10-31T18:17:08Z
FC-02330,S127,2025-10-06T21:46:00Z,9.0,68.0,13.0,21.31,59.0,246.0,0,2025-10-06T19:33:18Z,2025-10-06T15:36:52Z,2025-10-06T20:20:39Z,2025-10-02T04:51:40Z,2025-10-14T10:54:28Z,2025-11-05T13:25:14Z
FC-02331,S133,2025-10-06T22:36:03Z,45.0,367.0,85.0,33.54,357.0,1404.0,0,2025-10-06T12:10:52Z,2025-10-06T06:08:32Z,2025-10-06T22:04:52Z,2025-09-27T21:36:43Z,2025-10-14T07:40:02Z,2025-11-01T02:30:37Z
FC-02332,S146,2025-10-07T00:52:47Z,44.0,373.0,64.0,28.11,367.0,1547.0,0,2025-10-06T15:59:57Z,2025-10-06T17:23:22Z,2025-10-06T23:04:36Z,2025-10-01T09:52:46Z,2025-10-14T06:23:44Z,2025-10-23T10:55:39Z
FC-02333,S107,2025-10-07T05:31:20Z,26.0,216.0,35.0,39.95,166.0,761.0,0,2025-10-06T20:34:41Z,2025-10-07T03:25:33Z,2025-10-07T03:49:23Z,2025-09-25T10:30:56Z,2025-10-14T13:24:46Z,2025-10-20T16:30:10Z
FC-02334,S125,2025-10-07T06:05:48Z,43.0,312.0,28.0,7.1,292.0,1341.0,1,2025-10-06T11:38:30Z,2025-10-06T12:35:17Z,2025-10-07T05:42:33Z,2025-10-05T21:51:41Z,2025-10-14T13:43:50Z,2025-10-14T13:56:20Z
FC-02335,S125,2025-10-07T06:13:29Z,76.0,445.0,51.0,25.68,491.0,1971.0,1,2025-10-06T13:27:27Z,2025-10-06T13:39:40Z,2025-10-07T04:40:14Z,2025-09-25T13:33:21Z,2025-10-14T10:33:52Z,2025-10-21T07:13:31Z
FC-02336,S139,2025-10-07T07:34:17Z,83.0,554.0,127.0,28.58,566.0,2461.0,0,2025-10-06T15:53:13Z,2025-10-06T18:21:01Z,2025-10-07T07:23:12Z,2025-09-23T13:45:02Z,2025-10-14T15:26:52Z,2025-10-19T07:20:39Z
FC-02337,S122,2025-10-07T08:09:34Z,22.0,187.0,48.0,29.11,180.0,728.0,0,2025-10-07T00:09:14Z,2025-10-07T00:59:12Z,2025-10-07T06:11:13Z,2025-09-30T07:12:23Z,2025-10-14T19:20:55Z,2025-10-17T23:12:51Z
FC-02338,S126,2025-10-07T08:45:17Z,45.0,282.0,49.0,17.81,291.0,1298.0,0,2025-10-06T20:04:18Z,2025-10-06T15:34:39Z,2025-10-07T07:16:16Z,2025-10-04T19:26:38Z,2025-10-14T21:07:54Z,2025-11-04T17:12:53Z
FC-02339,S127,2025-10-07T09:02:38Z,33.0,228.0,57.0,20.75,203.0,990.0,0,2025-10-06T15:19:22Z,2025-10-06T18:49:18Z,2025-10-07T07:14:18Z,2025-09-30T18:49:34Z,2025-10-14T22:28:25Z,2025-10-13T00:14:43Z
FC-02340,S135,2025-10-07T09:13:01Z,33.0,260.0,40.0,33.92,183.0,929.0,0,2025-10-06T16:09:03Z,2025-10-06T21:49:21Z,2025-10-07T07:43:37Z,2025-10-05T09:53:24Z,2025-10-15T05:15:08Z,2025-10-27T07:04:59Z
FC-02341,S142,2025-10-07T09:27:49Z,49.0,331.0,34.0,33.28,315.0,1667.0,1,2025-10-07T00:42:58Z,2025-10-07T01:31:56Z,2025-10-07T08:16:44Z,2025-10-03T23:54:26Z,2025-10-15T01:57:03Z,2025-11-06T03:45:22Z
FC-02342,S124,2025-10-07T09:42:46Z,93.0,582.0,118.0,38.01,518.0,2180.0,0,2025-10-06T13:54:50Z,2025-10-06T14:43:35Z,2025-10-07T08:34:10Z,2025-09-27T22:19:54Z,2025-10-14T16:24:45Z,2025-10-21T18:03:56Z
FC-02343,S103,2025-10-07T10:54:42Z,55.0,411.0,105.0,4.64,448.0,1735.0,0,2025-10-06T15:25:56Z,2025-10-06T16:28:52Z,2025-10-07T09:34:50Z,2025-10-03T01:32:46Z,2025-10-15T02:04:19Z,2025-10-15T07:38:53Z
FC-02344,S156,2025-10-07T11:35:21Z,45.0,412.0,52.0,29.51,336.0,1645.0,0,2025-10-07T05:24:23Z,2025-10-06T23:09:21Z,2025-10-07T10:46:27Z,2025-09-23T19:06:30Z,2025-10-14T19:14:21Z,2025-10-30T12:04:02Z
FC-02345,S138,2025-10-07T12:12:07Z,68.0,442.0,98.0,3.27,498.0,2320.0,0,2025-10-06T21:50:03Z,2025-10-06T16:59:32Z,2025-10-07T11:31:22Z,2025-09-28T11:43:10Z,2025-10-15T03:02:48Z,2025-11-02T09:53:30Z
FC-02346,S108,2025-10-07T12:56:35Z,40.0,235.0,34.0,19.24,293.0,1179.0,1,2025-10-07T07:17:22Z,2025-10-07T04:35:07Z,2025-10-07T12:48:00Z,2025-10-03T01:43:48Z,2025-10-14T21:03:13Z,2025-11-04T16:31:08Z
FC-02347,S109,2025-10-07T13:27:55Z,49.0,263.0,37.0,2.66,273.0,1243.0,1,2025-10-06T18:47:44Z,2025-10-07T02:00:59Z,2025-10-07T12:41:34Z,2025-09-26T05:34:26Z,2025-10-14T19:52:23Z,2025-11-02T06:37:47Z
FC-02348,S115,2025-10-07T13:28:51Z,50.0,441.0,65.0,14.23,421.0,1732.0,0,2025-10-07T00:05:31Z,2025-10-07T08:17:03Z,2025-10-07T12:07:21Z,2025-10-03T20:13:12Z,2025-10-15T03:58:45Z,2025-11-06T06:41:21Z
FC-02349,S111,2025-10-07T15:23:33Z,33.0,239.0,25.0,11.66,277.0,1207.0,1,2025-10-07T03:46:02Z,2025-10-07T10:40:40Z,2025-10-07T14:23:30Z,2025-09-30T19:07:29Z,2025-10-14T19:41:36Z,2025-10-28T11:41:27Z
FC-02350,S155,2025-10-07T15:47:32Z,63.0,460.0,56.0,21.38,397.0,1980.0,1,2025-10-07T12:55:42Z,2025-10-07T09:00:47Z,2025-10-07T14:31:40Z,2025-09-29T08:24:07Z,2025-10-15T03:17:55Z,2025-10-28T10:45:04Z
FC-02351,S104,2025-10-07T16:39:20Z,51.0,302.0,66.0,35.01,346.0,1385.0,0,2025-10-07T02:26:50Z,2025-10-07T03:29:23Z,2025-10-07T15:30:49Z,2025-09-26T08:55:38Z,2025-10-15T07:40:00Z,2025-10-17T00:21:30Z
FC-02352,S133,2025-10-07T17:14:34Z,38.0,244.0,37.0,15.05,274.0,1207.0,0,2025-10-07T08:11:18Z,2025-10-07T04:19:59Z,2025-10-07T16:54:45Z,2025-10-03T05:40:10Z,2025-10-14T18:16:41Z,2025-10-29T06:26:14Z
FC-02353,S156,2025-10-07T17:47:17Z,13.0,101.0,21.0,6.77,91.0,458.0,0,2025-10-07T02:39:22Z,2025-10-07T08:12:10Z,2025-10-07T16:15:30Z,2025-09-25T17:45:29Z,2025-10-15T04:21:51Z,2025-10-30T12:39:31Z
FC-02354,S133,2025-10-07T17:51:09Z,28.0,218.0,52.0,8.35,259.0,1057.0,0,2025-10-07T11:03:16Z,2025-10-07T04:07:33Z,2025-10-07T17:37:56Z,2025-09-28T18:15:37Z,2025-10-15T04:59:26Z,2025-10-14T17:57:03Z
FC-02355,S157,2025-10-07T17:58:42Z,14.0,94.0,16.0,35.69,99.0,394.0,0,2025-10-07T15:03:05Z,2025-10-06T23:06:20Z,2025-10-07T16:10:15Z,2025-09-27T10:34:44Z,2025-10-14T18:18:59Z,2025-10-27T22:07:17Z
FC-02356,S134,2025-10-07T18:54:08Z,29.0,226.0,31.0,11.51,199.0,778.0,0,2025-10-07T06:18:51Z,2025-10-06T23:57:07Z,2025-10-07T17:41:35Z,2025-09-27T11:21:50Z,2025-10-14T21:34:04Z,2025-10-19T22:49:35Z
FC-02357,S142,2025-10-07T20:41:58Z,60.0,392.0,36.0,27.65,412.0,1874.0,1,2025-10-07T11:54:31Z,2025-10-07T10:43:50Z,2025-10-07T19:56:02Z,2025-10-02T21:17:54Z,2025-10-15T05:31:17Z,2025-10-16T14:33:17Z
FC-02358,S101,2025-10-07T21:57:21Z,99.0,655.0,174.0,2.95,650.0,2881.0,0,2025-10-07T19:07:47Z,2025-10-07T19:31:18Z,2025-10-07T21:30:11Z,2025-10-01T00:23:37Z,2025-10-15T14:28:53Z,2025-10-21T07:04:47Z
FC-02359,S144,2025-10-07T23:04:02Z,21.0,176.0,22.0,10.31,178.0,702.0,1,2025-10-07T16:12:12Z,2025-10-07T14:42:47Z,2025-10-07T21:27:38Z,2025-09-27T04:52:08Z,2025-10-15T22:10:34Z,2025-11-04T07:08:02Z
FC-02360,S130,2025-10-07T23:36:18Z,24.0,206.0,19.0,11.69,186.0,791.0,1,2025-10-07T21:01:50Z,2025-10-07T10:04:28Z,2025-10-07T22:39:00Z,2025-09-27T05:14:06Z,2025-10-15T11:35:11Z,2025-10-20T05:59:34Z
FC-02361,S148,2025-10-07T23:55:29Z,22.0,159.0,25.0,30.01,184.0,793.0,0,2025-10-07T17:37:22Z,2025-10-07T18:01:48Z,2025-10-07T22:26:57Z,2025-09-27T17:05:59Z,2025-10-15T01:04:47Z,2025-11-04T12:33:38Z
FC-02362,S110,2025-10-08T00:53:12Z,39.0,365.0,58.0,12.7,383.0,1465.0,0,2025-10-07T16:39:28Z,2025-10-07T06:03:02Z,2025-10-07T23:47:51Z,2025-09-25T22:24:11Z,2025-10-16T00:51:42Z,2025-10-18T20:39:42Z
FC-02363,S126,2025-10-08T01:34:47Z,79.0,509.0,53.0,24.31,503.0,1927.0,1,2025-10-07T16:27:13Z,2025-10-07T05:40:31Z,2025-10-08T00:43:32Z,2025-09-24T23:45:48Z,2025-10-15T01:36:59Z,2025-11-02T02:24:42Z
FC-02364,S138,2025-10-08T02:38:23Z,60.0,371.0,69.0,25.03,372.0,1558.0,0,2025-10-07T18:03:15Z,2025-10-07T17:25:05Z,2025-10-08T02:08:26Z,2025-10-02T15:18:00Z,2025-10-16T01:16:27Z,2025-10-13T21:34:36Z
FC-02365,S119,2025-10-08T02:41:44Z,14.0,86.0,23.0,18.77,77.0,434.0,0,2025-10-07T22:32:31Z,2025-10-07T13:59:32Z,2025-10-08T01:47:19Z,2025-09-30T20:28:28Z,2025-10-15T08:48:16Z,2025-10-19T23:07:08Z
FC-02366,S120,2025-10-08T02:45:57Z,8.0,66.0,15.0,25.2,55.0,260.0,0,2025-10-07T23:06:59Z,2025-10-07T18:22:34Z,2025-10-08T02:17:41Z,2025-10-04T22:48:50Z,2025-10-15T15:45:46Z,2025-10-31T17:57:15Z
FC-02367,S108,2025-10-08T02:49:54Z,47.0,440.0,72.0,9.97,398.0,1682.0,0,2025-10-07T21:01:51Z,2025-10-07T22:00:27Z,2025-10-08T01:17:13Z,2025-10-05T05:48:25Z,2025-10-15T10:24:57Z,2025-10-26T07:08:30Z
FC-02368,S142,2025-10-08T03:11:23Z,46.0,390.0,33.0,20.54,353.0,1669.0,1,2025-10-07T12:18:49Z,2025-10-07T10:59:26Z,2025-10-08T01:48:44Z,2025-10-06T15:44:55Z,2025-10-15T09:53:39Z,2025-10-27T08:19:22Z
FC-02369,S122,2025-10-08T03:32:13Z,26.0,174.0,38.0,12.82,154.0,801.0,0,2025-10-07T20:07:45Z,2025-10-08T00:24:09Z,2025-10-08T03:10:45Z,2025-09-29T10:07:03Z,2025-10-15T22:31:15Z,2025-11-06T15:49:26Z
FC-02370,S117,2025-10-08T03:32:34Z,56.0,410.0,110.0,4.85,398.0,1673.0,0,2025-10-07T18:08:55Z,2025-10-07T10:03:24Z,2025-10-08T01:57:02Z,2025-09-24T03:46:36Z,2025-10-16T03:06:45Z,2025-10-21T02:28:49Z
FC-02371,S105,2025-10-08T04:04:34Z,21.0,148.0,41.0,12.37,150.0,717.0,0,2025-10-07T22:46:26Z,2025-10-07T18:05:26Z,2025-10-08T02:40:26Z,2025-10-05T10:31:51Z,2025-10-15T20:01:31Z,2025-11-03T00:02:37Z
FC-02372,S111,2025-10-08T05:26:43Z,53.0,287.0,63.0,15.76,299.0,1251.0,0,2025-10-08T00:06:33Z,2025-10-07T15:06:23Z,2025-10-08T03:37:01Z,2025-10-05T00:37:37Z,2025-10-16T02:29:54Z,2025-10-30T22:06:17Z
FC-02373,S138,2025-10-08T06:47:22Z,110.0,593.0,130.0,9.89,613.0,3067.0,0,2025-10-07T20:51:36Z,2025-10-07T20:57:34Z,2025-10-08T05:02:36Z,2025-09-29T23:13:52Z,2025-10-16T01:44:16Z,2025-10-17T22:08:20Z
FC-02374,S123,2025-10-08T06:50:36Z,80.0,509.0,55.0,26.56,567.0,2073.0,1,2025-10-07T14:24:08Z,2025-10-08T00:39:03Z,2025-10-08T06:35:27Z,2025-09-30T16:45:31Z,2025-10-15T13:56:28Z,2025-10-24T12:04:25Z
FC-02375,S114,2025-10-08T07:13:46Z,32.0,201.0,31.0,39.59,206.0,850.0,0,2025-10-07T12:22:31Z,2025-10-07T15:07:15Z,2025-10-08T05:22:24Z,2025-09-25T11:03:41Z,2025-10-16T03:55:11Z,2025-10-17T07:13:52Z
FC-02376,S102,2025-10-08T07:23:51Z,96.0,651.0,131.0,28.23,489.0,2553.0,0,2025-10-07T11:37:18Z,2025-10-07T23:39:02Z,2025-10-08T07:15:46Z,2025-09-29T10:17:18Z,2025-10-15T11:48:17Z,2025-10-15T23:54:10Z
FC-02377,S101,2025-10-08T08:28:42Z,31.0,242.0,49.0,12.21,207.0,946.0,0,2025-10-07T14:16:40Z,2025-10-07T22:16:16Z,2025-10-08T07:54:51Z,2025-10-07T02:55:00Z,2025-10-16T07:07:22Z,2025-10-24T09:37:41Z
FC-02378,S155,2025-10-08T08:46:05Z,41.0,360.0,49.0,11.37,402.0,1337.0,1,2025-10-07T18:01:38Z,2025-10-07T18:01:52Z,2025-10-08T07:30:56Z,2025-09-28T08:08:48Z,2025-10-15T21:25:41Z,2025-10-23T03:15:32Z
FC-02379,S125,2025-10-08T09:44:25Z,26.0,196.0,46.0,35.81,209.0,810.0,0,2025-10-07T22:48:43Z,2025-10-07T19:48:53Z,2025-10-08T08:26:03Z,2025-10-03T00:41:46Z,2025-10-15T22:57:10Z,2025-10-27T10:22:21Z
FC-02380,S101,2025-10-08T10:09:26Z,98.0,659.0,81.0,39.7,590.0,2733.0,0,2025-10-07T22:49:39Z,2025-10-08T01:09:08Z,2025-10-08T08:37:21Z,2025-10-02T02:15:00Z,2025-10-16T06:21:30Z,2025-10-24T14:15:02Z
FC-02381,S141,2025-10-08T10:45:48Z,42.0,306.0,47.0,32.18,303.0,1216.0,0,2025-10-07T23:49:25Z,2025-10-07T23:20:16Z,2025-10-08T09:55:54Z,2025-09-28T09:13:59Z,2025-10-15T14:31:57Z,2025-11-02T20:28:24Z
FC-02382,S154,2025-10-08T10:50:24Z,57.0,323.0,39.0,9.38,340.0,1421.0,1,2025-10-08T04:31:07Z,2025-10-07T21:17:12Z,2025-10-08T08:54:37Z,2025-09-27T13:41:28Z,2025-10-16T05:30:43Z,2025-10-24T18:37:50Z
FC-02383,S118,2025-10-08T12:41:29Z,47.0,403.0,80.0,11.09,391.0,1494.0,0,2025-10-08T07:30:12Z,2025-10-08T09:11:34Z,2025-10-08T11:58:04Z,2025-10-03T14:25:16Z,2025-10-16T10:43:28Z,2025-10-23T05:06:30Z
FC-02384,S105,2025-10-08T12:51:02Z,70.0,515.0,121.0,23.9,708.0,2557.0,0,2025-10-08T10:17:43Z,2025-10-07T23:20:47Z,2025-10-08T11:31:37Z,2025-10-01T20:03:20Z,2025-10-16T04:33:20Z,2025-10-21T00:05:43Z
FC-02385,S118,2025-10-08T13:08:12Z,42.0,309.0,81.0,34.28,362.0,1550.0,0,2025-10-08T03:12:02Z,2025-10-08T04:10:07Z,2025-10-08T12:16:53Z,2025-10-07T06:58:33Z,2025-10-16T06:20:12Z,2025-11-07T02:21:37Z
FC-02386,S100,2025-10-08T13:14:15Z,53.0,321.0,68.0,27.67,374.0,1305.0,0,2025-10-08T04:04:23Z,2025-10-07T22:22:59Z,2025-10-08T13:05:02Z,2025-10-03T10:23:22Z,2025-10-16T06:36:04Z,2025-10-15T09:54:27Z
FC-02387,S133,2025-10-08T14:43:47Z,29.0,236.0,35.0,20.66,261.0,1031.0,0,2025-10-08T11:24:47Z,2025-10-08T00:36:48Z,2025-10-08T14:03:23Z,2025-10-02T04:46:08Z,2025-10-15T18:14:02Z,2025-11-06T17:48:17Z
FC-02388,S110,2025-10-08T15:46:18Z,88.0,608.0,70.0,24.6,587.0,2244.0,1,2025-10-08T07:09:55Z,2025-10-08T09:32:23Z,2025-10-08T14:06:05Z,2025-09-28T14:39:53Z,2025-10-16T11:29:24Z,2025-10-18T16:16:17Z
FC-02389,S134,2025-10-08T17:50:06Z,12.0,68.0,15.0,6.93,68.0,292.0,0,2025-10-08T14:32:12Z,2025-10-08T09:11:54Z,2025-10-08T17:15:41Z,2025-10-02T00:02:27Z,2025-10-16T07:31:53Z,2025-10-20T03:48:40Z
FC-02390,S114,2025-10-08T18:51:08Z,32.0,220.0,56.0,6.18,225.0,1206.0,0,2025-10-08T16:03:16Z,2025-10-08T00:41:19Z,2025-10-08T18:19:57Z,2025-09-30T01:23:42Z,2025-10-16T14:17:40Z,2025-10-19T20:45:47Z
FC-02391,S147,2025-10-08T18:57:13Z,40.0,235.0,61.0,7.7,300.0,1070.0,0,2025-10-08T01:04:04Z,2025-10-08T11:26:00Z,2025-10-08T18:26:32Z,2025-09-28T05:50:54Z,2025-10-16T01:51:09Z,2025-10-15T05:18:38Z
FC-02392,S154,2025-10-08T20:23:50Z,27.0,212.0,49.0,17.89,194.0,844.0,0,2025-10-08T13:22:46Z,2025-10-08T06:05:35Z,2025-10-08T20:10:46Z,2025-10-02T17:59:18Z,2025-10-16T02:44:06Z,2025-10-16T05:00:15Z
FC-02393,S116,2025-10-08T20:42:19Z,67.0,497.0,54.0,31.95,436.0,2039.0,1,2025-10-08T06:05:40Z,2025-10-08T11:47:52Z,2025-10-08T20:14:44Z,2025-10-01T23:21:14Z,2025-10-16T17:54:30Z,2025-11-03T22:35:45Z
FC-02394,S127,2025-10-08T20:57:32Z,48.0,322.0,46.0,16.43,331.0,1558.0,0,2025-10-08T16:15:44Z,2025-10-08T12:30:09Z,2025-10-08T20:14:07Z,2025-10-05T07:00:56Z,2025-10-16T18:17:04Z,2025-10-25T15:53:27Z
FC-02395,S159,2025-10-08T21:24:52Z,55.0,426.0,66.0,27.04,412.0,1591.0,0,2025-10-08T16:47:42Z,2025-10-08T17:25:30Z,2025-10-08T19:33:35Z,2025-09-30T12:09:00Z,2025-10-16T02:45:46Z,2025-11-03T07:20:01Z
FC-02396,S140,2025-10-08T22:46:22Z,44.0,323.0,62.0,8.27,292.0,1282.0,0,2025-10-08T04:03:39Z,2025-10-08T11:19:13Z,2025-10-08T21:11:44Z,2025-10-02T01:01:38Z,2025-10-16T13:56:54Z,2025-10-31T13:49:19Z
FC-02397,S134,2025-10-08T23:11:47Z,33.0,238.0,39.0,36.03,229.0,971.0,0,2025-10-08T10:28:08Z,2025-10-08T12:36:25Z,2025-10-08T22:33:41Z,2025-09-29T07:42:17Z,2025-10-16T19:36:20Z,2025-11-07T19:41:36Z
FC-02398,S118,2025-10-08T23:25:24Z,25.0,210.0,35.0,37.81,172.0,778.0,0,2025-10-08T20:08:31Z,2025-10-08T04:06:20Z,2025-10-08T21:35:00Z,2025-10-03T17:04:35Z,2025-10-16T13:38:39Z,2025-10-15T14:00:07Z
FC-02399,S127,2025-10-08T23:50:24Z,62.0,378.0,69.0,11.66,401.0,1576.0,0,2025-10-08T05:08:37Z,2025-10-08T12:30:43Z,2025-10-08T22:05:23Z,2025-09-30T12:05:45Z,2025-10-16T20:07:55Z,2025-10-24T00:09:46Z
FC-02400,S151,2025-10-09T01:01:40Z,42.0,413.0,46.0,5.95,310.0,1711.0,1,2025-10-08T05:24:04Z,2025-10-08T09:39:58Z,2025-10-09T00:21:16Z,2025-09-25T08:02:28Z,2025-10-16T09:46:30Z,2025-11-01T17:48:13Z
FC-02401,S153,2025-10-09T01:47:25Z,27.0,200.0,31.0,5.43,166.0,816.0,0,2025-10-08T10:34:42Z,2025-10-08T15:27:49Z,2025-10-09T00:59:40Z,2025-10-06T00:09:07Z,2025-10-16T02:03:57Z,2025-10-19T15:19:12Z
FC-02402,S115,2025-10-09T02:00:28Z,42.0,302.0,81.0,22.16,348.0,1322.0,0,2025-10-08T06:43:17Z,2025-10-08T20:23:34Z,2025-10-09T00:27:07Z,2025-10-04T19:37:48Z,2025-10-16T10:03:57Z,2025-10-17T22:12:29Z
FC-02403,S118,2025-10-09T02:12:03Z,63.0,373.0,63.0,9.36,340.0,1625.0,0,2025-10-08T17:43:43Z,2025-10-08T10:16:55Z,2025-10-09T00:14:45Z,2025-10-04T01:14:05Z,2025-10-16T13:43:21Z,2025-10-18T12:47:20Z
FC-02404,S123,2025-10-09T03:07:01Z,79.0,576.0,101.0,35.89,563.0,2310.0,0,2025-10-08T10:42:34Z,2025-10-08T21:09:53Z,2025-10-09T02:52:24Z,2025-09-30T05:11:10Z,2025-10-16T11:10:27Z,2025-10-19T19:28:19Z
FC-02405,S142,2025-10-09T03:32:25Z,76.0,551.0,107.0,5.56,609.0,2587.0,0,2025-10-08T13:39:21Z,2025-10-09T00:13:13Z,2025-10-09T01:59:14Z,2025-09-29T13:29:34Z,2025-10-16T11:54:11Z,2025-11-06T16:37:25Z
FC-02406,S126,2025-10-09T04:05:04Z,21.0,132.0,23.0,37.84,136.0,513.0,0,2025-10-08T10:25:10Z,2025-10-08T22:57:12Z,2025-10-09T03:09:17Z,2025-09-25T20:55:36Z,2025-10-16T23:21:59Z,2025-10-19T08:19:43Z
FC-02407,S105,2025-10-09T04:08:54Z,17.0,137.0,31.0,37.36,113.0,594.0,0,2025-10-08T20:47:52Z,2025-10-08T08:15:21Z,2025-10-09T03:50:53Z,2025-10-03T00:43:38Z,2025-10-16T06:36:15Z,2025-10-16T17:57:55Z
FC-02408,S121,2025-10-09T05:39:42Z,24.0,155.0,22.0,6.7,173.0,539.0,0,2025-10-08T19:53:16Z,2025-10-08T19:46:06Z,2025-10-09T03:47:40Z,2025-10-07T22:56:21Z,2025-10-16T20:09:01Z,2025-10-19T01:04:17Z
FC-02409,S112,2025-10-09T06:48:24Z,24.0,219.0,41.0,35.64,220.0,847.0,0,2025-10-09T04:30:14Z,2025-10-08T20:27:26Z,2025-10-09T05:32:41Z,2025-10-03T12:57:51Z,2025-10-17T04:19:42Z,2025-11-05T10:47:16Z
FC-02410,S150,2025-10-09T06:57:49Z,24.0,190.0,33.0,17.92,182.0,805.0,0,2025-10-08T21:50:18Z,2025-10-09T01:19:34Z,2025-10-09T06:04:57Z,2025-10-07T13:18:56Z,2025-10-16T16:29:13Z,2025-10-29T07:41:04Z
FC-02411,S109,2025-10-09T07:34:43Z,53.0,365.0,41.0,38.04,412.0,1649.0,1,2025-10-08T13:07:22Z,2025-10-08T22:25:21Z,2025-10-09T06:09:36Z,2025-09-27T21:43:03Z,2025-10-16T10:31:55Z,2025-11-06T11:26:14Z
FC-02412,S112,2025-10-09T08:08:43Z,38.0,304.0,70.0,24.7,353.0,1534.0,0,2025-10-08T18:48:24Z,2025-10-09T02:28:52Z,2025-10-09T06:16:49Z,2025-10-05T10:00:17Z,2025-10-16T18:18:11Z,2025-10-28T20:36:36Z
FC-02413,S146,2025-10-09T08:29:42Z,92.0,693.0,144.0,15.56,642.0,2655.0,0,2025-10-08T14:34:44Z,2025-10-09T03:19:25Z,2025-10-09T08:02:04Z,2025-10-04T10:51:17Z,2025-10-17T00:33:44Z,2025-11-08T02:10:39Z
FC-02414,S110,2025-10-09T10:16:07Z,64.0,448.0,49.0,29.24,412.0,1953.0,1,2025-10-08T16:52:32Z,2025-10-08T22:15:26Z,2025-10-09T09:53:37Z,2025-10-07T12:01:31Z,2025-10-17T01:12:31Z,2025-11-07T23:13:08Z
FC-02415,S158,2025-10-09T12:17:44Z,60.0,402.0,98.0,2.7,362.0,1933.0,0,2025-10-09T08:19:25Z,2025-10-09T02:11:34Z,2025-10-09T11:39:22Z,2025-10-08T08:07:05Z,2025-10-17T03:46:42Z,2025-10-27T17:32:59Z
FC-02416,S134,2025-10-09T12:41:59Z,28.0,238.0,33.0,23.78,221.0,1007.0,0,2025-10-08T23:48:06Z,2025-10-09T03:37:13Z,2025-10-09T12:13:49Z,2025-09-27T00:35:31Z,2025-10-16T17:22:51Z,2025-11-07T04:00:24Z
FC-02417,S140,2025-10-09T13:38:38Z,115.0,683.0,120.0,31.59,772.0,2686.0,0,2025-10-08T21:01:32Z,2025-10-09T03:29:17Z,2025-10-09T12:19:49Z,2025-09-27T18:08:11Z,2025-10-16T15:11:23Z,2025-10-14T15:26:16Z
FC-02418,S119,2025-10-09T13:50:18Z,24.0,191.0,47.0,31.99,220.0,797.0,0,2025-10-08T20:05:35Z,2025-10-09T08:45:59Z,2025-10-09T13:05:52Z,2025-09-29T06:12:03Z,2025-10-17T00:11:15Z,2025-10-22T18:41:12Z
FC-02419,S148,2025-10-09T14:09:45Z,43.0,302.0,46.0,26.54,300.0,1094.0,0,2025-10-09T05:35:28Z,2025-10-08T23:44:37Z,2025-10-09T13:29:08Z,2025-10-03T07:40:41Z,2025-10-17T02:38:35Z,2025-10-31T15:49:18Z
FC-02420,S135,2025-10-09T14:29:24Z,33.0,232.0,29.0,31.59,188.0,843.0,0,2025-10-09T01:11:46Z,2025-10-08T22:16:26Z,2025-10-09T14:15:02Z,2025-10-02T00:02:07Z,2025-10-16T21:52:48Z,2025-10-29T10:46:44Z
FC-02421,S139,2025-10-09T14:42:07Z,56.0,355.0,70.0,33.12,440.0,1597.0,0,2025-10-08T20:22:07Z,2025-10-09T06:49:57Z,2025-10-09T13:29:30Z,2025-09-27T10:25:39Z,2025-10-17T13:28:16Z,2025-11-04T17:09:28Z
FC-02422,S146,2025-10-09T15:03:36Z,38.0,233.0,47.0,8.92,229.0,1083.0,0,2025-10-09T07:25:01Z,2025-10-08T19:45:33Z,2025-10-09T13:14:49Z,2025-09-26T10:18:22Z,2025-10-17T01:45:56Z,2025-10-16T10:02:59Z
FC-02423,S158,2025-10-09T15:12:31Z,39.0,269.0,40.0,8.16,252.0,1099.0,0,2025-10-09T11:08:46Z,2025-10-08T23:29:25Z,2025-10-09T13:58:53Z,2025-10-01T11:29:00Z,2025-10-16T15:35:08Z,2025-10-15T12:47:09Z
FC-02424,S152,2025-10-09T16:46:34Z,36.0,253.0,32.0,30.74,259.0,1094.0,1,2025-10-09T13:07:20Z,2025-10-09T02:00:56Z,2025-10-09T15:05:14Z,2025-10-05T08:56:44Z,2025-10-16T20:55:25Z,2025-10-16T00:44:22Z
FC-02425,S118,2025-10-09T18:01:45Z,19.0,153.0,34.0,31.46,173.0,668.0,0,2025-10-09T06:53:04Z,2025-10-09T13:19:54Z,2025-10-09T16:37:24Z,2025-10-05T16:58:04Z,2025-10-17T06:56:57Z,2025-10-26T06:12:17Z
FC-02426,S102,2025-10-09T18:13:51Z,66.0,522.0,93.0,24.0,413.0,2118.0,0,2025-10-09T15:21:14Z,2025-10-09T03:55:00Z,2025-10-09T16:59:11Z,2025-10-06T08:42:53Z,2025-10-17T03:30:05Z,2025-10-17T08:04:29Z
FC-02427,S107,2025-10-09T19:00:06Z,29.0,210.0,24.0,5.3,279.0,967.0,1,2025-10-09T15:04:54Z,2025-10-09T04:24:43Z,2025-10-09T17:10:35Z,2025-10-07T00:51:44Z,2025-10-16T23:56:16Z,2025-10-15T14:21:56Z
FC-02428,S122,2025-10-09T19:18:35Z,21.0,139.0,14.0,13.87,150.0,617.0,1,2025-10-09T04:31:52Z,2025-10-09T11:27:34Z,2025-10-09T18:14:46Z,2025-10-08T02:13:07Z,2025-10-17T04:42:25Z,2025-11-05T05:18:03Z
FC-02429,S107,2025-10-09T19:44:34Z,11.0,86.0,9.0,5.97,83.0,370.0,1,2025-10-09T01:56:02Z,2025-10-09T00:06:44Z,2025-10-09T18:56:18Z,2025-10-06T04:40:30Z,2025-10-17T15:26:19Z,2025-10-17T06:40:09Z
FC-02430,S110,2025-10-09T20:45:18Z,21.0,166.0,27.0,16.02,157.0,606.0,0,2025-10-09T16:33:12Z,2025-10-09T13:43:49Z,2025-10-09T20:21:39Z,2025-10-03T17:08:02Z,2025-10-17T10:13:49Z,2025-11-07T00:25:14Z
FC-02431,S118,2025-10-09T20:52:37Z,42.0,299.0,36.0,21.38,335.0,1567.0,1,2025-10-09T09:40:59Z,2025-10-09T02:25:51Z,2025-10-09T20:40:56Z,2025-09-26T07:26:32Z,2025-10-17T06:28:51Z,2025-11-06T21:12:14Z
FC-02432,S147,2025-10-09T22:04:57Z,39.0,229.0,20.0,21.4,231.0,1030.0,1,2025-10-09T11:06:12Z,2025-10-09T18:12:55Z,2025-10-09T21:43:25Z,2025-09-29T17:28:40Z,2025-10-17T08:10:03Z,2025-10-26T10:09:59Z
FC-02433,S138,2025-10-09T22:42:23Z,65.0,489.0,52.0,7.03,456.0,1964.0,1,2025-10-09T17:20:18Z,2025-10-09T05:09:33Z,2025-10-09T21:43:53Z,2025-10-03T06:40:04Z,2025-10-17T09:47:53Z,2025-10-20T19:10:19Z
FC-02434,S106,2025-10-10T00:14:16Z,14.0,110.0,18.0,32.0,93.0,511.0,0,2025-10-09T22:03:23Z,2025-10-09T06:11:10Z,2025-10-09T22:14:53Z,2025-10-02T10:02:23Z,2025-10-17T21:30:40Z,2025-10-17T13:05:45Z
FC-02435,S114,2025-10-10T00:33:09Z,130.0,1044.0,193.0,7.93,1059.0,3710.0,0,2025-10-09T07:26:49Z,2025-10-09T20:25:45Z,2025-10-09T23:32:42Z,2025-10-04T14:29:49Z,2025-10-17T00:45:05Z,2025-11-02T13:18:44Z
FC-02436,S102,2025-10-10T00:45:56Z,19.0,131.0,18.0,26.93,168.0,642.0,1,2025-10-09T15:17:52Z,2025-10-09T13:45:46Z,2025-10-10T00:17:36Z,2025-10-07T00:14:49Z,2025-10-17T15:07:38Z,2025-10-25T10:15:29Z
FC-02437,S156,2025-10-10T01:22:21Z,82.0,497.0,130.0,13.84,645.0,2377.0,0,2025-10-09T18:07:59Z,2025-10-09T19:15:47Z,2025-10-09T23:39:20Z,2025-09-28T06:47:22Z,2025-10-17T20:20:02Z,2025-10-23T06:15:17Z
FC-02438,S105,2025-10-10T01:25:41Z,31.0,199.0,32.0,4.57,156.0,824.0,0,2025-10-09T14:24:08Z,2025-10-09T09:22:23Z,2025-10-10T00:10:21Z,2025-10-05T16:16:56Z,2025-10-17T07:54:07Z,2025-11-03T05:21:41Z
FC-02439,S151,2025-10-10T02:30:46Z,29.0,217.0,20.0,17.72,235.0,958.0,1,2025-10-09T14:00:45Z,2025-10-09T17:50:24Z,2025-10-10T01:23:40Z,2025-10-01T23:19:12Z,2025-10-17T03:22:17Z,2025-10-30T12:01:50Z
FC-02440,S136,2025-10-10T02:54:45Z,38.0,267.0,66.0,25.49,285.0,1291.0,0,2025-10-09T19:09:46Z,2025-10-09T10:14:09Z,2025-10-10T02:06:25Z,2025-10-03T08:07:30Z,2025-10-17T04:28:34Z,2025-10-19T10:00:06Z
FC-02441,S120,2025-10-10T03:00:01Z,56.0,427.0,85.0,13.19,474.0,1713.0,0,2025-10-09T23:58:48Z,2025-10-09T09:04:17Z,2025-10-10T01:02:21Z,2025-10-02T17:50:00Z,2025-10-17T19:45:59Z,2025-10-24T02:56:46Z
FC-02442,S119,2025-10-10T03:12:45Z,61.0,424.0,44.0,16.37,444.0,1519.0,1,2025-10-10T00:55:03Z,2025-10-09T08:30:09Z,2025-10-10T02:44:00Z,2025-10-07T02:46:13Z,2025-10-17T18:05:03Z,2025-10-26T06:07:30Z
FC-02443,S130,2025-10-10T04:54:51Z,29.0,205.0,49.0,33.15,236.0,969.0,0,2025-10-09T21:19:35Z,2025-10-09T14:46:40Z,2025-10-10T03:09:18Z,2025-09-27T08:19:29Z,2025-10-17T08:06:37Z,2025-11-04T02:09:30Z
FC-02444,S112,2025-10-10T05:46:41Z,41.0,309.0,43.0,7.2,329.0,1338.0,1,2025-10-10T00:07:18Z,2025-10-10T03:11:39Z,2025-10-10T04:40:05Z,2025-10-08T12:11:10Z,2025-10-17T14:40:43Z,2025-11-08T09:08:02Z
FC-02445,S105,2025-10-10T06:50:00Z,76.0,490.0,79.0,37.47,485.0,1939.0,0,2025-10-09T13:30:51Z,2025-10-09T22:56:12Z,2025-10-10T05:00:35Z,2025-09-28T00:19:27Z,2025-10-18T01:16:05Z,2025-10-15T06:51:38Z
FC-02446,S157,2025-10-10T07:12:13Z,43.0,336.0,33.0,5.66,307.0,1436.0,1,2025-10-09T17:29:36Z,2025-10-09T23:10:16Z,2025-10-10T06:46:15Z,2025-10-01T06:06:38Z,2025-10-17T08:32:56Z,2025-10-27T14:13:25Z
FC-02447,S148,2025-10-10T08:11:03Z,44.0,272.0,70.0,7.03,223.0,1244.0,0,2025-10-10T04:38:59Z,2025-10-10T00:54:22Z,2025-10-10T07:11:14Z,2025-10-09T01:59:14Z,2025-10-18T03:32:02Z,2025-10-17T18:17:57Z
FC-02448,S116,2025-10-10T08:36:19Z,37.0,204.0,33.0,25.74,231.0,946.0,1,2025-10-09T21:09:43Z,2025-10-09T15:05:31Z,2025-10-10T07:46:52Z,2025-10-03T06:07:37Z,2025-10-17T13:45:15Z,2025-10-19T13:13:28Z
FC-02449,S147,2025-10-10T09:18:32Z,21.0,123.0,29.0,11.49,145.0,533.0,0,2025-10-09T17:19:42Z,2025-10-09T15:50:15Z,2025-10-10T08:21:12Z,2025-10-01T14:15:12Z,2025-10-17T16:48:13Z,2025-10-25T04:48:17Z
FC-02450,S143,2025-10-10T09:35:38Z,44.0,362.0,41.0,10.4,340.0,1431.0,1,2025-10-09T17:21:11Z,2025-10-10T03:29:48Z,2025-10-10T08:52:00Z,2025-10-02T01:06:23Z,2025-10-17T16:37:44Z,2025-11-02T19:44:51Z
FC-02451,S124,2025-10-10T09:38:47Z,72.0,552.0,101.0,20.96,500.0,2324.0,0,2025-10-10T00:02:12Z,2025-10-10T06:41:55Z,2025-10-10T08:07:24Z,2025-09-28T09:00:48Z,2025-10-18T02:15:04Z,2025-10-20T13:31:41Z
FC-02452,S115,2025-10-10T09:59:33Z,59.0,477.0,106.0,21.44,334.0,1844.0,0,2025-10-10T07:56:39Z,2025-10-10T00:57:06Z,2025-10-10T08:50:37Z,2025-10-04T08:33:53Z,2025-10-17T14:47:47Z,2025-11-02T09:26:44Z
FC-02453,S119,2025-10-10T10:07:15Z,48.0,385.0,83.0,8.29,295.0,1654.0,0,2025-10-09T19:20:55Z,2025-10-09T15:02:09Z,2025-10-10T08:08:13Z,2025-10-03T05:09:14Z,2025-10-17T14:47:13Z,2025-10-19T06:14:54Z
FC-02454,S112,2025-10-10T10:23:02Z,52.0,355.0,31.0,14.42,308.0,1359.0,1,2025-10-10T07:53:36Z,2025-10-10T05:33:39Z,2025-10-10T09:42:13Z,2025-10-02T14:56:53Z,2025-10-18T07:35:34Z,2025-11-06T01:31:07Z
FC-02455,S139,2025-10-10T11:09:11Z,33.0,252.0,23.0,29.58,263.0,1055.0,1,2025-10-10T07:45:27Z,2025-10-09T17:58:19Z,2025-10-10T09:17:04Z,2025-09-28T16:12:42Z,2025-10-18T05:23:39Z,2025-11-08T01:07:11Z
FC-02456,S157,2025-10-10T11:37:30Z,19.0,121.0,29.0,28.93,142.0,568.0,0,2025-10-10T06:10:06Z,2025-10-09T22:45:33Z,2025-10-10T09:48:02Z,2025-10-06T09:16:14Z,2025-10-17T22:06:22Z,2025-10-24T10:27:08Z
FC-02457,S146,2025-10-10T12:05:22Z,48.0,262.0,45.0,12.28,301.0,1272.0,0,2025-10-10T03:45:15Z,2025-10-09T22:29:17Z,2025-10-10T10:25:18Z,2025-09-30T03:26:36Z,2025-10-18T02:16:00Z,2025-11-06T00:24:11Z
FC-02458,S155,2025-10-10T12:43:04Z,42.0,298.0,61.0,4.64,307.0,1230.0,0,2025-10-09T21:00:44Z,2025-10-09T17:14:10Z,2025-10-10T12:06:52Z,2025-10-07T22:12:53Z,2025-10-17T20:50:48Z,2025-11-05T11:30:26Z
FC-02459,S100,2025-10-10T13:01:42Z,44.0,375.0,45.0,5.56,327.0,1609.0,1,2025-10-09T19:06:19Z,2025-10-10T00:33:49Z,2025-10-10T12:15:13Z,2025-10-09T02:42:16Z,2025-10-17T22:06:12Z,2025-10-16T15:37:41Z
FC-02460,S149,2025-10-10T13:24:52Z,34.0,192.0,55.0,33.49,217.0,1007.0,0,2025-10-10T11:05:49Z,2025-10-10T00:25:25Z,2025-10-10T12:01:09Z,2025-10-07T18:01:49Z,2025-10-18T09:42:35Z,2025-11-03T16:39:33Z
FC-02461,S108,2025-10-10T13:59:00Z,33.0,274.0,27.0,18.87,331.0,1303.0,1,2025-10-10T01:42:16Z,2025-10-09T18:18:13Z,2025-10-10T13:44:05Z,2025-10-06T06:10:50Z,2025-10-18T07:21:50Z,2025-10-19T18:03:26Z
FC-02462,S157,2025-10-10T14:33:50Z,61.0,416.0,85.0,35.92,366.0,1828.0,0,2025-10-09T22:18:40Z,2025-10-10T05:03:15Z,2025-10-10T13:01:00Z,2025-09-30T00:41:40Z,2025-10-17T19:42:32Z,2025-10-21T23:25:43Z
FC-02463,S150,2025-10-10T14:50:32Z,35.0,311.0,32.0,27.37,243.0,1307.0,1,2025-10-10T02:44:13Z,2025-10-10T06:40:37Z,2025-10-10T13:20:41Z,2025-10-03T01:44:46Z,2025-10-17T19:50:10Z,2025-11-01T02:36:11Z
FC-02464,S114,2025-10-10T16:29:04Z,53.0,416.0,35.0,38.95,411.0,1646.0,1,2025-10-10T12:37:38Z,2025-10-10T13:34:36Z,2025-10-10T14:35:32Z,2025-09-26T21:56:18Z,2025-10-18T12:14:21Z,2025-10-26T12:04:35Z
FC-02465,S106,2025-10-10T17:33:05Z,16.0,90.0,23.0,24.37,96.0,416.0,0,2025-10-10T02:58:04Z,2025-10-10T01:17:56Z,2025-10-10T16:31:14Z,2025-09-30T06:05:53Z,2025-10-17T23:51:10Z,2025-10-22T12:25:13Z
FC-02466,S137,2025-10-10T17:53:05Z,117.0,762.0,63.0,21.44,593.0,3359.0,1,2025-10-10T11:57:18Z,2025-10-10T07:03:56Z,2025-10-10T16:35:11Z,2025-10-06T12:31:18Z,2025-10-18T15:19:29Z,2025-11-06T11:35:58Z
FC-02467,S158,2025-10-10T18:38:21Z,37.0,226.0,63.0,20.12,272.0,1134.0,0,2025-10-10T11:37:18Z,2025-10-10T04:04:56Z,2025-10-10T16:47:36Z,2025-09-28T16:13:23Z,2025-10-18T09:34:10Z,2025-10-24T16:51:46Z
FC-02468,S141,2025-10-10T21:11:44Z,36.0,281.0,46.0,23.25,224.0,1088.0,0,2025-10-10T07:31:07Z,2025-10-10T12:38:10Z,2025-10-10T19:45:21Z,2025-10-01T23:11:13Z,2025-10-18T05:01:34Z,2025-10-28T11:25:01Z
FC-02469,S118,2025-10-10T21:47:33Z,37.0,282.0,62.0,37.57,249.0,980.0,0,2025-10-10T09:20:49Z,2025-10-10T17:50:47Z,2025-10-10T21:23:48Z,2025-10-01T15:04:40Z,2025-10-18T08:48:46Z,2025-11-06T07:47:22Z
FC-02470,S159,2025-10-10T22:04:58Z,17.0,147.0,19.0,27.84,148.0,547.0,0,2025-10-10T14:42:37Z,2025-10-10T12:05:40Z,2025-10-10T20:39:21Z,2025-10-03T00:50:40Z,2025-10-18T11:12:37Z,2025-11-01T07:13:28Z
FC-02471,S123,2025-10-10T22:27:28Z,21.0,178.0,23.0,29.1,158.0,738.0,0,2025-10-10T12:55:58Z,2025-10-10T15:16:12Z,2025-10-10T20:58:50Z,2025-09-28T19:10:58Z,2025-10-18T01:53:08Z,2025-10-16T08:13:47Z
FC-02472,S149,2025-10-10T22:41:08Z,65.0,450.0,37.0,27.57,417.0,1582.0,1,2025-10-10T03:40:55Z,2025-10-10T20:30:52Z,2025-10-10T22:07:20Z,2025-10-03T19:12:13Z,2025-10-18T18:17:15Z,2025-10-28T13:32:06Z
FC-02473,S144,2025-10-10T22:51:57Z,82.0,460.0,112.0,30.4,548.0,2398.0,0,2025-10-10T14:04:02Z,2025-10-10T09:41:39Z,2025-10-10T22:06:25Z,2025-10-01T11:59:44Z,2025-10-18T00:53:57Z,2025-10-22T16:06:46Z
FC-02474,S121,2025-10-10T22:52:43Z,47.0,326.0,45.0,29.33,302.0,1141.0,0,2025-10-10T15:55:07Z,2025-10-10T05:52:15Z,2025-10-10T21:03:33Z,2025-10-06T15:19:30Z,2025-10-18T02:23:48Z,2025-10-27T03:26:41Z
FC-02475,S133,2025-10-10T23:03:42Z,51.0,303.0,79.0,10.64,345.0,1373.0,0,2025-10-10T07:14:48Z,2025-10-10T16:04:47Z,2025-10-10T22:47:41Z,2025-10-03T17:11:30Z,2025-10-18T22:12:20Z,2025-10-16T09:30:22Z
FC-02476,S110,2025-10-11T00:03:13Z,27.0,211.0,36.0,39.12,172.0,849.0,0,2025-10-10T14:11:24Z,2025-10-10T13:26:42Z,2025-10-10T22:43:30Z,2025-10-08T16:40:20Z,2025-10-18T14:43:47Z,2025-10-31T04:31:00Z
FC-02477,S130,2025-10-11T00:52:10Z,22.0,161.0,26.0,27.3,188.0,695.0,0,2025-10-10T22:27:01Z,2025-10-10T08:53:22Z,2025-10-10T23:07:35Z,2025-10-09T16:47:28Z,2025-10-18T23:42:13Z,2025-10-26T10:11:54Z
FC-02478,S106,2025-10-11T01:25:50Z,70.0,451.0,68.0,38.48,462.0,2131.0,0,2025-10-10T14:43:21Z,2025-10-10T14:07:47Z,2025-10-11T00:36:25Z,2025-10-04T04:35:55Z,2025-10-18T15:50:01Z,2025-11-03T10:04:18Z
FC-02479,S144,2025-10-11T02:40:11Z,72.0,403.0,100.0,32.49,438.0,1936.0,0,2025-10-10T20:22:51Z,2025-10-10T22:08:35Z,2025-10-11T00:45:46Z,2025-10-09T18:31:40Z,2025-10-18T23:41:21Z,2025-11-03T09:35:33Z
FC-02480,S142,2025-10-11T02:51:09Z,86.0,586.0,139.0,3.37,500.0,2536.0,0,2025-10-10T17:18:04Z,2025-10-10T19:33:12Z,2025-10-11T02:31:13Z,2025-10-05T00:22:31Z,2025-10-18T12:55:46Z,2025-10-27T09:50:56Z
FC-02481,S120,2025-10-11T03:39:55Z,18.0,140.0,13.0,39.67,144.0,587.0,1,2025-10-10T18:41:17Z,2025-10-10T12:09:03Z,2025-10-11T02:38:02Z,2025-09-29T15:09:31Z,2025-10-18T08:54:25Z,2025-11-07T21:39:46Z
FC-02482,S135,2025-10-11T03:52:42Z,36.0,253.0,33.0,30.76,277.0,1153.0,1,2025-10-10T17:21:33Z,2025-10-10T16:32:57Z,2025-10-11T02:09:01Z,2025-09-28T00:34:38Z,2025-10-18T15:44:17Z,2025-10-18T20:42:57Z
FC-02483,S148,2025-10-11T04:02:10Z,19.0,120.0,17.0,18.87,124.0,540.0,0,2025-10-10T12:30:29Z,2025-10-10T10:37:51Z,2025-10-11T03:02:27Z,2025-09-27T09:12:56Z,2025-10-18T10:21:12Z,2025-10-23T05:45:17Z
FC-02484,S133,2025-10-11T05:00:02Z,30.0,253.0,50.0,5.66,247.0,1032.0,0,2025-10-10T17:06:28Z,2025-10-10T13:17:42Z,2025-10-11T04:38:23Z,2025-10-06T06:03:23Z,2025-10-19T03:17:01Z,2025-10-19T02:33:31Z
FC-02485,S136,2025-10-11T05:29:16Z,58.0,484.0,42.0,2.12,454.0,2256.0,1,2025-10-10T13:33:54Z,2025-10-10T10:41:16Z,2025-10-11T04:17:59Z,2025-09-29T09:26:14Z,2025-10-18T23:44:23Z,2025-10-26T02:05:32Z
FC-02486,S150,2025-10-11T07:09:18Z,110.0,646.0,117.0,35.27,750.0,2916.0,0,2025-10-11T02:08:03Z,2025-10-10T19:20:47Z,2025-10-11T06:51:43Z,2025-10-04T12:35:22Z,2025-10-18T12:26:09Z,2025-10-18T03:38:21Z
FC-02487,S108,2025-10-11T07:58:50Z,17.0,133.0,31.0,27.48,140.0,615.0,0,2025-10-10T15:32:54Z,2025-10-11T02:19:11Z,2025-10-11T07:45:20Z,2025-10-01T07:58:14Z,2025-10-18T22:54:54Z,2025-11-08T17:32:45Z
FC-02488,S121,2025-10-11T08:08:26Z,59.0,401.0,95.0,27.33,456.0,1705.0,0,2025-10-10T20:55:37Z,2025-10-10T18:55:41Z,2025-10-11T06:55:31Z,2025-10-07T21:23:46Z,2025-10-19T07:55:13Z,2025-10-27T08:05:10Z
FC-02489,S137,2025-10-11T08:33:32Z,33.0,224.0,30.0,38.07,185.0,808.0,0,2025-10-10T17:48:00Z,2025-10-10T23:01:04Z,2025-10-11T07:04:31Z,2025-09-28T19:33:06Z,2025-10-19T06:05:21Z,2025-11-05T07:21:44Z
FC-02490,S105,2025-10-11T08:48:40Z,64.0,417.0,64.0,27.88,369.0,1993.0,0,2025-10-10T13:58:43Z,2025-10-11T04:25:35Z,2025-10-11T07:33:52Z,2025-10-01T06:51:45Z,2025-10-18T14:56:36Z,2025-11-07T13:15:32Z
FC-02491,S158,2025-10-11T08:49:18Z,23.0,198.0,51.0,9.55,193.0,917.0,0,2025-10-10T23:51:20Z,2025-10-10T14:08:10Z,2025-10-11T07:11:31Z,2025-09-30T16:16:34Z,2025-10-19T00:06:36Z,2025-10-28T12:07:54Z
FC-02492,S113,2025-10-11T09:28:15Z,17.0,124.0,18.0,7.77,115.0,506.0,1,2025-10-11T03:38:53Z,2025-10-10T15:07:15Z,2025-10-11T08:49:08Z,2025-10-01T15:24:21Z,2025-10-18T13:25:16Z,2025-10-19T03:56:59Z
FC-02493,S115,2025-10-11T09:56:35Z,25.0,186.0,25.0,2.03,202.0,933.0,1,2025-10-10T22:26:37Z,2025-10-10T18:54:30Z,2025-10-11T08:22:16Z,2025-10-06T09:47:17Z,2025-10-18T22:50:46Z,2025-11-04T08:22:24Z
FC-02494,S124,2025-10-11T10:27:35Z,30.0,247.0,43.0,27.59,216.0,1082.0,0,2025-10-10T21:40:36Z,2025-10-10T17:29:09Z,2025-10-11T09:02:52Z,2025-10-04T15:24:32Z,2025-10-19T02:47:00Z,2025-11-10T04:04:16Z
FC-02495,S141,2025-10-11T11:42:16Z,62.0,433.0,58.0,2.48,355.0,1810.0,0,2025-10-11T07:50:02Z,2025-10-10T22:37:16Z,2025-10-11T09:43:44Z,2025-10-01T09:16:33Z,2025-10-18T14:48:07Z,2025-11-03T11:24:01Z
FC-02496,S108,2025-10-11T12:22:11Z,21.0,156.0,38.0,26.02,176.0,779.0,0,2025-10-10T19:24:45Z,2025-10-11T05:45:45Z,2025-10-11T11:28:57Z,2025-10-06T18:28:41Z,2025-10-18T18:31:10Z,2025-10-16T13:46:17Z
FC-02497,S108,2025-10-11T12:43:36Z,22.0,188.0,37.0,33.53,182.0,693.0,0,2025-10-11T02:14:22Z,2025-10-11T04:27:00Z,2025-10-11T12:18:04Z,2025-10-05T03:06:47Z,2025-10-19T08:46:44Z,2025-11-06T14:22:50Z
FC-02498,S131,2025-10-11T14:41:16Z,49.0,304.0,76.0,20.86,240.0,1237.0,0,2025-10-11T11:58:38Z,2025-10-11T12:22:23Z,2025-10-11T13:23:42Z,2025-10-08T12:23:41Z,2025-10-19T03:48:23Z,2025-10-29T04:45:07Z
FC-02499,S121,2025-10-11T15:02:45Z,55.0,401.0,56.0,4.43,446.0,1876.0,1,2025-10-11T04:20:19Z,2025-10-11T00:43:20Z,2025-10-11T14:20:26Z,2025-09-30T08:08:22Z,2025-10-18T18:27:12Z,2025-10-23T21:42:31Z
FC-02500,S153,2025-10-11T15:19:33Z,21.0,145.0,23.0,23.43,127.0,518.0,0,2025-10-11T01:02:55Z,2025-10-11T00:50:18Z,2025-10-11T13:56:50Z,2025-09-28T18:43:46Z,2025-10-19T05:36:29Z,2025-10-30T20:19:58Z
FC-02501,S150,2025-10-11T17:55:26Z,48.0,348.0,60.0,8.71,321.0,1540.0,0,2025-10-11T15:08:40Z,2025-10-11T12:07:42Z,2025-10-11T16:08:37Z,2025-10-04T10:02:08Z,2025-10-19T01:54:45Z,2025-11-08T21:36:46Z
FC-02502,S114,2025-10-11T20:01:34Z,58.0,463.0,57.0,18.56,490.0,1932.0,1,2025-10-11T03:08:11Z,2025-10-11T15:03:50Z,2025-10-11T19:04:27Z,2025-09-30T18:16:56Z,2025-10-19T15:06:19Z,2025-10-24T21:50:28Z
FC-02503,S108,2025-10-11T22:47:32Z,34.0,325.0,70.0,18.1,300.0,1303.0,0,2025-10-11T15:22:19Z,2025-10-11T07:11:12Z,2025-10-11T21:05:13Z,2025-10-04T23:14:20Z,2025-10-19T16:24:09Z,2025-10-18T18:52:04Z
FC-02504,S145,2025-10-12T00:37:08Z,69.0,551.0,123.0,38.44,458.0,2245.0,0,2025-10-11T12:04:44Z,2025-10-11T07:25:14Z,2025-10-11T22:39:21Z,2025-10-06T08:52:03Z,2025-10-19T10:07:58Z,2025-10-31T15:01:46Z
FC-02505,S154,2025-10-12T01:24:56Z,58.0,310.0,69.0,25.07,372.0,1509.0,0,2025-10-11T11:47:34Z,2025-10-11T15:15:46Z,2025-10-11T23:35:14Z,2025-10-08T23:52:19Z,2025-10-20T00:16:36Z,2025-11-01T18:12:45Z
FC-02506,S155,2025-10-12T01:46:06Z,37.0,227.0,39.0,39.72,261.0,1044.0,0,2025-10-11T12:13:13Z,2025-10-11T17:45:21Z,2025-10-12T00:15:02Z,2025-10-07T01:30:03Z,2025-10-19T14:42:31Z,2025-11-02T14:17:52Z
FC-02507,S101,2025-10-12T02:59:44Z,50.0,378.0,57.0,20.36,379.0,1632.0,0,2025-10-11T08:27:52Z,2025-10-11T08:32:59Z,2025-10-12T02:46:22Z,2025-09-30T03:56:05Z,2025-10-19T21:48:10Z,2025-11-09T10:20:06Z
FC-02508,S128,2025-10-12T03:29:12Z,106.0,629.0,109.0,35.97,733.0,2762.0,0,2025-10-11T11:15:17Z,2025-10-11T18:10:44Z,2025-10-12T03:18:13Z,2025-10-06T12:26:41Z,2025-10-19T09:34:01Z,2025-11-07T10:34:42Z
FC-02509,S131,2025-10-12T05:00:07Z,12.0,70.0,19.0,18.7,69.0,320.0,0,2025-10-11T14:01:26Z,2025-10-11T14:12:29Z,2025-10-12T04:47:48Z,2025-09-30T14:22:30Z,2025-10-19T13:59:11Z,2025-10-30T18:21:58Z
FC-02510,S142,2025-10-12T05:55:35Z,39.0,273.0,24.0,15.37,236.0,1196.0,1,2025-10-11T10:53:53Z,2025-10-11T13:58:14Z,2025-10-12T05:25:10Z,2025-09-28T14:26:07Z,2025-10-19T20:38:11Z,2025-10-31T20:49:44Z
FC-02511,S124,2025-10-12T06:03:55Z,65.0,434.0,86.0,23.88,394.0,1657.0,0,2025-10-11T12:27:38Z,2025-10-11T11:56:25Z,2025-10-12T04:34:28Z,2025-10-08T20:48:01Z,2025-10-20T03:27:48Z,2025-10-22T14:27:29Z
FC-02512,S107,2025-10-12T06:52:42Z,40.0,320.0,48.0,14.23,239.0,1165.0,0,2025-10-11T22:55:48Z,2025-10-11T16:00:22Z,2025-10-12T05:34:58Z,2025-10-06T20:36:02Z,2025-10-19T21:24:30Z,2025-10-22T17:06:35Z
FC-02513,S125,2025-10-12T07:18:24Z,46.0,314.0,54.0,8.45,314.0,1390.0,0,2025-10-11T21:39:06Z,2025-10-11T17:32:47Z,2025-10-12T05:59:23Z,2025-10-01T07:09:33Z,2025-10-19T18:04:41Z,2025-10-20T09:45:41Z
FC-02514,S131,2025-10-12T09:13:14Z,61.0,409.0,61.0,29.12,448.0,1989.0,1,2025-10-11T22:36:57Z,2025-10-11T20:28:21Z,2025-10-12T07:24:27Z,2025-10-04T00:25:49Z,2025-10-19T19:23:12Z,2025-11-07T17:17:35Z
FC-02515,S137,2025-10-12T09:35:19Z,44.0,302.0,35.0,24.18,376.0,1248.0,1,2025-10-12T02:28:53Z,2025-10-11T17:48:22Z,2025-10-12T08:49:38Z,2025-10-09T12:52:08Z,2025-10-20T01:13:02Z,2025-11-08T11:44:01Z
FC-02516,S111,2025-10-12T09:57:07Z,56.0,414.0,64.0,31.6,371.0,1478.0,0,2025-10-11T16:52:29Z,2025-10-12T02:24:33Z,2025-10-12T08:32:33Z,2025-10-02T18:50:16Z,2025-10-19T16:47:00Z,2025-10-23T06:14:54Z
FC-02517,S112,2025-10-12T10:06:10Z,100.0,635.0,71.0,26.34,510.0,2638.0,1,2025-10-11T23:29:23Z,2025-10-12T06:20:07Z,2025-10-12T09:39:58Z,2025-09-29T17:49:21Z,2025-10-19T18:16:50Z,2025-11-08T06:58:21Z
FC-02518,S158,2025-10-12T10:42:35Z,17.0,104.0,14.0,25.37,95.0,479.0,1,2025-10-11T17:48:01Z,2025-10-12T01:07:19Z,2025-10-12T08:54:56Z,2025-10-06T13:43:10Z,2025-10-20T00:15:16Z,2025-11-07T18:59:58Z
FC-02519,S125,2025-10-12T11:23:34Z,52.0,364.0,67.0,28.67,419.0,1725.0,0,2025-10-11T17:28:20Z,2025-10-12T09:19:50Z,2025-10-12T10:02:30Z,2025-09-29T06:44:00Z,2025-10-19T14:46:57Z,2025-10-17T13:34:07Z
FC-02520,S133,2025-10-12T11:42:47Z,21.0,155.0,20.0,35.89,141.0,594.0,0,2025-10-12T05:52:46Z,2025-10-12T01:29:23Z,2025-10-12T10:04:14Z,2025-10-09T05:20:00Z,2025-10-20T03:56:01Z,2025-10-21T11:40:32Z
FC-02521,S106,2025-10-12T11:56:39Z,29.0,223.0,30.0,16.53,188.0,902.0,0,2025-10-11T18:53:06Z,2025-10-11T20:07:08Z,2025-10-12T11:01:42Z,2025-10-01T12:13:11Z,2025-10-19T18:09:17Z,2025-10-28T17:31:08Z
FC-02522,S151,2025-10-12T12:44:50Z,69.0,465.0,95.0,7.05,445.0,2281.0,0,2025-10-11T23:10:38Z,2025-10-11T23:27:04Z,2025-10-12T12:31:34Z,2025-10-04T14:11:33Z,2025-10-19T21:46:25Z,2025-10-20T23:51:06Z
FC-02523,S159,2025-10-12T12:50:44Z,78.0,524.0,97.0,12.89,551.0,2433.0,0,2025-10-12T10:30:47Z,2025-10-11T16:54:52Z,2025-10-12T11:04:23Z,2025-10-09T23:11:50Z,2025-10-20T11:57:52Z,2025-10-20T09:22:06Z
FC-02524,S136,2025-10-12T13:26:19Z,108.0,805.0,86.0,27.37,983.0,4232.0,1,2025-10-11T17:51:18Z,2025-10-12T06:57:10Z,2025-10-12T12:17:56Z,2025-09-30T22:20:43Z,2025-10-20T00:32:22Z,2025-10-28T17:15:49Z
FC-02525,S135,2025-10-12T14:22:12Z,51.0,403.0,65.0,39.7,371.0,1661.0,0,2025-10-12T10:50:24Z,2025-10-11T19:15:40Z,2025-10-12T13:39:13Z,2025-09-29T16:10:06Z,2025-10-20T04:17:28Z,2025-10-25T15:26:43Z
FC-02526,S120,2025-10-12T14:49:21Z,52.0,290.0,62.0,5.44,302.0,1411.0,0,2025-10-12T05:18:50Z,2025-10-12T07:10:23Z,2025-10-12T13:48:42Z,2025-10-09T18:26:38Z,2025-10-20T11:19:04Z,2025-10-22T01:45:06Z
FC-02527,S125,2025-10-12T14:58:24Z,52.0,352.0,47.0,8.5,340.0,1537.0,0,2025-10-12T00:26:54Z,2025-10-11T19:49:56Z,2025-10-12T14:35:29Z,2025-10-09T12:25:10Z,2025-10-20T13:38:01Z,2025-11-01T00:43:14Z
FC-02528,S147,2025-10-12T15:41:23Z,19.0,134.0,30.0,5.35,117.0,556.0,0,2025-10-12T08:57:21Z,2025-10-12T12:06:38Z,2025-10-12T15:04:32Z,2025-10-01T20:57:00Z,2025-10-19T16:12:53Z,2025-10-23T09:36:28Z
FC-02529,S135,2025-10-12T16:18:14Z,35.0,304.0,45.0,17.03,298.0,1216.0,0,2025-10-12T10:38:17Z,2025-10-12T12:30:42Z,2025-10-12T14:18:19Z,2025-10-05T04:49:54Z,2025-10-19T21:12:01Z,2025-10-20T08:40:01Z
FC-02530,S144,2025-10-12T17:03:03Z,60.0,460.0,71.0,2.84,460.0,1817.0,0,2025-10-12T03:02:09Z,2025-10-12T02:21:23Z,2025-10-12T15:28:25Z,2025-10-01T05:31:55Z,2025-10-20T15:22:27Z,2025-11-09T10:25:03Z
FC-02531,S158,2025-10-12T18:34:40Z,49.0,347.0,56.0,4.24,393.0,1777.0,0,2025-10-12T09:49:41Z,2025-10-12T12:28:01Z,2025-10-12T16:58:07Z,2025-10-03T16:24:05Z,2025-10-19T21:21:36Z,2025-10-21T07:05:09Z
FC-02532,S153,2025-10-12T19:01:53Z,20.0,134.0,16.0,11.31,172.0,710.0,1,2025-10-12T15:40:20Z,2025-10-12T15:55:39Z,2025-10-12T17:16:47Z,2025-09-29T19:18:50Z,2025-10-20T13:54:42Z,2025-10-21T11:12:47Z
FC-02533,S142,2025-10-12T20:06:42Z,23.0,208.0,39.0,26.94,204.0,740.0,0,2025-10-12T02:08:01Z,2025-10-12T07:39:34Z,2025-10-12T18:50:03Z,2025-10-03T01:30:05Z,2025-10-20T14:44:56Z,2025-10-27T01:42:34Z
FC-02534,S119,2025-10-12T20:58:42Z,88.0,700.0,97.0,35.62,718.0,2803.0,0,2025-10-12T10:23:09Z,2025-10-12T14:37:33Z,2025-10-12T19:36:19Z,2025-10-03T01:36:10Z,2025-10-19T22:43:29Z,2025-11-02T18:35:15Z
FC-02535,S104,2025-10-12T21:12:51Z,39.0,236.0,58.0,21.91,257.0,971.0,0,2025-10-12T02:01:30Z,2025-10-12T12:30:31Z,2025-10-12T20:18:40Z,2025-09-29T10:03:24Z,2025-10-20T06:36:00Z,2025-11-06T03:54:11Z
FC-02536,S145,2025-10-12T22:22:35Z,45.0,347.0,69.0,36.79,405.0,1693.0,0,2025-10-12T07:22:00Z,2025-10-12T12:16:07Z,2025-10-12T20:43:07Z,2025-09-30T17:03:02Z,2025-10-20T10:36:46Z,2025-11-08T08:32:35Z
FC-02537,S112,2025-10-12T22:42:07Z,56.0,299.0,54.0,39.19,323.0,1443.0,0,2025-10-12T03:31:52Z,2025-10-12T09:52:07Z,2025-10-12T21:07:41Z,2025-10-02T04:55:14Z,2025-10-20T17:24:57Z,2025-10-31T01:35:48Z
FC-02538,S120,2025-10-12T22:48:40Z,29.0,201.0,23.0,32.28,205.0,1080.0,1,2025-10-12T03:08:48Z,2025-10-12T16:13:50Z,2025-10-12T21:51:37Z,2025-10-02T10:45:59Z,2025-10-20T05:47:07Z,2025-11-02T04:55:49Z
FC-02539,S155,2025-10-12T23:35:21Z,38.0,236.0,54.0,22.3,264.0,1146.0,0,2025-10-12T21:20:22Z,2025-10-12T18:25:41Z,2025-10-12T21:41:28Z,2025-10-03T02:16:56Z,2025-10-20T02:41:18Z,2025-11-09T18:05:44Z
FC-02540,S144,2025-10-13T01:05:25Z,41.0,271.0,60.0,2.14,287.0,1188.0,0,2025-10-12T11:26:40Z,2025-10-12T12:01:23Z,2025-10-12T23:46:04Z,2025-10-07T12:03:35Z,2025-10-20T03:09:40Z,2025-10-21T06:03:02Z
FC-02541,S156,2025-10-13T01:11:52Z,46.0,407.0,73.0,39.34,421.0,1618.0,0,2025-10-12T12:58:27Z,2025-10-12T12:51:39Z,2025-10-13T01:03:05Z,2025-09-30T21:06:54Z,2025-10-20T19:05:30Z,2025-10-23T22:46:19Z
FC-02542,S113,2025-10-13T04:19:46Z,54.0,324.0,58.0,3.4,424.0,1389.0,0,2025-10-12T19:56:40Z,2025-10-12T22:10:32Z,2025-10-13T03:13:20Z,2025-10-01T21:56:23Z,2025-10-20T10:47:23Z,2025-11-11T05:20:38Z
FC-02543,S156,2025-10-13T04:36:02Z,50.0,374.0,65.0,34.11,361.0,1395.0,0,2025-10-12T15:46:43Z,2025-10-12T22:09:40Z,2025-10-13T04:23:29Z,2025-10-07T01:40:53Z,2025-10-20T05:29:01Z,2025-11-03T23:24:04Z
FC-02544,S137,2025-10-13T05:11:30Z,44.0,333.0,37.0,29.17,250.0,1368.0,1,2025-10-12T19:59:50Z,2025-10-12T09:44:02Z,2025-10-13T03:45:29Z,2025-10-02T07:05:53Z,2025-10-21T00:19:25Z,2025-10-21T18:04:47Z
FC-02545,S147,2025-10-13T05:11:46Z,28.0,221.0,48.0,25.91,220.0,912.0,0,2025-10-12T17:19:11Z,2025-10-13T02:41:02Z,2025-10-13T03:41:46Z,2025-10-02T23:19:03Z,2025-10-20T15:15:54Z,2025-10-27T02:00:36Z
FC-02546,S139,2025-10-13T06:05:54Z,26.0,219.0,52.0,9.19,229.0,912.0,0,2025-10-13T02:40:29Z,2025-10-12T21:50:38Z,2025-10-13T05:40:04Z,2025-10-08T18:46:22Z,2025-10-20T07:26:06Z,2025-10-28T18:07:31Z
FC-02547,S101,2025-10-13T06:08:08Z,33.0,181.0,33.0,25.62,190.0,916.0,0,2025-10-13T01:44:01Z,2025-10-13T00:22:21Z,2025-10-13T04:37:48Z,2025-10-04T20:09:50Z,2025-10-21T03:09:31Z,2025-10-26T16:41:05Z
FC-02548,S143,2025-10-13T06:28:44Z,15.0,130.0,28.0,25.59,101.0,591.0,0,2025-10-12T14:19:59Z,2025-10-12T11:26:01Z,2025-10-13T05:09:19Z,2025-10-04T09:32:32Z,2025-10-20T22:50:35Z,2025-11-10T03:40:10Z
FC-02549,S136,2025-10-13T06:56:03Z,48.0,357.0,50.0,33.14,314.0,1380.0,0,2025-10-13T04:24:21Z,2025-10-12T21:15:46Z,2025-10-13T05:28:37Z,2025-10-06T16:26:03Z,2025-10-20T13:09:02Z,2025-11-12T01:53:00Z
FC-02550,S103,2025-10-13T07:47:29Z,90.0,546.0,146.0,4.71,512.0,2318.0,0,2025-10-12T18:58:13Z,2025-10-12T18:21:59Z,2025-10-13T07:12:53Z,2025-09-30T14:13:51Z,2025-10-20T21:18:30Z,2025-10-27T17:11:42Z
FC-02551,S134,2025-10-13T08:34:28Z,35.0,273.0,30.0,22.0,313.0,1185.0,1,2025-10-12T13:40:51Z,2025-10-12T21:26:24Z,2025-10-13T06:45:55Z,2025-09-30T19:25:42Z,2025-10-20T08:50:57Z,2025-11-07T16:34:08Z
FC-02552,S120,2025-10-13T09:00:43Z,55.0,369.0,78.0,24.91,372.0,1645.0,0,2025-10-12T13:05:09Z,2025-10-13T04:31:23Z,2025-10-13T08:10:17Z,2025-10-10T08:35:04Z,2025-10-20T12:00:53Z,2025-11-03T08:47:15Z
FC-02553,S119,2025-10-13T09:07:12Z,36.0,314.0,53.0,5.38,325.0,1248.0,0,2025-10-12T14:28:24Z,2025-10-13T03:05:47Z,2025-10-13T08:33:58Z,2025-09-29T14:53:36Z,2025-10-20T17:51:50Z,2025-11-04T23:31:09Z
FC-02554,S159,2025-10-13T09:39:45Z,35.0,204.0,52.0,33.09,265.0,975.0,0,2025-10-12T22:09:48Z,2025-10-13T07:03:58Z,2025-10-13T09:05:37Z,2025-10-10T02:07:50Z,2025-10-20T21:38:50Z,2025-10-27T22:16:08Z
FC-02555,S144,2025-10-13T09:41:38Z,74.0,497.0,109.0,23.77,504.0,2125.0,0,2025-10-12T20:20:36Z,2025-10-12T18:52:14Z,2025-10-13T09:02:36Z,2025-10-10T14:53:24Z,2025-10-20T16:24:54Z,2025-10-21T15:53:57Z
FC-02556,S131,2025-10-13T11:41:33Z,92.0,678.0,136.0,24.4,638.0,3138.0,0,2025-10-13T08:54:42Z,2025-10-12T19:36:23Z,2025-10-13T09:49:24Z,2025-10-01T21:44:46Z,2025-10-20T17:00:47Z,2025-10-21T16:25:44Z
FC-02557,S105,2025-10-13T11:49:31Z,22.0,130.0,21.0,13.23,120.0,615.0,1,2025-10-13T05:54:59Z,2025-10-13T04:35:03Z,2025-10-13T10:48:16Z,2025-10-08T14:18:32Z,2025-10-21T03:30:08Z,2025-10-31T22:48:27Z
FC-02558,S125,2025-10-13T12:36:17Z,44.0,318.0,44.0,20.67,255.0,1226.0,0,2025-10-12T23:47:27Z,2025-10-13T05:03:08Z,2025-10-13T11:29:56Z,2025-10-03T23:52:22Z,2025-10-21T11:55:25Z,2025-10-24T23:56:09Z
FC-02559,S137,2025-10-13T13:00:06Z,52.0,352.0,81.0,16.55,406.0,1509.0,0,2025-10-13T06:27:29Z,2025-10-13T05:32:30Z,2025-10-13T12:54:00Z,2025-10-08T20:44:34Z,2025-10-20T23:53:10Z,2025-11-01T08:57:14Z
FC-02560,S107,2025-10-13T14:26:12Z,59.0,381.0,83.0,35.65,461.0,1786.0,0,2025-10-13T11:26:18Z,2025-10-13T03:35:10Z,2025-10-13T13:51:56Z,2025-10-02T04:59:59Z,2025-10-21T10:37:29Z,2025-11-12T09:33:41Z
FC-02561,S114,2025-10-13T15:09:59Z,49.0,329.0,71.0,31.07,338.0,1411.0,0,2025-10-13T05:40:09Z,2025-10-13T08:38:05Z,2025-10-13T13:33:51Z,2025-10-05T22:00:39Z,2025-10-21T01:10:39Z,2025-11-03T02:03:15Z
FC-02562,S136,2025-10-13T16:00:03Z,108.0,643.0,165.0,13.49,791.0,2989.0,0,2025-10-13T01:28:19Z,2025-10-13T09:15:19Z,2025-10-13T14:03:31Z,2025-10-02T03:45:11Z,2025-10-21T07:02:47Z,2025-11-01T06:57:13Z
FC-02563,S139,2025-10-13T18:59:25Z,38.0,208.0,24.0,21.22,262.0,949.0,1,2025-10-13T12:24:17Z,2025-10-13T01:27:04Z,2025-10-13T17:32:51Z,2025-10-07T20:02:30Z,2025-10-21T00:48:30Z,2025-11-09T20:41:16Z
FC-02564,S149,2025-10-13T19:43:19Z,49.0,414.0,73.0,27.21,310.0,1580.0,0,2025-10-13T14:21:37Z,2025-10-12T23:59:05Z,2025-10-13T19:09:03Z,2025-10-06T15:25:37Z,2025-10-21T07:34:23Z,2025-10-28T00:08:20Z
FC-02565,S105,2025-10-13T19:50:25Z,96.0,504.0,138.0,6.77,688.0,2534.0,0,2025-10-13T15:53:11Z,2025-10-13T08:23:51Z,2025-10-13T19:41:34Z,2025-10-05T01:25:06Z,2025-10-21T02:43:57Z,2025-10-21T21:22:40Z
FC-02566,S134,2025-10-13T21:12:10Z,62.0,367.0,70.0,28.2,437.0,1654.0,0,2025-10-13T19:09:40Z,2025-10-13T02:40:07Z,2025-10-13T19:15:39Z,2025-10-12T01:48:56Z,2025-10-21T06:12:11Z,2025-10-25T16:07:04Z
FC-02567,S129,2025-10-13T21:38:18Z,66.0,465.0,104.0,18.8,475.0,1991.0,0,2025-10-13T13:29:16Z,2025-10-13T10:33:11Z,2025-10-13T19:52:28Z,2025-10-10T02:28:20Z,2025-10-20T21:57:36Z,2025-10-30T04:02:50Z
FC-02568,S107,2025-10-13T22:50:32Z,18.0,125.0,30.0,7.28,137.0,609.0,0,2025-10-13T14:12:48Z,2025-10-13T18:16:15Z,2025-10-13T21:59:13Z,2025-10-11T03:59:25Z,2025-10-21T19:34:53Z,2025-11-05T07:26:44Z
FC-02569,S107,2025-10-13T23:27:40Z,25.0,188.0,35.0,4.86,178.0,808.0,0,2025-10-13T07:43:30Z,2025-10-13T17:39:55Z,2025-10-13T22:27:30Z,2025-10-01T22:35:33Z,2025-10-21T00:51:05Z,2025-10-22T05:37:13Z
FC-02570,S148,2025-10-13T23:38:33Z,67.0,572.0,49.0,10.52,546.0,2283.0,1,2025-10-13T09:14:57Z,2025-10-13T06:03:35Z,2025-10-13T21:44:56Z,2025-10-10T13:39:37Z,2025-10-21T16:36:55Z,2025-10-27T12:47:54Z
FC-02571,S146,2025-10-14T00:15:20Z,88.0,544.0,97.0,20.38,585.0,2480.0,0,2025-10-13T21:44:43Z,2025-10-13T16:56:25Z,2025-10-13T22:35:58Z,2025-10-01T01:11:10Z,2025-10-21T10:36:43Z,2025-11-06T09:38:26Z
FC-02572,S127,2025-10-14T00:31:10Z,33.0,290.0,58.0,32.52,298.0,1189.0,0,2025-10-13T07:14:25Z,2025-10-13T13:00:52Z,2025-10-14T00:00:24Z,2025-10-06T11:49:44Z,2025-10-21T21:15:24Z,2025-11-02T21:46:02Z
FC-02573,S109,2025-10-14T01:43:48Z,54.0,409.0,90.0,12.31,278.0,1497.0,0,2025-10-13T07:53:49Z,2025-10-13T20:01:07Z,2025-10-14T00:55:13Z,2025-09-30T19:26:53Z,2025-10-21T02:34:06Z,2025-10-30T05:40:54Z
FC-02574,S124,2025-10-14T04:19:55Z,115.0,983.0,179.0,28.03,1085.0,4175.0,0,2025-10-13T11:48:32Z,2025-10-13T19:24:27Z,2025-10-14T02:45:03Z,2025-10-10T23:41:04Z,2025-10-21T12:18:39Z,2025-11-04T14:44:47Z
FC-02575,S142,2025-10-14T04:54:22Z,60.0,471.0,75.0,2.58,389.0,1921.0,0,2025-10-13T12:18:33Z,2025-10-13T20:58:45Z,2025-10-14T03:28:41Z,2025-10-10T16:49:05Z,2025-10-21T20:59:52Z,2025-11-05T09:56:59Z
FC-02576,S133,2025-10-14T06:07:00Z,24.0,185.0,27.0,30.75,159.0,869.0,1,2025-10-13T17:09:42Z,2025-10-13T19:05:50Z,2025-10-14T04:21:43Z,2025-10-06T07:42:31Z,2025-10-21T12:24:18Z,2025-11-06T09:51:58Z
FC-02577,S111,2025-10-14T06:41:05Z,20.0,127.0,29.0,18.09,128.0,507.0,0,2025-10-13T21:03:56Z,2025-10-13T14:49:16Z,2025-10-14T06:16:22Z,2025-10-10T05:53:09Z,2025-10-21T17:12:56Z,2025-11-11T11:30:08Z
FC-02578,S114,2025-10-14T07:27:21Z,30.0,220.0,27.0,20.7,259.0,932.0,1,2025-10-13T19:28:31Z,2025-10-13T13:43:14Z,2025-10-14T06:37:53Z,2025-10-03T13:38:13Z,2025-10-21T15:58:12Z,2025-11-10T23:01:35Z
FC-02579,S117,2025-10-14T07:43:47Z,44.0,392.0,59.0,32.43,350.0,1470.0,0,2025-10-13T16:19:25Z,2025-10-13T17:27:31Z,2025-10-14T06:40:49Z,2025-10-03T19:21:29Z,2025-10-21T18:40:26Z,2025-10-21T00:05:20Z
FC-02580,S106,2025-10-14T07:57:46Z,131.0,848.0,128.0,32.72,718.0,3520.0,0,2025-10-13T20:03:41Z,2025-10-14T05:03:39Z,2025-10-14T06:15:00Z,2025-10-05T14:38:48Z,2025-10-22T02:58:05Z,2025-10-30T20:22:25Z
FC-02581,S102,2025-10-14T08:12:29Z,90.0,583.0,100.0,14.47,633.0,2771.0,0,2025-10-14T04:58:48Z,2025-10-14T01:08:59Z,2025-10-14T07:32:28Z,2025-10-09T11:03:28Z,2025-10-22T00:08:33Z,2025-10-28T10:43:18Z
FC-02582,S158,2025-10-14T09:03:46Z,42.0,307.0,34.0,14.33,324.0,1339.0,1,2025-10-14T06:40:01Z,2025-10-13T20:41:54Z,2025-10-14T07:08:34Z,2025-10-10T08:23:45Z,2025-10-21T15:20:27Z,2025-11-08T05:23:58Z
FC-02583,S152,2025-10-14T11:16:52Z,32.0,184.0,42.0,13.33,213.0,772.0,0,2025-10-14T00:37:30Z,2025-10-14T03:19:14Z,2025-10-14T10:33:42Z,2025-10-12T01:53:24Z,2025-10-21T20:48:51Z,2025-10-24T08:46:39Z
FC-02584,S116,2025-10-14T11:56:56Z,7.0,56.0,13.0,26.03,55.0,205.0,0,2025-10-13T22:04:03Z,2025-10-13T21:54:11Z,2025-10-14T11:39:50Z,2025-10-09T20:16:51Z,2025-10-21T17:51:57Z,2025-11-06T01:02:13Z
FC-02585,S100,2025-10-14T12:19:29Z,32.0,181.0,37.0,10.76,204.0,834.0,0,2025-10-13T21:06:53Z,2025-10-13T17:52:09Z,2025-10-14T11:59:22Z,2025-10-01T13:44:11Z,2025-10-22T08:31:43Z,2025-10-30T23:43:03Z
FC-02586,S146,2025-10-14T13:19:40Z,56.0,462.0,63.0,36.16,494.0,2122.0,0,2025-10-14T11:03:44Z,2025-10-14T02:42:32Z,2025-10-14T11:54:38Z,2025-10-01T13:20:15Z,2025-10-21T23:53:42Z,2025-11-03T11:19:25Z
FC-02587,S153,2025-10-14T15:26:30Z,39.0,243.0,23.0,9.88,284.0,1147.0,1,2025-10-14T13:02:34Z,2025-10-14T03:54:42Z,2025-10-14T13:30:15Z,2025-10-06T09:13:56Z,2025-10-22T04:25:28Z,2025-11-11T09:15:08Z
FC-02588,S128,2025-10-14T16:14:34Z,96.0,683.0,81.0,3.46,592.0,2949.0,0,2025-10-14T03:22:26Z,2025-10-14T08:27:52Z,2025-10-14T15:30:10Z,2025-10-07T19:49:33Z,2025-10-21T17:03:07Z,2025-10-22T07:28:13Z
FC-02589,S152,2025-10-14T16:47:13Z,40.0,269.0,67.0,16.53,308.0,1067.0,0,2025-10-14T02:07:48Z,2025-10-14T06:46:54Z,2025-10-14T15:53:38Z,2025-10-08T20:02:28Z,2025-10-21T18:28:32Z,2025-10-26T17:41:39Z
FC-02590,S115,2025-10-14T17:37:51Z,37.0,205.0,41.0,32.11,245.0,929.0,0,2025-10-14T02:32:37Z,2025-10-14T02:07:06Z,2025-10-14T16:04:02Z,2025-10-13T05:25:58Z,2025-10-22T03:45:02Z,2025-11-02T01:15:36Z
FC-02591,S131,2025-10-14T17:59:03Z,18.0,117.0,22.0,22.13,139.0,543.0,0,2025-10-14T04:53:49Z,2025-10-13T22:54:02Z,2025-10-14T16:37:04Z,2025-10-04T21:51:06Z,2025-10-22T14:20:28Z,2025-10-28T19:26:13Z
FC-02592,S133,2025-10-14T18:02:34Z,29.0,228.0,43.0,12.28,227.0,815.0,0,2025-10-14T05:53:14Z,2025-10-14T13:03:55Z,2025-10-14T17:50:18Z,2025-10-04T22:03:20Z,2025-10-22T10:21:04Z,2025-10-23T20:49:36Z
FC-02593,S137,2025-10-14T19:16:57Z,50.0,347.0,43.0,21.34,415.0,1772.0,1,2025-10-14T14:04:52Z,2025-10-14T02:27:18Z,2025-10-14T17:57:53Z,2025-10-06T02:05:26Z,2025-10-21T21:48:11Z,2025-10-27T01:48:30Z
FC-02594,S113,2025-10-14T20:03:24Z,64.0,522.0,88.0,4.25,540.0,2097.0,0,2025-10-14T00:11:39Z,2025-10-14T16:39:40Z,2025-10-14T19:17:28Z,2025-10-09T07:34:31Z,2025-10-21T20:46:39Z,2025-10-30T10:39:04Z
FC-02595,S103,2025-10-14T20:38:56Z,7.0,51.0,6.0,22.79,57.0,256.0,1,2025-10-14T04:20:37Z,2025-10-14T12:47:31Z,2025-10-14T20:07:51Z,2025-10-04T20:46:41Z,2025-10-22T05:57:49Z,2025-11-07T04:37:47Z
FC-02596,S102,2025-10-14T20:59:04Z,61.0,395.0,41.0,10.85,387.0,1602.0,1,2025-10-14T08:12:33Z,2025-10-14T08:35:20Z,2025-10-14T20:21:06Z,2025-09-30T22:06:05Z,2025-10-21T22:13:33Z,2025-11-05T23:46:22Z
FC-02597,S147,2025-10-14T20:59:42Z,23.0,142.0,17.0,5.68,189.0,735.0,1,2025-10-14T16:45:53Z,2025-10-14T08:46:06Z,2025-10-14T19:01:35Z,2025-10-03T20:17:28Z,2025-10-22T00:47:58Z,2025-11-08T02:48:29Z
FC-02598,S155,2025-10-14T22:52:11Z,40.0,327.0,73.0,20.71,377.0,1535.0,0,2025-10-14T15:33:35Z,2025-10-14T17:07:16Z,2025-10-14T22:05:46Z,2025-10-02T00:21:39Z,2025-10-22T16:25:28Z,2025-10-21T16:00:27Z
FC-02599,S114,2025-10-15T00:27:58Z,51.0,382.0,45.0,27.15,331.0,1415.0,1,2025-10-14T19:52:29Z,2025-10-14T18:39:32Z,2025-10-15T00:17:55Z,2025-10-07T16:33:14Z,2025-10-22T21:31:42Z,2025-10-21T01:56:01Z
FC-02600,S156,2025-10-15T00:40:19Z,71.0,425.0,87.0,12.91,434.0,1800.0,0,2025-10-14T05:48:05Z,2025-10-14T18:52:54Z,2025-10-14T23:53:52Z,2025-10-08T21:50:26Z,2025-10-22T12:37:43Z,2025-10-21T07:11:50Z
FC-02601,S153,2025-10-15T01:13:48Z,50.0,302.0,33.0,21.86,335.0,1181.0,1,2025-10-14T18:22:37Z,2025-10-14T22:08:46Z,2025-10-14T23:36:24Z,2025-10-11T02:44:48Z,2025-10-22T13:16:25Z,2025-11-10T02:43:56Z
FC-02602,S127,2025-10-15T01:22:06Z,61.0,373.0,45.0,3.97,408.0,1567.0,1,2025-10-14T06:06:19Z,2025-10-14T17:21:38Z,2025-10-15T00:59:30Z,2025-10-03T20:52:43Z,2025-10-22T11:30:58Z,2025-11-10T11:39:34Z
FC-02603,S159,2025-10-15T01:23:55Z,45.0,345.0,55.0,28.26,377.0,1285.0,0,2025-10-14T11:30:45Z,2025-10-14T13:29:13Z,2025-10-14T23:54:55Z,2025-10-12T22:12:06Z,2025-10-22T17:10:28Z,2025-11-06T02:55:49Z
FC-02604,S104,2025-10-15T01:43:55Z,23.0,139.0,16.0,25.51,143.0,630.0,1,2025-10-14T06:31:26Z,2025-10-14T08:05:21Z,2025-10-15T00:06:23Z,2025-10-05T16:25:29Z,2025-10-22T19:06:29Z,2025-11-11T13:52:42Z
FC-02605,S140,2025-10-15T04:52:15Z,84.0,508.0,129.0,32.16,629.0,2256.0,0,2025-10-14T12:55:10Z,2025-10-15T00:36:09Z,2025-10-15T04:21:54Z,2025-10-08T10:04:02Z,2025-10-22T21:36:49Z,2025-11-12T18:28:37Z
FC-02606,S135,2025-10-15T06:07:45Z,48.0,299.0,31.0,8.37,352.0,1471.0,1,2025-10-14T17:54:50Z,2025-10-14T20:12:52Z,2025-10-15T05:57:36Z,2025-10-12T19:57:53Z,2025-10-22T20:55:03Z,2025-10-27T09:41:30Z
FC-02607,S147,2025-10-15T06:35:52Z,45.0,342.0,43.0,2.64,336.0,1575.0,1,2025-10-15T01:06:31Z,2025-10-14T13:30:36Z,2025-10-15T04:55:01Z,2025-10-04T21:27:33Z,2025-10-23T01:25:00Z,2025-11-04T14:05:00Z
FC-02608,S159,2025-10-15T06:42:56Z,87.0,496.0,117.0,15.92,550.0,2216.0,0,2025-10-14T15:59:24Z,2025-10-14T17:49:16Z,2025-10-15T05:55:20Z,2025-10-10T01:10:04Z,2025-10-22T10:43:33Z,2025-10-20T14:54:43Z
FC-02609,S126,2025-10-15T07:58:23Z,36.0,312.0,41.0,13.16,284.0,1325.0,0,2025-10-14T18:31:05Z,2025-10-14T17:53:10Z,2025-10-15T06:13:14Z,2025-10-11T14:53:16Z,2025-10-23T04:10:57Z,2025-10-30T15:48:55Z
FC-02610,S159,2025-10-15T08:10:58Z,35.0,257.0,31.0,19.5,303.0,1169.0,1,2025-10-14T13:35:17Z,2025-10-14T23:08:14Z,2025-10-15T08:03:42Z,2025-10-14T06:25:07Z,2025-10-22T18:21:04Z,2025-10-28T17:30:50Z
FC-02611,S156,2025-10-15T09:33:39Z,99.0,630.0,76.0,14.82,626.0,2964.0,1,2025-10-15T07:26:29Z,2025-10-14T15:16:35Z,2025-10-15T08:22:27Z,2025-10-14T08:06:42Z,2025-10-23T03:19:34Z,2025-11-03T07:20:54Z
FC-02612,S108,2025-10-15T09:42:02Z,15.0,125.0,17.0,37.71,126.0,548.0,0,2025-10-15T03:11:21Z,2025-10-14T23:26:23Z,2025-10-15T09:04:16Z,2025-10-12T16:00:14Z,2025-10-22T19:56:51Z,2025-11-11T09:45:47Z
FC-02613,S159,2025-10-15T10:39:33Z,42.0,313.0,55.0,4.26,318.0,1346.0,0,2025-10-15T01:07:41Z,2025-10-15T03:27:22Z,2025-10-15T10:04:25Z,2025-10-12T14:38:20Z,2025-10-22T13:37:55Z,2025-10-25T13:37:15Z
FC-02614,S147,2025-10-15T10:56:22Z,66.0,588.0,83.0,18.43,537.0,2022.0,0,2025-10-15T04:45:49Z,2025-10-15T01:07:24Z,2025-10-15T10:10:17Z,2025-10-08T19:59:01Z,2025-10-22T20:22:47Z,2025-11-04T05:15:01Z
FC-02615,S123,2025-10-15T13:15:43Z,56.0,501.0,45.0,32.12,513.0,2167.0,1,2025-10-15T10:04:30Z,2025-10-15T07:38:30Z,2025-10-15T12:05:47Z,2025-10-06T20:20:04Z,2025-10-22T15:41:47Z,2025-10-22T12:08:57Z
FC-02616,S154,2025-10-15T13:46:00Z,149.0,912.0,166.0,26.58,989.0,3697.0,0,2025-10-15T00:17:14Z,2025-10-15T05:52:03Z,2025-10-15T12:06:25Z,2025-10-06T06:47:12Z,2025-10-22T14:45:43Z,2025-11-03T14:36:07Z
FC-02617,S140,2025-10-15T13:49:37Z,86.0,439.0,130.0,10.51,549.0,2004.0,0,2025-10-15T06:23:24Z,2025-10-15T06:11:12Z,2025-10-15T12:42:03Z,2025-10-05T06:06:40Z,2025-10-23T09:08:18Z,2025-11-01T00:44:25Z
FC-02618,S149,2025-10-15T14:31:08Z,69.0,525.0,52.0,22.88,533.0,2033.0,1,2025-10-15T03:10:22Z,2025-10-14T21:23:59Z,2025-10-15T13:47:53Z,2025-10-10T13:44:57Z,2025-10-23T05:50:21Z,2025-10-29T21:01:55Z
FC-02619,S138,2025-10-15T15:05:00Z,69.0,414.0,103.0,19.23,443.0,1921.0,0,2025-10-15T01:25:58Z,2025-10-14T23:15:53Z,2025-10-15T13:24:46Z,2025-10-03T10:19:10Z,2025-10-23T06:46:53Z,2025-11-01T23:38:58Z
FC-02620,S100,2025-10-15T15:22:23Z,63.0,477.0,98.0,13.75,619.0,2430.0,0,2025-10-15T03:22:10Z,2025-10-15T10:42:35Z,2025-10-15T13:52:18Z,2025-10-08T03:20:23Z,2025-10-23T00:19:21Z,2025-10-25T23:35:22Z
FC-02621,S134,2025-10-15T15:24:22Z,66.0,428.0,87.0,23.68,513.0,2235.0,0,2025-10-15T06:20:07Z,2025-10-15T07:25:35Z,2025-10-15T15:11:25Z,2025-10-14T05:38:32Z,2025-10-22T19:06:56Z,2025-10-21T17:39:48Z
FC-02622,S125,2025-10-15T15:26:13Z,27.0,214.0,55.0,12.75,251.0,887.0,0,2025-10-14T19:39:16Z,2025-10-15T05:29:01Z,2025-10-15T14:36:25Z,2025-10-03T07:23:41Z,2025-10-23T05:39:58Z,2025-11-14T12:03:26Z
FC-02623,S159,2025-10-15T16:37:18Z,33.0,183.0,45.0,7.85,226.0,796.0,0,2025-10-15T13:59:40Z,2025-10-14T20:57:10Z,2025-10-15T15:02:48Z,2025-10-13T12:06:09Z,2025-10-23T03:23:36Z,2025-10-24T20:44:32Z
FC-02624,S143,2025-10-15T17:09:02Z,87.0,493.0,92.0,5.18,506.0,2111.0,0,2025-10-15T09:23:02Z,2025-10-14T22:49:20Z,2025-10-15T16:25:15Z,2025-10-08T22:09:17Z,2025-10-22T21:56:21Z,2025-11-02T02:48:09Z
FC-02625,S122,2025-10-15T17:33:07Z,42.0,242.0,35.0,3.72,225.0,964.0,0,2025-10-14T23:29:59Z,2025-10-15T11:50:06Z,2025-10-15T17:18:59Z,2025-10-05T12:55:32Z,2025-10-23T10:55:43Z,2025-10-29T13:28:08Z
FC-02626,S158,2025-10-15T17:35:45Z,46.0,326.0,54.0,16.83,271.0,1553.0,0,2025-10-15T05:44:48Z,2025-10-15T12:22:59Z,2025-10-15T17:26:30Z,2025-10-03T21:50:34Z,2025-10-23T13:42:15Z,2025-11-07T17:09:30Z
FC-02627,S151,2025-10-15T18:53:56Z,23.0,159.0,37.0,19.17,136.0,627.0,0,2025-10-15T00:53:58Z,2025-10-15T05:23:29Z,2025-10-15T18:40:02Z,2025-10-07T04:26:45Z,2025-10-23T04:53:11Z,2025-11-03T19:03:09Z
FC-02628,S128,2025-10-15T19:13:14Z,53.0,381.0,67.0,13.04,293.0,1303.0,0,2025-10-14T23:19:46Z,2025-10-15T07:13:50Z,2025-10-15T18:32:45Z,2025-10-04T13:47:07Z,2025-10-23T15:27:49Z,2025-10-27T13:54:04Z
FC-02629,S100,2025-10-15T19:41:29Z,42.0,270.0,42.0,4.19,272.0,994.0,0,2025-10-15T17:03:37Z,2025-10-15T07:26:26Z,2025-10-15T17:58:29Z,2025-10-01T20:26:29Z,2025-10-23T07:08:53Z,2025-11-13T04:34:25Z
FC-02630,S159,2025-10-15T20:15:48Z,34.0,252.0,30.0,3.05,268.0,973.0,1,2025-10-15T02:05:49Z,2025-10-15T05:43:52Z,2025-10-15T19:26:56Z,2025-10-10T12:10:09Z,2025-10-22T22:38:54Z,2025-11-12T14:43:17Z
FC-02631,S113,2025-10-15T20:41:32Z,42.0,238.0,40.0,20.14,273.0,1155.0,0,2025-10-15T07:08:43Z,2025-10-15T17:29:04Z,2025-10-15T20:24:31Z,2025-10-13T15:27:06Z,2025-10-23T09:12:09Z,2025-10-30T13:14:37Z
FC-02632,S156,2025-10-15T21:46:59Z,50.0,400.0,91.0,27.48,403.0,1755.0,0,2025-10-15T19:24:17Z,2025-10-15T18:33:52Z,2025-10-15T21:36:24Z,2025-10-07T12:16:41Z,2025-10-23T05:23:05Z,2025-11-10T18:57:39Z
FC-02633,S121,2025-10-15T23:51:00Z,22.0,143.0,29.0,28.2,167.0,592.0,0,2025-10-15T16:28:52Z,2025-10-15T15:28:07Z,2025-10-15T22:47:08Z,2025-10-13T10:37:12Z,2025-10-23T16:21:46Z,2025-11-12T21:38:03Z
FC-02634,S112,2025-10-16T00:01:39Z,29.0,199.0,23.0,24.96,180.0,812.0,1,2025-10-15T13:31:55Z,2025-10-15T12:53:50Z,2025-10-15T23:29:50Z,2025-10-06T19:16:28Z,2025-10-23T15:29:12Z,2025-11-10T23:27:56Z
FC-02635,S106,2025-10-16T00:34:51Z,54.0,404.0,63.0,10.37,345.0,1404.0,0,2025-10-15T06:05:11Z,2025-10-15T13:32:43Z,2025-10-16T00:19:23Z,2025-10-10T10:39:46Z,2025-10-23T11:49:36Z,2025-11-09T23:00:46Z
FC-02636,S107,2025-10-16T00:56:41Z,51.0,350.0,78.0,30.55,409.0,1394.0,0,2025-10-15T05:56:02Z,2025-10-15T21:00:49Z,2025-10-16T00:16:00Z,2025-10-11T05:19:58Z,2025-10-23T01:48:53Z,2025-10-26T18:56:59Z
FC-02637,S120,2025-10-16T01:06:58Z,55.0,393.0,45.0,15.32,338.0,1561.0,1,2025-10-15T22:26:50Z,2025-10-15T06:54:47Z,2025-10-16T00:30:04Z,2025-10-05T03:46:04Z,2025-10-23T08:23:55Z,2025-10-26T14:36:42Z
FC-02638,S126,2025-10-16T01:40:20Z,50.0,335.0,35.0,29.85,336.0,1608.0,1,2025-10-15T11:29:46Z,2025-10-15T14:29:23Z,2025-10-16T00:49:30Z,2025-10-05T13:17:54Z,2025-10-23T09:16:53Z,2025-10-23T08:50:09Z
FC-02639,S103,2025-10-16T02:17:09Z,95.0,523.0,76.0,39.49,528.0,2303.0,0,2025-10-15T06:45:49Z,2025-10-15T16:24:58Z,2025-10-16T01:43:48Z,2025-10-07T15:20:06Z,2025-10-23T05:19:15Z,2025-11-09T02:17:51Z
FC-02640,S124,2025-10-16T02:49:07Z,25.0,222.0,28.0,28.83,225.0,958.0,0,2025-10-15T19:37:12Z,2025-10-15T23:16:43Z,2025-10-16T01:05:18Z,2025-10-03T20:37:10Z,2025-10-23T06:16:18Z,2025-10-24T01:23:06Z
FC-02641,S127,2025-10-16T03:38:39Z,23.0,123.0,32.0,5.97,136.0,557.0,0,2025-10-15T10:33:00Z,2025-10-15T23:07:18Z,2025-10-16T02:42:37Z,2025-10-07T11:48:24Z,2025-10-23T19:26:37Z,2025-11-03T17:43:09Z
FC-02642,S108,2025-10-16T04:16:20Z,31.0,219.0,54.0,14.59,172.0,845.0,0,2025-10-15T10:57:53Z,2025-10-15T17:49:41Z,2025-10-16T03:09:59Z,2025-10-07T01:34:23Z,2025-10-23T21:44:44Z,2025-11-11T19:43:54Z
FC-02643,S101,2025-10-16T04:32:01Z,63.0,531.0,118.0,30.06,431.0,1936.0,0,2025-10-16T01:54:54Z,2025-10-15T21:11:00Z,2025-10-16T02:47:54Z,2025-10-10T00:51:40Z,2025-10-23T18:45:41Z,2025-11-09T15:51:11Z
FC-02644,S134,2025-10-16T04:45:42Z,36.0,265.0,69.0,10.28,312.0,1185.0,0,2025-10-15T19:23:09Z,2025-10-15T09:26:20Z,2025-10-16T03:03:23Z,2025-10-05T08:19:01Z,2025-10-23T20:51:39Z,2025-10-29T21:49:11Z
FC-02645,S139,2025-10-16T04:57:22Z,47.0,340.0,38.0,37.13,368.0,1614.0,1,2025-10-15T09:44:14Z,2025-10-16T00:55:47Z,2025-10-16T03:17:11Z,2025-10-03T09:01:35Z,2025-10-23T08:09:51Z,2025-11-07T01:18:18Z
FC-02646,S133,2025-10-16T06:04:54Z,56.0,352.0,39.0,2.5,414.0,1477.0,1,2025-10-15T22:41:32Z,2025-10-15T14:47:25Z,2025-10-16T05:44:14Z,2025-10-12T07:56:50Z,2025-10-23T23:45:49Z,2025-10-25T22:16:25Z
FC-02647,S111,2025-10-16T07:21:55Z,24.0,195.0,27.0,31.98,210.0,860.0,1,2025-10-15T18:32:18Z,2025-10-15T19:57:01Z,2025-10-16T06:42:21Z,2025-10-07T20:34:17Z,2025-10-24T05:19:01Z,2025-10-23T02:30:20Z
FC-02648,S122,2025-10-16T07:24:26Z,36.0,231.0,50.0,22.64,210.0,992.0,0,2025-10-15T12:59:31Z,2025-10-16T02:54:57Z,2025-10-16T06:05:36Z,2025-10-08T06:27:29Z,2025-10-23T20:17:51Z,2025-10-28T08:59:39Z
FC-02649,S128,2025-10-16T07:57:48Z,39.0,229.0,52.0,2.16,230.0,1001.0,0,2025-10-15T20:38:21Z,2025-10-15T16:21:53Z,2025-10-16T06:22:41Z,2025-10-13T13:22:19Z,2025-10-23T09:30:08Z,2025-11-10T20:21:19Z
FC-02650,S136,2025-10-16T08:00:08Z,23.0,188.0,42.0,36.26,175.0,845.0,0,2025-10-15T20:00:43Z,2025-10-15T22:05:14Z,2025-10-16T06:17:43Z,2025-10-08T21:25:21Z,2025-10-23T14:52:58Z,2025-11-10T14:39:14Z
FC-02651,S136,2025-10-16T08:44:13Z,33.0,253.0,40.0,11.4,272.0,1047.0,0,2025-10-15T19:05:20Z,2025-10-15T20:35:45Z,2025-10-16T07:52:27Z,2025-10-02T22:37:01Z,2025-10-23T15:23:19Z,2025-10-26T07:43:11Z
FC-02652,S142,2025-10-16T08:50:02Z,16.0,115.0,21.0,10.83,106.0,413.0,0,2025-10-15T21:15:29Z,2025-10-15T17:05:17Z,2025-10-16T07:37:25Z,2025-10-11T17:45:58Z,2025-10-23T20:25:58Z,2025-11-02T20:11:16Z
FC-02653,S134,2025-10-16T09:17:22Z,70.0,363.0,75.0,22.25,403.0,1937.0,0,2025-10-15T16:18:18Z,2025-10-15T20:12:15Z,2025-10-16T07:30:52Z,2025-10-10T01:32:05Z,2025-10-24T05:09:20Z,2025-10-30T12:36:30Z
FC-02654,S100,2025-10-16T09:29:56Z,151.0,990.0,161.0,36.25,904.0,5047.0,0,2025-10-15T19:35:33Z,2025-10-15T22:06:12Z,2025-10-16T07:39:40Z,2025-10-09T02:03:04Z,2025-10-24T04:33:08Z,2025-11-12T08:25:37Z
FC-02655,S154,2025-10-16T10:05:02Z,23.0,192.0,37.0,20.28,192.0,739.0,0,2025-10-16T00:03:21Z,2025-10-15T16:25:41Z,2025-10-16T09:05:07Z,2025-10-02T11:32:11Z,2025-10-24T02:28:53Z,2025-10-24T03:42:18Z
FC-02656,S157,2025-10-16T12:25:21Z,11.0,95.0,23.0,32.19,95.0,377.0,0,2025-10-15T21:03:08Z,2025-10-15T20:04:52Z,2025-10-16T12:12:40Z,2025-10-06T08:27:27Z,2025-10-23T23:36:29Z,2025-11-10T21:20:59Z
FC-02657,S105,2025-10-16T12:57:16Z,18.0,115.0,20.0,5.4,117.0,508.0,0,2025-10-16T09:57:13Z,2025-10-16T07:46:32Z,2025-10-16T12:04:36Z,2025-10-07T21:24:27Z,2025-10-23T19:06:55Z,2025-10-25T11:49:13Z
FC-02658,S143,2025-10-16T13:33:43Z,21.0,114.0,34.0,18.91,117.0,574.0,0,2025-10-16T11:25:41Z,2025-10-15T21:05:20Z,2025-10-16T11:49:29Z,2025-10-12T21:25:13Z,2025-10-23T13:59:33Z,2025-11-15T02:40:00Z
FC-02659,S108,2025-10-16T13:52:16Z,24.0,172.0,34.0,26.9,220.0,904.0,0,2025-10-16T04:37:20Z,2025-10-15T18:13:59Z,2025-10-16T13:41:09Z,2025-10-14T03:31:27Z,2025-10-24T09:01:03Z,2025-10-29T04:00:21Z
FC-02660,S123,2025-10-16T15:21:38Z,28.0,196.0,32.0,16.49,192.0,720.0,0,2025-10-16T09:59:46Z,2025-10-16T04:40:12Z,2025-10-16T14:42:40Z,2025-10-07T01:36:11Z,2025-10-24T06:13:00Z,2025-10-25T21:59:53Z
FC-02661,S140,2025-10-16T15:24:37Z,16.0,121.0,27.0,19.4,130.0,599.0,0,2025-10-16T02:16:25Z,2025-10-16T04:23:32Z,2025-10-16T14:03:49Z,2025-10-10T02:08:36Z,2025-10-23T17:10:37Z,2025-11-11T14:15:13Z
FC-02662,S109,2025-10-16T16:38:17Z,21.0,170.0,22.0,19.6,137.0,687.0,0,2025-10-16T10:07:53Z,2025-10-16T12:49:43Z,2025-10-16T15:49:10Z,2025-10-09T11:52:47Z,2025-10-23T21:01:14Z,2025-11-13T02:54:40Z
FC-02663,S123,2025-10-16T16:41:59Z,89.0,601.0,55.0,26.3,621.0,2579.0,1,2025-10-16T02:33:43Z,2025-10-15T22:25:18Z,2025-10-16T15:19:14Z,2025-10-14T12:10:55Z,2025-10-24T04:43:59Z,2025-11-06T08:46:42Z
FC-02664,S104,2025-10-16T16:59:27Z,37.0,233.0,45.0,18.77,259.0,923.0,0,2025-10-16T02:35:44Z,2025-10-16T13:23:09Z,2025-10-16T15:59:27Z,2025-10-13T02:33:36Z,2025-10-24T09:48:58Z,2025-11-02T01:49:48Z
FC-02665,S154,2025-10-16T17:28:11Z,89.0,594.0,141.0,15.33,623.0,2888.0,0,2025-10-16T10:00:15Z,2025-10-15T22:04:24Z,2025-10-16T16:44:00Z,2025-10-09T05:15:51Z,2025-10-23T22:15:43Z,2025-11-15T13:23:11Z
FC-02666,S141,2025-10-16T18:04:03Z,38.0,279.0,47.0,21.44,326.0,1180.0,0,2025-10-15T22:45:15Z,2025-10-16T07:32:55Z,2025-10-16T17:39:27Z,2025-10-06T11:23:50Z,2025-10-23T18:08:33Z,2025-10-23T02:24:09Z
FC-02667,S105,2025-10-16T18:30:51Z,18.0,148.0,32.0,25.63,147.0,541.0,0,2025-10-15T22:59:22Z,2025-10-16T04:31:59Z,2025-10-16T17:44:07Z,2025-10-03T22:27:45Z,2025-10-24T03:59:46Z,2025-10-22T22:10:20Z
FC-02668,S100,2025-10-16T18:47:22Z,78.0,654.0,54.0,24.21,568.0,2318.0,1,2025-10-16T07:09:52Z,2025-10-16T06:53:41Z,2025-10-16T16:57:53Z,2025-10-12T03:51:49Z,2025-10-24T13:15:30Z,2025-11-07T11:33:04Z
FC-02669,S127,2025-10-16T21:22:02Z,59.0,390.0,87.0,18.71,355.0,1621.0,0,2025-10-16T14:08:59Z,2025-10-16T07:08:50Z,2025-10-16T20:20:47Z,2025-10-08T03:35:50Z,2025-10-24T14:27:29Z,2025-10-24T18:04:22Z
FC-02670,S143,2025-10-16T23:22:42Z,21.0,159.0,20.0,19.19,144.0,750.0,1,2025-10-16T08:50:51Z,2025-10-16T03:37:26Z,2025-10-16T22:23:52Z,2025-10-12T15:35:41Z,2025-10-24T02:43:05Z,2025-10-31T16:37:28Z
FC-02671,S133,2025-10-17T02:28:49Z,18.0,174.0,32.0,22.69,145.0,700.0,0,2025-10-16T18:21:27Z,2025-10-16T18:22:30Z,2025-10-17T01:46:12Z,2025-10-11T17:32:12Z,2025-10-24T12:21:52Z,2025-10-25T00:06:30Z
FC-02672,S151,2025-10-17T03:05:06Z,64.0,374.0,60.0,9.46,351.0,1760.0,0,2025-10-16T15:20:07Z,2025-10-16T22:17:54Z,2025-10-17T02:09:51Z,2025-10-08T10:08:50Z,2025-10-24T15:31:26Z,2025-10-22T14:39:27Z
FC-02673,S112,2025-10-17T03:37:53Z,25.0,148.0,33.0,10.84,181.0,684.0,0,2025-10-16T21:21:53Z,2025-10-16T22:32:14Z,2025-10-17T02:17:28Z,2025-10-06T20:23:49Z,2025-10-25T03:21:51Z,2025-10-24T00:04:28Z
FC-02674,S145,2025-10-17T04:58:23Z,53.0,385.0,40.0,16.89,391.0,1731.0,1,2025-10-16T18:50:03Z,2025-10-17T01:53:32Z,2025-10-17T03:49:27Z,2025-10-09T05:28:57Z,2025-10-24T22:03:34Z,2025-10-24T13:46:39Z
FC-02675,S114,2025-10-17T05:31:36Z,60.0,456.0,99.0,27.3,419.0,1836.0,0,2025-10-16T22:05:20Z,2025-10-16T23:13:41Z,2025-10-17T05:09:06Z,2025-10-05T05:57:58Z,2025-10-24T19:19:56Z,2025-10-28T08:00:20Z
FC-02676,S131,2025-10-17T07:51:50Z,42.0,261.0,55.0,3.05,334.0,1295.0,0,2025-10-17T00:06:55Z,2025-10-17T00:58:05Z,2025-10-17T06:53:22Z,2025-10-04T17:54:43Z,2025-10-24T18:27:03Z,2025-11-06T06:33:04Z
FC-02677,S140,2025-10-17T08:07:06Z,109.0,871.0,183.0,20.35,1054.0,3657.0,0,2025-10-16T20:41:16Z,2025-10-17T05:25:04Z,2025-10-17T06:36:27Z,2025-10-10T07:34:14Z,2025-10-24T23:28:03Z,2025-10-24T14:51:28Z
FC-02678,S127,2025-10-17T08:09:52Z,29.0,218.0,39.0,19.52,209.0,963.0,0,2025-10-16T14:13:00Z,2025-10-16T22:09:29Z,2025-10-17T06:31:49Z,2025-10-04T16:58:34Z,2025-10-25T05:27:08Z,2025-10-25T19:01:41Z
FC-02679,S150,2025-10-17T08:21:57Z,68.0,482.0,125.0,21.98,477.0,2027.0,0,2025-10-17T03:42:40Z,2025-10-16T19:47:58Z,2025-10-17T08:11:13Z,2025-10-15T01:09:18Z,2025-10-24T15:42:53Z,2025-10-29T16:17:29Z
FC-02680,S120,2025-10-17T08:27:21Z,54.0,363.0,29.0,3.15,356.0,1353.0,1,2025-10-16T19:36:23Z,2025-10-17T03:06:29Z,2025-10-17T07:41:29Z,2025-10-07T19:01:18Z,2025-10-25T01:06:42Z,2025-11-09T19:22:09Z
FC-02681,S152,2025-10-17T08:47:07Z,43.0,372.0,70.0,29.3,293.0,1643.0,0,2025-10-16T14:52:25Z,2025-10-16T21:55:50Z,2025-10-17T08:33:33Z,2025-10-13T17:25:57Z,2025-10-24T20:52:42Z,2025-11-11T19:58:28Z
FC-02682,S108,2025-10-17T09:27:29Z,65.0,589.0,117.0,37.6,493.0,2236.0,0,2025-10-17T06:33:07Z,2025-10-17T05:38:20Z,2025-10-17T08:31:15Z,2025-10-05T15:41:46Z,2025-10-24T19:23:09Z,2025-11-10T12:16:28Z
FC-02683,S156,2025-10-17T09:42:05Z,58.0,339.0,91.0,2.56,383.0,1569.0,0,2025-10-16T21:14:56Z,2025-10-16T23:15:20Z,2025-10-17T08:08:58Z,2025-10-07T15:12:34Z,2025-10-24T17:52:35Z,2025-10-29T10:33:23Z
FC-02684,S116,2025-10-17T09:45:56Z,51.0,363.0,73.0,12.09,321.0,1458.0,0,2025-10-16T18:18:09Z,2025-10-17T01:14:07Z,2025-10-17T09:28:30Z,2025-10-09T03:08:48Z,2025-10-25T01:07:31Z,2025-10-25T01:20:02Z
FC-02685,S133,2025-10-17T11:07:07Z,25.0,184.0,26.0,16.52,244.0,991.0,1,2025-10-16T17:03:21Z,2025-10-17T02:20:49Z,2025-10-17T10:45:13Z,2025-10-10T07:00:05Z,2025-10-24T18:12:02Z,2025-11-06T01:56:07Z
FC-02686,S132,2025-10-17T11:07:53Z,45.0,300.0,29.0,37.26,307.0,1087.0,1,2025-10-16T22:19:49Z,2025-10-16T20:49:53Z,2025-10-17T10:19:57Z,2025-10-09T22:37:28Z,2025-10-25T09:33:25Z,2025-10-27T06:14:19Z
FC-02687,S108,2025-10-17T11:10:26Z,69.0,477.0,105.0,6.52,440.0,1734.0,0,2025-10-17T05:31:17Z,2025-10-17T01:39:38Z,2025-10-17T10:24:39Z,2025-10-07T02:24:14Z,2025-10-24T13:44:09Z,2025-11-12T02:37:46Z
FC-02688,S158,2025-10-17T11:59:15Z,56.0,368.0,55.0,37.37,358.0,1915.0,1,2025-10-16T16:13:59Z,2025-10-16T22:10:20Z,2025-10-17T10:24:04Z,2025-10-03T22:46:17Z,2025-10-24T16:16:07Z,2025-11-11T00:23:39Z
FC-02689,S115,2025-10-17T13:52:44Z,42.0,302.0,59.0,10.29,344.0,1265.0,0,2025-10-17T02:08:38Z,2025-10-17T10:14:51Z,2025-10-17T12:04:03Z,2025-10-12T03:14:01Z,2025-10-25T06:13:52Z,2025-11-02T17:20:39Z
FC-02690,S112,2025-10-17T16:19:13Z,87.0,535.0,117.0,11.55,697.0,2552.0,0,2025-10-16T23:14:44Z,2025-10-17T07:07:39Z,2025-10-17T14:19:13Z,2025-10-13T11:51:17Z,2025-10-24T21:11:19Z,2025-11-06T06:42:25Z
FC-02691,S109,2025-10-17T18:48:36Z,26.0,184.0,19.0,14.06,178.0,842.0,1,2025-10-17T12:58:57Z,2025-10-17T02:54:46Z,2025-10-17T18:00:57Z,2025-10-08T17:16:14Z,2025-10-25T16:42:58Z,2025-11-09T19:16:48Z
FC-02692,S115,2025-10-17T19:15:19Z,55.0,312.0,58.0,28.19,325.0,1462.0,0,2025-10-17T12:33:42Z,2025-10-17T05:32:10Z,2025-10-17T18:39:31Z,2025-10-04T06:45:34Z,2025-10-25T10:31:54Z,2025-11-08T17:27:02Z
FC-02693,S121,2025-10-17T20:05:37Z,77.0,462.0,59.0,26.73,570.0,1903.0,1,2025-10-17T00:31:25Z,2025-10-17T05:56:54Z,2025-10-17T19:18:04Z,2025-10-07T20:33:48Z,2025-10-25T20:04:03Z,2025-10-25T07:20:25Z
FC-02694,S125,2025-10-17T20:32:42Z,20.0,160.0,25.0,26.76,146.0,609.0,0,2025-10-17T00:56:29Z,2025-10-17T07:41:06Z,2025-10-17T20:21:58Z,2025-10-11T07:18:01Z,2025-10-25T10:36:35Z,2025-11-01T02:01:48Z
FC-02695,S120,2025-10-17T20:50:28Z,11.0,100.0,17.0,23.43,99.0,364.0,0,2025-10-17T16:14:51Z,2025-10-17T09:30:07Z,2025-10-17T19:05:37Z,2025-10-12T02:20:47Z,2025-10-25T18:34:17Z,2025-10-31T04:11:52Z
FC-02696,S124,2025-10-17T22:37:58Z,14.0,97.0,12.0,12.0,104.0,441.0,1,2025-10-17T12:54:09Z,2025-10-17T04:37:12Z,2025-10-17T22:28:10Z,2025-10-11T17:23:12Z,2025-10-25T16:59:35Z,2025-10-27T21:19:46Z
FC-02697,S155,2025-10-17T23:44:42Z,56.0,365.0,90.0,2.2,365.0,1839.0,0,2025-10-17T17:15:15Z,2025-10-17T05:15:56Z,2025-10-17T22:59:00Z,2025-10-16T15:28:28Z,2025-10-25T21:43:52Z,2025-10-28T02:50:04Z
FC-02698,S108,2025-10-17T23:56:28Z,122.0,989.0,208.0,33.72,747.0,3528.0,0,2025-10-17T19:22:22Z,2025-10-17T14:05:28Z,2025-10-17T23:37:11Z,2025-10-14T10:23:42Z,2025-10-25T08:30:21Z,2025-11-10T17:33:55Z
FC-02699,S122,2025-10-18T00:48:20Z,79.0,494.0,108.0,31.95,496.0,2396.0,0,2025-10-17T08:34:03Z,2025-10-17T16:53:41Z,2025-10-17T23:29:13Z,2025-10-16T04:18:55Z,2025-10-26T00:34:56Z,2025-11-11T23:40:30Z
FC-02700,S156,2025-10-18T01:39:44Z,12.0,80.0,12.0,13.3,79.0,352.0,0,2025-10-17T14:10:49Z,2025-10-17T08:04:16Z,2025-10-17T23:55:28Z,2025-10-11T18:46:13Z,2025-10-25T15:49:38Z,2025-11-06T10:03:29Z
FC-02701,S133,2025-10-18T02:06:41Z,53.0,424.0,42.0,4.07,443.0,1468.0,1,2025-10-17T23:35:30Z,2025-10-17T08:59:26Z,2025-10-18T01:06:22Z,2025-10-12T05:34:35Z,2025-10-25T08:54:03Z,2025-11-05T19:13:54Z
FC-02702,S124,2025-10-18T03:06:06Z,13.0,97.0,20.0,25.39,100.0,392.0,0,2025-10-17T17:22:35Z,2025-10-17T11:48:57Z,2025-10-18T02:15:13Z,2025-10-05T18:03:53Z,2025-10-25T09:58:19Z,2025-11-02T10:37:47Z
FC-02703,S107,2025-10-18T04:57:11Z,42.0,354.0,55.0,10.74,353.0,1553.0,0,2025-10-17T22:23:41Z,2025-10-17T19:49:47Z,2025-10-18T04:29:32Z,2025-10-08T22:47:47Z,2025-10-25T19:30:51Z,2025-10-29T07:47:14Z
FC-02704,S108,2025-10-18T05:39:41Z,37.0,214.0,47.0,10.77,245.0,868.0,0,2025-10-18T03:11:12Z,2025-10-17T13:48:05Z,2025-10-18T03:43:09Z,2025-10-07T03:24:56Z,2025-10-25T16:15:19Z,2025-10-23T06:02:18Z
FC-02705,S140,2025-10-18T06:02:57Z,39.0,312.0,36.0,36.97,337.0,1323.0,1,2025-10-17T19:25:26Z,2025-10-18T02:23:20Z,2025-10-18T04:39:00Z,2025-10-14T14:14:48Z,2025-10-25T23:10:47Z,2025-10-30T03:27:40Z
FC-02706,S111,2025-10-18T06:53:11Z,55.0,400.0,51.0,38.24,313.0,1566.0,0,2025-10-18T03:37:00Z,2025-10-18T02:17:40Z,2025-10-18T05:40:04Z,2025-10-07T14:25:22Z,2025-10-25T19:20:32Z,2025-11-06T22:35:05Z
FC-02707,S139,2025-10-18T07:19:36Z,56.0,361.0,54.0,21.01,386.0,1518.0,0,2025-10-17T23:32:54Z,2025-10-18T02:44:54Z,2025-10-18T05:27:35Z,2025-10-14T09:28:08Z,2025-10-25T11:18:16Z,2025-10-25T08:48:31Z
FC-02708,S120,2025-10-18T09:21:54Z,27.0,193.0,24.0,20.11,170.0,832.0,1,2025-10-17T16:26:18Z,2025-10-18T06:28:51Z,2025-10-18T07:45:42Z,2025-10-10T01:47:15Z,2025-10-25T23:10:52Z,2025-11-01T22:08:37Z
FC-02709,S155,2025-10-18T10:05:56Z,101.0,842.0,95.0,27.08,772.0,3444.0,1,2025-10-17T21:18:25Z,2025-10-18T04:40:46Z,2025-10-18T09:26:08Z,2025-10-15T15:26:44Z,2025-10-26T06:01:59Z,2025-11-05T08:51:50Z
FC-02710,S104,2025-10-18T10:26:01Z,40.0,345.0,48.0,23.28,312.0,1286.0,0,2025-10-18T03:19:08Z,2025-10-18T00:21:14Z,2025-10-18T10:07:59Z,2025-10-04T12:54:40Z,2025-10-25T11:53:20Z,2025-10-30T01:16:40Z
FC-02711,S122,2025-10-18T10:34:54Z,39.0,300.0,41.0,10.18,270.0,1165.0,0,2025-10-17T22:53:37Z,2025-10-18T04:38:16Z,2025-10-18T09:26:25Z,2025-10-04T12:50:13Z,2025-10-25T16:19:42Z,2025-10-31T17:49:08Z
FC-02712,S111,2025-10-18T10:59:09Z,19.0,116.0,24.0,7.61,103.0,525.0,0,2025-10-18T02:09:43Z,2025-10-18T01:09:45Z,2025-10-18T09:01:04Z,2025-10-12T09:04:34Z,2025-10-25T23:55:21Z,2025-11-09T22:26:43Z
FC-02713,S102,2025-10-18T11:00:42Z,19.0,108.0,26.0,11.06,125.0,510.0,0,2025-10-18T02:20:53Z,2025-10-18T00:16:22Z,2025-10-18T09:01:37Z,2025-10-15T00:12:02Z,2025-10-26T06:52:40Z,2025-11-05T11:00:59Z
FC-02714,S151,2025-10-18T11:52:12Z,57.0,350.0,37.0,15.02,361.0,1884.0,1,2025-10-18T04:44:46Z,2025-10-18T07:11:19Z,2025-10-18T10:25:51Z,2025-10-12T09:18:24Z,2025-10-25T20:06:31Z,2025-11-17T07:44:54Z
FC-02715,S110,2025-10-18T11:52:39Z,120.0,817.0,106.0,11.31,819.0,3935.0,1,2025-10-18T05:54:47Z,2025-10-17T16:03:31Z,2025-10-18T09:52:43Z,2025-10-05T05:44:01Z,2025-10-26T01:02:42Z,2025-11-15T08:00:17Z
FC-02716,S113,2025-10-18T12:33:06Z,37.0,240.0,30.0,39.05,277.0,1020.0,1,2025-10-17T18:26:31Z,2025-10-17T22:09:06Z,2025-10-18T11:36:57Z,2025-10-06T09:47:20Z,2025-10-26T11:54:55Z,2025-11-10T11:37:35Z
FC-02717,S123,2025-10-18T12:33:33Z,41.0,255.0,64.0,20.61,328.0,1169.0,0,2025-10-17T20:24:24Z,2025-10-17T19:45:29Z,2025-10-18T12:26:43Z,2025-10-05T01:19:49Z,2025-10-26T09:02:50Z,2025-11-14T06:49:18Z
FC-02718,S136,2025-10-18T12:42:23Z,50.0,425.0,38.0,37.07,378.0,1599.0,1,2025-10-18T07:22:55Z,2025-10-18T05:47:18Z,2025-10-18T12:31:54Z,2025-10-11T16:01:25Z,2025-10-25T14:36:14Z,2025-10-31T00:26:20Z
FC-02719,S117,2025-10-18T15:05:37Z,44.0,324.0,81.0,3.46,328.0,1373.0,0,2025-10-18T13:01:22Z,2025-10-18T11:32:52Z,2025-10-18T14:19:07Z,2025-10-14T04:37:59Z,2025-10-25T23:49:11Z,2025-10-29T10:30:06Z
FC-02720,S144,2025-10-18T15:53:15Z,34.0,246.0,26.0,29.27,232.0,935.0,1,2025-10-18T02:41:23Z,2025-10-17T23:37:33Z,2025-10-18T14:35:31Z,2025-10-05T02:59:57Z,2025-10-25T18:52:16Z,2025-11-16T16:39:02Z
FC-02721,S111,2025-10-18T16:02:17Z,54.0,330.0,87.0,6.06,371.0,1567.0,0,2025-10-18T09:20:00Z,2025-10-17T21:40:06Z,2025-10-18T15:46:31Z,2025-10-15T00:03:27Z,2025-10-25T18:27:50Z,2025-11-01T02:09:29Z
FC-02722,S143,2025-10-18T17:04:38Z,59.0,531.0,98.0,18.63,379.0,1957.0,0,2025-10-17T21:54:17Z,2025-10-18T10:08:53Z,2025-10-18T15:31:11Z,2025-10-14T11:56:36Z,2025-10-25T21:09:36Z,2025-10-24T08:29:19Z
FC-02723,S138,2025-10-18T17:29:23Z,29.0,194.0,40.0,9.53,198.0,823.0,0,2025-10-18T03:51:12Z,2025-10-18T10:35:40Z,2025-10-18T16:17:46Z,2025-10-05T09:06:35Z,2025-10-25T22:32:01Z,2025-11-03T04:58:30Z
FC-02724,S106,2025-10-18T18:46:14Z,87.0,668.0,80.0,35.57,572.0,2659.0,1,2025-10-18T12:29:44Z,2025-10-18T15:22:54Z,2025-10-18T17:51:55Z,2025-10-12T20:45:02Z,2025-10-25T19:52:45Z,2025-11-07T19:50:01Z
FC-02725,S134,2025-10-18T18:48:45Z,37.0,200.0,23.0,31.17,223.0,991.0,1,2025-10-18T01:45:17Z,2025-10-18T04:17:06Z,2025-10-18T18:16:39Z,2025-10-07T02:22:27Z,2025-10-25T22:14:15Z,2025-11-05T19:32:59Z
FC-02726,S117,2025-10-18T20:21:35Z,23.0,201.0,28.0,36.84,204.0,798.0,0,2025-10-18T08:52:04Z,2025-10-18T13:39:53Z,2025-10-18T19:35:29Z,2025-10-15T02:05:52Z,2025-10-26T15:45:25Z,2025-10-30T17:10:53Z
FC-02727,S106,2025-10-18T21:24:24Z,44.0,327.0,39.0,10.31,332.0,1677.0,1,2025-10-18T15:47:59Z,2025-10-18T15:45:56Z,2025-10-18T20:47:10Z,2025-10-16T06:57:00Z,2025-10-26T20:06:35Z,2025-11-16T21:15:49Z
FC-02728,S152,2025-10-19T00:18:01Z,22.0,212.0,31.0,28.9,202.0,796.0,0,2025-10-18T21:09:04Z,2025-10-18T15:10:10Z,2025-10-18T23:33:38Z,2025-10-08T00:49:28Z,2025-10-26T00:26:53Z,2025-11-05T06:26:50Z
FC-02729,S101,2025-10-19T00:24:38Z,18.0,136.0,31.0,26.21,154.0,655.0,0,2025-10-18T16:20:35Z,2025-10-18T22:12:52Z,2025-10-18T23:44:22Z,2025-10-10T02:39:24Z,2025-10-26T20:47:04Z,2025-10-31T18:14:18Z
FC-02730,S146,2025-10-19T01:20:43Z,58.0,401.0,37.0,26.13,373.0,1550.0,1,2025-10-18T19:41:32Z,2025-10-18T15:52:34Z,2025-10-19T00:06:27Z,2025-10-14T11:44:08Z,2025-10-26T13:46:16Z,2025-11-14T21:45:29Z
FC-02731,S131,2025-10-19T01:56:48Z,49.0,348.0,38.0,32.26,300.0,1426.0,1,2025-10-18T11:10:00Z,2025-10-18T13:47:01Z,2025-10-19T01:35:31Z,2025-10-07T04:10:02Z,2025-10-27T01:37:55Z,2025-11-01T05:37:37Z
FC-02732,S111,2025-10-19T02:43:05Z,30.0,256.0,39.0,4.35,236.0,1057.0,0,2025-10-18T10:54:55Z,2025-10-18T21:20:57Z,2025-10-19T02:25:25Z,2025-10-11T14:26:40Z,2025-10-26T11:02:11Z,2025-10-28T07:54:33Z
FC-02733,S138,2025-10-19T03:23:23Z,48.0,300.0,57.0,8.81,284.0,1295.0,0,2025-10-18T17:23:12Z,2025-10-18T14:06:52Z,2025-10-19T01:34:35Z,2025-10-12T16:00:47Z,2025-10-26T14:47:51Z,2025-10-29T23:36:42Z
FC-02734,S133,2025-10-19T03:28:31Z,41.0,273.0,49.0,39.89,222.0,956.0,0,2025-10-18T13:04:13Z,2025-10-18T16:08:30Z,2025-10-19T01:52:48Z,2025-10-14T21:54:43Z,2025-10-26T07:02:34Z,2025-11-11T10:36:21Z
FC-02735,S145,2025-10-19T04:07:52Z,38.0,242.0,53.0,32.09,295.0,1162.0,0,2025-10-18T09:56:53Z,2025-10-18T21:52:04Z,2025-10-19T03:38:09Z,2025-10-07T05:22:11Z,2025-10-26T17:34:44Z,2025-11-13T04:34:50Z
FC-02736,S138,2025-10-19T04:59:15Z,34.0,189.0,22.0,14.05,241.0,884.0,1,2025-10-19T00:23:28Z,2025-10-18T11:36:33Z,2025-10-19T03:01:20Z,2025-10-16T23:07:27Z,2025-10-26T06:10:55Z,2025-11-06T18:08:42Z
FC-02737,S109,2025-10-19T05:06:13Z,28.0,166.0,35.0,15.82,172.0,681.0,0,2025-10-19T01:41:28Z,2025-10-18T19:09:03Z,2025-10-19T03:42:04Z,2025-10-13T05:25:20Z,2025-10-26T21:39:32Z,2025-10-30T14:33:21Z
FC-02738,S148,2025-10-19T05:29:39Z,41.0,297.0,45.0,26.0,314.0,1316.0,0,2025-10-18T10:20:48Z,2025-10-18T21:50:16Z,2025-10-19T04:04:50Z,2025-10-18T03:39:13Z,2025-10-26T06:47:28Z,2025-11-17T19:43:53Z
FC-02739,S152,2025-10-19T05:39:48Z,33.0,212.0,36.0,14.34,207.0,918.0,0,2025-10-18T19:39:18Z,2025-10-18T15:30:12Z,2025-10-19T04:01:19Z,2025-10-17T13:48:22Z,2025-10-26T17:03:23Z,2025-10-25T16:11:11Z
FC-02740,S150,2025-10-19T06:21:34Z,24.0,155.0,37.0,39.13,173.0,768.0,0,2025-10-18T20:21:12Z,2025-10-18T19:03:48Z,2025-10-19T05:14:51Z,2025-10-14T18:49:42Z,2025-10-26T22:24:06Z,2025-11-06T09:02:31Z
FC-02741,S102,2025-10-19T07:25:37Z,98.0,694.0,149.0,5.07,779.0,3028.0,0,2025-10-19T04:57:37Z,2025-10-18T13:34:12Z,2025-10-19T06:40:18Z,2025-10-18T02:44:13Z,2025-10-26T16:02:39Z,2025-10-27T10:43:41Z
FC-02742,S116,2025-10-19T07:57:35Z,21.0,155.0,22.0,3.01,156.0,740.0,1,2025-10-19T04:05:20Z,2025-10-18T23:19:08Z,2025-10-19T06:30:26Z,2025-10-07T23:04:58Z,2025-10-26T15:32:31Z,2025-11-18T01:11:14Z
FC-02743,S155,2025-10-19T08:44:31Z,28.0,227.0,50.0,15.71,258.0,1073.0,0,2025-10-18T18:00:48Z,2025-10-18T20:42:45Z,2025-10-19T07:20:11Z,2025-10-07T19:37:03Z,2025-10-26T17:03:01Z,2025-11-08T01:26:14Z
FC-02744,S159,2025-10-19T09:11:12Z,45.0,368.0,78.0,27.14,280.0,1495.0,0,2025-10-18T21:25:01Z,2025-10-18T13:49:11Z,2025-10-19T08:51:54Z,2025-10-14T07:34:03Z,2025-10-27T02:45:52Z,2025-10-27T22:55:21Z
FC-02745,S130,2025-10-19T09:36:00Z,103.0,696.0,91.0,32.32,563.0,3091.0,0,2025-10-18T22:38:57Z,2025-10-18T19:43:26Z,2025-10-19T09:18:47Z,2025-10-13T18:21:36Z,2025-10-26T20:50:54Z,2025-10-25T19:07:37Z
FC-02746,S149,2025-10-19T09:43:28Z,44.0,251.0,33.0,8.94,285.0,1110.0,1,2025-10-18T23:56:16Z,2025-10-18T15:42:08Z,2025-10-19T07:55:59Z,2025-10-15T16:55:40Z,2025-10-26T12:56:58Z,2025-10-25T10:39:40Z
FC-02747,S157,2025-10-19T10:39:39Z,58.0,422.0,93.0,16.21,422.0,1768.0,0,2025-10-19T04:53:11Z,2025-10-18T17:59:42Z,2025-10-19T10:03:28Z,2025-10-10T07:38:31Z,2025-10-26T13:02:40Z,2025-11-05T20:42:41Z
FC-02748,S120,2025-10-19T11:21:45Z,27.0,187.0,38.0,10.04,187.0,781.0,0,2025-10-19T01:44:20Z,2025-10-18T20:48:44Z,2025-10-19T10:17:53Z,2025-10-09T23:17:35Z,2025-10-26T11:57:32Z,2025-11-15T14:24:13Z
FC-02749,S153,2025-10-19T11:32:10Z,18.0,115.0,16.0,29.01,134.0,539.0,1,2025-10-18T16:38:28Z,2025-10-18T17:23:15Z,2025-10-19T10:19:09Z,2025-10-07T06:48:34Z,2025-10-27T02:40:27Z,2025-10-30T08:46:00Z
FC-02750,S156,2025-10-19T11:53:05Z,67.0,442.0,46.0,26.97,475.0,1937.0,1,2025-10-19T03:55:26Z,2025-10-18T20:47:01Z,2025-10-19T10:19:02Z,2025-10-13T05:22:13Z,2025-10-26T20:33:38Z,2025-11-04T03:32:59Z
FC-02751,S136,2025-10-19T13:02:09Z,80.0,548.0,114.0,35.75,589.0,2537.0,0,2025-10-19T09:16:56Z,2025-10-19T04:01:37Z,2025-10-19T11:19:56Z,2025-10-07T04:45:21Z,2025-10-27T02:27:48Z,2025-11-06T17:43:10Z
FC-02752,S151,2025-10-19T13:18:55Z,42.0,352.0,70.0,13.34,387.0,1444.0,0,2025-10-19T09:36:18Z,2025-10-18T21:28:46Z,2025-10-19T12:57:48Z,2025-10-09T15:09:13Z,2025-10-26T14:22:22Z,2025-11-03T18:32:12Z
FC-02753,S131,2025-10-19T15:09:46Z,50.0,402.0,43.0,33.3,393.0,1773.0,1,2025-10-19T07:04:08Z,2025-10-19T03:35:35Z,2025-10-19T14:37:34Z,2025-10-15T02:19:47Z,2025-10-27T11:30:40Z,2025-11-16T17:55:26Z
FC-02754,S122,2025-10-19T16:23:01Z,71.0,469.0,62.0,10.44,517.0,2047.0,1,2025-10-19T08:55:11Z,2025-10-19T06:27:22Z,2025-10-19T15:09:14Z,2025-10-14T17:26:21Z,2025-10-27T00:47:23Z,2025-11-10T16:22:11Z
FC-02755,S105,2025-10-19T16:29:58Z,42.0,295.0,46.0,36.57,267.0,1294.0,0,2025-10-19T04:16:55Z,2025-10-19T02:49:29Z,2025-10-19T14:48:14Z,2025-10-08T18:43:57Z,2025-10-27T08:55:22Z,2025-11-11T03:49:17Z
FC-02756,S150,2025-10-19T17:48:54Z,116.0,847.0,191.0,11.33,873.0,3563.0,0,2025-10-19T08:36:45Z,2025-10-18T22:15:01Z,2025-10-19T17:32:48Z,2025-10-10T15:08:36Z,2025-10-26T21:52:31Z,2025-10-27T16:48:36Z
FC-02757,S135,2025-10-19T17:49:37Z,122.0,710.0,79.0,33.62,797.0,3317.0,1,2025-10-19T12:51:25Z,2025-10-19T10:42:28Z,2025-10-19T17:17:27Z,2025-10-12T19:41:27Z,2025-10-27T06:32:31Z,2025-11-16T05:04:51Z
FC-02758,S133,2025-10-19T18:19:36Z,82.0,502.0,115.0,15.9,507.0,2437.0,0,2025-10-18T22:21:37Z,2025-10-18T22:38:31Z,2025-10-19T16:29:08Z,2025-10-07T14:47:32Z,2025-10-27T16:09:41Z,2025-10-30T14:19:43Z
FC-02759,S158,2025-10-19T18:39:31Z,46.0,268.0,57.0,12.06,261.0,1198.0,0,2025-10-19T03:51:37Z,2025-10-19T01:40:12Z,2025-10-19T17:25:15Z,2025-10-12T10:40:28Z,2025-10-27T13:22:48Z,2025-11-03T05:02:06Z
FC-02760,S131,2025-10-19T19:52:59Z,39.0,274.0,55.0,29.95,261.0,1060.0,0,2025-10-19T15:23:36Z,2025-10-19T08:04:08Z,2025-10-19T18:10:51Z,2025-10-09T11:25:44Z,2025-10-27T15:03:10Z,2025-10-29T02:56:33Z
FC-02761,S107,2025-10-19T20:25:56Z,24.0,131.0,14.0,19.72,169.0,675.0,1,2025-10-19T10:22:21Z,2025-10-19T04:38:35Z,2025-10-19T19:30:31Z,2025-10-07T20:21:56Z,2025-10-27T08:19:50Z,2025-11-10T22:31:03Z
FC-02762,S151,2025-10-19T21:04:03Z,24.0,140.0,27.0,5.25,127.0,598.0,0,2025-10-19T15:58:27Z,2025-10-19T06:46:33Z,2025-10-19T20:38:52Z,2025-10-06T15:15:08Z,2025-10-27T07:37:53Z,2025-11-05T22:34:31Z
FC-02763,S118,2025-10-19T23:28:25Z,84.0,636.0,138.0,34.46,666.0,2697.0,0,2025-10-19T18:16:29Z,2025-10-19T15:36:46Z,2025-10-19T21:39:11Z,2025-10-12T05:29:50Z,2025-10-27T18:44:37Z,2025-11-01T08:08:25Z
FC-02764,S159,2025-10-20T01:41:06Z,46.0,332.0,81.0,9.7,345.0,1495.0,0,2025-10-19T09:15:52Z,2025-10-19T18:04:06Z,2025-10-20T00:50:41Z,2025-10-10T10:47:07Z,2025-10-27T03:02:42Z,2025-11-09T05:55:42Z
FC-02765,S118,2025-10-20T02:16:12Z,22.0,195.0,29.0,13.33,170.0,753.0,0,2025-10-19T22:40:45Z,2025-10-19T16:03:51Z,2025-10-20T00:42:24Z,2025-10-06T09:22:50Z,2025-10-27T20:34:25Z,2025-10-25T12:37:00Z
FC-02766,S147,2025-10-20T02:25:20Z,14.0,107.0,30.0,3.43,115.0,546.0,0,2025-10-19T06:56:02Z,2025-10-19T14:32:19Z,2025-10-20T01:15:06Z,2025-10-14T15:13:02Z,2025-10-27T19:28:57Z,2025-11-18T08:55:33Z
FC-02767,S104,2025-10-20T02:45:30Z,23.0,176.0,37.0,37.48,189.0,647.0,0,2025-10-19T18:07:06Z,2025-10-19T14:08:38Z,2025-10-20T00:59:15Z,2025-10-13T12:36:08Z,2025-10-27T19:22:51Z,2025-11-16T15:31:05Z
FC-02768,S155,2025-10-20T02:47:39Z,55.0,363.0,42.0,27.39,446.0,1589.0,1,2025-10-19T19:47:25Z,2025-10-19T13:12:31Z,2025-10-20T01:42:43Z,2025-10-08T03:05:50Z,2025-10-27T04:24:04Z,2025-10-29T02:44:13Z
FC-02769,S120,2025-10-20T03:04:33Z,66.0,443.0,72.0,20.76,373.0,1870.0,0,2025-10-19T22:00:20Z,2025-10-19T15:19:22Z,2025-10-20T01:44:36Z,2025-10-13T22:52:59Z,2025-10-28T02:22:59Z,2025-11-02T07:39:24Z
FC-02770,S139,2025-10-20T03:04:50Z,92.0,534.0,148.0,13.85,575.0,2490.0,0,2025-10-19T09:07:21Z,2025-10-19T16:58:54Z,2025-10-20T01:28:08Z,2025-10-16T15:32:36Z,2025-10-27T08:25:34Z,2025-11-17T05:28:49Z
FC-02771,S128,2025-10-20T03:28:47Z,96.0,647.0,148.0,17.84,642.0,2549.0,0,2025-10-19T23:49:41Z,2025-10-19T18:55:51Z,2025-10-20T02:54:39Z,2025-10-17T05:44:57Z,2025-10-28T00:50:48Z,2025-11-06T07:34:40Z
FC-02772,S117,2025-10-20T04:28:25Z,33.0,178.0,40.0,22.53,224.0,883.0,0,2025-10-19T19:47:10Z,2025-10-19T10:48:46Z,2025-10-20T03:30:50Z,2025-10-11T19:29:42Z,2025-10-28T02:34:17Z,2025-10-26T01:41:14Z
FC-02773,S147,2025-10-20T05:03:51Z,66.0,455.0,111.0,31.99,546.0,1960.0,0,2025-10-19T16:49:02Z,2025-10-19T23:00:40Z,2025-10-20T03:04:02Z,2025-10-11T06:41:46Z,2025-10-27T05:32:11Z,2025-10-25T20:40:20Z
FC-02774,S129,2025-10-20T05:26:34Z,34.0,250.0,29.0,9.44,289.0,1234.0,1,2025-10-19T19:58:46Z,2025-10-19T15:39:45Z,2025-10-20T04:42:38Z,2025-10-12T22:31:53Z,2025-10-28T00:41:06Z,2025-11-17T02:52:29Z
FC-02775,S147,2025-10-20T05:37:19Z,63.0,416.0,34.0,31.01,394.0,1664.0,1,2025-10-19T15:36:52Z,2025-10-19T10:35:44Z,2025-10-20T04:16:33Z,2025-10-09T18:10:43Z,2025-10-27T22:49:45Z,2025-11-03T05:38:07Z
FC-02776,S110,2025-10-20T07:38:13Z,36.0,279.0,32.0,24.85,277.0,1037.0,1,2025-10-20T00:25:28Z,2025-10-19T22:36:26Z,2025-10-20T07:12:13Z,2025-10-10T20:09:50Z,2025-10-27T16:25:35Z,2025-10-28T05:45:51Z
FC-02777,S140,2025-10-20T07:52:48Z,99.0,678.0,132.0,38.36,562.0,2665.0,0,2025-10-19T15:17:43Z,2025-10-19T20:51:16Z,2025-10-20T06:40:34Z,2025-10-13T04:45:22Z,2025-10-27T15:08:27Z,2025-10-26T09:01:30Z
FC-02778,S158,2025-10-20T09:11:51Z,40.0,325.0,57.0,2.42,286.0,1447.0,0,2025-10-20T04:38:34Z,2025-10-19T22:43:50Z,2025-10-20T07:50:09Z,2025-10-14T19:55:10Z,2025-10-28T03:41:11Z,2025-10-28T19:22:01Z
FC-02779,S157,2025-10-20T09:19:25Z,65.0,502.0,87.0,25.68,519.0,2131.0,0,2025-10-19T15:57:37Z,2025-10-19T18:04:06Z,2025-10-20T08:57:24Z,2025-10-13T02:53:21Z,2025-10-27T22:56:40Z,2025-11-13T04:02:53Z
FC-02780,S131,2025-10-20T09:49:37Z,12.0,92.0,18.0,22.7,82.0,404.0,0,2025-10-19T17:05:52Z,2025-10-20T01:04:25Z,2025-10-20T08:23:36Z,2025-10-07T16:32:16Z,2025-10-27T15:29:36Z,2025-11-15T01:56:13Z
FC-02781,S158,2025-10-20T10:30:20Z,80.0,583.0,49.0,37.83,524.0,2082.0,1,2025-10-19T15:43:06Z,2025-10-20T06:09:45Z,2025-10-20T09:06:39Z,2025-10-12T22:25:30Z,2025-10-28T01:57:09Z,2025-11-01T11:45:52Z
FC-02782,S125,2025-10-20T10:58:43Z,57.0,485.0,90.0,5.87,442.0,1881.0,0,2025-10-20T07:58:45Z,2025-10-20T06:24:33Z,2025-10-20T09:49:21Z,2025-10-19T06:58:08Z,2025-10-27T22:55:56Z,2025-10-30T09:28:19Z
FC-02783,S116,2025-10-20T11:31:24Z,74.0,406.0,40.0,27.9,410.0,1977.0,1,2025-10-19T16:41:43Z,2025-10-19T19:52:22Z,2025-10-20T11:03:17Z,2025-10-13T22:03:53Z,2025-10-27T22:17:46Z,2025-11-09T06:27:14Z
FC-02784,S112,2025-10-20T12:25:48Z,35.0,224.0,46.0,9.92,230.0,1000.0,0,2025-10-20T04:11:56Z,2025-10-20T07:29:17Z,2025-10-20T12:11:46Z,2025-10-06T15:55:59Z,2025-10-27T12:46:20Z,2025-11-07T12:09:01Z
FC-02785,S130,2025-10-20T15:26:20Z,54.0,505.0,63.0,21.4,412.0,1861.0,0,2025-10-19T19:41:15Z,2025-10-20T12:12:35Z,2025-10-20T13:59:50Z,2025-10-08T15:36:21Z,2025-10-28T03:42:18Z,2025-11-13T02:30:30Z
FC-02786,S133,2025-10-20T15:37:27Z,40.0,298.0,73.0,14.98,290.0,1306.0,0,2025-10-20T02:52:24Z,2025-10-19T22:19:51Z,2025-10-20T13:48:31Z,2025-10-17T09:56:03Z,2025-10-27T18:48:01Z,2025-11-11T23:37:37Z
FC-02787,S112,2025-10-20T16:08:59Z,76.0,548.0,51.0,32.8,516.0,2101.0,1,2025-10-20T06:31:58Z,2025-10-20T00:21:29Z,2025-10-20T14:39:51Z,2025-10-11T12:03:30Z,2025-10-28T08:49:57Z,2025-10-30T16:25:25Z
FC-02788,S151,2025-10-20T17:19:52Z,76.0,418.0,53.0,4.48,407.0,2089.0,1,2025-10-20T04:41:00Z,2025-10-20T04:23:19Z,2025-10-20T16:30:11Z,2025-10-13T14:52:32Z,2025-10-28T02:54:39Z,2025-11-16T00:53:18Z
FC-02789,S124,2025-10-20T18:48:34Z,32.0,231.0,29.0,5.95,227.0,848.0,0,2025-10-20T13:40:27Z,2025-10-19T23:51:55Z,2025-10-20T18:11:36Z,2025-10-09T17:50:10Z,2025-10-28T00:35:01Z,2025-11-06T09:49:48Z
FC-02790,S111,2025-10-20T19:35:06Z,27.0,236.0,20.0,35.63,206.0,1018.0,1,2025-10-20T01:44:04Z,2025-10-20T12:20:39Z,2025-10-20T18:14:09Z,2025-10-18T18:23:40Z,2025-10-28T10:14:37Z,2025-11-07T12:34:29Z
FC-02791,S117,2025-10-20T20:19:58Z,64.0,463.0,47.0,21.28,425.0,2199.0,1,2025-10-20T09:55:15Z,2025-10-20T01:31:30Z,2025-10-20T20:08:07Z,2025-10-14T17:36:52Z,2025-10-28T12:33:36Z,2025-10-26T13:22:01Z
FC-02792,S104,2025-10-20T21:38:43Z,22.0,195.0,20.0,18.01,158.0,820.0,1,2025-10-20T15:06:07Z,2025-10-20T01:57:05Z,2025-10-20T21:00:40Z,2025-10-16T22:51:39Z,2025-10-28T20:42:01Z,2025-11-14T17:48:07Z
FC-02793,S101,2025-10-20T21:49:20Z,39.0,220.0,25.0,3.11,214.0,1042.0,1,2025-10-20T10:33:59Z,2025-10-20T15:45:25Z,2025-10-20T20:08:16Z,2025-10-09T07:51:59Z,2025-10-28T11:52:46Z,2025-11-03T09:33:10Z
FC-02794,S158,2025-10-20T23:32:43Z,26.0,221.0,43.0,21.13,235.0,890.0,0,2025-10-20T17:53:13Z,2025-10-20T06:04:36Z,2025-10-20T22:49:12Z,2025-10-18T19:16:56Z,2025-10-28T06:23:37Z,2025-11-13T17:15:53Z
FC-02795,S149,2025-10-20T23:39:43Z,14.0,105.0,23.0,31.57,103.0,568.0,0,2025-10-20T14:07:53Z,2025-10-20T08:47:08Z,2025-10-20T23:29:22Z,2025-10-13T23:01:43Z,2025-10-28T16:35:06Z,2025-11-17T03:09:30Z
FC-02796,S132,2025-10-21T02:14:39Z,33.0,259.0,50.0,4.95,233.0,912.0,0,2025-10-20T19:27:18Z,2025-10-20T06:36:51Z,2025-10-21T01:53:30Z,2025-10-09T20:13:50Z,2025-10-28T02:54:59Z,2025-10-28T12:11:19Z
FC-02797,S129,2025-10-21T02:43:22Z,27.0,245.0,37.0,3.88,203.0,871.0,0,2025-10-20T19:38:36Z,2025-10-20T15:28:34Z,2025-10-21T00:59:13Z,2025-10-10T07:56:57Z,2025-10-28T04:24:39Z,2025-11-12T13:51:57Z
FC-02798,S104,2025-10-21T03:10:06Z,11.0,97.0,20.0,3.8,81.0,414.0,0,2025-10-20T12:15:57Z,2025-10-20T20:05:35Z,2025-10-21T02:33:00Z,2025-10-07T08:44:07Z,2025-10-28T22:37:34Z,2025-11-15T09:56:33Z
FC-02799,S110,2025-10-21T04:27:36Z,16.0,108.0,24.0,17.17,112.0,475.0,0,2025-10-20T18:49:21Z,2025-10-21T00:09:51Z,2025-10-21T03:20:53Z,2025-10-14T21:38:35Z,2025-10-29T04:06:07Z,2025-11-16T05:41:59Z
FC-02800,S125,2025-10-21T04:49:33Z,42.0,356.0,38.0,12.65,395.0,1418.0,1,2025-10-21T00:56:13Z,2025-10-20T18:17:47Z,2025-10-21T03:21:17Z,2025-10-16T04:43:54Z,2025-10-29T00:47:30Z,2025-11-18T16:00:25Z
FC-02801,S128,2025-10-21T05:03:00Z,23.0,180.0,33.0,5.24,170.0,757.0,0,2025-10-21T02:42:07Z,2025-10-20T18:52:09Z,2025-10-21T04:47:37Z,2025-10-11T20:46:01Z,2025-10-28T09:29:36Z,2025-11-03T03:17:03Z
FC-02802,S108,2025-10-21T06:15:11Z,71.0,533.0,85.0,27.4,648.0,2894.0,1,2025-10-20T20:53:52Z,2025-10-20T21:52:56Z,2025-10-21T04:49:43Z,2025-10-14T11:13:48Z,2025-10-29T03:41:28Z,2025-11-18T22:37:04Z
FC-02803,S119,2025-10-21T07:20:52Z,66.0,562.0,118.0,28.62,501.0,2622.0,0,2025-10-21T04:42:33Z,2025-10-20T21:01:13Z,2025-10-21T07:02:01Z,2025-10-16T12:44:23Z,2025-10-28T12:01:34Z,2025-11-03T04:58:53Z
FC-02804,S147,2025-10-21T10:54:35Z,33.0,265.0,51.0,4.95,258.0,1096.0,0,2025-10-20T21:20:23Z,2025-10-20T15:18:54Z,2025-10-21T10:36:25Z,2025-10-11T09:16:50Z,2025-10-29T08:18:10Z,2025-10-29T02:58:58Z
FC-02805,S114,2025-10-21T11:05:30Z,14.0,131.0,26.0,11.37,137.0,466.0,0,2025-10-21T04:40:55Z,2025-10-21T07:59:08Z,2025-10-21T10:50:36Z,2025-10-15T04:05:37Z,2025-10-29T04:00:37Z,2025-10-27T02:32:45Z
FC-02806,S129,2025-10-21T12:49:40Z,13.0,89.0,13.0,19.11,77.0,390.0,0,2025-10-20T21:26:02Z,2025-10-20T22:10:54Z,2025-10-21T12:25:04Z,2025-10-17T20:47:46Z,2025-10-28T13:41:11Z,2025-11-04T21:56:21Z
FC-02807,S121,2025-10-21T13:11:12Z,72.0,466.0,55.0,11.34,373.0,1838.0,1,2025-10-21T08:38:28Z,2025-10-20T19:05:36Z,2025-10-21T11:30:28Z,2025-10-18T10:33:13Z,2025-10-29T06:46:23Z,2025-11-08T14:37:38Z
FC-02808,S148,2025-10-21T14:15:05Z,59.0,414.0,56.0,6.6,368.0,1651.0,0,2025-10-21T09:58:21Z,2025-10-21T11:03:42Z,2025-10-21T13:02:59Z,2025-10-16T06:56:38Z,2025-10-28T20:32:01Z,2025-11-18T00:03:50Z
FC-02809,S127,2025-10-21T14:40:28Z,43.0,266.0,25.0,39.96,309.0,1257.0,1,2025-10-21T05:50:38Z,2025-10-21T03:15:01Z,2025-10-21T14:00:18Z,2025-10-08T23:39:54Z,2025-10-28T15:02:43Z,2025-10-28T13:06:19Z
FC-02810,S135,2025-10-21T14:56:35Z,13.0,90.0,17.0,10.3,97.0,357.0,0,2025-10-21T08:05:30Z,2025-10-20T23:52:48Z,2025-10-21T14:24:36Z,2025-10-20T09:51:13Z,2025-10-29T03:43:46Z,2025-11-07T06:55:49Z
FC-02811,S148,2025-10-21T15:24:02Z,71.0,563.0,80.0,5.95,549.0,2449.0,0,2025-10-21T03:57:22Z,2025-10-21T02:24:09Z,2025-10-21T14:45:12Z,2025-10-19T10:30:17Z,2025-10-29T11:58:12Z,2025-11-05T03:39:30Z
FC-02812,S149,2025-10-21T19:33:50Z,39.0,287.0,65.0,26.51,282.0,1296.0,0,2025-10-21T09:09:08Z,2025-10-21T05:14:35Z,2025-10-21T18:22:34Z,2025-10-09T21:41:14Z,2025-10-29T09:43:13Z,2025-11-10T14:25:18Z
FC-02813,S105,2025-10-21T19:54:57Z,44.0,334.0,75.0,17.53,315.0,1621.0,0,2025-10-21T00:25:18Z,2025-10-21T13:11:46Z,2025-10-21T18:12:34Z,2025-10-10T02:10:43Z,2025-10-29T10:35:44Z,2025-11-04T06:23:01Z
FC-02814,S109,2025-10-21T21:29:26Z,28.0,228.0,42.0,24.26,231.0,880.0,0,2025-10-21T19:27:50Z,2025-10-21T01:36:45Z,2025-10-21T20:35:50Z,2025-10-12T09:46:53Z,2025-10-29T04:29:16Z,2025-11-01T20:35:24Z
FC-02815,S108,2025-10-21T21:33:05Z,17.0,112.0,19.0,4.27,114.0,487.0,0,2025-10-21T18:12:39Z,2025-10-21T08:55:42Z,2025-10-21T20:12:24Z,2025-10-08T08:47:24Z,2025-10-29T14:29:00Z,2025-11-08T21:21:20Z
FC-02816,S149,2025-10-21T21:52:30Z,20.0,140.0,21.0,18.31,165.0,588.0,0,2025-10-21T02:12:32Z,2025-10-21T14:16:55Z,2025-10-21T21:29:19Z,2025-10-08T08:59:04Z,2025-10-29T04:29:08Z,2025-11-14T19:37:28Z
FC-02817,S135,2025-10-21T22:21:03Z,74.0,386.0,41.0,23.56,469.0,1961.0,1,2025-10-21T05:19:24Z,2025-10-21T19:41:16Z,2025-10-21T20:38:16Z,2025-10-18T08:16:44Z,2025-10-29T13:35:01Z,2025-11-16T20:23:56Z
FC-02818,S132,2025-10-22T00:40:27Z,30.0,235.0,53.0,11.13,258.0,1193.0,0,2025-10-21T12:35:04Z,2025-10-21T11:01:46Z,2025-10-22T00:12:17Z,2025-10-13T06:13:49Z,2025-10-29T11:54:50Z,2025-10-29T15:00:02Z
FC-02819,S104,2025-10-22T02:14:55Z,71.0,469.0,56.0,21.11,499.0,1807.0,1,2025-10-21T08:13:19Z,2025-10-21T10:41:13Z,2025-10-22T00:15:49Z,2025-10-08T18:54:38Z,2025-10-29T06:57:17Z,2025-11-19T10:40:04Z
FC-02820,S101,2025-10-22T03:09:20Z,46.0,327.0,38.0,15.74,294.0,1301.0,1,2025-10-21T10:17:52Z,2025-10-21T23:24:18Z,2025-10-22T01:17:37Z,2025-10-15T22:09:37Z,2025-10-29T23:28:44Z,2025-11-06T11:27:44Z
FC-02821,S122,2025-10-22T03:28:29Z,71.0,362.0,100.0,29.73,457.0,1699.0,0,2025-10-21T11:00:07Z,2025-10-21T21:02:25Z,2025-10-22T02:24:24Z,2025-10-15T22:18:46Z,2025-10-29T08:09:05Z,2025-11-18T09:57:30Z
FC-02822,S142,2025-10-22T03:40:38Z,23.0,191.0,16.0,15.58,151.0,784.0,1,2025-10-21T08:19:40Z,2025-10-21T13:04:24Z,2025-10-22T02:27:25Z,2025-10-15T03:23:57Z,2025-10-29T08:20:45Z,2025-11-19T22:35:12Z
FC-02823,S121,2025-10-22T04:55:48Z,33.0,214.0,38.0,11.92,198.0,942.0,0,2025-10-21T11:08:04Z,2025-10-22T00:40:18Z,2025-10-22T03:10:18Z,2025-10-18T07:11:42Z,2025-10-29T18:25:51Z,2025-10-29T12:57:55Z
FC-02824,S117,2025-10-22T04:56:37Z,25.0,170.0,32.0,20.07,171.0,808.0,0,2025-10-22T01:50:56Z,2025-10-21T13:13:13Z,2025-10-22T03:42:20Z,2025-10-09T20:45:47Z,2025-10-29T12:19:24Z,2025-11-11T17:23:31Z
FC-02825,S109,2025-10-22T04:58:39Z,78.0,522.0,137.0,15.04,619.0,2318.0,0,2025-10-21T17:36:55Z,2025-10-21T12:28:44Z,2025-10-22T03:32:07Z,2025-10-19T06:12:23Z,2025-10-29T18:54:12Z,2025-11-18T05:48:12Z
FC-02826,S134,2025-10-22T06:30:08Z,60.0,397.0,67.0,2.73,409.0,1708.0,0,2025-10-21T10:43:32Z,2025-10-21T14:26:37Z,2025-10-22T04:44:29Z,2025-10-16T09:21:12Z,2025-10-29T20:16:47Z,2025-11-07T09:36:12Z
FC-02827,S111,2025-10-22T06:59:29Z,40.0,222.0,30.0,16.9,206.0,1024.0,1,2025-10-21T16:38:01Z,2025-10-21T11:34:18Z,2025-10-22T06:19:50Z,2025-10-18T23:30:52Z,2025-10-29T11:16:29Z,2025-11-20T02:42:33Z
FC-02828,S107,2025-10-22T07:24:52Z,42.0,269.0,50.0,28.4,300.0,1173.0,0,2025-10-21T20:28:14Z,2025-10-22T01:04:42Z,2025-10-22T05:52:55Z,2025-10-09T12:38:22Z,2025-10-29T16:22:30Z,2025-11-14T18:47:25Z
FC-02829,S103,2025-10-22T07:46:40Z,28.0,205.0,37.0,22.84,177.0,963.0,0,2025-10-22T01:11:13Z,2025-10-21T20:44:08Z,2025-10-22T07:40:21Z,2025-10-14T03:57:25Z,2025-10-29T11:22:02Z,2025-11-02T13:54:27Z
FC-02830,S101,2025-10-22T08:23:15Z,28.0,187.0,18.0,21.98,206.0,793.0,1,2025-10-21T15:27:37Z,2025-10-22T02:43:32Z,2025-10-22T06:55:06Z,2025-10-09T12:02:59Z,2025-10-29T19:06:23Z,2025-11-13T23:41:10Z
FC-02831,S146,2025-10-22T08:42:59Z,31.0,274.0,39.0,5.04,229.0,1068.0,0,2025-10-21T22:44:57Z,2025-10-21T23:46:07Z,2025-10-22T07:40:42Z,2025-10-21T01:45:49Z,2025-10-29T17:03:10Z,2025-11-05T14:13:30Z
FC-02832,S158,2025-10-22T09:27:23Z,5.0,35.0,9.0,5.97,43.0,160.0,0,2025-10-22T04:12:40Z,2025-10-22T06:13:23Z,2025-10-22T08:20:39Z,2025-10-15T07:25:50Z,2025-10-29T13:50:42Z,2025-11-06T19:35:46Z
FC-02833,S156,2025-10-22T10:31:41Z,43.0,236.0,43.0,16.92,306.0,1149.0,0,2025-10-22T05:36:01Z,2025-10-22T07:28:14Z,2025-10-22T09:07:05Z,2025-10-18T10:00:20Z,2025-10-30T08:57:43Z,2025-10-27T16:20:49Z
FC-02834,S133,2025-10-22T10:48:44Z,13.0,86.0,10.0,9.61,96.0,352.0,1,2025-10-21T17:29:32Z,2025-10-22T03:44:12Z,2025-10-22T08:52:57Z,2025-10-17T06:37:30Z,2025-10-29T22:00:56Z,2025-10-27T19:43:16Z
FC-02835,S135,2025-10-22T10:50:26Z,50.0,354.0,49.0,38.79,350.0,1247.0,0,2025-10-21T18:33:09Z,2025-10-22T00:52:54Z,2025-10-22T09:50:22Z,2025-10-14T06:54:44Z,2025-10-29T13:23:31Z,2025-11-14T23:27:07Z
FC-02836,S122,2025-10-22T12:13:33Z,16.0,133.0,33.0,20.07,114.0,534.0,0,2025-10-22T00:02:01Z,2025-10-21T16:43:09Z,2025-10-22T11:28:09Z,2025-10-20T00:03:10Z,2025-10-29T16:49:17Z,2025-11-19T19:33:03Z
FC-02837,S157,2025-10-22T12:56:00Z,37.0,337.0,46.0,26.08,271.0,1386.0,0,2025-10-21T21:36:26Z,2025-10-21T20:32:51Z,2025-10-22T11:57:29Z,2025-10-12T07:29:36Z,2025-10-30T01:18:00Z,2025-10-28T15:19:00Z
FC-02838,S124,2025-10-22T13:12:23Z,38.0,196.0,21.0,21.71,220.0,895.0,1,2025-10-21T21:04:20Z,2025-10-21T19:10:14Z,2025-10-22T12:42:44Z,2025-10-11T20:11:15Z,2025-10-29T19:25:02Z,2025-11-10T23:07:41Z
FC-02839,S135,2025-10-22T13:17:22Z,39.0,231.0,49.0,26.52,224.0,976.0,0,2025-10-22T10:34:55Z,2025-10-21T21:08:56Z,2025-10-22T11:32:51Z,2025-10-15T13:39:26Z,2025-10-29T20:50:43Z,2025-11-03T08:00:54Z
FC-02840,S126,2025-10-22T13:22:09Z,20.0,132.0,11.0,12.13,133.0,550.0,1,2025-10-21T19:03:59Z,2025-10-21T20:36:30Z,2025-10-22T12:35:03Z,2025-10-14T07:04:11Z,2025-10-29T18:38:59Z,2025-11-19T16:56:41Z
FC-02841,S100,2025-10-22T14:12:38Z,57.0,373.0,59.0,31.11,445.0,1751.0,1,2025-10-22T01:35:14Z,2025-10-22T04:07:45Z,2025-10-22T12:49:32Z,2025-10-18T21:03:51Z,2025-10-30T10:11:02Z,2025-10-29T09:01:57Z
FC-02842,S130,2025-10-22T14:43:15Z,38.0,247.0,39.0,9.39,291.0,1324.0,0,2025-10-22T05:23:37Z,2025-10-21T22:39:30Z,2025-10-22T13:17:17Z,2025-10-16T20:52:37Z,2025-10-30T10:27:31Z,2025-11-08T09:30:33Z
FC-02843,S149,2025-10-22T15:18:05Z,67.0,425.0,75.0,7.74,444.0,1814.0,0,2025-10-21T22:16:41Z,2025-10-22T01:23:09Z,2025-10-22T13:28:58Z,2025-10-11T23:34:13Z,2025-10-30T06:26:48Z,2025-11-18T15:07:46Z
FC-02844,S111,2025-10-22T15:23:16Z,44.0,282.0,56.0,23.2,310.0,1334.0,0,2025-10-22T11:03:21Z,2025-10-22T13:01:04Z,2025-10-22T14:16:21Z,2025-10-18T22:28:37Z,2025-10-29T23:44:31Z,2025-11-18T23:38:49Z
FC-02845,S152,2025-10-22T16:04:35Z,102.0,617.0,159.0,32.95,660.0,2500.0,0,2025-10-22T12:31:10Z,2025-10-22T09:22:22Z,2025-10-22T14:10:56Z,2025-10-18T22:30:21Z,2025-10-30T02:29:33Z,2025-11-08T14:46:17Z
FC-02846,S112,2025-10-22T16:22:50Z,67.0,421.0,84.0,11.78,451.0,1717.0,0,2025-10-22T09:46:17Z,2025-10-22T01:11:15Z,2025-10-22T14:56:30Z,2025-10-15T12:52:19Z,2025-10-30T04:17:33Z,2025-11-14T20:31:32Z
FC-02847,S152,2025-10-22T16:32:50Z,51.0,379.0,106.0,22.56,451.0,1957.0,0,2025-10-22T07:22:27Z,2025-10-22T00:33:25Z,2025-10-22T15:09:18Z,2025-10-10T13:45:08Z,2025-10-29T18:47:36Z,2025-11-17T00:19:12Z
FC-02848,S155,2025-10-22T17:03:47Z,83.0,564.0,71.0,39.21,461.0,2157.0,0,2025-10-22T10:52:28Z,2025-10-21T22:39:24Z,2025-10-22T16:06:17Z,2025-10-19T12:55:36Z,2025-10-30T12:15:35Z,2025-10-28T17:42:54Z
FC-02849,S144,2025-10-22T17:03:51Z,39.0,251.0,27.0,15.4,284.0,1328.0,1,2025-10-22T00:31:33Z,2025-10-22T13:44:36Z,2025-10-22T15:19:04Z,2025-10-17T17:52:13Z,2025-10-30T02:45:20Z,2025-11-15T01:54:00Z
FC-02850,S153,2025-10-22T17:42:01Z,32.0,279.0,38.0,36.8,197.0,962.0,0,2025-10-22T06:08:35Z,2025-10-22T11:29:09Z,2025-10-22T15:55:19Z,2025-10-10T08:30:15Z,2025-10-30T14:51:00Z,2025-11-17T14:56:52Z
FC-02851,S148,2025-10-22T17:49:15Z,65.0,375.0,48.0,28.26,378.0,1812.0,1,2025-10-22T01:59:38Z,2025-10-21T23:59:14Z,2025-10-22T16:38:01Z,2025-10-15T07:06:13Z,2025-10-30T12:17:39Z,2025-11-01T07:13:38Z
FC-02852,S120,2025-10-22T17:50:15Z,20.0,117.0,21.0,33.56,135.0,474.0,0,2025-10-22T13:56:36Z,2025-10-22T02:41:04Z,2025-10-22T15:52:41Z,2025-10-13T08:53:33Z,2025-10-30T04:33:48Z,2025-11-08T18:49:27Z
FC-02853,S116,2025-10-22T18:57:30Z,42.0,301.0,70.0,37.18,277.0,1214.0,0,2025-10-22T01:05:14Z,2025-10-22T08:17:30Z,2025-10-22T18:07:12Z,2025-10-12T06:21:30Z,2025-10-29T19:15:16Z,2025-11-11T15:35:24Z
FC-02854,S112,2025-10-22T20:36:30Z,90.0,586.0,93.0,35.65,529.0,2116.0,0,2025-10-22T16:20:26Z,2025-10-22T06:44:04Z,2025-10-22T20:04:17Z,2025-10-14T13:23:21Z,2025-10-30T15:35:57Z,2025-11-12T13:22:11Z
FC-02855,S102,2025-10-22T21:08:31Z,18.0,151.0,18.0,38.53,160.0,662.0,1,2025-10-22T04:28:43Z,2025-10-22T11:51:33Z,2025-10-22T20:34:36Z,2025-10-10T22:50:28Z,2025-10-30T02:33:14Z,2025-11-11T20:33:58Z
FC-02856,S131,2025-10-22T21:15:26Z,46.0,287.0,64.0,25.69,309.0,1096.0,0,2025-10-22T18:02:44Z,2025-10-22T02:04:52Z,2025-10-22T20:39:20Z,2025-10-11T05:56:16Z,2025-10-30T20:08:35Z,2025-11-08T05:21:15Z
FC-02857,S143,2025-10-22T21:20:59Z,51.0,268.0,35.0,5.78,258.0,1238.0,1,2025-10-22T17:18:41Z,2025-10-22T09:48:47Z,2025-10-22T20:17:24Z,2025-10-20T12:05:39Z,2025-10-30T19:22:48Z,2025-11-02T15:30:39Z
FC-02858,S158,2025-10-22T21:36:59Z,28.0,203.0,21.0,17.74,189.0,800.0,1,2025-10-22T10:53:46Z,2025-10-22T04:03:47Z,2025-10-22T21:14:09Z,2025-10-11T18:39:57Z,2025-10-30T08:17:34Z,2025-11-01T16:17:16Z
FC-02859,S138,2025-10-22T22:07:04Z,62.0,382.0,66.0,39.76,435.0,1643.0,0,2025-10-22T05:29:34Z,2025-10-22T10:17:49Z,2025-10-22T21:29:14Z,2025-10-09T01:40:57Z,2025-10-30T15:06:21Z,2025-11-18T09:47:03Z
FC-02860,S112,2025-10-22T22:22:02Z,5.0,42.0,11.0,15.97,52.0,193.0,0,2025-10-22T06:07:15Z,2025-10-22T18:43:38Z,2025-10-22T20:56:50Z,2025-10-20T17:53:35Z,2025-10-30T07:59:00Z,2025-11-06T23:17:02Z
FC-02861,S110,2025-10-22T23:02:37Z,57.0,369.0,72.0,34.68,297.0,1392.0,0,2025-10-22T04:10:01Z,2025-10-22T19:53:06Z,2025-10-22T22:42:32Z,2025-10-11T11:47:31Z,2025-10-30T01:24:54Z,2025-11-12T05:58:53Z
FC-02862,S148,2025-10-22T23:18:07Z,18.0,127.0,11.0,13.05,118.0,490.0,1,2025-10-22T10:24:56Z,2025-10-22T14:04:32Z,2025-10-22T21:57:14Z,2025-10-09T10:08:11Z,2025-10-30T04:49:20Z,2025-11-03T20:24:40Z
FC-02863,S114,2025-10-23T00:10:04Z,22.0,121.0,31.0,9.33,127.0,571.0,0,2025-10-22T05:40:58Z,2025-10-22T13:29:28Z,2025-10-22T23:37:00Z,2025-10-19T04:37:39Z,2025-10-30T11:02:17Z,2025-11-11T01:19:22Z
FC-02864,S152,2025-10-23T01:33:55Z,76.0,475.0,60.0,10.05,513.0,2049.0,0,2025-10-22T20:41:50Z,2025-10-22T09:36:18Z,2025-10-22T23:39:29Z,2025-10-16T04:30:43Z,2025-10-30T16:18:38Z,2025-11-19T07:42:15Z
FC-02865,S123,2025-10-23T01:57:40Z,46.0,298.0,45.0,27.05,295.0,1398.0,0,2025-10-22T16:55:40Z,2025-10-22T11:21:33Z,2025-10-23T00:09:05Z,2025-10-20T18:11:51Z,2025-10-30T02:11:00Z,2025-11-02T07:05:53Z
FC-02866,S132,2025-10-23T02:55:01Z,37.0,263.0,26.0,36.59,332.0,1191.0,1,2025-10-22T18:40:39Z,2025-10-22T14:17:13Z,2025-10-23T00:59:43Z,2025-10-20T18:00:32Z,2025-10-30T16:19:06Z,2025-11-01T09:08:33Z
FC-02867,S151,2025-10-23T02:57:37Z,49.0,292.0,70.0,5.61,287.0,1205.0,0,2025-10-22T22:21:35Z,2025-10-22T23:31:02Z,2025-10-23T02:21:56Z,2025-10-11T12:41:40Z,2025-10-30T03:37:53Z,2025-11-09T17:52:58Z
FC-02868,S159,2025-10-23T03:05:38Z,23.0,187.0,17.0,37.56,185.0,894.0,1,2025-10-22T23:58:09Z,2025-10-22T17:03:29Z,2025-10-23T01:11:04Z,2025-10-13T00:52:56Z,2025-10-31T00:49:10Z,2025-11-18T03:44:07Z
FC-02869,S111,2025-10-23T03:07:46Z,36.0,262.0,40.0,11.49,290.0,1140.0,0,2025-10-22T13:50:07Z,2025-10-22T17:19:21Z,2025-10-23T01:49:34Z,2025-10-12T05:11:54Z,2025-10-30T21:28:19Z,2025-11-19T17:55:27Z
FC-02870,S105,2025-10-23T03:36:46Z,32.0,224.0,53.0,28.51,198.0,1164.0,0,2025-10-22T23:21:59Z,2025-10-22T20:51:48Z,2025-10-23T03:03:08Z,2025-10-14T23:13:13Z,2025-10-30T15:07:35Z,2025-11-14T08:06:13Z
FC-02871,S126,2025-10-23T07:08:57Z,56.0,328.0,56.0,4.51,318.0,1361.0,0,2025-10-22T17:26:08Z,2025-10-22T21:15:20Z,2025-10-23T06:57:29Z,2025-10-11T02:12:45Z,2025-10-30T18:50:10Z,2025-11-08T22:10:37Z
FC-02872,S134,2025-10-23T07:11:00Z,26.0,163.0,35.0,14.77,172.0,823.0,0,2025-10-23T00:31:33Z,2025-10-23T03:20:30Z,2025-10-23T06:03:57Z,2025-10-19T09:54:41Z,2025-10-31T06:51:31Z,2025-11-09T19:31:37Z
FC-02873,S114,2025-10-23T08:10:57Z,61.0,414.0,96.0,16.51,470.0,2213.0,0,2025-10-23T02:45:14Z,2025-10-23T03:06:04Z,2025-10-23T07:37:24Z,2025-10-20T07:38:57Z,2025-10-30T10:24:05Z,2025-11-05T13:56:52Z
FC-02874,S141,2025-10-23T08:52:06Z,37.0,244.0,26.0,17.11,242.0,957.0,1,2025-10-22T23:55:45Z,2025-10-23T04:07:14Z,2025-10-23T07:06:44Z,2025-10-16T06:21:36Z,2025-10-30T16:45:02Z,2025-11-07T07:16:04Z
FC-02875,S149,2025-10-23T09:12:33Z,32.0,280.0,28.0,21.8,242.0,1153.0,1,2025-10-23T00:03:10Z,2025-10-22T22:45:10Z,2025-10-23T07:36:12Z,2025-10-19T05:27:33Z,2025-10-31T01:59:19Z,2025-11-13T05:30:01Z
FC-02876,S146,2025-10-23T09:55:42Z,72.0,553.0,53.0,20.52,514.0,2246.0,1,2025-10-23T04:54:18Z,2025-10-22T18:35:19Z,2025-10-23T08:41:11Z,2025-10-16T17:34:37Z,2025-10-30T23:28:02Z,2025-11-07T23:59:33Z
FC-02877,S135,2025-10-23T11:38:52Z,61.0,450.0,67.0,36.65,369.0,1796.0,0,2025-10-23T05:09:08Z,2025-10-22T19:58:26Z,2025-10-23T10:26:45Z,2025-10-17T03:08:33Z,2025-10-30T17:55:08Z,2025-10-29T23:29:25Z
FC-02878,S131,2025-10-23T12:23:40Z,50.0,373.0,58.0,26.13,419.0,1902.0,0,2025-10-23T01:47:09Z,2025-10-22T20:47:29Z,2025-10-23T11:24:46Z,2025-10-09T22:53:58Z,2025-10-31T08:31:12Z,2025-11-21T16:01:53Z
FC-02879,S132,2025-10-23T13:06:15Z,25.0,202.0,30.0,15.05,202.0,716.0,0,2025-10-23T02:33:07Z,2025-10-22T23:14:01Z,2025-10-23T11:38:22Z,2025-10-20T11:44:37Z,2025-10-30T22:48:49Z,2025-11-18T10:56:28Z
FC-02880,S119,2025-10-23T13:34:20Z,38.0,270.0,36.0,2.14,258.0,989.0,0,2025-10-22T20:26:56Z,2025-10-23T08:44:12Z,2025-10-23T11:48:58Z,2025-10-21T07:12:07Z,2025-10-31T11:02:35Z,2025-11-06T08:18:45Z
FC-02881,S139,2025-10-23T15:07:24Z,47.0,371.0,69.0,36.44,385.0,1446.0,0,2025-10-22T19:59:11Z,2025-10-23T12:35:59Z,2025-10-23T13:43:27Z,2025-10-12T00:24:14Z,2025-10-31T13:53:55Z,2025-11-15T19:56:59Z
FC-02882,S128,2025-10-23T15:26:51Z,63.0,323.0,82.0,22.63,356.0,1689.0,0,2025-10-23T07:11:47Z,2025-10-22T22:34:07Z,2025-10-23T14:55:18Z,2025-10-11T12:46:27Z,2025-10-31T10:44:22Z,2025-11-12T16:43:40Z
FC-02883,S142,2025-10-23T15:36:05Z,89.0,526.0,124.0,39.37,703.0,2781.0,0,2025-10-22T20:09:01Z,2025-10-23T02:38:59Z,2025-10-23T14:55:47Z,2025-10-19T17:34:38Z,2025-10-30T22:25:05Z,2025-10-31T13:36:48Z
FC-02884,S128,2025-10-23T16:50:41Z,54.0,336.0,83.0,18.3,350.0,1511.0,0,2025-10-23T05:18:05Z,2025-10-23T13:27:02Z,2025-10-23T15:58:06Z,2025-10-10T12:32:38Z,2025-10-30T20:34:56Z,2025-11-20T05:44:36Z
FC-02885,S120,2025-10-23T17:12:22Z,72.0,550.0,59.0,14.37,485.0,2422.0,1,2025-10-23T05:08:49Z,2025-10-23T07:28:42Z,2025-10-23T16:25:42Z,2025-10-09T18:49:27Z,2025-10-31T04:20:20Z,2025-11-09T06:35:37Z
FC-02886,S116,2025-10-23T17:58:20Z,60.0,484.0,75.0,18.78,518.0,1796.0,0,2025-10-23T05:21:22Z,2025-10-23T01:10:15Z,2025-10-23T16:47:57Z,2025-10-14T04:54:19Z,2025-10-30T20:00:52Z,2025-11-08T14:50:50Z
FC-02887,S131,2025-10-23T20:27:47Z,15.0,121.0,21.0,6.02,157.0,521.0,0,2025-10-23T05:59:37Z,2025-10-23T06:19:47Z,2025-10-23T18:50:54Z,2025-10-21T17:16:10Z,2025-10-31T13:55:58Z,2025-11-13T01:34:35Z
FC-02888,S155,2025-10-23T21:12:07Z,34.0,226.0,50.0,38.39,200.0,965.0,0,2025-10-23T12:54:43Z,2025-10-23T11:46:29Z,2025-10-23T20:11:11Z,2025-10-21T23:13:01Z,2025-10-31T01:26:31Z,2025-11-02T18:29:27Z
FC-02889,S113,2025-10-23T22:06:59Z,13.0,105.0,13.0,14.16,93.0,428.0,1,2025-10-23T11:20:18Z,2025-10-23T17:59:10Z,2025-10-23T20:14:37Z,2025-10-10T22:45:19Z,2025-10-31T19:43:49Z,2025-11-09T16:48:59Z
FC-02890,S143,2025-10-23T22:36:54Z,25.0,130.0,30.0,32.7,159.0,666.0,0,2025-10-23T08:15:05Z,2025-10-23T08:28:20Z,2025-10-23T20:57:22Z,2025-10-22T13:42:32Z,2025-10-31T16:40:21Z,2025-11-15T01:18:21Z
FC-02891,S122,2025-10-24T00:03:36Z,27.0,213.0,53.0,35.25,210.0,846.0,0,2025-10-23T08:59:34Z,2025-10-23T14:49:54Z,2025-10-23T22:31:57Z,2025-10-11T21:24:40Z,2025-10-31T22:01:08Z,2025-10-31T21:42:11Z
FC-02892,S117,2025-10-24T00:28:36Z,41.0,306.0,70.0,39.1,314.0,1411.0,0,2025-10-23T21:37:06Z,2025-10-23T04:55:29Z,2025-10-23T22:49:01Z,2025-10-15T20:06:03Z,2025-10-31T10:58:36Z,2025-10-29T22:04:56Z
FC-02893,S122,2025-10-24T00:31:09Z,63.0,498.0,81.0,13.23,440.0,1981.0,0,2025-10-23T16:36:48Z,2025-10-23T04:56:25Z,2025-10-24T00:03:50Z,2025-10-21T20:12:21Z,2025-10-31T02:55:42Z,2025-11-04T18:12:40Z
FC-02894,S132,2025-10-24T01:22:34Z,22.0,116.0,32.0,17.69,159.0,536.0,0,2025-10-23T08:31:43Z,2025-10-23T14:08:36Z,2025-10-24T00:56:44Z,2025-10-15T03:31:55Z,2025-10-31T10:49:14Z,2025-11-19T16:48:30Z
FC-02895,S137,2025-10-24T01:43:22Z,40.0,314.0,54.0,16.09,259.0,1257.0,0,2025-10-23T21:27:31Z,2025-10-23T18:12:42Z,2025-10-24T00:56:20Z,2025-10-16T12:24:08Z,2025-10-31T08:04:28Z,2025-11-22T14:47:53Z
FC-02896,S149,2025-10-24T02:11:04Z,52.0,293.0,59.0,11.08,278.0,1255.0,0,2025-10-23T21:30:41Z,2025-10-23T06:25:30Z,2025-10-24T01:42:23Z,2025-10-20T22:14:51Z,2025-10-31T17:12:51Z,2025-11-11T06:37:47Z
FC-02897,S120,2025-10-24T02:22:49Z,55.0,302.0,65.0,39.34,400.0,1548.0,0,2025-10-23T13:49:49Z,2025-10-23T13:42:45Z,2025-10-24T01:42:17Z,2025-10-14T15:48:45Z,2025-10-31T14:19:46Z,2025-11-21T20:09:16Z
FC-02898,S156,2025-10-24T02:23:31Z,18.0,109.0,23.0,12.77,122.0,536.0,0,2025-10-23T17:37:45Z,2025-10-23T20:53:59Z,2025-10-24T01:00:41Z,2025-10-14T16:27:45Z,2025-11-01T01:45:14Z,2025-11-08T05:14:06Z
FC-02899,S141,2025-10-24T02:28:39Z,51.0,440.0,56.0,13.38,335.0,1820.0,1,2025-10-23T17:44:22Z,2025-10-23T17:12:40Z,2025-10-24T01:19:38Z,2025-10-22T07:26:14Z,2025-10-31T10:15:31Z,2025-11-01T20:58:19Z
FC-02900,S126,2025-10-24T02:28:54Z,72.0,489.0,95.0,17.36,426.0,1977.0,0,2025-10-23T18:19:48Z,2025-10-23T08:00:12Z,2025-10-24T02:07:54Z,2025-10-14T01:54:57Z,2025-10-31T10:21:27Z,2025-11-08T00:43:15Z
FC-02901,S101,2025-10-24T02:49:55Z,100.0,538.0,68.0,14.17,564.0,2740.0,1,2025-10-23T23:06:55Z,2025-10-23T09:36:57Z,2025-10-24T01:54:54Z,2025-10-19T17:31:54Z,2025-11-01T00:14:37Z,2025-11-01T19:03:27Z
FC-02902,S134,2025-10-24T03:58:16Z,56.0,363.0,80.0,26.64,451.0,1593.0,0,2025-10-23T20:52:52Z,2025-10-23T20:17:24Z,2025-10-24T02:00:15Z,2025-10-12T16:31:26Z,2025-10-31T06:35:55Z,2025-11-17T14:45:06Z
FC-02903,S150,2025-10-24T04:17:49Z,28.0,195.0,47.0,15.56,234.0,1006.0,0,2025-10-23T19:33:26Z,2025-10-23T16:35:25Z,2025-10-24T04:05:07Z,2025-10-20T16:36:40Z,2025-10-31T07:43:39Z,2025-11-03T21:45:04Z
FC-02904,S116,2025-10-24T05:05:12Z,40.0,329.0,28.0,20.87,287.0,1263.0,1,2025-10-23T22:38:49Z,2025-10-23T14:15:16Z,2025-10-24T03:59:28Z,2025-10-12T11:46:18Z,2025-10-31T22:42:08Z,2025-11-19T07:02:51Z
FC-02905,S149,2025-10-24T05:24:43Z,29.0,248.0,22.0,13.44,247.0,936.0,1,2025-10-23T18:41:33Z,2025-10-24T02:51:35Z,2025-10-24T04:14:01Z,2025-10-21T22:43:53Z,2025-10-31T06:23:58Z,2025-11-16T17:30:21Z
FC-02906,S125,2025-10-24T05:38:15Z,124.0,787.0,130.0,10.42,899.0,3585.0,0,2025-10-23T11:48:36Z,2025-10-23T21:31:50Z,2025-10-24T04:43:40Z,2025-10-14T13:33:05Z,2025-11-01T01:53:52Z,2025-11-19T13:25:54Z
FC-02907,S146,2025-10-24T07:34:58Z,33.0,291.0,64.0,28.18,244.0,1171.0,0,2025-10-23T14:26:49Z,2025-10-23T14:11:21Z,2025-10-24T06:35:22Z,2025-10-20T10:07:11Z,2025-11-01T02:31:14Z,2025-11-13T19:47:14Z
FC-02908,S150,2025-10-24T11:21:19Z,73.0,567.0,68.0,39.12,584.0,2617.0,1,2025-10-23T20:46:51Z,2025-10-24T06:28:42Z,2025-10-24T09:38:13Z,2025-10-13T17:26:38Z,2025-11-01T00:30:32Z,2025-11-02T04:15:20Z
FC-02909,S133,2025-10-24T12:45:23Z,67.0,541.0,51.0,32.93,464.0,2003.0,1,2025-10-23T19:45:57Z,2025-10-24T10:42:05Z,2025-10-24T11:13:33Z,2025-10-20T13:25:20Z,2025-11-01T06:04:58Z,2025-11-09T20:39:56Z
FC-02910,S129,2025-10-24T13:38:17Z,21.0,156.0,29.0,10.35,151.0,664.0,0,2025-10-23T17:50:09Z,2025-10-23T19:46:55Z,2025-10-24T12:53:40Z,2025-10-16T08:25:07Z,2025-10-31T15:19:38Z,2025-11-14T07:52:35Z
FC-02911,S149,2025-10-24T13:55:52Z,55.0,344.0,37.0,38.52,325.0,1779.0,1,2025-10-24T06:27:52Z,2025-10-24T04:05:53Z,2025-10-24T12:44:42Z,2025-10-15T14:03:02Z,2025-11-01T01:55:52Z,2025-11-05T22:03:13Z
FC-02912,S140,2025-10-24T14:07:14Z,83.0,589.0,99.0,3.64,655.0,2263.0,0,2025-10-24T06:14:24Z,2025-10-23T19:21:31Z,2025-10-24T13:15:11Z,2025-10-17T09:50:01Z,2025-10-31T19:30:15Z,2025-11-18T21:53:26Z
FC-02913,S133,2025-10-24T14:07:29Z,6.0,50.0,8.0,26.04,56.0,227.0,0,2025-10-24T05:26:24Z,2025-10-24T01:38:08Z,2025-10-24T12:50:22Z,2025-10-13T10:22:34Z,2025-10-31T18:26:21Z,2025-11-15T08:34:43Z
FC-02914,S139,2025-10-24T14:36:02Z,23.0,150.0,32.0,27.87,158.0,653.0,0,2025-10-24T11:55:42Z,2025-10-24T00:18:08Z,2025-10-24T12:51:42Z,2025-10-19T07:38:42Z,2025-10-31T22:47:40Z,2025-11-16T23:13:59Z
FC-02915,S141,2025-10-24T16:13:29Z,53.0,316.0,68.0,28.17,366.0,1413.0,0,2025-10-24T10:58:08Z,2025-10-24T11:31:16Z,2025-10-24T15:35:44Z,2025-10-10T19:41:40Z,2025-11-01T01:51:34Z,2025-10-31T23:33:46Z
FC-02916,S154,2025-10-24T16:35:29Z,34.0,230.0,51.0,38.82,240.0,843.0,0,2025-10-24T12:43:58Z,2025-10-24T14:23:07Z,2025-10-24T15:18:43Z,2025-10-14T07:48:55Z,2025-11-01T04:39:59Z,2025-11-14T13:11:45Z
FC-02917,S144,2025-10-24T16:49:01Z,90.0,551.0,120.0,26.64,550.0,2194.0,0,2025-10-24T14:29:47Z,2025-10-24T00:58:30Z,2025-10-24T14:52:02Z,2025-10-16T00:24:07Z,2025-11-01T09:36:30Z,2025-10-30T14:05:25Z
FC-02918,S107,2025-10-24T17:24:38Z,37.0,234.0,30.0,3.52,267.0,1042.0,1,2025-10-24T00:12:56Z,2025-10-24T07:38:33Z,2025-10-24T16:19:13Z,2025-10-17T23:32:32Z,2025-10-31T21:33:19Z,2025-11-14T10:37:38Z
FC-02919,S118,2025-10-24T17:55:03Z,22.0,201.0,17.0,16.73,155.0,798.0,1,2025-10-24T11:43:32Z,2025-10-24T15:30:58Z,2025-10-24T17:30:07Z,2025-10-18T01:27:17Z,2025-10-31T21:27:12Z,2025-11-05T09:08:00Z
FC-02920,S154,2025-10-24T18:53:25Z,80.0,515.0,102.0,33.68,668.0,2560.0,0,2025-10-24T03:20:17Z,2025-10-24T02:53:56Z,2025-10-24T17:54:50Z,2025-10-17T13:25:33Z,2025-11-01T02:26:16Z,2025-11-11T06:55:45Z
FC-02921,S151,2025-10-24T19:14:55Z,47.0,399.0,90.0,17.89,347.0,1575.0,0,2025-10-24T12:08:54Z,2025-10-24T05:33:33Z,2025-10-24T18:35:24Z,2025-10-12T09:48:47Z,2025-11-01T08:09:06Z,2025-11-19T03:34:08Z
FC-02922,S158,2025-10-24T21:11:12Z,83.0,492.0,107.0,39.17,480.0,2003.0,0,2025-10-24T09:17:56Z,2025-10-24T08:28:59Z,2025-10-24T19:13:55Z,2025-10-12T11:37:14Z,2025-11-01T12:46:40Z,2025-11-08T08:13:45Z
FC-02923,S130,2025-10-24T22:44:10Z,9.0,53.0,11.0,11.07,52.0,235.0,0,2025-10-24T18:12:49Z,2025-10-24T08:22:25Z,2025-10-24T22:30:50Z,2025-10-17T07:49:21Z,2025-10-31T23:52:27Z,2025-11-13T09:18:51Z
FC-02924,S132,2025-10-24T23:56:53Z,16.0,121.0,19.0,6.42,121.0,508.0,0,2025-10-24T08:39:38Z,2025-10-24T08:23:16Z,2025-10-24T22:31:36Z,2025-10-12T04:27:29Z,2025-11-01T05:57:24Z,2025-10-30T21:02:07Z
FC-02925,S127,2025-10-25T00:57:53Z,83.0,466.0,112.0,39.71,458.0,2484.0,0,2025-10-24T11:05:15Z,2025-10-24T11:30:55Z,2025-10-24T23:02:50Z,2025-10-15T17:43:13Z,2025-11-01T04:17:19Z,2025-11-20T05:38:28Z
FC-02926,S120,2025-10-25T02:06:45Z,55.0,335.0,81.0,32.64,462.0,1573.0,0,2025-10-24T20:12:04Z,2025-10-24T07:29:52Z,2025-10-25T00:19:18Z,2025-10-13T15:40:50Z,2025-11-02T01:04:20Z,2025-11-12T18:23:42Z
FC-02927,S107,2025-10-25T02:24:39Z,96.0,518.0,85.0,12.99,522.0,2557.0,0,2025-10-24T15:42:07Z,2025-10-24T11:39:05Z,2025-10-25T00:40:05Z,2025-10-14T21:19:28Z,2025-11-02T00:24:55Z,2025-11-21T13:34:41Z
FC-02928,S102,2025-10-25T03:02:07Z,37.0,199.0,45.0,34.07,254.0,1015.0,0,2025-10-24T13:14:09Z,2025-10-24T08:57:24Z,2025-10-25T02:19:38Z,2025-10-12T13:55:53Z,2025-11-01T03:17:26Z,2025-11-01T22:23:12Z
FC-02929,S152,2025-10-25T03:21:46Z,19.0,129.0,23.0,35.8,153.0,573.0,0,2025-10-24T10:29:21Z,2025-10-24T10:08:59Z,2025-10-25T02:30:55Z,2025-10-20T15:29:18Z,2025-11-01T10:19:52Z,2025-11-02T11:56:35Z
FC-02930,S107,2025-10-25T03:30:20Z,84.0,432.0,75.0,32.06,450.0,2118.0,0,2025-10-24T17:19:26Z,2025-10-24T10:56:29Z,2025-10-25T01:57:42Z,2025-10-16T03:34:21Z,2025-11-01T11:05:55Z,2025-11-14T09:10:46Z
FC-02931,S159,2025-10-25T05:04:27Z,50.0,297.0,59.0,13.45,292.0,1241.0,0,2025-10-25T00:16:22Z,2025-10-24T16:59:59Z,2025-10-25T04:17:15Z,2025-10-22T08:36:06Z,2025-11-01T08:32:32Z,2025-11-06T23:48:48Z
FC-02932,S115,2025-10-25T06:10:54Z,50.0,295.0,36.0,16.09,287.0,1201.0,1,2025-10-25T01:56:44Z,2025-10-25T01:01:31Z,2025-10-25T04:58:27Z,2025-10-22T17:53:54Z,2025-11-02T01:20:58Z,2025-11-22T12:01:31Z
FC-02933,S137,2025-10-25T07:28:51Z,41.0,359.0,80.0,35.38,249.0,1416.0,0,2025-10-24T22:33:15Z,2025-10-24T11:52:05Z,2025-10-25T05:35:03Z,2025-10-16T12:05:00Z,2025-11-01T12:03:42Z,2025-11-11T00:23:43Z
FC-02934,S114,2025-10-25T07:51:21Z,33.0,248.0,27.0,4.48,285.0,1167.0,1,2025-10-25T00:12:26Z,2025-10-25T03:05:59Z,2025-10-25T07:03:12Z,2025-10-19T18:36:49Z,2025-11-02T07:39:42Z,2025-10-30T23:57:56Z
FC-02935,S129,2025-10-25T09:43:31Z,63.0,361.0,34.0,25.59,349.0,1617.0,1,2025-10-24T16:18:53Z,2025-10-25T07:10:00Z,2025-10-25T09:08:33Z,2025-10-23T19:00:06Z,2025-11-02T04:08:10Z,2025-11-16T21:14:48Z
FC-02936,S149,2025-10-25T09:51:31Z,26.0,208.0,21.0,21.91,179.0,936.0,1,2025-10-25T07:23:07Z,2025-10-24T21:52:02Z,2025-10-25T08:42:40Z,2025-10-21T20:55:34Z,2025-11-02T02:54:38Z,2025-11-15T22:57:26Z
FC-02937,S124,2025-10-25T11:33:08Z,73.0,437.0,75.0,39.38,421.0,1806.0,0,2025-10-25T03:46:55Z,2025-10-25T05:29:45Z,2025-10-25T11:15:16Z,2025-10-18T05:09:31Z,2025-11-02T03:21:47Z,2025-11-18T01:06:59Z
FC-02938,S128,2025-10-25T11:41:26Z,30.0,216.0,32.0,24.57,221.0,1097.0,1,2025-10-25T01:19:58Z,2025-10-24T18:23:40Z,2025-10-25T10:24:12Z,2025-10-15T05:12:58Z,2025-11-02T01:48:56Z,2025-11-24T04:11:27Z
FC-02939,S120,2025-10-25T12:58:06Z,35.0,224.0,53.0,38.45,215.0,859.0,0,2025-10-25T00:58:51Z,2025-10-25T06:55:58Z,2025-10-25T12:42:05Z,2025-10-11T14:30:23Z,2025-11-01T22:02:25Z,2025-11-13T21:32:52Z
FC-02940,S131,2025-10-25T13:47:42Z,49.0,338.0,44.0,30.97,403.0,1409.0,1,2025-10-25T00:57:09Z,2025-10-25T04:07:30Z,2025-10-25T13:12:13Z,2025-10-15T01:22:37Z,2025-11-01T19:00:38Z,2025-11-09T14:50:12Z
FC-02941,S142,2025-10-25T15:09:03Z,53.0,304.0,86.0,16.55,340.0,1393.0,0,2025-10-25T03:01:06Z,2025-10-25T05:11:44Z,2025-10-25T14:00:40Z,2025-10-15T08:54:54Z,2025-11-01T19:20:02Z,2025-11-10T18:42:32Z
FC-02942,S147,2025-10-25T15:23:55Z,18.0,148.0,17.0,9.79,129.0,640.0,1,2025-10-25T01:02:34Z,2025-10-25T07:25:39Z,2025-10-25T13:38:14Z,2025-10-18T07:06:49Z,2025-11-02T04:30:47Z,2025-11-06T09:57:13Z
FC-02943,S115,2025-10-25T17:01:32Z,25.0,193.0,26.0,16.64,169.0,845.0,1,2025-10-25T03:56:16Z,2025-10-25T13:51:03Z,2025-10-25T16:52:24Z,2025-10-23T15:00:03Z,2025-11-02T12:35:33Z,2025-11-20T13:55:45Z
FC-02944,S139,2025-10-25T17:19:28Z,30.0,271.0,42.0,28.36,206.0,1111.0,0,2025-10-24T22:15:54Z,2025-10-25T07:37:10Z,2025-10-25T15:56:49Z,2025-10-18T16:06:05Z,2025-11-01T17:30:57Z,2025-11-03T00:47:50Z
FC-02945,S121,2025-10-25T18:31:27Z,45.0,260.0,35.0,22.68,346.0,1204.0,1,2025-10-25T03:36:35Z,2025-10-25T02:15:07Z,2025-10-25T17:46:36Z,2025-10-18T19:41:49Z,2025-11-02T09:59:42Z,2025-11-13T10:52:18Z
FC-02946,S158,2025-10-25T18:53:48Z,66.0,501.0,56.0,2.85,421.0,1859.0,1,2025-10-25T02:57:53Z,2025-10-25T03:36:01Z,2025-10-25T17:47:33Z,2025-10-21T03:20:01Z,2025-11-02T02:32:04Z,2025-11-10T12:05:43Z
FC-02947,S144,2025-10-25T19:06:42Z,51.0,380.0,60.0,23.02,343.0,1468.0,0,2025-10-25T08:32:40Z,2025-10-25T05:52:45Z,2025-10-25T17:09:53Z,2025-10-14T00:12:53Z,2025-11-02T02:59:20Z,2025-11-07T17:03:54Z
FC-02948,S134,2025-10-25T19:11:11Z,36.0,247.0,34.0,6.52,238.0,854.0,0,2025-10-25T12:03:06Z,2025-10-25T14:57:23Z,2025-10-25T19:04:46Z,2025-10-13T23:04:57Z,2025-11-01T23:03:10Z,2025-11-20T00:51:28Z
FC-02949,S116,2025-10-25T19:19:57Z,66.0,467.0,106.0,21.06,486.0,1940.0,0,2025-10-25T07:21:15Z,2025-10-25T09:18:35Z,2025-10-25T17:31:53Z,2025-10-18T06:15:15Z,2025-11-02T16:41:56Z,2025-11-14T18:33:20Z
FC-02950,S134,2025-10-25T20:30:31Z,49.0,365.0,78.0,22.26,373.0,1601.0,0,2025-10-25T01:20:29Z,2025-10-25T04:45:14Z,2025-10-25T19:07:31Z,2025-10-21T16:21:45Z,2025-11-02T04:53:19Z,2025-10-31T05:55:37Z
FC-02951,S121,2025-10-25T20:55:41Z,129.0,1054.0,156.0,19.94,988.0,3989.0,0,2025-10-25T18:37:02Z,2025-10-25T10:43:03Z,2025-10-25T19:18:07Z,2025-10-18T16:27:01Z,2025-11-02T11:08:17Z,2025-11-08T19:38:09Z
FC-02952,S122,2025-10-25T21:02:04Z,17.0,136.0,26.0,20.3,144.0,525.0,0,2025-10-25T15:55:16Z,2025-10-25T10:15:24Z,2025-10-25T19:11:08Z,2025-10-15T00:57:53Z,2025-11-02T11:55:26Z,2025-11-14T11:18:37Z
FC-02953,S114,2025-10-25T21:02:22Z,37.0,304.0,29.0,21.17,218.0,1235.0,1,2025-10-25T03:56:35Z,2025-10-25T18:27:05Z,2025-10-25T20:31:13Z,2025-10-21T09:59:29Z,2025-11-02T17:31:22Z,2025-11-23T13:38:14Z
FC-02954,S147,2025-10-25T21:40:47Z,33.0,225.0,27.0,39.74,228.0,1120.0,1,2025-10-25T19:24:40Z,2025-10-25T07:51:44Z,2025-10-25T20:07:03Z,2025-10-14T12:54:25Z,2025-11-02T15:01:45Z,2025-10-31T08:24:39Z
FC-02955,S139,2025-10-25T22:47:02Z,31.0,198.0,20.0,16.53,226.0,849.0,1,2025-10-25T13:07:22Z,2025-10-25T15:39:19Z,2025-10-25T22:03:53Z,2025-10-21T00:09:47Z,2025-11-02T17:10:28Z,2025-11-20T22:39:00Z
FC-02956,S139,2025-10-26T00:44:01Z,54.0,368.0,28.0,7.04,342.0,1338.0,1,2025-10-25T20:11:15Z,2025-10-25T17:08:26Z,2025-10-25T23:41:58Z,2025-10-19T02:35:19Z,2025-11-02T05:28:04Z,2025-11-22T08:33:13Z
FC-02957,S100,2025-10-26T01:18:27Z,65.0,452.0,47.0,3.58,587.0,2047.0,1,2025-10-25T20:58:13Z,2025-10-25T14:52:12Z,2025-10-25T23:30:55Z,2025-10-18T08:00:02Z,2025-11-02T05:44:42Z,2025-11-14T19:01:43Z
FC-02958,S142,2025-10-26T02:33:05Z,62.0,346.0,36.0,4.37,356.0,1579.0,1,2025-10-25T17:20:44Z,2025-10-25T11:27:31Z,2025-10-26T01:57:14Z,2025-10-23T06:56:19Z,2025-11-02T11:51:45Z,2025-11-08T13:34:09Z
FC-02959,S147,2025-10-26T03:38:27Z,53.0,333.0,29.0,32.99,336.0,1317.0,1,2025-10-25T17:05:03Z,2025-10-25T08:44:30Z,2025-10-26T01:40:25Z,2025-10-16T19:58:04Z,2025-11-02T13:16:06Z,2025-11-16T23:36:54Z
FC-02960,S130,2025-10-26T04:09:18Z,33.0,197.0,33.0,27.66,191.0,885.0,0,2025-10-25T11:40:42Z,2025-10-25T12:40:14Z,2025-10-26T03:37:34Z,2025-10-23T05:40:30Z,2025-11-02T14:43:48Z,2025-11-20T02:38:16Z
FC-02961,S116,2025-10-26T04:20:08Z,70.0,398.0,100.0,31.32,434.0,1937.0,0,2025-10-25T20:36:39Z,2025-10-25T12:29:34Z,2025-10-26T02:36:17Z,2025-10-17T23:14:23Z,2025-11-02T06:25:44Z,2025-11-19T11:53:20Z
FC-02962,S115,2025-10-26T05:03:27Z,24.0,168.0,17.0,23.3,168.0,703.0,1,2025-10-25T17:22:29Z,2025-10-25T18:26:08Z,2025-10-26T04:24:57Z,2025-10-24T22:18:05Z,2025-11-03T02:02:18Z,2025-11-18T00:51:47Z
FC-02963,S144,2025-10-26T05:27:34Z,83.0,550.0,103.0,25.76,633.0,2872.0,0,2025-10-26T02:16:12Z,2025-10-26T00:25:35Z,2025-10-26T03:58:15Z,2025-10-14T10:42:47Z,2025-11-02T18:16:55Z,2025-11-13T03:42:35Z
FC-02964,S103,2025-10-26T05:59:15Z,81.0,575.0,107.0,9.97,483.0,2043.0,0,2025-10-25T13:17:04Z,2025-10-26T02:02:28Z,2025-10-26T04:06:05Z,2025-10-15T22:03:10Z,2025-11-03T04:55:55Z,2025-11-13T07:44:50Z
FC-02965,S128,2025-10-26T06:06:39Z,52.0,398.0,34.0,10.35,352.0,1579.0,1,2025-10-26T02:01:01Z,2025-10-25T17:09:01Z,2025-10-26T05:36:43Z,2025-10-22T05:34:20Z,2025-11-02T18:51:27Z,2025-11-04T03:04:03Z
FC-02966,S152,2025-10-26T07:26:53Z,45.0,328.0,65.0,4.21,330.0,1643.0,0,2025-10-25T20:34:07Z,2025-10-26T02:20:13Z,2025-10-26T06:48:33Z,2025-10-22T22:09:55Z,2025-11-03T05:28:59Z,2025-11-18T18:00:38Z
FC-02967,S157,2025-10-26T07:28:56Z,41.0,234.0,27.0,35.88,291.0,1214.0,1,2025-10-25T14:42:51Z,2025-10-25T15:15:57Z,2025-10-26T07:02:52Z,2025-10-21T14:12:05Z,2025-11-02T23:21:58Z,2025-11-18T21:52:06Z
FC-02968,S144,2025-10-26T07:45:47Z,26.0,214.0,51.0,27.73,236.0,945.0,0,2025-10-25T21:04:43Z,2025-10-25T22:18:38Z,2025-10-26T06:48:21Z,2025-10-16T08:04:10Z,2025-11-02T17:37:53Z,2025-11-10T17:27:41Z
FC-02969,S112,2025-10-26T10:06:38Z,73.0,537.0,115.0,39.47,430.0,1918.0,0,2025-10-25T14:58:48Z,2025-10-25T20:17:43Z,2025-10-26T09:55:48Z,2025-10-16T09:33:01Z,2025-11-02T14:07:09Z,2025-11-05T07:21:22Z
FC-02970,S118,2025-10-26T11:18:07Z,33.0,257.0,29.0,15.55,247.0,1096.0,1,2025-10-26T03:03:50Z,2025-10-25T16:16:46Z,2025-10-26T10:26:40Z,2025-10-16T09:52:57Z,2025-11-03T09:47:42Z,2025-11-14T05:18:22Z
FC-02971,S155,2025-10-26T12:33:33Z,80.0,596.0,89.0,26.18,609.0,2602.0,0,2025-10-26T05:46:23Z,2025-10-25T21:05:58Z,2025-10-26T11:30:31Z,2025-10-12T20:26:43Z,2025-11-03T10:11:24Z,2025-11-22T14:43:05Z
FC-02972,S107,2025-10-26T12:39:28Z,27.0,176.0,18.0,11.63,196.0,770.0,1,2025-10-26T05:20:43Z,2025-10-25T19:54:24Z,2025-10-26T11:42:10Z,2025-10-17T22:36:16Z,2025-11-02T18:33:54Z,2025-11-05T14:11:58Z
FC-02973,S143,2025-10-26T13:08:48Z,24.0,213.0,48.0,14.83,193.0,911.0,0,2025-10-25T23:00:21Z,2025-10-26T08:06:14Z,2025-10-26T12:46:52Z,2025-10-23T16:45:07Z,2025-11-02T15:01:52Z,2025-11-04T02:28:16Z
FC-02974,S124,2025-10-26T13:11:51Z,48.0,282.0,68.0,39.83,339.0,1280.0,0,2025-10-26T06:31:05Z,2025-10-26T06:18:13Z,2025-10-26T12:53:25Z,2025-10-16T20:51:10Z,2025-11-02T23:49:30Z,2025-11-01T07:17:30Z
FC-02975,S112,2025-10-26T13:36:45Z,76.0,607.0,80.0,6.8,497.0,2419.0,1,2025-10-25T20:49:34Z,2025-10-26T00:37:11Z,2025-10-26T12:31:39Z,2025-10-12T22:13:50Z,2025-11-03T04:12:22Z,2025-11-23T03:37:48Z
FC-02976,S120,2025-10-26T13:39:12Z,42.0,365.0,85.0,11.23,366.0,1323.0,0,2025-10-26T11:02:51Z,2025-10-25T22:12:43Z,2025-10-26T13:03:11Z,2025-10-13T20:14:43Z,2025-11-02T21:54:22Z,2025-11-24T16:28:37Z
FC-02977,S117,2025-10-26T13:50:43Z,99.0,504.0,147.0,21.01,604.0,2728.0,0,2025-10-25T21:29:02Z,2025-10-25T18:47:22Z,2025-10-26T12:42:14Z,2025-10-16T23:55:09Z,2025-11-02T21:18:15Z,2025-11-24T02:05:50Z
FC-02978,S124,2025-10-26T15:06:00Z,53.0,278.0,40.0,23.9,298.0,1274.0,1,2025-10-25T21:26:01Z,2025-10-26T08:59:50Z,2025-10-26T13:53:26Z,2025-10-14T08:01:41Z,2025-11-03T08:24:02Z,2025-11-11T03:43:07Z
FC-02979,S139,2025-10-26T15:08:43Z,15.0,118.0,26.0,8.81,106.0,540.0,0,2025-10-26T10:09:05Z,2025-10-26T12:52:58Z,2025-10-26T13:20:50Z,2025-10-16T00:06:02Z,2025-11-03T12:00:41Z,2025-11-17T05:03:49Z
FC-02980,S103,2025-10-26T15:10:08Z,79.0,418.0,103.0,20.89,484.0,2005.0,0,2025-10-25T20:56:07Z,2025-10-26T10:45:36Z,2025-10-26T14:27:08Z,2025-10-18T05:11:23Z,2025-11-03T02:36:36Z,2025-11-12T06:48:58Z
FC-02981,S122,2025-10-26T15:17:23Z,39.0,274.0,42.0,21.59,233.0,1064.0,0,2025-10-26T06:49:15Z,2025-10-26T08:11:27Z,2025-10-26T13:39:27Z,2025-10-23T08:50:03Z,2025-11-02T22:37:12Z,2025-11-12T20:37:44Z
FC-02982,S128,2025-10-26T16:05:38Z,111.0,580.0,133.0,7.12,689.0,3203.0,0,2025-10-26T13:58:11Z,2025-10-26T11:45:31Z,2025-10-26T14:59:43Z,2025-10-22T01:55:05Z,2025-11-02T23:10:38Z,2025-11-18T04:42:49Z
FC-02983,S131,2025-10-26T17:16:26Z,55.0,297.0,85.0,26.32,373.0,1322.0,0,2025-10-26T10:59:40Z,2025-10-26T08:48:24Z,2025-10-26T16:17:16Z,2025-10-16T18:06:32Z,2025-11-03T10:23:38Z,2025-11-05T00:58:01Z
FC-02984,S104,2025-10-26T17:53:38Z,71.0,586.0,146.0,26.15,505.0,2563.0,0,2025-10-26T03:23:10Z,2025-10-26T14:05:25Z,2025-10-26T16:52:09Z,2025-10-14T10:15:16Z,2025-11-03T08:30:53Z,2025-11-13T02:08:32Z
FC-02985,S151,2025-10-26T18:03:03Z,69.0,408.0,50.0,27.03,376.0,1727.0,1,2025-10-26T08:35:37Z,2025-10-26T12:13:33Z,2025-10-26T16:50:54Z,2025-10-18T00:20:13Z,2025-11-03T09:48:17Z,2025-11-03T20:48:05Z
FC-02986,S135,2025-10-26T18:59:47Z,97.0,573.0,125.0,22.42,662.0,2314.0,0,2025-10-26T06:58:10Z,2025-10-26T02:46:46Z,2025-10-26T17:06:33Z,2025-10-15T06:58:27Z,2025-11-03T13:22:27Z,2025-11-09T13:07:01Z
FC-02987,S145,2025-10-26T19:43:19Z,40.0,354.0,45.0,8.43,328.0,1250.0,0,2025-10-26T11:20:23Z,2025-10-26T04:22:41Z,2025-10-26T17:45:57Z,2025-10-25T17:47:01Z,2025-11-03T14:42:42Z,2025-11-11T17:04:38Z
FC-02988,S113,2025-10-26T19:57:15Z,38.0,345.0,53.0,14.63,349.0,1346.0,0,2025-10-26T06:45:06Z,2025-10-26T13:34:41Z,2025-10-26T18:50:13Z,2025-10-20T06:31:05Z,2025-11-03T08:33:06Z,2025-11-22T02:11:33Z
FC-02989,S131,2025-10-26T19:59:14Z,71.0,408.0,60.0,27.38,356.0,1805.0,0,2025-10-26T14:48:25Z,2025-10-26T16:10:39Z,2025-10-26T18:07:02Z,2025-10-13T21:19:52Z,2025-11-03T03:00:56Z,2025-11-17T03:59:52Z
FC-02990,S153,2025-10-26T20:09:38Z,72.0,630.0,74.0,25.72,545.0,2582.0,0,2025-10-26T15:37:02Z,2025-10-26T12:45:55Z,2025-10-26T18:28:20Z,2025-10-17T02:36:38Z,2025-11-03T02:35:38Z,2025-11-24T18:31:51Z
FC-02991,S153,2025-10-26T21:12:30Z,18.0,157.0,31.0,35.55,128.0,564.0,0,2025-10-26T19:07:51Z,2025-10-26T03:25:48Z,2025-10-26T20:45:58Z,2025-10-24T12:47:33Z,2025-11-03T12:18:18Z,2025-11-04T03:01:39Z
FC-02992,S149,2025-10-26T21:58:25Z,34.0,319.0,63.0,26.11,242.0,1202.0,0,2025-10-26T08:56:49Z,2025-10-26T09:49:35Z,2025-10-26T20:28:33Z,2025-10-22T19:09:17Z,2025-11-03T01:20:30Z,2025-11-09T04:24:21Z
FC-02993,S105,2025-10-26T21:59:58Z,10.0,62.0,15.0,29.23,84.0,277.0,0,2025-10-26T18:25:50Z,2025-10-26T05:12:23Z,2025-10-26T21:45:11Z,2025-10-13T00:34:02Z,2025-11-03T07:42:13Z,2025-11-18T19:01:16Z
FC-02994,S132,2025-10-26T22:58:23Z,49.0,328.0,86.0,29.3,292.0,1397.0,0,2025-10-26T11:29:32Z,2025-10-26T15:20:16Z,2025-10-26T22:12:12Z,2025-10-25T17:46:28Z,2025-11-03T05:22:23Z,2025-11-13T23:14:38Z
FC-02995,S158,2025-10-26T23:20:18Z,13.0,78.0,19.0,22.49,78.0,346.0,0,2025-10-26T04:35:02Z,2025-10-26T17:02:41Z,2025-10-26T22:59:06Z,2025-10-21T04:20:49Z,2025-11-03T14:37:58Z,2025-11-01T18:56:23Z
FC-02996,S149,2025-10-26T23:56:50Z,24.0,172.0,34.0,15.84,184.0,721.0,0,2025-10-26T14:26:28Z,2025-10-26T16:39:11Z,2025-10-26T21:59:38Z,2025-10-20T06:28:30Z,2025-11-03T11:39:18Z,2025-11-03T06:29:05Z
FC-02997,S143,2025-10-26T23:57:11Z,86.0,596.0,68.0,2.3,586.0,2301.0,1,2025-10-26T09:39:28Z,2025-10-26T05:20:11Z,2025-10-26T23:13:08Z,2025-10-21T04:52:26Z,2025-11-03T12:04:25Z,2025-11-15T06:33:34Z
FC-02998,S107,2025-10-27T00:13:07Z,65.0,436.0,97.0,24.17,341.0,1681.0,0,2025-10-26T15:35:37Z,2025-10-26T18:36:26Z,2025-10-26T22:41:59Z,2025-10-18T19:49:41Z,2025-11-03T23:06:10Z,2025-11-07T12:23:44Z
FC-02999,S144,2025-10-27T00:41:17Z,58.0,378.0,92.0,13.74,397.0,1544.0,0,2025-10-26T11:39:33Z,2025-10-26T07:11:22Z,2025-10-26T22:56:17Z,2025-10-13T15:20:36Z,2025-11-03T15:43:57Z,2025-11-09T03:15:34Z
FC-03000,S114,2025-10-27T01:29:28Z,31.0,266.0,32.0,4.48,205.0,1070.0,1,2025-10-26T08:58:08Z,2025-10-26T09:47:41Z,2025-10-27T01:16:54Z,2025-10-14T01:46:49Z,2025-11-03T17:59:09Z,2025-11-20T13:11:23Z
FC-03001,S124,2025-10-27T02:57:47Z,36.0,270.0,23.0,30.73,232.0,1071.0,1,2025-10-27T00:05:22Z,2025-10-26T12:27:58Z,2025-10-27T01:54:20Z,2025-10-23T00:48:14Z,2025-11-03T20:58:22Z,2025-11-09T14:28:32Z
FC-03002,S102,2025-10-27T04:06:00Z,82.0,507.0,79.0,6.51,547.0,2239.0,0,2025-10-26T12:13:19Z,2025-10-26T12:58:11Z,2025-10-27T02:16:19Z,2025-10-24T04:54:08Z,2025-11-04T01:03:23Z,2025-11-12T02:55:27Z
FC-03003,S150,2025-10-27T05:45:32Z,57.0,358.0,82.0,38.96,404.0,1376.0,0,2025-10-26T13:14:29Z,2025-10-26T15:30:48Z,2025-10-27T05:23:18Z,2025-10-18T10:22:52Z,2025-11-04T00:48:53Z,2025-11-11T03:48:53Z
FC-03004,S115,2025-10-27T05:46:51Z,27.0,202.0,33.0,21.66,170.0,946.0,0,2025-10-27T01:54:14Z,2025-10-26T21:46:30Z,2025-10-27T05:09:51Z,2025-10-22T16:45:21Z,2025-11-04T00:56:06Z,2025-11-03T07:08:05Z
FC-03005,S121,2025-10-27T07:39:09Z,58.0,472.0,67.0,6.75,407.0,2064.0,0,2025-10-26T20:13:21Z,2025-10-27T02:21:13Z,2025-10-27T06:41:17Z,2025-10-22T16:17:33Z,2025-11-04T02:26:31Z,2025-11-16T19:29:04Z
FC-03006,S123,2025-10-27T09:10:01Z,26.0,141.0,32.0,19.42,146.0,650.0,0,2025-10-26T15:22:19Z,2025-10-26T19:00:14Z,2025-10-27T07:31:14Z,2025-10-21T12:02:18Z,2025-11-03T15:06:43Z,2025-11-23T04:50:24Z
FC-03007,S109,2025-10-27T09:19:24Z,37.0,243.0,22.0,38.76,292.0,1084.0,1,2025-10-27T03:52:54Z,2025-10-26T20:12:59Z,2025-10-27T08:18:24Z,2025-10-23T22:24:58Z,2025-11-04T08:57:05Z,2025-11-22T20:34:43Z
FC-03008,S119,2025-10-27T09:49:48Z,27.0,218.0,23.0,33.67,228.0,938.0,1,2025-10-26T20:31:40Z,2025-10-27T01:37:30Z,2025-10-27T09:10:04Z,2025-10-25T22:08:01Z,2025-11-03T18:49:24Z,2025-11-20T13:32:13Z
FC-03009,S135,2025-10-27T10:10:06Z,15.0,145.0,12.0,15.17,123.0,587.0,1,2025-10-26T22:57:07Z,2025-10-26T18:09:44Z,2025-10-27T09:45:13Z,2025-10-22T14:09:40Z,2025-11-04T09:08:37Z,2025-11-09T02:14:10Z
FC-03010,S100,2025-10-27T11:47:25Z,48.0,342.0,30.0,15.04,379.0,1352.0,1,2025-10-26T21:04:35Z,2025-10-27T01:25:20Z,2025-10-27T10:46:53Z,2025-10-13T19:09:28Z,2025-11-03T22:46:17Z,2025-11-16T19:05:42Z
FC-03011,S130,2025-10-27T11:50:17Z,41.0,328.0,52.0,37.15,299.0,1294.0,0,2025-10-26T21:06:45Z,2025-10-27T01:11:14Z,2025-10-27T09:59:01Z,2025-10-17T02:00:10Z,2025-11-04T04:45:19Z,2025-11-05T04:27:00Z
FC-03012,S153,2025-10-27T12:07:08Z,28.0,179.0,48.0,7.24,217.0,884.0,0,2025-10-26T16:10:37Z,2025-10-26T16:57:49Z,2025-10-27T11:37:33Z,2025-10-19T00:20:52Z,2025-11-03T20:01:23Z,2025-11-02T01:27:59Z
FC-03013,S120,2025-10-27T12:45:37Z,35.0,247.0,49.0,8.21,196.0,936.0,0,2025-10-26T18:28:26Z,2025-10-27T07:30:26Z,2025-10-27T11:06:58Z,2025-10-22T00:15:25Z,2025-11-03T20:38:05Z,2025-11-11T00:12:46Z
FC-03014,S154,2025-10-27T13:07:49Z,58.0,487.0,91.0,11.37,417.0,2235.0,0,2025-10-27T06:38:04Z,2025-10-27T11:05:26Z,2025-10-27T11:28:45Z,2025-10-25T12:55:23Z,2025-11-04T02:11:07Z,2025-11-09T00:27:22Z
FC-03015,S147,2025-10-27T15:15:11Z,44.0,309.0,51.0,6.18,332.0,1326.0,0,2025-10-27T01:13:33Z,2025-10-27T10:19:17Z,2025-10-27T14:51:28Z,2025-10-25T13:08:23Z,2025-11-04T05:55:12Z,2025-11-18T20:47:13Z
FC-03016,S132,2025-10-27T15:16:45Z,34.0,272.0,34.0,9.24,222.0,1057.0,1,2025-10-26T20:44:51Z,2025-10-27T09:38:24Z,2025-10-27T14:00:04Z,2025-10-18T23:22:31Z,2025-11-03T20:47:13Z,2025-11-26T07:53:40Z
FC-03017,S124,2025-10-27T16:06:29Z,39.0,282.0,53.0,32.67,259.0,1049.0,0,2025-10-27T00:45:45Z,2025-10-27T10:09:12Z,2025-10-27T15:02:54Z,2025-10-19T20:18:29Z,2025-11-04T10:57:39Z,2025-11-12T13:19:44Z
FC-03018,S158,2025-10-27T18:15:27Z,8.0,47.0,7.0,30.48,52.0,224.0,1,2025-10-27T12:50:28Z,2025-10-26T23:14:43Z,2025-10-27T17:57:18Z,2025-10-21T11:22:43Z,2025-11-04T01:22:57Z,2025-11-03T04:24:12Z
FC-03019,S100,2025-10-27T18:21:04Z,84.0,660.0,113.0,23.57,666.0,2760.0,0,2025-10-27T01:49:45Z,2025-10-27T13:11:32Z,2025-10-27T17:40:15Z,2025-10-24T06:46:02Z,2025-11-03T23:44:20Z,2025-11-23T12:12:52Z
FC-03020,S110,2025-10-27T18:35:41Z,47.0,390.0,60.0,35.63,323.0,1419.0,0,2025-10-27T15:31:10Z,2025-10-27T03:44:30Z,2025-10-27T17:46:21Z,2025-10-25T15:08:40Z,2025-11-04T01:02:55Z,2025-11-09T19:56:49Z
FC-03021,S138,2025-10-27T18:50:59Z,37.0,197.0,34.0,6.95,215.0,917.0,0,2025-10-27T05:56:56Z,2025-10-27T12:10:38Z,2025-10-27T18:05:39Z,2025-10-17T18:52:12Z,2025-11-03T22:05:54Z,2025-11-14T16:41:27Z
FC-03022,S126,2025-10-27T18:52:57Z,58.0,431.0,46.0,27.99,415.0,1789.0,1,2025-10-27T11:15:25Z,2025-10-27T01:13:19Z,2025-10-27T17:03:37Z,2025-10-18T02:28:36Z,2025-11-04T03:30:01Z,2025-11-24T00:07:28Z
FC-03023,S121,2025-10-27T19:04:14Z,57.0,418.0,56.0,13.86,566.0,2217.0,1,2025-10-27T15:03:52Z,2025-10-27T09:57:42Z,2025-10-27T18:20:01Z,2025-10-23T19:20:10Z,2025-11-03T23:57:18Z,2025-11-26T17:57:27Z
FC-03024,S110,2025-10-27T19:37:45Z,39.0,293.0,77.0,8.19,366.0,1380.0,0,2025-10-27T15:28:34Z,2025-10-27T13:14:01Z,2025-10-27T18:37:41Z,2025-10-20T12:26:06Z,2025-11-04T11:24:26Z,2025-11-21T05:50:09Z
FC-03025,S133,2025-10-27T21:30:30Z,57.0,446.0,99.0,37.79,414.0,1787.0,0,2025-10-27T01:46:43Z,2025-10-27T11:42:23Z,2025-10-27T19:50:09Z,2025-10-19T18:45:46Z,2025-11-03T23:09:38Z,2025-11-06T17:28:15Z
FC-03026,S121,2025-10-27T21:49:18Z,82.0,654.0,97.0,31.58,532.0,2536.0,0,2025-10-27T10:29:40Z,2025-10-27T18:42:44Z,2025-10-27T20:09:33Z,2025-10-17T15:00:53Z,2025-11-04T00:46:18Z,2025-11-02T09:55:31Z
FC-03027,S117,2025-10-27T21:52:06Z,88.0,659.0,139.0,20.92,748.0,2854.0,0,2025-10-27T16:11:06Z,2025-10-27T07:26:21Z,2025-10-27T20:09:02Z,2025-10-17T02:47:55Z,2025-11-04T08:33:44Z,2025-11-15T05:50:56Z
FC-03028,S117,2025-10-27T22:33:42Z,53.0,414.0,61.0,2.38,494.0,2050.0,1,2025-10-27T09:48:03Z,2025-10-27T04:14:38Z,2025-10-27T20:41:23Z,2025-10-14T01:24:07Z,2025-11-04T08:55:27Z,2025-11-04T07:24:48Z
FC-03029,S103,2025-10-27T23:55:41Z,86.0,570.0,88.0,12.54,510.0,2238.0,0,2025-10-27T13:54:06Z,2025-10-27T07:42:45Z,2025-10-27T22:51:51Z,2025-10-15T23:04:20Z,2025-11-04T19:44:29Z,2025-11-17T18:27:58Z
FC-03030,S121,2025-10-27T23:58:38Z,61.0,523.0,55.0,22.09,538.0,2401.0,1,2025-10-27T10:36:58Z,2025-10-27T10:21:52Z,2025-10-27T23:07:20Z,2025-10-23T19:37:09Z,2025-11-04T22:28:38Z,2025-11-07T06:10:47Z
FC-03031,S104,2025-10-28T03:45:18Z,13.0,89.0,14.0,30.87,72.0,346.0,0,2025-10-27T08:30:14Z,2025-10-27T19:12:55Z,2025-10-28T03:35:31Z,2025-10-25T11:51:00Z,2025-11-04T04:48:49Z,2025-11-04T11:27:44Z
FC-03032,S131,2025-10-28T04:10:09Z,38.0,254.0,37.0,34.16,274.0,1122.0,1,2025-10-27T17:12:11Z,2025-10-27T20:37:32Z,2025-10-28T02:25:18Z,2025-10-18T14:23:48Z,2025-11-04T09:52:55Z,2025-11-07T05:06:13Z
FC-03033,S119,2025-10-28T04:31:10Z,19.0,141.0,16.0,21.29,156.0,619.0,1,2025-10-27T09:38:25Z,2025-10-27T12:43:20Z,2025-10-28T03:16:19Z,2025-10-16T00:49:41Z,2025-11-04T20:33:54Z,2025-11-05T08:20:56Z
FC-03034,S136,2025-10-28T05:03:05Z,95.0,569.0,56.0,34.54,723.0,2437.0,1,2025-10-27T09:26:58Z,2025-10-28T02:57:01Z,2025-10-28T04:34:25Z,2025-10-22T21:22:56Z,2025-11-04T12:43:30Z,2025-11-12T08:23:46Z
FC-03035,S116,2025-10-28T07:38:56Z,44.0,287.0,47.0,39.91,255.0,1327.0,0,2025-10-27T13:12:23Z,2025-10-28T04:19:02Z,2025-10-28T07:14:25Z,2025-10-23T09:52:09Z,2025-11-04T21:43:49Z,2025-11-20T05:04:45Z
FC-03036,S123,2025-10-28T07:45:26Z,64.0,373.0,63.0,21.22,386.0,1482.0,0,2025-10-28T02:58:04Z,2025-10-27T18:16:05Z,2025-10-28T07:39:15Z,2025-10-24T12:36:18Z,2025-11-04T23:41:21Z,2025-11-12T02:32:14Z
FC-03037,S156,2025-10-28T08:53:24Z,56.0,419.0,44.0,11.39,472.0,1795.0,1,2025-10-27T22:41:17Z,2025-10-27T17:49:11Z,2025-10-28T07:05:33Z,2025-10-15T16:48:04Z,2025-11-04T17:30:49Z,2025-11-22T00:19:10Z
FC-03038,S128,2025-10-28T09:25:21Z,62.0,405.0,97.0,36.78,524.0,1811.0,0,2025-10-28T04:13:16Z,2025-10-27T21:55:46Z,2025-10-28T08:50:43Z,2025-10-24T20:21:53Z,2025-11-04T20:13:44Z,2025-11-11T02:43:24Z
FC-03039,S111,2025-10-28T10:05:30Z,44.0,304.0,38.0,33.58,327.0,1223.0,0,2025-10-28T05:35:22Z,2025-10-27T18:37:46Z,2025-10-28T08:17:45Z,2025-10-20T23:55:55Z,2025-11-04T11:36:05Z,2025-11-07T04:07:39Z
FC-03040,S127,2025-10-28T10:23:33Z,46.0,349.0,59.0,13.24,319.0,1305.0,0,2025-10-27T21:52:28Z,2025-10-28T00:53:02Z,2025-10-28T09:00:16Z,2025-10-26T07:40:00Z,2025-11-05T07:43:48Z,2025-11-04T05:15:24Z
FC-03041,S159,2025-10-28T10:42:58Z,101.0,842.0,183.0,15.92,919.0,3602.0,0,2025-10-27T23:56:36Z,2025-10-27T17:45:36Z,2025-10-28T09:54:17Z,2025-10-21T02:24:27Z,2025-11-04T16:41:32Z,2025-11-12T17:02:11Z
FC-03042,S123,2025-10-28T13:36:18Z,80.0,504.0,52.0,36.95,564.0,2186.0,1,2025-10-28T10:17:39Z,2025-10-28T07:38:48Z,2025-10-28T12:25:05Z,2025-10-22T00:58:42Z,2025-11-05T09:29:03Z,2025-11-11T18:25:19Z
FC-03043,S156,2025-10-28T14:21:07Z,29.0,210.0,37.0,15.82,239.0,746.0,0,2025-10-28T02:38:28Z,2025-10-28T03:35:05Z,2025-10-28T12:45:25Z,2025-10-15T11:04:40Z,2025-11-04T14:21:33Z,2025-11-12T06:52:29Z
FC-03044,S118,2025-10-28T14:26:35Z,56.0,321.0,87.0,2.18,382.0,1483.0,0,2025-10-27T23:03:18Z,2025-10-28T12:09:29Z,2025-10-28T13:33:50Z,2025-10-20T01:46:24Z,2025-11-05T01:07:41Z,2025-11-03T09:59:17Z
FC-03045,S151,2025-10-28T14:41:59Z,41.0,356.0,86.0,27.37,343.0,1482.0,0,2025-10-27T23:34:26Z,2025-10-28T11:54:47Z,2025-10-28T13:09:42Z,2025-10-15T00:42:15Z,2025-11-05T09:43:41Z,2025-11-08T00:54:22Z
FC-03046,S109,2025-10-28T14:54:26Z,68.0,452.0,58.0,4.96,463.0,1950.0,0,2025-10-28T04:35:32Z,2025-10-28T01:12:53Z,2025-10-28T14:02:48Z,2025-10-19T16:40:16Z,2025-11-05T11:52:54Z,2025-11-05T22:54:11Z
FC-03047,S136,2025-10-28T15:31:21Z,25.0,191.0,19.0,32.87,214.0,865.0,1,2025-10-28T00:05:20Z,2025-10-28T05:46:17Z,2025-10-28T14:48:29Z,2025-10-24T00:30:10Z,2025-11-05T07:02:55Z,2025-11-22T19:43:23Z
FC-03048,S153,2025-10-28T15:58:38Z,43.0,384.0,68.0,17.58,420.0,1594.0,0,2025-10-28T04:40:43Z,2025-10-28T11:15:49Z,2025-10-28T15:13:28Z,2025-10-18T14:36:46Z,2025-11-05T14:47:06Z,2025-11-26T04:35:17Z
FC-03049,S148,2025-10-28T17:29:48Z,38.0,309.0,59.0,5.22,214.0,1186.0,0,2025-10-28T03:41:06Z,2025-10-28T09:15:12Z,2025-10-28T16:36:21Z,2025-10-23T00:28:05Z,2025-11-05T09:51:19Z,2025-11-18T20:57:04Z
FC-03050,S155,2025-10-28T18:11:24Z,49.0,308.0,71.0,19.12,267.0,1222.0,0,2025-10-28T06:07:51Z,2025-10-28T01:25:13Z,2025-10-28T18:03:35Z,2025-10-22T03:18:24Z,2025-11-04T23:04:45Z,2025-11-24T11:07:57Z
FC-03051,S159,2025-10-28T18:35:28Z,70.0,406.0,94.0,26.86,412.0,1966.0,0,2025-10-28T09:35:47Z,2025-10-28T13:02:06Z,2025-10-28T16:49:37Z,2025-10-26T09:00:46Z,2025-11-05T00:56:35Z,2025-11-12T14:37:04Z
FC-03052,S117,2025-10-28T19:24:30Z,61.0,427.0,52.0,12.5,380.0,1496.0,1,2025-10-28T09:15:04Z,2025-10-27T23:35:43Z,2025-10-28T18:08:37Z,2025-10-20T20:16:17Z,2025-11-05T08:31:29Z,2025-11-26T22:39:35Z
FC-03053,S135,2025-10-28T19:42:53Z,25.0,179.0,26.0,23.56,144.0,707.0,0,2025-10-28T08:55:50Z,2025-10-28T12:53:48Z,2025-10-28T18:27:15Z,2025-10-19T07:07:12Z,2025-11-04T22:44:37Z,2025-11-13T04:36:03Z
FC-03054,S122,2025-10-28T19:53:45Z,83.0,546.0,93.0,39.23,658.0,2653.0,0,2025-10-28T05:54:14Z,2025-10-28T11:56:48Z,2025-10-28T18:03:36Z,2025-10-27T08:32:50Z,2025-11-05T02:04:18Z,2025-11-23T06:32:59Z
FC-03055,S129,2025-10-28T19:57:02Z,31.0,238.0,34.0,2.84,222.0,1028.0,0,2025-10-28T16:17:31Z,2025-10-28T11:00:29Z,2025-10-28T19:34:39Z,2025-10-25T03:31:20Z,2025-11-05T10:59:44Z,2025-11-18T18:53:06Z
FC-03056,S140,2025-10-28T20:27:38Z,74.0,413.0,98.0,32.12,456.0,2203.0,0,2025-10-28T17:59:10Z,2025-10-28T17:48:28Z,2025-10-28T18:38:27Z,2025-10-17T17:34:26Z,2025-11-05T06:51:23Z,2025-11-27T14:29:58Z
FC-03057,S118,2025-10-28T21:21:39Z,77.0,468.0,91.0,7.84,442.0,1978.0,0,2025-10-28T01:30:24Z,2025-10-28T05:14:49Z,2025-10-28T19:50:10Z,2025-10-23T00:10:31Z,2025-11-05T19:06:45Z,2025-11-13T06:28:29Z
FC-03058,S121,2025-10-28T21:39:12Z,34.0,335.0,68.0,9.11,343.0,1344.0,0,2025-10-28T10:11:54Z,2025-10-28T14:05:58Z,2025-10-28T21:10:06Z,2025-10-15T23:27:53Z,2025-11-05T11:44:37Z,2025-11-14T13:45:45Z
FC-03059,S113,2025-10-28T22:04:43Z,12.0,87.0,12.0,10.62,97.0,369.0,1,2025-10-28T18:49:31Z,2025-10-28T05:38:25Z,2025-10-28T21:38:37Z,2025-10-23T19:17:39Z,2025-11-05T06:08:22Z,2025-11-16T22:15:16Z
FC-03060,S158,2025-10-28T23:24:56Z,62.0,399.0,43.0,3.16,419.0,1946.0,1,2025-10-28T09:59:56Z,2025-10-28T18:34:50Z,2025-10-28T21:48:28Z,2025-10-21T21:59:37Z,2025-11-05T09:52:03Z,2025-11-19T06:24:56Z
FC-03061,S126,2025-10-29T00:08:16Z,46.0,360.0,71.0,3.87,281.0,1606.0,0,2025-10-28T15:13:06Z,2025-10-28T19:42:59Z,2025-10-28T22:58:56Z,2025-10-26T15:33:21Z,2025-11-05T16:51:01Z,2025-11-04T13:21:06Z
FC-03062,S106,2025-10-29T00:27:01Z,62.0,537.0,47.0,9.71,406.0,2136.0,1,2025-10-28T14:08:26Z,2025-10-28T06:21:38Z,2025-10-28T22:55:15Z,2025-10-19T17:41:05Z,2025-11-05T15:58:07Z,2025-11-07T08:24:52Z
FC-03063,S101,2025-10-29T01:46:23Z,56.0,352.0,68.0,13.65,334.0,1718.0,0,2025-10-28T09:01:23Z,2025-10-28T05:57:40Z,2025-10-29T01:29:25Z,2025-10-22T06:55:20Z,2025-11-05T02:49:44Z,2025-11-13T21:16:19Z
FC-03064,S125,2025-10-29T01:57:33Z,46.0,288.0,30.0,5.35,241.0,1201.0,1,2025-10-28T22:18:32Z,2025-10-28T18:26:19Z,2025-10-29T00:06:04Z,2025-10-16T10:59:00Z,2025-11-05T23:14:51Z,2025-11-21T01:50:02Z
FC-03065,S138,2025-10-29T02:19:00Z,19.0,155.0,17.0,11.21,149.0,662.0,1,2025-10-28T11:31:46Z,2025-10-28T11:11:44Z,2025-10-29T00:34:40Z,2025-10-20T23:11:24Z,2025-11-05T23:41:58Z,2025-11-04T09:46:24Z
FC-03066,S127,2025-10-29T03:18:32Z,42.0,279.0,68.0,9.68,282.0,1294.0,0,2025-10-28T18:19:31Z,2025-10-29T00:41:50Z,2025-10-29T02:29:47Z,2025-10-26T19:12:36Z,2025-11-05T15:32:21Z,2025-11-20T06:38:48Z
FC-03067,S112,2025-10-29T04:58:16Z,58.0,457.0,60.0,12.02,551.0,1976.0,1,2025-10-29T00:49:40Z,2025-10-28T15:45:21Z,2025-10-29T03:16:16Z,2025-10-21T12:32:39Z,2025-11-05T18:10:19Z,2025-11-06T18:43:57Z
FC-03068,S138,2025-10-29T05:35:10Z,48.0,345.0,81.0,37.29,307.0,1628.0,0,2025-10-29T00:16:56Z,2025-10-28T15:24:05Z,2025-10-29T04:14:14Z,2025-10-25T01:03:30Z,2025-11-05T23:34:00Z,2025-11-03T06:08:09Z
FC-03069,S111,2025-10-29T05:47:39Z,29.0,198.0,24.0,2.12,214.0,913.0,1,2025-10-28T17:09:46Z,2025-10-28T23:40:40Z,2025-10-29T04:59:21Z,2025-10-25T20:56:25Z,2025-11-05T10:57:49Z,2025-11-18T15:49:53Z
FC-03070,S102,2025-10-29T08:11:48Z,44.0,327.0,70.0,35.12,315.0,1326.0,0,2025-10-28T17:58:19Z,2025-10-28T17:52:21Z,2025-10-29T06:55:53Z,2025-10-15T09:01:02Z,2025-11-06T07:10:48Z,2025-11-19T12:41:02Z
FC-03071,S153,2025-10-29T09:05:31Z,48.0,357.0,41.0,9.31,418.0,1611.0,1,2025-10-29T03:53:00Z,2025-10-28T15:27:00Z,2025-10-29T07:16:32Z,2025-10-16T05:27:38Z,2025-11-05T11:49:20Z,2025-11-05T11:11:28Z
FC-03072,S145,2025-10-29T09:27:26Z,54.0,336.0,46.0,28.82,316.0,1561.0,1,2025-10-28T15:16:19Z,2025-10-28T14:36:27Z,2025-10-29T08:55:00Z,2025-10-16T18:26:16Z,2025-11-05T16:32:54Z,2025-11-26T12:58:54Z
FC-03073,S158,2025-10-29T10:10:46Z,52.0,381.0,59.0,33.98,430.0,1769.0,0,2025-10-28T19:26:34Z,2025-10-28T17:47:34Z,2025-10-29T09:41:06Z,2025-10-19T05:15:39Z,2025-11-06T00:46:39Z,2025-11-17T10:19:01Z
FC-03074,S110,2025-10-29T10:39:26Z,48.0,311.0,28.0,11.58,274.0,1283.0,1,2025-10-29T07:24:43Z,2025-10-28T21:47:31Z,2025-10-29T09:01:13Z,2025-10-16T11:19:11Z,2025-11-06T08:17:19Z,2025-11-23T20:10:48Z
FC-03075,S132,2025-10-29T10:53:23Z,38.0,206.0,23.0,10.47,244.0,1094.0,1,2025-10-29T06:49:12Z,2025-10-29T05:44:32Z,2025-10-29T09:18:00Z,2025-10-22T10:35:19Z,2025-11-06T07:05:39Z,2025-11-21T15:47:39Z
FC-03076,S133,2025-10-29T11:11:53Z,126.0,1027.0,204.0,7.89,891.0,4332.0,0,2025-10-29T01:11:59Z,2025-10-29T03:33:46Z,2025-10-29T10:07:00Z,2025-10-27T18:10:30Z,2025-11-05T11:18:38Z,2025-11-23T12:00:41Z
FC-03077,S114,2025-10-29T12:07:56Z,45.0,302.0,47.0,13.95,307.0,1348.0,0,2025-10-29T05:49:20Z,2025-10-28T18:28:13Z,2025-10-29T11:56:14Z,2025-10-17T13:40:34Z,2025-11-06T05:21:18Z,2025-11-16T13:14:02Z
FC-03078,S120,2025-10-29T12:32:24Z,27.0,206.0,26.0,10.1,204.0,766.0,1,2025-10-29T04:38:58Z,2025-10-29T04:56:51Z,2025-10-29T11:51:52Z,2025-10-17T04:03:30Z,2025-11-06T07:30:12Z,2025-11-08T07:07:56Z
FC-03079,S115,2025-10-29T14:25:11Z,78.0,671.0,151.0,7.95,627.0,2541.0,0,2025-10-29T08:37:43Z,2025-10-29T08:06:07Z,2025-10-29T13:36:44Z,2025-10-20T08:32:25Z,2025-11-06T14:21:08Z,2025-11-04T18:45:20Z
FC-03080,S119,2025-10-29T14:32:40Z,54.0,330.0,75.0,34.15,377.0,1330.0,0,2025-10-28T23:48:01Z,2025-10-29T04:44:56Z,2025-10-29T12:47:56Z,2025-10-16T18:07:11Z,2025-11-06T04:53:20Z,2025-11-12T10:50:55Z
FC-03081,S127,2025-10-29T15:06:34Z,17.0,114.0,17.0,18.69,133.0,503.0,1,2025-10-29T11:39:47Z,2025-10-29T00:55:03Z,2025-10-29T14:06:38Z,2025-10-20T08:51:40Z,2025-11-05T18:48:09Z,2025-11-18T19:28:12Z
FC-03082,S129,2025-10-29T17:04:06Z,50.0,377.0,71.0,14.54,365.0,1800.0,0,2025-10-29T06:44:08Z,2025-10-29T03:18:33Z,2025-10-29T16:21:05Z,2025-10-18T16:13:06Z,2025-11-06T02:46:02Z,2025-11-10T03:38:31Z
FC-03083,S156,2025-10-29T20:43:45Z,85.0,614.0,88.0,33.71,641.0,2744.0,0,2025-10-29T07:25:55Z,2025-10-29T12:02:56Z,2025-10-29T19:41:04Z,2025-10-26T22:40:53Z,2025-11-06T07:43:15Z,2025-11-18T13:33:44Z
FC-03084,S147,2025-10-29T20:46:35Z,52.0,345.0,68.0,13.89,351.0,1448.0,0,2025-10-29T12:18:52Z,2025-10-29T12:02:17Z,2025-10-29T18:47:23Z,2025-10-28T05:19:04Z,2025-11-06T08:07:40Z,2025-11-21T23:26:48Z
FC-03085,S153,2025-10-29T21:54:11Z,28.0,192.0,30.0,36.23,259.0,1022.0,1,2025-10-29T18:13:53Z,2025-10-29T12:06:42Z,2025-10-29T20:39:12Z,2025-10-19T13:18:44Z,2025-11-06T09:39:36Z,2025-11-09T17:42:01Z
FC-03086,S124,2025-10-30T00:11:02Z,17.0,105.0,22.0,13.99,105.0,513.0,0,2025-10-29T16:41:21Z,2025-10-29T18:17:33Z,2025-10-29T23:08:26Z,2025-10-23T18:38:11Z,2025-11-06T02:03:48Z,2025-11-11T10:43:41Z
FC-03087,S137,2025-10-30T00:46:17Z,47.0,305.0,80.0,15.93,366.0,1279.0,0,2025-10-29T13:39:10Z,2025-10-29T07:56:52Z,2025-10-30T00:01:22Z,2025-10-26T17:59:26Z,2025-11-06T04:20:41Z,2025-11-23T22:17:38Z
FC-03088,S120,2025-10-30T00:56:28Z,27.0,208.0,31.0,22.7,229.0,927.0,1,2025-10-29T05:15:23Z,2025-10-29T05:58:32Z,2025-10-30T00:47:32Z,2025-10-27T16:55:18Z,2025-11-06T04:50:00Z,2025-11-19T12:20:58Z
FC-03089,S106,2025-10-30T01:15:49Z,84.0,727.0,152.0,3.98,729.0,2800.0,0,2025-10-29T07:42:15Z,2025-10-29T21:54:41Z,2025-10-29T23:38:39Z,2025-10-22T00:46:55Z,2025-11-06T08:06:42Z,2025-11-23T07:00:41Z
FC-03090,S145,2025-10-30T01:21:42Z,63.0,331.0,95.0,13.88,382.0,1483.0,0,2025-10-29T09:11:20Z,2025-10-29T20:23:34Z,2025-10-30T00:13:40Z,2025-10-16T11:24:20Z,2025-11-07T00:12:52Z,2025-11-22T00:06:52Z
FC-03091,S124,2025-10-30T01:37:31Z,18.0,133.0,21.0,36.62,138.0,520.0,0,2025-10-29T20:46:42Z,2025-10-29T07:57:28Z,2025-10-30T00:50:33Z,2025-10-16T16:03:32Z,2025-11-07T00:39:44Z,2025-11-20T10:13:47Z
FC-03092,S149,2025-10-30T02:11:07Z,28.0,173.0,18.0,2.69,188.0,769.0,1,2025-10-29T22:50:34Z,2025-10-29T23:27:18Z,2025-10-30T00:30:42Z,2025-10-20T14:03:51Z,2025-11-06T16:54:47Z,2025-11-19T03:51:31Z
FC-03093,S115,2025-10-30T02:24:16Z,42.0,254.0,62.0,36.43,278.0,1073.0,0,2025-10-29T23:35:43Z,2025-10-29T18:41:02Z,2025-10-30T01:36:25Z,2025-10-25T01:16:01Z,2025-11-06T05:58:13Z,2025-11-17T06:44:28Z
FC-03094,S151,2025-10-30T02:28:02Z,59.0,484.0,118.0,21.19,382.0,1864.0,0,2025-10-29T11:38:20Z,2025-10-29T08:49:09Z,2025-10-30T01:51:55Z,2025-10-26T14:15:37Z,2025-11-07T00:36:28Z,2025-11-19T02:20:01Z
FC-03095,S124,2025-10-30T02:55:44Z,58.0,447.0,62.0,29.25,478.0,1833.0,1,2025-10-30T00:19:00Z,2025-10-29T19:38:18Z,2025-10-30T01:00:32Z,2025-10-25T03:00:10Z,2025-11-06T19:54:57Z,2025-11-17T12:53:19Z
FC-03096,S108,2025-10-30T03:27:10Z,80.0,558.0,98.0,14.57,504.0,2654.0,0,2025-10-29T18:14:05Z,2025-10-29T07:55:01Z,2025-10-30T01:52:30Z,2025-10-24T10:15:20Z,2025-11-06T20:24:22Z,2025-11-17T13:17:00Z
FC-03097,S103,2025-10-30T04:08:03Z,16.0,103.0,21.0,8.39,112.0,420.0,0,2025-10-29T18:53:31Z,2025-10-29T16:17:10Z,2025-10-30T03:14:05Z,2025-10-19T17:15:07Z,2025-11-06T19:18:30Z,2025-11-26T09:15:30Z
FC-03098,S134,2025-10-30T04:29:55Z,50.0,305.0,74.0,33.85,262.0,1203.0,0,2025-10-29T22:49:13Z,2025-10-29T15:10:14Z,2025-10-30T02:33:45Z,2025-10-17T01:12:32Z,2025-11-06T05:26:28Z,2025-11-14T20:03:47Z
FC-03099,S131,2025-10-30T05:29:52Z,44.0,352.0,33.0,32.44,339.0,1481.0,1,2025-10-30T03:27:34Z,2025-10-30T00:01:15Z,2025-10-30T05:02:50Z,2025-10-16T08:01:00Z,2025-11-06T11:28:42Z,2025-11-04T10:15:59Z
FC-03100,S150,2025-10-30T05:40:34Z,57.0,385.0,98.0,34.02,401.0,1824.0,0,2025-10-29T22:03:56Z,2025-10-29T13:39:45Z,2025-10-30T05:27:49Z,2025-10-25T01:09:44Z,2025-11-07T00:45:15Z,2025-11-14T04:57:48Z
FC-03101,S126,2025-10-30T05:44:15Z,72.0,475.0,104.0,34.0,533.0,1979.0,0,2025-10-29T23:00:53Z,2025-10-29T11:14:41Z,2025-10-30T04:13:43Z,2025-10-16T17:36:53Z,2025-11-06T19:50:36Z,2025-11-06T00:03:34Z
FC-03102,S159,2025-10-30T06:09:15Z,42.0,269.0,28.0,7.65,328.0,1252.0,1,2025-10-29T19:15:43Z,2025-10-29T14:25:17Z,2025-10-30T04:18:48Z,2025-10-27T10:39:53Z,2025-11-06T21:32:00Z,2025-11-25T15:44:16Z
FC-03103,S155,2025-10-30T06:18:25Z,20.0,150.0,20.0,27.71,153.0,621.0,0,2025-10-29T15:41:08Z,2025-10-29T18:16:09Z,2025-10-30T04:31:26Z,2025-10-23T07:49:03Z,2025-11-06T23:04:50Z,2025-11-07T10:12:52Z
FC-03104,S145,2025-10-30T06:58:25Z,28.0,161.0,19.0,29.59,151.0,795.0,1,2025-10-30T01:41:32Z,2025-10-29T23:54:38Z,2025-10-30T06:26:14Z,2025-10-25T19:06:25Z,2025-11-06T07:16:56Z,2025-11-23T04:05:10Z
FC-03105,S128,2025-10-30T07:15:56Z,48.0,311.0,53.0,37.87,291.0,1445.0,0,2025-10-29T14:57:46Z,2025-10-30T02:51:26Z,2025-10-30T06:30:48Z,2025-10-27T04:15:21Z,2025-11-06T20:45:02Z,2025-11-18T22:49:18Z
FC-03106,S110,2025-10-30T08:07:00Z,72.0,466.0,101.0,14.22,523.0,2138.0,0,2025-10-29T17:22:56Z,2025-10-29T19:41:33Z,2025-10-30T07:08:41Z,2025-10-19T18:32:56Z,2025-11-06T22:09:18Z,2025-11-20T12:42:19Z
FC-03107,S150,2025-10-30T11:24:26Z,47.0,421.0,42.0,11.3,442.0,1568.0,1,2025-10-30T07:10:40Z,2025-10-29T16:34:02Z,2025-10-30T10:49:03Z,2025-10-26T03:14:56Z,2025-11-07T03:04:02Z,2025-11-12T08:01:53Z
FC-03108,S124,2025-10-30T11:31:36Z,41.0,323.0,57.0,28.87,266.0,1161.0,0,2025-10-30T08:29:57Z,2025-10-29T18:58:09Z,2025-10-30T09:57:37Z,2025-10-16T23:58:30Z,2025-11-07T08:52:19Z,2025-11-20T04:38:04Z
FC-03109,S116,2025-10-30T13:25:40Z,44.0,381.0,66.0,22.93,362.0,1474.0,0,2025-10-30T00:15:41Z,2025-10-29T18:06:26Z,2025-10-30T12:41:03Z,2025-10-19T12:31:30Z,2025-11-07T12:18:28Z,2025-11-08T00:12:30Z
FC-03110,S131,2025-10-30T14:24:01Z,36.0,236.0,39.0,28.14,305.0,1235.0,0,2025-10-29T19:21:33Z,2025-10-30T05:31:53Z,2025-10-30T14:09:21Z,2025-10-22T14:50:54Z,2025-11-07T11:07:01Z,2025-11-09T14:51:25Z
FC-03111,S100,2025-10-30T14:38:32Z,33.0,284.0,42.0,38.55,226.0,1004.0,0,2025-10-29T23:52:05Z,2025-10-29T20:33:23Z,2025-10-30T14:19:19Z,2025-10-26T22:16:13Z,2025-11-06T17:28:51Z,2025-11-22T06:57:07Z
FC-03112,S120,2025-10-30T17:59:37Z,47.0,356.0,59.0,22.47,355.0,1603.0,0,2025-10-29T23:14:22Z,2025-10-30T09:07:25Z,2025-10-30T16:39:37Z,2025-10-28T03:19:39Z,2025-11-07T07:45:34Z,2025-11-06T16:13:31Z
FC-03113,S116,2025-10-30T19:50:43Z,26.0,166.0,20.0,38.51,198.0,702.0,1,2025-10-30T16:13:00Z,2025-10-30T17:18:00Z,2025-10-30T17:54:40Z,2025-10-20T19:36:01Z,2025-11-07T04:58:49Z,2025-11-26T18:44:18Z
FC-03114,S115,2025-10-30T19:58:05Z,26.0,189.0,45.0,37.69,191.0,769.0,0,2025-10-30T11:33:58Z,2025-10-30T15:23:57Z,2025-10-30T18:41:58Z,2025-10-25T16:29:57Z,2025-11-07T12:54:04Z,2025-11-24T03:20:31Z
FC-03115,S121,2025-10-30T20:01:56Z,45.0,305.0,48.0,34.08,274.0,1226.0,0,2025-10-30T02:37:25Z,2025-10-30T11:27:25Z,2025-10-30T19:54:02Z,2025-10-21T05:48:36Z,2025-11-07T09:03:59Z,2025-11-25T02:16:50Z
FC-03116,S107,2025-10-30T20:07:49Z,91.0,637.0,99.0,25.39,596.0,2505.0,0,2025-10-30T02:18:30Z,2025-10-30T07:01:21Z,2025-10-30T19:34:43Z,2025-10-18T23:02:15Z,2025-11-07T18:02:47Z,2025-11-10T15:52:12Z
FC-03117,S109,2025-10-30T22:02:30Z,35.0,268.0,34.0,4.83,266.0,1076.0,1,2025-10-30T11:32:49Z,2025-10-30T05:24:01Z,2025-10-30T21:34:45Z,2025-10-26T17:38:30Z,2025-11-07T17:08:08Z,2025-11-18T22:16:55Z
FC-03118,S145,2025-10-30T22:14:18Z,56.0,424.0,88.0,9.3,387.0,1809.0,0,2025-10-30T18:15:35Z,2025-10-30T17:10:21Z,2025-10-30T20:36:04Z,2025-10-27T04:07:33Z,2025-11-07T01:53:44Z,2025-11-15T08:19:07Z
FC-03119,S137,2025-10-31T00:49:04Z,94.0,768.0,67.0,32.53,660.0,3272.0,1,2025-10-30T19:23:30Z,2025-10-30T07:33:46Z,2025-10-31T00:18:32Z,2025-10-28T00:39:56Z,2025-11-07T23:26:58Z,2025-11-05T10:52:18Z
FC-03120,S113,2025-10-31T00:49:23Z,58.0,397.0,39.0,28.89,432.0,1627.0,1,2025-10-30T10:06:12Z,2025-10-30T09:32:32Z,2025-10-30T23:12:56Z,2025-10-27T19:38:04Z,2025-11-07T09:03:01Z,2025-11-28T04:07:51Z
FC-03121,S147,2025-10-31T00:57:26Z,54.0,349.0,56.0,30.49,276.0,1406.0,0,2025-10-30T08:03:02Z,2025-10-30T18:53:28Z,2025-10-30T23:32:42Z,2025-10-28T00:04:23Z,2025-11-07T09:04:56Z,2025-11-05T02:26:14Z
FC-03122,S147,2025-10-31T01:08:47Z,44.0,292.0,67.0,20.5,311.0,1472.0,0,2025-10-30T06:02:46Z,2025-10-30T15:11:56Z,2025-10-30T23:59:14Z,2025-10-23T09:47:46Z,2025-11-07T04:40:18Z,2025-11-22T00:42:34Z
FC-03123,S148,2025-10-31T02:12:43Z,55.0,402.0,60.0,4.19,455.0,1530.0,0,2025-10-30T07:22:19Z,2025-10-30T08:13:35Z,2025-10-31T01:31:28Z,2025-10-27T04:27:02Z,2025-11-07T15:46:11Z,2025-11-15T18:04:40Z
FC-03124,S134,2025-10-31T02:29:11Z,26.0,164.0,18.0,14.46,166.0,710.0,1,2025-10-30T19:52:03Z,2025-10-30T15:43:01Z,2025-10-31T01:03:55Z,2025-10-29T00:57:14Z,2025-11-07T07:37:36Z,2025-11-09T15:55:47Z
FC-03125,S131,2025-10-31T03:34:36Z,52.0,326.0,57.0,8.77,322.0,1612.0,0,2025-10-30T19:13:33Z,2025-10-30T16:44:34Z,2025-10-31T03:01:37Z,2025-10-23T13:15:33Z,2025-11-07T12:45:38Z,2025-11-27T23:27:33Z
FC-03126,S130,2025-10-31T03:46:48Z,25.0,155.0,31.0,20.4,183.0,718.0,0,2025-10-31T01:41:17Z,2025-10-30T09:22:05Z,2025-10-31T02:24:16Z,2025-10-18T05:23:44Z,2025-11-07T14:54:49Z,2025-11-19T09:02:31Z
FC-03127,S124,2025-10-31T03:51:41Z,18.0,164.0,34.0,17.54,122.0,673.0,0,2025-10-30T21:43:47Z,2025-10-30T19:45:16Z,2025-10-31T02:05:48Z,2025-10-18T18:52:53Z,2025-11-07T19:48:30Z,2025-11-11T18:22:02Z
FC-03128,S108,2025-10-31T04:05:28Z,59.0,377.0,59.0,20.63,461.0,1936.0,1,2025-10-30T11:09:36Z,2025-10-30T14:23:41Z,2025-10-31T02:54:47Z,2025-10-25T17:20:26Z,2025-11-07T14:42:27Z,2025-11-22T13:04:23Z
FC-03129,S145,2025-10-31T04:15:14Z,82.0,580.0,74.0,12.58,511.0,2596.0,1,2025-10-31T00:19:45Z,2025-10-30T10:38:42Z,2025-10-31T03:28:49Z,2025-10-17T09:36:31Z,2025-11-08T02:09:14Z,2025-11-26T19:01:39Z
FC-03130,S101,2025-10-31T04:19:26Z,42.0,326.0,72.0,29.34,335.0,1349.0,0,2025-10-30T17:15:37Z,2025-10-30T16:40:21Z,2025-10-31T03:03:25Z,2025-10-23T08:43:13Z,2025-11-07T11:35:11Z,2025-11-23T02:22:07Z
FC-03131,S109,2025-10-31T04:29:23Z,33.0,209.0,23.0,25.63,228.0,1027.0,1,2025-10-30T10:12:34Z,2025-10-30T11:30:02Z,2025-10-31T04:22:46Z,2025-10-24T04:49:49Z,2025-11-07T18:35:45Z,2025-11-17T12:03:06Z
FC-03132,S156,2025-10-31T05:14:40Z,41.0,293.0,63.0,8.26,207.0,1128.0,0,2025-10-30T16:55:25Z,2025-10-30T17:25:05Z,2025-10-31T04:13:43Z,2025-10-19T09:07:22Z,2025-11-08T01:25:16Z,2025-11-17T16:10:52Z
FC-03133,S153,2025-10-31T06:09:37Z,104.0,837.0,122.0,5.34,723.0,3492.0,0,2025-10-30T23:51:01Z,2025-10-31T03:54:31Z,2025-10-31T04:28:10Z,2025-10-21T17:41:35Z,2025-11-07T08:54:39Z,2025-11-11T21:11:21Z
FC-03134,S155,2025-10-31T07:09:25Z,33.0,297.0,42.0,30.86,280.0,1194.0,0,2025-10-30T11:51:08Z,2025-10-30T13:41:31Z,2025-10-31T06:03:27Z,2025-10-24T14:43:41Z,2025-11-07T18:26:01Z,2025-11-19T09:54:18Z
FC-03135,S109,2025-10-31T07:16:16Z,67.0,577.0,121.0,29.03,589.0,2079.0,0,2025-10-30T17:17:41Z,2025-10-30T12:47:46Z,2025-10-31T07:09:45Z,2025-10-29T12:57:51Z,2025-11-07T10:04:22Z,2025-11-23T08:37:51Z
FC-03136,S159,2025-10-31T07:28:08Z,33.0,210.0,50.0,22.31,187.0,801.0,0,2025-10-30T21:59:11Z,2025-10-30T21:23:14Z,2025-10-31T06:27:39Z,2025-10-24T09:29:42Z,2025-11-07T16:30:45Z,2025-11-07T09:11:13Z
FC-03137,S156,2025-10-31T07:48:34Z,16.0,129.0,17.0,13.21,133.0,621.0,1,2025-10-30T21:09:00Z,2025-10-30T18:26:19Z,2025-10-31T06:30:57Z,2025-10-25T16:59:19Z,2025-11-08T00:28:10Z,2025-11-21T23:27:48Z
FC-03138,S101,2025-10-31T08:49:08Z,27.0,183.0,24.0,7.11,135.0,694.0,0,2025-10-30T19:06:27Z,2025-10-31T01:24:23Z,2025-10-31T08:31:46Z,2025-10-22T14:18:56Z,2025-11-07T09:42:27Z,2025-11-12T10:27:13Z
FC-03139,S109,2025-10-31T10:29:22Z,19.0,155.0,13.0,14.71,138.0,675.0,1,2025-10-30T20:48:53Z,2025-10-30T21:25:07Z,2025-10-31T09:19:26Z,2025-10-26T01:14:41Z,2025-11-07T15:43:47Z,2025-11-24T20:19:43Z
FC-03140,S104,2025-10-31T11:00:15Z,77.0,468.0,130.0,30.65,585.0,2262.0,0,2025-10-30T19:53:11Z,2025-10-30T19:23:29Z,2025-10-31T10:08:33Z,2025-10-25T11:01:52Z,2025-11-08T03:11:14Z,2025-11-29T13:39:27Z
FC-03141,S138,2025-10-31T11:27:04Z,51.0,309.0,69.0,36.48,276.0,1386.0,0,2025-10-31T07:07:00Z,2025-10-30T19:17:19Z,2025-10-31T11:05:49Z,2025-10-24T14:36:48Z,2025-11-08T11:11:09Z,2025-11-28T05:46:47Z
FC-03142,S136,2025-10-31T11:44:01Z,21.0,158.0,29.0,13.66,156.0,652.0,0,2025-10-30T19:26:57Z,2025-10-31T00:30:19Z,2025-10-31T10:13:21Z,2025-10-22T14:51:06Z,2025-11-07T17:34:17Z,2025-11-28T06:29:53Z
FC-03143,S131,2025-10-31T12:00:42Z,15.0,83.0,11.0,7.08,89.0,397.0,1,2025-10-31T09:55:01Z,2025-10-31T09:03:00Z,2025-10-31T11:25:47Z,2025-10-28T10:03:20Z,2025-11-07T14:35:42Z,2025-11-17T00:23:29Z
FC-03144,S115,2025-10-31T12:54:24Z,76.0,647.0,76.0,11.2,641.0,2277.0,1,2025-10-31T10:10:58Z,2025-10-31T08:15:19Z,2025-10-31T12:12:55Z,2025-10-25T10:43:48Z,2025-11-08T11:26:01Z,2025-11-16T20:18:18Z
FC-03145,S143,2025-10-31T13:33:48Z,133.0,704.0,90.0,28.61,771.0,3533.0,1,2025-10-31T09:44:49Z,2025-10-30T19:28:40Z,2025-10-31T12:09:27Z,2025-10-24T04:37:40Z,2025-11-07T23:42:54Z,2025-11-17T12:20:42Z
FC-03146,S158,2025-10-31T13:57:51Z,32.0,263.0,41.0,31.98,235.0,1211.0,0,2025-10-31T05:45:23Z,2025-10-31T09:25:04Z,2025-10-31T12:15:37Z,2025-10-21T21:40:35Z,2025-11-07T18:37:08Z,2025-11-12T12:54:00Z
FC-03147,S105,2025-10-31T14:07:46Z,44.0,309.0,82.0,12.16,300.0,1374.0,0,2025-10-30T23:59:07Z,2025-10-30T18:24:26Z,2025-10-31T13:08:05Z,2025-10-21T19:41:19Z,2025-11-07T21:31:50Z,2025-11-09T19:09:38Z
FC-03148,S157,2025-10-31T15:03:16Z,51.0,405.0,37.0,24.92,345.0,1698.0,1,2025-10-31T01:42:03Z,2025-10-31T11:22:03Z,2025-10-31T13:55:04Z,2025-10-24T01:10:58Z,2025-11-08T01:04:28Z,2025-11-19T03:38:12Z
FC-03149,S103,2025-10-31T15:12:04Z,25.0,164.0,38.0,21.38,226.0,819.0,0,2025-10-31T07:50:49Z,2025-10-31T07:52:10Z,2025-10-31T14:32:17Z,2025-10-25T16:51:14Z,2025-11-07T22:01:29Z,2025-11-06T03:04:40Z
FC-03150,S114,2025-10-31T15:55:52Z,12.0,75.0,22.0,8.86,98.0,346.0,0,2025-10-30T23:06:07Z,2025-10-31T03:10:02Z,2025-10-31T14:56:26Z,2025-10-23T22:53:45Z,2025-11-07T21:18:19Z,2025-11-20T00:55:50Z
FC-03151,S129,2025-10-31T16:12:08Z,57.0,389.0,68.0,10.64,353.0,1615.0,0,2025-10-31T12:08:55Z,2025-10-31T03:51:03Z,2025-10-31T15:47:13Z,2025-10-24T17:19:49Z,2025-11-07T19:14:42Z,2025-11-13T00:48:16Z
FC-03152,S124,2025-10-31T17:16:00Z,62.0,575.0,81.0,19.76,489.0,2417.0,0,2025-10-31T09:12:45Z,2025-10-31T11:27:00Z,2025-10-31T16:10:06Z,2025-10-26T10:01:15Z,2025-11-08T05:27:43Z,2025-11-26T06:26:32Z
FC-03153,S127,2025-10-31T18:46:10Z,23.0,141.0,19.0,18.72,152.0,647.0,1,2025-10-31T16:13:41Z,2025-10-31T09:52:53Z,2025-10-31T17:47:35Z,2025-10-23T09:47:55Z,2025-11-07T18:53:35Z,2025-11-27T21:34:23Z
FC-03154,S155,2025-10-31T18:50:13Z,27.0,215.0,42.0,9.77,182.0,965.0,0,2025-10-30T23:55:12Z,2025-10-31T06:07:57Z,2025-10-31T17:39:17Z,2025-10-23T09:56:57Z,2025-11-08T00:08:16Z,2025-11-25T12:47:04Z
FC-03155,S127,2025-10-31T20:43:56Z,31.0,230.0,26.0,30.42,302.0,1081.0,1,2025-10-31T09:33:54Z,2025-10-31T05:09:37Z,2025-10-31T19:34:00Z,2025-10-29T05:04:49Z,2025-11-08T00:21:48Z,2025-11-08T19:36:52Z
FC-03156,S115,2025-10-31T21:37:01Z,35.0,197.0,32.0,23.23,215.0,893.0,0,2025-10-31T16:05:28Z,2025-10-31T18:51:09Z,2025-10-31T20:24:11Z,2025-10-29T21:02:32Z,2025-11-08T16:07:32Z,2025-11-11T03:53:26Z
FC-03157,S107,2025-10-31T21:59:42Z,26.0,146.0,20.0,14.22,187.0,706.0,1,2025-10-31T10:26:17Z,2025-10-31T16:22:34Z,2025-10-31T20:09:33Z,2025-10-19T22:16:06Z,2025-11-08T01:17:42Z,2025-11-20T11:27:44Z
FC-03158,S139,2025-10-31T22:20:40Z,17.0,121.0,24.0,26.96,120.0,481.0,0,2025-10-31T10:34:15Z,2025-10-31T09:27:02Z,2025-10-31T21:36:00Z,2025-10-19T07:45:16Z,2025-11-08T13:18:41Z,2025-11-27T12:58:17Z
FC-03159,S108,2025-10-31T23:06:57Z,34.0,236.0,42.0,19.96,238.0,1004.0,0,2025-10-31T09:56:10Z,2025-10-31T20:16:11Z,2025-10-31T21:58:01Z,2025-10-25T15:28:56Z,2025-11-08T21:27:32Z,2025-11-15T19:46:56Z
FC-03160,S134,2025-10-31T23:50:08Z,43.0,365.0,37.0,2.45,356.0,1744.0,1,2025-10-31T17:05:51Z,2025-10-31T17:53:06Z,2025-10-31T22:06:15Z,2025-10-30T10:17:04Z,2025-11-08T10:16:57Z,2025-11-29T21:54:23Z
FC-03161,S130,2025-11-01T01:21:32Z,45.0,340.0,51.0,34.27,296.0,1354.0,0,2025-10-31T21:56:05Z,2025-10-31T14:09:53Z,2025-11-01T01:09:44Z,2025-10-18T13:26:32Z,2025-11-08T09:48:47Z,2025-11-23T14:05:29Z
FC-03162,S159,2025-11-01T01:24:44Z,21.0,133.0,32.0,35.07,158.0,598.0,0,2025-10-31T18:56:37Z,2025-10-31T15:56:21Z,2025-11-01T01:17:29Z,2025-10-30T04:26:33Z,2025-11-08T14:42:02Z,2025-11-06T06:31:15Z
FC-03163,S101,2025-11-01T01:54:43Z,31.0,211.0,54.0,23.97,218.0,890.0,0,2025-10-31T20:00:20Z,2025-10-31T21:06:42Z,2025-11-01T01:22:10Z,2025-10-29T23:28:57Z,2025-11-08T20:50:40Z,2025-11-12T21:38:03Z
FC-03164,S142,2025-11-01T02:09:54Z,57.0,467.0,66.0,5.02,411.0,1702.0,0,2025-10-31T17:12:17Z,2025-10-31T18:51:10Z,2025-11-01T00:32:47Z,2025-10-26T08:55:05Z,2025-11-08T22:21:58Z,2025-11-29T20:07:22Z
FC-03165,S123,2025-11-01T02:10:41Z,28.0,230.0,52.0,21.15,211.0,887.0,0,2025-10-31T14:29:35Z,2025-10-31T07:41:21Z,2025-11-01T00:48:59Z,2025-10-18T15:07:22Z,2025-11-08T22:23:06Z,2025-11-13T17:20:45Z
FC-03166,S123,2025-11-01T03:10:56Z,33.0,274.0,30.0,32.18,254.0,1202.0,1,2025-10-31T09:11:08Z,2025-10-31T13:41:31Z,2025-11-01T01:23:42Z,2025-10-23T23:06:27Z,2025-11-08T12:58:29Z,2025-11-12T18:36:48Z
FC-03167,S107,2025-11-01T03:56:50Z,60.0,468.0,60.0,12.18,530.0,2381.0,1,2025-10-31T20:59:36Z,2025-11-01T00:22:51Z,2025-11-01T02:45:13Z,2025-10-20T22:44:24Z,2025-11-09T02:02:17Z,2025-11-21T05:55:42Z
FC-03168,S108,2025-11-01T04:05:19Z,76.0,398.0,77.0,20.45,512.0,1799.0,0,2025-10-31T19:01:02Z,2025-10-31T12:54:24Z,2025-11-01T03:03:23Z,2025-10-24T15:29:20Z,2025-11-08T23:35:45Z,2025-11-09T02:52:34Z
FC-03169,S109,2025-11-01T04:30:08Z,49.0,446.0,100.0,3.07,364.0,1902.0,0,2025-10-31T11:06:38Z,2025-10-31T11:17:15Z,2025-11-01T04:20:01Z,2025-10-29T09:51:31Z,2025-11-08T10:17:46Z,2025-11-28T23:21:34Z
FC-03170,S152,2025-11-01T04:42:38Z,38.0,306.0,66.0,20.6,315.0,1258.0,0,2025-10-31T22:01:35Z,2025-10-31T15:51:54Z,2025-11-01T03:29:55Z,2025-10-27T16:45:36Z,2025-11-09T01:49:46Z,2025-11-19T02:36:36Z
FC-03171,S132,2025-11-01T05:24:30Z,42.0,295.0,66.0,2.91,315.0,1228.0,0,2025-10-31T20:02:21Z,2025-10-31T16:16:59Z,2025-11-01T04:13:22Z,2025-10-25T22:22:41Z,2025-11-08T11:40:50Z,2025-11-28T02:42:01Z
FC-03172,S125,2025-11-01T05:36:12Z,61.0,355.0,47.0,30.86,353.0,1511.0,1,2025-10-31T23:05:43Z,2025-11-01T02:25:27Z,2025-11-01T05:04:38Z,2025-10-21T11:28:23Z,2025-11-08T16:52:48Z,2025-11-11T00:41:05Z
FC-03173,S148,2025-11-01T06:06:12Z,31.0,290.0,55.0,29.38,264.0,1028.0,0,2025-10-31T20:38:04Z,2025-10-31T22:54:20Z,2025-11-01T04:42:04Z,2025-10-19T18:58:02Z,2025-11-09T05:31:07Z,2025-11-17T05:56:36Z
FC-03174,S104,2025-11-01T07:39:30Z,18.0,108.0,30.0,32.51,107.0,488.0,0,2025-10-31T23:53:57Z,2025-10-31T20:14:27Z,2025-11-01T06:28:59Z,2025-10-29T13:27:44Z,2025-11-08T20:49:57Z,2025-11-28T14:40:39Z
FC-03175,S128,2025-11-01T09:57:16Z,60.0,384.0,32.0,12.62,409.0,1580.0,1,2025-10-31T21:45:41Z,2025-10-31T16:43:20Z,2025-11-01T08:47:36Z,2025-10-29T17:32:52Z,2025-11-09T08:16:40Z,2025-11-14T04:09:03Z
FC-03176,S127,2025-11-01T10:24:29Z,53.0,307.0,31.0,15.64,361.0,1282.0,1,2025-10-31T23:55:08Z,2025-11-01T02:12:17Z,2025-11-01T08:30:48Z,2025-10-21T09:18:16Z,2025-11-09T07:59:13Z,2025-11-11T10:11:53Z
FC-03177,S116,2025-11-01T10:33:30Z,33.0,271.0,25.0,25.7,260.0,1219.0,1,2025-10-31T18:28:39Z,2025-11-01T06:53:47Z,2025-11-01T09:50:53Z,2025-10-28T03:04:29Z,2025-11-08T23:27:26Z,2025-11-13T11:28:09Z
FC-03178,S154,2025-11-01T10:59:29Z,91.0,692.0,78.0,21.6,593.0,2961.0,1,2025-10-31T20:36:09Z,2025-10-31T17:13:26Z,2025-11-01T10:21:19Z,2025-10-22T03:16:14Z,2025-11-09T10:14:08Z,2025-11-18T00:52:55Z
FC-03179,S136,2025-11-01T11:54:13Z,55.0,326.0,78.0,25.92,390.0,1480.0,0,2025-11-01T00:02:26Z,2025-11-01T06:49:52Z,2025-11-01T11:16:00Z,2025-10-27T15:56:36Z,2025-11-09T02:19:31Z,2025-11-09T07:28:57Z
FC-03180,S102,2025-11-01T11:55:55Z,42.0,222.0,51.0,30.06,237.0,1112.0,0,2025-11-01T09:43:30Z,2025-10-31T17:24:15Z,2025-11-01T10:58:17Z,2025-10-23T05:26:53Z,2025-11-08T17:15:51Z,2025-12-01T09:18:58Z
FC-03181,S141,2025-11-01T12:14:53Z,37.0,213.0,44.0,14.46,238.0,971.0,0,2025-11-01T05:04:59Z,2025-11-01T05:43:46Z,2025-11-01T10:21:28Z,2025-10-23T11:49:52Z,2025-11-08T14:07:16Z,2025-11-13T16:45:13Z
FC-03182,S126,2025-11-01T13:10:20Z,36.0,266.0,42.0,3.74,321.0,1252.0,0,2025-10-31T21:19:20Z,2025-11-01T08:34:36Z,2025-11-01T12:23:04Z,2025-10-20T08:11:53Z,2025-11-09T00:08:49Z,2025-11-24T07:50:31Z
FC-03183,S103,2025-11-01T13:51:16Z,39.0,281.0,35.0,2.31,322.0,1135.0,0,2025-11-01T05:34:58Z,2025-10-31T18:04:47Z,2025-11-01T11:56:14Z,2025-10-25T23:38:01Z,2025-11-09T03:45:22Z,2025-11-08T06:38:26Z
FC-03184,S115,2025-11-01T15:22:53Z,48.0,360.0,56.0,25.32,513.0,1663.0,0,2025-10-31T21:55:18Z,2025-11-01T08:11:06Z,2025-11-01T14:36:39Z,2025-10-23T21:03:11Z,2025-11-09T04:15:49Z,2025-11-25T23:48:08Z
FC-03185,S130,2025-11-01T17:02:16Z,34.0,312.0,45.0,36.72,279.0,1188.0,0,2025-10-31T22:31:40Z,2025-10-31T23:37:18Z,2025-11-01T15:02:22Z,2025-10-26T05:55:56Z,2025-11-09T01:54:41Z,2025-11-27T14:20:30Z
FC-03186,S105,2025-11-01T17:19:18Z,35.0,260.0,44.0,22.04,250.0,1080.0,0,2025-10-31T21:32:23Z,2025-11-01T08:41:54Z,2025-11-01T15:36:53Z,2025-10-23T03:25:05Z,2025-11-08T23:20:39Z,2025-11-17T05:35:03Z
FC-03187,S131,2025-11-01T18:05:27Z,29.0,247.0,36.0,5.81,230.0,1116.0,0,2025-11-01T05:32:58Z,2025-10-31T22:09:32Z,2025-11-01T17:35:53Z,2025-10-27T08:53:06Z,2025-11-09T04:08:47Z,2025-11-21T21:01:04Z
FC-03188,S117,2025-11-01T18:19:00Z,40.0,266.0,64.0,2.6,272.0,998.0,0,2025-11-01T00:24:43Z,2025-11-01T03:40:27Z,2025-11-01T16:32:51Z,2025-10-24T07:57:58Z,2025-11-09T05:25:03Z,2025-11-13T03:33:33Z
FC-03189,S105,2025-11-01T18:25:53Z,29.0,218.0,55.0,10.5,209.0,1032.0,0,2025-11-01T02:54:31Z,2025-11-01T02:17:27Z,2025-11-01T18:07:13Z,2025-10-28T18:27:59Z,2025-11-09T11:55:19Z,2025-11-27T12:43:47Z
FC-03190,S141,2025-11-01T18:32:14Z,34.0,228.0,32.0,36.45,227.0,876.0,1,2025-11-01T11:43:46Z,2025-11-01T13:04:46Z,2025-11-01T18:01:15Z,2025-10-22T10:06:47Z,2025-11-09T06:37:06Z,2025-11-21T06:12:04Z
FC-03191,S108,2025-11-01T19:12:14Z,31.0,226.0,39.0,7.52,191.0,932.0,0,2025-11-01T03:27:06Z,2025-11-01T08:04:11Z,2025-11-01T19:01:11Z,2025-10-25T18:28:15Z,2025-11-08T22:54:43Z,2025-11-28T07:18:15Z
FC-03192,S123,2025-11-01T19:24:57Z,122.0,858.0,78.0,12.42,823.0,3687.0,1,2025-11-01T03:43:35Z,2025-11-01T05:04:14Z,2025-11-01T18:25:02Z,2025-10-21T07:33:55Z,2025-11-09T08:51:04Z,2025-11-24T23:28:25Z
FC-03193,S136,2025-11-01T19:32:25Z,133.0,783.0,166.0,29.63,845.0,3840.0,0,2025-11-01T10:31:31Z,2025-11-01T05:57:42Z,2025-11-01T17:36:51Z,2025-10-30T14:07:13Z,2025-11-09T17:53:14Z,2025-11-27T01:43:32Z
FC-03194,S135,2025-11-01T20:47:43Z,59.0,391.0,64.0,10.19,400.0,1579.0,0,2025-11-01T00:48:22Z,2025-11-01T13:34:36Z,2025-11-01T18:57:03Z,2025-10-31T17:43:35Z,2025-11-09T09:54:19Z,2025-11-17T04:35:43Z
FC-03195,S100,2025-11-01T22:00:49Z,66.0,467.0,93.0,9.87,428.0,2053.0,0,2025-11-01T15:32:47Z,2025-11-01T02:01:24Z,2025-11-01T21:06:12Z,2025-10-31T19:06:21Z,2025-11-08T22:50:25Z,2025-11-09T12:12:15Z
FC-03196,S132,2025-11-01T22:11:19Z,20.0,154.0,22.0,11.33,159.0,592.0,0,2025-11-01T12:59:06Z,2025-11-01T04:51:33Z,2025-11-01T21:51:15Z,2025-10-31T11:51:53Z,2025-11-09T08:58:17Z,2025-11-24T22:41:47Z
FC-03197,S152,2025-11-01T22:32:08Z,57.0,392.0,45.0,6.92,444.0,1719.0,1,2025-11-01T07:26:27Z,2025-11-01T14:07:24Z,2025-11-01T21:11:09Z,2025-10-20T15:25:01Z,2025-11-08T22:34:00Z,2025-11-29T17:38:57Z
FC-03198,S148,2025-11-01T23:31:30Z,53.0,343.0,28.0,34.1,280.0,1215.0,1,2025-11-01T13:58:55Z,2025-11-01T21:13:27Z,2025-11-01T21:42:41Z,2025-10-24T06:21:32Z,2025-11-09T16:04:13Z,2025-11-16T03:15:01Z
FC-03199,S150,2025-11-01T23:51:14Z,45.0,364.0,33.0,8.23,299.0,1486.0,1,2025-11-01T13:24:27Z,2025-11-01T17:24:51Z,2025-11-01T22:48:15Z,2025-10-23T18:45:40Z,2025-11-09T04:53:10Z,2025-11-15T11:37:23Z
